 
       ==============================================
       |                 P T B                      |
       |                S.Grimme                    |
       |          Universitaet Bonn, MCTC           |
       ==============================================
       Version 3.7, Do 28. Apr 14:28:45 CEST 2022
 
       Cite work conducted with this code as
       S. Grimme, M. Mueller, A. Hansen, unpublished.
 
 filter  1.000000000000000E-004
 ../../../../.atompara                                                                                                                                                                                                                                           
          =========================
          reading ... ../../../../systems/1ooj.xyz
          =========================
 basis read done.
 ncao                  20997
 nsao                  19875
 npr                   55214
 basis setup done. Ndim                 19875
 coreat                   1122
 cncao                    1174
 cnsao                    1174
 cnpr                     7044
 
 nalpha                   3132
 nbeta                    3131
 ntotal                   6263
 nopen                       1
cpu  time for startup and initial S    7.15 s
wall time for startup and initial S    8.00 s
               -----------------------
               |      PTB  model      |
               | SG, MM, AH 2020-2022 |
               -----------------------
 prop :                     1
 PA setup with Mull-Loew partitioning   0.333333 ...
 done.
EEQ done. sum q :   -0.000
    atom   Zeff  qEEQ  mod   srCN   noHCN   CN(EEQ)
    1    7  5.0     0.086   3.815   0.224   3.990
    2    6  4.0    -0.048   4.261   0.221   3.980
    3    6  4.0    -0.071   3.674   0.566   3.008
    4    8  6.0    -0.070   2.326   0.294   1.607
    5    6  4.0    -0.035   3.926   0.239   3.974
    6    8  6.0    -0.056   1.990   0.178   1.986
    7    6  4.0    -0.080   3.699   0.063   3.978
    8    7  5.0    -0.022   3.703   0.390   3.007
    9    6  4.0    -0.018   4.263   0.242   3.991
   10    6  4.0    -0.045   3.531   0.554   3.009
   11    8  6.0    -0.111   1.393   0.283   1.003
   12    6  4.0    -0.051   4.018   0.113   3.983
   13    6  4.0    -0.038   3.810   0.113   3.977
   14    6  4.0    -0.002   2.785   0.585   2.994
   15    8  6.0    -0.099   1.259   0.267   1.001
   16    8  6.0    -0.098   1.206   0.267   1.001
   17    7  5.0    -0.001   3.667   0.387   3.005
   18    6  4.0    -0.018   4.355   0.245   3.994
   19    6  4.0    -0.043   3.776   0.563   3.013
   20    8  6.0    -0.112   1.704   0.286   1.003
   21    6  4.0    -0.051   4.031   0.114   3.984
   22    6  4.0    -0.036   3.855   0.116   3.978
   23    6  4.0     0.001   2.891   0.592   2.995
   24    8  6.0    -0.097   1.280   0.270   1.001
   25    8  6.0    -0.093   1.235   0.270   1.001
   26    7  5.0     0.005   3.997   0.392   3.012
   27    6  4.0    -0.010   4.608   0.247   4.204
   28    6  4.0    -0.073   4.242   0.980   3.251
   29    8  6.0    -0.081   1.845   0.311   1.256
   30    6  4.0    -0.056   4.087   0.113   3.983
   31    6  4.0    -0.042   3.972   0.121   3.983
   32    6  4.0    -0.041   3.106   0.566   2.997
   33    8  6.0    -0.101   1.385   0.287   1.004
   34    7  5.0    -0.049   2.866   0.295   3.002
   35    7  5.0     0.113   4.460   0.820   3.467
   36    6  4.0    -0.023   4.739   0.235   4.194
   37    6  4.0    -0.049   3.800   0.562   3.009
   38    8  6.0    -0.125   1.635   0.289   1.003
   39    6  4.0    -0.041   4.182   0.156   3.977
   40    6  4.0    -0.061   3.837   0.116   3.981
   41    6  4.0    -0.079   3.756   0.062   3.981
   42    6  4.0    -0.091   3.831   0.066   3.989
   43    7  5.0     0.004   3.784   0.389   3.008
   44    6  4.0    -0.019   4.150   0.252   3.995
   45    6  4.0    -0.042   3.568   0.559   3.013
   46    8  6.0    -0.114   1.455   0.283   1.003
   47    6  4.0    -0.079   3.661   0.068   3.985
   48    7  5.0     0.015   3.799   0.391   3.008
   49    6  4.0    -0.022   4.283   0.250   3.996
   50    6  4.0    -0.045   3.572   0.563   3.013
   51    8  6.0    -0.115   1.481   0.289   1.003
   52    6  4.0    -0.053   4.091   0.124   3.989
   53    6  4.0    -0.039   3.893   0.126   3.981
   54    6  4.0    -0.000   2.792   0.594   2.997
   55    8  6.0    -0.094   1.263   0.269   1.001
   56    8  6.0    -0.088   1.217   0.270   1.001
   57    7  5.0     0.015   3.793   0.389   3.007
   58    6  4.0    -0.020   4.385   0.245   3.996
   59    6  4.0    -0.046   3.607   0.567   3.014
   60    8  6.0    -0.122   1.559   0.291   1.003
   61    6  4.0    -0.043   4.131   0.125   3.992
   62    6  4.0    -0.040   3.685   0.297   3.023
   63    6  4.0    -0.067   3.525   0.235   3.031
   64    6  4.0    -0.067   3.467   0.233   3.032
   65    6  4.0    -0.069   3.253   0.234   3.023
   66    6  4.0    -0.069   3.233   0.234   3.023
   67    6  4.0    -0.068   3.263   0.235   3.024
   68    7  5.0     0.009   3.821   0.394   3.010
   69    6  4.0    -0.020   4.311   0.253   3.998
   70    6  4.0    -0.043   3.595   0.569   3.016
   71    8  6.0    -0.115   1.458   0.289   1.003
   72    6  4.0    -0.057   4.063   0.123   3.989
   73    6  4.0    -0.061   3.934   0.123   3.982
   74    6  4.0    -0.061   3.771   0.119   3.981
   75    6  4.0    -0.084   3.722   0.177   3.979
   76    7  5.0     0.078   3.404   0.225   3.987
   77    7  5.0     0.010   3.785   0.394   3.008
   78    6  4.0    -0.021   4.304   0.253   3.998
   79    6  4.0    -0.044   3.584   0.561   3.013
   80    8  6.0    -0.118   1.546   0.284   1.003
   81    6  4.0    -0.054   4.091   0.122   3.988
   82    6  4.0    -0.040   3.887   0.126   3.982
   83    6  4.0    -0.001   2.796   0.596   2.998
   84    8  6.0    -0.094   1.266   0.270   1.001
   85    8  6.0    -0.089   1.217   0.269   1.001
   86    7  5.0     0.012   3.726   0.391   3.012
   87    6  4.0    -0.021   4.161   0.253   3.997
   88    6  4.0    -0.043   3.623   0.568   3.015
   89    8  6.0    -0.114   1.467   0.291   1.003
   90    6  4.0    -0.081   3.662   0.068   3.985
   91    7  5.0     0.009   3.736   0.392   3.007
   92    6  4.0    -0.018   4.301   0.242   3.992
   93    6  4.0    -0.039   3.716   0.563   3.008
   94    8  6.0    -0.115   1.635   0.288   1.003
   95    6  4.0    -0.042   4.155   0.120   3.988
   96    6  4.0    -0.036   3.688   0.286   3.018
   97    6  4.0    -0.064   3.478   0.227   3.026
   98    6  4.0    -0.071   3.467   0.228   3.026
   99    6  4.0    -0.068   3.224   0.228   3.019
  100    6  4.0    -0.070   3.270   0.227   3.019
  101    6  4.0    -0.067   3.225   0.228   3.021
  102    7  5.0     0.011   3.722   0.391   3.006
  103    6  4.0    -0.020   4.238   0.244   3.993
  104    6  4.0    -0.043   3.653   0.563   3.008
  105    8  6.0    -0.094   1.401   0.286   1.003
  106    6  4.0    -0.054   3.771   0.206   3.982
  107    8  6.0    -0.043   1.849   0.191   1.989
  108    7  5.0     0.013   3.812   0.393   3.007
  109    6  4.0    -0.021   4.283   0.242   3.991
  110    6  4.0    -0.042   3.493   0.562   3.008
  111    8  6.0    -0.116   1.474   0.290   1.003
  112    6  4.0    -0.056   4.195   0.111   3.988
  113    6  4.0    -0.038   3.921   0.168   3.976
  114    6  4.0    -0.081   3.590   0.064   3.982
  115    6  4.0    -0.081   3.619   0.064   3.982
  116    7  5.0     0.024   3.725   0.387   3.005
  117    6  4.0    -0.020   4.319   0.242   3.993
  118    6  4.0    -0.045   3.508   0.570   3.009
  119    8  6.0    -0.119   1.485   0.294   1.004
  120    6  4.0    -0.044   4.168   0.123   3.991
  121    6  4.0    -0.042   3.646   0.292   3.023
  122    6  4.0    -0.071   3.456   0.235   3.029
  123    6  4.0    -0.067   3.426   0.233   3.029
  124    6  4.0    -0.073   3.263   0.231   3.021
  125    6  4.0    -0.069   3.218   0.233   3.021
  126    6  4.0    -0.070   3.205   0.228   3.023
  127    7  5.0     0.015   3.627   0.393   3.008
  128    6  4.0    -0.020   4.452   0.240   3.990
  129    6  4.0    -0.042   3.696   0.554   3.005
  130    8  6.0    -0.095   1.552   0.286   1.003
  131    6  4.0    -0.041   4.158   0.120   3.984
  132    6  4.0    -0.038   3.274   0.605   3.040
  133    8  6.0    -0.102   2.108   0.308   1.920
  134    8  6.0    -0.123   1.612   0.269   1.001
  135    7  5.0     0.001   3.665   0.385   3.002
  136    6  4.0    -0.019   4.381   0.242   3.991
  137    6  4.0    -0.042   3.509   0.563   3.010
  138    8  6.0    -0.102   1.382   0.289   1.004
  139    6  4.0    -0.058   4.069   0.121   3.989
  140    6  4.0    -0.059   3.870   0.125   3.983
  141    6  4.0    -0.059   3.952   0.124   3.984
  142    6  4.0    -0.083   3.753   0.182   3.980
  143    7  5.0     0.081   3.470   0.226   3.988
  144    7  5.0     0.009   3.816   0.386   3.002
  145    6  4.0    -0.019   4.368   0.244   3.998
  146    6  4.0    -0.043   3.537   0.568   3.012
  147    8  6.0    -0.096   1.442   0.290   1.003
  148    6  4.0    -0.038   4.132   0.126   3.988
  149    6  4.0    -0.029   3.307   0.606   3.053
  150    8  6.0    -0.135   1.585   0.272   1.012
  151    8  6.0    -0.123   1.732   0.275   1.340
  152    7  5.0     0.005   3.476   0.396   3.002
  153    6  4.0    -0.038   3.970   0.201   3.995
  154    6  4.0    -0.038   3.359   0.566   3.009
  155    8  6.0    -0.095   1.391   0.289   1.004
  156    7  5.0     0.013   3.832   0.387   3.005
  157    6  4.0    -0.017   4.377   0.239   3.997
  158    6  4.0    -0.037   3.638   0.557   3.014
  159    8  6.0    -0.098   1.376   0.285   1.003
  160    6  4.0    -0.042   4.127   0.121   3.985
  161    6  4.0    -0.037   3.393   0.611   3.063
  162    8  6.0    -0.117   2.159   0.323   1.962
  163    8  6.0    -0.124   1.528   0.274   1.001
  164    7  5.0     0.019   3.738   0.393   3.002
  165    6  4.0    -0.041   3.956   0.198   3.997
  166    6  4.0    -0.047   3.319   0.569   3.008
  167    8  6.0    -0.115   1.388   0.292   1.004
  168    7  5.0     0.010   3.852   0.391   3.011
  169    6  4.0    -0.024   4.453   0.235   3.991
  170    6  4.0    -0.078   3.806   0.579   3.029
  171    8  6.0    -0.105   2.141   0.318   1.858
  172    6  4.0    -0.032   3.940   0.231   3.969
  173    8  6.0    -0.066   2.173   0.175   1.986
  174    6  4.0    -0.080   3.662   0.065   3.978
  175    7  5.0    -0.006   3.691   0.400   3.009
  176    6  4.0    -0.022   4.548   0.247   4.003
  177    6  4.0    -0.050   3.563   0.559   3.012
  178    8  6.0    -0.123   1.536   0.288   1.003
  179    6  4.0    -0.034   4.198   0.165   3.982
  180    6  4.0    -0.059   3.889   0.113   3.981
  181    6  4.0    -0.081   3.761   0.067   3.984
  182    6  4.0    -0.082   3.509   0.064   3.977
  183    7  5.0     0.002   3.666   0.390   3.007
  184    6  4.0    -0.021   4.380   0.242   3.994
  185    6  4.0    -0.045   3.604   0.565   3.012
  186    8  6.0    -0.118   1.592   0.286   1.003
  187    6  4.0    -0.035   3.958   0.239   3.976
  188    8  6.0    -0.054   2.074   0.176   1.986
  189    6  4.0    -0.083   3.649   0.066   3.979
  190    7  5.0    -0.007   3.691   0.391   3.007
  191    6  4.0    -0.020   4.358   0.238   3.992
  192    6  4.0    -0.042   3.627   0.567   3.013
  193    8  6.0    -0.123   1.611   0.290   1.003
  194    6  4.0    -0.034   3.928   0.235   3.975
  195    8  6.0    -0.051   2.011   0.175   1.986
  196    6  4.0    -0.083   3.633   0.062   3.977
  197    7  5.0     0.011   3.824   0.392   3.007
  198    6  4.0    -0.021   4.420   0.245   3.996
  199    6  4.0    -0.043   3.597   0.576   3.013
  200    8  6.0    -0.112   1.501   0.294   1.004
  201    6  4.0    -0.058   4.120   0.114   3.984
  202    6  4.0    -0.060   3.836   0.115   3.979
  203    6  4.0    -0.060   3.898   0.118   3.980
  204    6  4.0    -0.085   3.857   0.182   3.980
  205    7  5.0     0.095   3.519   0.229   3.988
  206    7  5.0     0.006   3.782   0.400   3.011
  207    6  4.0    -0.021   4.315   0.253   3.999
  208    6  4.0    -0.041   3.628   0.565   3.012
  209    8  6.0    -0.117   1.552   0.290   1.003
  210    6  4.0    -0.058   4.101   0.121   3.987
  211    6  4.0    -0.051   4.030   0.126   3.983
  212    6  4.0    -0.051   3.350   0.602   3.632
  213    8  6.0    -0.120   1.905   0.280   1.770
  214    8  6.0    -0.108   1.964   0.302   1.905
  215    7  5.0     0.007   3.723   0.389   3.009
  216    6  4.0    -0.021   4.337   0.247   3.996
  217    6  4.0    -0.041   3.736   0.565   3.019
  218    8  6.0    -0.121   1.685   0.289   1.003
  219    6  4.0    -0.057   4.172   0.111   3.987
  220    6  4.0    -0.037   3.875   0.165   3.975
  221    6  4.0    -0.082   3.687   0.062   3.981
  222    6  4.0    -0.083   3.613   0.065   3.983
  223    7  5.0     0.010   3.585   0.392   3.004
  224    6  4.0    -0.041   3.960   0.198   3.998
  225    6  4.0    -0.040   3.480   0.562   3.006
  226    8  6.0    -0.112   1.599   0.286   1.003
  227    7  5.0     0.022   3.662   0.385   3.005
  228    6  4.0    -0.020   4.383   0.238   3.994
  229    6  4.0    -0.041   3.703   0.566   3.012
  230    8  6.0    -0.114   1.498   0.291   1.003
  231    6  4.0    -0.034   3.994   0.246   3.979
  232    8  6.0    -0.049   1.964   0.177   1.986
  233    6  4.0    -0.081   3.627   0.069   3.981
  234    7  5.0     0.010   3.695   0.387   3.004
  235    6  4.0    -0.021   4.428   0.234   3.994
  236    6  4.0    -0.043   3.804   0.570   3.013
  237    8  6.0    -0.124   1.795   0.293   1.004
  238    6  4.0    -0.037   4.075   0.165   3.979
  239    6  4.0    -0.080   3.772   0.066   3.984
  240    6  4.0    -0.082   3.680   0.066   3.984
  241    7  5.0     0.007   3.769   0.393   3.006
  242    6  4.0    -0.020   4.439   0.247   3.997
  243    6  4.0    -0.042   3.649   0.566   3.013
  244    8  6.0    -0.115   1.557   0.289   1.004
  245    6  4.0    -0.055   4.110   0.117   4.012
  246    6  4.0    -0.064   3.568   0.206   3.975
  247   16  6.0    -0.020   2.999   0.305   2.017
  248    6  4.0    -0.087   3.172   0.167   3.976
  249    7  5.0     0.015   3.721   0.390   3.004
  250    6  4.0    -0.021   4.296   0.240   3.994
  251    6  4.0    -0.044   3.636   0.560   3.011
  252    8  6.0    -0.107   1.515   0.288   1.004
  253    6  4.0    -0.055   4.026   0.112   3.982
  254    6  4.0    -0.058   3.856   0.116   3.978
  255    6  4.0    -0.059   3.872   0.192   3.987
  256    7  5.0    -0.009   3.319   0.390   3.017
  257    6  4.0    -0.078   3.344   0.667   3.005
  258    7  5.0    -0.056   3.052   0.297   3.017
  259    7  5.0    -0.060   2.956   0.301   3.018
  260    7  5.0     0.010   3.780   0.387   3.005
  261    6  4.0    -0.019   4.231   0.241   3.995
  262    6  4.0    -0.043   3.598   0.560   3.008
  263    8  6.0    -0.104   1.357   0.289   1.003
  264    6  4.0    -0.053   3.736   0.200   3.979
  265    8  6.0    -0.052   1.938   0.187   1.988
  266    7  5.0     0.011   3.885   0.382   3.004
  267    6  4.0    -0.021   4.312   0.242   3.990
  268    6  4.0    -0.044   3.505   0.566   3.016
  269    8  6.0    -0.096   1.472   0.288   1.003
  270    6  4.0    -0.054   4.241   0.115   3.993
  271    6  4.0    -0.037   3.840   0.176   3.978
  272    6  4.0    -0.081   3.747   0.068   3.984
  273    6  4.0    -0.082   3.600   0.066   3.986
  274    7  5.0     0.012   3.523   0.399   3.003
  275    6  4.0    -0.039   3.931   0.203   3.999
  276    6  4.0    -0.041   3.290   0.570   3.006
  277    8  6.0    -0.097   1.359   0.293   1.004
  278    7  5.0     0.046   3.728   0.385   3.005
  279    6  4.0    -0.020   4.373   0.241   3.993
  280    6  4.0    -0.045   3.488   0.567   3.018
  281    8  6.0    -0.114   1.569   0.288   1.004
  282    6  4.0    -0.055   4.085   0.115   3.984
  283    6  4.0    -0.042   3.921   0.121   3.983
  284    6  4.0    -0.038   3.158   0.561   2.997
  285    8  6.0    -0.089   1.303   0.284   1.003
  286    7  5.0    -0.047   2.954   0.294   3.002
  287    7  5.0    -0.003   3.511   0.400   3.007
  288    6  4.0    -0.017   4.591   0.255   4.004
  289    6  4.0    -0.050   3.675   0.555   3.013
  290    8  6.0    -0.098   1.468   0.284   1.003
  291    6  4.0    -0.035   4.143   0.121   3.990
  292    6  4.0    -0.037   3.086   0.569   2.997
  293    8  6.0    -0.097   1.267   0.293   1.004
  294    7  5.0    -0.039   3.066   0.292   3.002
  295    7  5.0     0.063   3.912   0.467   3.035
  296    6  4.0    -0.020   4.568   0.239   4.028
  297    6  4.0    -0.043   3.539   0.542   3.004
  298    8  6.0    -0.103   1.416   0.276   1.002
  299    6  4.0    -0.054   4.120   0.123   4.026
  300    6  4.0    -0.057   4.033   0.130   4.025
  301    6  4.0    -0.062   4.187   0.191   4.024
  302    7  5.0     0.026   3.653   0.385   3.008
  303    6  4.0    -0.022   4.358   0.239   3.991
  304    6  4.0    -0.040   3.661   0.562   3.019
  305    8  6.0    -0.112   1.660   0.288   1.003
  306    6  4.0    -0.034   3.986   0.245   3.979
  307    8  6.0    -0.052   2.092   0.178   1.987
  308    6  4.0    -0.082   3.616   0.069   3.980
  309    7  5.0    -0.002   3.594   0.389   3.005
  310    6  4.0    -0.018   4.318   0.242   3.994
  311    6  4.0    -0.042   3.572   0.560   3.008
  312    8  6.0    -0.112   1.474   0.288   1.003
  313    6  4.0    -0.054   4.031   0.116   3.984
  314    6  4.0    -0.041   3.811   0.120   3.979
  315    6  4.0    -0.008   2.874   0.594   2.996
  316    8  6.0    -0.110   1.265   0.268   1.001
  317    8  6.0    -0.115   1.303   0.273   1.001
  318    7  5.0     0.005   3.653   0.388   3.006
  319    6  4.0    -0.021   4.102   0.242   3.990
  320    6  4.0    -0.040   3.560   0.570   3.010
  321    8  6.0    -0.100   1.451   0.295   1.004
  322    6  4.0    -0.081   3.622   0.063   3.982
  323    7  5.0     0.012   3.711   0.392   3.006
  324    6  4.0    -0.022   4.293   0.246   3.996
  325    6  4.0    -0.043   3.582   0.569   3.010
  326    8  6.0    -0.118   1.584   0.294   1.004
  327    6  4.0    -0.056   4.102   0.120   3.986
  328    6  4.0    -0.042   3.862   0.124   3.982
  329    6  4.0    -0.005   2.801   0.603   2.997
  330    8  6.0    -0.096   1.224   0.274   1.001
  331    8  6.0    -0.114   1.491   0.273   1.001
  332    7  5.0     0.008   3.690   0.389   3.005
  333    6  4.0    -0.021   4.341   0.247   3.995
  334    6  4.0    -0.044   3.613   0.564   3.015
  335    8  6.0    -0.122   1.485   0.286   1.003
  336    6  4.0    -0.056   4.228   0.118   3.994
  337    6  4.0    -0.038   3.838   0.165   3.975
  338    6  4.0    -0.082   3.620   0.062   3.982
  339    6  4.0    -0.082   3.684   0.060   3.981
  340    7  5.0     0.007   3.713   0.395   3.007
  341    6  4.0    -0.018   4.365   0.247   3.997
  342    6  4.0    -0.044   3.601   0.564   3.008
  343    8  6.0    -0.109   1.590   0.290   1.003
  344    6  4.0    -0.052   4.051   0.118   3.985
  345    6  4.0    -0.039   3.924   0.122   3.984
  346    6  4.0    -0.042   3.099   0.570   2.997
  347    8  6.0    -0.107   1.317   0.293   1.004
  348    7  5.0    -0.046   2.905   0.295   3.002
  349    7  5.0     0.026   3.706   0.383   3.004
  350    6  4.0    -0.018   4.329   0.238   3.992
  351    6  4.0    -0.043   3.566   0.560   3.012
  352    8  6.0    -0.106   1.447   0.285   1.003
  353    6  4.0    -0.038   4.035   0.118   3.984
  354    6  4.0     0.001   2.822   0.595   2.996
  355    8  6.0    -0.092   1.216   0.270   1.001
  356    8  6.0    -0.094   1.302   0.270   1.001
  357    7  5.0     0.011   3.735   0.388   3.006
  358    6  4.0    -0.020   4.302   0.243   3.994
  359    6  4.0    -0.040   3.579   0.563   3.010
  360    8  6.0    -0.102   1.517   0.291   1.003
  361    6  4.0    -0.054   4.117   0.118   4.015
  362    6  4.0    -0.063   3.611   0.223   3.978
  363   16  6.0    -0.018   2.842   0.321   2.023
  364    6  4.0    -0.086   3.176   0.169   3.976
  365    7  5.0     0.007   3.677   0.386   3.004
  366    6  4.0    -0.020   4.469   0.233   3.993
  367    6  4.0    -0.044   3.740   0.559   3.010
  368    8  6.0    -0.123   1.668   0.286   1.003
  369    6  4.0    -0.036   4.176   0.158   3.978
  370    6  4.0    -0.059   3.866   0.119   3.980
  371    6  4.0    -0.078   3.827   0.065   3.981
  372    6  4.0    -0.082   3.535   0.068   3.978
  373    7  5.0     0.019   3.737   0.391   3.005
  374    6  4.0    -0.016   4.335   0.245   3.993
  375    6  4.0    -0.043   3.584   0.577   3.010
  376    8  6.0    -0.091   1.433   0.299   1.005
  377    6  4.0    -0.039   4.072   0.113   3.986
  378    6  4.0    -0.038   3.103   0.562   2.995
  379    8  6.0    -0.106   1.419   0.288   1.003
  380    7  5.0    -0.043   2.863   0.296   3.002
  381    7  5.0     0.014   3.702   0.392   3.005
  382    6  4.0    -0.020   4.255   0.240   3.993
  383    6  4.0    -0.042   3.585   0.557   3.006
  384    8  6.0    -0.103   1.365   0.288   1.003
  385    6  4.0    -0.052   4.055   0.116   3.984
  386    6  4.0    -0.036   4.022   0.121   3.980
  387    6  4.0    -0.003   2.837   0.591   2.996
  388    8  6.0    -0.099   1.272   0.268   1.001
  389    8  6.0    -0.101   1.288   0.267   1.001
  390    7  5.0     0.013   3.782   0.386   3.002
  391    6  4.0    -0.021   4.412   0.234   3.993
  392    6  4.0    -0.045   3.529   0.556   3.008
  393    8  6.0    -0.111   1.452   0.285   1.003
  394    6  4.0    -0.036   4.083   0.168   3.980
  395    6  4.0    -0.079   3.738   0.068   3.984
  396    6  4.0    -0.081   3.701   0.066   3.983
  397    7  5.0     0.017   3.601   0.387   3.005
  398    6  4.0    -0.018   4.420   0.240   3.994
  399    6  4.0    -0.038   3.639   0.569   3.005
  400    8  6.0    -0.088   1.444   0.294   1.004
  401    6  4.0    -0.040   4.159   0.119   3.984
  402    6  4.0    -0.034   3.262   0.604   3.024
  403    8  6.0    -0.091   1.990   0.286   1.794
  404    8  6.0    -0.114   1.481   0.275   1.002
  405    7  5.0     0.012   3.569   0.392   3.005
  406    6  4.0    -0.020   4.103   0.244   3.989
  407    6  4.0    -0.044   3.539   0.556   3.009
  408    8  6.0    -0.097   1.396   0.285   1.003
  409    6  4.0    -0.081   3.664   0.063   3.983
  410    7  5.0    -0.000   3.768   0.386   3.002
  411    6  4.0    -0.016   4.374   0.244   3.998
  412    6  4.0    -0.040   3.601   0.568   3.011
  413    8  6.0    -0.095   1.430   0.289   1.003
  414    6  4.0    -0.038   4.075   0.122   3.985
  415    6  4.0    -0.032   3.226   0.610   3.008
  416    8  6.0    -0.096   1.969   0.284   1.645
  417    8  6.0    -0.117   1.426   0.276   1.002
  418    7  5.0     0.020   3.517   0.397   3.002
  419    6  4.0    -0.039   3.938   0.200   3.994
  420    6  4.0    -0.040   3.382   0.570   3.007
  421    8  6.0    -0.097   1.386   0.292   1.004
  422    7  5.0     0.015   3.834   0.389   3.005
  423    6  4.0    -0.017   4.402   0.241   3.997
  424    6  4.0    -0.041   3.629   0.560   3.012
  425    8  6.0    -0.104   1.418   0.288   1.003
  426    6  4.0    -0.042   4.186   0.124   3.990
  427    6  4.0    -0.063   3.673   0.579   3.332
  428    8  6.0    -0.094   2.180   0.311   1.832
  429    7  5.0    -0.091   3.346   0.300   3.231
  430    7  5.0     0.013   3.529   0.390   3.000
  431    6  4.0    -0.040   3.918   0.195   3.995
  432    6  4.0    -0.045   3.230   0.564   3.005
  433    8  6.0    -0.115   1.375   0.288   1.004
  434    7  5.0     0.007   3.743   0.389   3.004
  435    6  4.0    -0.023   4.481   0.239   3.995
  436    6  4.0    -0.080   3.764   0.566   3.032
  437    8  6.0    -0.098   2.112   0.316   1.889
  438    6  4.0    -0.033   4.040   0.245   3.979
  439    8  6.0    -0.060   2.107   0.178   1.986
  440    6  4.0    -0.080   3.627   0.066   3.979
  441    7  5.0    -0.021   3.639   0.386   3.003
  442    6  4.0    -0.023   4.522   0.232   3.990
  443    6  4.0    -0.051   3.677   0.564   3.015
  444    8  6.0    -0.122   1.630   0.292   1.004
  445    6  4.0    -0.033   4.191   0.157   3.980
  446    6  4.0    -0.060   3.860   0.118   3.981
  447    6  4.0    -0.080   3.793   0.062   3.980
  448    6  4.0    -0.084   3.523   0.066   3.978
  449    7  5.0     0.005   3.705   0.387   3.005
  450    6  4.0    -0.017   4.331   0.236   3.996
  451    6  4.0    -0.037   3.669   0.552   3.014
  452    8  6.0    -0.113   1.654   0.280   1.003
  453    6  4.0    -0.041   4.034   0.118   3.981
  454    6  4.0    -0.010   3.037   0.597   2.996
  455    8  6.0    -0.118   1.779   0.270   1.001
  456    8  6.0    -0.112   1.389   0.272   1.001
  457    7  5.0     0.000   3.553   0.391   3.003
  458    6  4.0    -0.017   4.421   0.247   3.998
  459    6  4.0    -0.043   3.855   0.560   3.018
  460    8  6.0    -0.118   1.899   0.293   1.006
  461    6  4.0    -0.042   4.132   0.123   3.989
  462    6  4.0    -0.036   3.700   0.289   3.019
  463    6  4.0    -0.066   3.474   0.227   3.027
  464    6  4.0    -0.068   3.393   0.226   3.026
  465    6  4.0    -0.071   3.232   0.227   3.019
  466    6  4.0    -0.073   3.220   0.226   3.019
  467    6  4.0    -0.073   3.253   0.229   3.020
  468    7  5.0     0.058   4.035   0.465   3.035
  469    6  4.0    -0.019   4.592   0.241   4.043
  470    6  4.0    -0.044   3.542   0.555   3.005
  471    8  6.0    -0.123   1.621   0.287   1.003
  472    6  4.0    -0.054   4.135   0.127   4.036
  473    6  4.0    -0.057   3.969   0.133   4.031
  474    6  4.0    -0.061   4.225   0.190   4.032
  475    7  5.0     0.014   3.820   0.384   3.007
  476    6  4.0    -0.022   4.286   0.246   3.996
  477    6  4.0    -0.043   3.583   0.564   3.017
  478    8  6.0    -0.114   1.451   0.282   1.003
  479    6  4.0    -0.055   4.153   0.125   3.990
  480    6  4.0    -0.048   4.074   0.134   3.984
  481    6  4.0    -0.043   3.346   0.604   3.446
  482    8  6.0    -0.110   1.929   0.281   1.710
  483    8  6.0    -0.116   1.808   0.277   1.514
  484    7  5.0     0.005   3.746   0.398   3.010
  485    6  4.0    -0.019   4.346   0.249   3.998
  486    6  4.0    -0.038   3.696   0.559   3.009
  487    8  6.0    -0.117   1.638   0.286   1.003
  488    6  4.0    -0.043   4.186   0.126   3.992
  489    6  4.0    -0.041   3.728   0.290   3.021
  490    6  4.0    -0.071   3.430   0.226   3.027
  491    6  4.0    -0.069   3.493   0.232   3.027
  492    6  4.0    -0.071   3.233   0.228   3.020
  493    6  4.0    -0.072   3.322   0.232   3.021
  494    6  4.0    -0.070   3.266   0.232   3.022
  495    7  5.0     0.012   3.736   0.388   3.006
  496    6  4.0    -0.022   4.316   0.244   3.990
  497    6  4.0    -0.042   3.702   0.561   3.010
  498    8  6.0    -0.116   1.589   0.285   1.003
  499    6  4.0    -0.056   4.257   0.116   3.992
  500    6  4.0    -0.036   3.897   0.173   3.977
  501    6  4.0    -0.082   3.704   0.065   3.983
  502    6  4.0    -0.083   3.585   0.066   3.984
  503    7  5.0     0.006   3.724   0.395   3.006
  504    6  4.0    -0.020   4.394   0.246   3.995
  505    6  4.0    -0.044   3.688   0.562   3.010
  506    8  6.0    -0.117   1.439   0.288   1.003
  507    6  4.0    -0.032   3.986   0.244   3.979
  508    8  6.0    -0.054   1.990   0.179   1.987
  509    6  4.0    -0.078   3.647   0.063   3.978
  510    7  5.0     0.017   3.727   0.391   3.006
  511    6  4.0    -0.021   4.325   0.244   3.992
  512    6  4.0    -0.041   3.768   0.561   3.008
  513    8  6.0    -0.115   1.567   0.287   1.003
  514    6  4.0    -0.055   4.124   0.116   4.005
  515    6  4.0    -0.058   3.575   0.210   3.975
  516   16  6.0    -0.012   3.305   0.291   2.008
  517    6  4.0    -0.085   3.195   0.150   3.973
  518    7  5.0     0.012   3.888   0.392   3.006
  519    6  4.0    -0.021   4.451   0.246   3.994
  520    6  4.0    -0.043   3.591   0.566   3.012
  521    8  6.0    -0.115   1.501   0.288   1.003
  522    6  4.0    -0.054   4.124   0.118   4.017
  523    6  4.0    -0.061   3.627   0.217   3.977
  524   16  6.0    -0.017   3.215   0.310   2.022
  525    6  4.0    -0.086   3.149   0.163   3.975
  526    7  5.0     0.016   3.701   0.395   3.009
  527    6  4.0    -0.021   4.138   0.253   3.995
  528    6  4.0    -0.042   3.622   0.561   3.014
  529    8  6.0    -0.113   1.509   0.288   1.003
  530    6  4.0    -0.081   3.662   0.067   3.984
  531    7  5.0     0.006   3.640   0.390   3.006
  532    6  4.0    -0.020   4.274   0.246   3.996
  533    6  4.0    -0.041   3.708   0.564   3.010
  534    8  6.0    -0.103   1.491   0.289   1.003
  535    6  4.0    -0.056   4.245   0.113   3.983
  536    6  4.0    -0.056   3.895   0.111   3.977
  537    6  4.0    -0.059   3.837   0.189   3.984
  538    7  5.0    -0.011   3.326   0.389   3.016
  539    6  4.0    -0.079   3.396   0.663   3.005
  540    7  5.0    -0.060   3.218   0.298   3.017
  541    7  5.0    -0.065   2.930   0.297   3.017
  542    7  5.0     0.014   3.683   0.390   3.005
  543    6  4.0    -0.021   4.239   0.242   3.991
  544    6  4.0    -0.042   3.635   0.560   3.009
  545    8  6.0    -0.120   1.618   0.285   1.003
  546    6  4.0    -0.057   4.057   0.117   3.987
  547    6  4.0    -0.058   3.947   0.119   3.980
  548    6  4.0    -0.062   3.808   0.120   3.982
  549    6  4.0    -0.084   3.710   0.178   3.979
  550    7  5.0     0.076   3.488   0.225   3.988
  551    7  5.0     0.009   3.666   0.393   3.005
  552    6  4.0    -0.021   4.309   0.247   3.997
  553    6  4.0    -0.042   3.651   0.564   3.010
  554    8  6.0    -0.108   1.640   0.290   1.003
  555    6  4.0    -0.052   4.171   0.124   4.037
  556    6  4.0    -0.060   3.632   0.229   3.980
  557   16  6.0    -0.010   2.809   0.309   2.040
  558    6  4.0    -0.086   3.201   0.154   3.974
  559    7  5.0     0.013   3.673   0.391   3.006
  560    6  4.0    -0.021   4.276   0.247   3.996
  561    6  4.0    -0.042   3.633   0.566   3.013
  562    8  6.0    -0.119   1.658   0.289   1.003
  563    6  4.0    -0.058   4.040   0.120   3.986
  564    6  4.0    -0.060   3.818   0.119   3.980
  565    6  4.0    -0.061   3.742   0.114   3.979
  566    6  4.0    -0.084   3.673   0.168   3.976
  567    7  5.0     0.074   3.384   0.219   3.986
  568    7  5.0     0.021   3.746   0.392   3.006
  569    6  4.0    -0.018   4.303   0.245   3.996
  570    6  4.0    -0.043   3.560   0.562   3.008
  571    8  6.0    -0.115   1.580   0.287   1.003
  572    6  4.0    -0.039   4.005   0.117   3.983
  573    6  4.0    -0.003   2.833   0.596   2.996
  574    8  6.0    -0.096   1.308   0.273   1.001
  575    8  6.0    -0.095   1.224   0.270   1.001
  576    7  5.0     0.016   3.718   0.390   3.005
  577    6  4.0    -0.020   4.360   0.234   3.991
  578    6  4.0    -0.044   3.675   0.561   3.010
  579    8  6.0    -0.112   1.426   0.287   1.003
  580    6  4.0    -0.033   3.966   0.239   3.974
  581    8  6.0    -0.055   1.959   0.177   1.986
  582    6  4.0    -0.078   3.640   0.066   3.979
  583    7  5.0     0.026   3.747   0.388   3.004
  584    6  4.0    -0.018   4.312   0.240   3.992
  585    6  4.0    -0.043   3.581   0.564   3.010
  586    8  6.0    -0.112   1.565   0.291   1.003
  587    6  4.0    -0.038   4.012   0.115   3.983
  588    6  4.0    -0.000   2.838   0.593   2.995
  589    8  6.0    -0.097   1.288   0.270   1.001
  590    8  6.0    -0.097   1.222   0.270   1.001
  591    7  5.0     0.013   3.718   0.391   3.008
  592    6  4.0    -0.021   4.244   0.247   3.996
  593    6  4.0    -0.041   3.693   0.567   3.015
  594    8  6.0    -0.115   1.588   0.287   1.003
  595    6  4.0    -0.055   3.780   0.200   3.981
  596    8  6.0    -0.048   1.814   0.185   1.988
  597    7  5.0     0.013   3.735   0.398   3.009
  598    6  4.0    -0.018   4.306   0.248   3.994
  599    6  4.0    -0.041   3.657   0.560   3.010
  600    8  6.0    -0.115   1.489   0.287   1.003
  601    6  4.0    -0.052   4.096   0.118   3.985
  602    6  4.0    -0.039   3.843   0.119   3.979
  603    6  4.0    -0.004   2.822   0.590   2.995
  604    8  6.0    -0.099   1.265   0.269   1.001
  605    8  6.0    -0.117   1.439   0.269   1.001
  606    7  5.0     0.014   3.665   0.389   3.003
  607    6  4.0    -0.018   4.393   0.244   3.995
  608    6  4.0    -0.041   3.658   0.573   3.013
  609    8  6.0    -0.118   1.744   0.295   1.004
  610    6  4.0    -0.051   4.089   0.116   3.985
  611    6  4.0    -0.037   3.887   0.119   3.979
  612    6  4.0    -0.001   2.868   0.591   2.996
  613    8  6.0    -0.101   1.256   0.269   1.001
  614    8  6.0    -0.105   1.357   0.269   1.001
  615    7  5.0     0.015   3.772   0.397   3.007
  616    6  4.0    -0.021   4.321   0.249   3.999
  617    6  4.0    -0.043   3.578   0.564   3.011
  618    8  6.0    -0.113   1.495   0.290   1.004
  619    6  4.0    -0.053   4.081   0.123   3.988
  620    6  4.0    -0.039   3.917   0.129   3.984
  621    6  4.0    -0.000   2.809   0.602   2.998
  622    8  6.0    -0.094   1.267   0.273   1.001
  623    8  6.0    -0.088   1.224   0.271   1.001
  624    7  5.0     0.007   3.763   0.391   3.007
  625    6  4.0    -0.021   4.460   0.242   4.000
  626    6  4.0    -0.044   3.706   0.560   3.014
  627    8  6.0    -0.121   1.494   0.283   1.003
  628    6  4.0    -0.036   4.188   0.162   3.982
  629    6  4.0    -0.059   3.868   0.117   3.982
  630    6  4.0    -0.079   3.750   0.062   3.981
  631    6  4.0    -0.081   3.437   0.065   3.977
  632    7  5.0     0.008   3.763   0.391   3.006
  633    6  4.0    -0.021   4.261   0.244   3.993
  634    6  4.0    -0.043   3.526   0.565   3.009
  635    8  6.0    -0.115   1.484   0.292   1.004
  636    6  4.0    -0.057   4.000   0.115   3.984
  637    6  4.0    -0.060   3.904   0.118   3.980
  638    6  4.0    -0.059   3.863   0.192   3.986
  639    7  5.0    -0.006   3.302   0.389   3.017
  640    6  4.0    -0.080   3.291   0.664   3.005
  641    7  5.0    -0.056   3.017   0.301   3.017
  642    7  5.0    -0.059   2.940   0.295   3.017
  643    7  5.0     0.015   3.769   0.389   3.007
  644    6  4.0    -0.022   4.291   0.245   3.996
  645    6  4.0    -0.043   3.558   0.563   3.010
  646    8  6.0    -0.115   1.472   0.288   1.003
  647    6  4.0    -0.054   4.071   0.120   3.985
  648    6  4.0    -0.041   3.952   0.122   3.981
  649    6  4.0    -0.002   2.788   0.601   2.996
  650    8  6.0    -0.095   1.272   0.272   1.001
  651    8  6.0    -0.092   1.225   0.273   1.001
  652    7  5.0     0.013   3.675   0.389   3.008
  653    6  4.0    -0.021   4.098   0.244   3.990
  654    6  4.0    -0.042   3.612   0.558   3.012
  655    8  6.0    -0.112   1.529   0.285   1.003
  656    6  4.0    -0.081   3.627   0.062   3.981
  657    7  5.0     0.009   3.664   0.391   3.006
  658    6  4.0    -0.018   4.309   0.243   3.994
  659    6  4.0    -0.037   3.759   0.560   3.013
  660    8  6.0    -0.112   1.614   0.286   1.003
  661    6  4.0    -0.042   4.125   0.121   3.989
  662    6  4.0    -0.038   3.687   0.290   3.020
  663    6  4.0    -0.070   3.496   0.230   3.030
  664    6  4.0    -0.065   3.461   0.232   3.028
  665    6  4.0    -0.070   3.326   0.237   3.021
  666    6  4.0    -0.066   3.229   0.229   3.022
  667    6  4.0    -0.066   3.255   0.235   3.024
  668    7  5.0     0.013   3.705   0.392   3.004
  669    6  4.0    -0.020   4.271   0.242   3.995
  670    6  4.0    -0.042   3.569   0.569   3.008
  671    8  6.0    -0.095   1.415   0.295   1.004
  672    6  4.0    -0.056   4.073   0.116   3.985
  673    6  4.0    -0.058   3.852   0.121   3.981
  674    6  4.0    -0.058   3.910   0.199   3.990
  675    7  5.0    -0.007   3.353   0.396   3.021
  676    6  4.0    -0.079   3.344   0.677   3.007
  677    7  5.0    -0.054   3.063   0.304   3.021
  678    7  5.0    -0.051   2.978   0.302   3.019
  679    7  5.0     0.017   3.717   0.391   3.004
  680    6  4.0    -0.021   4.394   0.230   3.992
  681    6  4.0    -0.042   3.621   0.551   3.006
  682    8  6.0    -0.108   1.392   0.283   1.003
  683    6  4.0    -0.036   4.004   0.157   3.975
  684    6  4.0    -0.080   3.661   0.060   3.980
  685    6  4.0    -0.082   3.628   0.062   3.980
  686    7  5.0     0.018   3.711   0.385   3.003
  687    6  4.0    -0.019   4.333   0.241   3.995
  688    6  4.0    -0.047   3.533   0.555   3.009
  689    8  6.0    -0.122   1.494   0.281   1.003
  690    6  4.0    -0.044   4.125   0.125   3.990
  691    6  4.0    -0.042   3.666   0.294   3.025
  692    6  4.0    -0.071   3.454   0.235   3.030
  693    6  4.0    -0.067   3.451   0.236   3.030
  694    6  4.0    -0.071   3.275   0.236   3.023
  695    6  4.0    -0.068   3.229   0.237   3.023
  696    6  4.0    -0.069   3.226   0.233   3.026
  697    7  5.0     0.017   3.633   0.386   3.005
  698    6  4.0    -0.020   4.395   0.235   3.990
  699    6  4.0    -0.042   3.651   0.548   3.002
  700    8  6.0    -0.104   1.851   0.282   1.003
  701    6  4.0    -0.039   4.111   0.120   3.983
  702    6  4.0    -0.031   3.195   0.609   3.000
  703    8  6.0    -0.119   1.585   0.275   1.001
  704    8  6.0    -0.096   2.006   0.293   1.802
  705    7  5.0     0.009   3.579   0.383   3.002
  706    6  4.0    -0.021   4.271   0.238   3.987
  707    6  4.0    -0.042   3.762   0.566   3.009
  708    8  6.0    -0.101   1.423   0.292   1.004
  709    6  4.0    -0.058   4.103   0.112   3.983
  710    6  4.0    -0.057   3.894   0.118   3.980
  711    6  4.0    -0.060   3.815   0.119   3.980
  712    6  4.0    -0.083   3.688   0.170   3.977
  713    7  5.0     0.081   3.394   0.219   3.986
  714    7  5.0    -0.009   3.875   0.387   3.003
  715    6  4.0    -0.018   4.379   0.239   3.996
  716    6  4.0    -0.041   3.694   0.562   3.007
  717    8  6.0    -0.095   1.479   0.288   1.003
  718    6  4.0    -0.041   4.128   0.121   3.984
  719    6  4.0    -0.032   3.420   0.599   3.243
  720    8  6.0    -0.093   2.084   0.279   1.634
  721    8  6.0    -0.137   1.641   0.270   1.128
  722    7  5.0     0.013   3.622   0.394   3.001
  723    6  4.0    -0.039   3.976   0.199   3.992
  724    6  4.0    -0.039   3.403   0.570   3.015
  725    8  6.0    -0.098   1.397   0.288   1.005
  726    7  5.0     0.016   3.891   0.400   3.006
  727    6  4.0    -0.017   4.424   0.243   4.002
  728    6  4.0    -0.041   3.549   0.556   3.006
  729    8  6.0    -0.098   1.395   0.289   1.003
  730    6  4.0    -0.040   4.188   0.122   3.988
  731    6  4.0    -0.065   3.613   0.584   3.147
  732    8  6.0    -0.097   2.171   0.327   1.908
  733    7  5.0    -0.098   3.109   0.297   3.006
  734    7  5.0     0.010   3.577   0.386   2.999
  735    6  4.0    -0.039   3.932   0.194   3.994
  736    6  4.0    -0.042   3.261   0.561   3.005
  737    8  6.0    -0.108   1.366   0.284   1.003
  738    7  5.0     0.018   3.774   0.391   3.008
  739    6  4.0    -0.024   4.444   0.248   3.995
  740    6  4.0    -0.079   3.811   0.590   3.047
  741    8  6.0    -0.114   2.196   0.350   1.960
  742    6  4.0    -0.040   4.284   0.127   3.994
  743    6  4.0    -0.034   3.689   0.293   3.022
  744    6  4.0    -0.064   3.464   0.229   3.028
  745    6  4.0    -0.061   3.431   0.232   3.028
  746    6  4.0    -0.063   3.386   0.231   3.020
  747    6  4.0    -0.061   3.210   0.228   3.020
  748    6  4.0    -0.061   3.201   0.229   3.022
  749    7  5.0    -0.006   3.732   0.398   3.011
  750    6  4.0    -0.021   4.539   0.240   4.003
  751    6  4.0    -0.049   3.605   0.553   3.014
  752    8  6.0    -0.126   1.683   0.282   1.003
  753    6  4.0    -0.034   4.189   0.166   3.981
  754    6  4.0    -0.058   3.912   0.120   3.983
  755    6  4.0    -0.081   3.750   0.066   3.984
  756    6  4.0    -0.081   3.535   0.068   3.978
  757    7  5.0    -0.005   3.585   0.388   3.005
  758    6  4.0    -0.020   4.227   0.240   3.993
  759    6  4.0    -0.043   3.537   0.557   3.009
  760    8  6.0    -0.116   1.642   0.287   1.003
  761    6  4.0    -0.057   3.778   0.201   3.979
  762    8  6.0    -0.051   1.894   0.187   1.988
  763    7  5.0    -0.010   3.493   0.384   3.004
  764    6  4.0    -0.021   4.089   0.236   3.989
  765    6  4.0    -0.041   3.536   0.556   3.005
  766    8  6.0    -0.119   1.563   0.286   1.003
  767    6  4.0    -0.080   3.620   0.061   3.980
  768    7  5.0     0.006   3.594   0.386   3.004
  769    6  4.0    -0.021   4.091   0.240   3.990
  770    6  4.0    -0.042   3.552   0.556   3.011
  771    8  6.0    -0.116   1.521   0.283   1.003
  772    6  4.0    -0.081   3.616   0.063   3.982
  773    7  5.0     0.007   3.697   0.393   3.007
  774    6  4.0    -0.021   4.342   0.258   4.003
  775    6  4.0    -0.041   3.645   0.574   3.018
  776    8  6.0    -0.120   1.706   0.290   1.003
  777    6  4.0    -0.057   4.247   0.133   3.997
  778    6  4.0    -0.051   4.098   0.140   3.986
  779    6  4.0    -0.050   3.436   0.602   3.627
  780    8  6.0    -0.107   2.192   0.283   1.739
  781    8  6.0    -0.113   1.955   0.286   1.860
  782    7  5.0     0.010   3.730   0.396   3.010
  783    6  4.0    -0.021   4.345   0.249   3.996
  784    6  4.0    -0.042   3.677   0.559   3.008
  785    8  6.0    -0.119   1.615   0.287   1.003
  786    6  4.0    -0.056   4.227   0.116   3.992
  787    6  4.0    -0.037   3.925   0.172   3.977
  788    6  4.0    -0.081   3.679   0.065   3.983
  789    6  4.0    -0.083   3.679   0.066   3.984
  790    7  5.0     0.011   3.705   0.382   3.007
  791    6  4.0    -0.022   4.236   0.233   3.988
  792    6  4.0    -0.040   3.600   0.562   3.008
  793    8  6.0    -0.112   1.494   0.290   1.003
  794    6  4.0    -0.058   4.054   0.105   3.978
  795    6  4.0    -0.058   3.749   0.111   3.976
  796    6  4.0    -0.057   3.906   0.192   3.985
  797    7  5.0    -0.003   3.362   0.390   3.017
  798    6  4.0    -0.079   3.299   0.669   3.005
  799    7  5.0    -0.063   3.030   0.299   3.018
  800    7  5.0    -0.064   2.939   0.303   3.019
  801    7  5.0     0.012   3.628   0.387   3.004
  802    6  4.0    -0.019   4.280   0.241   3.990
  803    6  4.0    -0.037   3.718   0.556   3.012
  804    8  6.0    -0.108   1.643   0.282   1.003
  805    6  4.0    -0.047   4.089   0.124   3.985
  806    6  4.0    -0.055   3.829   0.386   3.219
  807    7  5.0     0.069   3.413   0.453   3.173
  808    6  4.0    -0.049   3.385   0.326   3.241
  809    6  4.0    -0.066   3.281   0.458   3.282
  810    7  5.0    -0.090   2.417   0.419   2.164
  811    7  5.0     0.013   3.750   0.389   3.004
  812    6  4.0    -0.021   4.430   0.237   3.996
  813    6  4.0    -0.043   3.703   0.560   3.010
  814    8  6.0    -0.115   1.637   0.287   1.003
  815    6  4.0    -0.035   4.031   0.161   3.977
  816    6  4.0    -0.080   3.710   0.065   3.982
  817    6  4.0    -0.082   3.675   0.064   3.982
  818    7  5.0     0.011   3.673   0.386   3.003
  819    6  4.0    -0.019   4.404   0.240   3.992
  820    6  4.0    -0.040   3.662   0.560   3.010
  821    8  6.0    -0.117   1.780   0.288   1.003
  822    6  4.0    -0.054   4.161   0.115   4.015
  823    6  4.0    -0.063   3.618   0.211   3.976
  824   16  6.0    -0.018   3.192   0.329   2.024
  825    6  4.0    -0.086   3.243   0.185   3.978
  826    7  5.0     0.019   3.684   0.386   3.004
  827    6  4.0    -0.022   4.353   0.230   3.990
  828    6  4.0    -0.047   3.835   0.556   3.007
  829    8  6.0    -0.115   1.587   0.286   1.003
  830    6  4.0    -0.034   3.886   0.233   3.970
  831    8  6.0    -0.055   1.934   0.175   1.986
  832    6  4.0    -0.080   3.786   0.065   3.978
  833    7  5.0     0.010   3.857   0.386   3.004
  834    6  4.0    -0.017   4.301   0.242   3.994
  835    6  4.0    -0.045   3.511   0.567   3.009
  836    8  6.0    -0.110   1.393   0.291   1.003
  837    6  4.0    -0.039   4.055   0.114   3.985
  838    6  4.0    -0.041   3.037   0.562   2.995
  839    8  6.0    -0.098   1.303   0.288   1.003
  840    7  5.0    -0.051   2.873   0.297   3.002
  841    7  5.0     0.019   3.970   0.391   3.007
  842    6  4.0    -0.021   4.301   0.241   3.991
  843    6  4.0    -0.044   3.430   0.555   3.012
  844    8  6.0    -0.102   1.385   0.285   1.003
  845    6  4.0    -0.053   4.194   0.112   3.987
  846    6  4.0    -0.038   3.906   0.164   3.974
  847    6  4.0    -0.082   3.602   0.063   3.982
  848    6  4.0    -0.081   3.620   0.062   3.980
  849    7  5.0     0.007   3.528   0.391   3.001
  850    6  4.0    -0.040   3.909   0.199   3.996
  851    6  4.0    -0.045   3.235   0.562   3.007
  852    8  6.0    -0.102   1.353   0.285   1.003
  853    7  5.0     0.021   3.590   0.391   3.005
  854    6  4.0    -0.017   4.356   0.243   3.996
  855    6  4.0    -0.045   3.508   0.562   3.011
  856    8  6.0    -0.113   1.528   0.287   1.003
  857    6  4.0    -0.049   4.121   0.117   3.985
  858    6  4.0    -0.038   3.967   0.123   3.980
  859    6  4.0    -0.002   2.871   0.598   2.997
  860    8  6.0    -0.092   1.287   0.273   1.001
  861    8  6.0    -0.093   1.222   0.270   1.001
  862    7  5.0     0.016   3.485   0.394   3.006
  863    6  4.0    -0.020   4.290   0.246   3.999
  864    6  4.0    -0.047   3.433   0.564   3.007
  865    8  6.0    -0.098   1.388   0.288   1.003
  866    6  4.0    -0.057   4.022   0.115   3.983
  867    6  4.0    -0.059   3.851   0.120   3.983
  868    6  4.0    -0.061   3.772   0.123   3.981
  869    6  4.0    -0.083   3.772   0.182   3.981
  870    7  5.0     0.079   3.422   0.228   3.988
  871    7  5.0     0.016   3.585   0.392   3.009
  872    6  4.0    -0.021   4.292   0.246   3.994
  873    6  4.0    -0.047   3.476   0.578   3.016
  874    8  6.0    -0.112   1.474   0.297   1.004
  875    6  4.0    -0.054   4.214   0.112   3.991
  876    6  4.0    -0.037   3.899   0.172   3.977
  877    6  4.0    -0.083   3.631   0.065   3.982
  878    6  4.0    -0.080   3.609   0.066   3.983
  879    7  5.0     0.017   3.663   0.395   3.008
  880    6  4.0    -0.021   4.394   0.244   3.997
  881    6  4.0    -0.044   3.598   0.556   3.013
  882    8  6.0    -0.115   1.567   0.281   1.003
  883    6  4.0    -0.033   3.964   0.239   3.977
  884    8  6.0    -0.052   2.069   0.176   1.986
  885    6  4.0    -0.082   3.589   0.063   3.978
  886    7  5.0     0.005   3.593   0.390   3.005
  887    6  4.0    -0.017   4.347   0.248   3.996
  888    6  4.0    -0.041   3.629   0.573   3.017
  889    8  6.0    -0.099   1.549   0.296   1.004
  890    6  4.0    -0.037   4.053   0.122   3.989
  891    6  4.0    -0.002   2.829   0.594   2.997
  892    8  6.0    -0.099   1.276   0.265   1.001
  893    8  6.0    -0.093   1.223   0.271   1.002
  894    7  5.0     0.012   3.655   0.393   3.006
  895    6  4.0    -0.019   4.324   0.246   3.996
  896    6  4.0    -0.041   3.608   0.563   3.009
  897    8  6.0    -0.112   1.513   0.290   1.003
  898    6  4.0    -0.052   4.085   0.118   3.986
  899    6  4.0    -0.038   3.858   0.122   3.980
  900    6  4.0     0.001   2.818   0.592   2.996
  901    8  6.0    -0.088   1.216   0.270   1.001
  902    8  6.0    -0.091   1.285   0.268   1.001
  903    7  5.0     0.010   3.666   0.390   3.005
  904    6  4.0    -0.021   4.253   0.244   3.992
  905    6  4.0    -0.043   3.568   0.564   3.012
  906    8  6.0    -0.116   1.532   0.289   1.004
  907    6  4.0    -0.055   4.044   0.115   3.983
  908    6  4.0    -0.042   3.876   0.118   3.979
  909    6  4.0    -0.005   2.783   0.594   2.995
  910    8  6.0    -0.112   1.369   0.271   1.001
  911    8  6.0    -0.092   1.217   0.271   1.001
  912    7  5.0     0.001   3.754   0.389   3.004
  913    6  4.0    -0.021   4.513   0.234   3.997
  914    6  4.0    -0.045   3.663   0.560   3.009
  915    8  6.0    -0.123   1.580   0.287   1.003
  916    6  4.0    -0.036   4.017   0.163   3.977
  917    6  4.0    -0.083   3.674   0.064   3.982
  918    6  4.0    -0.079   3.796   0.067   3.982
  919    7  5.0     0.021   3.786   0.386   3.006
  920    6  4.0    -0.018   4.374   0.246   3.997
  921    6  4.0    -0.043   3.620   0.563   3.016
  922    8  6.0    -0.117   1.539   0.285   1.003
  923    6  4.0    -0.037   4.102   0.125   3.989
  924    6  4.0     0.002   2.891   0.600   2.998
  925    8  6.0    -0.099   1.329   0.269   1.001
  926    8  6.0    -0.088   1.229   0.271   1.001
  927    7  5.0     0.010   3.777   0.395   3.008
  928    6  4.0    -0.021   4.274   0.247   3.995
  929    6  4.0    -0.042   3.526   0.560   3.008
  930    8  6.0    -0.111   1.454   0.287   1.003
  931    6  4.0    -0.054   4.042   0.111   3.982
  932    6  4.0    -0.040   3.873   0.114   3.978
  933    6  4.0    -0.001   2.759   0.595   2.995
  934    8  6.0    -0.092   1.213   0.270   1.001
  935    8  6.0    -0.094   1.288   0.272   1.001
  936    7  5.0     0.015   3.736   0.387   3.006
  937    6  4.0    -0.022   4.290   0.244   3.995
  938    6  4.0    -0.043   3.557   0.560   3.011
  939    8  6.0    -0.108   1.407   0.282   1.003
  940    6  4.0    -0.055   4.145   0.120   4.011
  941    6  4.0    -0.062   3.648   0.224   3.979
  942   16  6.0    -0.014   2.847   0.344   2.021
  943    6  4.0    -0.085   3.438   0.190   3.978
  944    7  5.0     0.008   3.718   0.394   3.006
  945    6  4.0    -0.020   4.492   0.237   3.995
  946    6  4.0    -0.043   3.684   0.550   3.006
  947    8  6.0    -0.117   1.522   0.287   1.003
  948    6  4.0    -0.036   4.186   0.161   3.980
  949    6  4.0    -0.060   3.879   0.116   3.980
  950    6  4.0    -0.079   3.767   0.063   3.981
  951    6  4.0    -0.082   3.523   0.066   3.977
  952    7  5.0     0.008   3.650   0.379   3.001
  953    6  4.0    -0.021   4.255   0.241   3.992
  954    6  4.0    -0.043   3.621   0.570   3.013
  955    8  6.0    -0.100   1.441   0.290   1.003
  956    6  4.0    -0.056   4.109   0.120   3.988
  957    6  4.0    -0.058   3.856   0.121   3.979
  958    6  4.0    -0.059   3.874   0.190   3.987
  959    7  5.0    -0.009   3.316   0.389   3.015
  960    6  4.0    -0.079   3.321   0.661   3.005
  961    7  5.0    -0.053   3.044   0.296   3.016
  962    7  5.0    -0.060   2.980   0.298   3.017
  963    7  5.0     0.011   3.686   0.398   3.008
  964    6  4.0    -0.020   4.261   0.248   3.994
  965    6  4.0    -0.043   3.626   0.559   3.008
  966    8  6.0    -0.110   1.459   0.287   1.003
  967    6  4.0    -0.053   4.086   0.121   3.987
  968    6  4.0    -0.037   3.973   0.124   3.981
  969    6  4.0    -0.002   2.800   0.590   2.997
  970    8  6.0    -0.096   1.266   0.266   1.001
  971    8  6.0    -0.091   1.214   0.269   1.001
  972    7  5.0     0.012   3.724   0.390   3.004
  973    6  4.0    -0.021   4.156   0.244   3.992
  974    6  4.0    -0.047   3.425   0.558   3.006
  975    8  6.0    -0.121   1.505   0.286   1.003
  976    6  4.0    -0.080   3.669   0.063   3.982
  977    7  5.0     0.017   3.587   0.385   3.003
  978    6  4.0    -0.019   4.467   0.237   3.991
  979    6  4.0    -0.043   3.667   0.554   3.002
  980    8  6.0    -0.098   1.698   0.286   1.003
  981    6  4.0    -0.041   4.213   0.125   3.986
  982    6  4.0    -0.036   3.352   0.612   3.020
  983    8  6.0    -0.095   2.140   0.305   1.893
  984    8  6.0    -0.113   1.512   0.271   1.001
  985    7  5.0     0.003   3.648   0.386   3.002
  986    6  4.0    -0.020   4.440   0.241   3.994
  987    6  4.0    -0.041   3.790   0.568   3.017
  988    8  6.0    -0.100   1.414   0.289   1.004
  989    6  4.0    -0.036   4.229   0.160   3.983
  990    6  4.0    -0.060   3.885   0.123   3.983
  991    6  4.0    -0.079   3.780   0.062   3.981
  992    6  4.0    -0.082   3.477   0.069   3.979
  993    7  5.0    -0.012   3.882   0.396   3.006
  994    6  4.0    -0.018   4.418   0.248   3.999
  995    6  4.0    -0.040   3.753   0.569   3.008
  996    8  6.0    -0.092   1.471   0.294   1.003
  997    6  4.0    -0.044   4.115   0.113   3.981
  998    6  4.0    -0.028   3.400   0.602   3.329
  999    8  6.0    -0.132   1.689   0.276   1.040
 1000    8  6.0    -0.087   2.266   0.296   1.868
 1001    7  5.0     0.014   3.618   0.391   3.001
 1002    6  4.0    -0.038   3.997   0.196   3.992
 1003    6  4.0    -0.037   3.369   0.562   3.010
 1004    8  6.0    -0.095   1.388   0.287   1.004
 1005    7  5.0     0.012   3.879   0.388   3.003
 1006    6  4.0    -0.018   4.419   0.237   3.996
 1007    6  4.0    -0.039   3.599   0.559   3.009
 1008    8  6.0    -0.096   1.400   0.289   1.004
 1009    6  4.0    -0.043   4.129   0.115   3.981
 1010    6  4.0    -0.032   3.349   0.595   3.199
 1011    8  6.0    -0.118   1.476   0.267   1.002
 1012    8  6.0    -0.093   2.178   0.293   1.865
 1013    7  5.0     0.010   3.570   0.390   3.000
 1014    6  4.0    -0.040   3.926   0.196   3.996
 1015    6  4.0    -0.047   3.259   0.561   3.003
 1016    8  6.0    -0.113   1.365   0.286   1.003
 1017    7  5.0     0.003   3.795   0.385   3.007
 1018    6  4.0    -0.023   4.349   0.243   3.992
 1019    6  4.0    -0.078   3.721   0.583   3.022
 1020    8  6.0    -0.105   2.150   0.335   1.913
 1021    6  4.0    -0.054   4.254   0.121   3.988
 1022    6  4.0    -0.040   4.005   0.124   3.985
 1023    6  4.0    -0.038   3.059   0.572   2.997
 1024    8  6.0    -0.100   1.273   0.292   1.004
 1025    7  5.0    -0.079   3.318   0.296   3.003
 1026    7  5.0    -0.014   3.648   0.390   3.004
 1027    6  4.0    -0.022   4.509   0.234   3.994
 1028    6  4.0    -0.047   3.628   0.562   3.013
 1029    8  6.0    -0.124   1.780   0.290   1.005
 1030    6  4.0    -0.034   4.054   0.165   3.979
 1031    6  4.0    -0.081   3.719   0.065   3.982
 1032    6  4.0    -0.082   3.663   0.066   3.983
 1033    7  5.0    -0.004   3.707   0.389   3.006
 1034    6  4.0    -0.020   4.429   0.240   3.997
 1035    6  4.0    -0.045   3.899   0.567   3.015
 1036    8  6.0    -0.120   1.769   0.288   1.004
 1037    6  4.0    -0.042   4.078   0.112   3.982
 1038    6  4.0    -0.041   3.195   0.571   2.995
 1039    8  6.0    -0.105   1.297   0.289   1.004
 1040    7  5.0    -0.057   3.748   0.303   3.006
 1041    7  5.0     0.006   3.544   0.396   3.004
 1042    6  4.0    -0.017   4.389   0.244   4.001
 1043    6  4.0    -0.039   3.736   0.562   3.011
 1044    8  6.0    -0.113   1.637   0.284   1.003
 1045    6  4.0    -0.042   4.102   0.120   3.988
 1046    6  4.0    -0.034   3.721   0.288   3.020
 1047    6  4.0    -0.066   3.499   0.232   3.032
 1048    6  4.0    -0.065   3.419   0.227   3.030
 1049    6  4.0    -0.071   3.387   0.236   3.022
 1050    6  4.0    -0.069   3.375   0.233   3.021
 1051    6  4.0    -0.041   3.471   0.404   3.028
 1052    8  6.0    -0.037   2.013   0.214   1.993
 1053    7  5.0     0.022   3.857   0.393   3.006
 1054    6  4.0    -0.020   4.330   0.243   3.996
 1055    6  4.0    -0.042   3.605   0.563   3.012
 1056    8  6.0    -0.118   1.513   0.286   1.003
 1057    6  4.0    -0.055   4.035   0.113   3.983
 1058    6  4.0    -0.041   3.803   0.114   3.977
 1059    6  4.0    -0.005   2.971   0.588   2.995
 1060    8  6.0    -0.102   1.441   0.270   1.001
 1061    8  6.0    -0.101   1.213   0.265   1.001
 1062    7  5.0     0.002   3.925   0.397   3.010
 1063    6  4.0    -0.021   4.347   0.256   4.002
 1064    6  4.0    -0.043   3.598   0.570   3.011
 1065    8  6.0    -0.114   1.485   0.292   1.003
 1066    6  4.0    -0.057   4.224   0.126   3.990
 1067    6  4.0    -0.048   4.093   0.129   3.984
 1068    6  4.0    -0.045   3.377   0.595   3.561
 1069    8  6.0    -0.107   1.990   0.280   1.738
 1070    8  6.0    -0.110   1.996   0.287   1.863
 1071    7  5.0     0.011   3.761   0.391   3.011
 1072    6  4.0    -0.019   4.311   0.244   3.993
 1073    6  4.0    -0.038   3.663   0.562   3.012
 1074    8  6.0    -0.113   1.597   0.286   1.003
 1075    6  4.0    -0.044   4.166   0.121   3.989
 1076    6  4.0    -0.041   3.666   0.287   3.017
 1077    6  4.0    -0.068   3.416   0.226   3.025
 1078    6  4.0    -0.070   3.422   0.223   3.025
 1079    6  4.0    -0.070   3.222   0.224   3.018
 1080    6  4.0    -0.070   3.240   0.224   3.017
 1081    6  4.0    -0.069   3.218   0.226   3.019
 1082    7  5.0     0.012   3.723   0.388   3.004
 1083    6  4.0    -0.020   4.434   0.236   3.996
 1084    6  4.0    -0.043   3.734   0.566   3.010
 1085    8  6.0    -0.095   1.476   0.293   1.004
 1086    6  4.0    -0.036   4.077   0.171   3.981
 1087    6  4.0    -0.079   3.717   0.066   3.984
 1088    6  4.0    -0.080   3.742   0.068   3.985
 1089    7  5.0     0.010   3.705   0.390   3.004
 1090    6  4.0    -0.019   4.387   0.237   3.995
 1091    6  4.0    -0.041   3.623   0.557   3.007
 1092    8  6.0    -0.099   1.387   0.286   1.003
 1093    6  4.0    -0.033   3.949   0.243   3.977
 1094    8  6.0    -0.053   1.953   0.177   1.986
 1095    6  4.0    -0.078   3.630   0.064   3.979
 1096    7  5.0     0.018   3.719   0.389   3.007
 1097    6  4.0    -0.023   4.380   0.243   3.999
 1098    6  4.0    -0.100   3.908   0.823   3.088
 1099    8  6.0    -0.041   1.952   0.332   1.594
 1100    6  4.0    -0.056   4.079   0.112   3.999
 1101    6  4.0    -0.060   3.549   0.206   3.974
 1102   16  6.0    -0.006   2.938   0.332   2.009
 1103    6  4.0    -0.082   3.430   0.193   3.979
 1104    7  5.0     0.157   4.108   0.695   3.592
 1105    6  4.0    -0.035   4.394   0.247   4.078
 1106    6  4.0    -0.072   2.934   0.328   2.994
 1107    8  6.0    -0.091   1.096   0.268   1.001
 1108    6  4.0    -0.059   4.084   0.119   4.011
 1109    6  4.0    -0.062   3.676   0.219   3.978
 1110   16  6.0    -0.012   2.762   0.304   2.013
 1111    6  4.0    -0.085   3.134   0.155   3.974
 1112   20 10.0     1.064   8.681   0.136   5.560
 1113   20 10.0     1.031  10.850   0.092   7.260
 1114   20 10.0     1.046   9.803   0.128   6.555
 1115   20 10.0     1.033  10.463   0.133   7.265
 1116    8  6.0    -0.092   1.997   0.021   2.181
 1117    8  6.0    -0.086   1.427   0.018   1.837
 1118    8  6.0    -0.029   2.024   0.028   2.535
 1119    8  6.0    -0.085   1.392   0.018   1.837
 1120    8  6.0    -0.086   1.490   0.019   1.837
 1121    8  6.0    -0.094   1.981   0.023   2.328
 1122    8  6.0    -0.064   2.012   0.026   2.454
 1123    1  1.0    -0.000   0.891   0.037   0.997
 1124    1  1.0    -0.001   0.913   0.037   0.997
 1125    1  1.0     0.002   0.907   0.037   0.997
 1126    1  1.0     0.039   0.962   0.003   0.994
 1127    1  1.0     0.038   0.938   0.003   0.994
 1128    1  1.0     0.049   0.947   0.045   0.995
 1129    1  1.0     0.039   0.826   0.003   0.994
 1130    1  1.0     0.039   0.831   0.003   0.994
 1131    1  1.0     0.046   0.861   0.003   0.994
 1132    1  1.0     0.033   1.054   0.037   0.997
 1133    1  1.0     0.059   0.985   0.003   0.994
 1134    1  1.0     0.043   0.907   0.003   0.994
 1135    1  1.0     0.050   0.912   0.003   0.994
 1136    1  1.0     0.064   0.915   0.003   0.994
 1137    1  1.0     0.051   0.898   0.003   0.994
 1138    1  1.0     0.040   1.029   0.037   0.997
 1139    1  1.0     0.070   1.003   0.003   0.994
 1140    1  1.0     0.048   0.907   0.003   0.994
 1141    1  1.0     0.049   0.904   0.003   0.994
 1142    1  1.0     0.067   0.909   0.003   0.994
 1143    1  1.0     0.055   0.900   0.003   0.994
 1144    1  1.0     0.045   1.032   0.037   0.997
 1145    1  1.0     0.065   0.970   0.003   0.994
 1146    1  1.0     0.050   0.904   0.003   0.994
 1147    1  1.0     0.035   0.926   0.003   0.994
 1148    1  1.0     0.041   0.917   0.003   0.994
 1149    1  1.0     0.045   0.922   0.003   0.994
 1150    1  1.0     0.059   0.892   0.037   0.997
 1151    1  1.0     0.045   0.901   0.037   0.997
 1152    1  1.0     0.021   1.408   0.037   1.031
 1153    1  1.0     0.043   1.006   0.003   0.994
 1154    1  1.0     0.052   0.985   0.003   0.994
 1155    1  1.0     0.034   0.910   0.003   0.994
 1156    1  1.0     0.039   0.909   0.003   0.994
 1157    1  1.0     0.041   0.829   0.003   0.994
 1158    1  1.0     0.048   0.861   0.003   0.994
 1159    1  1.0     0.039   0.834   0.003   0.994
 1160    1  1.0     0.035   0.827   0.003   0.994
 1161    1  1.0     0.034   0.865   0.003   0.994
 1162    1  1.0     0.078   1.379   0.004   1.586
 1163    1  1.0     0.055   1.065   0.037   0.997
 1164    1  1.0     0.050   0.986   0.003   0.994
 1165    1  1.0     0.057   0.834   0.003   0.994
 1166    1  1.0     0.049   0.832   0.003   0.994
 1167    1  1.0     0.068   0.843   0.003   0.994
 1168    1  1.0     0.055   1.053   0.037   0.997
 1169    1  1.0     0.063   0.988   0.003   0.994
 1170    1  1.0     0.059   0.919   0.003   0.994
 1171    1  1.0     0.060   0.922   0.003   0.994
 1172    1  1.0     0.066   0.922   0.003   0.994
 1173    1  1.0     0.065   0.916   0.003   0.994
 1174    1  1.0     0.058   1.051   0.037   0.997
 1175    1  1.0     0.051   0.994   0.003   0.994
 1176    1  1.0     0.046   0.918   0.003   0.994
 1177    1  1.0     0.050   0.926   0.003   0.994
 1178    1  1.0     0.060   0.929   0.003   0.995
 1179    1  1.0     0.055   0.933   0.003   0.995
 1180    1  1.0     0.057   0.909   0.003   0.995
 1181    1  1.0     0.057   0.908   0.003   0.995
 1182    1  1.0     0.061   0.937   0.003   0.995
 1183    1  1.0     0.056   1.061   0.037   0.997
 1184    1  1.0     0.057   0.989   0.003   0.994
 1185    1  1.0     0.048   0.922   0.003   0.994
 1186    1  1.0     0.053   0.924   0.003   0.994
 1187    1  1.0     0.057   1.002   0.003   0.994
 1188    1  1.0     0.051   0.938   0.003   0.994
 1189    1  1.0     0.040   0.910   0.003   0.994
 1190    1  1.0     0.039   0.907   0.003   0.994
 1191    1  1.0     0.035   0.903   0.003   0.994
 1192    1  1.0     0.038   0.895   0.003   0.994
 1193    1  1.0     0.003   0.891   0.037   0.997
 1194    1  1.0     0.002   0.886   0.037   0.997
 1195    1  1.0     0.004   0.891   0.037   0.997
 1196    1  1.0     0.055   1.040   0.037   0.997
 1197    1  1.0     0.055   1.001   0.003   0.994
 1198    1  1.0     0.060   0.921   0.003   0.994
 1199    1  1.0     0.059   0.918   0.003   0.994
 1200    1  1.0     0.063   0.935   0.003   0.994
 1201    1  1.0     0.052   0.913   0.003   0.994
 1202    1  1.0     0.057   1.057   0.037   0.997
 1203    1  1.0     0.049   0.985   0.003   0.994
 1204    1  1.0     0.041   0.833   0.003   0.994
 1205    1  1.0     0.044   0.832   0.003   0.994
 1206    1  1.0     0.047   0.841   0.003   0.994
 1207    1  1.0     0.057   1.091   0.037   0.997
 1208    1  1.0     0.058   0.986   0.003   0.994
 1209    1  1.0     0.057   0.920   0.003   0.994
 1210    1  1.0     0.054   0.954   0.003   0.994
 1211    1  1.0     0.070   0.915   0.003   0.995
 1212    1  1.0     0.068   0.943   0.003   0.995
 1213    1  1.0     0.070   0.906   0.003   0.995
 1214    1  1.0     0.068   0.905   0.003   0.995
 1215    1  1.0     0.074   0.913   0.003   0.995
 1216    1  1.0     0.059   1.047   0.037   0.997
 1217    1  1.0     0.058   0.984   0.003   0.994
 1218    1  1.0     0.053   0.875   0.003   0.994
 1219    1  1.0     0.050   0.866   0.003   0.994
 1220    1  1.0     0.064   0.939   0.045   0.995
 1221    1  1.0     0.056   1.052   0.037   0.997
 1222    1  1.0     0.055   0.979   0.003   0.994
 1223    1  1.0     0.044   0.912   0.003   0.994
 1224    1  1.0     0.055   0.923   0.003   0.994
 1225    1  1.0     0.061   1.065   0.003   0.994
 1226    1  1.0     0.043   0.831   0.003   0.994
 1227    1  1.0     0.043   0.832   0.003   0.994
 1228    1  1.0     0.039   0.834   0.003   0.994
 1229    1  1.0     0.044   0.830   0.003   0.994
 1230    1  1.0     0.041   0.834   0.003   0.994
 1231    1  1.0     0.043   0.834   0.003   0.994
 1232    1  1.0     0.056   1.047   0.037   0.997
 1233    1  1.0     0.057   1.000   0.003   0.994
 1234    1  1.0     0.044   0.926   0.003   0.994
 1235    1  1.0     0.049   0.929   0.003   0.994
 1236    1  1.0     0.056   0.918   0.003   0.995
 1237    1  1.0     0.071   0.917   0.003   0.995
 1238    1  1.0     0.052   0.908   0.003   0.995
 1239    1  1.0     0.061   0.908   0.003   0.995
 1240    1  1.0     0.058   0.905   0.003   0.995
 1241    1  1.0     0.059   1.102   0.037   0.997
 1242    1  1.0     0.030   1.092   0.003   0.994
 1243    1  1.0     0.064   0.913   0.003   0.994
 1244    1  1.0     0.052   0.914   0.003   0.994
 1245    1  1.0     0.047   1.052   0.037   0.997
 1246    1  1.0     0.059   1.051   0.003   0.994
 1247    1  1.0     0.048   0.920   0.003   0.994
 1248    1  1.0     0.043   0.914   0.003   0.994
 1249    1  1.0     0.036   0.910   0.003   0.994
 1250    1  1.0     0.046   0.916   0.003   0.994
 1251    1  1.0     0.048   0.938   0.003   0.994
 1252    1  1.0     0.040   0.913   0.003   0.994
 1253    1  1.0     0.034   0.895   0.003   0.994
 1254    1  1.0     0.042   0.907   0.003   0.994
 1255    1  1.0     0.020   0.961   0.037   0.997
 1256    1  1.0    -0.002   0.887   0.037   0.997
 1257    1  1.0     0.003   0.901   0.037   0.997
 1258    1  1.0     0.027   1.158   0.037   0.998
 1259    1  1.0     0.064   1.022   0.003   0.994
 1260    1  1.0     0.052   0.912   0.003   0.994
 1261    1  1.0     0.062   0.926   0.003   0.994
 1262    1  1.0     0.054   1.069   0.037   0.997
 1263    1  1.0     0.063   0.913   0.003   0.994
 1264    1  1.0     0.059   0.912   0.003   0.994
 1265    1  1.0     0.022   1.186   0.037   0.998
 1266    1  1.0     0.065   0.983   0.003   0.994
 1267    1  1.0     0.044   0.935   0.003   0.994
 1268    1  1.0     0.059   0.909   0.003   0.994
 1269    1  1.0     0.053   1.200   0.037   0.998
 1270    1  1.0     0.065   0.925   0.003   0.994
 1271    1  1.0     0.053   0.899   0.003   0.994
 1272    1  1.0     0.033   1.218   0.037   0.998
 1273    1  1.0     0.058   0.995   0.003   0.994
 1274    1  1.0     0.042   0.934   0.003   0.994
 1275    1  1.0     0.065   1.139   0.045   0.995
 1276    1  1.0     0.043   0.827   0.003   0.994
 1277    1  1.0     0.046   0.831   0.003   0.994
 1278    1  1.0     0.061   0.843   0.003   0.994
 1279    1  1.0     0.057   1.053   0.037   0.997
 1280    1  1.0     0.037   1.086   0.003   0.994
 1281    1  1.0     0.044   0.991   0.003   0.994
 1282    1  1.0     0.052   0.920   0.003   0.994
 1283    1  1.0     0.042   0.908   0.003   0.994
 1284    1  1.0     0.036   0.838   0.003   0.994
 1285    1  1.0     0.050   0.850   0.003   0.994
 1286    1  1.0     0.043   0.837   0.003   0.994
 1287    1  1.0     0.051   0.835   0.003   0.994
 1288    1  1.0     0.039   0.829   0.003   0.994
 1289    1  1.0     0.039   0.842   0.003   0.994
 1290    1  1.0     0.040   1.027   0.037   0.997
 1291    1  1.0     0.049   0.994   0.003   0.994
 1292    1  1.0     0.040   0.937   0.003   0.994
 1293    1  1.0     0.041   0.947   0.045   0.995
 1294    1  1.0     0.033   0.829   0.003   0.994
 1295    1  1.0     0.036   0.840   0.003   0.994
 1296    1  1.0     0.024   0.874   0.003   0.994
 1297    1  1.0     0.039   1.006   0.037   0.997
 1298    1  1.0     0.047   0.974   0.003   0.994
 1299    1  1.0     0.047   0.938   0.003   0.994
 1300    1  1.0     0.054   0.903   0.045   0.995
 1301    1  1.0     0.053   0.829   0.003   0.994
 1302    1  1.0     0.044   0.837   0.003   0.994
 1303    1  1.0     0.045   0.831   0.003   0.994
 1304    1  1.0     0.041   1.040   0.037   0.997
 1305    1  1.0     0.051   1.005   0.003   0.994
 1306    1  1.0     0.042   0.908   0.003   0.994
 1307    1  1.0     0.040   0.911   0.003   0.994
 1308    1  1.0     0.038   0.902   0.003   0.994
 1309    1  1.0     0.038   0.902   0.003   0.994
 1310    1  1.0     0.040   0.903   0.003   0.994
 1311    1  1.0     0.045   0.923   0.003   0.994
 1312    1  1.0     0.038   0.930   0.003   0.994
 1313    1  1.0     0.036   0.893   0.003   0.994
 1314    1  1.0     0.012   0.899   0.037   0.997
 1315    1  1.0     0.017   0.913   0.037   0.997
 1316    1  1.0     0.003   0.888   0.037   0.997
 1317    1  1.0     0.044   1.033   0.037   0.997
 1318    1  1.0     0.051   0.994   0.003   0.994
 1319    1  1.0     0.051   0.917   0.003   0.994
 1320    1  1.0     0.050   0.919   0.003   0.994
 1321    1  1.0     0.036   0.937   0.003   0.994
 1322    1  1.0     0.041   0.919   0.003   0.994
 1323    1  1.0     0.056   1.062   0.037   0.997
 1324    1  1.0     0.048   0.987   0.003   0.994
 1325    1  1.0     0.045   0.912   0.003   0.994
 1326    1  1.0     0.039   0.912   0.003   0.994
 1327    1  1.0     0.041   0.988   0.003   0.994
 1328    1  1.0     0.034   0.831   0.003   0.994
 1329    1  1.0     0.041   0.838   0.003   0.994
 1330    1  1.0     0.039   0.832   0.003   0.994
 1331    1  1.0     0.037   0.851   0.003   0.994
 1332    1  1.0     0.037   0.835   0.003   0.994
 1333    1  1.0     0.039   0.831   0.003   0.994
 1334    1  1.0     0.060   1.054   0.037   0.997
 1335    1  1.0     0.044   0.899   0.003   0.994
 1336    1  1.0     0.046   0.906   0.003   0.994
 1337    1  1.0     0.060   1.042   0.037   0.997
 1338    1  1.0     0.054   0.979   0.003   0.994
 1339    1  1.0     0.047   0.954   0.003   0.994
 1340    1  1.0     0.046   0.904   0.045   0.995
 1341    1  1.0     0.036   0.830   0.003   0.994
 1342    1  1.0     0.046   0.843   0.003   0.994
 1343    1  1.0     0.043   0.835   0.003   0.994
 1344    1  1.0     0.057   1.056   0.037   0.997
 1345    1  1.0     0.048   0.986   0.003   0.994
 1346    1  1.0     0.047   0.986   0.003   0.994
 1347    1  1.0     0.042   0.854   0.003   0.994
 1348    1  1.0     0.043   0.865   0.003   0.994
 1349    1  1.0     0.042   0.837   0.003   0.994
 1350    1  1.0     0.044   0.842   0.003   0.994
 1351    1  1.0     0.040   0.838   0.003   0.994
 1352    1  1.0     0.045   0.836   0.003   0.994
 1353    1  1.0     0.060   1.128   0.037   0.998
 1354    1  1.0     0.050   1.087   0.003   0.994
 1355    1  1.0     0.043   0.937   0.003   0.994
 1356    1  1.0     0.047   0.910   0.003   0.994
 1357    1  1.0     0.035   0.986   0.003   0.994
 1358    1  1.0     0.045   1.002   0.003   0.994
 1359    1  1.0     0.037   0.919   0.003   0.994
 1360    1  1.0     0.035   0.923   0.003   0.994
 1361    1  1.0     0.034   0.932   0.003   0.994
 1362    1  1.0     0.062   1.095   0.037   0.997
 1363    1  1.0     0.073   1.054   0.003   0.994
 1364    1  1.0     0.051   0.914   0.003   0.994
 1365    1  1.0     0.053   0.909   0.003   0.994
 1366    1  1.0     0.051   0.910   0.003   0.994
 1367    1  1.0     0.049   0.906   0.003   0.994
 1368    1  1.0     0.044   0.908   0.003   0.994
 1369    1  1.0     0.043   0.901   0.003   0.994
 1370    1  1.0     0.040   0.987   0.037   0.997
 1371    1  1.0     0.047   0.899   0.037   0.997
 1372    1  1.0     0.046   0.920   0.037   0.997
 1373    1  1.0     0.049   0.901   0.037   0.997
 1374    1  1.0     0.046   0.901   0.037   0.997
 1375    1  1.0     0.061   1.041   0.037   0.997
 1376    1  1.0     0.058   0.981   0.003   0.994
 1377    1  1.0     0.045   0.866   0.003   0.994
 1378    1  1.0     0.050   0.864   0.003   0.994
 1379    1  1.0     0.072   1.104   0.045   0.995
 1380    1  1.0     0.062   1.097   0.037   0.997
 1381    1  1.0     0.060   0.999   0.003   0.994
 1382    1  1.0     0.055   0.937   0.003   0.994
 1383    1  1.0     0.051   0.933   0.003   0.994
 1384    1  1.0     0.043   0.986   0.003   0.994
 1385    1  1.0     0.039   0.833   0.003   0.994
 1386    1  1.0     0.051   0.847   0.003   0.994
 1387    1  1.0     0.053   0.860   0.003   0.994
 1388    1  1.0     0.037   0.832   0.003   0.994
 1389    1  1.0     0.039   0.838   0.003   0.994
 1390    1  1.0     0.039   0.833   0.003   0.994
 1391    1  1.0     0.063   1.079   0.037   0.997
 1392    1  1.0     0.066   0.914   0.003   0.994
 1393    1  1.0     0.056   0.902   0.003   0.994
 1394    1  1.0     0.056   1.050   0.037   0.997
 1395    1  1.0     0.060   1.009   0.003   0.994
 1396    1  1.0     0.040   0.906   0.003   0.994
 1397    1  1.0     0.049   0.912   0.003   0.994
 1398    1  1.0     0.043   0.905   0.003   0.994
 1399    1  1.0     0.055   0.911   0.003   0.994
 1400    1  1.0     0.058   0.891   0.037   0.997
 1401    1  1.0     0.044   0.909   0.037   0.997
 1402    1  1.0     0.044   0.985   0.037   0.997
 1403    1  1.0     0.051   1.081   0.003   0.994
 1404    1  1.0     0.066   0.923   0.003   0.994
 1405    1  1.0     0.058   0.913   0.003   0.994
 1406    1  1.0     0.052   0.890   0.037   0.997
 1407    1  1.0     0.047   0.978   0.037   0.997
 1408    1  1.0     0.063   0.999   0.003   0.994
 1409    1  1.0     0.042   0.914   0.003   0.994
 1410    1  1.0     0.047   0.918   0.003   0.994
 1411    1  1.0     0.032   0.913   0.003   0.994
 1412    1  1.0     0.047   0.923   0.003   0.994
 1413    1  1.0     0.043   0.905   0.003   0.994
 1414    1  1.0     0.040   0.905   0.003   0.994
 1415    1  1.0     0.050   1.062   0.037   0.997
 1416    1  1.0     0.053   0.966   0.003   0.994
 1417    1  1.0     0.041   0.942   0.003   0.994
 1418    1  1.0     0.055   0.932   0.045   0.995
 1419    1  1.0     0.045   0.830   0.003   0.994
 1420    1  1.0     0.046   0.833   0.003   0.994
 1421    1  1.0     0.052   0.840   0.003   0.994
 1422    1  1.0     0.036   0.992   0.037   0.997
 1423    1  1.0     0.064   0.994   0.003   0.994
 1424    1  1.0     0.057   0.915   0.003   0.994
 1425    1  1.0     0.040   0.909   0.003   0.994
 1426    1  1.0     0.047   0.903   0.003   0.994
 1427    1  1.0     0.049   0.910   0.003   0.994
 1428    1  1.0     0.039   1.018   0.037   0.997
 1429    1  1.0     0.056   0.977   0.003   0.994
 1430    1  1.0     0.053   0.830   0.003   0.994
 1431    1  1.0     0.041   0.828   0.003   0.994
 1432    1  1.0     0.045   0.835   0.003   0.994
 1433    1  1.0     0.046   1.033   0.037   0.997
 1434    1  1.0     0.060   1.000   0.003   0.994
 1435    1  1.0     0.052   0.916   0.003   0.994
 1436    1  1.0     0.055   0.926   0.003   0.994
 1437    1  1.0     0.049   0.918   0.003   0.994
 1438    1  1.0     0.054   0.910   0.003   0.994
 1439    1  1.0     0.058   1.056   0.037   0.997
 1440    1  1.0     0.049   1.004   0.003   0.994
 1441    1  1.0     0.046   0.929   0.003   0.994
 1442    1  1.0     0.051   0.920   0.003   0.994
 1443    1  1.0     0.050   0.977   0.003   0.994
 1444    1  1.0     0.042   0.830   0.003   0.994
 1445    1  1.0     0.052   0.829   0.003   0.994
 1446    1  1.0     0.058   0.911   0.003   0.994
 1447    1  1.0     0.036   0.829   0.003   0.994
 1448    1  1.0     0.042   0.835   0.003   0.994
 1449    1  1.0     0.036   0.836   0.003   0.994
 1450    1  1.0     0.060   1.049   0.037   0.997
 1451    1  1.0     0.057   1.008   0.003   0.994
 1452    1  1.0     0.055   0.911   0.003   0.994
 1453    1  1.0     0.055   0.912   0.003   0.994
 1454    1  1.0     0.056   0.928   0.003   0.994
 1455    1  1.0     0.051   0.905   0.003   0.994
 1456    1  1.0     0.056   0.892   0.037   0.997
 1457    1  1.0     0.065   0.945   0.037   0.997
 1458    1  1.0     0.061   1.034   0.037   0.997
 1459    1  1.0     0.069   0.993   0.003   0.994
 1460    1  1.0     0.060   0.915   0.003   0.994
 1461    1  1.0     0.060   0.916   0.003   0.994
 1462    1  1.0     0.055   1.063   0.037   0.997
 1463    1  1.0     0.071   0.994   0.003   0.994
 1464    1  1.0     0.048   0.941   0.003   0.994
 1465    1  1.0     0.046   0.947   0.003   0.994
 1466    1  1.0     0.054   1.022   0.003   0.994
 1467    1  1.0     0.048   1.007   0.003   0.994
 1468    1  1.0     0.040   0.937   0.003   0.994
 1469    1  1.0     0.041   0.922   0.003   0.994
 1470    1  1.0     0.044   0.921   0.003   0.994
 1471    1  1.0     0.055   1.037   0.037   0.997
 1472    1  1.0     0.049   0.991   0.003   0.994
 1473    1  1.0     0.050   0.987   0.003   0.994
 1474    1  1.0     0.039   0.925   0.003   0.994
 1475    1  1.0     0.043   0.912   0.003   0.994
 1476    1  1.0     0.052   0.836   0.003   0.994
 1477    1  1.0     0.057   0.869   0.003   0.994
 1478    1  1.0     0.045   0.840   0.003   0.994
 1479    1  1.0     0.043   0.829   0.003   0.994
 1480    1  1.0     0.045   0.838   0.003   0.994
 1481    1  1.0     0.035   0.839   0.003   0.994
 1482    1  1.0     0.062   1.073   0.037   0.997
 1483    1  1.0     0.068   1.008   0.003   0.994
 1484    1  1.0     0.059   0.911   0.003   0.994
 1485    1  1.0     0.057   0.910   0.003   0.994
 1486    1  1.0     0.053   0.892   0.037   0.997
 1487    1  1.0     0.051   0.901   0.037   0.997
 1488    1  1.0     0.060   1.027   0.037   0.997
 1489    1  1.0     0.062   0.985   0.003   0.994
 1490    1  1.0     0.061   0.924   0.003   0.994
 1491    1  1.0     0.054   0.903   0.003   0.994
 1492    1  1.0     0.053   0.907   0.003   0.994
 1493    1  1.0     0.059   0.951   0.003   0.994
 1494    1  1.0     0.055   1.055   0.037   0.997
 1495    1  1.0     0.063   1.005   0.003   0.994
 1496    1  1.0     0.042   1.016   0.003   0.994
 1497    1  1.0     0.033   0.834   0.003   0.994
 1498    1  1.0     0.052   0.855   0.003   0.994
 1499    1  1.0     0.046   0.839   0.003   0.994
 1500    1  1.0     0.037   0.832   0.003   0.994
 1501    1  1.0     0.040   0.837   0.003   0.994
 1502    1  1.0     0.046   0.859   0.003   0.994
 1503    1  1.0     0.059   1.129   0.037   0.998
 1504    1  1.0     0.042   1.061   0.003   0.994
 1505    1  1.0     0.064   0.913   0.003   0.994
 1506    1  1.0     0.045   0.917   0.003   0.994
 1507    1  1.0     0.047   1.049   0.037   0.997
 1508    1  1.0     0.066   1.011   0.003   0.994
 1509    1  1.0     0.050   0.833   0.003   0.994
 1510    1  1.0     0.046   0.828   0.003   0.994
 1511    1  1.0     0.046   0.834   0.003   0.994
 1512    1  1.0     0.042   1.052   0.037   0.997
 1513    1  1.0     0.060   1.003   0.003   0.994
 1514    1  1.0     0.051   0.908   0.003   0.994
 1515    1  1.0     0.061   0.916   0.003   0.994
 1516    1  1.0     0.056   1.079   0.037   0.997
 1517    1  1.0     0.065   0.909   0.003   0.994
 1518    1  1.0     0.062   0.906   0.003   0.994
 1519    1  1.0     0.035   1.130   0.037   0.998
 1520    1  1.0     0.063   0.992   0.003   0.994
 1521    1  1.0     0.048   0.917   0.003   0.994
 1522    1  1.0     0.056   0.914   0.003   0.994
 1523    1  1.0     0.003   1.291   0.037   1.140
 1524    1  1.0     0.051   0.937   0.037   0.997
 1525    1  1.0     0.060   1.108   0.037   0.997
 1526    1  1.0     0.060   0.919   0.003   0.994
 1527    1  1.0     0.055   0.903   0.003   0.994
 1528    1  1.0     0.040   1.123   0.037   0.997
 1529    1  1.0     0.057   1.003   0.003   0.994
 1530    1  1.0     0.048   0.953   0.003   0.994
 1531    1  1.0     0.049   0.948   0.045   0.995
 1532    1  1.0     0.038   0.828   0.003   0.994
 1533    1  1.0     0.043   0.832   0.003   0.994
 1534    1  1.0     0.051   0.839   0.003   0.994
 1535    1  1.0     0.056   1.043   0.037   0.997
 1536    1  1.0     0.035   1.127   0.003   0.994
 1537    1  1.0     0.043   0.990   0.003   0.994
 1538    1  1.0     0.041   0.914   0.003   0.994
 1539    1  1.0     0.041   0.911   0.003   0.994
 1540    1  1.0     0.033   0.834   0.003   0.994
 1541    1  1.0     0.056   0.860   0.003   0.994
 1542    1  1.0     0.043   0.832   0.003   0.994
 1543    1  1.0     0.041   0.828   0.003   0.994
 1544    1  1.0     0.034   0.831   0.003   0.994
 1545    1  1.0     0.034   0.837   0.003   0.994
 1546    1  1.0     0.032   1.114   0.037   0.997
 1547    1  1.0     0.055   1.003   0.003   0.994
 1548    1  1.0     0.045   0.914   0.003   0.994
 1549    1  1.0     0.048   0.907   0.003   0.994
 1550    1  1.0     0.040   0.987   0.037   0.997
 1551    1  1.0     0.059   1.018   0.003   0.994
 1552    1  1.0     0.042   0.926   0.003   0.994
 1553    1  1.0     0.050   0.912   0.003   0.994
 1554    1  1.0     0.068   0.918   0.003   0.995
 1555    1  1.0     0.060   0.912   0.003   0.995
 1556    1  1.0     0.065   0.906   0.003   0.995
 1557    1  1.0     0.054   0.904   0.003   0.995
 1558    1  1.0     0.058   0.906   0.003   0.995
 1559    1  1.0     0.048   0.980   0.003   0.994
 1560    1  1.0     0.042   0.909   0.003   0.994
 1561    1  1.0     0.052   0.928   0.003   0.994
 1562    1  1.0     0.039   0.925   0.003   0.994
 1563    1  1.0     0.042   0.913   0.003   0.994
 1564    1  1.0     0.059   0.945   0.003   0.994
 1565    1  1.0     0.039   0.908   0.003   0.994
 1566    1  1.0     0.062   1.086   0.037   0.997
 1567    1  1.0     0.055   0.982   0.003   0.994
 1568    1  1.0     0.055   0.922   0.003   0.994
 1569    1  1.0     0.052   0.928   0.003   0.994
 1570    1  1.0     0.066   1.061   0.003   0.994
 1571    1  1.0     0.047   0.922   0.003   0.994
 1572    1  1.0     0.057   1.078   0.037   0.997
 1573    1  1.0     0.049   0.980   0.003   0.994
 1574    1  1.0     0.052   0.932   0.003   0.994
 1575    1  1.0     0.041   0.919   0.003   0.994
 1576    1  1.0     0.055   0.912   0.003   0.995
 1577    1  1.0     0.064   0.916   0.003   0.995
 1578    1  1.0     0.061   0.905   0.003   0.995
 1579    1  1.0     0.066   0.920   0.003   0.995
 1580    1  1.0     0.058   0.908   0.003   0.995
 1581    1  1.0     0.064   1.242   0.037   1.000
 1582    1  1.0     0.051   0.987   0.003   0.994
 1583    1  1.0     0.049   0.919   0.003   0.994
 1584    1  1.0     0.053   0.918   0.003   0.994
 1585    1  1.0     0.045   0.993   0.003   0.994
 1586    1  1.0     0.033   0.831   0.003   0.994
 1587    1  1.0     0.046   0.841   0.003   0.994
 1588    1  1.0     0.039   0.836   0.003   0.994
 1589    1  1.0     0.035   0.832   0.003   0.994
 1590    1  1.0     0.041   0.839   0.003   0.994
 1591    1  1.0     0.039   0.832   0.003   0.994
 1592    1  1.0     0.054   1.045   0.037   0.997
 1593    1  1.0     0.052   0.984   0.003   0.994
 1594    1  1.0     0.052   0.946   0.003   0.994
 1595    1  1.0     0.068   1.039   0.045   0.995
 1596    1  1.0     0.042   0.826   0.003   0.994
 1597    1  1.0     0.050   0.854   0.003   0.994
 1598    1  1.0     0.046   0.830   0.003   0.994
 1599    1  1.0     0.061   1.052   0.037   0.997
 1600    1  1.0     0.053   0.993   0.003   0.994
 1601    1  1.0     0.053   0.968   0.003   0.994
 1602    1  1.0     0.042   0.905   0.003   0.994
 1603    1  1.0     0.035   0.994   0.003   0.994
 1604    1  1.0     0.048   0.994   0.003   0.994
 1605    1  1.0     0.044   0.928   0.003   0.994
 1606    1  1.0     0.037   0.907   0.003   0.994
 1607    1  1.0     0.046   0.909   0.003   0.994
 1608    1  1.0     0.060   1.122   0.037   0.997
 1609    1  1.0     0.052   1.067   0.003   0.994
 1610    1  1.0     0.053   0.945   0.003   0.994
 1611    1  1.0     0.051   0.910   0.003   0.994
 1612    1  1.0     0.048   1.004   0.003   0.994
 1613    1  1.0     0.057   1.004   0.003   0.994
 1614    1  1.0     0.036   0.916   0.003   0.994
 1615    1  1.0     0.038   0.917   0.003   0.994
 1616    1  1.0     0.039   0.918   0.003   0.994
 1617    1  1.0     0.059   1.103   0.037   0.997
 1618    1  1.0     0.052   0.986   0.003   0.994
 1619    1  1.0     0.041   0.833   0.003   0.994
 1620    1  1.0     0.042   0.831   0.003   0.994
 1621    1  1.0     0.050   0.839   0.003   0.994
 1622    1  1.0     0.052   1.003   0.037   0.997
 1623    1  1.0     0.052   0.984   0.003   0.994
 1624    1  1.0     0.048   0.925   0.003   0.994
 1625    1  1.0     0.050   0.954   0.003   0.994
 1626    1  1.0     0.051   0.902   0.003   0.994
 1627    1  1.0     0.057   0.915   0.003   0.994
 1628    1  1.0     0.045   0.892   0.003   0.994
 1629    1  1.0     0.045   0.907   0.003   0.994
 1630    1  1.0     0.042   0.986   0.037   0.997
 1631    1  1.0     0.051   0.903   0.037   0.997
 1632    1  1.0     0.045   0.962   0.037   0.997
 1633    1  1.0     0.046   0.900   0.037   0.997
 1634    1  1.0     0.048   0.899   0.037   0.997
 1635    1  1.0     0.058   1.077   0.037   0.997
 1636    1  1.0     0.056   0.990   0.003   0.994
 1637    1  1.0     0.052   0.921   0.003   0.994
 1638    1  1.0     0.043   0.912   0.003   0.994
 1639    1  1.0     0.045   0.907   0.003   0.994
 1640    1  1.0     0.044   0.933   0.003   0.994
 1641    1  1.0     0.038   0.927   0.003   0.994
 1642    1  1.0     0.040   0.905   0.003   0.994
 1643    1  1.0     0.035   0.889   0.003   0.994
 1644    1  1.0     0.037   0.893   0.003   0.994
 1645    1  1.0    -0.000   0.894   0.037   0.997
 1646    1  1.0     0.000   0.900   0.037   0.997
 1647    1  1.0    -0.001   0.886   0.037   0.997
 1648    1  1.0     0.061   1.054   0.037   0.997
 1649    1  1.0     0.050   0.998   0.003   0.994
 1650    1  1.0     0.050   0.943   0.003   0.994
 1651    1  1.0     0.042   0.972   0.003   0.994
 1652    1  1.0     0.050   1.009   0.003   0.994
 1653    1  1.0     0.062   1.007   0.003   0.994
 1654    1  1.0     0.048   0.910   0.003   0.994
 1655    1  1.0     0.044   0.911   0.003   0.994
 1656    1  1.0     0.038   0.914   0.003   0.994
 1657    1  1.0     0.055   1.030   0.037   0.997
 1658    1  1.0     0.057   0.990   0.003   0.994
 1659    1  1.0     0.049   0.920   0.003   0.994
 1660    1  1.0     0.054   0.917   0.003   0.994
 1661    1  1.0     0.048   0.911   0.003   0.994
 1662    1  1.0     0.042   0.912   0.003   0.994
 1663    1  1.0     0.039   0.906   0.003   0.994
 1664    1  1.0     0.040   0.904   0.003   0.994
 1665    1  1.0     0.036   0.888   0.003   0.994
 1666    1  1.0     0.037   0.888   0.003   0.994
 1667    1  1.0     0.002   0.891   0.037   0.997
 1668    1  1.0     0.002   0.885   0.037   0.997
 1669    1  1.0    -0.000   0.882   0.037   0.997
 1670    1  1.0     0.061   1.023   0.037   0.997
 1671    1  1.0     0.062   0.995   0.003   0.994
 1672    1  1.0     0.061   0.912   0.003   0.994
 1673    1  1.0     0.058   0.909   0.003   0.994
 1674    1  1.0     0.058   1.053   0.037   0.997
 1675    1  1.0     0.057   0.974   0.003   0.994
 1676    1  1.0     0.054   0.952   0.003   0.994
 1677    1  1.0     0.066   1.007   0.045   0.995
 1678    1  1.0     0.043   0.828   0.003   0.994
 1679    1  1.0     0.057   0.853   0.003   0.994
 1680    1  1.0     0.049   0.832   0.003   0.994
 1681    1  1.0     0.065   1.096   0.037   0.997
 1682    1  1.0     0.066   0.991   0.003   0.994
 1683    1  1.0     0.060   0.907   0.003   0.994
 1684    1  1.0     0.059   0.910   0.003   0.994
 1685    1  1.0     0.058   1.110   0.037   0.997
 1686    1  1.0     0.059   0.976   0.003   0.994
 1687    1  1.0     0.050   0.868   0.003   0.994
 1688    1  1.0     0.051   0.874   0.003   0.994
 1689    1  1.0     0.065   0.958   0.045   0.995
 1690    1  1.0     0.059   1.111   0.037   0.997
 1691    1  1.0     0.061   0.988   0.003   0.994
 1692    1  1.0     0.054   0.915   0.003   0.994
 1693    1  1.0     0.062   0.925   0.003   0.994
 1694    1  1.0     0.057   0.916   0.003   0.994
 1695    1  1.0     0.050   0.903   0.003   0.994
 1696    1  1.0     0.058   1.016   0.037   0.997
 1697    1  1.0     0.068   1.025   0.003   0.994
 1698    1  1.0     0.054   0.909   0.003   0.994
 1699    1  1.0     0.055   0.909   0.003   0.994
 1700    1  1.0     0.067   0.918   0.003   0.994
 1701    1  1.0     0.056   0.902   0.003   0.994
 1702    1  1.0     0.061   1.056   0.037   0.997
 1703    1  1.0     0.065   1.003   0.003   0.994
 1704    1  1.0     0.062   0.924   0.003   0.994
 1705    1  1.0     0.056   0.915   0.003   0.994
 1706    1  1.0     0.063   0.926   0.003   0.994
 1707    1  1.0     0.062   0.926   0.003   0.994
 1708    1  1.0     0.057   1.051   0.037   0.997
 1709    1  1.0     0.052   0.981   0.003   0.994
 1710    1  1.0     0.052   0.989   0.003   0.994
 1711    1  1.0     0.051   0.925   0.003   0.994
 1712    1  1.0     0.041   0.910   0.003   0.994
 1713    1  1.0     0.037   0.834   0.003   0.994
 1714    1  1.0     0.048   0.848   0.003   0.994
 1715    1  1.0     0.042   0.833   0.003   0.994
 1716    1  1.0     0.044   0.826   0.003   0.994
 1717    1  1.0     0.048   0.829   0.003   0.994
 1718    1  1.0     0.041   0.834   0.003   0.994
 1719    1  1.0     0.056   1.039   0.037   0.997
 1720    1  1.0     0.054   0.996   0.003   0.994
 1721    1  1.0     0.050   0.913   0.003   0.994
 1722    1  1.0     0.057   0.910   0.003   0.994
 1723    1  1.0     0.057   0.939   0.003   0.994
 1724    1  1.0     0.053   0.928   0.003   0.994
 1725    1  1.0     0.046   0.902   0.003   0.994
 1726    1  1.0     0.051   0.905   0.003   0.994
 1727    1  1.0     0.048   1.008   0.037   0.997
 1728    1  1.0     0.050   0.901   0.037   0.997
 1729    1  1.0     0.049   0.920   0.037   0.997
 1730    1  1.0     0.050   0.898   0.037   0.997
 1731    1  1.0     0.056   0.900   0.037   0.997
 1732    1  1.0     0.058   1.042   0.037   0.997
 1733    1  1.0     0.055   0.985   0.003   0.994
 1734    1  1.0     0.057   0.913   0.003   0.994
 1735    1  1.0     0.060   0.917   0.003   0.994
 1736    1  1.0     0.070   1.074   0.003   0.994
 1737    1  1.0     0.052   0.919   0.003   0.994
 1738    1  1.0     0.056   1.053   0.037   0.997
 1739    1  1.0     0.053   0.976   0.003   0.994
 1740    1  1.0     0.043   0.828   0.003   0.994
 1741    1  1.0     0.046   0.827   0.003   0.994
 1742    1  1.0     0.051   0.835   0.003   0.994
 1743    1  1.0     0.056   1.053   0.037   0.997
 1744    1  1.0     0.058   0.978   0.003   0.994
 1745    1  1.0     0.052   0.922   0.003   0.994
 1746    1  1.0     0.050   0.917   0.003   0.994
 1747    1  1.0     0.070   0.944   0.003   0.995
 1748    1  1.0     0.066   0.916   0.003   0.995
 1749    1  1.0     0.071   0.912   0.003   0.995
 1750    1  1.0     0.070   0.906   0.003   0.995
 1751    1  1.0     0.077   0.919   0.003   0.995
 1752    1  1.0     0.058   1.043   0.037   0.997
 1753    1  1.0     0.055   1.005   0.003   0.994
 1754    1  1.0     0.051   0.925   0.003   0.994
 1755    1  1.0     0.054   0.915   0.003   0.994
 1756    1  1.0     0.052   0.912   0.003   0.994
 1757    1  1.0     0.043   0.910   0.003   0.994
 1758    1  1.0     0.044   0.920   0.003   0.994
 1759    1  1.0     0.043   0.905   0.003   0.994
 1760    1  1.0     0.041   0.990   0.037   0.997
 1761    1  1.0     0.051   0.902   0.037   0.997
 1762    1  1.0     0.045   0.928   0.037   0.997
 1763    1  1.0     0.065   0.927   0.037   0.997
 1764    1  1.0     0.048   0.902   0.037   0.997
 1765    1  1.0     0.058   1.031   0.037   0.997
 1766    1  1.0     0.058   0.982   0.003   0.994
 1767    1  1.0     0.053   0.981   0.003   0.994
 1768    1  1.0     0.038   0.827   0.003   0.994
 1769    1  1.0     0.048   0.845   0.003   0.994
 1770    1  1.0     0.043   0.831   0.003   0.994
 1771    1  1.0     0.042   0.828   0.003   0.994
 1772    1  1.0     0.043   0.832   0.003   0.994
 1773    1  1.0     0.055   0.855   0.003   0.994
 1774    1  1.0     0.058   1.018   0.037   0.997
 1775    1  1.0     0.055   1.004   0.003   0.994
 1776    1  1.0     0.044   0.922   0.003   0.994
 1777    1  1.0     0.048   0.926   0.003   0.994
 1778    1  1.0     0.058   0.917   0.003   0.995
 1779    1  1.0     0.072   0.924   0.003   0.995
 1780    1  1.0     0.058   0.964   0.003   0.995
 1781    1  1.0     0.061   0.909   0.003   0.995
 1782    1  1.0     0.060   0.908   0.003   0.995
 1783    1  1.0     0.063   1.097   0.037   0.997
 1784    1  1.0     0.041   1.046   0.003   0.994
 1785    1  1.0     0.064   0.912   0.003   0.994
 1786    1  1.0     0.055   0.909   0.003   0.994
 1787    1  1.0     0.054   1.093   0.037   0.997
 1788    1  1.0     0.058   1.000   0.003   0.994
 1789    1  1.0     0.044   0.959   0.003   0.994
 1790    1  1.0     0.038   0.906   0.003   0.994
 1791    1  1.0     0.049   0.924   0.003   0.994
 1792    1  1.0     0.040   0.906   0.003   0.994
 1793    1  1.0     0.040   0.907   0.003   0.994
 1794    1  1.0     0.046   0.913   0.003   0.994
 1795    1  1.0     0.039   0.892   0.003   0.994
 1796    1  1.0     0.041   0.888   0.003   0.994
 1797    1  1.0     0.006   0.884   0.037   0.997
 1798    1  1.0     0.002   0.883   0.037   0.997
 1799    1  1.0     0.004   0.894   0.037   0.997
 1800    1  1.0     0.046   1.252   0.037   0.998
 1801    1  1.0     0.058   0.999   0.003   0.994
 1802    1  1.0     0.045   0.913   0.003   0.994
 1803    1  1.0     0.057   0.910   0.003   0.994
 1804    1  1.0     0.066   1.248   0.037   0.998
 1805    1  1.0     0.062   0.908   0.003   0.994
 1806    1  1.0     0.062   0.912   0.003   0.994
 1807    1  1.0     0.028   1.227   0.037   0.998
 1808    1  1.0     0.065   1.019   0.003   0.994
 1809    1  1.0     0.052   0.918   0.003   0.994
 1810    1  1.0     0.055   0.912   0.003   0.994
 1811    1  1.0     0.037   1.012   0.037   0.998
 1812    1  1.0     0.057   0.908   0.037   0.997
 1813    1  1.0     0.062   1.184   0.037   0.998
 1814    1  1.0     0.066   0.916   0.003   0.994
 1815    1  1.0     0.053   0.900   0.003   0.994
 1816    1  1.0     0.031   1.181   0.037   0.998
 1817    1  1.0     0.061   1.001   0.003   0.994
 1818    1  1.0     0.046   0.938   0.003   0.994
 1819    1  1.0     0.036   0.997   0.003   0.994
 1820    1  1.0     0.058   0.922   0.003   0.995
 1821    1  1.0     0.073   0.917   0.003   0.995
 1822    1  1.0     0.061   1.037   0.003   0.995
 1823    1  1.0     0.072   0.905   0.003   0.995
 1824    1  1.0     0.072   0.905   0.003   0.995
 1825    1  1.0     0.065   1.200   0.037   0.999
 1826    1  1.0     0.035   1.065   0.003   0.994
 1827    1  1.0     0.045   0.990   0.003   0.994
 1828    1  1.0     0.052   0.930   0.003   0.994
 1829    1  1.0     0.044   0.913   0.003   0.994
 1830    1  1.0     0.034   0.839   0.003   0.994
 1831    1  1.0     0.049   0.844   0.003   0.994
 1832    1  1.0     0.045   0.837   0.003   0.994
 1833    1  1.0     0.051   0.841   0.003   0.994
 1834    1  1.0     0.039   0.833   0.003   0.994
 1835    1  1.0     0.038   0.840   0.003   0.994
 1836    1  1.0     0.031   1.038   0.037   0.997
 1837    1  1.0     0.052   1.003   0.003   0.994
 1838    1  1.0     0.037   0.884   0.003   0.994
 1839    1  1.0     0.045   0.866   0.003   0.994
 1840    1  1.0     0.034   0.948   0.045   0.995
 1841    1  1.0     0.038   0.992   0.037   0.997
 1842    1  1.0     0.048   0.979   0.003   0.994
 1843    1  1.0     0.050   0.835   0.003   0.994
 1844    1  1.0     0.044   0.827   0.003   0.994
 1845    1  1.0     0.049   0.831   0.003   0.994
 1846    1  1.0     0.039   1.006   0.037   0.997
 1847    1  1.0     0.055   0.984   0.003   0.994
 1848    1  1.0     0.047   0.830   0.003   0.994
 1849    1  1.0     0.043   0.828   0.003   0.994
 1850    1  1.0     0.042   0.833   0.003   0.994
 1851    1  1.0     0.045   1.009   0.037   0.997
 1852    1  1.0     0.051   0.999   0.003   0.994
 1853    1  1.0     0.055   0.938   0.003   0.994
 1854    1  1.0     0.049   0.939   0.003   0.994
 1855    1  1.0     0.037   0.930   0.003   0.994
 1856    1  1.0     0.039   0.947   0.003   0.994
 1857    1  1.0     0.058   1.100   0.037   0.997
 1858    1  1.0     0.050   0.990   0.003   0.994
 1859    1  1.0     0.048   0.919   0.003   0.994
 1860    1  1.0     0.039   0.915   0.003   0.994
 1861    1  1.0     0.044   0.996   0.003   0.994
 1862    1  1.0     0.037   0.831   0.003   0.994
 1863    1  1.0     0.044   0.840   0.003   0.994
 1864    1  1.0     0.039   0.835   0.003   0.994
 1865    1  1.0     0.033   0.873   0.003   0.994
 1866    1  1.0     0.035   0.836   0.003   0.994
 1867    1  1.0     0.037   0.832   0.003   0.994
 1868    1  1.0     0.060   1.100   0.037   0.997
 1869    1  1.0     0.048   0.968   0.003   0.994
 1870    1  1.0     0.049   0.926   0.003   0.994
 1871    1  1.0     0.047   0.913   0.003   0.994
 1872    1  1.0     0.049   0.898   0.003   0.994
 1873    1  1.0     0.045   0.900   0.003   0.994
 1874    1  1.0     0.052   0.898   0.003   0.994
 1875    1  1.0     0.052   0.906   0.003   0.994
 1876    1  1.0     0.043   1.008   0.037   0.997
 1877    1  1.0     0.046   0.900   0.037   0.998
 1878    1  1.0     0.046   0.918   0.037   0.997
 1879    1  1.0     0.047   0.902   0.037   0.997
 1880    1  1.0     0.047   0.902   0.037   0.997
 1881    1  1.0     0.057   1.086   0.037   0.997
 1882    1  1.0     0.054   0.991   0.003   0.994
 1883    1  1.0     0.052   0.919   0.003   0.994
 1884    1  1.0     0.044   0.911   0.003   0.994
 1885    1  1.0     0.025   0.961   0.037   0.997
 1886    1  1.0     0.058   0.878   0.003   0.995
 1887    1  1.0     0.063   0.872   0.003   0.995
 1888    1  1.0     0.058   1.144   0.037   0.998
 1889    1  1.0     0.055   0.987   0.003   0.994
 1890    1  1.0     0.047   0.982   0.003   0.994
 1891    1  1.0     0.044   0.832   0.003   0.994
 1892    1  1.0     0.046   0.858   0.003   0.994
 1893    1  1.0     0.043   0.835   0.003   0.994
 1894    1  1.0     0.054   0.833   0.003   0.994
 1895    1  1.0     0.043   0.834   0.003   0.994
 1896    1  1.0     0.051   0.861   0.003   0.994
 1897    1  1.0     0.059   1.049   0.037   0.997
 1898    1  1.0     0.052   1.095   0.003   0.994
 1899    1  1.0     0.054   0.955   0.003   0.994
 1900    1  1.0     0.057   0.918   0.003   0.994
 1901    1  1.0     0.036   1.002   0.003   0.994
 1902    1  1.0     0.048   1.012   0.003   0.994
 1903    1  1.0     0.043   0.931   0.003   0.994
 1904    1  1.0     0.038   0.933   0.003   0.994
 1905    1  1.0     0.034   0.988   0.003   0.994
 1906    1  1.0     0.058   1.042   0.037   0.997
 1907    1  1.0     0.062   0.982   0.003   0.994
 1908    1  1.0     0.045   0.934   0.003   0.994
 1909    1  1.0     0.058   0.917   0.045   0.995
 1910    1  1.0     0.044   0.828   0.003   0.994
 1911    1  1.0     0.064   0.916   0.003   0.994
 1912    1  1.0     0.055   0.864   0.003   0.994
 1913    1  1.0     0.060   1.053   0.037   0.997
 1914    1  1.0     0.061   0.999   0.003   0.994
 1915    1  1.0     0.055   0.922   0.003   0.994
 1916    1  1.0     0.061   0.908   0.003   0.994
 1917    1  1.0     0.054   0.893   0.037   0.997
 1918    1  1.0     0.049   0.902   0.037   0.997
 1919    1  1.0     0.066   1.178   0.037   0.997
 1920    1  1.0     0.059   0.999   0.003   0.994
 1921    1  1.0     0.051   0.916   0.003   0.994
 1922    1  1.0     0.055   0.916   0.003   0.994
 1923    1  1.0     0.062   1.074   0.003   0.994
 1924    1  1.0     0.037   0.832   0.003   0.994
 1925    1  1.0     0.041   0.830   0.003   0.994
 1926    1  1.0     0.041   0.833   0.003   0.994
 1927    1  1.0     0.039   0.828   0.003   0.994
 1928    1  1.0     0.042   0.832   0.003   0.994
 1929    1  1.0     0.051   0.835   0.003   0.994
 1930    1  1.0     0.061   1.143   0.037   0.997
 1931    1  1.0     0.064   0.915   0.003   0.994
 1932    1  1.0     0.052   0.900   0.003   0.994
 1933    1  1.0     0.064   1.155   0.037   0.998
 1934    1  1.0     0.071   1.034   0.003   0.994
 1935    1  1.0     0.051   0.930   0.003   0.994
 1936    1  1.0     0.055   0.910   0.003   0.994
 1937    1  1.0     0.052   0.917   0.003   0.994
 1938    1  1.0     0.042   0.956   0.003   0.994
 1939    1  1.0     0.047   0.990   0.037   0.997
 1940    1  1.0     0.050   1.039   0.003   0.994
 1941    1  1.0     0.049   0.912   0.003   0.994
 1942    1  1.0     0.048   0.914   0.003   0.994
 1943    1  1.0     0.045   0.918   0.003   0.994
 1944    1  1.0     0.041   0.908   0.003   0.994
 1945    1  1.0     0.038   0.909   0.003   0.994
 1946    1  1.0     0.039   0.912   0.003   0.994
 1947    1  1.0     0.040   0.896   0.003   0.994
 1948    1  1.0     0.041   0.898   0.003   0.994
 1949    1  1.0     0.002   0.894   0.037   0.997
 1950    1  1.0     0.003   0.888   0.037   0.997
 1951    1  1.0     0.002   0.894   0.037   0.997
 1952    1  1.0     0.044   0.999   0.037   0.997
 1953    1  1.0     0.064   0.996   0.003   0.994
 1954    1  1.0     0.043   0.919   0.003   0.994
 1955    1  1.0     0.043   0.929   0.003   0.994
 1956    1  1.0     0.056   1.014   0.003   0.994
 1957    1  1.0     0.035   0.833   0.003   0.994
 1958    1  1.0     0.037   0.832   0.003   0.994
 1959    1  1.0     0.033   0.846   0.003   0.994
 1960    1  1.0     0.050   0.832   0.003   0.994
 1961    1  1.0     0.044   0.836   0.003   0.994
 1962    1  1.0     0.059   0.833   0.003   0.994
 1963    1  1.0     0.051   1.050   0.037   0.997
 1964    1  1.0     0.054   0.993   0.003   0.994
 1965    1  1.0     0.044   0.940   0.003   0.994
 1966    1  1.0     0.057   0.949   0.045   0.995
 1967    1  1.0     0.047   0.826   0.003   0.994
 1968    1  1.0     0.045   0.829   0.003   0.994
 1969    1  1.0     0.052   0.835   0.003   0.994
 1970    1  1.0     0.043   0.998   0.037   0.997
 1971    1  1.0     0.063   0.990   0.003   0.994
 1972    1  1.0     0.067   0.919   0.003   0.994
 1973    1  1.0     0.055   0.916   0.003   0.994
 1974    1  1.0     0.039   1.012   0.037   0.997
 1975    1  1.0     0.072   0.996   0.003   0.994
 1976    1  1.0     0.044   0.913   0.003   0.994
 1977    1  1.0     0.055   0.920   0.003   0.994
 1978    1  1.0     0.069   0.922   0.003   0.994
 1979    1  1.0     0.057   0.904   0.003   0.994
 1980    1  1.0     0.045   1.023   0.037   0.997
 1981    1  1.0     0.063   1.001   0.003   0.994
 1982    1  1.0     0.053   0.909   0.003   0.994
 1983    1  1.0     0.051   0.913   0.003   0.994
 1984    1  1.0     0.045   0.923   0.003   0.994
 1985    1  1.0     0.058   0.908   0.003   0.994
 1986    1  1.0     0.053   1.028   0.037   0.997
 1987    1  1.0     0.044   1.121   0.003   0.994
 1988    1  1.0     0.043   0.984   0.003   0.994
 1989    1  1.0     0.038   0.839   0.003   0.994
 1990    1  1.0     0.032   0.836   0.003   0.994
 1991    1  1.0     0.046   0.841   0.003   0.994
 1992    1  1.0     0.047   0.833   0.003   0.994
 1993    1  1.0     0.058   0.850   0.003   0.994
 1994    1  1.0     0.053   0.852   0.003   0.994
 1995    1  1.0     0.060   1.040   0.037   0.997
 1996    1  1.0     0.063   0.993   0.003   0.994
 1997    1  1.0     0.056   0.925   0.003   0.994
 1998    1  1.0     0.066   0.936   0.003   0.994
 1999    1  1.0     0.056   1.046   0.037   0.997
 2000    1  1.0     0.057   0.998   0.003   0.994
 2001    1  1.0     0.060   0.905   0.003   0.994
 2002    1  1.0     0.063   0.910   0.003   0.994
 2003    1  1.0     0.060   0.923   0.003   0.994
 2004    1  1.0     0.051   0.929   0.003   0.994
 2005    1  1.0     0.054   1.027   0.037   0.997
 2006    1  1.0     0.061   0.989   0.003   0.994
 2007    1  1.0     0.046   0.942   0.003   0.994
 2008    1  1.0     0.044   0.946   0.003   0.994
 2009    1  1.0     0.057   1.046   0.003   0.994
 2010    1  1.0     0.049   1.003   0.003   0.994
 2011    1  1.0     0.032   0.940   0.003   0.994
 2012    1  1.0     0.037   1.049   0.003   0.994
 2013    1  1.0     0.034   1.002   0.003   0.994
 2014    1  1.0     0.056   1.071   0.037   0.997
 2015    1  1.0     0.049   0.991   0.003   0.994
 2016    1  1.0     0.051   0.989   0.003   0.994
 2017    1  1.0     0.040   0.909   0.003   0.994
 2018    1  1.0     0.051   0.946   0.003   0.994
 2019    1  1.0     0.050   0.831   0.003   0.994
 2020    1  1.0     0.053   0.855   0.003   0.994
 2021    1  1.0     0.044   0.836   0.003   0.994
 2022    1  1.0     0.040   0.827   0.003   0.994
 2023    1  1.0     0.044   0.833   0.003   0.994
 2024    1  1.0     0.036   0.836   0.003   0.994
 2025    1  1.0     0.059   1.071   0.037   0.997
 2026    1  1.0     0.054   0.993   0.003   0.994
 2027    1  1.0     0.051   0.932   0.003   0.994
 2028    1  1.0     0.053   0.915   0.003   0.994
 2029    1  1.0     0.055   0.921   0.003   0.994
 2030    1  1.0     0.044   0.912   0.003   0.994
 2031    1  1.0     0.046   0.905   0.003   0.994
 2032    1  1.0     0.044   0.898   0.003   0.994
 2033    1  1.0     0.043   0.987   0.037   0.997
 2034    1  1.0     0.054   0.898   0.037   0.997
 2035    1  1.0     0.049   0.920   0.037   0.997
 2036    1  1.0     0.054   0.902   0.037   0.997
 2037    1  1.0     0.051   0.899   0.037   0.997
 2038    1  1.0     0.058   1.050   0.037   0.997
 2039    1  1.0     0.060   0.993   0.003   0.994
 2040    1  1.0     0.063   0.921   0.003   0.994
 2041    1  1.0     0.056   0.912   0.003   0.994
 2042    1  1.0     0.059   0.913   0.003   0.994
 2043    1  1.0     0.056   0.983   0.003   0.994
 2044    1  1.0     0.060   1.032   0.037   0.997
 2045    1  1.0     0.057   1.020   0.003   0.994
 2046    1  1.0     0.046   0.831   0.003   0.994
 2047    1  1.0     0.038   0.839   0.003   0.994
 2048    1  1.0     0.047   0.833   0.003   0.994
 2049    1  1.0     0.061   1.060   0.037   0.997
 2050    1  1.0     0.031   1.154   0.003   0.994
 2051    1  1.0     0.065   0.915   0.003   0.994
 2052    1  1.0     0.048   0.924   0.003   0.994
 2053    1  1.0     0.051   1.066   0.037   0.997
 2054    1  1.0     0.060   0.997   0.003   0.994
 2055    1  1.0     0.042   0.988   0.003   0.994
 2056    1  1.0     0.046   0.918   0.003   0.994
 2057    1  1.0     0.044   0.914   0.003   0.994
 2058    1  1.0     0.039   0.837   0.003   0.994
 2059    1  1.0     0.052   0.855   0.003   0.994
 2060    1  1.0     0.048   0.832   0.003   0.994
 2061    1  1.0     0.038   0.830   0.003   0.994
 2062    1  1.0     0.038   0.833   0.003   0.994
 2063    1  1.0     0.039   0.840   0.003   0.994
 2064    1  1.0     0.039   1.192   0.037   0.997
 2065    1  1.0     0.060   1.010   0.003   0.994
 2066    1  1.0     0.044   0.913   0.003   0.994
 2067    1  1.0     0.058   0.901   0.003   0.994
 2068    1  1.0     0.062   1.143   0.037   0.997
 2069    1  1.0     0.064   0.909   0.003   0.994
 2070    1  1.0     0.065   0.914   0.003   0.994
 2071    1  1.0     0.022   1.334   0.037   1.010
 2072    1  1.0     0.067   1.016   0.003   0.994
 2073    1  1.0     0.054   0.922   0.003   0.994
 2074    1  1.0     0.063   0.904   0.003   0.994
 2075    1  1.0     0.055   1.144   0.037   0.997
 2076    1  1.0     0.066   0.924   0.003   0.994
 2077    1  1.0     0.056   0.901   0.003   0.994
 2078    1  1.0     0.037   1.208   0.037   0.998
 2079    1  1.0     0.053   0.985   0.003   0.994
 2080    1  1.0     0.051   0.951   0.003   0.994
 2081    1  1.0     0.049   0.927   0.003   0.994
 2082    1  1.0     0.065   0.919   0.003   0.994
 2083    1  1.0     0.058   0.916   0.003   0.994
 2084    1  1.0     0.032   1.143   0.037   0.997
 2085    1  1.0     0.041   0.965   0.037   0.997
 2086    1  1.0     0.060   1.120   0.037   0.998
 2087    1  1.0     0.034   1.099   0.003   0.994
 2088    1  1.0     0.042   0.990   0.003   0.994
 2089    1  1.0     0.035   0.831   0.003   0.994
 2090    1  1.0     0.055   0.853   0.003   0.994
 2091    1  1.0     0.043   0.837   0.003   0.994
 2092    1  1.0     0.036   0.832   0.003   0.994
 2093    1  1.0     0.043   0.836   0.003   0.994
 2094    1  1.0     0.039   0.839   0.003   0.994
 2095    1  1.0     0.029   1.106   0.037   0.997
 2096    1  1.0     0.059   1.008   0.003   0.994
 2097    1  1.0     0.045   0.916   0.003   0.994
 2098    1  1.0     0.059   0.902   0.003   0.994
 2099    1  1.0     0.043   0.985   0.037   0.997
 2100    1  1.0     0.064   1.204   0.037   0.998
 2101    1  1.0     0.045   0.992   0.037   0.997
 2102    1  1.0     0.061   1.009   0.003   0.994
 2103    1  1.0     0.059   0.920   0.003   0.994
 2104    1  1.0     0.051   0.908   0.003   0.994
 2105    1  1.0     0.068   0.920   0.003   0.995
 2106    1  1.0     0.076   0.914   0.003   0.995
 2107    1  1.0     0.061   0.909   0.003   0.995
 2108    1  1.0     0.068   0.908   0.003   0.995
 2109    1  1.0     0.073   1.098   0.045   0.995
 2110    1  1.0     0.063   1.162   0.037   0.997
 2111    1  1.0     0.057   0.993   0.003   0.994
 2112    1  1.0     0.045   0.906   0.003   0.994
 2113    1  1.0     0.053   0.911   0.003   0.994
 2114    1  1.0     0.051   0.904   0.003   0.994
 2115    1  1.0     0.052   0.899   0.003   0.994
 2116    1  1.0     0.038   1.285   0.037   1.001
 2117    1  1.0     0.051   0.998   0.003   0.994
 2118    1  1.0     0.056   0.929   0.003   0.994
 2119    1  1.0     0.047   0.939   0.003   0.994
 2120    1  1.0     0.044   0.950   0.003   0.994
 2121    1  1.0     0.042   0.918   0.003   0.994
 2122    1  1.0     0.058   1.075   0.037   0.997
 2123    1  1.0     0.053   0.976   0.003   0.994
 2124    1  1.0     0.057   0.939   0.003   0.994
 2125    1  1.0     0.046   0.918   0.003   0.994
 2126    1  1.0     0.062   0.913   0.003   0.995
 2127    1  1.0     0.056   0.911   0.003   0.995
 2128    1  1.0     0.064   0.904   0.003   0.995
 2129    1  1.0     0.062   0.905   0.003   0.995
 2130    1  1.0     0.062   0.904   0.003   0.995
 2131    1  1.0     0.057   1.081   0.037   0.997
 2132    1  1.0     0.053   0.991   0.003   0.994
 2133    1  1.0     0.052   0.989   0.003   0.994
 2134    1  1.0     0.045   0.832   0.003   0.994
 2135    1  1.0     0.055   0.855   0.003   0.994
 2136    1  1.0     0.047   0.837   0.003   0.994
 2137    1  1.0     0.051   0.837   0.003   0.994
 2138    1  1.0     0.041   0.838   0.003   0.994
 2139    1  1.0     0.058   0.846   0.003   0.994
 2140    1  1.0     0.056   1.043   0.037   0.997
 2141    1  1.0     0.061   0.986   0.003   0.994
 2142    1  1.0     0.048   0.943   0.003   0.994
 2143    1  1.0     0.060   0.926   0.045   0.995
 2144    1  1.0     0.040   0.827   0.003   0.994
 2145    1  1.0     0.055   0.850   0.003   0.994
 2146    1  1.0     0.050   0.831   0.003   0.994
 2147    1  1.0     0.061   1.054   0.037   0.997
 2148    1  1.0     0.062   1.020   0.003   0.994
 2149    1  1.0     0.047   0.907   0.003   0.994
 2150    1  1.0     0.043   0.932   0.003   0.994
 2151    1  1.0     0.046   0.992   0.003   0.994
 2152    1  1.0     0.038   0.987   0.003   0.994
 2153    1  1.0     0.054   0.951   0.003   0.994
 2154    1  1.0     0.044   0.941   0.003   0.994
 2155    1  1.0     0.045   0.966   0.003   0.994
 2156    1  1.0     0.034   1.231   0.037   1.001
 2157    1  1.0     0.057   1.087   0.003   0.994
 2158    1  1.0     0.068   0.849   0.003   0.995
 2159    1  1.0     0.044   0.934   0.003   0.994
 2160    1  1.0     0.047   0.943   0.003   0.994
 2161    1  1.0     0.043   1.023   0.003   0.994
 2162    1  1.0     0.041   1.005   0.003   0.994
 2163    1  1.0     0.042   0.910   0.003   0.994
 2164    1  1.0     0.042   0.911   0.003   0.994
 2165    1  1.0     0.042   0.911   0.003   0.994
 2166    1  1.0     0.034   0.740   0.009   0.919
 2167    1  1.0     0.015   0.875   0.009   0.919
 2168    1  1.0     0.044   0.647   0.009   0.919
 2169    1  1.0     0.046   0.654   0.009   0.919
 2170    1  1.0    -0.015   1.191   0.009   1.493
 2171    1  1.0     0.004   1.030   0.009   0.980
 2172    1  1.0     0.058   0.651   0.009   0.919
 2173    1  1.0     0.044   0.646   0.009   0.919
 2174    1  1.0     0.041   0.716   0.009   0.919
 2175    1  1.0     0.045   0.650   0.009   0.919
 2176    1  1.0     0.017   0.852   0.009   0.919
 2177    1  1.0     0.039   0.869   0.009   0.919
 2178    1  1.0     0.039   0.945   0.009   0.919
 2179    1  1.0     0.014   1.232   0.009   1.254
 computing Vecp ...
 WARNING: RUNNING ONLY THE FIRST ITERATION!!!
 PTB H matrix iteration                      1  done. Now solving ...

Total solve2                                 144.174602985 sec
* sygvd solver                               130.928870916 sec

nel: 6263, nel_calc:      6263.00000000
 nel in P=   6263.00000000008      required nel=                  6263
 idempotency deviation  0.174448712021209       9.999999776482582E-003
 Error: density matrix is not idempotent.
 Stupid simple implementation of the submatrix method:                     4                     2
 kmeans                     1   55688797903.0213        1.72323203086853     
 kmeans                    63   55817456791.0781        3.02221703529358     
 kmeans                    64   55777524154.0308        3.04008293151855     
 kmeans                    61   55704713526.0875        3.05678415298462     
 kmeans                    59   55242460919.8161        3.05944085121155     
 kmeans                    62   55155406264.3866        3.06018996238708     
 kmeans                    60   54617345932.6126        3.07959103584290     
 kmeans                    58   54579913265.8125        3.08848905563354     
 kmeans                    56   55001827636.8869        3.10007977485657     
 kmeans                    54   52979440674.6996        3.11223101615906     
 kmeans                    50   52140752258.6395        3.11546206474304     
 kmeans                    57   54741644702.0445        3.11733508110046     
 kmeans                    55   53012005686.4735        3.13094902038574     
 kmeans                    53   52529236227.6877        3.13796401023865     
 kmeans                    51   51570155074.6156        3.17843198776245     
 kmeans                    49   50754535210.6606        3.18119096755981     
 kmeans                    48   53081476252.8734        3.19930696487427     
 kmeans                    52   53134462535.9989        3.21483683586121     
 kmeans                    44   50161281000.9066        3.23767805099487     
 kmeans                    47   51160182309.8767        3.23818922042847     
 kmeans                    45   51415808757.9624        3.25699210166931     
 kmeans                    46   50426798395.8435        3.26952886581421     
 kmeans                    43   48887112792.1567        3.28197693824768     
 kmeans                    42   50051162264.2666        3.28624486923218     
 kmeans                    41   48350173849.9288        3.32760095596313     
 kmeans                    39   47635614156.2972        3.33306598663330     
 kmeans                    40   47481997396.5952        3.34372901916504     
 kmeans                    38   47415974528.2238        3.38153791427612     
 kmeans                    37   47022493544.6492        3.39255785942078     
 kmeans                    36   46048441275.5267        3.42639803886414     
 kmeans                    34   45523489988.2320        3.47322607040405     
 kmeans                    35   44597361008.1325        3.50012302398682     
 kmeans                     2   24401412104.5183        3.53124189376831     
 kmeans                    32   44605876960.7513        3.53522896766663     
 kmeans                    33   44565378967.8026        3.54670405387878     
 kmeans                    31   44504376366.7785        3.61497187614441     
 kmeans                    30   44015572691.2316        3.62819409370422     
 kmeans                    28   42673945072.0698        3.69575500488281     
 kmeans                    29   45021665839.6959        3.72964906692505     
 kmeans                    26   41915085955.2050        3.77228999137878     
 kmeans                     3   23181475810.2873        3.84770488739014     
 kmeans                    25   39677255452.9722        3.86566495895386     
 kmeans                    24   39009708532.8297        3.89691901206970     
 kmeans                    27   42789395661.0168        3.90482711791992     
 kmeans                    22   38725036656.5253        3.97726297378540     
 kmeans                    21   38536525715.2545        3.99167585372925     
 kmeans                     4   24582972898.5382        4.01942014694214     
 kmeans                    23   39639969259.0805        4.02041697502136     
 kmeans                    20   37101717949.9260        4.08154702186584     
 kmeans                    19   35213041741.9690        4.09940505027771     
 kmeans                    18   35834956044.1993        4.12850308418274     
 kmeans                     5   24853008904.4291        4.18135809898376     
 kmeans                    17   34384147034.0435        4.20044708251953     
 kmeans                    15   32080559022.0984        4.21677803993225     
 kmeans                    14   32397243472.5681        4.25309991836548     
 kmeans                     6   25169471198.4371        4.28470492362976     
 kmeans                     8   27649267602.7084        4.29032301902771     
 kmeans                    13   31345490144.6749        4.30623292922974     
 kmeans                    16   35044424774.9001        4.31294989585876     
 kmeans                    12   29617046145.8534        4.32366991043091     
 kmeans                    11   29266713347.3074        4.33974099159241     
 kmeans                     7   26377528297.4555        4.36823701858521     
 kmeans                     9   27232516857.7732        4.37491798400879     
 kmeans                    10   28182688780.0181        4.37507009506226     
 number of submatrices=                     3
 average sm dim=                  9005
 effort for full matrix ops=   55688797903.0213     
 sums of efforts for submatrices=   23222418563.2811     
 ratio  0.417003408903197     
 sm                     1                  8582   28.1453518867493     
 sm                     2                  9716   19.4958181381226     
 sm                     3                  8717   15.4962291717529     
 muiter                     1 mu  0.000000000000000E+000   17702.8835420611      of                  6263
 muiter                     2 mu  -5.00000000000000        24.0000000375894      of                  6263
 muiter                     3 mu  -2.50000000000000        2693.08108059739      of                  6263
 muiter                     4 mu  -1.25000000000000        7393.80212292269      of                  6263
 muiter                     5 mu  -1.87500000000000        6277.99925403618      of                  6263
 muiter                     6 mu  -2.18750000000000        4845.63758787929      of                  6263
 muiter                     7 mu  -2.03125000000000        5553.12418238051      of                  6263
 muiter                     8 mu  -1.95312500000000        6078.71322150981      of                  6263
 muiter                     9 mu  -1.91406250000000        6274.78696926053      of                  6263
 muiter                    10 mu  -1.93359375000000        6220.03579908333      of                  6263
 muiter                    11 mu  -1.92382812500000        6254.86810071366      of                  6263
 muiter                    12 mu  -1.91894531250000        6267.84921925604      of                  6263
 muiter                    13 mu  -1.92138671875000        6260.50112231742      of                  6263
 muiter                    14 mu  -1.92016601562500        6264.59453257187      of                  6263
 muiter                    15 mu  -1.92077636718750        6262.54924286320      of                  6263
 muiter                    16 mu  -1.92047119140625        6263.58899008547      of                  6263
 muiter                    17 mu  -1.92062377929688        6263.07134902469      of                  6263
 muiter                    18 mu  -1.92070007324219        6262.81058593398      of                  6263
 muiter                    19 mu  -1.92066192626953        6262.94107379801      of                  6263
 muiter                    20 mu  -1.92064285278320        6263.00624220048      of                  6263
 muiter                    21 mu  -1.92065238952637        6262.97366517143      of                  6263
 muiter                    22 mu  -1.92064762115479        6262.98995554471      of                  6263
 muiter                    23 mu  -1.92064523696899        6262.99809934549      of                  6263
 muiter                    24 mu  -1.92064404487610        6263.00217089224      of                  6263
 muiter                    25 mu  -1.92064464092255        6263.00013514855      of                  6263
 muiter                    26 mu  -1.92064493894577        6262.99911725443      of                  6263
 muiter                    27 mu  -1.92064478993416        6262.99962620334      of                  6263
 muiter                    28 mu  -1.92064471542835        6262.99988067641      of                  6263
 muiter                    29 mu  -1.92064467817545        6263.00000791260      of                  6263
 iteration of chemical potential converged
 final iteration to get density matrix

Submatrix                                     89.292320013 sec
* alloc and filter                             3.209294081 sec
* submatrix combination                        7.393700838 sec
* submatrix stats                              2.844193935 sec
* mu iter                                     74.554612875 sec
* submatrix construction                       0.345799208 sec
* submatrix matrix function                   69.393617153 sec
* submatrix eigendecomp                       64.426895142 sec
* submatrix fe                                 4.966440201 sec
* submatrix occ                                0.004059553 sec
* submatrix Nel                                0.000616074 sec
* submatrix final iter                         3.867642879 sec
* submatrix dealloc                            1.290241957 sec
*                                              0.000000000 sec
*                                              0.000000000 sec
*                                              0.000000000 sec
*                                              0.000000000 sec
*                                              0.000000000 sec
*                                              0.000000000 sec
*                                              0.000000000 sec
*                                              0.000000000 sec

 first elements Pref   1.05075203444894       0.285881872991090       7.929198625455453E-002 -2.312982327625908E-002  1.659384170277089E-003  0.582590925303847       1.203375124123450E-002  5.697678508230303E-004  3.532315073154689E-003  0.583653282818011     
 first elements P      1.05075203444860       0.285881872990989       7.929198625505227E-002 -2.312982327675670E-002  1.659384176414596E-003  0.582590925375906       1.203375124144460E-002  5.697678475724562E-004  3.532315034852832E-003  0.583653282838317     
 Sparsity of Pref:
   dimension                                   19875
   nonzero elements                        197546455
   sparsity                     0.500097825244255     
   average elements per column                  9939
 Sparsity of P:
   dimension                                   19875
   nonzero elements                         91057383
   sparsity                     0.230515901744393     
   average elements per column                  4581
 maximal deviation in density matrix  3.918529127081506E-002                659111 -7.920992098033153E-003 -4.710628336884821E-002
 MSE of density matrix  3.571576144452617E-008
 Inf-norm of density matrix  3.918529127081506E-002
 Tr(H Pref)=  -16756.2432074124     
 Tr(H P)=  -16756.2408080543     
 energy deviation abs(Tr(H P)-Tr(H Pref))=  2.399358098045923E-003
 energy deviation per atom abs(Tr(H P)-Tr(H Pref))/n=  1.101128085381332E-006
nel: 6263, nel_calc:      6262.99995624
 nel in P=   6262.99995623641      required nel=                  6263
 idempotency deviation  0.290781464471287       9.999999776482582E-003
 Error: density matrix is not idempotent.
 D4 dispersion energy      :     -0.530019

     ------  PTB results ------
  # element  Z   pop.                shell populations
    1     N   5.0  0.31788547       0.75158978  0.30468163  2.51523519  0.90281361  0.20779433
    2     C   4.0  0.01674556       0.63534868  0.26961029  2.01175570  0.69897082  0.36756895
    3     C   4.0  0.04197662       0.62034672  0.23511952  1.81679457  0.62429333  0.66146924
    4     O   6.0 -0.23609613       1.15590310  0.36239839  3.57194746  0.99472523  0.15112196
    5     C   4.0 -0.03016713       0.63090914  0.26969406  1.95696807  0.69682787  0.47576798
    6     O   6.0 -0.18753342       1.11563528  0.39891690  3.53348559  1.05014983  0.08934582
    7     C   4.0 -0.22316682       0.64934039  0.30056947  2.18606317  0.83096597  0.25622782
    8     N   5.0  0.12857803       0.79971266  0.29106581  2.68086660  0.88243911  0.21733779
    9     C   4.0 -0.01715510       0.62281150  0.26578280  1.99227172  0.71132423  0.42496485
   10     C   4.0 -0.02447803       0.63152343  0.24274948  1.83927757  0.64715068  0.66377687
   11     O   6.0 -0.32453398       1.15567553  0.43576333  3.59531045  1.05500385  0.08278082
   12     C   4.0 -0.15043562       0.63212216  0.28350011  2.12154269  0.77389124  0.33937942
   13     C   4.0 -0.15546585       0.64053029  0.28736821  2.13195229  0.78428666  0.31132841
   14     C   4.0 -0.09912567       0.63941640  0.24565181  1.79817468  0.65452668  0.76135610
   15     O   6.0 -0.45895257       1.17493677  0.44896775  3.66675198  1.08620882  0.08208724
   16     O   6.0 -0.44215996       1.17508829  0.45025930  3.64622128  1.08935687  0.08123422
   17     N   5.0  0.09891638       0.80237156  0.29232952  2.69571382  0.89225686  0.21841186
   18     C   4.0 -0.02739037       0.62106395  0.26419660  1.99996197  0.71059580  0.43157204
   19     C   4.0 -0.00552987       0.62319249  0.23867138  1.83884299  0.63760340  0.66721961
   20     O   6.0 -0.29986455       1.15820014  0.42188621  3.60305715  1.03248218  0.08423888
   21     C   4.0 -0.14436172       0.63103420  0.28273165  2.11893690  0.77078550  0.34087348
   22     C   4.0 -0.15118665       0.63711339  0.28522211  2.13343734  0.78158918  0.31382462
   23     C   4.0 -0.11164225       0.63440341  0.24556129  1.80363566  0.65900418  0.76903772
   24     O   6.0 -0.45854751       1.17267954  0.44666845  3.67457473  1.08185273  0.08277205
   25     O   6.0 -0.42324398       1.16842031  0.44580314  3.64852166  1.07894853  0.08155034
   26     N   5.0  0.11282738       0.79844975  0.28873044  2.70148385  0.87668213  0.22182644
   27     C   4.0  0.04311709       0.61810762  0.26042843  1.97736019  0.68170896  0.41927771
   28     C   4.0 -0.33107667       0.57796007  0.19683014  2.10439301  0.58119483  0.87069862
   29     O   6.0 -0.39150399       1.15112460  0.41116750  3.73155510  1.00703079  0.09062600
   30     C   4.0 -0.10584405       0.62624449  0.27784073  2.10515678  0.76614988  0.33045217
   31     C   4.0 -0.12511760       0.62858623  0.28058118  2.12009805  0.77477488  0.32107726
   32     C   4.0 -0.05095991       0.63320625  0.24379320  1.85247457  0.64995775  0.67152814
   33     O   6.0 -0.37980484       1.16017044  0.43901896  3.63062549  1.06426603  0.08572393
   34     N   5.0  0.07355172       0.81006992  0.31342423  2.70185637  0.94477966  0.15631809
   35     N   5.0  0.20551701       0.71098524  0.23592561  2.67837274  0.75717653  0.41202286
   36     C   4.0  0.06018599       0.61941123  0.26001164  1.98223126  0.69227931  0.38588057
   37     C   4.0 -0.00723919       0.62129706  0.23922318  1.83024931  0.64376558  0.67270405
   38     O   6.0 -0.28994946       1.15990293  0.41754329  3.59401131  1.03224921  0.08624272
   39     C   4.0 -0.10090547       0.62522304  0.26818055  2.07839531  0.73399864  0.39510793
   40     C   4.0 -0.17817326       0.63063169  0.27966833  2.14248592  0.77114660  0.35424073
   41     C   4.0 -0.20183709       0.64070451  0.29375499  2.16624558  0.83624156  0.26489044
   42     C   4.0 -0.19560354       0.63723582  0.28572884  2.21456528  0.79367276  0.26440084
   43     N   5.0  0.10548837       0.80108058  0.28928763  2.70391226  0.88173628  0.21849488
   44     C   4.0 -0.03498597       0.61880332  0.26446086  2.00469321  0.70988688  0.43714169
   45     C   4.0 -0.01710394       0.62726468  0.23971748  1.84050435  0.64394699  0.66567044
   46     O   6.0 -0.32186406       1.15844333  0.42955735  3.59799373  1.05222604  0.08364361
   47     C   4.0 -0.19122086       0.64182127  0.29541451  2.16599137  0.82773411  0.26025961
   48     N   5.0  0.11082854       0.79758173  0.28924942  2.69943070  0.88206470  0.22084490
   49     C   4.0 -0.02394310       0.61843401  0.26340306  1.99861699  0.70845543  0.43503361
   50     C   4.0 -0.01245583       0.62631899  0.23969845  1.83997828  0.64354694  0.66291317
   51     O   6.0 -0.29768815       1.15632296  0.42866299  3.58083951  1.04715154  0.08471116
   52     C   4.0 -0.14346999       0.62545407  0.27761972  2.12501132  0.76687725  0.34850763
   53     C   4.0 -0.16120310       0.63157195  0.27982447  2.14611399  0.77801362  0.32567907
   54     C   4.0 -0.10166547       0.63429362  0.24324045  1.80295303  0.65151851  0.76965986
   55     O   6.0 -0.44021848       1.17206776  0.44717190  3.65575922  1.08337143  0.08184817
   56     O   6.0 -0.45209418       1.17414021  0.44913819  3.65925789  1.08676487  0.08279301
   57     N   5.0  0.14630370       0.79814464  0.28987893  2.66926205  0.87821218  0.21819849
   58     C   4.0  0.00014830       0.61944741  0.26286343  1.98553973  0.70743637  0.42456476
   59     C   4.0  0.00505836       0.62391961  0.23868413  1.83113062  0.64311551  0.65809177
   60     O   6.0 -0.24458396       1.15479016  0.42132384  3.55237782  1.03156948  0.08452266
   61     C   4.0 -0.10141499       0.62233859  0.27328154  2.08997226  0.77617902  0.33964358
   62     C   4.0 -0.04773192       0.63317132  0.25476256  2.03257674  0.72276221  0.40445909
   63     C   4.0 -0.07162113       0.64789295  0.27432477  2.07161379  0.75356755  0.32422207
   64     C   4.0 -0.06293009       0.64621228  0.27403173  2.06509405  0.75393875  0.32365328
   65     C   4.0 -0.07514051       0.64781660  0.27659875  2.06309909  0.76226418  0.32536189
   66     C   4.0 -0.07434841       0.64967316  0.27694461  2.06079692  0.76246357  0.32447015
   67     C   4.0 -0.08118476       0.64867997  0.27632999  2.06742936  0.76404655  0.32469888
   68     N   5.0  0.16082702       0.79777789  0.28779706  2.65907383  0.87474123  0.21978297
   69     C   4.0 -0.00233477       0.61640674  0.26222286  1.98705786  0.70760272  0.42904459
   70     C   4.0  0.00157422       0.62447625  0.23821504  1.83422959  0.64245062  0.65905428
   71     O   6.0 -0.26103798       1.15544498  0.42971319  3.54908180  1.04341391  0.08338410
   72     C   4.0 -0.13381073       0.62546730  0.27712017  2.12103391  0.76699625  0.34319310
   73     C   4.0 -0.13923391       0.62141508  0.27531096  2.13278133  0.76426123  0.34546531
   74     C   4.0 -0.15253272       0.62946159  0.28177083  2.13502443  0.76813157  0.33814431
   75     C   4.0 -0.07990764       0.63840491  0.28337044  2.08180344  0.73449594  0.34183292
   76     N   5.0  0.31436783       0.75053221  0.30853829  2.51118433  0.90916768  0.20620966
   77     N   5.0  0.16846162       0.79740143  0.28864494  2.64985245  0.87594542  0.21969414
   78     C   4.0 -0.01430903       0.61698687  0.26223117  1.99375808  0.70832895  0.43300396
   79     C   4.0  0.02821125       0.62540114  0.23897345  1.82499450  0.64183499  0.64058466
   80     O   6.0 -0.23805991       1.16194713  0.42435226  3.53154969  1.03573361  0.08447722
   81     C   4.0 -0.13936798       0.62751520  0.27846941  2.12011468  0.76740886  0.34585983
   82     C   4.0 -0.15929796       0.63304555  0.28094092  2.14491814  0.77496007  0.32543327
   83     C   4.0 -0.10502452       0.63411015  0.24266745  1.80474520  0.65205914  0.77144258
   84     O   6.0 -0.45721247       1.17357075  0.44811025  3.66890764  1.08386871  0.08275511
   85     O   6.0 -0.43792819       1.17282391  0.44879177  3.64836633  1.08592001  0.08202617
   86     N   5.0  0.26437291       0.79900706  0.28937688  2.56603503  0.86406210  0.21714601
   87     C   4.0  0.00552943       0.61858255  0.26456243  1.98490512  0.70448311  0.42193737
   88     C   4.0  0.04186728       0.62505543  0.23869465  1.82019264  0.64323980  0.63095021
   89     O   6.0 -0.18125005       1.15252149  0.42934945  3.48798800  1.02891317  0.08247794
   90     C   4.0 -0.17633633       0.63878500  0.29234663  2.15642101  0.83156911  0.25721459
   91     N   5.0  0.34455125       0.79460597  0.28816596  2.50367278  0.85236096  0.21664308
   92     C   4.0  0.04402528       0.62131566  0.26358041  1.95499295  0.70931691  0.40676879
   93     C   4.0  0.04366641       0.62400985  0.24026854  1.81217712  0.64264691  0.63723117
   94     O   6.0 -0.17882323       1.15852034  0.42011094  3.49427843  1.02189618  0.08401733
   95     C   4.0 -0.09755248       0.62212372  0.27441001  2.08812231  0.77583604  0.33706041
   96     C   4.0 -0.04329525       0.63503200  0.25740069  2.02800566  0.72670147  0.39615543
   97     C   4.0 -0.07192129       0.65109420  0.27716243  2.06338406  0.75871788  0.32156272
   98     C   4.0 -0.05076589       0.64520544  0.27496025  2.05781764  0.75329830  0.31948427
   99     C   4.0 -0.07834699       0.64985341  0.27852407  2.06280655  0.76451126  0.32265170
  100     C   4.0 -0.05760809       0.64559871  0.27736339  2.05503541  0.76163283  0.31797775
  101     C   4.0 -0.07070413       0.64934325  0.27736679  2.05759913  0.76572151  0.32067345
  102     N   5.0  0.23024551       0.79631615  0.28926083  2.59726048  0.86952630  0.21739074
  103     C   4.0  0.00197083       0.62337059  0.26502711  1.98993206  0.70752811  0.41217130
  104     C   4.0 -0.00474364       0.62708539  0.24211350  1.83599883  0.64514276  0.65440316
  105     O   6.0 -0.24141937       1.15523171  0.43574664  3.51836908  1.04914382  0.08292812
  106     C   4.0 -0.06748977       0.63299358  0.28006360  2.00426036  0.72207527  0.42809696
  107     O   6.0 -0.19931230       1.10800993  0.40592909  3.53755462  1.05403316  0.09378549
  108     N   5.0  0.17773890       0.79852289  0.28895679  2.63910121  0.87499395  0.22068626
  109     C   4.0 -0.00021926       0.62154418  0.26534876  1.98126322  0.71151245  0.42055065
  110     C   4.0  0.07219088       0.62745738  0.23921327  1.80949831  0.63956988  0.61207028
  111     O   6.0 -0.16759050       1.15927243  0.42685747  3.46702945  1.03033638  0.08409477
  112     C   4.0 -0.13428198       0.63059723  0.27839404  2.11640030  0.77418707  0.33470333
  113     C   4.0 -0.13909718       0.61848277  0.26670319  2.10197681  0.74015139  0.41178302
  114     C   4.0 -0.20951140       0.64173526  0.29696235  2.17286634  0.83247401  0.26547344
  115     C   4.0 -0.22527965       0.64458853  0.29844487  2.18187082  0.83213757  0.26823786
  116     N   5.0  0.42666144       0.79934776  0.29014948  2.43169415  0.84197563  0.21017155
  117     C   4.0  0.08786754       0.62187880  0.26412010  1.92040175  0.70691793  0.39881387
  118     C   4.0  0.08793744       0.62358212  0.23751250  1.79138982  0.64150707  0.61807104
  119     O   6.0 -0.02166782       1.15600574  0.42763287  3.35143614  1.00589028  0.08070280
  120     C   4.0 -0.08828530       0.62112767  0.27396479  2.07970440  0.77597943  0.33750901
  121     C   4.0 -0.02865764       0.63669634  0.25608760  2.01882285  0.72040306  0.39664780
  122     C   4.0 -0.05641054       0.64820188  0.27360880  2.05857778  0.75306629  0.32295579
  123     C   4.0 -0.05260748       0.65055156  0.27454352  2.05207938  0.75574630  0.31968672
  124     C   4.0 -0.07279178       0.65036881  0.27765289  2.05967414  0.76333570  0.32176023
  125     C   4.0 -0.06990888       0.65325284  0.27810565  2.05460030  0.76269227  0.32125783
  126     C   4.0 -0.06717113       0.65672100  0.28009126  2.04932779  0.76082198  0.32020910
  127     N   5.0  0.21578098       0.79213464  0.28803301  2.60476041  0.88257200  0.21671896
  128     C   4.0 -0.00305413       0.62176198  0.26442945  1.97196376  0.71721524  0.42768370
  129     C   4.0 -0.00482493       0.63352799  0.24326174  1.82548666  0.65025054  0.65229800
  130     O   6.0 -0.29030949       1.15701926  0.43247691  3.57169211  1.04526713  0.08385408
  131     C   4.0 -0.08559460       0.63007891  0.27816534  2.10119075  0.78054653  0.29561307
  132     C   4.0 -0.00444606       0.62008709  0.23939523  1.74404028  0.65191904  0.74900442
  133     O   6.0 -0.50704403       1.16850042  0.42294982  3.71484816  1.10914537  0.09160025
  134     O   6.0 -0.31509822       1.17435515  0.42735833  3.58981562  1.04686964  0.07669949
  135     N   5.0  0.14158447       0.80144280  0.29061112  2.65474206  0.89435714  0.21726240
  136     C   4.0 -0.02566456       0.62048304  0.26257440  2.00207144  0.70913298  0.43140269
  137     C   4.0 -0.01759271       0.62774915  0.24110705  1.83467913  0.64475857  0.66929883
  138     O   6.0 -0.33693889       1.15819681  0.43742880  3.60040998  1.05680609  0.08409721
  139     C   4.0 -0.13546407       0.62728423  0.27766985  2.12004340  0.76669022  0.34377638
  140     C   4.0 -0.14194017       0.62290603  0.27619106  2.13024110  0.76666382  0.34593817
  141     C   4.0 -0.16407156       0.62702006  0.27845833  2.15276456  0.76128924  0.34453937
  142     C   4.0 -0.07018690       0.63382500  0.27900672  2.08230245  0.73245284  0.34259988
  143     N   5.0  0.33136211       0.74610084  0.30293211  2.50757003  0.90581366  0.20622124
  144     N   5.0  0.11249397       0.79982823  0.29269430  2.68531018  0.89285785  0.21681547
  145     C   4.0 -0.01723888       0.62118953  0.26454210  1.98852277  0.70725256  0.43573191
  146     C   4.0 -0.03618291       0.63056719  0.24048477  1.85033393  0.63957539  0.67522162
  147     O   6.0 -0.34151977       1.15739608  0.43696725  3.60216546  1.05929273  0.08569825
  148     C   4.0 -0.13346252       0.63583535  0.28264529  2.12612742  0.77342969  0.31542477
  149     C   4.0 -0.08583781       0.62579811  0.24324864  1.78123829  0.66653194  0.76902084
  150     O   6.0 -0.41961810       1.17311692  0.44191635  3.63819444  1.08676234  0.07962805
  151     O   6.0 -0.44965655       1.16927385  0.44067794  3.64771616  1.10976323  0.08222535
  152     N   5.0  0.11461226       0.79588389  0.29386511  2.67689025  0.89889488  0.21985360
  153     C   4.0 -0.07611636       0.62638426  0.27788007  2.05317497  0.75179647  0.36688058
  154     C   4.0 -0.02490233       0.62669402  0.24192207  1.83998412  0.64517753  0.67112459
  155     O   6.0 -0.34196221       1.15824306  0.43866384  3.60093665  1.05996618  0.08415248
  156     N   5.0  0.10016756       0.80088180  0.29219210  2.69598573  0.89328745  0.21748535
  157     C   4.0 -0.01689982       0.62340873  0.26759949  1.98577535  0.71106073  0.42905550
  158     C   4.0 -0.03345482       0.63346535  0.24202153  1.84668028  0.64203443  0.66925323
  159     O   6.0 -0.35334620       1.15954292  0.43901283  3.60718000  1.06230474  0.08530572
  160     C   4.0 -0.10446065       0.63451678  0.28357413  2.10637140  0.77680951  0.30318882
  161     C   4.0 -0.02043290       0.62147748  0.23925124  1.75630197  0.65012760  0.75327460
  162     O   6.0 -0.50781773       1.16969681  0.41978222  3.71700597  1.10575470  0.09557803
  163     O   6.0 -0.29758125       1.17182410  0.43194014  3.56548679  1.05019927  0.07813095
  164     N   5.0  0.09928964       0.79711622  0.29159141  2.70446688  0.88742575  0.22011011
  165     C   4.0 -0.05406880       0.63103843  0.28029761  2.03658414  0.74689120  0.35925743
  166     C   4.0 -0.02511888       0.62599856  0.24077338  1.84316474  0.64522482  0.66995737
  167     O   6.0 -0.32735655       1.15368497  0.43359834  3.60015666  1.05584145  0.08407513
  168     N   5.0  0.10777110       0.79878497  0.28890386  2.69076854  0.89298192  0.22078961
  169     C   4.0  0.00638278       0.62597263  0.26497620  1.98236364  0.71393345  0.40637129
  170     C   4.0  0.02913117       0.61908185  0.23565538  1.81447989  0.64131588  0.66033583
  171     O   6.0 -0.44974618       1.15291667  0.42058247  3.69022179  1.09155372  0.09447154
  172     C   4.0 -0.00693890       0.63533103  0.26877135  1.93478179  0.70222542  0.46582931
  173     O   6.0 -0.23251230       1.11703134  0.39752746  3.56976736  1.05756092  0.09062523
  174     C   4.0 -0.21007700       0.64248705  0.29567575  2.18012661  0.83562332  0.25616426
  175     N   5.0  0.18750310       0.79047197  0.28730443  2.63951910  0.88069060  0.21451080
  176     C   4.0 -0.01203393       0.62063438  0.26081958  1.98906440  0.70823459  0.43328098
  177     C   4.0 -0.00173252       0.62969118  0.23963101  1.82655191  0.64417981  0.66167860
  178     O   6.0 -0.31450515       1.15634370  0.42643160  3.60667646  1.04117200  0.08388140
  179     C   4.0 -0.09828091       0.62153202  0.26427728  2.07908404  0.72900337  0.40438420
  180     C   4.0 -0.15321742       0.62917137  0.27632558  2.12785542  0.77601779  0.34384726
  181     C   4.0 -0.18758105       0.63678199  0.28749847  2.16438705  0.83238292  0.26653063
  182     C   4.0 -0.18928844       0.63696581  0.29030472  2.16335338  0.83482768  0.26383685
  183     N   5.0  0.13116637       0.79589319  0.28964040  2.67674732  0.88815111  0.21840161
  184     C   4.0 -0.01203156       0.62497687  0.26340577  1.99608409  0.71117486  0.41638996
  185     C   4.0 -0.01301701       0.62612587  0.23906189  1.83475810  0.64422312  0.66884802
  186     O   6.0 -0.30643137       1.15820718  0.42494652  3.59424615  1.04438868  0.08464285
  187     C   4.0 -0.02189983       0.63131303  0.26738909  1.94844490  0.70193835  0.47281447
  188     O   6.0 -0.19803352       1.11458158  0.39407188  3.55436414  1.04544014  0.08957577
  189     C   4.0 -0.20673360       0.64470023  0.29650596  2.17333508  0.83334458  0.25884776
  190     N   5.0  0.12128872       0.79842663  0.29025519  2.68798745  0.88379827  0.21824375
  191     C   4.0  0.01411532       0.62390608  0.26426053  1.97664523  0.71368238  0.40739046
  192     C   4.0 -0.00133698       0.62526983  0.23841278  1.83212668  0.64205800  0.66346969
  193     O   6.0 -0.27300558       1.16136968  0.41918591  3.57464743  1.03094408  0.08685849
  194     C   4.0 -0.01081449       0.63040006  0.26767528  1.94200498  0.70085965  0.46987452
  195     O   6.0 -0.22777017       1.11783051  0.40013927  3.56737554  1.05238414  0.09004071
  196     C   4.0 -0.19724642       0.64019048  0.29091209  2.17690367  0.83597735  0.25326283
  197     N   5.0  0.13713127       0.79833639  0.28870937  2.67626631  0.87985563  0.21970103
  198     C   4.0 -0.02089193       0.61979645  0.26279178  1.99601495  0.71149333  0.43079542
  199     C   4.0 -0.00676057       0.62367219  0.23765306  1.84136444  0.64244911  0.66162176
  200     O   6.0 -0.26579776       1.15381038  0.42766321  3.55520797  1.04388827  0.08522793
  201     C   4.0 -0.14483308       0.63095564  0.28092682  2.12359524  0.77329978  0.33605560
  202     C   4.0 -0.15236377       0.63003021  0.28304115  2.12768692  0.77208294  0.33952255
  203     C   4.0 -0.16074438       0.62892330  0.28168416  2.14028758  0.77163732  0.33821203
  204     C   4.0 -0.09132006       0.63704395  0.28227526  2.09868407  0.72878484  0.34453193
  205     N   5.0  0.31573042       0.74713701  0.30340505  2.51415175  0.91200948  0.20756630
  206     N   5.0  0.19363526       0.79562640  0.28748423  2.63121378  0.87089515  0.22114518
  207     C   4.0  0.00248032       0.61763656  0.26156092  1.98309284  0.70771317  0.42751619
  208     C   4.0  0.04116032       0.62504971  0.23875950  1.81895345  0.64192972  0.63414730
  209     O   6.0 -0.19905909       1.15619397  0.42408586  3.50492287  1.03001460  0.08384179
  210     C   4.0 -0.10947538       0.62496889  0.27493119  2.10278171  0.76918273  0.33761086
  211     C   4.0 -0.10872944       0.62822503  0.27800012  2.11192179  0.77621478  0.31436773
  212     C   4.0 -0.01949068       0.61757869  0.24189731  1.74876830  0.66725218  0.74399420
  213     O   6.0 -0.40343403       1.17275929  0.43090501  3.62022531  1.09963018  0.07991424
  214     O   6.0 -0.44180540       1.17478037  0.42850569  3.64073765  1.11031044  0.08747126
  215     N   5.0  0.30882553       0.79614407  0.28950477  2.53366077  0.85756496  0.21429991
  216     C   4.0  0.02612089       0.61864787  0.26278591  1.97031111  0.70853232  0.41360190
  217     C   4.0  0.03835431       0.62480193  0.23800673  1.81386894  0.64074324  0.64422484
  218     O   6.0 -0.20268257       1.15800762  0.41506550  3.52013433  1.02279577  0.08667935
  219     C   4.0 -0.12055732       0.62873030  0.27476183  2.10909283  0.77477615  0.33319622
  220     C   4.0 -0.12290816       0.61989009  0.26599240  2.08993369  0.73976001  0.40733196
  221     C   4.0 -0.19837463       0.63864362  0.29047567  2.17095971  0.83532441  0.26297122
  222     C   4.0 -0.19111563       0.63799769  0.28922969  2.16372716  0.83582611  0.26433497
  223     N   5.0  0.24291706       0.79427773  0.29088825  2.59023601  0.86915785  0.21252310
  224     C   4.0 -0.02304503       0.62690759  0.27698886  2.02033436  0.75006640  0.34874782
  225     C   4.0  0.00663629       0.62650353  0.24091993  1.82325459  0.64887360  0.65381207
  226     O   6.0 -0.28388864       1.16046691  0.42129657  3.57335544  1.04285002  0.08591971
  227     N   5.0  0.15832511       0.79861337  0.29089954  2.65123802  0.88509262  0.21583134
  228     C   4.0 -0.00167735       0.62454569  0.26490581  1.98814774  0.71089192  0.41318619
  229     C   4.0 -0.01606426       0.62429875  0.23943609  1.83662754  0.64640670  0.66929518
  230     O   6.0 -0.31368295       1.15543020  0.42720908  3.59677696  1.04892513  0.08534158
  231     C   4.0 -0.03709098       0.62658596  0.26460761  1.95845717  0.70231941  0.48512082
  232     O   6.0 -0.21686269       1.11649561  0.39963308  3.55476576  1.05480483  0.09116341
  233     C   4.0 -0.21317589       0.64321417  0.29581726  2.18155026  0.83389924  0.25869495
  234     N   5.0  0.14373682       0.79583460  0.29000205  2.66783941  0.88669091  0.21589621
  235     C   4.0 -0.00657131       0.62516242  0.26409349  1.98611730  0.70977558  0.42142251
  236     C   4.0  0.00009660       0.62227851  0.23824292  1.83433092  0.64016101  0.66489004
  237     O   6.0 -0.27215021       1.15990055  0.41207516  3.59079373  1.02027333  0.08910745
  238     C   4.0 -0.10551194       0.62057614  0.26526746  2.08142644  0.73538631  0.40285559
  239     C   4.0 -0.18953027       0.63881332  0.29043406  2.16543859  0.82683629  0.26800801
  240     C   4.0 -0.19335589       0.63617265  0.28833023  2.17244178  0.82894036  0.26747087
  241     N   5.0  0.14165500       0.79137027  0.28733176  2.68516988  0.87683004  0.21764305
  242     C   4.0 -0.02685125       0.61926466  0.26220813  1.99769807  0.71323346  0.43444693
  243     C   4.0 -0.01594121       0.62353063  0.23980816  1.83695382  0.64663279  0.66901582
  244     O   6.0 -0.31806325       1.15470612  0.42496744  3.61451554  1.03929421  0.08457994
  245     C   4.0 -0.14085869       0.62884748  0.27684727  2.11246157  0.78457852  0.33812385
  246     C   4.0 -0.23754042       0.65672761  0.29904532  2.04041886  0.87154296  0.36980566
  247     S   6.0  0.27638870       1.07661188  0.41624302  3.12206292  0.89775684  0.21093664
  248     C   4.0 -0.31858240       0.66392523  0.31500235  2.09333903  0.93739399  0.30892180
  249     N   5.0  0.12357255       0.79477090  0.28951794  2.69369185  0.88225320  0.21619356
  250     C   4.0 -0.01971601       0.61991102  0.26445606  1.99103427  0.71311432  0.43120034
  251     C   4.0 -0.02038005       0.62887633  0.24230564  1.84253603  0.64211769  0.66454436
  252     O   6.0 -0.33177389       1.15871692  0.43151823  3.60639763  1.04948887  0.08565225
  253     C   4.0 -0.13916206       0.63149792  0.28097117  2.12010616  0.77307467  0.33351213
  254     C   4.0 -0.15350477       0.63112873  0.27941304  2.13504153  0.77480373  0.33311773
  255     C   4.0 -0.09965744       0.62980610  0.28095493  2.05368340  0.74176614  0.39344687
  256     N   5.0  0.06190428       0.79225308  0.29661772  2.74766028  0.89935961  0.20220503
  257     C   4.0 -0.04511569       0.61677015  0.23095670  1.89824665  0.63941690  0.65972529
  258     N   5.0  0.06072154       0.79757017  0.30969054  2.74569684  0.94196391  0.14435700
  259     N   5.0  0.05936252       0.79684067  0.31115258  2.74596512  0.94133943  0.14533968
  260     N   5.0  0.10591876       0.80053794  0.29170129  2.70170212  0.88234922  0.21779067
  261     C   4.0 -0.02702564       0.62590271  0.26755321  2.00174534  0.71270534  0.41911903
  262     C   4.0 -0.03398807       0.62926364  0.24245328  1.84398443  0.64469771  0.67358902
  263     O   6.0 -0.34180524       1.15712321  0.43775040  3.59911966  1.06250831  0.08530366
  264     C   4.0 -0.06451970       0.63643950  0.28372052  1.99666935  0.72548757  0.42220275
  265     O   6.0 -0.20224584       1.10410631  0.39759281  3.56577456  1.04244310  0.09232906
  266     N   5.0  0.10059297       0.80036098  0.29070660  2.70845836  0.88292167  0.21695942
  267     C   4.0 -0.01952039       0.61984563  0.26476982  1.99482602  0.71111329  0.42896564
  268     C   4.0 -0.02780768       0.62782812  0.23993720  1.84842664  0.64059563  0.67102008
  269     O   6.0 -0.34097723       1.15744781  0.43456721  3.60654938  1.05727765  0.08513517
  270     C   4.0 -0.14825168       0.62998223  0.27519056  2.13383257  0.76934128  0.33990503
  271     C   4.0 -0.15132932       0.61848652  0.26806638  2.11183155  0.73302874  0.41991614
  272     C   4.0 -0.21769810       0.64049226  0.29411337  2.18181956  0.82987386  0.27139905
  273     C   4.0 -0.20789623       0.64246666  0.29536298  2.17320281  0.83048803  0.26637575
  274     N   5.0  0.10318417       0.79466808  0.29382497  2.70258993  0.88600200  0.21973085
  275     C   4.0 -0.07096003       0.63047725  0.28045830  2.05049074  0.74335298  0.36618077
  276     C   4.0 -0.03698150       0.62974036  0.24040073  1.84867191  0.64275739  0.67541111
  277     O   6.0 -0.34595822       1.15706742  0.43855128  3.60427022  1.06041822  0.08565109
  278     N   5.0  0.11424973       0.79900467  0.29124039  2.69014925  0.88891065  0.21644530
  279     C   4.0 -0.02828756       0.62042630  0.26413107  2.00170952  0.71134515  0.43067552
  280     C   4.0 -0.01009998       0.62613755  0.23772848  1.83748907  0.64139235  0.66735253
  281     O   6.0 -0.33785398       1.16142094  0.42536736  3.61920249  1.04582319  0.08604001
  282     C   4.0 -0.13088446       0.62869865  0.27874130  2.11363852  0.77241728  0.33738872
  283     C   4.0 -0.12304433       0.63136941  0.28164130  2.11883646  0.77494642  0.31625073
  284     C   4.0 -0.05670530       0.63399625  0.24540055  1.85347986  0.65294985  0.67087879
  285     O   6.0 -0.37343122       1.16111076  0.44232395  3.61274838  1.07185930  0.08538883
  286     N   5.0  0.06083351       0.80866957  0.31406930  2.71881753  0.93991056  0.15769953
  287     N   5.0  0.12323742       0.79694855  0.29123461  2.67986298  0.88764200  0.22107444
  288     C   4.0 -0.04637756       0.61642754  0.26019520  2.01853341  0.70638572  0.44483570
  289     C   4.0 -0.01216675       0.63012868  0.24012457  1.83749944  0.63622542  0.66818865
  290     O   6.0 -0.32548372       1.15975595  0.43621978  3.59004402  1.05536199  0.08410199
  291     C   4.0 -0.12249253       0.63656652  0.28232098  2.12239164  0.76988047  0.31133291
  292     C   4.0 -0.04649655       0.63256609  0.24131536  1.85036486  0.64546037  0.67678986
  293     O   6.0 -0.37335312       1.15998375  0.44286698  3.61313701  1.07038546  0.08697993
  294     N   5.0  0.08485576       0.80716985  0.30782139  2.70897847  0.93522704  0.15594748
  295     N   5.0  0.08802694       0.81429535  0.27703196  2.68770295  0.86060721  0.27233559
  296     C   4.0 -0.03563090       0.62690020  0.26443347  2.00729042  0.70542620  0.43158061
  297     C   4.0 -0.00905070       0.63428217  0.24450222  1.82765508  0.64758502  0.65502621
  298     O   6.0 -0.34721557       1.16266572  0.43956521  3.59517980  1.06781244  0.08199239
  299     C   4.0 -0.11693875       0.62850970  0.27907014  2.12152404  0.75560464  0.33223024
  300     C   4.0 -0.13433407       0.62503171  0.27716312  2.14408863  0.75368269  0.33436793
  301     C   4.0 -0.07383816       0.63058257  0.27768964  2.05638564  0.73233953  0.37684079
  302     N   5.0  0.11034051       0.79679972  0.29007685  2.69254714  0.89121643  0.21901935
  303     C   4.0 -0.01908420       0.62589949  0.26611552  2.00294584  0.70915192  0.41497143
  304     C   4.0 -0.01897474       0.62712938  0.23934767  1.83697820  0.64338437  0.67213513
  305     O   6.0 -0.31899560       1.15834725  0.42365897  3.60997224  1.04149994  0.08551720
  306     C   4.0 -0.03201160       0.62767625  0.26772758  1.95601910  0.70073907  0.47984959
  307     O   6.0 -0.19868195       1.11541951  0.39429334  3.55782056  1.04176128  0.08938727
  308     C   4.0 -0.22363915       0.64476681  0.29935265  2.19148791  0.82812154  0.25991024
  309     N   5.0  0.09479606       0.80097544  0.29211879  2.70485055  0.88934791  0.21791125
  310     C   4.0 -0.02033385       0.62273490  0.26519054  1.99155116  0.71211062  0.42874662
  311     C   4.0 -0.02072103       0.62833226  0.24103370  1.83735132  0.64555652  0.66844723
  312     O   6.0 -0.30230772       1.15590715  0.42893544  3.58113086  1.05209747  0.08423679
  313     C   4.0 -0.14510411       0.63067114  0.28234753  2.11723685  0.77335782  0.34149076
  314     C   4.0 -0.16211559       0.63812816  0.28491485  2.13800740  0.78150117  0.31956400
  315     C   4.0 -0.10626923       0.63370711  0.24492019  1.80146354  0.65833762  0.76784076
  316     O   6.0 -0.43465233       1.17020774  0.44577283  3.65539205  1.08238357  0.08089614
  317     O   6.0 -0.42991401       1.16878867  0.44217533  3.66638625  1.07042733  0.08213644
  318     N   5.0  0.08499892       0.80412120  0.29219979  2.70623857  0.89252913  0.21991239
  319     C   4.0 -0.03733023       0.62436742  0.26831251  2.00260687  0.71278588  0.42925754
  320     C   4.0 -0.03657618       0.62703109  0.23970583  1.84971440  0.64398697  0.67613789
  321     O   6.0 -0.30579342       1.15137780  0.43059906  3.58728993  1.05106711  0.08545952
  322     C   4.0 -0.20059063       0.64658958  0.30074584  2.16478175  0.83160403  0.25686943
  323     N   5.0  0.10031667       0.79869390  0.28948474  2.70433503  0.88644496  0.22072470
  324     C   4.0 -0.02267656       0.61923009  0.26350752  1.99823678  0.70879175  0.43291043
  325     C   4.0 -0.01741590       0.62439150  0.23866984  1.84052265  0.64286418  0.67096773
  326     O   6.0 -0.30581801       1.15509558  0.42226756  3.60280550  1.03925031  0.08639907
  327     C   4.0 -0.13952535       0.62658024  0.27759668  2.12581146  0.77037625  0.33916073
  328     C   4.0 -0.15730168       0.63370705  0.28200248  2.14431989  0.77732438  0.31994789
  329     C   4.0 -0.08784526       0.62919044  0.24040942  1.79764992  0.64899598  0.77159949
  330     O   6.0 -0.43693180       1.17306852  0.44719821  3.65061533  1.08351439  0.08253534
  331     O   6.0 -0.42380724       1.17458844  0.43111554  3.67454505  1.05937698  0.08418123
  332     N   5.0  0.11889093       0.79782075  0.28980789  2.69128317  0.88466758  0.21752970
  333     C   4.0 -0.01316187       0.61797386  0.26225504  1.99242258  0.70853138  0.43197900
  334     C   4.0 -0.01407608       0.62451226  0.23932481  1.83722341  0.64567570  0.66733991
  335     O   6.0 -0.29661384       1.15481639  0.42623171  3.58578575  1.04657638  0.08320361
  336     C   4.0 -0.13275121       0.62629634  0.27291507  2.11936837  0.77112299  0.34304843
  337     C   4.0 -0.12847722       0.62116373  0.26626492  2.09639049  0.73701133  0.40764677
  338     C   4.0 -0.18884419       0.64016736  0.29018605  2.16659027  0.82971254  0.26218797
  339     C   4.0 -0.18975886       0.63746172  0.28815553  2.16865784  0.83412364  0.26136013
  340     N   5.0  0.11796011       0.79617399  0.28898862  2.69361705  0.88311645  0.22014378
  341     C   4.0 -0.01733795       0.61858553  0.26214799  1.99433416  0.70938639  0.43288387
  342     C   4.0 -0.01020192       0.62603724  0.23962264  1.83814532  0.64174189  0.66465484
  343     O   6.0 -0.29267445       1.15573633  0.42304495  3.58796918  1.04045382  0.08547016
  344     C   4.0 -0.12788288       0.62711692  0.27945158  2.11217195  0.76935376  0.33978867
  345     C   4.0 -0.12538219       0.63036031  0.28161430  2.12039369  0.77220106  0.32081283
  346     C   4.0 -0.05937215       0.63204974  0.24354304  1.85814714  0.65074939  0.67488284
  347     O   6.0 -0.37429615       1.15695560  0.43862206  3.62808061  1.06368721  0.08695069
  348     N   5.0  0.09072395       0.80512351  0.30871287  2.69753265  0.94109169  0.15681534
  349     N   5.0  0.13370441       0.80118883  0.29077923  2.67286551  0.88514715  0.21631487
  350     C   4.0 -0.02220559       0.62328148  0.26616770  1.99376321  0.71185546  0.42713775
  351     C   4.0 -0.00784753       0.62768686  0.24023761  1.83825475  0.64440361  0.65726471
  352     O   6.0 -0.28670130       1.15708578  0.43199280  3.56235874  1.05158359  0.08368040
  353     C   4.0 -0.12653228       0.63684690  0.28260478  2.12104523  0.77904874  0.30698662
  354     C   4.0 -0.10080718       0.63428420  0.24388584  1.80029535  0.65262264  0.76971914
  355     O   6.0 -0.44187441       1.17344451  0.44817847  3.65064013  1.08725503  0.08235627
  356     O   6.0 -0.45220117       1.17308748  0.44680363  3.66935515  1.08061391  0.08234099
  357     N   5.0  0.17187809       0.79798448  0.28973970  2.64508247  0.87741613  0.21789912
  358     C   4.0 -0.00081406       0.62000465  0.26388729  1.98352468  0.71121974  0.42217770
  359     C   4.0  0.02030070       0.62609857  0.24007756  1.82504064  0.64402467  0.64445786
  360     O   6.0 -0.22591290       1.15543568  0.42862871  3.52211356  1.03589916  0.08383578
  361     C   4.0 -0.14908034       0.62857866  0.27670905  2.11526567  0.78574204  0.34278492
  362     C   4.0 -0.28236407       0.65383822  0.30007136  2.06811243  0.87253055  0.38781151
  363     S   6.0  0.30387369       1.06853521  0.41245985  3.09126341  0.90157470  0.22229314
  364     C   4.0 -0.34235786       0.67067122  0.32099774  2.10543710  0.93614981  0.30910198
  365     N   5.0  0.24229795       0.79791731  0.29054090  2.58224893  0.87179425  0.21520066
  366     C   4.0  0.02578089       0.62482721  0.26430860  1.96885794  0.70649551  0.40972985
  367     C   4.0  0.02635874       0.62423748  0.23942111  1.81384784  0.64359853  0.65253630
  368     O   6.0 -0.22795502       1.15990031  0.41672149  3.53817928  1.02735406  0.08579988
  369     C   4.0 -0.09123907       0.62270463  0.26553571  2.06994462  0.73589508  0.39715903
  370     C   4.0 -0.15617543       0.62471610  0.27474287  2.13411593  0.77306701  0.34953351
  371     C   4.0 -0.18644257       0.63555688  0.28780210  2.16513067  0.83045715  0.26749577
  372     C   4.0 -0.19655400       0.63592070  0.28759500  2.17428774  0.83109033  0.26766022
  373     N   5.0  0.16989798       0.79495740  0.28856108  2.65299231  0.87620440  0.21738684
  374     C   4.0 -0.01142681       0.61836165  0.26385570  1.98934180  0.71242528  0.42744239
  375     C   4.0 -0.02934823       0.62403160  0.24052589  1.84911019  0.64137568  0.67430488
  376     O   6.0 -0.28567457       1.15128112  0.43353686  3.56640005  1.04851863  0.08593791
  377     C   4.0 -0.09687777       0.63324845  0.28266281  2.09988713  0.77784753  0.30323185
  378     C   4.0 -0.03970253       0.63083261  0.24513942  1.84321564  0.65472063  0.66579422
  379     O   6.0 -0.35313229       1.15886068  0.43495974  3.62067533  1.05343378  0.08520276
  380     N   5.0  0.06892495       0.80626714  0.31211728  2.71268409  0.94246054  0.15754600
  381     N   5.0  0.12438910       0.79905230  0.29098675  2.68452787  0.88267019  0.21837379
  382     C   4.0 -0.01604702       0.62236637  0.26654181  1.98980635  0.71073094  0.42660155
  383     C   4.0 -0.01491988       0.63023037  0.24274626  1.83619881  0.64469281  0.66105164
  384     O   6.0 -0.31236807       1.15812540  0.43829393  3.57536292  1.05643922  0.08414659
  385     C   4.0 -0.14160310       0.62915742  0.28093266  2.12501866  0.76995043  0.33654392
  386     C   4.0 -0.15516203       0.63286954  0.28020293  2.14450622  0.77969213  0.31789122
  387     C   4.0 -0.09983436       0.63288331  0.24502654  1.79836404  0.65736382  0.76619665
  388     O   6.0 -0.45779880       1.17347443  0.44683915  3.67032957  1.08482364  0.08233201
  389     O   6.0 -0.42639000       1.17106724  0.44537127  3.64933920  1.07961664  0.08099566
  390     N   5.0  0.14965447       0.79694402  0.29100499  2.66224122  0.88197336  0.21818194
  391     C   4.0 -0.00020207       0.62623399  0.26481634  1.97903287  0.70971054  0.42040832
  392     C   4.0 -0.00124583       0.62992162  0.24117927  1.82944918  0.64365733  0.65703844
  393     O   6.0 -0.28664197       1.15737486  0.43363842  3.56501341  1.04767460  0.08294068
  394     C   4.0 -0.10852861       0.61957645  0.26436785  2.08429176  0.73072290  0.40956964
  395     C   4.0 -0.18521043       0.63311720  0.28585890  2.16638696  0.83171555  0.26813182
  396     C   4.0 -0.18384446       0.63612258  0.28958941  2.16966963  0.82164919  0.26681365
  397     N   5.0  0.13542527       0.79703492  0.28896448  2.66996169  0.89009571  0.21851793
  398     C   4.0 -0.02703740       0.62097013  0.26372355  1.99225235  0.71525586  0.43483551
  399     C   4.0 -0.03560581       0.62983274  0.24166518  1.84498882  0.64569376  0.67342529
  400     O   6.0 -0.32824614       1.15308654  0.43506742  3.59743690  1.05655500  0.08610028
  401     C   4.0 -0.09811916       0.63047236  0.27806124  2.10576934  0.78235696  0.30145926
  402     C   4.0 -0.04157350       0.62187755  0.24101993  1.75803190  0.66035260  0.76029151
  403     O   6.0 -0.50551975       1.17119455  0.43134180  3.70455587  1.11187682  0.08655072
  404     O   6.0 -0.35046622       1.16902542  0.43253693  3.61263490  1.05805540  0.07821357
  405     N   5.0  0.11469820       0.79949725  0.28970149  2.67636162  0.89771152  0.22202993
  406     C   4.0 -0.04800093       0.62139362  0.26642585  2.00886899  0.71661340  0.43469907
  407     C   4.0 -0.02206834       0.63071662  0.24363753  1.84068629  0.64403260  0.66299530
  408     O   6.0 -0.34139688       1.15874636  0.43868628  3.59848034  1.06134868  0.08413521
  409     C   4.0 -0.19547969       0.64479655  0.29854634  2.16435921  0.82980967  0.25796792
  410     N   5.0  0.09952649       0.80276102  0.29333010  2.69718963  0.89032528  0.21686749
  411     C   4.0 -0.03311076       0.62046331  0.26525089  2.00128990  0.71046539  0.43564127
  412     C   4.0 -0.04454707       0.62918043  0.24062218  1.85400778  0.64258641  0.67815027
  413     O   6.0 -0.34141030       1.15724826  0.43748194  3.60002542  1.06090999  0.08574470
  414     C   4.0 -0.11598995       0.63543802  0.28325418  2.11698419  0.77394597  0.30636759
  415     C   4.0 -0.06778992       0.62497556  0.24087849  1.77928239  0.65556076  0.76709271
  416     O   6.0 -0.48291574       1.16948581  0.43276709  3.69083166  1.10368255  0.08614863
  417     O   6.0 -0.39083562       1.16930413  0.44224966  3.62464416  1.07546484  0.07917283
  418     N   5.0  0.11032102       0.79489487  0.29253066  2.68694484  0.89474872  0.22055989
  419     C   4.0 -0.07245381       0.62742031  0.27856481  2.05217993  0.74968694  0.36460182
  420     C   4.0 -0.03263343       0.62506092  0.24203031  1.84664255  0.64508517  0.67381448
  421     O   6.0 -0.34355097       1.15669763  0.43754125  3.60630953  1.05796582  0.08503674
  422     N   5.0  0.10292275       0.80057782  0.29190695  2.69832867  0.88881874  0.21744506
  423     C   4.0 -0.01677848       0.62160939  0.26640263  1.99211609  0.70965895  0.42699141
  424     C   4.0 -0.03815053       0.63157248  0.24262756  1.84619194  0.64505319  0.67270535
  425     O   6.0 -0.34815767       1.15761220  0.43716609  3.60784876  1.06020498  0.08532563
  426     C   4.0 -0.08414673       0.62853491  0.28191766  2.09948242  0.77067789  0.30353385
  427     C   4.0 -0.00817460       0.61861289  0.24094002  1.82388997  0.65873884  0.66599289
  428     O   6.0 -0.40112011       1.16008270  0.41941580  3.64882779  1.08032119  0.09247263
  429     N   5.0  0.13918173       0.79896915  0.30774364  2.65350956  0.94548294  0.15511298
  430     N   5.0  0.10501702       0.79740894  0.29463723  2.68989742  0.89528221  0.21775718
  431     C   4.0 -0.06976841       0.63034010  0.27922106  2.04386169  0.75351301  0.36283256
  432     C   4.0 -0.02054538       0.62902564  0.24147011  1.83249044  0.64845212  0.66910706
  433     O   6.0 -0.32623667       1.15686905  0.43530717  3.59542990  1.05598184  0.08264870
  434     N   5.0  0.11279620       0.79675633  0.29100463  2.68719262  0.89537877  0.21687146
  435     C   4.0  0.00456524       0.62267530  0.26249427  1.98588461  0.71292327  0.41145731
  436     C   4.0  0.04056610       0.62268782  0.23839512  1.80353338  0.64491792  0.64989966
  437     O   6.0 -0.45143487       1.15707672  0.42137855  3.67954206  1.09880093  0.09463661
  438     C   4.0 -0.02686412       0.62849522  0.26401237  1.95271218  0.70289788  0.47874648
  439     O   6.0 -0.21430788       1.11769474  0.39569226  3.55878019  1.05186588  0.09027482
  440     C   4.0 -0.20966506       0.64299256  0.29488057  2.18108070  0.83384311  0.25686813
  441     N   5.0  0.18499054       0.79348195  0.29003355  2.63406271  0.88893682  0.20849444
  442     C   4.0 -0.00030729       0.62395078  0.26343778  1.97477281  0.71440299  0.42374293
  443     C   4.0 -0.00826767       0.62609017  0.24025398  1.83188969  0.64525251  0.66478132
  444     O   6.0 -0.31620092       1.15579736  0.42193991  3.62518334  1.02815127  0.08512903
  445     C   4.0 -0.08996383       0.62420171  0.26568207  2.07252228  0.73133211  0.39622565
  446     C   4.0 -0.15820634       0.62679452  0.27486938  2.13198417  0.77624257  0.34831570
  447     C   4.0 -0.18016348       0.63575840  0.28668129  2.16010422  0.83484721  0.26277236
  448     C   4.0 -0.19655639       0.63658297  0.29058480  2.16869837  0.83234377  0.26834648
  449     N   5.0  0.13677480       0.79649276  0.29066330  2.67052823  0.89112771  0.21441321
  450     C   4.0 -0.00419999       0.62170577  0.26456383  1.97902101  0.71521376  0.42369561
  451     C   4.0 -0.00202914       0.63010383  0.24209429  1.82571787  0.64644563  0.65766752
  452     O   6.0 -0.32652965       1.16126823  0.42435071  3.61458993  1.04255548  0.08376529
  453     C   4.0 -0.11878284       0.63639939  0.28109592  2.10975444  0.78305095  0.30848213
  454     C   4.0 -0.06918217       0.62684524  0.24191897  1.78890938  0.65093450  0.76057409
  455     O   6.0 -0.38855871       1.17998695  0.41930267  3.66884172  1.03449392  0.08593344
  456     O   6.0 -0.43055630       1.17367005  0.43923122  3.66049361  1.07450309  0.08265833
  457     N   5.0  0.12615729       0.79714692  0.29085058  2.67849797  0.89115155  0.21619569
  458     C   4.0 -0.01396932       0.61765879  0.26132256  1.98649663  0.71302871  0.43546263
  459     C   4.0  0.02574335       0.62518758  0.23861802  1.80898899  0.63271177  0.66875030
  460     O   6.0 -0.22292503       1.15829277  0.40340126  3.54808974  1.02023914  0.09290212
  461     C   4.0 -0.11236003       0.62462753  0.27775070  2.09591949  0.77079044  0.34327186
  462     C   4.0 -0.04700153       0.63648653  0.25728244  2.02874559  0.72579648  0.39869049
  463     C   4.0 -0.05108850       0.64882600  0.27481708  2.05358738  0.75645500  0.31740303
  464     C   4.0 -0.08404850       0.65497583  0.27778634  2.06498587  0.76381761  0.32248284
  465     C   4.0 -0.05615204       0.64748263  0.27698928  2.04991400  0.76422542  0.31754070
  466     C   4.0 -0.08542989       0.65067369  0.27946866  2.06804073  0.76525889  0.32198793
  467     C   4.0 -0.07473636       0.64768988  0.27798778  2.06530160  0.76253034  0.32122677
  468     N   5.0  0.09230897       0.81519973  0.27737644  2.69380409  0.85338390  0.26792687
  469     C   4.0 -0.02646070       0.62640977  0.26358145  2.00282043  0.70209149  0.43155756
  470     C   4.0  0.03862288       0.62610239  0.24024770  1.81155515  0.64208812  0.64138377
  471     O   6.0 -0.25044748       1.16124880  0.41715017  3.55042207  1.03386709  0.08775934
  472     C   4.0 -0.13490965       0.63054532  0.28235245  2.13045269  0.75264981  0.33890938
  473     C   4.0 -0.15221784       0.62964505  0.28264153  2.15146226  0.74825190  0.34021711
  474     C   4.0 -0.07064039       0.63128024  0.28042307  2.04997069  0.72799614  0.38097024
  475     N   5.0  0.25382212       0.79880995  0.29013121  2.57906896  0.86489558  0.21327218
  476     C   4.0  0.02003608       0.61953092  0.26408774  1.97123802  0.70736840  0.41773884
  477     C   4.0  0.06994554       0.62524247  0.23864441  1.81236649  0.64308053  0.61072057
  478     O   6.0 -0.09992600       1.15742576  0.43145093  3.40830243  1.02269879  0.08004809
  479     C   4.0 -0.12565726       0.62273240  0.27410278  2.11437035  0.76776989  0.34668185
  480     C   4.0 -0.11954425       0.62452716  0.27546439  2.13038760  0.76700030  0.32216480
  481     C   4.0 -0.04273124       0.61713725  0.24165893  1.75993156  0.66816203  0.75584146
  482     O   6.0 -0.41826810       1.17207015  0.42866325  3.64258826  1.09266660  0.08227985
  483     O   6.0 -0.42285489       1.17111492  0.43448919  3.64196670  1.09481686  0.08046722
  484     N   5.0  0.40540172       0.79380214  0.28724208  2.45109767  0.84535888  0.21709751
  485     C   4.0  0.05456774       0.61964613  0.26237196  1.95041913  0.70707059  0.40592445
  486     C   4.0  0.08480132       0.62463546  0.23923409  1.79206896  0.64173986  0.61752031
  487     O   6.0 -0.11101857       1.15923357  0.41812068  3.43793654  1.01211497  0.08361280
  488     C   4.0 -0.10285932       0.61856574  0.27220502  2.09426093  0.77592276  0.34190486
  489     C   4.0 -0.04423378       0.63245702  0.25625283  2.03168344  0.72487915  0.39896135
  490     C   4.0 -0.05720907       0.64979064  0.27648047  2.05639195  0.75703247  0.31751353
  491     C   4.0 -0.05890480       0.64502561  0.27469221  2.06308228  0.75378455  0.32232015
  492     C   4.0 -0.06912711       0.65031832  0.27851430  2.05431700  0.76564473  0.32033276
  493     C   4.0 -0.06687386       0.64395452  0.27643704  2.06373781  0.75877586  0.32396863
  494     C   4.0 -0.07676691       0.64854884  0.27730805  2.06325191  0.76530123  0.32235688
  495     N   5.0  0.32891445       0.79234314  0.28626680  2.52371138  0.85445225  0.21431197
  496     C   4.0  0.02676468       0.61921871  0.26285544  1.96883786  0.70924008  0.41308324
  497     C   4.0  0.02896431       0.62496942  0.23953655  1.81720442  0.64296077  0.64636452
  498     O   6.0 -0.23315165       1.15986407  0.42232835  3.52894366  1.03739965  0.08461592
  499     C   4.0 -0.13424138       0.62682521  0.27409330  2.12114251  0.77187465  0.34030571
  500     C   4.0 -0.13813141       0.61869252  0.26643100  2.10188276  0.73515031  0.41597483
  501     C   4.0 -0.20721449       0.63885921  0.28970468  2.17495239  0.83604193  0.26765629
  502     C   4.0 -0.21039531       0.64366829  0.29557747  2.17112011  0.83218262  0.26784683
  503     N   5.0  0.18880864       0.79453868  0.28871733  2.63139820  0.87606871  0.22046844
  504     C   4.0 -0.01193585       0.62469846  0.26373616  1.99601066  0.70765892  0.41983166
  505     C   4.0  0.00227679       0.62548590  0.24062963  1.83031982  0.64738616  0.65390170
  506     O   6.0 -0.27694528       1.15321755  0.43068668  3.56649709  1.04348442  0.08305953
  507     C   4.0 -0.02539563       0.62712801  0.26651910  1.95580292  0.69648862  0.47945699
  508     O   6.0 -0.21309524       1.11332774  0.39851698  3.55747461  1.05144936  0.09232655
  509     C   4.0 -0.19773135       0.64416748  0.29761845  2.16883361  0.83589263  0.25121917
  510     N   5.0  0.23204578       0.79712415  0.28909731  2.59045613  0.87352520  0.21775144
  511     C   4.0  0.00274444       0.62030035  0.26466879  1.98196316  0.70967557  0.42064769
  512     C   4.0  0.01090936       0.62833613  0.24097839  1.81945938  0.65063301  0.64968373
  513     O   6.0 -0.23584667       1.15905988  0.42569590  3.52787173  1.03933415  0.08388501
  514     C   4.0 -0.14244874       0.62882626  0.27710494  2.11887568  0.78022686  0.33741499
  515     C   4.0 -0.24908206       0.65409029  0.30195457  2.04245383  0.87346110  0.37712228
  516     S   6.0  0.27122664       1.08410370  0.41651967  3.12311012  0.90192404  0.20311583
  517     C   4.0 -0.30005876       0.66864401  0.31792018  2.07421142  0.94493002  0.29435313
  518     N   5.0  0.19836234       0.79449189  0.28883120  2.62772793  0.87191600  0.21867064
  519     C   4.0 -0.01081504       0.61995995  0.26336718  1.98747534  0.71497135  0.42504123
  520     C   4.0  0.00566723       0.62475204  0.23917076  1.82869601  0.64419296  0.65752099
  521     O   6.0 -0.27000336       1.15723097  0.42704812  3.55754781  1.04416174  0.08401473
  522     C   4.0 -0.13955301       0.62894666  0.27681482  2.11328059  0.78102894  0.33948200
  523     C   4.0 -0.24886623       0.65171766  0.29686159  2.04571247  0.87608749  0.37848702
  524     S   6.0  0.28237197       1.07289600  0.41208673  3.12228340  0.89514622  0.21521568
  525     C   4.0 -0.32853374       0.67007428  0.31752563  2.09306872  0.94102195  0.30684316
  526     N   5.0  0.16681224       0.79607117  0.28804168  2.65095067  0.87767518  0.22044907
  527     C   4.0 -0.03029367       0.61987424  0.26456195  2.00204659  0.71060158  0.43320931
  528     C   4.0 -0.00871694       0.62880313  0.23992078  1.83558547  0.64386937  0.66053818
  529     O   6.0 -0.30870114       1.15618169  0.42875534  3.58960271  1.04966658  0.08449482
  530     C   4.0 -0.19252948       0.64319563  0.29597887  2.16144508  0.83299622  0.25891368
  531     N   5.0  0.13136810       0.79901266  0.29104671  2.67536902  0.88602322  0.21718028
  532     C   4.0 -0.02167615       0.61975116  0.26409075  1.99663603  0.70845385  0.43274437
  533     C   4.0 -0.03003689       0.62581968  0.24031498  1.84367895  0.64645141  0.67377187
  534     O   6.0 -0.31683574       1.15478539  0.42824671  3.59340847  1.05505782  0.08533735
  535     C   4.0 -0.14103332       0.62985867  0.27953315  2.12361366  0.76909328  0.33893457
  536     C   4.0 -0.15448061       0.63439733  0.28387371  2.13202226  0.77413096  0.33005636
  537     C   4.0 -0.09249783       0.63181323  0.28413320  2.04984719  0.73935026  0.38735396
  538     N   5.0  0.05642117       0.79372770  0.29779366  2.74836284  0.90063331  0.20306134
  539     C   4.0 -0.04303434       0.61620080  0.23183060  1.90017945  0.63759926  0.65722423
  540     N   5.0  0.07241547       0.79243535  0.30798861  2.75211596  0.93012998  0.14491463
  541     N   5.0  0.04559102       0.80130851  0.31340283  2.74768001  0.94648111  0.14553652
  542     N   5.0  0.12378461       0.79630315  0.28952426  2.68529803  0.88618174  0.21890821
  543     C   4.0 -0.01633759       0.62087846  0.26514763  1.99114799  0.70975742  0.42940609
  544     C   4.0 -0.00426161       0.62645406  0.24053936  1.83205855  0.64241590  0.66279376
  545     O   6.0 -0.30376210       1.16205311  0.42015517  3.59501767  1.03994352  0.08659264
  546     C   4.0 -0.13731374       0.62639648  0.27748242  2.12291652  0.76988854  0.34062979
  547     C   4.0 -0.15529793       0.62737781  0.28007188  2.13686347  0.76675807  0.34422670
  548     C   4.0 -0.14936120       0.62783468  0.28098986  2.13557553  0.77038448  0.33457666
  549     C   4.0 -0.07916686       0.63931674  0.28608438  2.07999068  0.73354179  0.34023327
  550     N   5.0  0.32060552       0.75055170  0.30471429  2.51140273  0.90770155  0.20502421
  551     N   5.0  0.12688677       0.79684383  0.28919709  2.68330652  0.88512254  0.21864327
  552     C   4.0 -0.02132284       0.61842275  0.26242316  1.99931628  0.70798111  0.43317955
  553     C   4.0 -0.01135592       0.62482131  0.23901941  1.83724892  0.64120336  0.66906292
  554     O   6.0 -0.30510968       1.15762043  0.42023286  3.60021985  1.04023191  0.08680463
  555     C   4.0 -0.16078972       0.62809777  0.27645713  2.12579393  0.77742755  0.35301333
  556     C   4.0 -0.28621476       0.65169293  0.29992655  2.07130796  0.87251034  0.39077698
  557     S   6.0  0.27920561       1.07520747  0.41690236  3.10428733  0.91086516  0.21353208
  558     C   4.0 -0.31680028       0.67031157  0.32107139  2.09375817  0.93561438  0.29604478
  559     N   5.0  0.11650508       0.79789847  0.28930211  2.69125730  0.88683680  0.21820024
  560     C   4.0 -0.02021590       0.61874497  0.26379877  1.99698645  0.70809124  0.43259447
  561     C   4.0 -0.00582810       0.62344587  0.23774515  1.83618492  0.64034370  0.66810846
  562     O   6.0 -0.30422764       1.16002536  0.41754660  3.60048461  1.03748313  0.08868795
  563     C   4.0 -0.13890103       0.62691742  0.27827501  2.12414259  0.76990974  0.33965627
  564     C   4.0 -0.15411760       0.62733954  0.28045645  2.13246238  0.77020603  0.34365319
  565     C   4.0 -0.15795707       0.63237578  0.28422502  2.13422799  0.77270165  0.33442664
  566     C   4.0 -0.08634385       0.64372241  0.28819981  2.08149952  0.73848587  0.33443623
  567     N   5.0  0.31314640       0.75316334  0.31095514  2.50749075  0.91238928  0.20285510
  568     N   5.0  0.11595472       0.79705590  0.28995860  2.69625825  0.88273999  0.21803254
  569     C   4.0 -0.01859058       0.62013948  0.26468211  1.98714364  0.71019417  0.43643118
  570     C   4.0 -0.00840374       0.62613755  0.23929816  1.83534205  0.64135316  0.66627281
  571     O   6.0 -0.31338277       1.16102135  0.42274863  3.59585428  1.04694921  0.08680930
  572     C   4.0 -0.13017000       0.63755018  0.28383139  2.11996317  0.77962101  0.30920426
  573     C   4.0 -0.10195387       0.63431025  0.24351913  1.80296731  0.65332916  0.76782802
  574     O   6.0 -0.43739028       1.17053819  0.44432455  3.66038668  1.07923001  0.08291085
  575     O   6.0 -0.45088563       1.17445600  0.44855493  3.65984619  1.08537361  0.08265490
  576     N   5.0  0.11107025       0.79819596  0.29001972  2.69170129  0.88758713  0.22142564
  577     C   4.0 -0.01905078       0.62814915  0.26706830  1.99794483  0.71063448  0.41525402
  578     C   4.0 -0.03114218       0.62643510  0.24117666  1.84289628  0.64731856  0.67331558
  579     O   6.0 -0.32247322       1.15459526  0.43142501  3.59830642  1.05399048  0.08415606
  580     C   4.0 -0.02805927       0.62850839  0.26731098  1.95453370  0.69893187  0.47877433
  581     O   6.0 -0.21065670       1.11486495  0.39738464  3.55135190  1.05535871  0.09169650
  582     C   4.0 -0.20253666       0.64359510  0.29844773  2.17333508  0.83391476  0.25324400
  583     N   5.0  0.11073437       0.79693037  0.28931987  2.69871479  0.88489079  0.21940979
  584     C   4.0 -0.02893237       0.62191224  0.26592037  1.99547803  0.71350366  0.43211807
  585     C   4.0 -0.01905305       0.62616110  0.23966500  1.84111011  0.64270590  0.66941094
  586     O   6.0 -0.31481801       1.15602684  0.42531857  3.60518515  1.04266551  0.08562194
  587     C   4.0 -0.13051460       0.63812423  0.28371775  2.11959994  0.78172410  0.30734859
  588     C   4.0 -0.10217489       0.63430172  0.24509951  1.79808533  0.65666908  0.76801924
  589     O   6.0 -0.44848733       1.17235625  0.44704688  3.66434288  1.08263102  0.08211030
  590     O   6.0 -0.43621673       1.17165339  0.44697821  3.65108359  1.08455634  0.08194520
  591     N   5.0  0.11050889       0.79588127  0.28883913  2.69979948  0.88260472  0.22236652
  592     C   4.0 -0.03174151       0.62309849  0.26553303  2.01165056  0.70662577  0.42483365
  593     C   4.0 -0.01807340       0.62286752  0.23826581  1.84026998  0.64319830  0.67347179
  594     O   6.0 -0.31554149       1.15781140  0.42457029  3.60436761  1.04362339  0.08516880
  595     C   4.0 -0.06459677       0.63537812  0.28173167  2.00291425  0.72383074  0.42074199
  596     O   6.0 -0.20257965       1.10694182  0.40540734  3.54112709  1.05667266  0.09243074
  597     N   5.0  0.11852614       0.79374301  0.28753823  2.69663471  0.88064921  0.22290869
  598     C   4.0 -0.02202011       0.61945039  0.26389495  1.99882364  0.70688578  0.43296535
  599     C   4.0 -0.01892863       0.62674570  0.24103571  1.83882320  0.64526013  0.66706389
  600     O   6.0 -0.31109922       1.15644169  0.42623389  3.59532273  1.04865220  0.08444871
  601     C   4.0 -0.14083974       0.62637991  0.27853909  2.12180722  0.77020960  0.34390393
  602     C   4.0 -0.14217031       0.63303435  0.28225479  2.12969655  0.78130713  0.31587750
  603     C   4.0 -0.07730852       0.63403678  0.24302009  1.78801790  0.65097260  0.76126115
  604     O   6.0 -0.43795817       1.17376852  0.44656888  3.65361619  1.08270055  0.08130404
  605     O   6.0 -0.39753808       1.17548561  0.42783689  3.64572775  1.06218436  0.08630345
  606     N   5.0  0.10815606       0.79797924  0.29112017  2.69665229  0.88847315  0.21761908
  607     C   4.0 -0.02701405       0.61981028  0.26286069  1.99952477  0.70987821  0.43494010
  608     C   4.0 -0.00511222       0.62205261  0.23732467  1.83839756  0.63659127  0.67074611
  609     O   6.0 -0.28425902       1.16082168  0.41109833  3.59573936  1.02447239  0.09212726
  610     C   4.0 -0.14060913       0.62773550  0.28043789  2.12251681  0.76886559  0.34105335
  611     C   4.0 -0.14494194       0.63534164  0.28358787  2.13347644  0.77775067  0.31478532
  612     C   4.0 -0.09251036       0.63443500  0.24321860  1.79696131  0.65381218  0.76408327
  613     O   6.0 -0.43607428       1.17350924  0.44387493  3.65595007  1.08060730  0.08213275
  614     O   6.0 -0.44477286       1.17254663  0.44361383  3.67467225  1.07224581  0.08169435
  615     N   5.0  0.13088417       0.79590118  0.28799793  2.68537319  0.87894455  0.22089899
  616     C   4.0 -0.02247316       0.61727101  0.26268640  1.99711519  0.70951933  0.43588123
  617     C   4.0 -0.00380775       0.62566268  0.24013066  1.83700234  0.64263828  0.65837378
  618     O   6.0 -0.28448038       1.15509486  0.42859372  3.57109380  1.04510581  0.08459218
  619     C   4.0 -0.13716949       0.62616366  0.27824402  2.12195754  0.76620671  0.34459756
  620     C   4.0 -0.15807973       0.63092268  0.27897939  2.15012181  0.77307987  0.32497598
  621     C   4.0 -0.10888389       0.63265520  0.24161449  1.80974984  0.64920083  0.77566352
  622     O   6.0 -0.44976359       1.17211545  0.44719839  3.66459358  1.08275929  0.08309688
  623     O   6.0 -0.44995691       1.17341101  0.44944119  3.65940714  1.08490276  0.08279480
  624     N   5.0  0.16435137       0.79661500  0.28965813  2.65299296  0.87737870  0.21900383
  625     C   4.0  0.00065476       0.62151235  0.26309082  1.98314917  0.70738354  0.42420935
  626     C   4.0  0.00899938       0.62539619  0.23964034  1.82899630  0.64605521  0.65091258
  627     O   6.0 -0.24489417       1.15669072  0.42608213  3.54150629  1.03783488  0.08278015
  628     C   4.0 -0.10111953       0.62161291  0.26556948  2.07702529  0.73507141  0.40184045
  629     C   4.0 -0.17436027       0.62982851  0.28012165  2.14273667  0.77184843  0.34982500
  630     C   4.0 -0.18379411       0.63798624  0.28935251  2.16494888  0.82986102  0.26164547
  631     C   4.0 -0.21476453       0.64333904  0.29617542  2.17621356  0.83261561  0.26642089
  632     N   5.0  0.19640945       0.79725105  0.28917179  2.62647623  0.87333980  0.21735169
  633     C   4.0  0.01152810       0.61909473  0.26364863  1.97365057  0.71137865  0.42069932
  634     C   4.0  0.02341215       0.62537569  0.23959164  1.82279646  0.64321423  0.64560983
  635     O   6.0 -0.22255242       1.15476334  0.42664284  3.52174389  1.03603613  0.08336622
  636     C   4.0 -0.11873113       0.62728894  0.27787837  2.10957295  0.77167900  0.33231187
  637     C   4.0 -0.13247800       0.62492430  0.27801430  2.12815690  0.76811849  0.33326401
  638     C   4.0 -0.09500159       0.62777960  0.27904689  2.05479056  0.73944609  0.39393844
  639     N   5.0  0.07841671       0.79046160  0.29391673  2.73579037  0.89825988  0.20315471
  640     C   4.0 -0.04393920       0.61831492  0.23039645  1.89912587  0.63760473  0.65849723
  641     N   5.0  0.04454442       0.79934627  0.31217995  2.75277805  0.94443259  0.14671872
  642     N   5.0  0.05024881       0.79915667  0.31248653  2.74949414  0.94394395  0.14466991
  643     N   5.0  0.20709825       0.79964751  0.28936067  2.61468679  0.87262189  0.21658489
  644     C   4.0  0.00025249       0.61948526  0.26396689  1.98184109  0.71015605  0.42429823
  645     C   4.0  0.02459608       0.62621969  0.23940861  1.82471770  0.64364538  0.64141254
  646     O   6.0 -0.22946516       1.15736175  0.42832097  3.52150500  1.03881115  0.08346629
  647     C   4.0 -0.14121255       0.62743402  0.27941647  2.12201315  0.76971483  0.34263408
  648     C   4.0 -0.13994035       0.62853444  0.27791563  2.14404225  0.76888639  0.32056165
  649     C   4.0 -0.10762431       0.63195968  0.24295397  1.80483288  0.65333606  0.77454172
  650     O   6.0 -0.44223143       1.16997516  0.44553396  3.66466689  1.07956362  0.08249180
  651     O   6.0 -0.44358608       1.17164981  0.44701019  3.65863776  1.08323315  0.08305516
  652     N   5.0  0.25183897       0.79941010  0.29019979  2.57166642  0.86941174  0.21747298
  653     C   4.0  0.00121517       0.62339181  0.26730871  1.98161501  0.71099384  0.41547547
  654     C   4.0  0.04050766       0.62747419  0.24038187  1.81923521  0.64560594  0.62679514
  655     O   6.0 -0.18323050       1.15654063  0.42813724  3.49018300  1.02666381  0.08170582
  656     C   4.0 -0.18025905       0.64387548  0.29659966  2.15351933  0.83398578  0.25227881
  657     N   5.0  0.31609017       0.79568708  0.28918195  2.52296054  0.86032885  0.21575141
  658     C   4.0  0.03465310       0.62172729  0.26384935  1.96042621  0.70953451  0.40980954
  659     C   4.0  0.04124530       0.62541038  0.24027857  1.81467053  0.64318131  0.63521390
  660     O   6.0 -0.19354146       1.15939200  0.42180711  3.50069654  1.02783057  0.08381524
  661     C   4.0 -0.10290401       0.62256628  0.27479389  2.08896327  0.77771704  0.33886353
  662     C   4.0 -0.04383954       0.63374621  0.25653589  2.03081203  0.72469848  0.39804693
  663     C   4.0 -0.05232037       0.64447731  0.27427536  2.06146204  0.75120547  0.32090018
  664     C   4.0 -0.07172224       0.64997596  0.27588314  2.06485945  0.75699438  0.32400931
  665     C   4.0 -0.06503392       0.64202213  0.27518204  2.06512076  0.75813870  0.32457029
  666     C   4.0 -0.07299618       0.64983267  0.27798170  2.06086498  0.76250035  0.32181649
  667     C   4.0 -0.06994732       0.64698887  0.27582869  2.06149083  0.76171128  0.32392764
  668     N   5.0  0.24978997       0.79606825  0.28929475  2.58224833  0.86721972  0.21537898
  669     C   4.0  0.01094230       0.61991674  0.26402408  1.97427493  0.71280232  0.41803963
  670     C   4.0  0.01109299       0.62626779  0.24139585  1.82971713  0.64367466  0.64785158
  671     O   6.0 -0.20705032       1.15192044  0.43417546  3.49723780  1.04015550  0.08356111
  672     C   4.0 -0.13666693       0.62928092  0.27863151  2.12442893  0.77056135  0.33376422
  673     C   4.0 -0.15518149       0.63038826  0.28025642  2.13975573  0.76860498  0.33617610
  674     C   4.0 -0.10407292       0.62814802  0.28081384  2.06156790  0.73511298  0.39843018
  675     N   5.0  0.06557132       0.78983253  0.29489091  2.74955612  0.89497650  0.20517262
  676     C   4.0 -0.05221862       0.61422282  0.22885942  1.90607989  0.63584079  0.66721569
  677     N   5.0  0.05404715       0.79639888  0.30983835  2.75589132  0.93709359  0.14673071
  678     N   5.0  0.06508250       0.79305905  0.30944422  2.74840140  0.93767452  0.14633830
  679     N   5.0  0.22827106       0.79831982  0.29026350  2.59050500  0.87451774  0.21812288
  680     C   4.0  0.00758560       0.62755650  0.26692566  1.97047246  0.71423700  0.41322277
  681     C   4.0  0.03480831       0.63129693  0.24393593  1.81862548  0.64817871  0.62315464
  682     O   6.0 -0.20405590       1.15764225  0.43544495  3.48839092  1.04102010  0.08155768
  683     C   4.0 -0.11067856       0.62556219  0.27037707  2.07890397  0.74109131  0.39474401
  684     C   4.0 -0.20087316       0.64371800  0.29581648  2.16522032  0.83484989  0.26126846
  685     C   4.0 -0.21209919       0.64358306  0.29758981  2.17269921  0.83367983  0.26454728
  686     N   5.0  0.31382417       0.79938030  0.29157925  2.52196175  0.86101654  0.21223799
  687     C   4.0  0.03942562       0.62151289  0.26344267  1.95382822  0.71073636  0.41105425
  688     C   4.0  0.05253711       0.62686068  0.24048729  1.80853146  0.64459071  0.62699275
  689     O   6.0 -0.15848434       1.16050529  0.42952967  3.46081507  1.02658352  0.08105078
  690     C   4.0 -0.10026070       0.62132519  0.27401561  2.09027588  0.77597058  0.33867344
  691     C   4.0 -0.04469705       0.63670027  0.25568378  2.03034675  0.72223222  0.39973402
  692     C   4.0 -0.06022774       0.64787495  0.27385113  2.06360680  0.75240490  0.32248996
  693     C   4.0 -0.06316241       0.64918739  0.27353281  2.06073457  0.75585394  0.32385371
  694     C   4.0 -0.08062980       0.64958203  0.27631840  2.06261444  0.76479715  0.32731778
  695     C   4.0 -0.08217449       0.65276301  0.27716208  2.06313342  0.76264621  0.32646978
  696     C   4.0 -0.08916715       0.65494037  0.27890226  2.06802589  0.76349489  0.32380374
  697     N   5.0  0.21618889       0.79777908  0.28957471  2.59936005  0.88164684  0.21545042
  698     C   4.0  0.00161909       0.62352037  0.26528513  1.97291964  0.71702620  0.41962955
  699     C   4.0  0.02809710       0.63366967  0.24194491  1.81053036  0.64368173  0.64207622
  700     O   6.0 -0.28012706       1.16819930  0.41915813  3.57435834  1.03123459  0.08717669
  701     C   4.0 -0.09456438       0.63073415  0.27814284  2.10689884  0.78063412  0.29815443
  702     C   4.0 -0.01821524       0.62021172  0.23854889  1.75300348  0.65085709  0.75559406
  703     O   6.0 -0.32010533       1.17230904  0.42545584  3.59832609  1.04478046  0.07923390
  704     O   6.0 -0.51128960       1.16585946  0.42803752  3.71947300  1.11059058  0.08732903
  705     N   5.0  0.14839337       0.80059165  0.29045177  2.65088648  0.89406446  0.21561228
  706     C   4.0 -0.01984715       0.62253761  0.26452628  1.99642652  0.71107949  0.42527724
  707     C   4.0 -0.03013193       0.62569505  0.24317141  1.84211665  0.64413133  0.67501749
  708     O   6.0 -0.33147468       1.15398335  0.43462202  3.60344768  1.05429170  0.08512993
  709     C   4.0 -0.12225305       0.62712806  0.27631110  2.11791283  0.76704609  0.33385496
  710     C   4.0 -0.15040583       0.62508762  0.27876675  2.12508559  0.77701902  0.34444685
  711     C   4.0 -0.15916494       0.62938195  0.28094161  2.14093125  0.76998897  0.33792116
  712     C   4.0 -0.08334522       0.64273793  0.28696555  2.08297664  0.73623076  0.33443434
  713     N   5.0  0.31320029       0.75263017  0.30987236  2.50993448  0.91123885  0.20312385
  714     N   5.0  0.10885012       0.79708087  0.28947994  2.70697629  0.88082328  0.21678948
  715     C   4.0 -0.01931324       0.62264144  0.26581886  1.98652816  0.71224307  0.43208171
  716     C   4.0 -0.04254948       0.63069910  0.24342506  1.84595323  0.64522777  0.67724433
  717     O   6.0 -0.34661859       1.15795875  0.43658522  3.60591674  1.06035981  0.08579808
  718     C   4.0 -0.10869735       0.63367963  0.28310165  2.11072272  0.77666351  0.30452985
  719     C   4.0 -0.05571952       0.62321091  0.24373502  1.76246309  0.66655946  0.75975104
  720     O   6.0 -0.45490781       1.17710185  0.42827722  3.67306113  1.09191507  0.08455253
  721     O   6.0 -0.40828726       1.17242908  0.44227526  3.62174129  1.09443370  0.07740793
  722     N   5.0  0.11115849       0.79481143  0.29081872  2.69057733  0.89206293  0.22057110
  723     C   4.0 -0.06764372       0.62696290  0.27796665  2.04787064  0.75115566  0.36368787
  724     C   4.0 -0.02430081       0.62445801  0.24127121  1.84269291  0.64443101  0.67144766
  725     O   6.0 -0.34514157       1.15887606  0.43802512  3.60626507  1.05807447  0.08390085
  726     N   5.0  0.10574160       0.79484391  0.28967986  2.69894344  0.88806838  0.22272282
  727     C   4.0 -0.02423709       0.62098241  0.26577112  1.99333191  0.71243525  0.43171640
  728     C   4.0 -0.03187227       0.63385481  0.24362423  1.84106481  0.64516434  0.66816409
  729     O   6.0 -0.34438652       1.15667939  0.43751031  3.60402322  1.06057164  0.08560196
  730     C   4.0 -0.09039498       0.62951261  0.28201532  2.10152143  0.77429830  0.30304732
  731     C   4.0 -0.01035737       0.61859602  0.24086370  1.82289374  0.65798944  0.67001448
  732     O   6.0 -0.42848929       1.15639937  0.41789913  3.66993487  1.08799666  0.09625926
  733     N   5.0  0.11896324       0.80515397  0.31065133  2.67459172  0.93953246  0.15110729
  734     N   5.0  0.10046407       0.79850399  0.29400098  2.69865233  0.89191353  0.21646509
  735     C   4.0 -0.06048643       0.63079429  0.28019908  2.03853929  0.75067872  0.36027505
  736     C   4.0 -0.01890969       0.62804383  0.24150777  1.83467263  0.64813811  0.66654735
  737     O   6.0 -0.32719713       1.15691257  0.43608135  3.59267735  1.05940905  0.08211681
  738     N   5.0  0.11819996       0.79875040  0.28968316  2.67761272  0.89590552  0.21984822
  739     C   4.0  0.00175967       0.61821908  0.26230478  1.98322845  0.70715365  0.42733437
  740     C   4.0  0.03969976       0.61621612  0.23370554  1.81424874  0.63462149  0.66150836
  741     O   6.0 -0.45790325       1.14904773  0.41332018  3.69394755  1.09896132  0.10262646
  742     C   4.0 -0.11602854       0.62197173  0.27323562  2.09874219  0.77251950  0.34955951
  743     C   4.0 -0.04348264       0.63431323  0.25562239  2.03153622  0.72133395  0.40067685
  744     C   4.0 -0.04731029       0.64777678  0.27373400  2.05434328  0.75445388  0.31700234
  745     C   4.0 -0.07308257       0.65177476  0.27580845  2.06596506  0.75544657  0.32408773
  746     C   4.0 -0.04388123       0.64831018  0.27311566  2.04775250  0.75046201  0.32424087
  747     C   4.0 -0.08904361       0.65530038  0.27976671  2.06791615  0.76216590  0.32389446
  748     C   4.0 -0.08691330       0.65560502  0.27988356  2.06840295  0.76105455  0.32196722
  749     N   5.0  0.20171150       0.78895617  0.28584930  2.63746917  0.87341994  0.21259391
  750     C   4.0 -0.00433499       0.62235820  0.26235113  1.98138994  0.71068414  0.42755159
  751     C   4.0  0.01229174       0.63088578  0.24060862  1.82095420  0.64296509  0.65229457
  752     O   6.0 -0.31440878       1.16330135  0.41922137  3.61407065  1.03217071  0.08564469
  753     C   4.0 -0.09660124       0.61951226  0.26433450  2.07905585  0.73001936  0.40367927
  754     C   4.0 -0.15640367       0.62617362  0.27448523  2.13346207  0.77199894  0.35028381
  755     C   4.0 -0.18872967       0.63655025  0.28787994  2.16514117  0.83322778  0.26593053
  756     C   4.0 -0.19226169       0.63438743  0.28841293  2.16808057  0.83307558  0.26830518
  757     N   5.0  0.14016442       0.79875094  0.29060999  2.65954584  0.89486942  0.21605940
  758     C   4.0 -0.01406763       0.62488365  0.26446933  1.99508119  0.71525015  0.41438332
  759     C   4.0  0.00143820       0.63071018  0.24095498  1.82559955  0.64296585  0.65833123
  760     O   6.0 -0.30665348       1.15990007  0.42213124  3.59545898  1.04302680  0.08613638
  761     C   4.0 -0.06124573       0.63561004  0.28015205  1.99445969  0.72819722  0.42282673
  762     O   6.0 -0.18874857       1.10623586  0.39932531  3.54205734  1.04927230  0.09185776
  763     N   5.0  0.12395483       0.80266386  0.29203317  2.67556679  0.89168397  0.21409738
  764     C   4.0 -0.01502962       0.62388021  0.26633179  1.98386425  0.71875735  0.42219602
  765     C   4.0  0.00168248       0.63061833  0.24185112  1.82587951  0.64581309  0.65415546
  766     O   6.0 -0.28127675       1.15975928  0.42245460  3.57056856  1.04309514  0.08539917
  767     C   4.0 -0.17776364       0.64172572  0.29489553  2.15332013  0.83424151  0.25358075
  768     N   5.0  0.12926162       0.80360216  0.29248565  2.66868985  0.88926661  0.21669411
  769     C   4.0 -0.02731165       0.62464738  0.26793128  1.99429041  0.71502452  0.42541806
  770     C   4.0  0.00771491       0.62986666  0.24069615  1.82875061  0.64380805  0.64916362
  771     O   6.0 -0.28519564       1.16054332  0.42701074  3.56490505  1.04814264  0.08459389
  772     C   4.0 -0.19701952       0.64612561  0.30036893  2.16031826  0.83363757  0.25656915
  773     N   5.0  0.18357027       0.79846072  0.28970522  2.63299423  0.87751713  0.21775243
  774     C   4.0 -0.00404570       0.61519808  0.26026529  1.99277127  0.70418680  0.43162426
  775     C   4.0  0.03346733       0.62166238  0.23529986  1.82133973  0.63679186  0.65143885
  776     O   6.0 -0.21876098       1.16010141  0.41306427  3.53281271  1.02398923  0.08879335
  777     C   4.0 -0.12958767       0.61992025  0.27103916  2.12311065  0.76560362  0.34991398
  778     C   4.0 -0.11123272       0.62000787  0.27307206  2.12638420  0.76934509  0.32242350
  779     C   4.0 -0.00765871       0.61415428  0.23929188  1.74214792  0.66466978  0.74739485
  780     O   6.0 -0.39390375       1.18164623  0.41478023  3.63168585  1.07801327  0.08777817
  781     O   6.0 -0.40701964       1.17184329  0.42913860  3.62236297  1.10222903  0.08144575
  782     N   5.0  0.25625499       0.79307902  0.28734824  2.58144993  0.86395067  0.21791716
  783     C   4.0  0.01268882       0.61794341  0.26199734  1.97815865  0.70812683  0.42108496
  784     C   4.0  0.04335316       0.62629390  0.23970312  1.81233746  0.64177006  0.63654231
  785     O   6.0 -0.21580973       1.16049302  0.42065981  3.52604818  1.02535856  0.08325016
  786     C   4.0 -0.12407091       0.62642878  0.27322814  2.11393899  0.77064900  0.33982600
  787     C   4.0 -0.13047793       0.61846757  0.26427913  2.09674770  0.73691955  0.41406399
  788     C   4.0 -0.20127052       0.63950324  0.29078099  2.17050260  0.83412465  0.26635903
  789     C   4.0 -0.18195243       0.63777769  0.28810814  2.16687405  0.82394746  0.26524509
  790     N   5.0  0.27636234       0.79934108  0.28915966  2.55559045  0.86631197  0.21323450
  791     C   4.0  0.02692454       0.62435079  0.26650956  1.96330816  0.71448147  0.40442549
  792     C   4.0  0.01455602       0.62770140  0.24052560  1.81964523  0.64786507  0.64970668
  793     O   6.0 -0.24571091       1.15576243  0.42600247  3.53873456  1.04098099  0.08423046
  794     C   4.0 -0.12906171       0.63135374  0.27913022  2.11712831  0.77852353  0.32292591
  795     C   4.0 -0.12333847       0.62920272  0.28035185  2.11231011  0.77867104  0.32280275
  796     C   4.0 -0.10191607       0.62899560  0.27899775  2.05564004  0.74485502  0.39342767
  797     N   5.0  0.06479590       0.79251438  0.29521978  2.74675620  0.89702424  0.20368950
  798     C   4.0 -0.04547241       0.61705154  0.23016696  1.89992708  0.63639264  0.66193420
  799     N   5.0  0.05229704       0.79769987  0.31038523  2.75160909  0.94277397  0.14523481
  800     N   5.0  0.04675492       0.79867774  0.31170890  2.75315994  0.94292694  0.14677156
  801     N   5.0  0.17866770       0.79561728  0.28971538  2.63651925  0.88324636  0.21623402
  802     C   4.0 -0.00564837       0.62304443  0.26413268  1.98276049  0.71096277  0.42474800
  803     C   4.0  0.00228208       0.62647748  0.24045299  1.82856369  0.64346865  0.65875512
  804     O   6.0 -0.30763645       1.16438615  0.42119798  3.59756696  1.03900346  0.08548189
  805     C   4.0 -0.11103818       0.62199146  0.27876857  2.08347523  0.77973351  0.34706941
  806     C   4.0 -0.10371193       0.64639914  0.25470716  2.07102978  0.68920524  0.44237060
  807     N   5.0  0.12128926       0.78982908  0.29141092  2.62923276  0.88131472  0.28692326
  808     C   4.0 -0.10972959       0.66101605  0.27879634  2.07251483  0.72844090  0.36896147
  809     C   4.0 -0.06371636       0.65653276  0.27442706  2.03034723  0.66952553  0.43288377
  810     N   5.0 -0.21617240       0.92438757  0.36171445  2.77612120  0.94142270  0.21252648
  811     N   5.0  0.15099184       0.79298151  0.28823200  2.67165571  0.87779188  0.21834706
  812     C   4.0 -0.01428075       0.62493694  0.26416466  1.98892629  0.71136364  0.42488922
  813     C   4.0 -0.01287732       0.62653983  0.24019529  1.83411694  0.64549619  0.66652908
  814     O   6.0 -0.32464634       1.16278875  0.42008981  3.61160016  1.04192233  0.08824529
  815     C   4.0 -0.10053951       0.62193894  0.26645204  2.07630366  0.73626110  0.39958376
  816     C   4.0 -0.18919536       0.63677353  0.28868300  2.16662389  0.83229989  0.26481505
  817     C   4.0 -0.19552054       0.63872689  0.28920808  2.16922736  0.83325475  0.26510345
  818     N   5.0  0.13328991       0.79792100  0.29029155  2.67671460  0.88743860  0.21434435
  819     C   4.0 -0.01565657       0.62080455  0.26329055  1.98762017  0.71547826  0.42846303
  820     C   4.0  0.00668452       0.62397039  0.24021587  1.82333344  0.64523278  0.66056300
  821     O   6.0 -0.29872604       1.16172862  0.41364589  3.60915315  1.02553004  0.08866834
  822     C   4.0 -0.14019703       0.62926406  0.27650145  2.11296403  0.78475863  0.33670886
  823     C   4.0 -0.23486717       0.65342408  0.29687163  2.04089910  0.87161729  0.37205507
  824     S   6.0  0.30532214       1.06452847  0.40560794  3.11721379  0.88049030  0.22683737
  825     C   4.0 -0.35123853       0.66446841  0.31564695  2.12280250  0.92446527  0.32385541
  826     N   5.0  0.13525223       0.79532987  0.29033828  2.67747557  0.88577834  0.21582572
  827     C   4.0 -0.01222832       0.62899566  0.26676852  1.98946315  0.71550722  0.41149377
  828     C   4.0 -0.02148839       0.62853801  0.24313049  1.84182483  0.64397818  0.66401688
  829     O   6.0 -0.32457210       1.16049933  0.42681596  3.60760236  1.04292151  0.08673293
  830     C   4.0 -0.01482880       0.63147849  0.26873031  1.94322377  0.70251894  0.46887729
  831     O   6.0 -0.20870472       1.11751926  0.40170932  3.54336965  1.05704403  0.08906247
  832     C   4.0 -0.21066842       0.64212948  0.29246807  2.19090694  0.82735142  0.25781250
  833     N   5.0  0.11764462       0.79644775  0.29032147  2.70296764  0.87701142  0.21560709
  834     C   4.0 -0.01045766       0.62146586  0.26445654  1.98320079  0.71128352  0.43005095
  835     C   4.0 -0.02617572       0.62816978  0.23924890  1.84227246  0.64305656  0.67342803
  836     O   6.0 -0.34091449       1.15584135  0.43575490  3.60916865  1.05505642  0.08509317
  837     C   4.0 -0.09768834       0.63552022  0.28300875  2.09956414  0.77728419  0.30231104
  838     C   4.0 -0.04951920       0.63547397  0.24491400  1.84831321  0.65390432  0.66691370
  839     O   6.0 -0.35703605       1.15749860  0.44006184  3.60477638  1.06977510  0.08492413
  840     N   5.0  0.05596814       0.81088424  0.31367490  2.71531433  0.94563556  0.15852284
  841     N   5.0  0.10516620       0.79740769  0.28871518  2.70811754  0.87819034  0.22240305
  842     C   4.0 -0.02012227       0.62246996  0.26563716  1.99259561  0.71082953  0.42859001
  843     C   4.0 -0.01363660       0.63249010  0.24206729  1.83578223  0.64098196  0.66231503
  844     O   6.0 -0.34399328       1.15937710  0.43903002  3.59805965  1.06354648  0.08398003
  845     C   4.0 -0.14840785       0.63199222  0.27803156  2.12537479  0.77440760  0.33860168
  846     C   4.0 -0.13485490       0.62105191  0.26716095  2.09860146  0.73999786  0.40804272
  847     C   4.0 -0.20020686       0.64010507  0.29275757  2.16776240  0.83609501  0.26348682
  848     C   4.0 -0.22297775       0.64618003  0.29857332  2.17938167  0.83396518  0.26487755
  849     N   5.0  0.10406432       0.79543203  0.29444429  2.69992304  0.88899106  0.21714526
  850     C   4.0 -0.07174192       0.63222069  0.28083488  2.04683554  0.74660373  0.36524709
  851     C   4.0 -0.02850382       0.63365197  0.24108592  1.84387442  0.64316660  0.66672490
  852     O   6.0 -0.36167781       1.16150975  0.44055828  3.61041641  1.06477761  0.08441575
  853     N   5.0  0.12756648       0.79857051  0.28978357  2.67531097  0.88948935  0.21927911
  854     C   4.0 -0.03396735       0.62126499  0.26387566  2.00498343  0.70943999  0.43440327
  855     C   4.0 -0.01481373       0.62877393  0.24023367  1.83880252  0.64369488  0.66330873
  856     O   6.0 -0.32300948       1.15534663  0.42933977  3.60949969  1.04537126  0.08345212
  857     C   4.0 -0.14348376       0.62799233  0.27799037  2.12298453  0.77064040  0.34387612
  858     C   4.0 -0.13722061       0.63106453  0.27846202  2.13589787  0.77127329  0.32052290
  859     C   4.0 -0.11307447       0.63401210  0.24408096  1.80872494  0.65314718  0.77310929
  860     O   6.0 -0.45238246       1.17120624  0.44585168  3.67213595  1.07964489  0.08354370
  861     O   6.0 -0.43873680       1.17163038  0.44772491  3.65300190  1.08420205  0.08217755
  862     N   5.0  0.12148133       0.79943758  0.29106092  2.67592442  0.89216757  0.21992818
  863     C   4.0 -0.03698270       0.61962497  0.26303101  2.00549543  0.71256632  0.43626498
  864     C   4.0 -0.03035382       0.63055891  0.24141476  1.84525162  0.64500009  0.66812845
  865     O   6.0 -0.35342888       1.15792930  0.43786651  3.61102593  1.06123829  0.08536885
  866     C   4.0 -0.14280504       0.63232905  0.28174242  2.12705028  0.76779170  0.33389158
  867     C   4.0 -0.15932281       0.62652624  0.27940145  2.13522160  0.77382585  0.34434767
  868     C   4.0 -0.16349203       0.62907708  0.28331700  2.14218903  0.76741090  0.34149802
  869     C   4.0 -0.09774318       0.63945943  0.28566974  2.09610689  0.73213096  0.34437615
  870     N   5.0  0.30775472       0.75033444  0.30969059  2.51725751  0.90722972  0.20773301
  871     N   5.0  0.12344351       0.79900450  0.29099682  2.67937040  0.88996851  0.21721626
  872     C   4.0 -0.02001133       0.62003767  0.26343954  1.99938214  0.70913361  0.42801837
  873     C   4.0 -0.01982436       0.62471789  0.23669329  1.84208107  0.63959840  0.67673370
  874     O   6.0 -0.33434920       1.15248823  0.43211475  3.61412728  1.05020854  0.08541040
  875     C   4.0 -0.13305176       0.63120294  0.27430725  2.11967969  0.77035704  0.33750484
  876     C   4.0 -0.14109770       0.61866105  0.26499158  2.10714656  0.73647466  0.41382385
  877     C   4.0 -0.18420424       0.63597792  0.28814885  2.16669947  0.82809785  0.26528015
  878     C   4.0 -0.21606096       0.64141345  0.29342380  2.17962420  0.83252147  0.26907804
  879     N   5.0  0.11705575       0.79364532  0.28869581  2.69590175  0.88499036  0.21971100
  880     C   4.0 -0.02610842       0.62329346  0.26405403  2.00651884  0.71009611  0.42214599
  881     C   4.0 -0.01517470       0.62846661  0.23999810  1.83506012  0.64484458  0.66680530
  882     O   6.0 -0.32838004       1.16025960  0.42766917  3.60545421  1.05141702  0.08358003
  883     C   4.0 -0.03016807       0.63040203  0.26861629  1.95400041  0.70193698  0.47521237
  884     O   6.0 -0.20306592       1.11461949  0.39538372  3.55679095  1.04689047  0.08938129
  885     C   4.0 -0.22170638       0.64748317  0.30095345  2.18599832  0.83284041  0.25443103
  886     N   5.0  0.09919189       0.80036730  0.29175299  2.70083266  0.88923797  0.21861718
  887     C   4.0 -0.02808779       0.61988550  0.26398209  1.99980044  0.70879930  0.43562045
  888     C   4.0 -0.03425361       0.62329066  0.23799908  1.84798288  0.64358930  0.68139169
  889     O   6.0 -0.29553973       1.15059328  0.42560026  3.59067082  1.04340747  0.08526789
  890     C   4.0 -0.13284242       0.63604599  0.28227574  2.12504005  0.77644616  0.31303447
  891     C   4.0 -0.10255958       0.63466817  0.24279740  1.80273932  0.65174302  0.77061166
  892     O   6.0 -0.43898662       1.17367494  0.44823012  3.65182865  1.08468443  0.08056848
  893     O   6.0 -0.44983046       1.17424846  0.44888276  3.65746093  1.08624914  0.08298918
  894     N   5.0  0.09309848       0.79992670  0.29058987  2.70618564  0.88924268  0.22095663
  895     C   4.0 -0.03145555       0.61970973  0.26358441  2.00439596  0.70901501  0.43475044
  896     C   4.0 -0.02133377       0.62513685  0.23929378  1.84242892  0.64471899  0.66975522
  897     O   6.0 -0.30564477       1.15504169  0.42496383  3.59871244  1.04223233  0.08469446
  898     C   4.0 -0.15146705       0.62936163  0.28114194  2.12926942  0.76743001  0.34426406
  899     C   4.0 -0.15179048       0.63474661  0.28286961  2.14002252  0.77767077  0.31648097
  900     C   4.0 -0.10347588       0.63592356  0.24365641  1.80484754  0.65133972  0.76770864
  901     O   6.0 -0.44068065       1.17298234  0.44878215  3.65000784  1.08654696  0.08236137
  902     O   6.0 -0.45831807       1.17412901  0.44792470  3.67151916  1.08244577  0.08229943
  903     N   5.0  0.10600677       0.79862595  0.28971389  2.69618571  0.88959581  0.21987188
  904     C   4.0 -0.02444763       0.62027669  0.26416504  1.99574083  0.71112899  0.43313607
  905     C   4.0 -0.01385530       0.62519902  0.23977771  1.83777237  0.64476903  0.66633717
  906     O   6.0 -0.31853484       1.15708280  0.42544755  3.60604894  1.04491064  0.08504491
  907     C   4.0 -0.13305179       0.62921065  0.27877799  2.11423910  0.77230832  0.33851574
  908     C   4.0 -0.15690244       0.63655728  0.28307578  2.13995510  0.77855027  0.31876400
  909     C   4.0 -0.08816444       0.63205522  0.24317928  1.79535002  0.65331690  0.76426303
  910     O   6.0 -0.41576155       1.17111623  0.43654233  3.65975785  1.06620064  0.08214448
  911     O   6.0 -0.44120294       1.17427826  0.44838753  3.65111637  1.08519036  0.08223042
  912     N   5.0  0.11908239       0.79624879  0.29060927  2.69381809  0.88315612  0.21708533
  913     C   4.0  0.01411553       0.62327236  0.26152486  1.98371583  0.69732741  0.42004401
  914     C   4.0 -0.01356958       0.62636089  0.23958652  1.83583355  0.64385118  0.66793744
  915     O   6.0 -0.30273354       1.15993369  0.42071438  3.59289312  1.04295886  0.08623350
  916     C   4.0 -0.09416236       0.62071794  0.26532862  2.07239330  0.73630089  0.39942162
  917     C   4.0 -0.18297575       0.63673902  0.28717771  2.16330117  0.82984689  0.26591097
  918     C   4.0 -0.19878564       0.63617212  0.28735292  2.17987871  0.82649513  0.26888677
  919     N   5.0  0.10778869       0.79905391  0.28974491  2.70179749  0.88338754  0.21822746
  920     C   4.0 -0.02522400       0.62016457  0.26392877  1.99887919  0.70868592  0.43356555
  921     C   4.0 -0.01569968       0.62582999  0.23856419  1.83770597  0.64365682  0.66994271
  922     O   6.0 -0.31192433       1.15948319  0.42403418  3.59626222  1.04679602  0.08534872
  923     C   4.0 -0.12353595       0.63235664  0.27878848  2.12305999  0.77601308  0.31331776
  924     C   4.0 -0.10965650       0.62945688  0.24313819  1.80340588  0.65737979  0.77627575
  925     O   6.0 -0.43856754       1.17069840  0.44393691  3.66430032  1.07815704  0.08147486
  926     O   6.0 -0.44143794       1.17241132  0.44677043  3.65448153  1.08516720  0.08260746
  927     N   5.0  0.10303944       0.79645485  0.28817993  2.70757496  0.88292399  0.22182682
  928     C   4.0 -0.02977156       0.61943734  0.26371792  1.99775583  0.71251926  0.43634121
  929     C   4.0 -0.01747648       0.62769175  0.24049029  1.83878368  0.64475615  0.66575462
  930     O   6.0 -0.32488556       1.15735841  0.43029019  3.59737945  1.05509114  0.08476637
  931     C   4.0 -0.14138209       0.63152969  0.28220248  2.12059700  0.77379255  0.33326036
  932     C   4.0 -0.14824706       0.63644212  0.28232962  2.13495600  0.78079799  0.31372133
  933     C   4.0 -0.10083686       0.63517988  0.24403182  1.79831570  0.65310222  0.77020724
  934     O   6.0 -0.44334290       1.17282283  0.44781905  3.65392554  1.08661550  0.08215998
  935     O   6.0 -0.44506517       1.17118061  0.44599518  3.66507232  1.08023551  0.08258155
  936     N   5.0  0.11514363       0.80005568  0.29030368  2.69065481  0.88631421  0.21752799
  937     C   4.0 -0.01781382       0.62051213  0.26431966  1.99327880  0.71036674  0.42933649
  938     C   4.0 -0.01815430       0.62892550  0.24084543  1.83890432  0.64539897  0.66408008
  939     O   6.0 -0.32378215       1.15738022  0.43566811  3.58536887  1.06237656  0.08298839
  940     C   4.0 -0.14163919       0.62795508  0.27823043  2.11616695  0.77717358  0.34211316
  941     C   4.0 -0.28945124       0.65279686  0.30024132  2.07285154  0.87144223  0.39211929
  942     S   6.0  0.30788101       1.05809700  0.40615931  3.08638930  0.89962247  0.24185090
  943     C   4.0 -0.30952714       0.65636379  0.30592111  2.12598532  0.90333930  0.31791763
  944     N   5.0  0.11991403       0.79495496  0.28867799  2.68876737  0.88653648  0.22114917
  945     C   4.0 -0.01115581       0.62440866  0.26374868  1.98725539  0.70885913  0.42688395
  946     C   4.0 -0.01107360       0.62996447  0.24276459  1.82781875  0.64835696  0.66216883
  947     O   6.0 -0.31323250       1.15690565  0.42702433  3.59854043  1.04717988  0.08358221
  948     C   4.0 -0.10161097       0.62188941  0.26605994  2.07656574  0.73538709  0.40170880
  949     C   4.0 -0.15486876       0.62639719  0.27576190  2.13323814  0.77214825  0.34732327
  950     C   4.0 -0.19178696       0.63892144  0.29105511  2.16548258  0.83265987  0.26366796
  951     C   4.0 -0.19688525       0.63710678  0.28883278  2.17147237  0.83466503  0.26480829
  952     N   5.0  0.10892319       0.79964757  0.29119858  2.69476640  0.89123118  0.21423308
  953     C   4.0 -0.02120522       0.62021780  0.26444641  1.99348038  0.71157193  0.43148870
  954     C   4.0 -0.03621464       0.62554765  0.24073355  1.84973890  0.64470264  0.67549191
  955     O   6.0 -0.31772289       1.15383172  0.43434995  3.59219170  1.05249578  0.08485374
  956     C   4.0 -0.14670724       0.62696469  0.27746078  2.12983465  0.77061777  0.34182935
  957     C   4.0 -0.15709438       0.62952679  0.28070784  2.14193726  0.76867628  0.33624621
  958     C   4.0 -0.10544137       0.63053137  0.28285444  2.05757278  0.74148022  0.39300256
  959     N   5.0  0.06214079       0.79213667  0.29716980  2.74535704  0.90016150  0.20303419
  960     C   4.0 -0.04088680       0.61656648  0.23147151  1.89763129  0.63858888  0.65662865
  961     N   5.0  0.05756856       0.79657733  0.31061700  2.74879491  0.94256449  0.14387770
  962     N   5.0  0.05040087       0.79652131  0.31263179  2.75689536  0.93824375  0.14530692
  963     N   5.0  0.10750564       0.79477578  0.28918421  2.70050859  0.88525510  0.22277067
  964     C   4.0 -0.03100930       0.61995780  0.26448485  2.00191528  0.70735584  0.43729553
  965     C   4.0 -0.02787868       0.62889338  0.24213722  1.84238595  0.64543670  0.66902543
  966     O   6.0 -0.34479318       1.15666962  0.43344727  3.62004066  1.05010867  0.08452696
  967     C   4.0 -0.14566278       0.62658620  0.27833182  2.12615126  0.76826966  0.34632384
  968     C   4.0 -0.15101114       0.63128489  0.28088349  2.14265019  0.77157351  0.32461906
  969     C   4.0 -0.09604798       0.63532782  0.24385050  1.79939842  0.65228181  0.76518944
  970     O   6.0 -0.44130379       1.17353058  0.44821489  3.65351558  1.08515900  0.08088374
  971     O   6.0 -0.45238368       1.17490220  0.44997078  3.65700090  1.08815041  0.08235939
  972     N   5.0  0.11272630       0.79800946  0.29082420  2.69293588  0.88666064  0.21884352
  973     C   4.0 -0.02434633       0.62122071  0.26422590  1.99724030  0.71212220  0.42953722
  974     C   4.0 -0.00444940       0.63056731  0.24066103  1.83206803  0.64058532  0.66056772
  975     O   6.0 -0.31661162       1.15950954  0.42863709  3.59735954  1.04744846  0.08365700
  976     C   4.0 -0.17241876       0.64169759  0.29084569  2.15370500  0.83019613  0.25597436
  977     N   5.0  0.11959757       0.80205256  0.29133630  2.67252558  0.89733180  0.21715618
  978     C   4.0 -0.02134095       0.62176663  0.26436368  1.98469841  0.71787886  0.43263337
  979     C   4.0 -0.00082323       0.63206959  0.24234897  1.82515275  0.64464411  0.65660781
  980     O   6.0 -0.32066736       1.16120911  0.42847359  3.60255337  1.04307362  0.08535767
  981     C   4.0 -0.10782532       0.63022399  0.27790752  2.11789399  0.77683182  0.30496800
  982     C   4.0 -0.03489705       0.61821705  0.23907137  1.76008946  0.65424179  0.76327739
  983     O   6.0 -0.50696900       1.16783166  0.42280245  3.72431242  1.10076764  0.09125483
  984     O   6.0 -0.33479613       1.17029071  0.43371341  3.60391307  1.04982421  0.07705474
  985     N   5.0  0.12302274       0.79952818  0.29055557  2.67440295  0.89448887  0.21800169
  986     C   4.0 -0.02464513       0.62193787  0.26328981  1.99941385  0.70858258  0.43142103
  987     C   4.0 -0.03792189       0.62371308  0.24095970  1.84808654  0.64541924  0.67974333
  988     O   6.0 -0.33667323       1.15525568  0.43538737  3.60492527  1.05632567  0.08477924
  989     C   4.0 -0.10859982       0.62284046  0.26611945  2.07905287  0.73701970  0.40356734
  990     C   4.0 -0.17686458       0.62628996  0.27869415  2.14899421  0.76938263  0.35350363
  991     C   4.0 -0.21086799       0.64426756  0.29803982  2.17553669  0.82900026  0.26402365
  992     C   4.0 -0.21580435       0.64144588  0.29514146  2.18055195  0.82757090  0.27109417
  993     N   5.0  0.10892480       0.79412407  0.28904167  2.70609945  0.88025317  0.22155685
  994     C   4.0 -0.03330001       0.62001073  0.26460993  2.00334889  0.71040180  0.43492866
  995     C   4.0 -0.05258449       0.62768984  0.24292253  1.84755784  0.64526372  0.68915056
  996     O   6.0 -0.33538033       1.15482569  0.43570521  3.60094523  1.05755278  0.08635141
  997     C   4.0 -0.09366992       0.63667029  0.28480971  2.09759885  0.78009093  0.29450015
  998     C   4.0 -0.02259585       0.62173140  0.24185701  1.75366491  0.65683164  0.74851090
  999     O   6.0 -0.31932922       1.17452657  0.43139970  3.56871283  1.06615737  0.07853274
 1000     O   6.0 -0.47487245       1.18168688  0.41856623  3.69362998  1.08975217  0.09123720
 1001     N   5.0  0.10058968       0.79535007  0.29335690  2.69424015  0.89753795  0.21892525
 1002     C   4.0 -0.07745998       0.62758976  0.27915722  2.04996783  0.75527781  0.36546736
 1003     C   4.0 -0.01866063       0.62637782  0.24264619  1.83472705  0.64670134  0.66820823
 1004     O   6.0 -0.34473877       1.15925694  0.43872461  3.60319281  1.05992711  0.08363731
 1005     N   5.0  0.10702464       0.79721487  0.29129776  2.69045490  0.89440018  0.21960765
 1006     C   4.0 -0.03188716       0.62348455  0.26727790  1.99498463  0.71575110  0.43038899
 1007     C   4.0 -0.03664570       0.63205838  0.24295901  1.84287733  0.64516538  0.67358560
 1008     O   6.0 -0.34105039       1.15726173  0.43748569  3.60239387  1.05872384  0.08518526
 1009     C   4.0 -0.10964797       0.63716894  0.28505716  2.10657889  0.78185628  0.29898670
 1010     C   4.0 -0.04670559       0.62396538  0.24293663  1.76131076  0.66122957  0.75726326
 1011     O   6.0 -0.37598156       1.17244172  0.44071594  3.61075234  1.07571939  0.07635217
 1012     O   6.0 -0.48846136       1.17919087  0.42359191  3.69819856  1.09720182  0.09027819
 1013     N   5.0  0.10119706       0.79629695  0.29458216  2.69644916  0.89357495  0.21789971
 1014     C   4.0 -0.06716331       0.63128740  0.27982506  2.04315227  0.74974431  0.36315427
 1015     C   4.0 -0.02269138       0.62933207  0.24221028  1.83507723  0.64779106  0.66828075
 1016     O   6.0 -0.33291210       1.15744841  0.43680409  3.59707868  1.05895123  0.08262969
 1017     N   5.0  0.11009725       0.80039966  0.29080266  2.68790305  0.89454788  0.21624950
 1018     C   4.0  0.00883659       0.61775255  0.26253936  1.98063773  0.70976935  0.42046442
 1019     C   4.0  0.04466981       0.61921519  0.23469935  1.80858856  0.63509822  0.65772887
 1020     O   6.0 -0.45230030       1.14890110  0.41832328  3.69152510  1.09548268  0.09806814
 1021     C   4.0 -0.13490514       0.62687546  0.27412215  2.12700200  0.76273590  0.34416962
 1022     C   4.0 -0.12182463       0.63022327  0.27959266  2.11872888  0.77367072  0.31960910
 1023     C   4.0 -0.03497253       0.62859631  0.24095981  1.84390783  0.64669113  0.67481746
 1024     O   6.0 -0.36787279       1.15876079  0.44106948  3.61369383  1.06834844  0.08600025
 1025     N   5.0  0.10703783       0.79813206  0.30223176  2.71852273  0.91686046  0.15721516
 1026     N   5.0  0.18755095       0.79203701  0.28870624  2.63755262  0.88444060  0.20971258
 1027     C   4.0 -0.00717373       0.62445658  0.26327887  1.98098844  0.71282576  0.42562407
 1028     C   4.0  0.01941947       0.62731415  0.23938324  1.82047600  0.63924366  0.65416349
 1029     O   6.0 -0.27700431       1.15964139  0.41189086  3.59517646  1.02080613  0.08948946
 1030     C   4.0 -0.10456008       0.62070096  0.26582012  2.08355582  0.73110045  0.40338274
 1031     C   4.0 -0.18395102       0.63606709  0.28770065  2.16210300  0.83355172  0.26452856
 1032     C   4.0 -0.19710517       0.63783789  0.28939903  2.16784084  0.83506873  0.26695869
 1033     N   5.0  0.14632035       0.79640096  0.28960428  2.66159964  0.89119080  0.21488398
 1034     C   4.0 -0.00139279       0.61876935  0.26341203  1.98567784  0.71175058  0.42178299
 1035     C   4.0 -0.00231975       0.62478793  0.23940581  1.82855660  0.64068232  0.66888709
 1036     O   6.0 -0.30233944       1.15853953  0.41941860  3.61616039  1.02295882  0.08526210
 1037     C   4.0 -0.08653314       0.63480234  0.28141695  2.08905160  0.77939822  0.30186402
 1038     C   4.0 -0.03690609       0.62796181  0.24254601  1.84109920  0.65239672  0.67290235
 1039     O   6.0 -0.36411815       1.15882266  0.43808559  3.61407721  1.06832841  0.08480429
 1040     N   5.0  0.11320944       0.79576558  0.29577076  2.71422106  0.91267729  0.16835587
 1041     N   5.0  0.14561350       0.79485315  0.28978494  2.66848564  0.88595480  0.21530797
 1042     C   4.0  0.02080399       0.61801648  0.26233125  1.95750666  0.71091492  0.43042670
 1043     C   4.0  0.00533502       0.62473971  0.23924346  1.82914937  0.64190900  0.65962344
 1044     O   6.0 -0.25490326       1.15961885  0.42080876  3.55563581  1.03461087  0.08422897
 1045     C   4.0 -0.05023938       0.62580532  0.27928773  2.07141817  0.77216250  0.30156567
 1046     C   4.0  0.26802763       0.63616645  0.25745296  1.78805289  0.66006246  0.39023760
 1047     C   4.0  0.05511114       0.64697975  0.27408186  2.00291932  0.74109502  0.27981292
 1048     C   4.0  0.04155424       0.65209806  0.27703819  2.00603986  0.74475205  0.27851761
 1049     C   4.0  0.11507219       0.64429611  0.27549851  1.96434498  0.72267255  0.27811566
 1050     C   4.0  0.10787339       0.65027088  0.27706787  1.96339673  0.72135513  0.28003601
 1051     C   4.0  0.28833879       0.62697351  0.24890770  1.74448961  0.64167209  0.44961830
 1052     O   6.0  0.33216641       1.09929562  0.38657796  3.09188318  0.99866983  0.09140700
 1053     N   5.0  0.13564738       0.79652393  0.28791133  2.68290615  0.87653989  0.22047133
 1054     C   4.0 -0.01830396       0.62030828  0.26456186  1.99330902  0.71029687  0.42982792
 1055     C   4.0  0.00242844       0.62488860  0.23913275  1.83164126  0.64261365  0.65929531
 1056     O   6.0 -0.29553179       1.15873682  0.42609563  3.58012378  1.04615030  0.08442525
 1057     C   4.0 -0.13931922       0.63107800  0.28234243  2.11603832  0.77221379  0.33764667
 1058     C   4.0 -0.15624434       0.63933820  0.28688818  2.13358819  0.78280134  0.31362842
 1059     C   4.0 -0.09483159       0.63478053  0.24609695  1.79702386  0.65528154  0.76164871
 1060     O   6.0 -0.41609057       1.17266715  0.43947002  3.65805447  1.06266865  0.08323028
 1061     O   6.0 -0.43442684       1.17264640  0.44812641  3.64721918  1.08570352  0.08073132
 1062     N   5.0  0.16490974       0.79194009  0.28511766  2.67880571  0.85808659  0.22114022
 1063     C   4.0 -0.00882964       0.61568850  0.26076263  1.99248725  0.70521662  0.43467464
 1064     C   4.0  0.00687905       0.62422955  0.23849307  1.83245778  0.64270136  0.65523919
 1065     O   6.0 -0.25498303       1.15514076  0.42812216  3.54518569  1.04228559  0.08424883
 1066     C   4.0 -0.12481180       0.62159890  0.27321774  2.12130755  0.76700608  0.34168153
 1067     C   4.0 -0.10369394       0.62364662  0.27478942  2.11477250  0.77518730  0.31529810
 1068     C   4.0 -0.00035041       0.61805338  0.24122216  1.73673618  0.66494599  0.73939271
 1069     O   6.0 -0.40826554       1.17906547  0.42420599  3.62622595  1.09503165  0.08373648
 1070     O   6.0 -0.41670480       1.17511761  0.42706650  3.63249028  1.09952283  0.08250758
 1071     N   5.0  0.21692270       0.79700822  0.28772375  2.60953593  0.87043670  0.21837270
 1072     C   4.0  0.01293595       0.62168801  0.26399931  1.97302198  0.70990491  0.41844983
 1073     C   4.0  0.01808199       0.62630618  0.23948281  1.82098490  0.64205799  0.65308614
 1074     O   6.0 -0.27164953       1.16148174  0.42179564  3.56065071  1.04151320  0.08620824
 1075     C   4.0 -0.10398523       0.62121725  0.27353397  2.09207058  0.77891092  0.33825251
 1076     C   4.0 -0.04592283       0.63411111  0.25765365  2.03027302  0.72715078  0.39673427
 1077     C   4.0 -0.06362316       0.64972842  0.27558979  2.05826956  0.76068616  0.31934923
 1078     C   4.0 -0.06143455       0.65124297  0.27761343  2.05704647  0.75919430  0.31633738
 1079     C   4.0 -0.07136859       0.65125507  0.27853191  2.05498850  0.76809318  0.31849993
 1080     C   4.0 -0.07410462       0.65188432  0.27972832  2.05385137  0.77018437  0.31845625
 1081     C   4.0 -0.07854607       0.65218699  0.27916905  2.05863917  0.76901022  0.31954064
 1082     N   5.0  0.16613419       0.79478198  0.28888944  2.65314335  0.88066721  0.21638384
 1083     C   4.0 -0.00807197       0.62374181  0.26366839  1.98545259  0.71080774  0.42440144
 1084     C   4.0 -0.03107162       0.62662065  0.24209560  1.84473717  0.64562193  0.67199627
 1085     O   6.0 -0.30780514       1.15274775  0.43210396  3.58624136  1.05130744  0.08540463
 1086     C   4.0 -0.12189604       0.61895138  0.26587474  2.09318924  0.73378339  0.41009729
 1087     C   4.0 -0.20989264       0.64182949  0.29656133  2.17441815  0.82921141  0.26787226
 1088     C   4.0 -0.20010736       0.63603318  0.28917778  2.17456591  0.83138430  0.26894620
 1089     N   5.0  0.11612019       0.79546446  0.29038814  2.69318956  0.88530707  0.21953058
 1090     C   4.0 -0.02557939       0.62629104  0.26567256  1.99966186  0.71120486  0.42274907
 1091     C   4.0 -0.01931990       0.62966710  0.24269529  1.83530182  0.64529374  0.66636195
 1092     O   6.0 -0.33867631       1.15714133  0.43744394  3.60141993  1.05854931  0.08412180
 1093     C   4.0 -0.03229890       0.62731224  0.26620492  1.95779812  0.69922297  0.48176064
 1094     O   6.0 -0.21555449       1.11744153  0.40036827  3.54865563  1.05791864  0.09117041
 1095     C   4.0 -0.20414782       0.64521599  0.29898125  2.17405736  0.83435509  0.25153813
 1096     N   5.0  0.13746204       0.79616016  0.28978533  2.67280966  0.88802764  0.21575517
 1097     C   4.0  0.02662853       0.61517614  0.26393965  1.96515006  0.70226896  0.42683666
 1098     C   4.0 -0.11323290       0.59328383  0.21824993  2.01653123  0.58251600  0.70265191
 1099     O   6.0 -0.51157523       1.17888796  0.41019705  3.81305385  0.98908937  0.12034700
 1100     C   4.0 -0.14478741       0.63026851  0.27870324  2.11964339  0.78428227  0.33188999
 1101     C   4.0 -0.25219059       0.65682441  0.30315158  2.04256243  0.87489939  0.37475279
 1102     S   6.0  0.28775273       1.06345987  0.40998420  3.11374915  0.89484932  0.23020473
 1103     C   4.0 -0.36957830       0.65827900  0.31309214  2.13645446  0.93068883  0.33106387
 1104     N   5.0  0.16198140       0.73354000  0.25263429  2.67304325  0.78935605  0.38944501
 1105     C   4.0 -0.01623356       0.62122142  0.26384813  2.01175332  0.70391318  0.41549751
 1106     C   4.0  0.17778423       0.67079496  0.28906807  1.77314535  0.64612968  0.44307770
 1107     O   6.0 -0.20695852       1.16442251  0.45482448  3.44170916  1.06838539  0.07761697
 1108     C   4.0 -0.16791641       0.63193572  0.28022045  2.13261610  0.78001963  0.34312452
 1109     C   4.0 -0.29221083       0.65436316  0.30070555  2.06909871  0.87952811  0.38851530
 1110     S   6.0  0.29773370       1.07924700  0.41698024  3.08452952  0.91141075  0.21009880
 1111     C   4.0 -0.33747673       0.67597836  0.32592785  2.09769899  0.93803364  0.29983789
 1112     Ca 10.0  1.50790228       1.58145070  0.18293300  0.32782066  5.71323252  0.49188374  0.19477710
 1113     Ca 10.0  1.48695009       1.58558428  0.18213405  0.31469756  5.71312487  0.54116981  0.17633933
 1114     Ca 10.0  1.50113842       1.57958317  0.18241389  0.31430835  5.71236861  0.51803321  0.19215436
 1115     Ca 10.0  1.49305354       1.58156788  0.18145038  0.30502045  5.71073985  0.52226304  0.20590485
 1116     O   6.0 -0.39133525       1.20026362  0.44004369  3.50920999  1.20617938  0.03563857
 1117     O   6.0 -0.43715092       1.19050670  0.46025175  3.55116320  1.20142522  0.03380406
 1118     O   6.0 -0.33048312       1.19987082  0.44605759  3.41562486  1.22714683  0.04178302
 1119     O   6.0 -0.43983417       1.19447362  0.45924965  3.54721355  1.20493954  0.03395780
 1120     O   6.0 -0.45127474       1.19584417  0.45663738  3.56569612  1.19793513  0.03516193
 1121     O   6.0 -0.41771113       1.19119442  0.45371783  3.52679819  1.21266815  0.03333255
 1122     O   6.0 -0.41347765       1.18776143  0.44811106  3.53669965  1.20471376  0.03619175
 1123     H   1.0  0.19115460       0.58207232  0.09007170  0.13670138
 1124     H   1.0  0.18804678       0.57968670  0.09011636  0.14215016
 1125     H   1.0  0.18575737       0.58370960  0.09633287  0.13420016
 1126     H   1.0  0.10840071       0.64218402  0.12861672  0.12079855
 1127     H   1.0  0.10011662       0.65504915  0.13454816  0.11028608
 1128     H   1.0  0.14073250       0.52523941  0.10124629  0.23278180
 1129     H   1.0  0.08827596       0.66122156  0.12347180  0.12703067
 1130     H   1.0  0.08701984       0.66170448  0.12318483  0.12809085
 1131     H   1.0  0.07943043       0.66342521  0.12808228  0.12906209
 1132     H   1.0  0.14879316       0.56713718  0.10706919  0.17700046
 1133     H   1.0  0.10426324       0.64690781  0.13840333  0.11042563
 1134     H   1.0  0.08477770       0.66324556  0.12881398  0.12316276
 1135     H   1.0  0.08367309       0.66060942  0.13130845  0.12440903
 1136     H   1.0  0.07967062       0.66081220  0.13382459  0.12569259
 1137     H   1.0  0.10035639       0.64835602  0.12292878  0.12835882
 1138     H   1.0  0.14521179       0.56599599  0.11407519  0.17471703
 1139     H   1.0  0.09700800       0.64962107  0.14239380  0.11097713
 1140     H   1.0  0.08436411       0.66148233  0.13199234  0.12216122
 1141     H   1.0  0.08387717       0.66155052  0.13039599  0.12417632
 1142     H   1.0  0.08299908       0.66058224  0.13460863  0.12181005
 1143     H   1.0  0.09890981       0.64835668  0.12457067  0.12816284
 1144     H   1.0  0.14262463       0.56525588  0.11944820  0.17267129
 1145     H   1.0  0.09645798       0.64992470  0.14347744  0.11013989
 1146     H   1.0  0.09513593       0.65435338  0.13139005  0.11912064
 1147     H   1.0  0.07889405       0.66159755  0.13116767  0.12834074
 1148     H   1.0  0.08964098       0.65784800  0.13072163  0.12178939
 1149     H   1.0  0.07974395       0.66026860  0.13185059  0.12813686
 1150     H   1.0  0.15466275       0.56889385  0.10108493  0.17535847
 1151     H   1.0  0.15356578       0.57084996  0.10181135  0.17377291
 1152     H   1.0  0.19272237       0.54835993  0.11428487  0.14463283
 1153     H   1.0  0.10817583       0.64687747  0.14060006  0.10434665
 1154     H   1.0  0.07922805       0.66036719  0.13966091  0.12074385
 1155     H   1.0  0.07660821       0.66844106  0.13280162  0.12214911
 1156     H   1.0  0.08522864       0.66093320  0.13002107  0.12381710
 1157     H   1.0  0.08524955       0.66112870  0.12761174  0.12601000
 1158     H   1.0  0.07882242       0.66248035  0.13168128  0.12701594
 1159     H   1.0  0.08119164       0.66080499  0.13450965  0.12349372
 1160     H   1.0  0.08314743       0.65815872  0.12842281  0.13027104
 1161     H   1.0  0.06993005       0.66304630  0.13018043  0.13684322
 1162     H   1.0 -0.14661752       0.59283859  0.11817543  0.43560350
 1163     H   1.0  0.12516724       0.56469870  0.12214360  0.18799046
 1164     H   1.0  0.09684232       0.65620196  0.13715883  0.10979689
 1165     H   1.0  0.09309954       0.65623063  0.12613361  0.12453622
 1166     H   1.0  0.08514703       0.65969539  0.12835769  0.12679989
 1167     H   1.0  0.07012269       0.66582918  0.13694824  0.12709988
 1168     H   1.0  0.12355124       0.56756622  0.12391537  0.18496717
 1169     H   1.0  0.09759925       0.65147895  0.14121664  0.10970517
 1170     H   1.0  0.09379775       0.65390354  0.13263163  0.11966707
 1171     H   1.0  0.07922475       0.66130489  0.14006500  0.11940536
 1172     H   1.0  0.07567260       0.65492225  0.13875358  0.13065157
 1173     H   1.0  0.07997126       0.66000283  0.13750666  0.12251925
 1174     H   1.0  0.12209959       0.56714243  0.12455235  0.18620563
 1175     H   1.0  0.09460405       0.65149504  0.14253761  0.11136331
 1176     H   1.0  0.09710966       0.64787525  0.13631561  0.11869948
 1177     H   1.0  0.07819327       0.66165060  0.14207385  0.11808227
 1178     H   1.0  0.08048471       0.64684135  0.13988294  0.13279101
 1179     H   1.0  0.07523688       0.65248603  0.14241575  0.12986135
 1180     H   1.0  0.08069679       0.64755106  0.14163415  0.13011800
 1181     H   1.0  0.08261777       0.64425242  0.14240642  0.13072339
 1182     H   1.0  0.07184335       0.65063435  0.14502722  0.13249508
 1183     H   1.0  0.12251184       0.56788057  0.12498908  0.18461851
 1184     H   1.0  0.10049224       0.64888847  0.14308086  0.10753843
 1185     H   1.0  0.09225565       0.65583724  0.13300866  0.11889846
 1186     H   1.0  0.07399012       0.66440862  0.13879913  0.12280213
 1187     H   1.0  0.03917764       0.65786582  0.13871579  0.16424075
 1188     H   1.0  0.07815528       0.66224158  0.13620886  0.12339428
 1189     H   1.0  0.08394941       0.66323268  0.13191022  0.12090768
 1190     H   1.0  0.08048803       0.66384280  0.13432509  0.12134408
 1191     H   1.0  0.08547316       0.66663921  0.12831609  0.11957154
 1192     H   1.0  0.08936303       0.66373396  0.12972447  0.11717854
 1193     H   1.0  0.18625016       0.58448696  0.09282023  0.13644265
 1194     H   1.0  0.19050055       0.58146244  0.09023675  0.13780026
 1195     H   1.0  0.18648813       0.58356237  0.09346698  0.13648251
 1196     H   1.0  0.13337087       0.56707788  0.12481717  0.17473409
 1197     H   1.0  0.10123023       0.65040255  0.14007449  0.10829273
 1198     H   1.0  0.08911430       0.65581888  0.13478237  0.12028444
 1199     H   1.0  0.08003264       0.66217005  0.13809066  0.11970666
 1200     H   1.0  0.06822789       0.66409737  0.13701852  0.13065623
 1201     H   1.0  0.09231142       0.65185398  0.13042481  0.12540979
 1202     H   1.0  0.12622036       0.56600267  0.12299175  0.18478522
 1203     H   1.0  0.10163547       0.65211445  0.13406612  0.11218396
 1204     H   1.0  0.08978342       0.65547055  0.13173415  0.12301188
 1205     H   1.0  0.08309399       0.65972257  0.13145258  0.12573087
 1206     H   1.0  0.07272460       0.66484374  0.14013833  0.12229333
 1207     H   1.0  0.11569210       0.56683236  0.12489425  0.19258129
 1208     H   1.0  0.10445953       0.64289761  0.14427185  0.10837101
 1209     H   1.0  0.07610669       0.66142601  0.14311826  0.11934904
 1210     H   1.0  0.07533257       0.65786153  0.13956428  0.12724162
 1211     H   1.0  0.07804224       0.64723641  0.14422667  0.13049469
 1212     H   1.0  0.07324856       0.64813554  0.14545965  0.13315624
 1213     H   1.0  0.07374164       0.64907312  0.14506251  0.13212273
 1214     H   1.0  0.07469615       0.64571869  0.15016513  0.12942003
 1215     H   1.0  0.07310190       0.64916837  0.14619194  0.13153778
 1216     H   1.0  0.12472339       0.56700772  0.12571867  0.18255023
 1217     H   1.0  0.10108934       0.64720726  0.14068983  0.11101356
 1218     H   1.0  0.06729524       0.67431509  0.14106773  0.11732193
 1219     H   1.0  0.09150117       0.65683472  0.13816381  0.11350030
 1220     H   1.0  0.15243291       0.52358264  0.09720229  0.22678217
 1221     H   1.0  0.13273225       0.56767488  0.12465969  0.17493319
 1222     H   1.0  0.09999842       0.64873827  0.14010330  0.11116002
 1223     H   1.0  0.08935287       0.65671408  0.13347700  0.12045604
 1224     H   1.0  0.07924623       0.66013038  0.13791902  0.12270436
 1225     H   1.0  0.04523891       0.65933579  0.13735116  0.15807414
 1226     H   1.0  0.08545873       0.66032785  0.12812552  0.12608790
 1227     H   1.0  0.08062076       0.66278243  0.12981628  0.12678053
 1228     H   1.0  0.08081724       0.66647816  0.12787296  0.12483164
 1229     H   1.0  0.08389092       0.66349238  0.12551577  0.12710092
 1230     H   1.0  0.08126021       0.66548693  0.12780873  0.12544413
 1231     H   1.0  0.08291169       0.66383016  0.12663138  0.12662677
 1232     H   1.0  0.14412202       0.56747913  0.12532152  0.16307733
 1233     H   1.0  0.10309702       0.64808941  0.13971519  0.10909837
 1234     H   1.0  0.09065061       0.65497130  0.13721009  0.11716800
 1235     H   1.0  0.08030329       0.66115975  0.14254099  0.11599596
 1236     H   1.0  0.08133645       0.64668381  0.14475827  0.12722147
 1237     H   1.0  0.07767794       0.64768487  0.14563842  0.12899877
 1238     H   1.0  0.07976763       0.65073478  0.14078635  0.12871123
 1239     H   1.0  0.08472722       0.64467776  0.14045259  0.13014242
 1240     H   1.0  0.08408150       0.64687824  0.13809438  0.13094587
 1241     H   1.0  0.10469162       0.56526291  0.12215096  0.20789451
 1242     H   1.0  0.07418541       0.66256422  0.15191662  0.11133375
 1243     H   1.0  0.08988784       0.64796966  0.14073583  0.12140667
 1244     H   1.0  0.09605858       0.64396960  0.13924408  0.12072774
 1245     H   1.0  0.12854453       0.56511563  0.12346452  0.18287532
 1246     H   1.0  0.08875070       0.65404272  0.13450095  0.12270563
 1247     H   1.0  0.09187807       0.65709931  0.13119955  0.11982307
 1248     H   1.0  0.07993666       0.66275060  0.13614196  0.12117078
 1249     H   1.0  0.08780355       0.65777290  0.13303533  0.12138822
 1250     H   1.0  0.07923257       0.66276532  0.13864705  0.11935506
 1251     H   1.0  0.08050357       0.65924233  0.13183545  0.12841865
 1252     H   1.0  0.08275610       0.66260391  0.13301399  0.12162599
 1253     H   1.0  0.08644876       0.66568458  0.13098204  0.11688462
 1254     H   1.0  0.08434304       0.66103733  0.13592452  0.11869512
 1255     H   1.0  0.14518275       0.58179325  0.10180131  0.17122269
 1256     H   1.0  0.18481257       0.58205664  0.09569283  0.13743796
 1257     H   1.0  0.18313994       0.58531314  0.09529383  0.13625308
 1258     H   1.0  0.11982131       0.57475203  0.13270065  0.17272601
 1259     H   1.0  0.10733866       0.64258009  0.13327445  0.11680679
 1260     H   1.0  0.09389615       0.65682387  0.12862027  0.12065971
 1261     H   1.0  0.09602210       0.64986402  0.13021994  0.12389395
 1262     H   1.0  0.12484772       0.56709296  0.12023962  0.18781970
 1263     H   1.0  0.09475786       0.65732217  0.12897252  0.11894746
 1264     H   1.0  0.10784984       0.64416033  0.12856421  0.11942562
 1265     H   1.0  0.10813627       0.57708097  0.13746563  0.17731714
 1266     H   1.0  0.10466145       0.64641976  0.13585097  0.11306782
 1267     H   1.0  0.09695042       0.64766330  0.13150537  0.12388091
 1268     H   1.0  0.09963271       0.65192831  0.12935847  0.11908051
 1269     H   1.0  0.06055549       0.56702828  0.12623943  0.24617679
 1270     H   1.0  0.09784422       0.65187323  0.13337918  0.11690337
 1271     H   1.0  0.09970218       0.65164435  0.13116840  0.11748507
 1272     H   1.0  0.09754492       0.57692510  0.13087252  0.19465747
 1273     H   1.0  0.09440627       0.64505899  0.14467449  0.11586025
 1274     H   1.0  0.09114617       0.65746868  0.14238310  0.10900206
 1275     H   1.0  0.04632601       0.52510279  0.11048967  0.31808152
 1276     H   1.0  0.08204589       0.66008562  0.13024503  0.12762346
 1277     H   1.0  0.08037034       0.65902728  0.13459249  0.12600989
 1278     H   1.0  0.07332869       0.66566592  0.13469227  0.12631312
 1279     H   1.0  0.12336645       0.56001228  0.12269233  0.19392894
 1280     H   1.0  0.07528551       0.66065961  0.14946948  0.11458540
 1281     H   1.0  0.07712115       0.66078877  0.14172573  0.12036434
 1282     H   1.0  0.06903033       0.66546828  0.14113213  0.12436926
 1283     H   1.0  0.07179619       0.66603673  0.14073052  0.12143657
 1284     H   1.0  0.08036136       0.66017359  0.13380323  0.12566181
 1285     H   1.0  0.07244430       0.66419768  0.13799149  0.12536653
 1286     H   1.0  0.07406929       0.66283864  0.13957757  0.12351451
 1287     H   1.0  0.07302867       0.66092622  0.13866079  0.12738432
 1288     H   1.0  0.07488637       0.66502529  0.13585705  0.12423129
 1289     H   1.0  0.06921105       0.67038894  0.13362817  0.12677184
 1290     H   1.0  0.12513936       0.56849104  0.12477197  0.18159764
 1291     H   1.0  0.09910527       0.64531457  0.14227827  0.11330189
 1292     H   1.0  0.09590314       0.65465355  0.14062983  0.10881349
 1293     H   1.0  0.13935883       0.52606201  0.10469640  0.22988275
 1294     H   1.0  0.08328317       0.66275495  0.12688275  0.12707913
 1295     H   1.0  0.08266661       0.66438097  0.12603855  0.12691387
 1296     H   1.0  0.06996654       0.66786772  0.13774826  0.12441748
 1297     H   1.0  0.14616515       0.56594330  0.11896241  0.16892913
 1298     H   1.0  0.10452391       0.64300263  0.14367728  0.10879618
 1299     H   1.0  0.08364620       0.66273385  0.14172600  0.11189394
 1300     H   1.0  0.15738574       0.51971042  0.09409769  0.22880615
 1301     H   1.0  0.07135330       0.66389716  0.13593943  0.12881011
 1302     H   1.0  0.07355191       0.66100627  0.13886264  0.12657918
 1303     H   1.0  0.07472992       0.66368264  0.13651347  0.12507397
 1304     H   1.0  0.13781897       0.56746894  0.12282063  0.17189146
 1305     H   1.0  0.09298282       0.65590626  0.13994871  0.11116221
 1306     H   1.0  0.09111446       0.65872687  0.12858395  0.12157471
 1307     H   1.0  0.08260943       0.66305101  0.13348919  0.12085037
 1308     H   1.0  0.08848398       0.66111559  0.12733467  0.12306577
 1309     H   1.0  0.08797003       0.65974283  0.13015421  0.12213293
 1310     H   1.0  0.08685720       0.66039735  0.12946989  0.12327557
 1311     H   1.0  0.08039260       0.66154701  0.13659044  0.12146996
 1312     H   1.0  0.08568129       0.66553158  0.12832145  0.12046568
 1313     H   1.0  0.09004631       0.66420841  0.12694104  0.11880424
 1314     H   1.0  0.17837890       0.57800269  0.10370342  0.13991499
 1315     H   1.0  0.17642236       0.58281320  0.10270104  0.13806340
 1316     H   1.0  0.18822008       0.58173299  0.09219979  0.13784715
 1317     H   1.0  0.13514967       0.56788206  0.12376726  0.17320101
 1318     H   1.0  0.10003565       0.64946538  0.14210206  0.10839691
 1319     H   1.0  0.08222294       0.65829241  0.13965575  0.11982889
 1320     H   1.0  0.07851847       0.66197729  0.14256726  0.11693697
 1321     H   1.0  0.09246793       0.65211755  0.12888920  0.12652532
 1322     H   1.0  0.08463597       0.66200197  0.13547926  0.11788281
 1323     H   1.0  0.12136101       0.56559891  0.12346177  0.18957831
 1324     H   1.0  0.10525226       0.64488697  0.14128152  0.10857926
 1325     H   1.0  0.07138785       0.66500759  0.14246760  0.12113695
 1326     H   1.0  0.08081092       0.65884060  0.13939381  0.12095467
 1327     H   1.0  0.07421784       0.66490608  0.14137548  0.11950059
 1328     H   1.0  0.07238697       0.66459924  0.13199137  0.13102242
 1329     H   1.0  0.06767129       0.66411579  0.14161186  0.12660106
 1330     H   1.0  0.07864683       0.66207665  0.13546821  0.12380831
 1331     H   1.0  0.06992738       0.66687900  0.13666891  0.12652472
 1332     H   1.0  0.07959345       0.66271603  0.13466662  0.12302389
 1333     H   1.0  0.07328045       0.66196173  0.13953923  0.12521859
 1334     H   1.0  0.11658865       0.56494147  0.12484028  0.19362960
 1335     H   1.0  0.09524260       0.65085191  0.13893887  0.11496662
 1336     H   1.0  0.09058263       0.65559703  0.14015552  0.11366482
 1337     H   1.0  0.11933365       0.56616473  0.12436378  0.19013783
 1338     H   1.0  0.08973669       0.65486628  0.14484684  0.11055019
 1339     H   1.0  0.07339383       0.66783756  0.14639786  0.11237075
 1340     H   1.0  0.15507680       0.52130979  0.09555274  0.22806067
 1341     H   1.0  0.08445724       0.66087013  0.12829936  0.12637327
 1342     H   1.0  0.08540407       0.65704811  0.13181345  0.12573437
 1343     H   1.0  0.08050375       0.66458511  0.12964512  0.12526601
 1344     H   1.0  0.11396596       0.56532979  0.12459898  0.19610527
 1345     H   1.0  0.09200164       0.65571481  0.14273486  0.10954869
 1346     H   1.0  0.07853449       0.65946752  0.14362343  0.11837456
 1347     H   1.0  0.07947911       0.66233736  0.12993103  0.12825250
 1348     H   1.0  0.07041119       0.66562873  0.13573352  0.12822657
 1349     H   1.0  0.07967700       0.66354471  0.13251764  0.12426065
 1350     H   1.0  0.07390620       0.66454411  0.13324063  0.12830907
 1351     H   1.0  0.07397549       0.66684163  0.13534702  0.12383586
 1352     H   1.0  0.07123131       0.66378814  0.13725443  0.12772612
 1353     H   1.0  0.08572558       0.56018281  0.12306630  0.23102531
 1354     H   1.0  0.07115402       0.65953988  0.14980479  0.11950132
 1355     H   1.0  0.07853550       0.66272897  0.13917394  0.11956159
 1356     H   1.0  0.08102544       0.65735984  0.14179099  0.11982374
 1357     H   1.0  0.06887191       0.66567826  0.14056887  0.12488096
 1358     H   1.0  0.07111411       0.66315860  0.14299862  0.12272868
 1359     H   1.0  0.08142707       0.65924054  0.13342263  0.12590976
 1360     H   1.0  0.05781962       0.67514336  0.13739365  0.12964336
 1361     H   1.0  0.05854066       0.67445606  0.13209151  0.13491177
 1362     H   1.0  0.09467972       0.56264418  0.12336615  0.21930994
 1363     H   1.0  0.07114582       0.65242326  0.14058733  0.13584359
 1364     H   1.0  0.08812426       0.65809023  0.13298686  0.12079864
 1365     H   1.0  0.07741799       0.66303003  0.13887559  0.12067639
 1366     H   1.0  0.07684849       0.66066635  0.14078020  0.12170497
 1367     H   1.0  0.08270588       0.65856332  0.13590579  0.12282502
 1368     H   1.0  0.08641043       0.66696620  0.12987031  0.11675306
 1369     H   1.0  0.09566207       0.66103005  0.12852389  0.11478399
 1370     H   1.0  0.15657078       0.56196862  0.10513467  0.17632592
 1371     H   1.0  0.15990050       0.56212312  0.10088986  0.17708652
 1372     H   1.0  0.14970622       0.56584060  0.10278033  0.18167284
 1373     H   1.0  0.16022721       0.56055552  0.10163391  0.17758336
 1374     H   1.0  0.15571851       0.56432879  0.10128668  0.17866603
 1375     H   1.0  0.12053561       0.56382740  0.12366969  0.19196730
 1376     H   1.0  0.10657811       0.64402664  0.13585952  0.11353574
 1377     H   1.0  0.08120421       0.66707289  0.13489531  0.11682759
 1378     H   1.0  0.09755095       0.65746087  0.13238497  0.11260321
 1379     H   1.0  0.04194446       0.52331692  0.11052581  0.32421281
 1380     H   1.0  0.11660287       0.56471169  0.12516762  0.19351782
 1381     H   1.0  0.10409771       0.64526278  0.13776840  0.11287111
 1382     H   1.0  0.08393362       0.65670067  0.13312037  0.12624533
 1383     H   1.0  0.07462910       0.66199714  0.13951184  0.12386192
 1384     H   1.0  0.08868495       0.65955973  0.13138555  0.12036978
 1385     H   1.0  0.08603996       0.66202164  0.12581635  0.12612206
 1386     H   1.0  0.07916840       0.66409242  0.13004491  0.12669427
 1387     H   1.0  0.06621958       0.66326177  0.13626882  0.13424983
 1388     H   1.0  0.08828654       0.66045135  0.12566422  0.12559789
 1389     H   1.0  0.07899275       0.66480583  0.13341258  0.12278883
 1390     H   1.0  0.08654325       0.66183662  0.12538928  0.12623085
 1391     H   1.0  0.11393423       0.56549090  0.11540860  0.20516627
 1392     H   1.0  0.10244578       0.65129685  0.12960379  0.11665358
 1393     H   1.0  0.10910568       0.64852178  0.12524867  0.11712387
 1394     H   1.0  0.12433677       0.56645012  0.12236945  0.18684366
 1395     H   1.0  0.09099433       0.65528774  0.14014044  0.11357748
 1396     H   1.0  0.08868256       0.65909308  0.13139471  0.12082964
 1397     H   1.0  0.08138038       0.66128337  0.13679273  0.12054351
 1398     H   1.0  0.10418250       0.64653814  0.12541048  0.12386888
 1399     H   1.0  0.08622300       0.66082627  0.13502569  0.11792504
 1400     H   1.0  0.15303629       0.56874007  0.10073180  0.17749184
 1401     H   1.0  0.15410928       0.57042390  0.10063705  0.17482977
 1402     H   1.0  0.16087415       0.56132483  0.10965388  0.16814714
 1403     H   1.0  0.08838780       0.65263391  0.13662888  0.12234941
 1404     H   1.0  0.09286646       0.65077716  0.13148405  0.12487233
 1405     H   1.0  0.10095010       0.64726257  0.12993748  0.12184985
 1406     H   1.0  0.15161489       0.56806684  0.10495389  0.17536439
 1407     H   1.0  0.13363773       0.56567359  0.10824108  0.19244760
 1408     H   1.0  0.07966338       0.65305859  0.13861731  0.12866073
 1409     H   1.0  0.09587727       0.65054023  0.13289014  0.12069236
 1410     H   1.0  0.08425052       0.65283966  0.14102282  0.12188701
 1411     H   1.0  0.08649981       0.65430093  0.13545464  0.12374462
 1412     H   1.0  0.08470433       0.65566421  0.13987233  0.11975914
 1413     H   1.0  0.08955603       0.65336186  0.13823888  0.11884324
 1414     H   1.0  0.08853061       0.65889335  0.13537574  0.11720030
 1415     H   1.0  0.10637723       0.56952763  0.12068208  0.20341307
 1416     H   1.0  0.10523979       0.64289415  0.13722338  0.11464268
 1417     H   1.0  0.10077678       0.65476584  0.13627355  0.10818382
 1418     H   1.0  0.14993598       0.52322614  0.10208241  0.22475547
 1419     H   1.0  0.08728964       0.66132003  0.12357596  0.12781437
 1420     H   1.0  0.09093242       0.65839267  0.12397868  0.12669623
 1421     H   1.0  0.08366831       0.66373259  0.12782475  0.12477435
 1422     H   1.0  0.14945330       0.56641090  0.11340310  0.17073270
 1423     H   1.0  0.09620762       0.65240020  0.14223203  0.10916015
 1424     H   1.0  0.09230702       0.65485328  0.13259050  0.12024919
 1425     H   1.0  0.08347616       0.66262847  0.13107386  0.12282150
 1426     H   1.0  0.09671712       0.64983422  0.12568635  0.12776231
 1427     H   1.0  0.08120443       0.66428697  0.13248779  0.12202081
 1428     H   1.0  0.14242762       0.56782156  0.11644118  0.17330964
 1429     H   1.0  0.09855195       0.65308487  0.13691945  0.11144372
 1430     H   1.0  0.09495277       0.65665090  0.12368978  0.12470656
 1431     H   1.0  0.08559208       0.66310710  0.12398547  0.12731535
 1432     H   1.0  0.07917761       0.66651481  0.12948602  0.12482155
 1433     H   1.0  0.12177312       0.56931889  0.12264176  0.18626624
 1434     H   1.0  0.09615870       0.65349841  0.14128079  0.10906210
 1435     H   1.0  0.09337750       0.65270060  0.13464417  0.11927773
 1436     H   1.0  0.06938352       0.66519296  0.14373671  0.12168681
 1437     H   1.0  0.08774149       0.65365720  0.13330922  0.12529210
 1438     H   1.0  0.09143024       0.65448684  0.13022715  0.12385578
 1439     H   1.0  0.11092357       0.56685150  0.12374984  0.19847509
 1440     H   1.0  0.09144071       0.65504718  0.14198181  0.11153030
 1441     H   1.0  0.08535459       0.65854526  0.13814917  0.11795098
 1442     H   1.0  0.07512832       0.66248119  0.14106077  0.12132972
 1443     H   1.0  0.07439485       0.66290587  0.14204344  0.12065583
 1444     H   1.0  0.07738134       0.66389841  0.13206241  0.12665784
 1445     H   1.0  0.07615380       0.66463488  0.13266137  0.12654994
 1446     H   1.0  0.04217681       0.66002536  0.13454916  0.16324867
 1447     H   1.0  0.06810922       0.66654122  0.13781396  0.12753560
 1448     H   1.0  0.07158236       0.66588640  0.13901332  0.12351792
 1449     H   1.0  0.07152096       0.66267514  0.13714957  0.12865433
 1450     H   1.0  0.11700420       0.56644613  0.12408300  0.19246667
 1451     H   1.0  0.09261404       0.65498048  0.14361963  0.10878586
 1452     H   1.0  0.08252884       0.65961194  0.13669074  0.12116848
 1453     H   1.0  0.08254353       0.65792507  0.13797806  0.12155334
 1454     H   1.0  0.07730854       0.66849965  0.13374579  0.12044602
 1455     H   1.0  0.09939615       0.64927608  0.12733020  0.12399757
 1456     H   1.0  0.14917043       0.56725132  0.10934747  0.17423077
 1457     H   1.0  0.11611842       0.57150060  0.11215580  0.20022519
 1458     H   1.0  0.12513507       0.56890595  0.12514819  0.18081079
 1459     H   1.0  0.08963644       0.65328479  0.14393893  0.11313984
 1460     H   1.0  0.10241304       0.64299911  0.13017602  0.12441183
 1461     H   1.0  0.07773358       0.65819144  0.13923295  0.12484203
 1462     H   1.0  0.11584143       0.56734419  0.12342357  0.19339082
 1463     H   1.0  0.09431849       0.65033305  0.14402708  0.11132138
 1464     H   1.0  0.08479783       0.65584534  0.14081544  0.11854139
 1465     H   1.0  0.07088587       0.66707748  0.14381218  0.11822446
 1466     H   1.0  0.06231565       0.66602111  0.13994753  0.13171571
 1467     H   1.0  0.07668851       0.66306591  0.13748661  0.12275897
 1468     H   1.0  0.07050467       0.66493148  0.13651894  0.12804492
 1469     H   1.0  0.06997313       0.67045802  0.13165437  0.12791449
 1470     H   1.0  0.06907703       0.67422950  0.12828268  0.12841078
 1471     H   1.0  0.12424343       0.56801057  0.12536840  0.18237760
 1472     H   1.0  0.09586624       0.65188640  0.14102994  0.11121741
 1473     H   1.0  0.07744504       0.66008085  0.14341798  0.11905612
 1474     H   1.0  0.07262659       0.66682100  0.13464911  0.12590330
 1475     H   1.0  0.07143412       0.66424733  0.14089689  0.12342166
 1476     H   1.0  0.07399593       0.66131240  0.13606851  0.12862317
 1477     H   1.0  0.07578646       0.66077757  0.13642956  0.12700641
 1478     H   1.0  0.07129088       0.66597545  0.13835801  0.12437566
 1479     H   1.0  0.07671507       0.66173571  0.13642502  0.12512420
 1480     H   1.0  0.07206395       0.66506702  0.13734870  0.12552034
 1481     H   1.0  0.07008613       0.66834736  0.13473547  0.12683105
 1482     H   1.0  0.10980114       0.56569535  0.12482044  0.19968307
 1483     H   1.0  0.09373887       0.65233296  0.14228711  0.11164107
 1484     H   1.0  0.10026626       0.64675260  0.13032824  0.12265291
 1485     H   1.0  0.08184792       0.65831411  0.13846366  0.12137431
 1486     H   1.0  0.14861311       0.56966680  0.10570274  0.17601734
 1487     H   1.0  0.15155244       0.56966513  0.10323118  0.17555124
 1488     H   1.0  0.12987245       0.56611878  0.12377767  0.18023111
 1489     H   1.0  0.10231182       0.64824200  0.13629641  0.11314977
 1490     H   1.0  0.08043891       0.66044599  0.13755655  0.12155855
 1491     H   1.0  0.08885689       0.65906501  0.12971637  0.12236173
 1492     H   1.0  0.09296536       0.64835006  0.13311557  0.12556900
 1493     H   1.0  0.06198477       0.66222531  0.14084691  0.13494302
 1494     H   1.0  0.12448050       0.56734043  0.12419090  0.18398817
 1495     H   1.0  0.09747013       0.64798671  0.14376101  0.11078215
 1496     H   1.0  0.07449900       0.66566330  0.13829890  0.12153880
 1497     H   1.0  0.07864757       0.65953499  0.13771328  0.12410416
 1498     H   1.0  0.07045097       0.66247958  0.13942710  0.12764235
 1499     H   1.0  0.07305709       0.66620028  0.13667345  0.12406918
 1500     H   1.0  0.08335534       0.65982437  0.13218912  0.12463116
 1501     H   1.0  0.07109121       0.66580480  0.13443555  0.12866843
 1502     H   1.0  0.06469178       0.66492844  0.12984569  0.14053409
 1503     H   1.0  0.08516734       0.56547308  0.12155440  0.22780518
 1504     H   1.0  0.07245248       0.66611999  0.14869361  0.11273392
 1505     H   1.0  0.08480547       0.65452242  0.14082283  0.11984928
 1506     H   1.0  0.09528797       0.64356661  0.13908964  0.12205578
 1507     H   1.0  0.13367396       0.56784284  0.12392471  0.17455849
 1508     H   1.0  0.09604716       0.65529358  0.13732880  0.11133046
 1509     H   1.0  0.08945484       0.66021031  0.12528165  0.12505320
 1510     H   1.0  0.08885756       0.65895063  0.12677719  0.12541463
 1511     H   1.0  0.07403812       0.66697794  0.13358006  0.12540388
 1512     H   1.0  0.13736691       0.56651801  0.12254728  0.17356781
 1513     H   1.0  0.10561226       0.64622390  0.13345636  0.11470747
 1514     H   1.0  0.09651968       0.65442795  0.12809384  0.12095854
 1515     H   1.0  0.10575258       0.64119643  0.12835978  0.12469121
 1516     H   1.0  0.13428346       0.56454062  0.12003658  0.18113934
 1517     H   1.0  0.09434021       0.65841067  0.12918358  0.11806555
 1518     H   1.0  0.10645814       0.64531565  0.12924314  0.11898308
 1519     H   1.0  0.12072227       0.57210267  0.13167471  0.17550036
 1520     H   1.0  0.10856693       0.64236116  0.13464446  0.11442744
 1521     H   1.0  0.10201162       0.64977050  0.12825978  0.11995811
 1522     H   1.0  0.11143345       0.64028341  0.12721770  0.12106545
 1523     H   1.0  0.09717210       0.58711755  0.13235125  0.18335909
 1524     H   1.0  0.17273267       0.55831474  0.10211370  0.16683888
 1525     H   1.0  0.10230963       0.56635660  0.11983744  0.21149633
 1526     H   1.0  0.09920418       0.65069324  0.13029312  0.11980946
 1527     H   1.0  0.10155330       0.65146393  0.12844053  0.11854225
 1528     H   1.0  0.10818603       0.57352263  0.12653354  0.19175781
 1529     H   1.0  0.10372560       0.63887340  0.14403974  0.11336127
 1530     H   1.0  0.09216113       0.65503788  0.14479151  0.10800948
 1531     H   1.0  0.14500390       0.52477664  0.10394898  0.22627048
 1532     H   1.0  0.08018382       0.66208971  0.13099438  0.12673210
 1533     H   1.0  0.08045406       0.66000539  0.13384037  0.12570018
 1534     H   1.0  0.07552129       0.66617143  0.13214879  0.12615849
 1535     H   1.0  0.11978921       0.56271511  0.12283500  0.19466069
 1536     H   1.0  0.06309204       0.66499132  0.15171465  0.12020199
 1537     H   1.0  0.07489771       0.66194379  0.14203443  0.12112407
 1538     H   1.0  0.07040412       0.66607922  0.14038646  0.12313019
 1539     H   1.0  0.07102261       0.66615218  0.14171684  0.12110838
 1540     H   1.0  0.07451870       0.66170287  0.13777906  0.12599937
 1541     H   1.0  0.06815888       0.66290098  0.14199747  0.12694266
 1542     H   1.0  0.06913994       0.66581100  0.14066413  0.12438493
 1543     H   1.0  0.07248130       0.66381669  0.13667510  0.12702691
 1544     H   1.0  0.07452303       0.66678095  0.13463843  0.12405760
 1545     H   1.0  0.07209886       0.67004776  0.13372631  0.12412706
 1546     H   1.0  0.11224901       0.57220906  0.13071921  0.18482271
 1547     H   1.0  0.09097532       0.64969712  0.14334667  0.11598089
 1548     H   1.0  0.07727869       0.66273779  0.13710667  0.12287685
 1549     H   1.0  0.09927781       0.64448321  0.13213734  0.12410164
 1550     H   1.0  0.14807335       0.56353641  0.11896383  0.16942641
 1551     H   1.0  0.09114699       0.65634871  0.14402920  0.10847511
 1552     H   1.0  0.07716022       0.66736406  0.13406485  0.12141086
 1553     H   1.0  0.09234103       0.65404838  0.13256399  0.12104659
 1554     H   1.0  0.07875256       0.64738250  0.14556360  0.12830134
 1555     H   1.0  0.08103091       0.64816409  0.13920604  0.13159896
 1556     H   1.0  0.07752200       0.64635086  0.14760321  0.12852393
 1557     H   1.0  0.07588310       0.64847559  0.14348292  0.13215839
 1558     H   1.0  0.07445854       0.64738399  0.14818557  0.12997191
 1559     H   1.0  0.09753110       0.65192312  0.13833879  0.11220699
 1560     H   1.0  0.09146168       0.65284294  0.13136637  0.12432901
 1561     H   1.0  0.08969300       0.65480441  0.13661033  0.11889226
 1562     H   1.0  0.09153177       0.65620655  0.13186978  0.12039190
 1563     H   1.0  0.09364370       0.65038407  0.13072324  0.12524900
 1564     H   1.0  0.07508470       0.66031247  0.13600357  0.12859925
 1565     H   1.0  0.08637937       0.65786684  0.13327350  0.12248030
 1566     H   1.0  0.11163102       0.56607205  0.12590709  0.19638984
 1567     H   1.0  0.10393581       0.64590067  0.14180215  0.10836137
 1568     H   1.0  0.08627080       0.65593714  0.13817421  0.11961786
 1569     H   1.0  0.07439378       0.66412312  0.14327441  0.11820870
 1570     H   1.0  0.03733556       0.64063424  0.13398047  0.18804974
 1571     H   1.0  0.08550862       0.65865886  0.13662685  0.11920567
 1572     H   1.0  0.12702970       0.56624955  0.12525959  0.18146116
 1573     H   1.0  0.10738044       0.64198190  0.14376208  0.10687558
 1574     H   1.0  0.07551089       0.66355741  0.14405866  0.11687304
 1575     H   1.0  0.08342546       0.65719557  0.14037661  0.11900236
 1576     H   1.0  0.07949738       0.64548260  0.14588574  0.12913428
 1577     H   1.0  0.07576679       0.64805579  0.14793153  0.12824588
 1578     H   1.0  0.08001485       0.64480370  0.14499947  0.13018197
 1579     H   1.0  0.06472257       0.64786905  0.15035197  0.13705641
 1580     H   1.0  0.07511426       0.64772260  0.14646421  0.13069893
 1581     H   1.0  0.04770190       0.55926925  0.12094652  0.27208233
 1582     H   1.0  0.10153252       0.64685136  0.14215069  0.10946543
 1583     H   1.0  0.07421913       0.66492808  0.13999876  0.12085403
 1584     H   1.0  0.07924310       0.65985876  0.14001147  0.12088666
 1585     H   1.0  0.08513233       0.65911913  0.13673255  0.11901599
 1586     H   1.0  0.07519961       0.66618770  0.13255320  0.12605948
 1587     H   1.0  0.07753775       0.66209430  0.13517159  0.12519636
 1588     H   1.0  0.07620635       0.66322994  0.13684271  0.12372100
 1589     H   1.0  0.08424421       0.66302520  0.12660560  0.12612499
 1590     H   1.0  0.07791743       0.66653568  0.13156682  0.12398008
 1591     H   1.0  0.08427154       0.66300499  0.12670799  0.12601548
 1592     H   1.0  0.12867990       0.56642294  0.12178658  0.18311058
 1593     H   1.0  0.09879193       0.64730573  0.14240979  0.11149255
 1594     H   1.0  0.08279859       0.66432697  0.14251205  0.11036239
 1595     H   1.0  0.08796429       0.51912659  0.09842318  0.29448594
 1596     H   1.0  0.08557322       0.66090357  0.12665096  0.12687225
 1597     H   1.0  0.08534744       0.65818560  0.12946048  0.12700647
 1598     H   1.0  0.07955967       0.66230679  0.13186178  0.12627177
 1599     H   1.0  0.13132646       0.56654066  0.12572321  0.17640967
 1600     H   1.0  0.09988257       0.65248543  0.13919050  0.10844151
 1601     H   1.0  0.06404473       0.66627049  0.14494164  0.12474313
 1602     H   1.0  0.08241355       0.65812480  0.13669664  0.12276501
 1603     H   1.0  0.07137683       0.66756117  0.13297863  0.12808336
 1604     H   1.0  0.07916808       0.65937394  0.13946865  0.12198932
 1605     H   1.0  0.06890175       0.66275942  0.14203723  0.12630160
 1606     H   1.0  0.06595071       0.67448735  0.13238372  0.12717822
 1607     H   1.0  0.05869969       0.67154783  0.14259528  0.12715720
 1608     H   1.0  0.09191715       0.56368166  0.12584421  0.21855698
 1609     H   1.0  0.07524162       0.65591180  0.15358476  0.11526182
 1610     H   1.0  0.07990464       0.65998626  0.13997602  0.12013308
 1611     H   1.0  0.08107638       0.65794748  0.14143124  0.11954489
 1612     H   1.0  0.07529119       0.65854472  0.14286900  0.12329510
 1613     H   1.0  0.06814766       0.66163081  0.14742373  0.12279780
 1614     H   1.0  0.08033971       0.66245198  0.13134305  0.12586525
 1615     H   1.0  0.06524812       0.67395318  0.13399249  0.12680621
 1616     H   1.0  0.06371045       0.67474961  0.13385610  0.12768383
 1617     H   1.0  0.10388080       0.56489766  0.12209389  0.20912765
 1618     H   1.0  0.09818839       0.65202838  0.14023764  0.10954558
 1619     H   1.0  0.09018547       0.65959394  0.12611359  0.12410700
 1620     H   1.0  0.08420445       0.65976596  0.13060765  0.12542194
 1621     H   1.0  0.07754053       0.66551644  0.13374425  0.12319878
 1622     H   1.0  0.14086194       0.56511772  0.12100526  0.17301509
 1623     H   1.0  0.09559067       0.65456790  0.13905014  0.11079129
 1624     H   1.0  0.07942573       0.66030663  0.13677162  0.12349601
 1625     H   1.0  0.07816439       0.66128844  0.13285603  0.12769114
 1626     H   1.0  0.08068379       0.66123438  0.13452442  0.12355741
 1627     H   1.0  0.08718564       0.65486836  0.13480534  0.12314066
 1628     H   1.0  0.10292576       0.65558970  0.12507135  0.11641320
 1629     H   1.0  0.09079739       0.66518694  0.12879556  0.11522011
 1630     H   1.0  0.15842485       0.56280273  0.10151461  0.17725781
 1631     H   1.0  0.14995303       0.56279129  0.10709994  0.18015575
 1632     H   1.0  0.13983717       0.56210887  0.10791998  0.19013398
 1633     H   1.0  0.16196287       0.56422609  0.09570558  0.17810546
 1634     H   1.0  0.15847174       0.56624144  0.09538582  0.17990100
 1635     H   1.0  0.11017232       0.56575209  0.12200332  0.20207227
 1636     H   1.0  0.09598847       0.65329081  0.13959654  0.11112419
 1637     H   1.0  0.07305895       0.66569084  0.14074691  0.12050330
 1638     H   1.0  0.08487434       0.65826613  0.13479462  0.12206491
 1639     H   1.0  0.08384298       0.65986377  0.13431656  0.12197668
 1640     H   1.0  0.07718953       0.66526490  0.13482326  0.12272230
 1641     H   1.0  0.07446145       0.66419196  0.14126714  0.12007946
 1642     H   1.0  0.09413165       0.65435004  0.13038504  0.12113327
 1643     H   1.0  0.09522780       0.65807515  0.12773858  0.11895846
 1644     H   1.0  0.09125032       0.66193837  0.12882583  0.11798549
 1645     H   1.0  0.18382967       0.58333051  0.09762134  0.13521848
 1646     H   1.0  0.17821539       0.58524066  0.09617127  0.14037268
 1647     H   1.0  0.18872284       0.58262455  0.09053096  0.13812164
 1648     H   1.0  0.11699231       0.56470650  0.12394858  0.19435260
 1649     H   1.0  0.09538579       0.65518534  0.14023857  0.10919030
 1650     H   1.0  0.07653949       0.66293353  0.14132628  0.11920070
 1651     H   1.0  0.07706075       0.66401154  0.13791654  0.12101118
 1652     H   1.0  0.07411184       0.66377121  0.13911478  0.12300216
 1653     H   1.0  0.07916942       0.65810037  0.14077647  0.12195374
 1654     H   1.0  0.08048687       0.65963900  0.13385773  0.12601640
 1655     H   1.0  0.07017554       0.67337531  0.12820345  0.12824570
 1656     H   1.0  0.06031534       0.67586756  0.13539504  0.12842207
 1657     H   1.0  0.12833618       0.56650203  0.12283158  0.18233021
 1658     H   1.0  0.09580028       0.65367121  0.14103509  0.10949342
 1659     H   1.0  0.09224730       0.65623599  0.13173243  0.11978427
 1660     H   1.0  0.07903775       0.66228849  0.13825487  0.12041890
 1661     H   1.0  0.08057198       0.66281343  0.13534400  0.12127059
 1662     H   1.0  0.08394314       0.66315037  0.13191235  0.12099414
 1663     H   1.0  0.08363565       0.66402608  0.13005364  0.12228462
 1664     H   1.0  0.08397343       0.66254449  0.13214089  0.12134119
 1665     H   1.0  0.09174128       0.66228700  0.12736782  0.11860390
 1666     H   1.0  0.08983707       0.66435993  0.12647676  0.11932623
 1667     H   1.0  0.18719991       0.58381313  0.09264926  0.13633770
 1668     H   1.0  0.18628067       0.58517396  0.09109200  0.13745337
 1669     H   1.0  0.19062010       0.58251822  0.08877984  0.13808183
 1670     H   1.0  0.13066643       0.56481904  0.12494256  0.17957197
 1671     H   1.0  0.09629846       0.65410876  0.13997382  0.10961895
 1672     H   1.0  0.09256117       0.65393972  0.13299730  0.12050181
 1673     H   1.0  0.08637781       0.65523481  0.13597782  0.12240956
 1674     H   1.0  0.11983272       0.56736922  0.12324652  0.18955154
 1675     H   1.0  0.09610425       0.65024406  0.14252846  0.11112324
 1676     H   1.0  0.07067275       0.66826278  0.14297813  0.11808634
 1677     H   1.0  0.09236755       0.52193439  0.10190155  0.28379650
 1678     H   1.0  0.08764578       0.66069740  0.12532951  0.12632731
 1679     H   1.0  0.09161151       0.65431470  0.12857643  0.12549736
 1680     H   1.0  0.08238846       0.66280544  0.12921651  0.12558959
 1681     H   1.0  0.09626788       0.56514591  0.12394690  0.21463931
 1682     H   1.0  0.09236542       0.65254748  0.14405556  0.11103154
 1683     H   1.0  0.10241894       0.64322710  0.12910780  0.12524616
 1684     H   1.0  0.07967592       0.66005003  0.13846046  0.12181359
 1685     H   1.0  0.08978036       0.56557918  0.12000408  0.22463639
 1686     H   1.0  0.09454313       0.65312636  0.14073205  0.11159846
 1687     H   1.0  0.09841982       0.65544790  0.13406989  0.11206239
 1688     H   1.0  0.07493663       0.67259014  0.13827150  0.11420173
 1689     H   1.0  0.11960030       0.52658087  0.09922650  0.25459233
 1690     H   1.0  0.09682230       0.56500638  0.12025233  0.21791900
 1691     H   1.0  0.09317457       0.65519476  0.14147678  0.11015389
 1692     H   1.0  0.07593066       0.66286612  0.13769665  0.12350657
 1693     H   1.0  0.07497534       0.65994787  0.13833737  0.12673942
 1694     H   1.0  0.07556907       0.66503632  0.13757905  0.12181556
 1695     H   1.0  0.09759904       0.64623421  0.12945452  0.12671222
 1696     H   1.0  0.12892984       0.56690896  0.12447554  0.17968566
 1697     H   1.0  0.08462903       0.65371925  0.14307190  0.11857982
 1698     H   1.0  0.07798398       0.66144383  0.13770284  0.12286936
 1699     H   1.0  0.08335659       0.65789974  0.13582793  0.12291574
 1700     H   1.0  0.08163735       0.65833622  0.13562363  0.12440280
 1701     H   1.0  0.09783440       0.64722925  0.12740739  0.12752896
 1702     H   1.0  0.11792631       0.56634957  0.12517603  0.19054810
 1703     H   1.0  0.09526640       0.65456223  0.14113331  0.10903806
 1704     H   1.0  0.09200063       0.65452367  0.13429405  0.11918165
 1705     H   1.0  0.07888181       0.66195941  0.13887276  0.12028602
 1706     H   1.0  0.08044389       0.65363389  0.13308758  0.13283464
 1707     H   1.0  0.08149072       0.66125774  0.13663958  0.12061196
 1708     H   1.0  0.11975817       0.56688404  0.12425017  0.18910762
 1709     H   1.0  0.10119582       0.64735639  0.14258420  0.10886358
 1710     H   1.0  0.08117238       0.65821797  0.14378767  0.11682199
 1711     H   1.0  0.07138043       0.66633815  0.13389979  0.12838163
 1712     H   1.0  0.08085365       0.66430336  0.13247690  0.12236609
 1713     H   1.0  0.07479713       0.66572857  0.13268156  0.12679274
 1714     H   1.0  0.07240527       0.66311526  0.13827331  0.12620615
 1715     H   1.0  0.07780373       0.66284597  0.13511240  0.12423789
 1716     H   1.0  0.08533342       0.66223717  0.12473784  0.12769157
 1717     H   1.0  0.07988723       0.66445184  0.13010116  0.12555977
 1718     H   1.0  0.07673811       0.66839117  0.12819606  0.12667466
 1719     H   1.0  0.13370936       0.56737518  0.12484375  0.17407171
 1720     H   1.0  0.10131637       0.64862150  0.14213401  0.10792812
 1721     H   1.0  0.08816919       0.65660501  0.13543335  0.11979246
 1722     H   1.0  0.07489398       0.66339785  0.14123845  0.12046972
 1723     H   1.0  0.06158712       0.66263443  0.14196704  0.13381140
 1724     H   1.0  0.07758914       0.66396934  0.13610815  0.12233338
 1725     H   1.0  0.08326568       0.66677499  0.13308321  0.11687613
 1726     H   1.0  0.07923189       0.66712797  0.13711385  0.11652629
 1727     H   1.0  0.14234470       0.56529826  0.11722288  0.17513416
 1728     H   1.0  0.16110243       0.56502086  0.09472225  0.17915447
 1729     H   1.0  0.15625730       0.56523436  0.09787240  0.18063594
 1730     H   1.0  0.15861187       0.56457663  0.09649210  0.18031940
 1731     H   1.0  0.15334721       0.56387055  0.10305991  0.17972233
 1732     H   1.0  0.12980271       0.56770557  0.12479678  0.17769494
 1733     H   1.0  0.09935534       0.65130055  0.14125101  0.10809310
 1734     H   1.0  0.09183754       0.65485555  0.13285127  0.12045564
 1735     H   1.0  0.07612583       0.66264945  0.14059536  0.12062936
 1736     H   1.0  0.01932803       0.64119220  0.13449375  0.20498602
 1737     H   1.0  0.07571572       0.66664356  0.13275440  0.12488632
 1738     H   1.0  0.12961107       0.56808335  0.12188793  0.18041765
 1739     H   1.0  0.10356104       0.64798218  0.13790599  0.11055079
 1740     H   1.0  0.08845424       0.65891564  0.12894617  0.12368395
 1741     H   1.0  0.08287551       0.66185391  0.12872013  0.12655045
 1742     H   1.0  0.07297435       0.66558343  0.13711631  0.12432590
 1743     H   1.0  0.12348594       0.56626594  0.12394156  0.18630657
 1744     H   1.0  0.10199969       0.64354908  0.14565492  0.10879631
 1745     H   1.0  0.07787830       0.66225809  0.14203344  0.11783016
 1746     H   1.0  0.08021536       0.65772629  0.14139716  0.12066119
 1747     H   1.0  0.07116906       0.64912361  0.14561525  0.13409208
 1748     H   1.0  0.07944174       0.64752507  0.14323553  0.12979765
 1749     H   1.0  0.07455793       0.64504969  0.15150817  0.12888421
 1750     H   1.0  0.07609928       0.64850765  0.14395387  0.13143919
 1751     H   1.0  0.07031318       0.64833343  0.14715157  0.13420181
 1752     H   1.0  0.12339401       0.56615770  0.12500696  0.18544133
 1753     H   1.0  0.10150416       0.64873815  0.14115681  0.10860088
 1754     H   1.0  0.08776703       0.65758044  0.13474366  0.11990887
 1755     H   1.0  0.07374178       0.66468883  0.14039907  0.12117032
 1756     H   1.0  0.07849308       0.66047478  0.13927479  0.12175735
 1757     H   1.0  0.09095292       0.65519792  0.13265066  0.12119850
 1758     H   1.0  0.09188626       0.66300142  0.12657332  0.11853900
 1759     H   1.0  0.09423385       0.66214204  0.12897335  0.11465076
 1760     H   1.0  0.15774465       0.56114459  0.10622240  0.17488836
 1761     H   1.0  0.16122250       0.56207985  0.09902942  0.17766823
 1762     H   1.0  0.14955210       0.56492180  0.09925625  0.18626985
 1763     H   1.0  0.13796804       0.56275070  0.10505653  0.19422473
 1764     H   1.0  0.14989042       0.56583452  0.10363752  0.18063753
 1765     H   1.0  0.13085719       0.56768829  0.12559292  0.17586160
 1766     H   1.0  0.10116875       0.64720470  0.14141345  0.11021310
 1767     H   1.0  0.07969206       0.65851295  0.14115535  0.12063964
 1768     H   1.0  0.08334710       0.66166776  0.12852076  0.12646438
 1769     H   1.0  0.07715033       0.66455203  0.13180117  0.12649646
 1770     H   1.0  0.07950869       0.66385150  0.13091265  0.12572716
 1771     H   1.0  0.08406112       0.66162032  0.12718779  0.12713078
 1772     H   1.0  0.07932230       0.66636777  0.12868091  0.12562902
 1773     H   1.0  0.06735792       0.66379380  0.13042858  0.13841970
 1774     H   1.0  0.13863847       0.56689876  0.12642407  0.16803869
 1775     H   1.0  0.09868016       0.65123224  0.14178985  0.10829775
 1776     H   1.0  0.09287032       0.65282214  0.13729380  0.11701374
 1777     H   1.0  0.08165953       0.66058099  0.14224903  0.11551045
 1778     H   1.0  0.08038502       0.64673376  0.14521115  0.12767008
 1779     H   1.0  0.07669093       0.64664322  0.14616521  0.13050064
 1780     H   1.0  0.06457451       0.65103728  0.14901042  0.13537780
 1781     H   1.0  0.08429476       0.64628726  0.13908349  0.13033449
 1782     H   1.0  0.08151660       0.64718211  0.13919161  0.13210968
 1783     H   1.0  0.10456574       0.56565911  0.12404490  0.20573026
 1784     H   1.0  0.08314642       0.65529203  0.14950986  0.11205168
 1785     H   1.0  0.08512603       0.65167373  0.14209673  0.12110351
 1786     H   1.0  0.09553974       0.64306408  0.13975142  0.12164476
 1787     H   1.0  0.10938537       0.56271142  0.12036941  0.20753380
 1788     H   1.0  0.09140201       0.65678412  0.13900381  0.11281006
 1789     H   1.0  0.06087900       0.66084200  0.13533422  0.14294478
 1790     H   1.0  0.08398047       0.65913820  0.13551524  0.12136608
 1791     H   1.0  0.07592102       0.66503656  0.13774498  0.12129744
 1792     H   1.0  0.08705464       0.65641922  0.13457349  0.12195265
 1793     H   1.0  0.08357789       0.66183019  0.13381544  0.12077648
 1794     H   1.0  0.08214909       0.66393667  0.13321406  0.12070018
 1795     H   1.0  0.08893012       0.66442144  0.12782198  0.11882646
 1796     H   1.0  0.08905118       0.66246521  0.12963159  0.11885201
 1797     H   1.0  0.18728078       0.58341569  0.09256557  0.13673796
 1798     H   1.0  0.18754057       0.58431900  0.08922079  0.13891964
 1799     H   1.0  0.18636567       0.58437049  0.09323096  0.13603287
 1800     H   1.0  0.05083647       0.56222349  0.12511939  0.26182065
 1801     H   1.0  0.10444695       0.64551711  0.13533311  0.11470284
 1802     H   1.0  0.08716584       0.66127223  0.12953490  0.12202703
 1803     H   1.0  0.10756166       0.64133388  0.12725207  0.12385239
 1804     H   1.0  0.05555104       0.56144845  0.11989727  0.26310323
 1805     H   1.0  0.09371591       0.65831167  0.12941152  0.11856090
 1806     H   1.0  0.10452215       0.64521581  0.13115218  0.11910986
 1807     H   1.0  0.09945939       0.57597244  0.13796996  0.18659821
 1808     H   1.0  0.10608392       0.64388388  0.13456690  0.11546529
 1809     H   1.0  0.10326044       0.64501655  0.13022333  0.12149968
 1810     H   1.0  0.10478023       0.64625961  0.12838115  0.12057902
 1811     H   1.0  0.13591287       0.57258654  0.11265568  0.17884491
 1812     H   1.0  0.16749918       0.56310976  0.09914856  0.17024251
 1813     H   1.0  0.04900206       0.56488746  0.12219312  0.26391736
 1814     H   1.0  0.09814992       0.65193462  0.13201164  0.11790382
 1815     H   1.0  0.10002761       0.65187442  0.13030002  0.11779796
 1816     H   1.0  0.10848241       0.57771021  0.12980807  0.18399931
 1817     H   1.0  0.09370297       0.65168637  0.14468554  0.10992512
 1818     H   1.0  0.08894899       0.65759635  0.13327214  0.12018252
 1819     H   1.0  0.07319517       0.66689634  0.14278966  0.11711882
 1820     H   1.0  0.08080618       0.64570093  0.14597706  0.12751583
 1821     H   1.0  0.08223733       0.64794254  0.14021918  0.12960095
 1822     H   1.0  0.07417635       0.62145001  0.12820821  0.17616544
 1823     H   1.0  0.08464322       0.64719480  0.13500427  0.13315771
 1824     H   1.0  0.08460606       0.64794427  0.13425879  0.13319088
 1825     H   1.0  0.04985001       0.55368888  0.11883899  0.27762211
 1826     H   1.0  0.08007124       0.66002274  0.14953531  0.11037071
 1827     H   1.0  0.07765904       0.66126084  0.14109690  0.11998321
 1828     H   1.0  0.06942770       0.66616476  0.14004087  0.12436667
 1829     H   1.0  0.07461438       0.66509396  0.13968810  0.12060356
 1830     H   1.0  0.07937867       0.66085684  0.13369718  0.12606730
 1831     H   1.0  0.07312293       0.66430241  0.13792667  0.12464800
 1832     H   1.0  0.07504916       0.66170508  0.13971521  0.12353056
 1833     H   1.0  0.07279391       0.66041785  0.13947238  0.12731585
 1834     H   1.0  0.07328288       0.66550559  0.13718477  0.12402677
 1835     H   1.0  0.06977975       0.66942310  0.13542651  0.12537064
 1836     H   1.0  0.13132408       0.57020694  0.12512389  0.17334509
 1837     H   1.0  0.09819747       0.64501989  0.14204860  0.11473404
 1838     H   1.0  0.07333225       0.67287552  0.13632299  0.11746924
 1839     H   1.0  0.09149125       0.65798461  0.13800099  0.11252314
 1840     H   1.0  0.13724146       0.53076178  0.10495421  0.22704255
 1841     H   1.0  0.15022164       0.56426299  0.11602095  0.16949442
 1842     H   1.0  0.08976761       0.65541673  0.14436662  0.11044904
 1843     H   1.0  0.07983210       0.66070771  0.13047884  0.12898135
 1844     H   1.0  0.07799013       0.66166431  0.13380694  0.12653862
 1845     H   1.0  0.07727843       0.66639954  0.13160302  0.12471902
 1846     H   1.0  0.14706241       0.56649625  0.11754090  0.16890044
 1847     H   1.0  0.09742260       0.65287822  0.13820903  0.11149014
 1848     H   1.0  0.09104307       0.65834838  0.12603590  0.12457265
 1849     H   1.0  0.08517615       0.66248983  0.12568474  0.12664928
 1850     H   1.0  0.07982650       0.66553283  0.13089599  0.12374468
 1851     H   1.0  0.13969291       0.56660366  0.12359530  0.17010813
 1852     H   1.0  0.10015491       0.64951020  0.14242922  0.10790567
 1853     H   1.0  0.08998935       0.65426576  0.13857429  0.11717060
 1854     H   1.0  0.07737131       0.66187173  0.14245075  0.11830621
 1855     H   1.0  0.09759237       0.64618200  0.13556460  0.12066104
 1856     H   1.0  0.08023120       0.65193039  0.13410251  0.13373590
 1857     H   1.0  0.10794326       0.56441551  0.12316678  0.20447445
 1858     H   1.0  0.10353320       0.64580989  0.14189975  0.10875716
 1859     H   1.0  0.07332027       0.66314465  0.14293179  0.12060330
 1860     H   1.0  0.07995292       0.66111279  0.13923073  0.11970356
 1861     H   1.0  0.07859315       0.66028988  0.14241447  0.11870250
 1862     H   1.0  0.07904647       0.66232443  0.13254282  0.12608629
 1863     H   1.0  0.06842664       0.66644448  0.13880688  0.12632200
 1864     H   1.0  0.08021096       0.66249305  0.13397124  0.12332475
 1865     H   1.0  0.07129111       0.65438235  0.12563896  0.14868758
 1866     H   1.0  0.07815298       0.66456676  0.13440928  0.12287099
 1867     H   1.0  0.07607816       0.66201478  0.13829353  0.12361353
 1868     H   1.0  0.10292591       0.56646442  0.12393777  0.20667190
 1869     H   1.0  0.09624665       0.64920354  0.14572278  0.10882703
 1870     H   1.0  0.06928876       0.67005670  0.13855292  0.12210162
 1871     H   1.0  0.07354391       0.66045254  0.13830894  0.12769460
 1872     H   1.0  0.08756769       0.65761286  0.13263899  0.12218046
 1873     H   1.0  0.08569651       0.65615743  0.13771006  0.12043599
 1874     H   1.0  0.08028268       0.66587389  0.13434750  0.11949594
 1875     H   1.0  0.07872512       0.66627365  0.13895240  0.11604882
 1876     H   1.0  0.15268027       0.56317949  0.10917383  0.17496641
 1877     H   1.0  0.15666223       0.56453079  0.10019606  0.17861092
 1878     H   1.0  0.15256244       0.56366050  0.10317784  0.18059922
 1879     H   1.0  0.15856616       0.56368172  0.09817576  0.17957636
 1880     H   1.0  0.16002141       0.56275445  0.09868364  0.17854050
 1881     H   1.0  0.10668628       0.56703544  0.12205514  0.20422314
 1882     H   1.0  0.09019237       0.65743166  0.14172305  0.11065292
 1883     H   1.0  0.09080496       0.65567416  0.13777335  0.11574753
 1884     H   1.0  0.09032122       0.65561819  0.13320133  0.12085925
 1885     H   1.0  0.16488014       0.56424630  0.10829961  0.16257395
 1886     H   1.0  0.08644437       0.62979084  0.14617777  0.13758702
 1887     H   1.0  0.09792635       0.62838721  0.14059877  0.13308766
 1888     H   1.0  0.07531783       0.56186604  0.12194020  0.24087592
 1889     H   1.0  0.09134889       0.65408671  0.14445393  0.11011047
 1890     H   1.0  0.08082824       0.65895134  0.14339632  0.11682410
 1891     H   1.0  0.07480320       0.66250515  0.13776061  0.12493104
 1892     H   1.0  0.07220960       0.66684937  0.13384664  0.12709439
 1893     H   1.0  0.07744063       0.66158831  0.13595580  0.12501527
 1894     H   1.0  0.07391036       0.66237056  0.13659440  0.12712467
 1895     H   1.0  0.07419695       0.66410381  0.13606025  0.12563900
 1896     H   1.0  0.06146427       0.66302991  0.13719027  0.13831555
 1897     H   1.0  0.11986564       0.56390733  0.12411750  0.19210954
 1898     H   1.0  0.07222753       0.66127604  0.15081213  0.11568429
 1899     H   1.0  0.06841329       0.66297293  0.14236543  0.12624836
 1900     H   1.0  0.07267042       0.65867996  0.14423466  0.12441496
 1901     H   1.0  0.07863247       0.65826845  0.14093949  0.12215959
 1902     H   1.0  0.05800132       0.66660571  0.14506942  0.13032355
 1903     H   1.0  0.08610718       0.65862149  0.13058801  0.12468332
 1904     H   1.0  0.06969560       0.67139536  0.13183725  0.12707179
 1905     H   1.0  0.04428431       0.67058522  0.12999447  0.15513601
 1906     H   1.0  0.11649743       0.56482559  0.12359830  0.19507868
 1907     H   1.0  0.08980415       0.65265292  0.14489195  0.11265098
 1908     H   1.0  0.09148429       0.65378100  0.14478910  0.10994562
 1909     H   1.0  0.15322548       0.52293414  0.09807428  0.22576610
 1910     H   1.0  0.07739004       0.66440296  0.13068885  0.12751815
 1911     H   1.0  0.04039778       0.65314573  0.13664068  0.16981581
 1912     H   1.0  0.07086618       0.66538757  0.13363688  0.13010937
 1913     H   1.0  0.12130626       0.56389040  0.12514848  0.18965487
 1914     H   1.0  0.10014319       0.64831311  0.13942336  0.11212035
 1915     H   1.0  0.09354933       0.65423679  0.13129103  0.12092284
 1916     H   1.0  0.08965034       0.65542746  0.13712960  0.11779260
 1917     H   1.0  0.15251948       0.56988806  0.10077552  0.17681695
 1918     H   1.0  0.15358644       0.57086748  0.10030513  0.17524095
 1919     H   1.0  0.10618907       0.56467378  0.12300627  0.20613088
 1920     H   1.0  0.10136441       0.64688367  0.13692492  0.11482701
 1921     H   1.0  0.08639620       0.65783131  0.13335444  0.12241805
 1922     H   1.0  0.07775655       0.66056728  0.13831069  0.12336548
 1923     H   1.0  0.04374693       0.65534401  0.13832828  0.16258078
 1924     H   1.0  0.08056192       0.66227770  0.13129976  0.12586062
 1925     H   1.0  0.07942026       0.66124058  0.13496241  0.12437675
 1926     H   1.0  0.08061220       0.66524619  0.12961890  0.12452272
 1927     H   1.0  0.08461008       0.66270381  0.12603559  0.12665052
 1928     H   1.0  0.08148063       0.66469461  0.12774621  0.12607856
 1929     H   1.0  0.07612532       0.66665024  0.12789232  0.12933213
 1930     H   1.0  0.08535964       0.56578946  0.11483857  0.23401232
 1931     H   1.0  0.10164816       0.65182555  0.12935707  0.11716923
 1932     H   1.0  0.10572895       0.65023184  0.12570806  0.11833115
 1933     H   1.0  0.07364253       0.56156993  0.11954612  0.24524142
 1934     H   1.0  0.08617166       0.65756798  0.14147988  0.11478048
 1935     H   1.0  0.07014221       0.66392946  0.14188629  0.12404203
 1936     H   1.0  0.08514217       0.65738928  0.13519512  0.12227343
 1937     H   1.0  0.07753458       0.66385001  0.13881312  0.11980228
 1938     H   1.0  0.08606917       0.64009380  0.12304899  0.15078804
 1939     H   1.0  0.15354381       0.56453007  0.11339494  0.16853118
 1940     H   1.0  0.09172940       0.65904546  0.13957244  0.10965270
 1941     H   1.0  0.09208860       0.65642005  0.13089819  0.12059315
 1942     H   1.0  0.08075961       0.66421342  0.13369113  0.12133584
 1943     H   1.0  0.08243681       0.66076481  0.13612708  0.12067129
 1944     H   1.0  0.08697506       0.65880454  0.13171220  0.12250820
 1945     H   1.0  0.09226354       0.65829074  0.12728126  0.12216445
 1946     H   1.0  0.08742990       0.66212177  0.12923105  0.12121728
 1947     H   1.0  0.09259971       0.66314697  0.12571597  0.11853735
 1948     H   1.0  0.09552482       0.66033262  0.12665989  0.11748267
 1949     H   1.0  0.18897351       0.58362269  0.09137952  0.13602427
 1950     H   1.0  0.19164551       0.58193099  0.08836315  0.13806035
 1951     H   1.0  0.18862227       0.58360541  0.09130742  0.13646491
 1952     H   1.0  0.15445970       0.56196517  0.11564053  0.16793460
 1953     H   1.0  0.09045362       0.65217382  0.14340101  0.11397155
 1954     H   1.0  0.08220511       0.65929133  0.13843089  0.12007267
 1955     H   1.0  0.07924651       0.66257495  0.13830000  0.11987855
 1956     H   1.0  0.07352821       0.66403991  0.14123574  0.12119614
 1957     H   1.0  0.07527572       0.66513699  0.13399598  0.12559130
 1958     H   1.0  0.08102782       0.66041446  0.13495839  0.12359934
 1959     H   1.0  0.06940314       0.66846281  0.13274132  0.12939273
 1960     H   1.0  0.07998044       0.66324085  0.13015303  0.12662568
 1961     H   1.0  0.07718097       0.66567820  0.13304134  0.12409949
 1962     H   1.0  0.08113674       0.66052639  0.13142537  0.12691150
 1963     H   1.0  0.10473410       0.56761104  0.12204047  0.20561439
 1964     H   1.0  0.10501586       0.64301026  0.13775454  0.11421933
 1965     H   1.0  0.09929828       0.65494341  0.13710363  0.10865468
 1966     H   1.0  0.14059356       0.52478045  0.10289598  0.23173001
 1967     H   1.0  0.08516916       0.66197044  0.12431250  0.12854791
 1968     H   1.0  0.08932001       0.65900874  0.12446807  0.12720319
 1969     H   1.0  0.08110001       0.66401708  0.12928806  0.12559485
 1970     H   1.0  0.15086559       0.56526583  0.11335201  0.17051657
 1971     H   1.0  0.09512727       0.65231973  0.14144292  0.11111007
 1972     H   1.0  0.10779892       0.63946587  0.12904617  0.12368904
 1973     H   1.0  0.08401885       0.65943205  0.13517977  0.12136932
 1974     H   1.0  0.14297257       0.56693888  0.11756380  0.17252475
 1975     H   1.0  0.09565000       0.65243679  0.14218895  0.10972426
 1976     H   1.0  0.08141341       0.66423154  0.13289385  0.12146120
 1977     H   1.0  0.08027151       0.66075730  0.13427401  0.12469718
 1978     H   1.0  0.08153578       0.65915489  0.13671069  0.12259864
 1979     H   1.0  0.10057792       0.64596808  0.12572779  0.12772621
 1980     H   1.0  0.12947995       0.56959581  0.12281772  0.17810652
 1981     H   1.0  0.09425950       0.65478522  0.14096750  0.10998778
 1982     H   1.0  0.09234144       0.65363705  0.13421267  0.11980883
 1983     H   1.0  0.07140232       0.66583008  0.14262109  0.12014652
 1984     H   1.0  0.08279724       0.65707898  0.13007753  0.13004626
 1985     H   1.0  0.08214703       0.66174531  0.13331373  0.12279393
 1986     H   1.0  0.12006196       0.56731665  0.12427672  0.18834467
 1987     H   1.0  0.05919471       0.63197261  0.13148390  0.17734879
 1988     H   1.0  0.09051709       0.65338236  0.13968199  0.11641856
 1989     H   1.0  0.07579300       0.66595268  0.13362455  0.12462977
 1990     H   1.0  0.07485266       0.66584128  0.13352789  0.12577817
 1991     H   1.0  0.06832263       0.66828674  0.13855673  0.12483389
 1992     H   1.0  0.07687383       0.66113967  0.13669397  0.12529253
 1993     H   1.0  0.06021932       0.67075211  0.14020124  0.12882733
 1994     H   1.0  0.06822119       0.66429734  0.13715841  0.13032306
 1995     H   1.0  0.12266383       0.56769598  0.12689582  0.18274438
 1996     H   1.0  0.09158543       0.65149629  0.14525734  0.11166094
 1997     H   1.0  0.09654503       0.64939952  0.13116133  0.12289412
 1998     H   1.0  0.07083095       0.65480328  0.14136982  0.13299595
 1999     H   1.0  0.12540595       0.56694984  0.12489118  0.18275302
 2000     H   1.0  0.09190401       0.65679079  0.14140999  0.10989520
 2001     H   1.0  0.08915895       0.65556747  0.13363104  0.12164254
 2002     H   1.0  0.07493905       0.66194946  0.14140034  0.12171116
 2003     H   1.0  0.07466127       0.65531278  0.13889681  0.13112914
 2004     H   1.0  0.07606370       0.66253030  0.12858334  0.13282266
 2005     H   1.0  0.13046131       0.56740487  0.12412231  0.17801151
 2006     H   1.0  0.09534254       0.65297586  0.14233999  0.10934161
 2007     H   1.0  0.09084750       0.65340871  0.13655569  0.11918811
 2008     H   1.0  0.07415730       0.66591346  0.14017023  0.11975900
 2009     H   1.0  0.04538274       0.67247099  0.13798191  0.14416436
 2010     H   1.0  0.08193176       0.65824270  0.13698830  0.12283724
 2011     H   1.0  0.07177265       0.65842491  0.13875163  0.13105081
 2012     H   1.0  0.03726940       0.64872670  0.12987456  0.18412934
 2013     H   1.0  0.04516146       0.66504693  0.13102528  0.15876633
 2014     H   1.0  0.10942030       0.56680369  0.12383716  0.19993885
 2015     H   1.0  0.09161255       0.65515620  0.14259015  0.11064110
 2016     H   1.0  0.08031110       0.65895897  0.14111488  0.11961506
 2017     H   1.0  0.07419182       0.66712892  0.13547049  0.12320876
 2018     H   1.0  0.05796760       0.66294551  0.13785779  0.14122910
 2019     H   1.0  0.07931444       0.66050071  0.13327785  0.12690701
 2020     H   1.0  0.07756853       0.66226143  0.13359205  0.12657798
 2021     H   1.0  0.07306324       0.66495091  0.13781261  0.12417324
 2022     H   1.0  0.07573437       0.66249299  0.13669698  0.12507566
 2023     H   1.0  0.07034648       0.66669083  0.13755080  0.12541189
 2024     H   1.0  0.07291069       0.66533577  0.13501939  0.12673414
 2025     H   1.0  0.10290666       0.56679744  0.12243112  0.20786478
 2026     H   1.0  0.09278666       0.65672952  0.14114931  0.10933451
 2027     H   1.0  0.08976968       0.65729833  0.13335268  0.11957931
 2028     H   1.0  0.07773905       0.66377407  0.13844623  0.12004066
 2029     H   1.0  0.07128742       0.66384554  0.13663577  0.12823128
 2030     H   1.0  0.09322138       0.65410709  0.13160489  0.12106664
 2031     H   1.0  0.08928257       0.66546655  0.12738948  0.11786140
 2032     H   1.0  0.09644683       0.66119468  0.12715904  0.11519944
 2033     H   1.0  0.15904633       0.56142086  0.10332978  0.17620303
 2034     H   1.0  0.15868333       0.56189686  0.10130368  0.17811612
 2035     H   1.0  0.15043889       0.56483376  0.10346706  0.18126029
 2036     H   1.0  0.15752343       0.56270456  0.10161751  0.17815449
 2037     H   1.0  0.15872831       0.56283981  0.09906078  0.17937110
 2038     H   1.0  0.12375808       0.56536376  0.12167120  0.18920696
 2039     H   1.0  0.09751728       0.65252471  0.13732319  0.11263482
 2040     H   1.0  0.07614327       0.66197211  0.14144671  0.12043791
 2041     H   1.0  0.08582329       0.65859669  0.13295875  0.12262126
 2042     H   1.0  0.08185092       0.65973037  0.13533023  0.12308848
 2043     H   1.0  0.07526961       0.65499276  0.12947176  0.14026586
 2044     H   1.0  0.13289669       0.56578863  0.12451909  0.17679559
 2045     H   1.0  0.09531019       0.65111476  0.13904664  0.11452841
 2046     H   1.0  0.08461668       0.65572762  0.13555771  0.12409798
 2047     H   1.0  0.07296001       0.66441107  0.13043058  0.13219834
 2048     H   1.0  0.07507418       0.66647142  0.13556758  0.12288683
 2049     H   1.0  0.12132834       0.56941032  0.12324180  0.18601954
 2050     H   1.0  0.07203338       0.66443223  0.15014341  0.11339097
 2051     H   1.0  0.08641181       0.65332180  0.13980772  0.12045867
 2052     H   1.0  0.09775995       0.64132303  0.13681033  0.12410669
 2053     H   1.0  0.11560974       0.56544906  0.12043563  0.19850557
 2054     H   1.0  0.09578701       0.65408921  0.13924475  0.11087903
 2055     H   1.0  0.08131249       0.66136789  0.14035316  0.11696646
 2056     H   1.0  0.08161989       0.66212010  0.13226935  0.12399065
 2057     H   1.0  0.08387194       0.66330427  0.13082872  0.12199507
 2058     H   1.0  0.08567720       0.66359520  0.12274142  0.12798618
 2059     H   1.0  0.08245532       0.66276497  0.12716289  0.12761683
 2060     H   1.0  0.08422086       0.66279578  0.12745838  0.12552498
 2061     H   1.0  0.08442491       0.66436887  0.12503076  0.12617547
 2062     H   1.0  0.08136937       0.66320801  0.13044918  0.12497345
 2063     H   1.0  0.07796701       0.66951299  0.12470409  0.12781591
 2064     H   1.0  0.08665565       0.56544185  0.12481375  0.22308875
 2065     H   1.0  0.10566218       0.64545661  0.13463297  0.11424823
 2066     H   1.0  0.09717046       0.65233707  0.13019203  0.12030043
 2067     H   1.0  0.10842056       0.64241511  0.12568018  0.12348416
 2068     H   1.0  0.09561589       0.56553233  0.12238507  0.21646671
 2069     H   1.0  0.09412340       0.65761036  0.12830046  0.11996578
 2070     H   1.0  0.10394615       0.64498699  0.12947904  0.12158782
 2071     H   1.0  0.07143720       0.58034998  0.13951865  0.20869417
 2072     H   1.0  0.10254433       0.64688373  0.13476683  0.11580512
 2073     H   1.0  0.09842450       0.64563984  0.13180916  0.12412650
 2074     H   1.0  0.10435617       0.64490139  0.12828881  0.12245363
 2075     H   1.0  0.07989282       0.56871122  0.12358930  0.22780666
 2076     H   1.0  0.09946621       0.65016103  0.13087173  0.11950104
 2077     H   1.0  0.10117038       0.65105516  0.12871550  0.11905896
 2078     H   1.0  0.09071591       0.57544148  0.12685543  0.20698718
 2079     H   1.0  0.09704499       0.64832222  0.14484811  0.10978467
 2080     H   1.0  0.07455002       0.65585774  0.13629560  0.13329664
 2081     H   1.0  0.07837141       0.66382962  0.13751537  0.12028360
 2082     H   1.0  0.08992278       0.65453064  0.13465613  0.12089044
 2083     H   1.0  0.09193834       0.64840299  0.13618009  0.12347858
 2084     H   1.0  0.07858474       0.55809283  0.11527854  0.24804388
 2085     H   1.0  0.12943987       0.56476551  0.11656833  0.18922628
 2086     H   1.0  0.08571402       0.55874181  0.12069159  0.23485258
 2087     H   1.0  0.07070906       0.66568011  0.14993966  0.11367117
 2088     H   1.0  0.07718162       0.66226894  0.13934447  0.12120497
 2089     H   1.0  0.08000366       0.65991837  0.13526592  0.12481206
 2090     H   1.0  0.06884289       0.66161710  0.14129968  0.12824033
 2091     H   1.0  0.07122030       0.66640931  0.13828212  0.12408827
 2092     H   1.0  0.08135635       0.65859914  0.13500269  0.12504182
 2093     H   1.0  0.07211327       0.66471303  0.13930683  0.12386688
 2094     H   1.0  0.07092634       0.66769415  0.13609584  0.12528367
 2095     H   1.0  0.11396671       0.57225770  0.12760715  0.18616844
 2096     H   1.0  0.09296661       0.64783210  0.14405517  0.11514612
 2097     H   1.0  0.08261641       0.65905929  0.13658924  0.12173505
 2098     H   1.0  0.10116389       0.64396971  0.13320293  0.12166347
 2099     H   1.0  0.13882256       0.55245101  0.11387584  0.19485059
 2100     H   1.0  0.09655904       0.55704057  0.11662898  0.22977140
 2101     H   1.0  0.15183765       0.56221098  0.11772043  0.16823094
 2102     H   1.0  0.09001647       0.65757084  0.14465041  0.10776227
 2103     H   1.0  0.08217700       0.66311830  0.13859513  0.11610957
 2104     H   1.0  0.11936964       0.62937212  0.13065399  0.12060425
 2105     H   1.0  0.08776154       0.64562500  0.14282873  0.12378473
 2106     H   1.0  0.08492349       0.64825243  0.14008904  0.12673505
 2107     H   1.0  0.08698745       0.64467984  0.14661586  0.12171684
 2108     H   1.0  0.09363879       0.64280605  0.14104696  0.12250820
 2109     H   1.0  0.10208665       0.51918089  0.10804190  0.27069055
 2110     H   1.0  0.09043186       0.56293869  0.12262047  0.22400898
 2111     H   1.0  0.09715634       0.65157884  0.14124511  0.11001971
 2112     H   1.0  0.09317209       0.65448618  0.12966143  0.12268031
 2113     H   1.0  0.07768703       0.66552383  0.13610438  0.12068477
 2114     H   1.0  0.08086214       0.66261017  0.13320437  0.12332332
 2115     H   1.0  0.09635671       0.64890558  0.12606767  0.12867004
 2116     H   1.0  0.07903537       0.55532551  0.11308940  0.25254973
 2117     H   1.0  0.09980283       0.65084463  0.14116363  0.10818891
 2118     H   1.0  0.08152407       0.65460330  0.14064403  0.12322859
 2119     H   1.0  0.07396346       0.66433305  0.14313044  0.11857306
 2120     H   1.0  0.08546733       0.64722425  0.13447131  0.13283711
 2121     H   1.0  0.08623770       0.65773022  0.13679354  0.11923854
 2122     H   1.0  0.11946075       0.56645507  0.12557210  0.18851208
 2123     H   1.0  0.09690088       0.64873922  0.14567378  0.10868612
 2124     H   1.0  0.07058829       0.66174299  0.14358301  0.12408571
 2125     H   1.0  0.08040139       0.65718824  0.14216274  0.12024763
 2126     H   1.0  0.07677820       0.64726466  0.14631949  0.12963764
 2127     H   1.0  0.07859070       0.64779937  0.14449434  0.12911559
 2128     H   1.0  0.07310147       0.64877027  0.14650117  0.13162709
 2129     H   1.0  0.07901612       0.64419383  0.14595418  0.13083588
 2130     H   1.0  0.07609084       0.64747441  0.14497140  0.13146335
 2131     H   1.0  0.10714118       0.56593478  0.12415096  0.20277308
 2132     H   1.0  0.09678891       0.65092075  0.14316465  0.10912569
 2133     H   1.0  0.08168634       0.65974218  0.13981469  0.11875679
 2134     H   1.0  0.08859412       0.66103709  0.12470011  0.12566869
 2135     H   1.0  0.08099418       0.66346473  0.12840609  0.12713500
 2136     H   1.0  0.08281968       0.66268677  0.13019377  0.12429979
 2137     H   1.0  0.08152887       0.65991974  0.13259390  0.12595749
 2138     H   1.0  0.07482365       0.66622949  0.13476770  0.12417917
 2139     H   1.0  0.07291124       0.66133398  0.13720253  0.12855225
 2140     H   1.0  0.11695131       0.56525034  0.12254612  0.19525223
 2141     H   1.0  0.09565180       0.65076345  0.14152725  0.11205749
 2142     H   1.0  0.08006569       0.66482413  0.14362977  0.11148041
 2143     H   1.0  0.14057044       0.52242726  0.09682622  0.24017608
 2144     H   1.0  0.08208184       0.66553646  0.12557620  0.12680550
 2145     H   1.0  0.09169857       0.65395415  0.12721033  0.12713695
 2146     H   1.0  0.08165627       0.66438293  0.12780581  0.12615498
 2147     H   1.0  0.12479426       0.56481791  0.12440193  0.18598590
 2148     H   1.0  0.09578183       0.64884281  0.14606407  0.10931129
 2149     H   1.0  0.08456751       0.65621924  0.13876712  0.12044612
 2150     H   1.0  0.07501897       0.66358423  0.13840845  0.12298835
 2151     H   1.0  0.07781478       0.66270810  0.13746740  0.12200972
 2152     H   1.0  0.08056748       0.66297334  0.13257194  0.12388724
 2153     H   1.0  0.07356613       0.65699548  0.13333552  0.13610288
 2154     H   1.0  0.06527672       0.67300355  0.13373485  0.12798487
 2155     H   1.0  0.05859287       0.67154968  0.13601455  0.13384290
 2156     H   1.0  0.11663586       0.56915778  0.12036156  0.19384480
 2157     H   1.0  0.08858725       0.64383310  0.13752428  0.13005538
 2158     H   1.0  0.07255735       0.65772009  0.15503879  0.11468377
 2159     H   1.0  0.08938523       0.65634805  0.13323264  0.12103408
 2160     H   1.0  0.07939164       0.66128457  0.13963148  0.11969232
 2161     H   1.0  0.07163178       0.66486645  0.14015289  0.12334888
 2162     H   1.0  0.07419761       0.66304553  0.13919945  0.12355741
 2163     H   1.0  0.08436325       0.66183352  0.12751764  0.12628559
 2164     H   1.0  0.06741573       0.67483509  0.12803142  0.12971776
 2165     H   1.0  0.06944385       0.67398834  0.12767613  0.12889168
 2166     H   1.0  0.24161180       0.48031873  0.11702445  0.16104502
 2167     H   1.0  0.21597996       0.49434191  0.12126301  0.16841511
 2168     H   1.0  0.22681029       0.49688005  0.10536988  0.17093977
 2169     H   1.0  0.23205682       0.49328861  0.10762521  0.16702936
 2170     H   1.0  0.14841153       0.52315021  0.15126811  0.17717015
 2171     H   1.0  0.19428327       0.50203800  0.12339107  0.18028766
 2172     H   1.0  0.22614095       0.49251318  0.11074518  0.17060069
 2173     H   1.0  0.22546649       0.49847513  0.10649084  0.16956754
 2174     H   1.0  0.21334745       0.49372745  0.10787949  0.18504562
 2175     H   1.0  0.23569652       0.49275666  0.10288708  0.16865974
 2176     H   1.0  0.23400802       0.48974198  0.11202994  0.16422006
 2177     H   1.0  0.25117663       0.45667365  0.09834980  0.19379992
 2178     H   1.0  0.18767888       0.45942259  0.10647987  0.24641866
 2179     H   1.0  0.09965824       0.51523453  0.14253046  0.24257678
 largest Wiberg (=(PS)*(SP)) bond orders for each atom
           total WBO             WBO to atom > 0.05 ...
     1  N    3.31037018    C    2  0.93855840    H 1124  0.82091107    H 1125  0.81997558    H 1123  0.80619863
     2  C    3.78698027    C    3  0.99203967    C    5  0.97411135    N    1  0.93855840    H 1126  0.87122273
     3  C    3.92604494    O    4  1.46058384    N    8  1.41396822    C    2  0.99203967
     4  O    1.64641098    C    3  1.46058384    N    8  0.07315339    H 1162  0.06815621
     5  C    3.82716082    C    7  1.02611164    C    2  0.97411135    O    6  0.94874985    H 1127  0.88069811
     6  O    1.69191457    C    5  0.94874985    H 1128  0.71557602
     7  C    3.72379993    C    5  1.02611164    H 1130  0.90317923    H 1131  0.89998965    H 1129  0.89497407
     8  N    3.19773729    C    3  1.41396822    C    9  0.95834953    H 1132  0.85856557    O    4  0.07315339
     9  C    3.86718620    C   12  1.01522957    C   10  0.97817687    N    8  0.95834953    H 1133  0.86842876
    10  C    3.95940784    O   11  1.61451467    N   17  1.38276083    C    9  0.97817687
    11  O    1.75191138    C   10  1.61451467    N   17  0.08978904
    12  C    3.82440392    C   13  1.02774852    C    9  1.01522957    H 1134  0.89184256    H 1135  0.88706864
    13  C    3.79935374    C   12  1.02774852    C   14  0.96573073    H 1136  0.89554877    H 1137  0.87174336
    14  C    3.97125701    O   16  1.51895851    O   15  1.50438009    C   13  0.96573073
    15  O    1.66188317    C   14  1.50438009    O   16  0.12311440
    16  O    1.68876405    C   14  1.51895851    O   15  0.12311440
    17  N    3.19231257    C   10  1.38276083    C   18  0.96205922    H 1138  0.84685931    O   11  0.08978904
    18  C    3.88317364    C   21  1.01481322    C   19  0.98622586    N   17  0.96205922    H 1139  0.88437284
    19  C    3.95913504    O   20  1.60438328    N   26  1.38888036    C   18  0.98622586
    20  O    1.70247751    C   19  1.60438328    N   26  0.08236694
    21  C    3.82405618    C   22  1.02238261    C   18  1.01481322    H 1140  0.89002161    H 1141  0.88853535
    22  C    3.79659251    C   21  1.02238261    C   23  0.97086473    H 1142  0.89295744    H 1143  0.87460927
    23  C    3.97646359    O   25  1.53432140    O   24  1.50357474    C   22  0.97086473
    24  O    1.65387064    C   23  1.50357474    O   25  0.12121565
    25  O    1.68276456    C   23  1.53432140    O   24  0.12121565
    26  N    3.16442691    C   19  1.38888036    C   27  0.97433400    H 1144  0.84779336    O   20  0.08236694
    27  C    3.81447675    C   30  1.02036226    N   26  0.97433400    C   28  0.88004404    H 1145  0.86932960
    28  C    4.25604478    N   35  2.09060255    O   29  1.37205337    C   27  0.88004404
    29  O    1.44271384    C   28  1.37205337    H 1152  0.05570157
    30  C    3.79726987    C   31  1.03124707    C   27  1.02036226    H 1147  0.89693510    H 1146  0.87600718
    31  C    3.80879732    C   30  1.03124707    C   32  1.01730085    H 1149  0.90288806    H 1148  0.89904610
    32  C    3.98176312    O   33  1.58305320    N   34  1.39910311    C   31  1.01730085
    33  O    1.71682720    C   32  1.58305320    N   34  0.09427149
    34  N    3.17056379    C   32  1.39910311    H 1151  0.83688268    H 1150  0.83345996    O   33  0.09427149
    35  N    3.73974835    C   28  2.09060255    C   36  0.92517271    H 1152  0.79425392
    36  C    3.78713660    C   37  0.97938085    C   39  0.96747095    N   35  0.92517271    H 1153  0.87333873
    37  C    3.96603478    O   38  1.59770946    N   43  1.38680021    C   36  0.97938085
    38  O    1.69382923    C   37  1.59770946    N   43  0.08341711
    39  C    3.87694357    C   41  1.02688269    C   40  1.00240425    C   36  0.96747095    H 1154  0.88904338
    40  C    3.82247980    C   42  1.05791997    C   39  1.00240425    H 1155  0.89105056    H 1156  0.88734795
    41  C    3.71538193    C   39  1.02688269    H 1158  0.90596890    H 1157  0.90109365    H 1159  0.89553203
    42  C    3.69552878    C   40  1.05791997    H 1161  0.91572784    H 1160  0.89518603    H 1162  0.85772171
    43  N    3.16529505    C   37  1.38680021    C   44  0.95973552    H 1163  0.84863882    O   38  0.08341711
    44  C    3.88929863    C   47  1.03577718    C   45  0.98210803    N   43  0.95973552    H 1164  0.88995307
    45  C    3.95859849    O   46  1.59918004    N   48  1.38842271    C   44  0.98210803
    46  O    1.70807672    C   45  1.59918004    N   48  0.08528590
    47  C    3.72691341    C   44  1.03577718    H 1167  0.91084656    H 1165  0.89971774    H 1166  0.89828530
    48  N    3.17939115    C   45  1.38842271    C   49  0.96559032    H 1168  0.85929987    O   46  0.08528590
    49  C    3.89005615    C   52  1.01148745    C   50  0.97600074    N   48  0.96559032    H 1169  0.88740267
    50  C    3.94887073    O   51  1.59810383    N   57  1.37629682    C   49  0.97600074
    51  O    1.72378850    C   50  1.59810383    N   57  0.07458401
    52  C    3.83278343    C   53  1.04117477    C   49  1.01148745    H 1171  0.89468978    H 1170  0.88767161
    53  C    3.81679347    C   52  1.04117477    C   54  0.96896907    H 1173  0.90428687    H 1172  0.88968898
    54  C    3.97873086    O   55  1.51693993    O   56  1.50783879    C   53  0.96896907
    55  O    1.67656205    C   54  1.51693993    O   56  0.12234084
    56  O    1.67655628    C   54  1.50783879    O   55  0.12234084
    57  N    3.17534273    C   50  1.37629682    C   58  0.95929989    H 1174  0.85708527    O   51  0.07458401
    58  C    3.85402220    C   61  1.01288541    C   59  0.96822985    N   57  0.95929989    H 1175  0.89655751
    59  C    3.91669836    O   60  1.59830936    N   68  1.35678999    C   58  0.96822985
    60  O    1.71986294    C   59  1.59830936    N   68  0.06514859
    61  C    3.81586592    C   58  1.01288541    C   62  1.00910011    H 1177  0.89905886    H 1176  0.86487936
    62  C    3.88596851    C   63  1.38845105    C   64  1.38261549    C   61  1.00910011    C   67  0.05411232
    63  C    3.83248352    C   65  1.41716079    C   62  1.38845105    H 1178  0.91033655    C   66  0.05808487
    64  C    3.83136386    C   66  1.41610386    C   62  1.38261549    H 1179  0.91715131    C   65  0.05833015
    65  C    3.83461805    C   63  1.41716079    C   67  1.41397012    H 1180  0.90386041    C   64  0.05833015
    66  C    3.83587420    C   64  1.41610386    C   67  1.41132862    H 1181  0.89563681    C   63  0.05808487
    67  C    3.83841883    C   65  1.41397012    C   66  1.41132862    H 1182  0.91103818    C   62  0.05411232
    68  N    3.16434436    C   59  1.35678999    C   69  0.96264230    H 1183  0.85840508    O   60  0.06514859
    69  C    3.86076808    C   72  1.00939527    C   70  0.97088254    N   68  0.96264230    H 1184  0.88180030
    70  C    3.92863044    O   71  1.60551114    N   77  1.34791785    C   69  0.97088254
    71  O    1.75838945    C   70  1.60551114    N   77  0.06603203
    72  C    3.81870879    C   73  1.03587792    C   69  1.00939527    H 1186  0.90013981    H 1185  0.88880061
    73  C    3.81977800    C   72  1.03587792    C   74  1.01817435    H 1187  0.90100735    H 1188  0.89839074
    74  C    3.81602572    C   75  1.04788834    C   73  1.01817435    H 1189  0.89834202    H 1190  0.89443882
    75  C    3.72950143    C   74  1.04788834    N   76  0.93533253    H 1191  0.90928484    H 1192  0.90375432
    76  N    3.37477334    C   75  0.93533253    H 1193  0.82051089    H 1195  0.81772698    H 1194  0.81140365
    77  N    3.18691626    C   70  1.34791785    C   78  0.96992677    H 1196  0.85279660    O   71  0.06603203
    78  C    3.88582028    C   81  1.00956877    C   79  0.97239965    N   77  0.96992677    H 1197  0.88638488
    79  C    3.90452872    O   80  1.58720997    N   86  1.32018995    C   78  0.97239965
    80  O    1.75758676    C   79  1.58720997
    81  C    3.82904389    C   82  1.03414697    C   78  1.00956877    H 1199  0.89826053    H 1198  0.88931848
    82  C    3.81763722    C   81  1.03414697    C   83  0.97405036    H 1200  0.90808537    H 1201  0.88306468
    83  C    3.98494974    O   85  1.51931672    O   84  1.50244582    C   82  0.97405036
    84  O    1.66130237    C   83  1.50244582    O   85  0.12270903
    85  O    1.68837825    C   83  1.51931672    O   84  0.12270903
    86  N    3.23033806    C   79  1.32018995    C   87  0.95291157    H 1202  0.84598230
    87  C    3.84863877    C   90  1.03966751    N   86  0.95291157    C   88  0.94136712    H 1203  0.89484168
    88  C    3.88699394    O   89  1.61885132    N   91  1.28955390    C   87  0.94136712
    89  O    1.81629277    C   88  1.61885132
    90  C    3.71306776    C   87  1.03966751    H 1206  0.90911765    H 1205  0.90172118    H 1204  0.89472766
    91  N    3.28780192    C   88  1.28955390    C   92  0.95482408    H 1207  0.85046632
    92  C    3.81762362    C   95  0.99625320    N   91  0.95482408    C   93  0.93946812    H 1208  0.87121455
    93  C    3.88733498    O   94  1.58207116    N  102  1.33582872    C   92  0.93946812
    94  O    1.79515821    C   93  1.58207116    N  102  0.05873443
    95  C    3.81417514    C   96  1.00955534    C   92  0.99625320    H 1209  0.90427718    H 1210  0.89643579
    96  C    3.87292305    C   97  1.38194766    C   98  1.38032870    C   95  1.00955534    C  101  0.05419013
    97  C    3.83547191    C   99  1.40826469    C   96  1.38194766    H 1211  0.90918363    C  100  0.05807806
    98  C    3.81296859    C  100  1.41834372    C   96  1.38032870    H 1212  0.91543594    C   99  0.05774359
    99  C    3.83547426    C  101  1.41200374    C   97  1.40826469    H 1213  0.91402626    C   98  0.05774359
   100  C    3.81131686    C   98  1.41834372    C  101  1.40347419    H 1214  0.90779890    C   97  0.05807806
   101  C    3.82671582    C   99  1.41200374    C  100  1.40347419    H 1215  0.91356884    C   96  0.05419013
   102  N    3.24010789    C   93  1.33582872    C  103  0.96172696    H 1216  0.85301542    O   94  0.05873443
   103  C    3.84844022    C  106  0.98927582    C  104  0.96315536    N  102  0.96172696    H 1217  0.87728729
   104  C    3.95120220    O  105  1.61269339    N  108  1.35622387    C  103  0.96315536
   105  O    1.87951841    C  104  1.61269339    N  108  0.07104314
   106  C    3.75045303    C  103  0.98927582    O  107  0.97277241    H 1218  0.90810080    H 1219  0.89263808
   107  O    1.72198676    C  106  0.97277241    H 1220  0.73322831
   108  N    3.23713445    C  104  1.35622387    C  109  0.96435180    H 1221  0.85570217    O  105  0.07104314
   109  C    3.86955423    C  112  1.01248610    N  108  0.96435180    C  110  0.95687055    H 1222  0.88199761
   110  C    3.85071364    O  111  1.60762992    N  116  1.23488273    C  109  0.95687055
   111  O    1.80326817    C  110  1.60762992
   112  C    3.80837910    C  109  1.01248610    C  113  1.00204799    H 1224  0.89154774    H 1223  0.88749379
   113  C    3.91712255    C  115  1.02141278    C  114  1.02006774    C  112  1.00204799    H 1225  0.90231131
   114  C    3.73412919    C  113  1.02006774    H 1228  0.91287516    H 1227  0.90460661    H 1226  0.90092805
   115  C    3.74365511    C  113  1.02141278    H 1230  0.90970789    H 1229  0.90328064    H 1231  0.90260748
   116  N    3.28728807    C  110  1.23488273    C  117  0.99010143    H 1232  0.84300403    O  119  0.11406757
   117  C    3.79266347    N  116  0.99010143    C  120  0.98472466    H 1233  0.89841201    C  118  0.86822286
   118  C    3.85197744    O  119  1.59272306    N  127  1.34100245    C  117  0.86822286
   119  O    1.99358784    C  118  1.59272306    N  116  0.11406757    N  127  0.07752114
   120  C    3.81203178    C  121  1.01280895    C  117  0.98472466    H 1235  0.90940321    H 1234  0.89436368
   121  C    3.86399137    C  123  1.36684637    C  122  1.35937009    C  120  1.01280895
   122  C    3.82157339    C  124  1.43475629    C  121  1.35937009    H 1236  0.90573953    C  125  0.05290166
   123  C    3.81784398    C  125  1.41185928    C  121  1.36684637    H 1237  0.90746613    C  124  0.05580868
   124  C    3.82731010    C  122  1.43475629    C  126  1.38943822    H 1238  0.91518000    C  123  0.05580868
   125  C    3.83241517    C  123  1.41185928    C  126  1.39359185    H 1239  0.89921198    C  122  0.05290166
   126  C    3.82763963    C  125  1.39359185    C  124  1.38943822    H 1240  0.90223735
   127  N    3.22294402    C  118  1.34100245    C  128  0.94952235    H 1241  0.85937163    O  119  0.07752114
   128  C    3.86271723    C  131  1.01628363    C  129  0.95694617    N  127  0.94952235    H 1242  0.90027817
   129  C    3.93165922    O  130  1.59644779    N  135  1.37314438    C  128  0.95694617
   130  O    1.79254814    C  129  1.59644779    N  135  0.08186247
   131  C    3.74205167    C  128  1.01628363    C  132  0.97434442    H 1243  0.88354989    H 1244  0.87068138
   132  C    3.86039105    O  134  1.52707626    O  133  1.36667459    C  131  0.97434442
   133  O    1.61529251    C  132  1.36667459    Ca1112  0.12361344    O  134  0.09813455
   134  O    1.67897872    C  132  1.52707626    O  133  0.09813455
   135  N    3.20249656    C  129  1.37314438    C  136  0.96672082    H 1245  0.84330174    O  130  0.08186247
   136  C    3.89195095    C  139  1.01220020    C  137  0.98472918    N  135  0.96672082    H 1246  0.89996806
   137  C    3.95954442    O  138  1.60118255    N  144  1.37031019    C  136  0.98472918
   138  O    1.75925213    C  137  1.60118255    N  144  0.08536349
   139  C    3.82211659    C  140  1.03227980    C  136  1.01220020    H 1248  0.89145391    H 1247  0.89007483
   140  C    3.81688198    C  139  1.03227980    C  141  1.02800885    H 1250  0.89376512    H 1249  0.88303292
   141  C    3.82059647    C  142  1.05823764    C  140  1.02800885    H 1251  0.90864470    H 1252  0.90118967
   142  C    3.73102165    C  141  1.05823764    N  143  0.93688548    H 1253  0.90812125    H 1254  0.90733411
   143  N    3.35818550    C  142  0.93688548    H 1257  0.83201266    H 1255  0.82451510    H 1256  0.81249542
   144  N    3.19521337    C  137  1.37031019    C  145  0.97692669    H 1258  0.85958896    O  138  0.08536349
   145  C    3.90614477    C  148  1.00155547    C  146  0.98697708    N  144  0.97692669    H 1259  0.87287243
   146  C    3.98320260    O  147  1.60305641    N  152  1.39469203    C  145  0.98697708
   147  O    1.76065738    C  146  1.60305641    N  152  0.08645274
   148  C    3.79171675    C  145  1.00155547    C  149  0.99727261    H 1260  0.88371602    H 1261  0.87681428
   149  C    3.96041198    O  150  1.50917506    O  151  1.44743070    C  148  0.99727261
   150  O    1.69232053    C  149  1.50917506    O  151  0.11770117
   151  O    1.68536741    C  149  1.44743070    O  150  0.11770117    Ca1112  0.09772490
   152  N    3.23815213    C  146  1.39469203    C  153  0.99592933    H 1262  0.84830634    O  147  0.08645274
   153  C    3.81992057    C  154  1.01258265    N  152  0.99592933    H 1263  0.89455426    H 1264  0.86938865
   154  C    3.96753663    O  155  1.59468416    N  156  1.37559554    C  153  1.01258265
   155  O    1.75808984    C  154  1.59468416    N  156  0.08545323
   156  N    3.19579334    C  154  1.37559554    C  157  0.96566180    H 1265  0.86328067    O  155  0.08545323
   157  C    3.88541255    C  160  1.00070801    C  158  0.97696626    N  156  0.96566180    H 1266  0.87815536
   158  C    3.97785354    O  159  1.59899675    N  164  1.40333586    C  157  0.97696626
   159  O    1.75603142    C  158  1.59899675    N  164  0.08905876
   160  C    3.77453942    C  157  1.00070801    C  161  0.97940073    H 1268  0.88130835    H 1267  0.86673497
   161  C    3.90532718    O  163  1.54482261    O  162  1.37850432    C  160  0.97940073
   162  O    1.62668014    C  161  1.37850432    Ca1112  0.13522738    O  163  0.10028189
   163  O    1.74262952    C  161  1.54482261    O  162  0.10028189
   164  N    3.20314671    C  158  1.40333586    C  165  0.98788753    H 1269  0.86359207    O  159  0.08905876
   165  C    3.79514196    C  166  0.99197639    N  164  0.98788753    H 1270  0.90017766    H 1271  0.87561060
   166  C    3.94209684    O  167  1.60509833    N  168  1.37663851    C  165  0.99197639
   167  O    1.74730472    C  166  1.60509833    N  168  0.08562348
   168  N    3.19166733    C  166  1.37663851    C  169  0.96351481    H 1272  0.87912918    O  167  0.08562348
   169  C    3.82900593    C  170  0.98687694    N  168  0.96351481    C  172  0.94084793    H 1273  0.88944046
   170  C    3.90544545    O  171  1.48205907    N  175  1.42071146    C  169  0.98687694
   171  O    1.68647679    C  170  1.48205907    Ca1112  0.08969767    N  175  0.07228771
   172  C    3.77793359    C  174  1.02256132    C  169  0.94084793    O  173  0.91981991    H 1274  0.88729541
   173  O    1.67265728    C  172  0.91981991    H 1275  0.72337698
   174  C    3.73369549    C  172  1.02256132    H 1278  0.92005185    H 1276  0.90484897    H 1277  0.89975424
   175  N    3.21326849    C  170  1.42071146    C  176  0.95684224    H 1279  0.83769616    O  171  0.07228771
   176  C    3.87804751    C  179  0.97573382    C  177  0.96939800    N  175  0.95684224    H 1280  0.92168042
   177  C    3.92172049    O  178  1.59583902    N  183  1.37305367    C  176  0.96939800
   178  O    1.69421633    C  177  1.59583902    N  183  0.08271885
   179  C    3.87669055    C  181  1.02621884    C  180  0.99681957    C  176  0.97573382    H 1281  0.90037410
   180  C    3.81076076    C  182  1.03886355    C  179  0.99681957    H 1282  0.90625918    H 1283  0.90352141
   181  C    3.72063516    C  179  1.02621884    H 1285  0.90851190    H 1286  0.90787032    H 1284  0.90449188
   182  C    3.72489185    C  180  1.03886355    H 1289  0.92958921    H 1288  0.91105712    H 1287  0.90900018
   183  N    3.18988945    C  177  1.37305367    C  184  0.96970735    H 1290  0.85471830    O  178  0.08271885
   184  C    3.85243046    C  185  0.98186347    N  183  0.96970735    C  187  0.95772629    H 1291  0.89098562
   185  C    3.94007838    O  186  1.59697192    N  190  1.37000186    C  184  0.98186347
   186  O    1.69554878    C  185  1.59697192    N  190  0.07828326
   187  C    3.80523535    C  189  1.02400551    C  184  0.95772629    O  188  0.93489543    H 1292  0.88850142
   188  O    1.66688909    C  187  0.93489543    H 1293  0.75418689
   189  C    3.73344313    C  187  1.02400551    H 1296  0.91344419    H 1295  0.90702454    H 1294  0.90559139
   190  N    3.17105402    C  185  1.37000186    C  191  0.96062193    H 1297  0.84940755    O  186  0.07828326
   191  C    3.82837629    C  192  0.97970411    C  194  0.96640968    N  190  0.96062193    H 1298  0.87338033
   192  C    3.93046753    O  193  1.58710625    N  197  1.36122662    C  191  0.97970411
   193  O    1.69596140    C  192  1.58710625    N  197  0.06842019
   194  C    3.79244687    C  196  1.02167645    C  191  0.96640968    O  195  0.92919029    H 1299  0.89276860
   195  O    1.64251180    C  194  0.92919029    H 1300  0.71410190
   196  C    3.71612316    C  194  1.02167645    H 1303  0.92274187    H 1301  0.91532164    H 1302  0.91234317
   197  N    3.16926500    C  192  1.36122662    C  198  0.96899994    H 1304  0.85570299    O  193  0.06842019
   198  C    3.88028215    C  201  1.01947701    C  199  0.97190915    N  197  0.96899994    H 1305  0.89758679
   199  C    3.93343450    O  200  1.60496890    N  206  1.35453871    C  198  0.97190915
   200  O    1.74709627    C  199  1.60496890    N  206  0.06025667
   201  C    3.81361308    C  202  1.02709432    C  198  1.01947701    H 1307  0.89226786    H 1306  0.89028731
   202  C    3.82085578    C  201  1.02709432    C  203  1.02063347    H 1308  0.88913862    H 1309  0.88358374
   203  C    3.82043979    C  204  1.05939434    C  202  1.02063347    H 1311  0.89085364    H 1310  0.88940303
   204  C    3.75313117    C  203  1.05939434    N  205  0.95078017    H 1312  0.91444648    H 1313  0.90688931
   205  N    3.35250322    C  204  0.95078017    H 1315  0.82283872    H 1316  0.82030705    H 1314  0.80379769
   206  N    3.18207449    C  199  1.35453871    C  207  0.95888875    H 1317  0.85101677    O  200  0.06025667
   207  C    3.85579276    C  210  1.00930351    C  208  0.96224573    N  206  0.95888875    H 1318  0.88156423
   208  C    3.86895831    O  209  1.59370005    N  215  1.29832160    C  207  0.96224573
   209  O    1.74293173    C  208  1.59370005
   210  C    3.79199933    C  211  1.02345882    C  207  1.00930351    H 1320  0.89625714    H 1319  0.89044967
   211  C    3.78282455    C  210  1.02345882    C  212  0.98975568    H 1322  0.89634840    H 1321  0.88973309
   212  C    3.90146338    O  213  1.43709086    O  214  1.41699567    C  211  0.98975568    Ca1112  0.06973171
   213  O    1.69465972    C  212  1.43709086    Ca1112  0.14800101    O  214  0.11465046
   214  O    1.71598759    C  212  1.41699567    Ca1112  0.17148167    O  213  0.11465046
   215  N    3.15705810    C  208  1.29832160    C  216  0.95025095    H 1323  0.84706162
   216  C    3.81599706    C  219  1.00936287    C  217  0.95759078    N  215  0.95025095    H 1324  0.87533667
   217  C    3.87752387    O  218  1.56617313    N  223  1.33324498    C  216  0.95759078
   218  O    1.71056925    C  217  1.56617313    N  223  0.05804512
   219  C    3.78796392    C  216  1.00936287    C  220  0.99918341    H 1325  0.90198920    H 1326  0.88830435
   220  C    3.89068943    C  221  1.02194760    C  222  1.02156336    C  219  0.99918341    H 1327  0.89789503
   221  C    3.71393252    C  220  1.02194760    H 1328  0.92229154    H 1330  0.91080212    H 1329  0.90934069
   222  C    3.71857084    C  220  1.02156336    H 1331  0.91500557    H 1332  0.90913494    H 1333  0.90155170
   223  N    3.17112240    C  217  1.33324498    C  224  0.97468267    H 1334  0.84901534    O  218  0.05804512
   224  C    3.75367583    C  225  0.98956522    N  223  0.97468267    H 1336  0.89699879    H 1335  0.89068073
   225  C    3.91637258    O  226  1.56347944    N  227  1.36456844    C  224  0.98956522
   226  O    1.69426910    C  225  1.56347944    N  227  0.07631112
   227  N    3.17711057    C  225  1.36456844    C  228  0.95659361    H 1337  0.85051962    O  226  0.07631112
   228  C    3.85004196    C  231  0.98077929    C  229  0.97793080    N  227  0.95659361    H 1338  0.89061452
   229  C    3.95908342    O  230  1.59508150    N  234  1.38649395    C  228  0.97793080
   230  O    1.72123139    C  229  1.59508150    N  234  0.08419614
   231  C    3.82243124    C  233  1.02964317    C  228  0.98077929    O  232  0.93075488    H 1339  0.89650120
   232  O    1.65898979    C  231  0.93075488    H 1340  0.71199297
   233  C    3.73298511    C  231  1.02964317    H 1343  0.91188014    H 1341  0.89916944    H 1342  0.89497639
   234  N    3.17667875    C  229  1.38649395    C  235  0.95590792    H 1344  0.85002998    O  230  0.08419614
   235  C    3.85582955    C  236  0.98215107    C  238  0.96940140    N  234  0.95590792    H 1345  0.89324828
   236  C    3.94194573    O  237  1.55398775    N  241  1.40002578    C  235  0.98215107
   237  O    1.70167462    C  236  1.55398775    N  241  0.07636587
   238  C    3.87848427    C  240  1.03193364    C  239  1.02855608    C  235  0.96940140    H 1346  0.89063003
   239  C    3.72578256    C  238  1.02855608    H 1348  0.91126394    H 1349  0.90980349    H 1347  0.90485986
   240  C    3.72043416    C  238  1.03193364    H 1351  0.91991553    H 1352  0.91568117    H 1350  0.91390988
   241  N    3.16199579    C  236  1.40002578    C  242  0.96095518    H 1353  0.84818654    O  237  0.07636587
   242  C    3.89251233    C  245  1.01885272    C  243  0.98481852    N  241  0.96095518    H 1354  0.89662690
   243  C    3.95445576    O  244  1.58957312    N  249  1.38349526    C  242  0.98481852
   244  O    1.69380841    C  243  1.58957312    N  249  0.08292020
   245  C    3.79499079    C  242  1.01885272    C  246  0.99755999    H 1355  0.90023850    H 1356  0.89217250
   246  C    3.83660389    S  247  1.07843567    C  245  0.99755999    H 1357  0.88109856    H 1358  0.88069386
   247  S    2.20794250    C  248  1.13400932    C  246  1.07843567
   248  C    3.80162349    S  247  1.13400932    H 1361  0.89877867    H 1360  0.89212741    H 1359  0.88367643
   249  N    3.16241659    C  243  1.38349526    C  250  0.96405463    H 1362  0.85184683    O  244  0.08292020
   250  C    3.89012669    C  253  1.00690068    C  251  0.98028840    N  249  0.96405463    H 1363  0.89662571
   251  C    3.96305576    O  252  1.59265458    N  260  1.39714873    C  250  0.98028840
   252  O    1.72913527    C  251  1.59265458    N  260  0.08569857
   253  C    3.80564159    C  254  1.02650056    C  250  1.00690068    H 1365  0.89529810    H 1364  0.89277815
   254  C    3.80673207    C  255  1.03965200    C  253  1.02650056    H 1366  0.89352180    H 1367  0.88787526
   255  C    3.83770064    C  254  1.03965200    N  256  0.99382750    H 1368  0.90942799    H 1369  0.90104207
   256  N    3.14921391    C  257  1.34414379    C  255  0.99382750    H 1370  0.84251551
   257  C    4.11445392    N  258  1.38769652    N  259  1.38510116    N  256  1.34414379
   258  N    3.04311411    C  257  1.38769652    H 1372  0.83962448    H 1371  0.82889708
   259  N    3.05964852    C  257  1.38510116    H 1374  0.83805301    H 1373  0.82756932
   260  N    3.16911943    C  251  1.39714873    C  261  0.96266996    H 1375  0.84533592    O  252  0.08569857
   261  C    3.87274026    C  264  0.98931474    C  262  0.98296736    N  260  0.96266996    H 1376  0.87447337
   262  C    3.98084095    O  263  1.60898947    N  266  1.39297725    C  261  0.98296736
   263  O    1.76536098    C  262  1.60898947    N  266  0.08783505
   264  C    3.75309552    C  261  0.98931474    O  265  0.98017263    H 1378  0.89000535    H 1377  0.88544900
   265  O    1.67706237    C  264  0.98017263    H 1379  0.71549337
   266  N    3.16209519    C  262  1.39297725    C  267  0.97136688    H 1380  0.85156940    O  263  0.08783505
   267  C    3.89091607    C  270  1.02383487    C  268  0.98132521    N  266  0.97136688    H 1381  0.87604134
   268  C    3.97491488    O  269  1.60743779    N  274  1.39365390    C  267  0.98132521
   269  O    1.74747680    C  268  1.60743779    N  274  0.08739951
   270  C    3.81535149    C  267  1.02383487    C  271  1.00913607    H 1383  0.89363423    H 1382  0.88574031
   271  C    3.92763750    C  272  1.03420852    C  273  1.02159478    C  270  1.00913607    H 1384  0.88350074
   272  C    3.74032833    C  271  1.03420852    H 1386  0.90659609    H 1387  0.90325115    H 1385  0.89964624
   273  C    3.72278872    C  271  1.02159478    H 1390  0.89962088    H 1389  0.89672995    H 1388  0.89661176
   274  N    3.22111366    C  268  1.39365390    C  275  0.99671018    H 1391  0.85209933    O  269  0.08739951
   275  C    3.81586507    C  276  1.00295235    N  274  0.99671018    H 1392  0.88485934    H 1393  0.87700011
   276  C    3.97664960    O  277  1.60033420    N  278  1.38360409    C  275  1.00295235
   277  O    1.76087308    C  276  1.60033420    N  278  0.08670994
   278  N    3.19099914    C  276  1.38360409    C  279  0.96328621    H 1394  0.85204047    O  277  0.08670994
   279  C    3.89490589    C  282  1.01926203    C  280  0.98265437    N  278  0.96328621    H 1395  0.90381556
   280  C    3.94897065    O  281  1.59474327    N  287  1.36862010    C  279  0.98265437
   281  O    1.68711249    C  280  1.59474327    N  287  0.08340775
   282  C    3.81191342    C  283  1.03099597    C  279  1.01926203    H 1396  0.88836485    H 1397  0.88534673
   283  C    3.79799752    C  282  1.03099597    C  284  1.01290487    H 1399  0.89016761    H 1398  0.86600527
   284  C    3.99042645    O  285  1.59458971    N  286  1.39522529    C  283  1.01290487
   285  O    1.74531075    C  284  1.59458971    N  286  0.09591751
   286  N    3.14045774    C  284  1.39522529    H 1401  0.83494944    H 1400  0.83196417    O  285  0.09591751
   287  N    3.22445707    C  280  1.36862010    C  288  0.97549766    H 1402  0.82845855    O  281  0.08340775
   288  C    3.92104482    C  291  1.03209604    C  289  0.99351476    N  287  0.97549766    H 1403  0.92327172
   289  C    3.96039728    O  290  1.60218411    N  295  1.36159000    C  288  0.99351476
   290  O    1.76704650    C  289  1.60218411    N  295  0.08462602
   291  C    3.80013405    C  288  1.03209604    C  292  1.00069082    H 1404  0.88150019    H 1405  0.87296157
   292  C    3.98778548    O  293  1.58912912    N  294  1.40634782    C  291  1.00069082
   293  O    1.75443454    C  292  1.58912912    N  294  0.09538243
   294  N    3.11540948    C  292  1.40634782    H 1407  0.84444409    H 1406  0.83263847    O  293  0.09538243
   295  N    3.28119737    C  289  1.36159000    C  301  0.94991040    C  296  0.94692829    O  290  0.08462602
   296  C    3.87294574    C  299  1.01044141    C  297  0.97573369    N  295  0.94692829    H 1408  0.89223839
   297  C    3.94070152    O  298  1.60663105    N  302  1.37267806    C  296  0.97573369
   298  O    1.75134584    C  297  1.60663105    N  302  0.08899372
   299  C    3.77548490    C  300  1.02873085    C  296  1.01044141    H 1409  0.88043706    H 1410  0.87537168
   300  C    3.77089078    C  301  1.04603676    C  299  1.02873085    H 1412  0.89239010    H 1411  0.88187077
   301  C    3.77047091    C  300  1.04603676    N  295  0.94991040    H 1414  0.88998245    H 1413  0.88263020
   302  N    3.18572711    C  297  1.37267806    C  303  0.96663289    H 1415  0.85760027    O  298  0.08899372
   303  C    3.86134756    C  304  0.98375735    C  306  0.96832336    N  302  0.96663289    H 1416  0.87525320
   304  C    3.96014421    O  305  1.60547519    N  309  1.37134678    C  303  0.98375735
   305  O    1.69249264    C  304  1.60547519    N  309  0.08344801
   306  C    3.83405613    C  308  1.03389668    C  303  0.96832336    O  307  0.94061279    H 1417  0.88454367
   307  O    1.65760099    C  306  0.94061279    H 1418  0.72677231
   308  C    3.73675609    C  306  1.03389668    H 1421  0.90804040    H 1419  0.89950005    H 1420  0.89700290
   309  N    3.18145605    C  304  1.37134678    C  310  0.96140511    H 1422  0.84357383    O  305  0.08344801
   310  C    3.87404493    C  313  1.01463555    C  311  0.97445251    N  309  0.96140511    H 1423  0.88352087
   311  C    3.96342202    O  312  1.61372935    N  318  1.37763104    C  310  0.97445251
   312  O    1.73507967    C  311  1.61372935    N  318  0.08630319
   313  C    3.82871044    C  314  1.02835256    C  310  1.01463555    H 1425  0.89495700    H 1424  0.88355656
   314  C    3.80959612    C  313  1.02835256    C  315  0.96794371    H 1427  0.90217092    H 1426  0.87497936
   315  C    3.96358056    O  317  1.52124940    O  316  1.52005690    C  314  0.96794371
   316  O    1.66800410    C  315  1.52005690    O  317  0.12434539
   317  O    1.65060406    C  315  1.52124940    O  316  0.12434539
   318  N    3.18776178    C  311  1.37763104    C  319  0.95843589    H 1428  0.84831389    O  312  0.08630319
   319  C    3.87847883    C  322  1.02818482    C  320  0.97521979    N  318  0.95843589    H 1429  0.88411953
   320  C    3.98013902    O  321  1.62331036    N  323  1.38847137    C  319  0.97521979
   321  O    1.75621296    C  320  1.62331036    N  323  0.08681647
   322  C    3.72418473    C  319  1.02818482    H 1432  0.90804550    H 1431  0.90173674    H 1430  0.89525179
   323  N    3.18153080    C  320  1.38847137    C  324  0.96042439    H 1433  0.85447259    O  321  0.08681647
   324  C    3.88528080    C  327  1.01767587    C  325  0.98055445    N  323  0.96042439    H 1434  0.88855219
   325  C    3.95775015    O  326  1.59730363    N  332  1.38698099    C  324  0.98055445
   326  O    1.69708269    C  325  1.59730363    N  332  0.08316102
   327  C    3.81887591    C  328  1.03997422    C  324  1.01767587    H 1436  0.90467095    H 1435  0.88286075
   328  C    3.81016208    C  327  1.03997422    C  329  0.97706721    H 1438  0.88798638    H 1437  0.88663761
   329  C    3.97010378    O  330  1.51645586    O  331  1.48827325    C  328  0.97706721
   330  O    1.68705479    C  329  1.51645586    O  331  0.11205700
   331  O    1.58510258    C  329  1.48827325    O  330  0.11205700
   332  N    3.17373479    C  325  1.38698099    C  333  0.95559133    H 1439  0.85616107    O  326  0.08316102
   333  C    3.87416106    C  336  1.01999599    C  334  0.98176647    N  332  0.95559133    H 1440  0.89700428
   334  C    3.94587592    O  335  1.60337976    N  340  1.37266098    C  333  0.98176647
   335  O    1.71236585    C  334  1.60337976    N  340  0.08108986
   336  C    3.81133438    C  333  1.01999599    C  337  1.00929818    H 1442  0.89996065    H 1441  0.89244788
   337  C    3.89000288    C  339  1.01910774    C  338  1.01214626    C  336  1.00929818    H 1443  0.89406188
   338  C    3.72163415    C  337  1.01214626    H 1446  0.91589287    H 1445  0.90647771    H 1444  0.90540766
   339  C    3.70503093    C  337  1.01910774    H 1448  0.91629479    H 1449  0.91479245    H 1447  0.91350198
   340  N    3.17735775    C  334  1.37266098    C  341  0.96976443    H 1450  0.85830425    O  335  0.08108986
   341  C    3.87867439    C  344  1.01167515    C  342  0.97740374    N  340  0.96976443    H 1451  0.89480620
   342  C    3.94139849    O  343  1.59746103    N  349  1.37621945    C  341  0.97740374
   343  O    1.71277295    C  342  1.59746103    N  349  0.07464537
   344  C    3.81566270    C  345  1.02372256    C  341  1.01167515    H 1452  0.89264914    H 1453  0.88954615
   345  C    3.81286188    C  344  1.02372256    C  346  1.00414036    H 1454  0.91435753    H 1455  0.87788839
   346  C    3.98017560    O  347  1.59137946    N  348  1.41119720    C  345  1.00414036
   347  O    1.72787734    C  346  1.59137946    N  348  0.09537173
   348  N    3.15108911    C  346  1.41119720    H 1457  0.84531736    H 1456  0.83002086    O  347  0.09537173
   349  N    3.17685815    C  342  1.37621945    C  350  0.95458601    H 1458  0.85985799    O  343  0.07464537
   350  C    3.88344939    C  353  1.01884912    C  351  0.97449877    N  349  0.95458601    H 1459  0.89648187
   351  C    3.93365795    O  352  1.60217673    N  357  1.35799821    C  350  0.97449877
   352  O    1.73669670    C  351  1.60217673    N  357  0.06683266
   353  C    3.78950247    C  350  1.01884912    C  354  0.96927035    H 1461  0.90053565    H 1460  0.87474991
   354  C    3.97357508    O  355  1.51229796    O  356  1.50840744    C  353  0.96927035
   355  O    1.68621538    C  354  1.51229796    O  356  0.12088734
   356  O    1.66044201    C  354  1.50840744    O  355  0.12088734
   357  N    3.16634543    C  351  1.35799821    C  358  0.95319300    H 1462  0.85769921    O  352  0.06683266
   358  C    3.84832458    C  361  1.00821920    C  359  0.96290450    N  357  0.95319300    H 1463  0.88988296
   359  C    3.88897581    O  360  1.61228332    N  365  1.31116167    C  358  0.96290450
   360  O    1.76326813    C  359  1.61228332
   361  C    3.80607481    C  358  1.00821920    C  362  1.00045206    H 1465  0.91149100    H 1464  0.89369612
   362  C    3.87886469    S  363  1.10307687    C  361  1.00045206    H 1466  0.89072232    H 1467  0.87996727
   363  S    2.25755752    C  364  1.12621105    C  362  1.10307687
   364  C    3.82421960    S  363  1.12621105    H 1470  0.89307968    H 1468  0.89070713    H 1469  0.88170357
   365  N    3.14040768    C  359  1.31116167    C  366  0.96048068    H 1471  0.85212538
   366  C    3.81324226    C  369  0.96629070    N  365  0.96048068    C  367  0.95436047    H 1472  0.89830635
   367  C    3.89184097    O  368  1.56941965    N  373  1.35839804    C  366  0.95436047
   368  O    1.69523298    C  367  1.56941965    N  373  0.06804867
   369  C    3.87824438    C  371  1.03037801    C  370  1.00252971    C  366  0.96629070    H 1473  0.89487221
   370  C    3.82208698    C  372  1.05769697    C  369  1.00252971    H 1474  0.91232435    H 1475  0.90175085
   371  C    3.72701523    C  369  1.03037801    H 1478  0.91525362    H 1477  0.90858645    H 1476  0.90473266
   372  C    3.72313498    C  370  1.05769697    H 1481  0.92304307    H 1480  0.91422908    H 1479  0.90327148
   373  N    3.15540535    C  367  1.35839804    C  374  0.96894660    H 1482  0.85711920    O  368  0.06804867
   374  C    3.87302667    C  377  1.00890626    C  375  0.97134101    N  373  0.96894660    H 1483  0.88975275
   375  C    3.96535315    O  376  1.62110616    N  381  1.37831128    C  374  0.97134101
   376  O    1.79664800    C  375  1.62110616    N  381  0.08088680
   377  C    3.77719208    C  374  1.00890626    C  378  0.99011206    H 1485  0.89825944    H 1484  0.88165564
   378  C    3.96350363    O  379  1.59127233    N  380  1.39391879    C  377  0.99011206
   379  O    1.71436556    C  378  1.59127233    N  380  0.09313334
   380  N    3.15704697    C  378  1.39391879    H 1486  0.84065873    H 1487  0.83954514    O  379  0.09313334
   381  N    3.17578107    C  375  1.37831128    C  382  0.96353880    H 1488  0.85249401    O  376  0.08088680
   382  C    3.88004478    C  385  1.00389422    C  383  0.96752557    N  381  0.96353880    H 1489  0.88064445
   383  C    3.94916509    O  384  1.60808068    N  390  1.36926636    C  382  0.96752557
   384  O    1.77113420    C  383  1.60808068    N  390  0.07372248
   385  C    3.82696188    C  386  1.03831550    C  382  1.00389422    H 1490  0.90003555    H 1491  0.89137551
   386  C    3.80641179    C  385  1.03831550    C  387  0.97442762    H 1493  0.92775153    H 1492  0.88214015
   387  C    3.96005367    O  389  1.52146993    O  388  1.49720794    C  386  0.97442762
   388  O    1.65512474    C  387  1.49720794    O  389  0.12167581
   389  O    1.68147462    C  387  1.52146993    O  388  0.12167581
   390  N    3.18114214    C  383  1.36926636    C  391  0.97055756    H 1494  0.86262882    O  384  0.07372248
   391  C    3.84874752    N  390  0.97055756    C  394  0.95966144    C  392  0.95903496    H 1495  0.89786043
   392  C    3.92289831    O  393  1.59718326    N  397  1.37059330    C  391  0.95903496
   393  O    1.75448938    C  392  1.59718326    N  397  0.08261896
   394  C    3.88717133    C  395  1.03602471    C  396  1.02842690    C  391  0.95966144    H 1496  0.90733563
   395  C    3.72637264    C  394  1.03602471    H 1499  0.91715263    H 1498  0.90859433    H 1497  0.89786232
   396  C    3.72627848    C  394  1.02842690    H 1502  0.92294377    H 1501  0.92225160    H 1500  0.90059532
   397  N    3.18831633    C  392  1.37059330    C  398  0.95513492    H 1503  0.86568792    O  393  0.08261896
   398  C    3.88089616    C  401  1.01356205    C  399  0.97754469    N  397  0.95513492    H 1504  0.91202365
   399  C    3.96632778    O  400  1.62034779    N  405  1.37653693    C  398  0.97754469
   400  O    1.77278304    C  399  1.62034779    N  405  0.08523952
   401  C    3.75604234    C  398  1.01356205    C  402  0.98224571    H 1505  0.89707836    H 1506  0.86544034
   402  C    3.90303545    O  404  1.54853705    O  403  1.38551406    C  401  0.98224571
   403  O    1.62059105    C  402  1.38551406    O  404  0.10348199    Ca1113  0.10130100
   404  O    1.67265537    C  402  1.54853705    O  403  0.10348199
   405  N    3.21694471    C  399  1.37653693    C  406  0.96981005    H 1507  0.84970276    O  400  0.08523952
   406  C    3.90132477    C  409  1.02568035    C  407  0.98128717    N  405  0.96981005    H 1508  0.89221147
   407  C    3.95864854    O  408  1.60690498    N  410  1.37988674    C  406  0.98128717
   408  O    1.76190792    C  407  1.60690498    N  410  0.09099440
   409  C    3.72171728    C  406  1.02568035    H 1511  0.91131107    H 1509  0.90589302    H 1510  0.89570150
   410  N    3.18381946    C  407  1.37988674    C  411  0.97494316    H 1512  0.84152792    O  408  0.09099440
   411  C    3.91042756    C  414  1.01097524    C  412  0.99112234    N  410  0.97494316    H 1513  0.86994532
   412  C    3.99820629    O  413  1.60541629    N  418  1.40126396    C  411  0.99112234
   413  O    1.76521150    C  412  1.60541629    N  418  0.08674309
   414  C    3.77850522    C  411  1.01097524    C  415  0.98588309    H 1514  0.88247165    H 1515  0.86365790
   415  C    3.93572787    O  417  1.54259802    O  416  1.42725631    C  414  0.98588309
   416  O    1.64745590    C  415  1.42725631    O  417  0.11160605    Ca1113  0.09305268
   417  O    1.71053517    C  415  1.54259802    O  416  0.11160605
   418  N    3.23188460    C  412  1.40126396    C  419  0.99297128    H 1516  0.84815455    O  413  0.08674309
   419  C    3.81070970    C  420  1.00884497    N  418  0.99297128    H 1517  0.89529174    H 1518  0.87025597
   420  C    3.97329852    O  421  1.60107541    N  422  1.38452214    C  419  1.00884497
   421  O    1.75708867    C  420  1.60107541    N  422  0.08617984
   422  N    3.19038572    C  420  1.38452214    C  423  0.96783263    H 1519  0.85513595    O  421  0.08617984
   423  C    3.88508998    C  426  1.01106562    C  424  0.97952735    N  422  0.96783263    H 1520  0.87155568
   424  C    3.98102182    O  425  1.60197028    N  430  1.39368391    C  423  0.97952735
   425  O    1.75459758    C  424  1.60197028    N  430  0.08768048
   426  C    3.76795540    C  427  1.01935246    C  423  1.01106562    H 1521  0.87353287    H 1522  0.85748746
   427  C    3.96443392    O  428  1.48408992    N  429  1.43049271    C  426  1.01935246
   428  O    1.70823600    C  427  1.48408992    Ca1113  0.11921613    N  429  0.08678716
   429  N    3.15847557    C  427  1.43049271    H 1523  0.87087180    H 1524  0.80532093    O  428  0.08678716
   430  N    3.22004786    C  424  1.39368391    C  431  0.98972902    H 1525  0.86036391    O  425  0.08768048
   431  C    3.80804487    C  432  0.99476246    N  430  0.98972902    H 1526  0.89007554    H 1527  0.88128843
   432  C    3.94995432    O  433  1.60211560    N  434  1.37202726    C  431  0.99476246
   433  O    1.74671389    C  432  1.60211560    N  434  0.08444169
   434  N    3.19212928    C  432  1.37202726    C  435  0.96431924    H 1528  0.87176328    O  433  0.08444169
   435  C    3.84522556    C  436  0.97758301    C  438  0.96901852    N  434  0.96431924    H 1529  0.87561958
   436  C    3.89701616    O  437  1.47608392    N  441  1.41265226    C  435  0.97758301
   437  O    1.69213987    C  436  1.47608392    Ca1113  0.09604885    N  441  0.07461063
   438  C    3.80069586    C  440  1.02400570    C  435  0.96901852    O  439  0.92470779    H 1530  0.89256082
   439  O    1.66744683    C  438  0.92470779    H 1531  0.73598421
   440  C    3.73218469    C  438  1.02400570    H 1534  0.91974425    H 1532  0.90911561    H 1533  0.90371624
   441  N    3.19628637    C  436  1.41265226    C  442  0.94901206    H 1535  0.84022779    O  437  0.07461063
   442  C    3.86434113    C  443  0.97574460    C  445  0.96255895    N  441  0.94901206    H 1536  0.92456162
   443  C    3.93151586    O  444  1.59317542    N  449  1.38088200    C  442  0.97574460
   444  O    1.67988243    C  443  1.59317542    N  449  0.08400523
   445  C    3.86110734    C  447  1.02237832    C  446  1.00429865    C  442  0.96255895    H 1537  0.90273463
   446  C    3.81726966    C  448  1.04637452    C  445  1.00429865    H 1538  0.90441576    H 1539  0.90236105
   447  C    3.71232654    C  445  1.02237832    H 1542  0.91621960    H 1541  0.91210915    H 1540  0.90636604
   448  C    3.72745722    C  446  1.04637452    H 1545  0.92616310    H 1543  0.91825322    H 1544  0.91717912
   449  N    3.19351964    C  443  1.38088200    C  450  0.95593654    H 1546  0.85977045    O  444  0.08400523
   450  C    3.86330806    C  453  1.00899706    C  451  0.97364553    N  449  0.95593654    H 1547  0.89062961
   451  C    3.92332882    O  452  1.58252598    N  457  1.36452352    C  450  0.97364553
   452  O    1.67985819    C  451  1.58252598    N  457  0.07802871
   453  C    3.78621060    C  450  1.00899706    C  454  0.98961659    H 1548  0.89804549    H 1549  0.87436035
   454  C    3.93162712    O  456  1.50848045    O  455  1.47412207    C  453  0.98961659
   455  O    1.58552960    C  454  1.47412207    O  456  0.10814441
   456  O    1.65705269    C  454  1.50848045    O  455  0.10814441
   457  N    3.20496370    C  451  1.36452352    C  458  0.96259023    H 1550  0.84309069    O  452  0.07802871
   458  C    3.87634438    C  461  1.00477511    C  459  0.97797183    N  457  0.96259023    H 1551  0.89313438
   459  C    3.91750665    O  460  1.55870956    N  468  1.33126689    C  458  0.97797183
   460  O    1.70115618    C  459  1.55870956    N  468  0.06636236
   461  C    3.83077457    C  462  1.00871568    C  458  1.00477511    H 1552  0.91744552    H 1553  0.87630999
   462  C    3.88701410    C  463  1.38190429    C  464  1.38117080    C  461  1.00871568    C  467  0.05382570
   463  C    3.81118364    C  465  1.40506607    C  462  1.38190429    H 1554  0.90592123    C  466  0.05915130
   464  C    3.84411731    C  466  1.41471259    C  462  1.38117080    H 1555  0.90306667    C  465  0.05837877
   465  C    3.80819542    C  467  1.41368017    C  463  1.40506607    H 1556  0.90422793    C  464  0.05837877
   466  C    3.83749951    C  467  1.41875395    C  464  1.41471259    H 1557  0.90613882    C  463  0.05915130
   467  C    3.82143669    C  466  1.41875395    C  465  1.41368017    H 1558  0.90504192    C  462  0.05382570
   468  N    3.24174644    C  459  1.33126689    C  474  0.95488913    C  469  0.95005118    O  460  0.06636236
   469  C    3.86928382    C  472  1.00376190    C  470  0.97771483    N  468  0.95005118    H 1559  0.87663136
   470  C    3.90257546    O  471  1.56689016    N  475  1.31086729    C  469  0.97771483
   471  O    1.68733452    C  470  1.56689016
   472  C    3.79805078    C  473  1.02567752    C  469  1.00376190    H 1561  0.89019580    H 1560  0.87644619
   473  C    3.80123483    C  474  1.03187791    C  472  1.02567752    H 1562  0.89201031    H 1563  0.87639951
   474  C    3.79352994    C  473  1.03187791    N  468  0.95488913    H 1564  0.89925258    H 1565  0.89725054
   475  N    3.23600316    C  470  1.31086729    C  476  0.95844610    H 1566  0.85397447    O  478  0.05297143
   476  C    3.84553143    C  479  1.00484733    N  475  0.95844610    C  477  0.93966170    H 1567  0.88311044
   477  C    3.85983084    O  478  1.60885329    N  484  1.26571741    C  476  0.93966170
   478  O    1.92688645    C  477  1.60885329    N  475  0.05297143
   479  C    3.81226974    C  480  1.03865476    C  476  1.00484733    H 1569  0.90203764    H 1568  0.88811074
   480  C    3.80165549    C  479  1.03865476    C  481  0.98826877    H 1571  0.89200069    H 1570  0.87866133
   481  C    3.91110068    O  483  1.45354407    O  482  1.43479161    C  480  0.98826877    Ca1113  0.05609399
   482  O    1.66483576    C  481  1.43479161    Ca1113  0.12876231    O  483  0.11522485
   483  O    1.67452351    C  481  1.45354407    O  482  0.11522485    Ca1113  0.10242281
   484  N    3.33296138    C  477  1.26571741    C  485  0.95890526    H 1572  0.84605684    O  487  0.07270949
   485  C    3.81417414    C  488  1.00625504    N  484  0.95890526    C  486  0.91655743    H 1573  0.87240168
   486  C    3.86139148    O  487  1.57924863    N  495  1.30057880    C  485  0.91655743
   487  O    1.89304850    C  486  1.57924863    N  484  0.07270949    N  495  0.05589767
   488  C    3.81926695    C  489  1.01669859    C  485  1.00625504    H 1574  0.91161753    H 1575  0.88853555
   489  C    3.87340797    C  490  1.38203253    C  491  1.38097781    C  488  1.01669859    C  494  0.05362236
   490  C    3.81499084    C  492  1.40223014    C  489  1.38203253    H 1576  0.90146425    C  493  0.05761138
   491  C    3.81846274    C  493  1.42074820    C  489  1.38097781    H 1577  0.90983242    C  492  0.05746799
   492  C    3.82516769    C  494  1.41024421    C  490  1.40223014    H 1578  0.90294922    C  491  0.05746799
   493  C    3.82081807    C  491  1.42074820    C  494  1.41051023    H 1579  0.91226091    C  490  0.05761138
   494  C    3.83051316    C  493  1.41051023    C  492  1.41024421    H 1580  0.90801283    C  489  0.05362236
   495  N    3.29904178    C  486  1.30057880    C  496  0.94856311    H 1581  0.85335605    O  487  0.05589767
   496  C    3.83750688    C  499  1.01635086    C  497  0.95005827    N  495  0.94856311    H 1582  0.87632999
   497  C    3.91674540    O  498  1.57645066    N  503  1.35704875    C  496  0.95005827
   498  O    1.79034135    C  497  1.57645066    N  503  0.07306190
   499  C    3.80838879    C  496  1.01635086    C  500  1.00686765    H 1583  0.90273271    H 1584  0.89044663
   500  C    3.91139722    C  501  1.02929301    C  502  1.02044316    C  499  1.00686765    H 1585  0.88665415
   501  C    3.71100537    C  500  1.02929301    H 1586  0.91090824    H 1587  0.90766182    H 1588  0.90510874
   502  C    3.73554414    C  500  1.02044316    H 1590  0.90489073    H 1591  0.90223510    H 1589  0.90175338
   503  N    3.23701231    C  497  1.35704875    C  504  0.96631979    H 1592  0.85050643    O  498  0.07306190
   504  C    3.86541884    C  507  0.97425897    C  505  0.97356040    N  503  0.96631979    H 1593  0.87576447
   505  C    3.93345613    O  506  1.60701899    N  510  1.33669464    C  504  0.97356040
   506  O    1.76237992    C  505  1.60701899    N  510  0.05554486
   507  C    3.81340466    C  509  1.02131469    C  504  0.97425897    O  508  0.92928572    H 1594  0.89611203
   508  O    1.66093024    C  507  0.92928572    H 1595  0.71884480
   509  C    3.72390216    C  507  1.02131469    H 1598  0.90763516    H 1596  0.90109131    H 1597  0.89946197
   510  N    3.22129991    C  505  1.33669464    C  511  0.96217084    H 1599  0.85025788    O  506  0.05554486
   511  C    3.85217383    C  514  1.01210592    N  510  0.96217084    C  512  0.95208237    H 1600  0.89191495
   512  C    3.91404919    O  513  1.58471242    N  518  1.35030054    C  511  0.95208237
   513  O    1.75188693    C  512  1.58471242    N  518  0.06468595
   514  C    3.80044734    C  511  1.01210592    C  515  0.99870881    H 1601  0.91261984    H 1602  0.89491315
   515  C    3.86590003    S  516  1.08807199    C  514  0.99870881    H 1603  0.88701670    H 1604  0.88055642
   516  S    2.16015083    C  517  1.10504734    C  515  1.08807199
   517  C    3.79456543    S  516  1.10504734    H 1605  0.89756245    H 1606  0.89667260    H 1607  0.88875355
   518  N    3.16237500    C  512  1.35030054    C  519  0.96228763    H 1608  0.85410451    O  513  0.06468595
   519  C    3.87135380    C  522  1.01202660    C  520  0.96513804    N  518  0.96228763    H 1609  0.89807454
   520  C    3.91700227    O  521  1.58647215    N  526  1.36099326    C  519  0.96513804
   521  O    1.72208897    C  520  1.58647215    N  526  0.07140108
   522  C    3.79459538    C  519  1.01202660    C  523  0.99384634    H 1610  0.89974811    H 1611  0.89613526
   523  C    3.85869693    S  524  1.09842743    C  522  0.99384634    H 1613  0.88558918    H 1612  0.87672376
   524  S    2.18841917    C  525  1.12082185    C  523  1.09842743
   525  C    3.81240517    S  524  1.12082185    H 1616  0.88892849    H 1614  0.88838093    H 1615  0.88635898
   526  N    3.17343611    C  520  1.36099326    C  527  0.95803444    H 1617  0.85865666    O  521  0.07140108
   527  C    3.87166038    C  530  1.03338781    C  528  0.97409280    N  526  0.95803444    H 1618  0.88467492
   528  C    3.94139976    O  529  1.59376329    N  531  1.37512224    C  527  0.97409280
   529  O    1.71575176    C  528  1.59376329    N  531  0.08253881
   530  C    3.72248873    C  527  1.03338781    H 1621  0.91216487    H 1619  0.90224581    H 1620  0.89521738
   531  N    3.17395180    C  528  1.37512224    C  532  0.95910832    H 1622  0.84174707    O  529  0.08253881
   532  C    3.87752659    C  535  1.01494912    C  533  0.97802618    N  531  0.95910832    H 1623  0.88332071
   533  C    3.96911409    O  534  1.60924451    N  542  1.38803681    C  532  0.97802618
   534  O    1.73288477    C  533  1.60924451    N  542  0.08367816
   535  C    3.81836392    C  536  1.03352877    C  532  1.01494912    H 1624  0.91282844    H 1625  0.90501173
   536  C    3.80798891    C  535  1.03352877    C  537  1.02424862    H 1626  0.89420319    H 1627  0.88318422
   537  C    3.82355170    C  536  1.02424862    N  538  0.98913660    H 1629  0.90751168    H 1628  0.88971622
   538  N    3.15732716    C  539  1.34793130    C  537  0.98913660    H 1630  0.84287290
   539  C    4.12062577    N  540  1.40580845    N  541  1.37145820    N  538  1.34793130
   540  N    3.01812233    C  539  1.40580845    H 1632  0.84777288    H 1631  0.83603772
   541  N    3.06573296    C  539  1.37145820    H 1634  0.84134052    H 1633  0.83016591
   542  N    3.18010967    C  533  1.38803681    C  543  0.96086055    H 1635  0.85491968    O  534  0.08367816
   543  C    3.87389086    C  546  1.00563298    C  544  0.97653653    N  542  0.96086055    H 1636  0.88287103
   544  C    3.94467267    O  545  1.56843778    N  551  1.39469286    C  543  0.97653653
   545  O    1.67125670    C  544  1.56843778    N  551  0.08118593
   546  C    3.80767621    C  547  1.03523470    C  543  1.00563298    H 1637  0.90330111    H 1638  0.88770925
   547  C    3.82658266    C  546  1.03523470    C  548  1.02331721    H 1640  0.90995236    H 1639  0.89064890
   548  C    3.81553091    C  549  1.04201442    C  547  1.02331721    H 1641  0.89966030    H 1642  0.88450628
   549  C    3.74300211    C  548  1.04201442    N  550  0.93764381    H 1644  0.90367974    H 1643  0.89544129
   550  N    3.35097031    C  549  0.93764381    H 1646  0.82366328    H 1647  0.81763252    H 1645  0.81152482
   551  N    3.18814005    C  544  1.39469286    C  552  0.96216920    H 1648  0.84992191    O  545  0.08118593
   552  C    3.88074593    C  555  1.01275875    C  553  0.98402602    N  551  0.96216920    H 1649  0.89065395
   553  C    3.95390472    O  554  1.58654687    N  559  1.38823309    C  552  0.98402602
   554  O    1.69320220    C  553  1.58654687    N  559  0.08364623
   555  C    3.82013315    C  552  1.01275875    C  556  1.00690457    H 1650  0.90076774    H 1651  0.89942774
   556  C    3.87871799    S  557  1.10647600    C  555  1.00690457    H 1652  0.87702024    H 1653  0.87540579
   557  S    2.24563021    C  556  1.10647600    C  558  1.10304195
   558  C    3.79287254    S  557  1.10304195    H 1656  0.89767532    H 1655  0.89666697    H 1654  0.88680913
   559  N    3.18123022    C  553  1.38823309    C  560  0.96050710    H 1657  0.84934829    O  554  0.08364623
   560  C    3.88741292    C  563  1.01413404    C  561  0.98199301    N  559  0.96050710    H 1658  0.88565721
   561  C    3.95979672    O  562  1.56857364    N  568  1.39820529    C  560  0.98199301
   562  O    1.65998264    C  561  1.56857364    N  568  0.08305867
   563  C    3.81563823    C  564  1.03216386    C  560  1.01413404    H 1660  0.89396365    H 1659  0.88728101
   564  C    3.82189649    C  563  1.03216386    C  565  1.01539057    H 1662  0.89423124    H 1661  0.89002555
   565  C    3.81405308    C  566  1.04182000    C  564  1.01539057    H 1663  0.89578262    H 1664  0.88870934
   566  C    3.72872690    C  565  1.04182000    N  567  0.92930708    H 1666  0.90335708    H 1665  0.89671772
   567  N    3.36819771    C  566  0.92930708    H 1668  0.81760349    H 1667  0.81447464    H 1669  0.81060804
   568  N    3.18657283    C  561  1.39820529    C  569  0.96520052    H 1670  0.84744680    O  562  0.08305867
   569  C    3.89765605    C  572  1.00889880    C  570  0.97590144    N  568  0.96520052    H 1671  0.89053859
   570  C    3.95906861    O  571  1.57847086    N  576  1.39429854    C  569  0.97590144
   571  O    1.68723107    C  570  1.57847086    N  576  0.08202212
   572  C    3.78565858    C  569  1.00889880    C  573  0.96602608    H 1672  0.89223240    H 1673  0.88940459
   573  C    3.97886378    O  574  1.52071946    O  575  1.50639519    C  572  0.96602608
   574  O    1.66783036    C  573  1.52071946    O  575  0.11866269
   575  O    1.67239958    C  573  1.50639519    O  574  0.11866269
   576  N    3.19500719    C  570  1.39429854    C  577  0.96319106    H 1674  0.85596786    O  571  0.08202212
   577  C    3.86091001    C  578  0.98090187    C  580  0.96498350    N  576  0.96319106    H 1675  0.88543162
   578  C    3.97499361    O  579  1.61102656    N  583  1.38973985    C  577  0.98090187
   579  O    1.73827841    C  578  1.61102656    N  583  0.08747359
   580  C    3.81991959    C  582  1.02689224    C  577  0.96498350    O  581  0.93452184    H 1676  0.90473978
   581  O    1.66173396    C  580  0.93452184    H 1677  0.70976543
   582  C    3.72926160    C  580  1.02689224    H 1680  0.90758587    H 1678  0.89953487    H 1679  0.89329194
   583  N    3.18076894    C  578  1.38973985    C  584  0.96278150    H 1681  0.85856937    O  579  0.08747359
   584  C    3.89201483    C  587  1.01543475    C  585  0.97667257    N  583  0.96278150    H 1682  0.89098929
   585  C    3.96341312    O  586  1.60111485    N  591  1.38777678    C  584  0.97667257
   586  O    1.71036579    C  585  1.60111485    N  591  0.08485575
   587  C    3.78664087    C  584  1.01543475    C  588  0.96462138    H 1684  0.90170968    H 1683  0.87286181
   588  C    3.97052549    O  590  1.51521430    O  589  1.51211647    C  587  0.96462138
   589  O    1.66764208    C  588  1.51211647    O  590  0.12119939
   590  O    1.68085437    C  588  1.51521430    O  589  0.12119939
   591  N    3.18398796    C  585  1.38777678    C  592  0.96019716    H 1685  0.86001756    O  586  0.08485575
   592  C    3.87893802    C  595  0.99880061    C  593  0.98467419    N  591  0.96019716    H 1686  0.88612409
   593  C    3.97959736    O  594  1.59457351    N  597  1.39371646    C  592  0.98467419
   594  O    1.69983859    C  593  1.59457351    N  597  0.08521911
   595  C    3.74768400    C  592  0.99880061    O  596  0.96331183    H 1688  0.90526266    H 1687  0.88936866
   596  O    1.70712677    C  595  0.96331183    H 1689  0.73320536
   597  N    3.19549657    C  593  1.39371646    C  598  0.96657934    H 1690  0.85855149    O  594  0.08521911
   598  C    3.87974289    C  601  1.01540037    C  599  0.97746985    N  597  0.96657934    H 1691  0.88836551
   599  C    3.95872776    O  600  1.60610150    N  606  1.38146082    C  598  0.97746985
   600  O    1.71460895    C  599  1.60610150    N  606  0.08465433
   601  C    3.82894417    C  602  1.03324908    C  598  1.01540037    H 1693  0.89929205    H 1692  0.89888761
   602  C    3.80253867    C  601  1.03324908    C  603  0.96934210    H 1694  0.90812841    H 1695  0.87669491
   603  C    3.94535961    O  604  1.51459801    O  605  1.47101150    C  602  0.96934210
   604  O    1.67361784    C  603  1.51459801    O  605  0.11158892
   605  O    1.58516608    C  603  1.47101150    O  604  0.11158892
   606  N    3.18601118    C  599  1.38146082    C  607  0.96585364    H 1696  0.85244125    O  600  0.08465433
   607  C    3.89143007    C  610  1.01529512    C  608  0.98173520    N  606  0.96585364    H 1697  0.89280353
   608  C    3.94457148    O  609  1.57804694    N  615  1.38281251    C  607  0.98173520
   609  O    1.68335526    C  608  1.57804694    N  615  0.07224695
   610  C    3.82092847    C  611  1.02842362    C  607  1.01529512    H 1698  0.89496801    H 1699  0.88943369
   611  C    3.80522020    C  610  1.02842362    C  612  0.97230318    H 1700  0.89525104    H 1701  0.87859275
   612  C    3.96188564    O  613  1.50833209    O  614  1.50791482    C  611  0.97230318
   613  O    1.64583019    C  612  1.50833209    O  614  0.11821824
   614  O    1.64462357    C  612  1.50791482    O  613  0.11821824
   615  N    3.18682803    C  608  1.38281251    C  616  0.96851526    H 1702  0.85577928    O  609  0.07224695
   616  C    3.89115668    C  619  1.01308356    C  617  0.97248488    N  615  0.96851526    H 1703  0.89305808
   617  C    3.93620922    O  618  1.59981495    N  624  1.36423582    C  616  0.97248488
   618  O    1.73663305    C  617  1.59981495    N  624  0.06794717
   619  C    3.83090231    C  620  1.03345714    C  616  1.01308356    H 1705  0.89516474    H 1704  0.89153860
   620  C    3.81644156    C  619  1.03345714    C  621  0.97995623    H 1707  0.90501437    H 1706  0.88610092
   621  C    3.98780975    O  623  1.51159019    O  622  1.51062320    C  620  0.97995623
   622  O    1.67086400    C  621  1.51062320    O  623  0.12135507
   623  O    1.67706602    C  621  1.51159019    O  622  0.12135507
   624  N    3.18675615    C  617  1.36423582    C  625  0.96140909    H 1708  0.85423295    O  618  0.06794717
   625  C    3.85644674    C  628  0.97725302    C  626  0.96955052    N  624  0.96140909    H 1709  0.88027045
   626  C    3.91649226    O  627  1.59621697    N  632  1.34628481    C  625  0.96955052
   627  O    1.73995810    C  626  1.59621697    N  632  0.05884443
   628  C    3.88965226    C  630  1.02498623    C  629  1.00744583    C  625  0.97725302    H 1710  0.88840771
   629  C    3.83685791    C  631  1.03893064    C  628  1.00744583    H 1711  0.90416470    H 1712  0.90002522
   630  C    3.71279884    C  628  1.02498623    H 1713  0.90986890    H 1715  0.90944567    H 1714  0.90626612
   631  C    3.73901063    C  629  1.03893064    H 1718  0.91188726    H 1716  0.90497866    H 1717  0.90367339
   632  N    3.18908359    C  626  1.34628481    C  633  0.96367644    H 1719  0.85149684    O  627  0.05884443
   633  C    3.84838831    C  636  1.00717390    N  632  0.96367644    C  634  0.95253501    H 1720  0.87993440
   634  C    3.90269146    O  635  1.60100068    N  643  1.33518953    C  633  0.95253501
   635  O    1.78214026    C  634  1.60100068    N  643  0.05727765
   636  C    3.79806151    C  637  1.02069247    C  633  1.00717390    H 1722  0.89831191    H 1721  0.88926461
   637  C    3.80068299    C  638  1.03941487    C  636  1.02069247    H 1723  0.90680160    H 1724  0.90472918
   638  C    3.82245703    C  637  1.03941487    N  639  0.98442150    H 1725  0.90598336    H 1726  0.90390752
   639  N    3.15020308    C  640  1.36040413    C  638  0.98442150    H 1727  0.85630952
   640  C    4.11067185    N  641  1.37880929    N  642  1.36933945    N  639  1.36040413
   641  N    3.07117206    C  640  1.37880929    H 1728  0.84182896    H 1729  0.83944646
   642  N    3.05808644    C  640  1.36933945    H 1730  0.84264587    H 1731  0.83236950
   643  N    3.20615408    C  634  1.33518953    C  644  0.95629196    H 1732  0.85326479    O  635  0.05727765
   644  C    3.86830459    C  647  1.01516393    C  645  0.95770081    N  643  0.95629196    H 1733  0.88663219
   645  C    3.91452409    O  646  1.60366944    N  652  1.32218120    C  644  0.95770081
   646  O    1.79907948    C  645  1.60366944    N  652  0.05065400
   647  C    3.82741423    C  648  1.03350465    C  644  1.01516393    H 1735  0.89941971    H 1734  0.88893064
   648  C    3.80662060    C  647  1.03350465    C  649  0.97533027    H 1737  0.91613434    H 1736  0.89022375
   649  C    3.97752828    O  650  1.51275569    O  651  1.51046459    C  648  0.97533027
   650  O    1.66418758    C  649  1.51275569    O  651  0.12031219
   651  O    1.67742609    C  649  1.51046459    O  650  0.12031219
   652  N    3.26968268    C  645  1.32218120    C  653  0.95106303    H 1738  0.84999997    O  646  0.05065400
   653  C    3.84731469    C  656  1.02121662    C  654  0.95309973    N  652  0.95106303    H 1739  0.88072605
   654  C    3.89971372    O  655  1.60192536    N  657  1.30122280    C  653  0.95309973
   655  O    1.86058537    C  654  1.60192536
   656  C    3.71354645    C  653  1.02121662    H 1742  0.91029314    H 1741  0.90615822    H 1740  0.89880040
   657  N    3.31230087    C  654  1.30122280    C  658  0.95149051    H 1743  0.84512629
   658  C    3.82662554    C  661  0.99573675    N  657  0.95149051    C  659  0.94686590    H 1744  0.87190953
   659  C    3.90297598    O  660  1.58148996    N  668  1.32418766    C  658  0.94686590
   660  O    1.83638006    C  659  1.58148996    N  668  0.05578061
   661  C    3.81775744    C  662  1.01284691    C  658  0.99573675    H 1745  0.90561939    H 1746  0.88799658
   662  C    3.87841455    C  663  1.38155785    C  664  1.38126590    C  661  1.01284691    C  667  0.05331752
   663  C    3.81533859    C  665  1.41882600    C  662  1.38155785    H 1747  0.91633340    C  666  0.05890914
   664  C    3.83845247    C  666  1.41527607    C  662  1.38126590    H 1748  0.90705615    C  665  0.05566200
   665  C    3.82139796    C  667  1.42117779    C  663  1.41882600    H 1749  0.90860587    C  664  0.05566200
   666  C    3.83340128    C  664  1.41527607    C  667  1.39932029    H 1750  0.91096567    C  663  0.05890914
   667  C    3.83025214    C  665  1.42117779    C  666  1.39932029    H 1751  0.91320082    C  662  0.05331752
   668  N    3.27364543    C  659  1.32418766    C  669  0.96187648    H 1752  0.84857107    O  660  0.05578061
   669  C    3.86128682    C  672  1.01204065    N  668  0.96187648    C  670  0.94784452    H 1753  0.87940862
   670  C    3.92748137    O  671  1.62243176    N  679  1.32409911    C  669  0.94784452
   671  O    1.90418266    C  670  1.62243176    N  679  0.05668824
   672  C    3.81256412    C  673  1.02722672    C  669  1.01204065    H 1755  0.90136511    H 1754  0.89530369
   673  C    3.81223781    C  674  1.03786547    C  672  1.02722672    H 1756  0.89232895    H 1757  0.88573220
   674  C    3.84675700    C  673  1.03786547    N  675  0.99906979    H 1758  0.91563733    H 1759  0.90025136
   675  N    3.15666368    C  676  1.34978505    C  674  0.99906979    H 1760  0.84124969
   676  C    4.12543255    N  677  1.39092050    N  678  1.38910222    N  675  1.34978505
   677  N    3.05340110    C  676  1.39092050    H 1762  0.84672430    H 1761  0.83096157
   678  N    3.05404195    C  676  1.38910222    H 1764  0.85314420    H 1763  0.84467880
   679  N    3.25442166    C  670  1.32409911    C  680  0.96198932    H 1765  0.84944210    O  671  0.05668824
   680  C    3.85049459    C  683  0.97662314    N  679  0.96198932    C  681  0.94249036    H 1766  0.88288980
   681  C    3.87808486    O  682  1.60710704    N  686  1.30395612    C  680  0.94249036
   682  O    1.85085438    C  681  1.60710704
   683  C    3.87964864    C  685  1.01567506    C  684  1.01460677    C  680  0.97662314    H 1767  0.89001148
   684  C    3.72680630    C  683  1.01460677    H 1770  0.91016435    H 1769  0.90276751    H 1768  0.89962523
   685  C    3.74119679    C  683  1.01567506    H 1772  0.91376468    H 1773  0.90836336    H 1771  0.90154659
   686  N    3.21699352    C  681  1.30395612    C  687  0.95350417    H 1774  0.84289622
   687  C    3.82458803    C  690  1.00105900    N  686  0.95350417    C  688  0.93294415    H 1775  0.89469137
   688  C    3.87251809    O  689  1.57680293    N  697  1.33954566    C  687  0.93294415
   689  O    1.84207907    C  688  1.57680293    N  697  0.06907680
   690  C    3.81721170    C  691  1.01525687    C  687  1.00105900    H 1777  0.90444587    H 1776  0.88487225
   691  C    3.87980179    C  693  1.37775170    C  692  1.37654594    C  690  1.01525687    C  696  0.05532203
   692  C    3.82245427    C  694  1.42165378    C  691  1.37654594    H 1778  0.90347247    C  695  0.05726078
   693  C    3.83111425    C  695  1.41829670    C  691  1.37775170    H 1779  0.90597786    C  694  0.05601243
   694  C    3.84597126    C  692  1.42165378    C  696  1.40698736    H 1780  0.91223091    C  693  0.05601243
   695  C    3.84443651    C  693  1.41829670    C  696  1.40257247    H 1781  0.90054480    C  692  0.05726078
   696  C    3.84601856    C  694  1.40698736    C  695  1.40257247    H 1782  0.90435806    C  691  0.05532203
   697  N    3.20497645    C  688  1.33954566    C  698  0.95116256    H 1783  0.85996707    O  689  0.06907680
   698  C    3.84834631    C  701  1.01616964    N  697  0.95116256    C  699  0.94950967    H 1784  0.89312543
   699  C    3.90321331    O  700  1.53994092    N  705  1.39313356    C  698  0.94950967
   700  O    1.71682502    C  699  1.53994092    N  705  0.07925411
   701  C    3.75200139    C  698  1.01616964    C  702  0.97522751    H 1785  0.89183619    H 1786  0.87089300
   702  C    3.87006611    O  703  1.51957905    O  704  1.39299835    C  701  0.97522751
   703  O    1.67750247    C  702  1.51957905    O  704  0.10089841
   704  O    1.60490284    C  702  1.39299835    O  703  0.10089841    Ca1114  0.08024893
   705  N    3.20141437    C  699  1.39313356    C  706  0.94926751    H 1787  0.84386833    O  700  0.07925411
   706  C    3.86965997    C  709  1.01495649    C  707  0.98625691    N  705  0.94926751    H 1788  0.88723375
   707  C    3.97239526    O  708  1.61697791    N  714  1.38043144    C  706  0.98625691
   708  O    1.76615077    C  707  1.61697791    N  714  0.08832169
   709  C    3.79285567    C  710  1.02913733    C  706  1.01495649    H 1789  0.91438107    H 1790  0.88582275
   710  C    3.82811962    C  711  1.03111535    C  709  1.02913733    H 1791  0.89965311    H 1792  0.88360941
   711  C    3.81271497    C  712  1.04374464    C  710  1.03111535    H 1794  0.89970397    H 1793  0.88792469
   712  C    3.73247219    C  711  1.04374464    N  713  0.92860387    H 1795  0.90634442    H 1796  0.90132203
   713  N    3.37049956    C  712  0.92860387    H 1799  0.81925886    H 1798  0.81830767    H 1797  0.81318041
   714  N    3.15781201    C  707  1.38043144    C  715  0.97367922    H 1800  0.84826647    O  708  0.08832169
   715  C    3.88968156    C  718  1.00552274    C  716  0.97900030    N  714  0.97367922    H 1801  0.86788187
   716  C    3.99203414    O  717  1.59909868    N  722  1.40133926    C  715  0.97900030
   717  O    1.75984622    C  716  1.59909868    N  722  0.08610906
   718  C    3.77068183    C  715  1.00552274    C  719  0.99360270    H 1802  0.89555505    H 1803  0.86120452
   719  C    3.93149619    O  721  1.49435573    O  720  1.41518262    C  718  0.99360270
   720  O    1.64428899    C  719  1.41518262    O  721  0.11373497    Ca1114  0.10682699
   721  O    1.71013962    C  719  1.49435573    O  720  0.11373497    Ca1114  0.06181079
   722  N    3.21483600    C  716  1.40133926    C  723  0.99124508    H 1804  0.85496165    O  717  0.08610906
   723  C    3.81045335    C  724  1.01135565    N  722  0.99124508    H 1805  0.89270693    H 1806  0.87062610
   724  C    3.96551933    O  725  1.59325208    N  726  1.37924785    C  723  1.01135565
   725  O    1.74914289    C  724  1.59325208    N  726  0.08392450
   726  N    3.20715616    C  724  1.37924785    C  727  0.98674424    H 1807  0.86807343    O  725  0.08392450
   727  C    3.89456125    C  730  1.00739314    N  726  0.98674424    C  728  0.97152143    H 1808  0.87590297
   728  C    3.96986115    O  729  1.60550291    N  734  1.39181332    C  727  0.97152143
   729  O    1.76072788    C  728  1.60550291    N  734  0.08788457
   730  C    3.76852585    C  731  1.02000005    C  727  1.00739314    H 1810  0.87027894    H 1809  0.86487514
   731  C    3.95700997    O  732  1.47805839    N  733  1.43582764    C  730  1.02000005
   732  O    1.70198687    C  731  1.47805839    Ca1114  0.11710698    N  733  0.08376666
   733  N    3.14512312    C  731  1.43582764    H 1811  0.83343154    H 1812  0.81562428    O  732  0.08376666
   734  N    3.20182642    C  728  1.39181332    C  735  0.98721203    H 1813  0.85562801    O  729  0.08788457
   735  C    3.80518794    C  736  0.99412801    N  734  0.98721203    H 1814  0.89566506    H 1815  0.88065271
   736  C    3.94642182    O  737  1.60278141    N  738  1.37042617    C  735  0.99412801
   737  O    1.74654948    C  736  1.60278141    N  738  0.08516501
   738  N    3.21321557    C  736  1.37042617    C  739  0.95592850    H 1816  0.87829067    O  737  0.08516501
   739  C    3.85895955    C  742  1.00204342    C  740  0.97248770    N  738  0.95592850    H 1817  0.90252523
   740  C    3.89229573    O  741  1.46862584    N  749  1.42474733    C  739  0.97248770
   741  O    1.69378504    C  740  1.46862584    Ca1114  0.10089586    N  749  0.07070063
   742  C    3.84780805    C  743  1.02382600    C  739  1.00204342    H 1819  0.91407189    H 1818  0.89431933
   743  C    3.89222671    C  745  1.38393132    C  744  1.36976797    C  742  1.02382600    C  748  0.05470261
   744  C    3.82406142    C  746  1.42151155    C  743  1.36976797    H 1820  0.89955018    C  747  0.05929657
   745  C    3.84553228    C  747  1.41151143    C  743  1.38393132    H 1821  0.90436886    C  746  0.05609021
   746  C    3.83196757    C  744  1.42151155    C  748  1.40495079    H 1822  0.91457577    C  745  0.05609021
   747  C    3.85594007    C  745  1.41151143    C  748  1.40256363    H 1823  0.90424920    C  744  0.05929657
   748  C    3.85589202    C  746  1.40495079    C  747  1.40256363    H 1824  0.90469405    C  743  0.05470261
   749  N    3.19856011    C  740  1.42474733    C  750  0.94333333    H 1825  0.83099992    O  741  0.07070063
   750  C    3.86328296    C  753  0.97699005    C  751  0.96650088    N  749  0.94333333    H 1826  0.91533596
   751  C    3.90523890    O  752  1.55953975    N  757  1.38348158    C  750  0.96650088
   752  O    1.64989955    C  751  1.55953975    N  757  0.07906979
   753  C    3.87804865    C  755  1.02691489    C  754  0.99987548    C  750  0.97699005    H 1827  0.90169623
   754  C    3.81864305    C  756  1.04964205    C  753  0.99987548    H 1828  0.90725858    H 1829  0.90211279
   755  C    3.71797805    C  753  1.02691489    H 1831  0.90911076    H 1830  0.90741475    H 1832  0.90671749
   756  C    3.72931062    C  754  1.04964205    H 1835  0.92493199    H 1834  0.91437222    H 1833  0.90770340
   757  N    3.20650033    C  751  1.38348158    C  758  0.95554550    H 1836  0.85324731    O  752  0.07906979
   758  C    3.85118744    C  761  0.99455222    C  759  0.97584543    N  757  0.95554550    H 1837  0.89134576
   759  C    3.92005824    O  760  1.58507202    N  763  1.35923719    C  758  0.97584543
   760  O    1.68274981    C  759  1.58507202    N  763  0.07608044
   761  C    3.74508686    C  758  0.99455222    O  762  0.96996375    H 1838  0.90312193    H 1839  0.89289950
   762  O    1.69247135    C  761  0.96996375    H 1840  0.74278109
   763  N    3.18495537    C  759  1.35923719    C  764  0.95258247    H 1841  0.84273938    O  760  0.07608044
   764  C    3.85388626    C  767  1.02494931    C  765  0.96664579    N  763  0.95258247    H 1842  0.88962884
   765  C    3.92472396    O  766  1.58645528    N  768  1.36133589    C  764  0.96664579
   766  O    1.70340817    C  765  1.58645528    N  768  0.07250313
   767  C    3.71305414    C  764  1.02494931    H 1845  0.92358407    H 1843  0.91031787    H 1844  0.90324224
   768  N    3.19178466    C  765  1.36133589    C  769  0.95389770    H 1846  0.84838081    O  766  0.07250313
   769  C    3.86946294    C  772  1.02323883    C  770  0.97126205    N  768  0.95389770    H 1847  0.88571765
   770  C    3.92055789    O  771  1.57859403    N  773  1.35676067    C  769  0.97126205
   771  O    1.71006582    C  770  1.57859403    N  773  0.06425730
   772  C    3.72773615    C  769  1.02323883    H 1850  0.91002552    H 1849  0.90392323    H 1848  0.90098215
   773  N    3.18974392    C  770  1.35676067    C  774  0.95798159    H 1851  0.84532250    O  771  0.06425730
   774  C    3.86842111    C  777  1.01609365    C  775  0.97060659    N  773  0.95798159    H 1852  0.88508036
   775  C    3.88863198    O  776  1.56340895    N  782  1.32904406    C  774  0.97060659
   776  O    1.68659232    C  775  1.56340895
   777  C    3.81502128    C  778  1.05185535    C  774  1.01609365    H 1854  0.89816433    H 1853  0.88347755
   778  C    3.79431934    C  777  1.05185535    C  779  0.99851325    H 1856  0.90079634    H 1855  0.87251602
   779  C    3.89650778    O  781  1.42819069    O  780  1.40284750    C  778  0.99851325    Ca1114  0.07046848
   780  O    1.64589135    C  779  1.40284750    Ca1114  0.12611272    O  781  0.11130297
   781  O    1.70934757    C  779  1.42819069    Ca1114  0.15611602    O  780  0.11130297
   782  N    3.18100740    C  775  1.32904406    C  783  0.95687149    H 1857  0.85322134
   783  C    3.83376641    C  786  1.01389784    N  782  0.95687149    C  784  0.95604766    H 1858  0.87638769
   784  C    3.86580016    O  785  1.59154776    N  790  1.30883728    C  783  0.95604766
   785  O    1.72531397    C  784  1.59154776
   786  C    3.79735327    C  783  1.01389784    C  787  1.00272503    H 1859  0.89984241    H 1860  0.89195430
   787  C    3.90006209    C  789  1.02492086    C  788  1.02300546    C  786  1.00272503    H 1861  0.88906371
   788  C    3.72324253    C  787  1.02300546    H 1863  0.91272539    H 1864  0.90802355    H 1862  0.90587257
   789  C    3.70971973    C  787  1.02492086    H 1865  0.92596838    H 1866  0.91050968    H 1867  0.90459674
   790  N    3.15712451    C  784  1.30883728    C  791  0.94404676    H 1868  0.85476447
   791  C    3.81054269    C  794  1.01222076    C  792  0.94582894    N  790  0.94404676    H 1869  0.88379236
   792  C    3.90467581    O  793  1.59423549    N  801  1.35567212    C  791  0.94582894
   793  O    1.75380363    C  792  1.59423549    N  801  0.07406170
   794  C    3.79597449    C  795  1.02142164    C  791  1.01222076    H 1870  0.92032444    H 1871  0.89508263
   795  C    3.78434575    C  796  1.03720272    C  794  1.02142164    H 1872  0.89055772    H 1873  0.88547717
   796  C    3.82378317    C  795  1.03720272    N  797  0.98848997    H 1875  0.90628970    H 1874  0.90235403
   797  N    3.14518204    C  798  1.35663944    C  796  0.98848997    H 1876  0.85793579
   798  C    4.11193311    N  799  1.38053943    N  800  1.37640666    N  797  1.35663944
   799  N    3.04305571    C  798  1.38053943    H 1877  0.84103308    H 1878  0.83365032
   800  N    3.06549720    C  798  1.37640666    H 1879  0.83758443    H 1880  0.83178822
   801  N    3.17937313    C  792  1.35567212    C  802  0.95380020    H 1881  0.85851813    O  793  0.07406170
   802  C    3.85800819    C  805  0.99257679    C  803  0.97867116    N  801  0.95380020    H 1882  0.89187483
   803  C    3.93948722    O  804  1.56821570    N  811  1.38566280    C  802  0.97867116
   804  O    1.70117402    C  803  1.56821570    N  811  0.08257027
   805  C    3.83917584    C  806  1.06704000    C  802  0.99257679    H 1883  0.88602154    H 1884  0.87979656
   806  C    3.87529706    C  808  1.58526332    N  807  1.17608710    C  805  1.06704000
   807  N    3.43631846    C  809  1.37665048    C  806  1.17608710    H 1885  0.81364019    N  810  0.05667014
   808  C    3.81771685    C  806  1.58526332    N  810  1.22229285    H 1886  0.89623830    C  809  0.05435837
   809  C    3.85968005    N  810  1.46172663    N  807  1.37665048    H 1887  0.90392364    C  808  0.05435837
   810  N    2.82492189    C  809  1.46172663    C  808  1.22229285    N  807  0.05667014
   811  N    3.17484550    C  803  1.38566280    C  812  0.96246639    H 1888  0.85754026    O  804  0.08257027
   812  C    3.86352098    C  813  0.98365457    C  815  0.96515755    N  811  0.96246639    H 1889  0.89181780
   813  C    3.94693766    O  814  1.57317720    N  818  1.38824885    C  812  0.98365457
   814  O    1.68393331    C  813  1.57317720    N  818  0.08153473
   815  C    3.87195164    C  816  1.02817097    C  817  1.02556869    C  812  0.96515755    H 1890  0.88971750
   816  C    3.72295387    C  815  1.02817097    H 1892  0.91675544    H 1893  0.91147053    H 1891  0.90450545
   817  C    3.72520765    C  815  1.02556869    H 1895  0.91220503    H 1896  0.91172911    H 1894  0.90388199
   818  N    3.17030085    C  813  1.38824885    C  819  0.95468245    H 1897  0.84836960    O  814  0.08153473
   819  C    3.88145813    C  822  1.01557727    C  820  0.97745972    N  818  0.95468245    H 1898  0.90491948
   820  C    3.92952225    O  821  1.55177315    N  826  1.38443862    C  819  0.97745972
   821  O    1.65475319    C  820  1.55177315    N  826  0.08025801
   822  C    3.79968007    C  819  1.01557727    C  823  0.99822998    H 1899  0.90455293    H 1900  0.89800656
   823  C    3.84008995    S  824  1.08212169    C  822  0.99822998    H 1902  0.88758021    H 1901  0.87517842
   824  S    2.23494486    C  825  1.17186505    C  823  1.08212169
   825  C    3.83963919    S  824  1.17186505    H 1905  0.91094988    H 1903  0.88626290    H 1904  0.88355550
   826  N    3.17225420    C  820  1.38443862    C  827  0.96141859    H 1906  0.85008325    O  821  0.08025801
   827  C    3.85500802    C  828  0.98897193    N  826  0.96141859    C  830  0.95246072    H 1907  0.88486866
   828  C    3.96791692    O  829  1.58591538    N  833  1.40587173    C  827  0.98897193
   829  O    1.71106099    C  828  1.58591538    N  833  0.08559891
   830  C    3.78773240    C  832  1.03391917    C  827  0.95246072    O  831  0.92761964    H 1908  0.88250512
   831  O    1.68305156    C  830  0.92761964    H 1909  0.72457686
   832  C    3.73038441    C  830  1.03391917    H 1912  0.92197919    H 1910  0.90679871    H 1911  0.90624140
   833  N    3.16345514    C  828  1.40587173    C  834  0.96715184    H 1913  0.84738377    O  829  0.08559891
   834  C    3.88942752    C  837  1.00587201    C  835  0.97492021    N  833  0.96715184    H 1914  0.87757031
   835  C    3.97108972    O  836  1.60322201    N  841  1.39814645    C  834  0.97492021
   836  O    1.74700517    C  835  1.60322201    N  841  0.08667050
   837  C    3.76927111    C  834  1.00587201    C  838  0.99384521    H 1915  0.89250998    H 1916  0.88595428
   838  C    3.97211462    O  839  1.60202820    N  840  1.38769494    C  837  0.99384521
   839  O    1.74814676    C  838  1.60202820    N  840  0.09473947
   840  N    3.16005653    C  838  1.38769494    H 1918  0.83741394    H 1917  0.83549691    O  839  0.09473947
   841  N    3.17959141    C  835  1.39814645    C  842  0.97354495    H 1919  0.86590514    O  836  0.08667050
   842  C    3.88583678    C  845  1.01454351    N  841  0.97354495    C  843  0.97141256    H 1920  0.88495132
   843  C    3.95586238    O  844  1.60285208    N  849  1.38180701    C  842  0.97141256
   844  O    1.75905637    C  843  1.60285208    N  849  0.08861098
   845  C    3.81251903    C  842  1.01454351    C  846  1.00492102    H 1921  0.88845793    H 1922  0.88727033
   846  C    3.90753420    C  847  1.02071259    C  848  1.01620093    C  845  1.00492102    H 1923  0.89582687
   847  C    3.71818145    C  846  1.02071259    H 1926  0.91244616    H 1924  0.90177197    H 1925  0.89764450
   848  C    3.73351845    C  846  1.01620093    H 1928  0.90891745    H 1929  0.90830396    H 1927  0.89775048
   849  N    3.20926918    C  843  1.38180701    C  850  0.99762729    H 1930  0.86009483    O  844  0.08861098
   850  C    3.81625988    C  851  0.99916692    N  849  0.99762729    H 1931  0.88858162    H 1932  0.87655391
   851  C    3.96465149    O  852  1.58346193    N  853  1.38334131    C  850  0.99916692
   852  O    1.74356027    C  851  1.58346193    N  853  0.08573010
   853  N    3.21353847    C  851  1.38334131    C  854  0.96082524    H 1933  0.85295418    O  852  0.08573010
   854  C    3.89348024    C  857  1.01590088    C  855  0.97848510    N  853  0.96082524    H 1934  0.91599648
   855  C    3.94339690    O  856  1.61036578    N  862  1.37310433    C  854  0.97848510
   856  O    1.72301179    C  855  1.61036578    N  862  0.08850776
   857  C    3.82537835    C  858  1.03671585    C  854  1.01590088    H 1935  0.89367282    H 1936  0.89022785
   858  C    3.79366031    C  857  1.03671585    C  859  0.98175324    H 1937  0.90506347    H 1938  0.89442094
   859  C    3.97680741    O  861  1.51928526    O  860  1.50754660    C  858  0.98175324
   860  O    1.65911617    C  859  1.50754660    O  861  0.12099004
   861  O    1.68047020    C  859  1.51928526    O  860  0.12099004
   862  N    3.22439193    C  855  1.37310433    C  863  0.96705850    H 1939  0.84016926    O  856  0.08850776
   863  C    3.89752310    C  866  1.01351109    C  864  0.97921337    N  862  0.96705850    H 1940  0.90688505
   864  C    3.96552503    O  865  1.60465380    N  871  1.39242662    C  863  0.97921337
   865  O    1.75284250    C  864  1.60465380    N  871  0.09251878
   866  C    3.81122364    C  867  1.03129818    C  863  1.01351109    H 1942  0.90116766    H 1941  0.88446021
   867  C    3.82231447    C  866  1.03129818    C  868  1.02865141    H 1943  0.88883409    H 1944  0.88117337
   868  C    3.83165617    C  869  1.05607267    C  867  1.02865141    H 1946  0.88945568    H 1945  0.88351283
   869  C    3.73945455    C  868  1.05607267    N  870  0.94293125    H 1947  0.90046395    H 1948  0.89594059
   870  N    3.37159585    C  869  0.94293125    H 1951  0.81436764    H 1949  0.81389922    H 1950  0.80844464
   871  N    3.21036339    C  864  1.39242662    C  872  0.95605133    H 1952  0.83453025    O  865  0.09251878
   872  C    3.87717337    C  875  1.01218167    C  873  0.98246535    N  871  0.95605133    H 1953  0.90037892
   873  C    3.95900769    O  874  1.61710728    N  879  1.37194960    C  872  0.98246535
   874  O    1.72931198    C  873  1.61710728    N  879  0.08356238
   875  C    3.80431313    C  872  1.01218167    C  876  1.00961670    H 1955  0.89694150    H 1954  0.88857696
   876  C    3.91401061    C  877  1.03007886    C  878  1.02563740    C  875  1.00961670    H 1956  0.89800236
   877  C    3.70969710    C  876  1.03007886    H 1959  0.92617406    H 1957  0.91032057    H 1958  0.90184520
   878  C    3.73601494    C  876  1.02563740    H 1961  0.90868789    H 1960  0.90422033    H 1962  0.90152599
   879  N    3.18561273    C  873  1.37194960    C  880  0.97530672    H 1963  0.85111184    O  874  0.08356238
   880  C    3.87747295    C  881  0.98412339    N  879  0.97530672    C  883  0.97281894    H 1964  0.88115717
   881  C    3.95789709    O  882  1.59978263    N  886  1.37704990    C  880  0.98412339
   882  O    1.69602029    C  881  1.59978263    N  886  0.08609179
   883  C    3.82487884    C  885  1.01926603    C  880  0.97281894    O  884  0.94067423    H 1965  0.88696488
   884  O    1.66674833    C  883  0.94067423    H 1966  0.74622034
   885  C    3.73233815    C  883  1.01926603    H 1969  0.90851579    H 1967  0.90177752    H 1968  0.89881767
   886  N    3.19118424    C  881  1.37704990    C  887  0.96169640    H 1970  0.84404995    O  882  0.08609179
   887  C    3.89218902    C  890  1.01586928    C  888  0.98630835    N  886  0.96169640    H 1971  0.88905584
   888  C    3.98229199    O  889  1.62628012    N  894  1.37000624    C  887  0.98630835
   889  O    1.75183484    C  888  1.62628012    N  894  0.08306389
   890  C    3.79707172    C  887  1.01586928    C  891  0.97546714    H 1973  0.90483839    H 1972  0.86593939
   891  C    3.98403040    O  892  1.51807315    O  893  1.50393121    C  890  0.97546714
   892  O    1.67463840    C  891  1.51807315    O  893  0.12327081
   893  O    1.67957315    C  891  1.50393121    O  892  0.12327081
   894  N    3.18881666    C  888  1.37000624    C  895  0.96827952    H 1974  0.85022442    O  889  0.08306389
   895  C    3.88941615    C  898  1.01685955    C  896  0.98086965    N  894  0.96827952    H 1975  0.88747371
   896  C    3.96242331    O  897  1.61288004    N  903  1.38406865    C  895  0.98086965
   897  O    1.71426947    C  896  1.61288004    N  903  0.08673513
   898  C    3.83390982    C  899  1.03682663    C  895  1.01685955    H 1977  0.89581973    H 1976  0.89500819
   899  C    3.80700343    C  898  1.03682663    C  900  0.97266522    H 1978  0.89577254    H 1979  0.87368417
   900  C    3.97658883    O  901  1.52084678    O  902  1.50443920    C  899  0.97266522
   901  O    1.68945391    C  900  1.52084678    O  902  0.12158786
   902  O    1.65657869    C  900  1.50443920    O  901  0.12158786
   903  N    3.18597818    C  896  1.38406865    C  904  0.96515790    H 1980  0.85527011    O  897  0.08673513
   904  C    3.88579602    C  907  1.00814646    C  905  0.97841625    N  903  0.96515790    H 1981  0.88907037
   905  C    3.95341250    O  906  1.59260521    N  912  1.39019970    C  904  0.97841625
   906  O    1.70306766    C  905  1.59260521    N  912  0.08641775
   907  C    3.81299803    C  908  1.03499132    C  904  1.00814646    H 1983  0.90106040    H 1982  0.88365592
   908  C    3.80867798    C  907  1.03499132    C  909  0.96953077    H 1985  0.90219627    H 1984  0.90141522
   909  C    3.96763020    O  911  1.51408578    O  910  1.49960133    C  908  0.96953077
   910  O    1.62262986    C  909  1.49960133    O  911  0.11479779
   911  O    1.68366919    C  909  1.51408578    O  910  0.11479779
   912  N    3.16771629    C  905  1.39019970    C  913  0.96296704    H 1986  0.85629677    O  906  0.08641775
   913  C    3.84939585    C  914  0.98615699    C  916  0.96389434    N  912  0.96296704    H 1987  0.90042571
   914  C    3.94769837    O  915  1.58603161    N  919  1.38494231    C  913  0.98615699
   915  O    1.68407976    C  914  1.58603161    N  919  0.08306112
   916  C    3.87050830    C  918  1.03901303    C  917  1.02746215    C  913  0.96389434    H 1988  0.87810137
   917  C    3.71782865    C  916  1.02746215    H 1991  0.92098808    H 1989  0.90991857    H 1990  0.90925324
   918  C    3.73431318    C  916  1.03901303    H 1993  0.92847601    H 1994  0.92303411    H 1992  0.90499314
   919  N    3.16305758    C  914  1.38494231    C  920  0.96159059    H 1995  0.86206460    O  915  0.08306112
   920  C    3.88680483    C  923  1.01969286    C  921  0.98316493    N  919  0.96159059    H 1996  0.89016379
   921  C    3.95491565    O  922  1.58770232    N  927  1.38394473    C  920  0.98316493
   922  O    1.68581230    C  921  1.58770232    N  927  0.08305792
   923  C    3.79952272    C  920  1.01969286    C  924  0.98037177    H 1998  0.90038310    H 1997  0.88635792
   924  C    3.97581082    O  925  1.51038873    O  926  1.50842094    C  923  0.98037177
   925  O    1.65347804    C  924  1.51038873    O  926  0.12097154
   926  O    1.68258700    C  924  1.50842094    O  925  0.12097154
   927  N    3.17501347    C  921  1.38394473    C  928  0.97402859    H 1999  0.85739532    O  922  0.08305792
   928  C    3.89687705    C  931  1.00917086    C  929  0.97772535    N  927  0.97402859    H 2000  0.89170518
   929  C    3.95634996    O  930  1.59048248    N  936  1.39230477    C  928  0.97772535
   930  O    1.71471458    C  929  1.59048248    N  936  0.08650946
   931  C    3.81217668    C  932  1.02897500    C  928  1.00917086    H 2002  0.89870723    H 2001  0.88994984
   932  C    3.80011482    C  931  1.02897500    C  933  0.96894212    H 2004  0.91113464    H 2003  0.89535072
   933  C    3.97387060    O  935  1.51211234    O  934  1.51132394    C  932  0.96894212
   934  O    1.67759954    C  933  1.51132394    O  935  0.12014762
   935  O    1.66699376    C  933  1.51211234    O  934  0.12014762
   936  N    3.17869177    C  929  1.39230477    C  937  0.95428464    H 2005  0.85630825    O  930  0.08650946
   937  C    3.87331009    C  940  1.01234396    C  938  0.97422816    N  936  0.95428464    H 2006  0.89177971
   938  C    3.95176488    O  939  1.59819055    N  944  1.38663682    C  937  0.97422816
   939  O    1.75089097    C  938  1.59819055    N  944  0.08778373
   940  C    3.80666575    C  937  1.01234396    C  941  0.99886286    H 2008  0.90751270    H 2007  0.88809551
   941  C    3.88844114    S  942  1.09816118    C  940  0.99886286    H 2009  0.89585093    H 2010  0.87646946
   942  S    2.30712185    C  943  1.17004109    C  941  1.09816118
   943  C    3.79178979    S  942  1.17004109    H 2013  0.91675438    H 2012  0.90504083    H 2011  0.89615380
   944  N    3.18400081    C  938  1.38663682    C  945  0.96422382    H 2014  0.85951589    O  939  0.08778373
   945  C    3.86075296    C  948  0.98027467    C  946  0.97148355    N  944  0.96422382    H 2015  0.89996061
   946  C    3.93772764    O  947  1.60693581    N  952  1.36935161    C  945  0.97148355
   947  O    1.71616389    C  946  1.60693581    N  952  0.08488071
   948  C    3.89065768    C  950  1.02480607    C  949  1.00344413    C  945  0.98027467    H 2016  0.89371247
   949  C    3.82253261    C  951  1.05220270    C  948  1.00344413    H 2018  0.90539872    H 2017  0.90535641
   950  C    3.72381493    C  948  1.02480607    H 2021  0.90968003    H 2020  0.90812707    H 2019  0.90395968
   951  C    3.72002182    C  949  1.05220270    H 2024  0.91816826    H 2023  0.91511951    H 2022  0.90294639
   952  N    3.15766347    C  946  1.36935161    C  953  0.96031284    H 2025  0.85804427    O  947  0.08488071
   953  C    3.88226000    C  956  1.00933428    C  954  0.98345036    N  952  0.96031284    H 2026  0.89189236
   954  C    3.97914860    O  955  1.62003491    N  963  1.38577847    C  953  0.98345036
   955  O    1.76873453    C  954  1.62003491    N  963  0.08758439
   956  C    3.82546484    C  957  1.04410122    C  953  1.00933428    H 2028  0.89763148    H 2027  0.89412376
   957  C    3.81857904    C  956  1.04410122    C  958  1.02785463    H 2029  0.89760518    H 2030  0.88425228
   958  C    3.83749839    C  957  1.02785463    N  959  0.99800555    H 2031  0.90775196    H 2032  0.89950171
   959  N    3.15843498    C  960  1.34689107    C  958  0.99800555    H 2033  0.83931727
   960  C    4.11332158    N  961  1.38908089    N  962  1.38241246    N  959  1.34689107
   961  N    3.04313611    C  960  1.38908089    H 2035  0.84188420    H 2034  0.83287486
   962  N    3.04862179    C  960  1.38241246    H 2036  0.84196691    H 2037  0.84065091
   963  N    3.19408971    C  954  1.38577847    C  964  0.97571219    H 2038  0.85099376    O  955  0.08758439
   964  C    3.89797867    C  967  1.00677381    C  965  0.97697567    N  963  0.97571219    H 2039  0.88236987
   965  C    3.97125269    O  966  1.59713635    N  972  1.40272218    C  964  0.97697567
   966  O    1.73559980    C  965  1.59713635    N  972  0.08824078
   967  C    3.82511956    C  968  1.04262906    C  964  1.00677381    H 2040  0.89662773    H 2041  0.89145568
   968  C    3.82111852    C  967  1.04262906    C  969  0.97092404    H 2043  0.90436358    H 2042  0.90236074
   969  C    3.97775123    O  970  1.51514531    O  971  1.50700543    C  968  0.97092404
   970  O    1.67526883    C  969  1.51514531    O  971  0.12361204
   971  O    1.67812772    C  969  1.50700543    O  970  0.12361204
   972  N    3.19559643    C  965  1.40272218    C  973  0.96716050    H 2044  0.85385932    O  966  0.08824078
   973  C    3.88313123    C  976  1.02762039    C  974  0.97612093    N  972  0.96716050    H 2045  0.89778407
   974  C    3.94076125    O  975  1.59130852    N  977  1.37589471    C  973  0.97612093
   975  O    1.71107025    C  974  1.59130852    N  977  0.08245049
   976  C    3.70545442    C  973  1.02762039    H 2047  0.91601785    H 2048  0.91452864    H 2046  0.89166567
   977  N    3.20320972    C  974  1.37589471    C  978  0.96251229    H 2049  0.86414281    O  975  0.08245049
   978  C    3.89022668    C  981  1.02089566    C  979  0.97186257    N  977  0.96251229    H 2050  0.89797218
   979  C    3.94039208    O  980  1.58133681    N  985  1.38773046    C  978  0.97186257
   980  O    1.72990624    C  979  1.58133681    N  985  0.08483461
   981  C    3.76316288    C  978  1.02089566    C  982  0.98728063    H 2051  0.89138917    H 2052  0.86266963
   982  C    3.90320405    O  984  1.54488887    O  983  1.38804733    C  981  0.98728063
   983  O    1.61283120    C  982  1.38804733    Ca1115  0.10465187    O  984  0.09935514
   984  O    1.69714291    C  982  1.54488887    O  983  0.09935514
   985  N    3.19573313    C  979  1.38773046    C  986  0.96743311    H 2053  0.84537970    O  980  0.08483461
   986  C    3.88624939    C  987  0.99316456    C  989  0.97347984    N  985  0.96743311    H 2054  0.88403307
   987  C    3.98648303    O  988  1.61281893    N  993  1.38888223    C  986  0.99316456
   988  O    1.75954938    C  987  1.61281893    N  993  0.08784501
   989  C    3.90146167    C  991  1.02494514    C  990  1.01527716    C  986  0.97347984    H 2055  0.88824618
   990  C    3.83752856    C  992  1.05415912    C  989  1.01527716    H 2057  0.89635457    H 2056  0.89319382
   991  C    3.73158824    C  989  1.02494514    H 2060  0.90436110    H 2058  0.90297773    H 2059  0.89975526
   992  C    3.73578779    C  990  1.05415912    H 2063  0.91891949    H 2061  0.89993231    H 2062  0.89678564
   993  N    3.17761739    C  987  1.38888223    C  994  0.98356516    H 2064  0.84815376    O  988  0.08784501
   994  C    3.89938851    C  997  1.00772500    C  995  0.99043739    N  993  0.98356516    H 2065  0.86835961
   995  C    4.00904581    O  996  1.61118738    N 1001  1.38501039    C  994  0.99043739
   996  O    1.77249050    C  995  1.61118738    N 1001  0.08357335
   997  C    3.75518831    C  994  1.00772500    C  998  0.97596450    H 2066  0.87603332    H 2067  0.86131096
   998  C    3.90533812    O  999  1.51061652    O 1000  1.37255718    C  997  0.97596450
   999  O    1.75403118    C  998  1.51061652    O 1000  0.10533468
  1000  O    1.61161520    C  998  1.37255718    Ca1115  0.11968280    O  999  0.10533468
  1001  N    3.20984018    C  995  1.38501039    C 1002  0.99607384    H 2068  0.85294625    O  996  0.08357335
  1002  C    3.82143845    C 1003  1.00982174    N 1001  0.99607384    H 2069  0.89184883    H 2070  0.87153216
  1003  C    3.96347054    O 1004  1.59277800    N 1005  1.37294337    C 1002  1.00982174
  1004  O    1.75323959    C 1003  1.59277800    N 1005  0.08364663
  1005  N    3.20904304    C 1003  1.37294337    C 1006  0.97944467    H 2071  0.87693379    O 1004  0.08364663
  1006  C    3.89681541    C 1009  1.00330560    C 1007  0.97990261    N 1005  0.97944467    H 2072  0.87902108
  1007  C    3.98302026    O 1008  1.60946860    N 1013  1.38739628    C 1006  0.97990261
  1008  O    1.76401731    C 1007  1.60946860    N 1013  0.08660847
  1009  C    3.76889945    C 1006  1.00330560    C 1010  0.98263561    H 2074  0.86921591    H 2073  0.86747212
  1010  C    3.93257354    O 1011  1.55110307    O 1012  1.37708828    C 1009  0.98263561
  1011  O    1.71144946    C 1010  1.55110307    O 1012  0.10770495
  1012  O    1.61061712    C 1010  1.37708828    Ca1115  0.11572591    O 1011  0.10770495
  1013  N    3.21456198    C 1007  1.38739628    C 1014  0.99085011    H 2075  0.85874226    O 1008  0.08660847
  1014  C    3.80941809    C 1015  0.99618828    N 1013  0.99085011    H 2076  0.89237428    H 2077  0.87817165
  1015  C    3.95363649    O 1016  1.60032690    N 1017  1.37745107    C 1014  0.99618828
  1016  O    1.74824982    C 1015  1.60032690    N 1017  0.08713734
  1017  N    3.19519321    C 1015  1.37745107    C 1018  0.94564173    H 2078  0.87679833    O 1016  0.08713734
  1018  C    3.84873529    C 1021  1.01307099    C 1019  0.96939951    N 1017  0.94564173    H 2079  0.88577208
  1019  C    3.88848297    O 1020  1.49017375    N 1026  1.41096341    C 1018  0.96939951
  1020  O    1.69331551    C 1019  1.49017375    Ca1115  0.07909447    N 1026  0.07267598
  1021  C    3.81649140    C 1022  1.04327031    C 1018  1.01307099    H 2080  0.90975227    H 2081  0.90797155
  1022  C    3.80791686    C 1021  1.04327031    C 1023  0.99372344    H 2082  0.89412496    H 2083  0.87515882
  1023  C    3.96486352    O 1024  1.58235011    N 1025  1.41051962    C 1022  0.99372344
  1024  O    1.74480599    C 1023  1.58235011    N 1025  0.09274310
  1025  N    3.05419363    C 1023  1.41051962    H 2084  0.87857414    H 2085  0.84657424    O 1024  0.09274310
  1026  N    3.19737016    C 1019  1.41096341    C 1027  0.94948185    H 2086  0.83787159    O 1020  0.07267598
  1027  C    3.86874564    C 1028  0.97163141    C 1030  0.96884477    N 1026  0.94948185    H 2087  0.92259180
  1028  C    3.90617940    O 1029  1.55203897    N 1033  1.37529863    C 1027  0.97163141
  1029  O    1.66513672    C 1028  1.55203897    N 1033  0.07457398
  1030  C    3.87216592    C 1032  1.02813851    C 1031  1.02461286    C 1027  0.96884477    H 2088  0.90090611
  1031  C    3.71890077    C 1030  1.02461286    H 2091  0.91563271    H 2090  0.90737351    H 2089  0.90211038
  1032  C    3.72499672    C 1030  1.02813851    H 2094  0.91371881    H 2093  0.91205424    H 2092  0.90319566
  1033  N    3.20580719    C 1028  1.37529863    C 1034  0.96230775    H 2095  0.86189597    O 1029  0.07457398
  1034  C    3.87065301    C 1037  1.01190656    C 1035  0.98958459    N 1033  0.96230775    H 2096  0.88619172
  1035  C    3.94055365    O 1036  1.57902574    N 1041  1.38012508    C 1034  0.98958459
  1036  O    1.68216119    C 1035  1.57902574    N 1041  0.07359640
  1037  C    3.77240387    C 1034  1.01190656    C 1038  0.99819179    H 2097  0.89241668    H 2098  0.87389659
  1038  C    3.96188822    O 1039  1.57928749    N 1040  1.41610199    C 1037  0.99819179
  1039  O    1.73217291    C 1038  1.57928749    N 1040  0.08756220
  1040  N    3.03048232    C 1038  1.41610199    H 2100  0.87759996    H 2099  0.86901040    O 1039  0.08756220
  1041  N    3.19321529    C 1035  1.38012508    C 1042  0.95639994    H 2101  0.84013771    O 1036  0.07359640
  1042  C    3.85899236    C 1043  0.97139582    C 1045  0.96828467    N 1041  0.95639994    H 2102  0.89613782
  1043  C    3.93126112    O 1044  1.58041340    N 1053  1.37642085    C 1042  0.97139582
  1044  O    1.72894184    C 1043  1.58041340    N 1053  0.07041532
  1045  C    3.77417432    C 1046  1.02121595    C 1042  0.96828467    H 2103  0.90687508    H 2104  0.83887883
  1046  C    3.72003775    C 1048  1.18798629    C 1047  1.18526033    C 1045  1.02121595    O 1052  0.08711888    C 1050  0.07928351    C 1049  0.07703597
  1047  C    3.74446048    C 1049  1.54643565    C 1046  1.18526033    H 2105  0.89843448    O 1052  0.05907694
  1048  C    3.76277266    C 1050  1.53923634    C 1046  1.18798629    H 2106  0.90201603    O 1052  0.06414144
  1049  C    3.71576528    C 1047  1.54643565    C 1051  1.13513498    H 2107  0.89901884    C 1046  0.07703597
  1050  C    3.73479872    C 1048  1.53923634    C 1051  1.13247124    H 2108  0.89631472    C 1046  0.07928351
  1051  C    3.67617288    O 1052  1.28915613    C 1049  1.13513498    C 1050  1.13247124
  1052  O    2.28058523    C 1051  1.28915613    H 2109  0.68309796    C 1046  0.08711888    C 1048  0.06414144    C 1047  0.05907694
  1053  N    3.16575615    C 1043  1.37642085    C 1054  0.96390867    H 2110  0.86124269    O 1044  0.07041532
  1054  C    3.87867191    C 1057  1.01827647    C 1055  0.97110277    N 1053  0.96390867    H 2111  0.88226411
  1055  C    3.93429678    O 1056  1.58383112    N 1062  1.37830455    C 1054  0.97110277
  1056  O    1.68130922    C 1055  1.58383112    N 1062  0.07109561
  1057  C    3.82174969    C 1054  1.01827647    C 1058  1.01690371    H 2113  0.90165638    H 2112  0.88306705
  1058  C    3.80660694    C 1057  1.01690371    C 1059  0.97259963    H 2114  0.90072376    H 2115  0.87703808
  1059  C    3.97016636    O 1061  1.52515432    O 1060  1.50206757    C 1058  0.97259963
  1060  O    1.65273574    C 1059  1.50206757    O 1061  0.11669577
  1061  O    1.68081163    C 1059  1.52515432    O 1060  0.11669577
  1062  N    3.12265291    C 1055  1.37830455    C 1063  0.96544835    H 2116  0.88288048    O 1056  0.07109561
  1063  C    3.87020509    C 1066  1.01557336    C 1064  0.97224720    N 1062  0.96544835    H 2117  0.88256000
  1064  C    3.90165344    O 1065  1.60044146    N 1071  1.33919232    C 1063  0.97224720
  1065  O    1.70774119    C 1064  1.60044146    N 1071  0.05576588
  1066  C    3.81004536    C 1067  1.04426953    C 1063  1.01557336    H 2119  0.90584687    H 2118  0.88812460
  1067  C    3.78983851    C 1066  1.04426953    C 1068  0.99035258    H 2120  0.89189064    H 2121  0.88738483
  1068  C    3.87600624    O 1070  1.41861565    O 1069  1.41268590    C 1067  0.99035258    Ca1115  0.06070435
  1069  O    1.65392663    C 1068  1.41268590    Ca1115  0.12936631    O 1070  0.11077221
  1070  O    1.69224530    C 1068  1.41861565    Ca1115  0.16466382    O 1069  0.11077221
  1071  N    3.10974244    C 1064  1.33919232    C 1072  0.95031495    H 2122  0.85416940    O 1065  0.05576588
  1072  C    3.82223049    C 1075  1.00206354    C 1073  0.96182313    N 1071  0.95031495    H 2123  0.88365786
  1073  C    3.89516883    O 1074  1.56606732    N 1082  1.36681025    C 1072  0.96182313
  1074  O    1.67458960    C 1073  1.56606732    N 1082  0.07237520
  1075  C    3.81810803    C 1076  1.01678546    C 1072  1.00206354    H 2124  0.90963324    H 2125  0.88893445
  1076  C    3.87683044    C 1077  1.38509589    C 1078  1.37850137    C 1075  1.01678546    C 1081  0.05475484
  1077  C    3.82337870    C 1079  1.40936245    C 1076  1.38509589    H 2126  0.90459176    C 1080  0.05782433
  1078  C    3.82059604    C 1080  1.40760267    C 1076  1.37850137    H 2127  0.90672004    C 1079  0.05987277
  1079  C    3.82668629    C 1077  1.40936245    C 1081  1.40641954    H 2128  0.90871164    C 1078  0.05987277
  1080  C    3.82968014    C 1078  1.40760267    C 1081  1.40475722    H 2129  0.90376201    C 1077  0.05782433
  1081  C    3.83285041    C 1079  1.40641954    C 1080  1.40475722    H 2130  0.90717839    C 1076  0.05475484
  1082  N    3.14019495    C 1073  1.36681025    C 1083  0.95990354    H 2131  0.85791524    O 1074  0.07237520
  1083  C    3.85537963    C 1086  0.97838382    C 1084  0.97393806    N 1082  0.95990354    H 2132  0.88304875
  1084  C    3.96081825    O 1085  1.61379339    N 1089  1.38486947    C 1083  0.97393806
  1085  O    1.76881673    C 1084  1.61379339    N 1089  0.08406019
  1086  C    3.90422098    C 1088  1.03474455    C 1087  1.02449139    C 1083  0.97838382    H 2133  0.89202982
  1087  C    3.74326050    C 1086  1.02449139    H 2135  0.90661235    H 2136  0.90329916    H 2134  0.90114648
  1088  C    3.72798082    C 1086  1.03474455    H 2138  0.91204192    H 2139  0.90622720    H 2137  0.90371206
  1089  N    3.16546813    C 1084  1.38486947    C 1090  0.96785978    H 2140  0.84960624    O 1085  0.08406019
  1090  C    3.87568486    C 1093  0.97663120    C 1091  0.97415124    N 1089  0.96785978    H 2141  0.88334629
  1091  C    3.96457742    O 1092  1.60833828    N 1096  1.38002542    C 1090  0.97415124
  1092  O    1.76056893    C 1091  1.60833828    N 1096  0.08444794
  1093  C    3.81932026    C 1095  1.02381160    C 1090  0.97663120    O 1094  0.93330474    H 2142  0.89179739
  1094  O    1.66121303    C 1093  0.93330474    H 2143  0.70877784
  1095  C    3.72532579    C 1093  1.02381160    H 2146  0.91034922    H 2144  0.90317316    H 2145  0.89417204
  1096  N    3.19183675    C 1091  1.38002542    C 1097  0.96340857    H 2147  0.84892406    O 1092  0.08444794
  1097  C    3.87178666    C 1100  1.01540922    N 1096  0.96340857    C 1098  0.96270323    H 2148  0.89115105
  1098  C    4.00732515    N 1104  1.83557372    O 1099  1.24635713    C 1097  0.96270323
  1099  O    1.38935835    C 1098  1.24635713    N 1104  0.06027681    H 2156  0.05580705
  1100  C    3.78571859    C 1097  1.01540922    C 1101  0.99530505    H 2150  0.89795979    H 2149  0.88897519
  1101  C    3.85524358    S 1102  1.07566944    C 1100  0.99530505    H 2151  0.88023841    H 2152  0.87146161
  1102  S    2.25919437    C 1103  1.18209873    C 1101  1.07566944
  1103  C    3.84619312    S 1102  1.18209873    H 2155  0.90885207    H 2153  0.90335111    H 2154  0.89574925
  1104  N    3.60306628    C 1098  1.83557372    C 1105  0.95201204    H 2156  0.81740749    O 1099  0.06027681
  1105  C    3.87263766    C 1108  1.00568272    C 1106  0.96215023    N 1104  0.95201204    H 2157  0.89549479
  1106  C    3.62083465    O 1107  1.78173554    C 1105  0.96215023    H 2158  0.88763908
  1107  O    1.89032010    C 1106  1.78173554
  1108  C    3.80987000    C 1109  1.00658989    C 1105  1.00568272    H 2160  0.89353485    H 2159  0.88600042
  1109  C    3.87747695    S 1110  1.10438066    C 1108  1.00658989    H 2161  0.88264061    H 2162  0.87958566
  1110  S    2.23698852    C 1109  1.10438066    C 1111  1.10065874
  1111  C    3.81198231    S 1110  1.10065874    H 2165  0.89189407    H 2164  0.89128975    H 2163  0.88589351
  1112  Ca   1.15578354    O  214  0.17148167    O  213  0.14800101    O  162  0.13522738    O  133  0.12361344    O  151  0.09772490    O  171  0.08969767    C  212  0.06973171
  1113  Ca   1.28649996    O 1118  0.14735842    O  482  0.12876231    O  428  0.11921613    O  483  0.10242281    O  403  0.10130100    O 1116  0.10113860    O  437  0.09604885    O  416  0.09305268    C  481  0.05609399
  1114  Ca   1.18254503    O  781  0.15611602    O  780  0.12611272    O  732  0.11710698    O  720  0.10682699    O  741  0.10089586    O 1121  0.08291478    O  704  0.08024893    C  779  0.07046848    O  721  0.06181079
  1115  Ca   1.23200319    O 1070  0.16466382    O 1069  0.12936631    O 1000  0.11968280    O 1012  0.11572591    O  983  0.10465187    O 1122  0.08304707    O 1020  0.07909447    C 1068  0.06070435
  1116  O    1.45983763    H 2167  0.73479350    H 2166  0.68319778    Ca1113  0.10113860
  1117  O    1.42151255    H 2168  0.74798427    H 2169  0.73112053
  1118  O    1.62060039    H 2170  0.77426036    H 2171  0.75333169    Ca1113  0.14735842
  1119  O    1.42101450    H 2173  0.73778306    H 2172  0.72581363
  1120  O    1.41083929    H 2175  0.73231234    H 2174  0.72439343
  1121  O    1.40420962    H 2176  0.71633470    H 2177  0.67569716    Ca1114  0.08291478
  1122  O    1.44676442    H 2179  0.75083033    H 2178  0.66332984    Ca1115  0.08304707
  1123  H    0.75513090    N    1  0.80619863
  1124  H    0.73676369    N    1  0.82091107
  1125  H    0.74933347    N    1  0.81997558
  1126  H    0.83167330    C    2  0.87122273
  1127  H    0.86423015    C    5  0.88069811
  1128  H    0.67746619    O    6  0.71557602
  1129  H    0.86541829    C    7  0.89497407
  1130  H    0.86484613    C    7  0.90317923
  1131  H    0.84381693    C    7  0.89998965
  1132  H    0.78591819    N    8  0.85856557
  1133  H    0.84482673    C    9  0.86842876
  1134  H    0.86204466    C   12  0.89184256
  1135  H    0.85697308    C   12  0.88706864
  1136  H    0.85388007    C   13  0.89554877
  1137  H    0.87032374    C   13  0.87174336
  1138  H    0.82026351    N   17  0.84685931
  1139  H    0.84526542    C   18  0.88437284
  1140  H    0.85936128    C   21  0.89002161
  1141  H    0.86666286    C   21  0.88853535
  1142  H    0.85568425    C   22  0.89295744
  1143  H    0.87303829    C   22  0.87460927
  1144  H    0.79896519    N   26  0.84779336
  1145  H    0.84695954    C   27  0.86932960
  1146  H    0.84706944    C   30  0.87600718
  1147  H    0.81831691    C   30  0.89693510
  1148  H    0.85342906    C   31  0.89904610
  1149  H    0.81629268    C   31  0.90288806
  1150  H    0.84633314    N   34  0.83345996
  1151  H    0.83009399    N   34  0.83688268
  1152  H    0.72804666    N   35  0.79425392    O   29  0.05570157
  1153  H    0.82613381    C   36  0.87333873
  1154  H    0.85040940    C   39  0.88904338
  1155  H    0.83740829    C   40  0.89105056
  1156  H    0.85911327    C   40  0.88734795
  1157  H    0.86426871    C   41  0.90109365
  1158  H    0.84052796    C   41  0.90596890
  1159  H    0.84997608    C   41  0.89553203
  1160  H    0.86145903    C   42  0.89518603
  1161  H    0.82064133    C   42  0.91572784
  1162  H    0.94599052    C   42  0.85772171    O    4  0.06815621
  1163  H    0.83318708    N   43  0.84863882
  1164  H    0.85256258    C   44  0.88995307
  1165  H    0.87181719    C   47  0.89971774
  1166  H    0.87012261    C   47  0.89828530
  1167  H    0.85423231    C   47  0.91084656
  1168  H    0.83204091    N   48  0.85929987
  1169  H    0.86075583    C   49  0.88740267
  1170  H    0.86323701    C   52  0.88767161
  1171  H    0.85682670    C   52  0.89468978
  1172  H    0.85242796    C   53  0.88968898
  1173  H    0.87178674    C   53  0.90428687
  1174  H    0.83742933    N   57  0.85708527
  1175  H    0.83852073    C   58  0.89655751
  1176  H    0.84556233    C   61  0.86487936
  1177  H    0.85002110    C   61  0.89905886
  1178  H    0.88563717    C   63  0.91033655
  1179  H    0.87875289    C   64  0.91715131
  1180  H    0.90104767    C   65  0.90386041
  1181  H    0.91017298    C   66  0.89563681
  1182  H    0.90516487    C   67  0.91103818
  1183  H    0.84076897    N   68  0.85840508
  1184  H    0.84967985    C   69  0.88180030
  1185  H    0.85913086    C   72  0.88880061
  1186  H    0.85553787    C   72  0.90013981
  1187  H    0.85562046    C   73  0.90100735
  1188  H    0.84965055    C   73  0.89839074
  1189  H    0.86791027    C   74  0.89834202
  1190  H    0.85890770    C   74  0.89443882
  1191  H    0.83503665    C   75  0.90928484
  1192  H    0.85370820    C   75  0.90375432
  1193  H    0.77457957    N   76  0.82051089
  1194  H    0.77025220    N   76  0.81140365
  1195  H    0.77278928    N   76  0.81772698
  1196  H    0.83109319    N   77  0.85279660
  1197  H    0.85270100    C   78  0.88638488
  1198  H    0.86285335    C   81  0.88931848
  1199  H    0.85732450    C   81  0.89826053
  1200  H    0.85158066    C   82  0.90808537
  1201  H    0.87200112    C   82  0.88306468
  1202  H    0.83310887    N   86  0.84598230
  1203  H    0.84533428    C   87  0.89484168
  1204  H    0.85965014    C   90  0.89472766
  1205  H    0.86932174    C   90  0.90172118
  1206  H    0.84667660    C   90  0.90911765
  1207  H    0.84351787    N   91  0.85046632
  1208  H    0.85065619    C   92  0.87121455
  1209  H    0.86045234    C   95  0.90427718
  1210  H    0.84953775    C   95  0.89643579
  1211  H    0.91609628    C   97  0.90918363
  1212  H    0.89967976    C   98  0.91543594
  1213  H    0.91195415    C   99  0.91402626
  1214  H    0.90616285    C  100  0.90779890
  1215  H    0.91258911    C  101  0.91356884
  1216  H    0.84149920    N  102  0.85301542
  1217  H    0.85478062    C  103  0.87728729
  1218  H    0.86059676    C  106  0.90810080
  1219  H    0.86644366    C  106  0.89263808
  1220  H    0.72594402    O  107  0.73322831
  1221  H    0.82741222    N  108  0.85570217
  1222  H    0.85782553    C  109  0.88199761
  1223  H    0.85924617    C  112  0.88749379
  1224  H    0.84469605    C  112  0.89154774
  1225  H    0.85979239    C  113  0.90231131
  1226  H    0.86906250    C  114  0.90092805
  1227  H    0.84224651    C  114  0.90460661
  1228  H    0.87405982    C  114  0.91287516
  1229  H    0.87100645    C  115  0.90328064
  1230  H    0.87197051    C  115  0.90970789
  1231  H    0.85867108    C  115  0.90260748
  1232  H    0.83093800    N  116  0.84300403
  1233  H    0.84477188    C  117  0.89841201
  1234  H    0.84265146    C  120  0.89436368
  1235  H    0.84827888    C  120  0.90940321
  1236  H    0.89657046    C  122  0.90573953
  1237  H    0.89866170    C  123  0.90746613
  1238  H    0.89796594    C  124  0.91518000
  1239  H    0.91369974    C  125  0.89921198
  1240  H    0.91951696    C  126  0.90223735
  1241  H    0.85085800    N  127  0.85937163
  1242  H    0.87902052    C  128  0.90027817
  1243  H    0.85486335    C  131  0.88354989
  1244  H    0.85081692    C  131  0.87068138
  1245  H    0.82472256    N  135  0.84330174
  1246  H    0.82771097    C  136  0.89996806
  1247  H    0.86277859    C  139  0.89007483
  1248  H    0.84858352    C  139  0.89145391
  1249  H    0.85805615    C  140  0.88303292
  1250  H    0.83482242    C  140  0.89376512
  1251  H    0.83950854    C  141  0.90864470
  1252  H    0.87420069    C  141  0.90118967
  1253  H    0.85620733    C  142  0.90812125
  1254  H    0.82838296    C  142  0.90733411
  1255  H    0.76318217    N  143  0.82451510
  1256  H    0.76273595    N  143  0.81249542
  1257  H    0.77997997    N  143  0.83201266
  1258  H    0.86114985    N  144  0.85958896
  1259  H    0.85353298    C  145  0.87287243
  1260  H    0.85770490    C  148  0.88371602
  1261  H    0.85669657    C  148  0.87681428
  1262  H    0.82922522    N  152  0.84830634
  1263  H    0.85818468    C  153  0.89455426
  1264  H    0.83705950    C  153  0.86938865
  1265  H    0.87625137    N  156  0.86328067
  1266  H    0.85917925    C  157  0.87815536
  1267  H    0.85807671    C  160  0.86673497
  1268  H    0.85706409    C  160  0.88130835
  1269  H    0.89763183    N  164  0.86359207
  1270  H    0.86013724    C  165  0.90017766
  1271  H    0.84529110    C  165  0.87561060
  1272  H    0.88514679    N  168  0.87912918
  1273  H    0.84520065    C  169  0.88944046
  1274  H    0.85428826    C  172  0.88729541
  1275  H    0.78925318    O  173  0.72337698
  1276  H    0.87592409    C  174  0.90484897
  1277  H    0.85368533    C  174  0.89975424
  1278  H    0.86531181    C  174  0.92005185
  1279  H    0.83184423    N  175  0.83769616
  1280  H    0.86823081    C  176  0.92168042
  1281  H    0.85434536    C  179  0.90037410
  1282  H    0.86241507    C  180  0.90625918
  1283  H    0.86663352    C  180  0.90352141
  1284  H    0.85013609    C  181  0.90449188
  1285  H    0.85229385    C  181  0.90851190
  1286  H    0.86058046    C  181  0.90787032
  1287  H    0.86019176    C  182  0.90900018
  1288  H    0.86574386    C  182  0.91105712
  1289  H    0.84341748    C  182  0.92958921
  1290  H    0.82946659    N  183  0.85471830
  1291  H    0.85922878    C  184  0.89098562
  1292  H    0.86523291    C  187  0.88850142
  1293  H    0.69460550    O  188  0.75418689
  1294  H    0.87686892    C  189  0.90559139
  1295  H    0.83563972    C  189  0.90702454
  1296  H    0.86658160    C  189  0.91344419
  1297  H    0.82198662    N  190  0.84940755
  1298  H    0.84867017    C  191  0.87338033
  1299  H    0.86085653    C  194  0.89276860
  1300  H    0.71976036    O  195  0.71410190
  1301  H    0.86104458    C  196  0.91532164
  1302  H    0.83823103    C  196  0.91234317
  1303  H    0.85852725    C  196  0.92274187
  1304  H    0.82598350    N  197  0.85570299
  1305  H    0.83749136    C  198  0.89758679
  1306  H    0.85072869    C  201  0.89028731
  1307  H    0.85119741    C  201  0.89226786
  1308  H    0.86971073    C  202  0.88913862
  1309  H    0.84848439    C  202  0.88358374
  1310  H    0.86796075    C  203  0.88940303
  1311  H    0.84682092    C  203  0.89085364
  1312  H    0.82591548    C  204  0.91444648
  1313  H    0.87106318    C  204  0.90688931
  1314  H    0.75216423    N  205  0.80379769
  1315  H    0.76647992    N  205  0.82283872
  1316  H    0.77189592    N  205  0.82030705
  1317  H    0.82046950    N  206  0.85101677
  1318  H    0.85312615    C  207  0.88156423
  1319  H    0.83667675    C  210  0.89044967
  1320  H    0.84939041    C  210  0.89625714
  1321  H    0.82290896    C  211  0.88973309
  1322  H    0.84882866    C  211  0.89634840
  1323  H    0.83464397    N  215  0.84706162
  1324  H    0.83572387    C  216  0.87533667
  1325  H    0.85006566    C  219  0.90198920
  1326  H    0.85161736    C  219  0.88830435
  1327  H    0.86477895    C  220  0.89789503
  1328  H    0.84666533    C  221  0.92229154
  1329  H    0.84533871    C  221  0.90934069
  1330  H    0.86474593    C  221  0.91080212
  1331  H    0.85565866    C  222  0.91500557
  1332  H    0.86080731    C  222  0.90913494
  1333  H    0.85506473    C  222  0.90155170
  1334  H    0.84471151    N  223  0.84901534
  1335  H    0.84923215    C  224  0.89068073
  1336  H    0.83568106    C  224  0.89699879
  1337  H    0.83600274    N  227  0.85051962
  1338  H    0.86039646    C  228  0.89061452
  1339  H    0.85399625    C  231  0.89650120
  1340  H    0.71295944    O  232  0.71199297
  1341  H    0.86597871    C  233  0.89916944
  1342  H    0.85632459    C  233  0.89497639
  1343  H    0.87414049    C  233  0.91188014
  1344  H    0.83413481    N  234  0.85002998
  1345  H    0.85727709    C  235  0.89324828
  1346  H    0.86061856    C  238  0.89063003
  1347  H    0.84043965    C  239  0.90485986
  1348  H    0.83630996    C  239  0.91126394
  1349  H    0.86836800    C  239  0.90980349
  1350  H    0.83064095    C  240  0.91390988
  1351  H    0.86071409    C  240  0.91991553
  1352  H    0.83944960    C  240  0.91568117
  1353  H    0.84656202    N  241  0.84818654
  1354  H    0.87596376    C  242  0.89662690
  1355  H    0.84935384    C  245  0.90023850
  1356  H    0.85620552    C  245  0.89217250
  1357  H    0.85044837    C  246  0.88109856
  1358  H    0.84781379    C  246  0.88069386
  1359  H    0.86089585    C  248  0.88367643
  1360  H    0.83523809    C  248  0.89212741
  1361  H    0.81962138    C  248  0.89877867
  1362  H    0.84521407    N  249  0.85184683
  1363  H    0.85146145    C  250  0.89662571
  1364  H    0.86308044    C  253  0.89277815
  1365  H    0.85647821    C  253  0.89529810
  1366  H    0.85085403    C  254  0.89352180
  1367  H    0.85381712    C  254  0.88787526
  1368  H    0.84321248    C  255  0.90942799
  1369  H    0.85944720    C  255  0.90104207
  1370  H    0.82862485    N  256  0.84251551
  1371  H    0.82220422    N  258  0.82889708
  1372  H    0.81969123    N  258  0.83962448
  1373  H    0.83114256    N  259  0.82756932
  1374  H    0.83650812    N  259  0.83805301
  1375  H    0.82545010    N  260  0.84533592
  1376  H    0.86260274    C  261  0.87447337
  1377  H    0.85823860    C  264  0.88544900
  1378  H    0.86515777    C  264  0.89000535
  1379  H    0.75994479    O  265  0.71549337
  1380  H    0.83380838    N  266  0.85156940
  1381  H    0.85091224    C  267  0.87604134
  1382  H    0.83917987    C  270  0.88574031
  1383  H    0.83302731    C  270  0.89363423
  1384  H    0.87357836    C  271  0.88350074
  1385  H    0.86439289    C  272  0.89964624
  1386  H    0.85214886    C  272  0.90659609
  1387  H    0.83825664    C  272  0.90325115
  1388  H    0.86487851    C  273  0.89661176
  1389  H    0.84403912    C  273  0.89672995
  1390  H    0.86662519    C  273  0.89962088
  1391  H    0.83796216    N  274  0.85209933
  1392  H    0.85646561    C  275  0.88485934
  1393  H    0.85567729    C  275  0.87700011
  1394  H    0.82919000    N  278  0.85204047
  1395  H    0.85441037    C  279  0.90381556
  1396  H    0.84823228    C  282  0.88836485
  1397  H    0.83955694    C  282  0.88534673
  1398  H    0.86218550    C  283  0.86600527
  1399  H    0.83986306    C  283  0.89016761
  1400  H    0.84206599    N  286  0.83196417
  1401  H    0.82353094    N  286  0.83494944
  1402  H    0.81620862    N  287  0.82845855
  1403  H    0.81465927    C  288  0.92327172
  1404  H    0.86201452    C  291  0.88150019
  1405  H    0.86110930    C  291  0.87296157
  1406  H    0.83228928    N  294  0.83263847
  1407  H    0.80158049    N  294  0.84444409
  1408  H    0.84922628    C  296  0.89223839
  1409  H    0.86809244    C  299  0.88043706
  1410  H    0.84687505    C  299  0.87537168
  1411  H    0.83551782    C  300  0.88187077
  1412  H    0.85527931    C  300  0.89239010
  1413  H    0.83988393    C  301  0.88263020
  1414  H    0.85361744    C  301  0.88998245
  1415  H    0.83328446    N  302  0.85760027
  1416  H    0.86339246    C  303  0.87525320
  1417  H    0.85794704    C  306  0.88454367
  1418  H    0.68564732    O  307  0.72677231
  1419  H    0.87427650    C  308  0.89950005
  1420  H    0.86897859    C  308  0.89700290
  1421  H    0.85489715    C  308  0.90804040
  1422  H    0.81439821    N  309  0.84357383
  1423  H    0.84267522    C  310  0.88352087
  1424  H    0.85664922    C  313  0.88355656
  1425  H    0.86830664    C  313  0.89495700
  1426  H    0.87368522    C  314  0.87497936
  1427  H    0.86451810    C  314  0.90217092
  1428  H    0.82775454    N  318  0.84831389
  1429  H    0.86291503    C  319  0.88411953
  1430  H    0.86828539    C  322  0.89525179
  1431  H    0.87428821    C  322  0.90173674
  1432  H    0.86174660    C  322  0.90804550
  1433  H    0.83189831    N  323  0.85447259
  1434  H    0.85362372    C  324  0.88855219
  1435  H    0.85544254    C  327  0.88286075
  1436  H    0.84764379    C  327  0.90467095
  1437  H    0.86193748    C  328  0.88663761
  1438  H    0.86592071    C  328  0.88798638
  1439  H    0.84085917    N  332  0.85616107
  1440  H    0.84561974    C  333  0.89700428
  1441  H    0.83899925    C  336  0.89244788
  1442  H    0.85211984    C  336  0.89996065
  1443  H    0.86775866    C  337  0.89406188
  1444  H    0.85374167    C  338  0.90540766
  1445  H    0.85883318    C  338  0.90647771
  1446  H    0.86184804    C  338  0.91589287
  1447  H    0.83841371    C  339  0.91350198
  1448  H    0.84481635    C  339  0.91629479
  1449  H    0.84778361    C  339  0.91479245
  1450  H    0.84134646    N  340  0.85830425
  1451  H    0.84509365    C  341  0.89480620
  1452  H    0.86457519    C  344  0.89264914
  1453  H    0.86293183    C  344  0.88954615
  1454  H    0.85306020    C  345  0.91435753
  1455  H    0.87280628    C  345  0.87788839
  1456  H    0.83689886    N  348  0.83002086
  1457  H    0.84418648    N  348  0.84531736
  1458  H    0.83952292    N  349  0.85985799
  1459  H    0.86112280    C  350  0.89648187
  1460  H    0.86794209    C  353  0.87474991
  1461  H    0.85705321    C  353  0.90053565
  1462  H    0.83542525    N  357  0.85769921
  1463  H    0.85588614    C  358  0.88988296
  1464  H    0.85570156    C  361  0.89369612
  1465  H    0.85530206    C  361  0.91149100
  1466  H    0.85611384    C  362  0.89072232
  1467  H    0.86289340    C  362  0.87996727
  1468  H    0.86779236    C  364  0.89070713
  1469  H    0.85672228    C  364  0.88170357
  1470  H    0.86504050    C  364  0.89307968
  1471  H    0.83658222    N  365  0.85212538
  1472  H    0.83283869    C  366  0.89830635
  1473  H    0.87099970    C  369  0.89487221
  1474  H    0.84033509    C  370  0.91232435
  1475  H    0.85207988    C  370  0.90175085
  1476  H    0.85415164    C  371  0.90473266
  1477  H    0.85575901    C  371  0.90858645
  1478  H    0.84323716    C  371  0.91525362
  1479  H    0.85709951    C  372  0.90327148
  1480  H    0.85422701    C  372  0.91422908
  1481  H    0.83789236    C  372  0.92304307
  1482  H    0.85156301    N  373  0.85711920
  1483  H    0.84876484    C  374  0.88975275
  1484  H    0.87039032    C  377  0.88165564
  1485  H    0.86025965    C  377  0.89825944
  1486  H    0.84418448    N  380  0.84065873
  1487  H    0.83874312    N  380  0.83954514
  1488  H    0.83251597    N  381  0.85249401
  1489  H    0.86247690    C  382  0.88064445
  1490  H    0.85927998    C  385  0.90003555
  1491  H    0.86638483    C  385  0.89137551
  1492  H    0.86890297    C  386  0.88214015
  1493  H    0.83628501    C  386  0.92775153
  1494  H    0.84372799    N  390  0.86262882
  1495  H    0.86461481    C  391  0.89786043
  1496  H    0.84507497    C  394  0.90733563
  1497  H    0.84649864    C  395  0.89786232
  1498  H    0.84948791    C  395  0.90859433
  1499  H    0.84856931    C  395  0.91715263
  1500  H    0.85564977    C  396  0.90059532
  1501  H    0.84576660    C  396  0.92225160
  1502  H    0.82862742    C  396  0.92294377
  1503  H    0.85961241    N  397  0.86568792
  1504  H    0.86898697    C  398  0.91202365
  1505  H    0.85044954    C  401  0.89707836
  1506  H    0.84869328    C  401  0.86544034
  1507  H    0.81780643    N  405  0.84970276
  1508  H    0.86022119    C  406  0.89221147
  1509  H    0.87528580    C  409  0.90589302
  1510  H    0.86628372    C  409  0.89570150
  1511  H    0.85836123    C  409  0.91131107
  1512  H    0.82352336    N  410  0.84152792
  1513  H    0.85519027    C  411  0.86994532
  1514  H    0.85863047    C  414  0.88247165
  1515  H    0.85814771    C  414  0.86365790
  1516  H    0.82574647    N  418  0.84815455
  1517  H    0.85947107    C  419  0.89529174
  1518  H    0.83834466    C  419  0.87025597
  1519  H    0.85581978    N  422  0.85513595
  1520  H    0.85700093    C  423  0.87155568
  1521  H    0.85542056    C  426  0.87353287
  1522  H    0.85229524    C  426  0.85748746
  1523  H    0.87256219    N  429  0.87087180
  1524  H    0.79439315    N  429  0.80532093
  1525  H    0.85239129    N  430  0.86036391
  1526  H    0.85711257    C  431  0.89007554
  1527  H    0.85041025    C  431  0.88128843
  1528  H    0.85766968    N  434  0.87176328
  1529  H    0.84796316    C  435  0.87561958
  1530  H    0.84864527    C  438  0.89256082
  1531  H    0.71823396    O  439  0.73598421
  1532  H    0.87033894    C  440  0.90911561
  1533  H    0.84360711    C  440  0.90371624
  1534  H    0.87283567    C  440  0.91974425
  1535  H    0.82362113    N  441  0.84022779
  1536  H    0.87361945    C  442  0.92456162
  1537  H    0.85216539    C  445  0.90273463
  1538  H    0.85535585    C  446  0.90441576
  1539  H    0.86344027    C  446  0.90236105
  1540  H    0.84285940    C  447  0.90636604
  1541  H    0.84688919    C  447  0.91210915
  1542  H    0.85272646    C  447  0.91621960
  1543  H    0.84618594    C  448  0.91825322
  1544  H    0.85810087    C  448  0.91717912
  1545  H    0.84718087    C  448  0.92616310
  1546  H    0.86393707    N  449  0.85977045
  1547  H    0.85691595    C  450  0.89062961
  1548  H    0.85461984    C  453  0.89804549
  1549  H    0.85935201    C  453  0.87436035
  1550  H    0.82597204    N  457  0.84309069
  1551  H    0.84219782    C  458  0.89313438
  1552  H    0.84488100    C  461  0.91744552
  1553  H    0.86131664    C  461  0.87630999
  1554  H    0.89735622    C  463  0.90592123
  1555  H    0.91304569    C  464  0.90306667
  1556  H    0.89738247    C  465  0.90422793
  1557  H    0.90662846    C  466  0.90613882
  1558  H    0.89792822    C  467  0.90504192
  1559  H    0.85497723    C  469  0.87663136
  1560  H    0.86855953    C  472  0.87644619
  1561  H    0.86767614    C  472  0.89019580
  1562  H    0.87265873    C  473  0.89201031
  1563  H    0.87440439    C  473  0.87639951
  1564  H    0.85469896    C  474  0.89925258
  1565  H    0.83959344    C  474  0.89725054
  1566  H    0.84551144    N  475  0.85397447
  1567  H    0.86136742    C  476  0.88311044
  1568  H    0.84745307    C  479  0.88811074
  1569  H    0.84635199    C  479  0.90203764
  1570  H    0.88731049    C  480  0.87866133
  1571  H    0.85975289    C  480  0.89200069
  1572  H    0.83466850    N  484  0.84605684
  1573  H    0.85433542    C  485  0.87240168
  1574  H    0.85130564    C  488  0.91161753
  1575  H    0.84775683    C  488  0.88853555
  1576  H    0.90635107    C  490  0.90146425
  1577  H    0.90051073    C  491  0.90983242
  1578  H    0.91455412    C  492  0.90294922
  1579  H    0.90325678    C  493  0.91226091
  1580  H    0.91041458    C  494  0.90801283
  1581  H    0.88147018    N  495  0.85335605
  1582  H    0.84571264    C  496  0.87632999
  1583  H    0.84796000    C  499  0.90273271
  1584  H    0.85337402    C  499  0.89044663
  1585  H    0.87262324    C  500  0.88665415
  1586  H    0.85274818    C  501  0.91090824
  1587  H    0.83730401    C  501  0.90766182
  1588  H    0.84962039    C  501  0.90510874
  1589  H    0.86956313    C  502  0.90175338
  1590  H    0.85158972    C  502  0.90489073
  1591  H    0.86707561    C  502  0.90223510
  1592  H    0.83325550    N  503  0.85050643
  1593  H    0.86327951    C  504  0.87576447
  1594  H    0.86226250    C  507  0.89611203
  1595  H    0.72331561    O  508  0.71884480
  1596  H    0.87418183    C  509  0.90109131
  1597  H    0.84096928    C  509  0.89946197
  1598  H    0.87555870    C  509  0.90763516
  1599  H    0.83445774    N  510  0.85025788
  1600  H    0.85577869    C  511  0.89191495
  1601  H    0.86002870    C  514  0.91261984
  1602  H    0.85325601    C  514  0.89491315
  1603  H    0.83543945    C  515  0.88701670
  1604  H    0.87040273    C  515  0.88055642
  1605  H    0.87094904    C  517  0.89756245
  1606  H    0.85801512    C  517  0.89667260
  1607  H    0.85184812    C  517  0.88875355
  1608  H    0.85709348    N  518  0.85410451
  1609  H    0.88326542    C  519  0.89807454
  1610  H    0.86081546    C  522  0.89974811
  1611  H    0.86434633    C  522  0.89613526
  1612  H    0.85823655    C  523  0.87672376
  1613  H    0.87146522    C  523  0.88558918
  1614  H    0.86454564    C  525  0.88838093
  1615  H    0.85251044    C  525  0.88635898
  1616  H    0.85150305    C  525  0.88892849
  1617  H    0.84916782    N  526  0.85865666
  1618  H    0.85857923    C  527  0.88467492
  1619  H    0.87070209    C  530  0.90224581
  1620  H    0.86358552    C  530  0.89521738
  1621  H    0.85827922    C  530  0.91216487
  1622  H    0.82024573    N  531  0.84174707
  1623  H    0.85614030    C  532  0.88332071
  1624  H    0.83097970    C  535  0.91282844
  1625  H    0.85975324    C  535  0.90501173
  1626  H    0.87127410    C  536  0.89420319
  1627  H    0.85731806    C  536  0.88318422
  1628  H    0.85992369    C  537  0.88971622
  1629  H    0.85479085    C  537  0.90751168
  1630  H    0.83114255    N  538  0.84287290
  1631  H    0.81092467    N  540  0.83603772
  1632  H    0.78925397    N  540  0.84777288
  1633  H    0.83286487    N  541  0.83016591
  1634  H    0.84314731    N  541  0.84134052
  1635  H    0.83978079    N  542  0.85491968
  1636  H    0.85813219    C  543  0.88287103
  1637  H    0.84392335    C  546  0.90330111
  1638  H    0.86140035    C  546  0.88770925
  1639  H    0.86749313    C  547  0.89064890
  1640  H    0.84309623    C  547  0.90995236
  1641  H    0.86312007    C  548  0.89966030
  1642  H    0.86588162    C  548  0.88450628
  1643  H    0.87185809    C  549  0.89544129
  1644  H    0.87432723    C  549  0.90367974
  1645  H    0.76012994    N  550  0.81152482
  1646  H    0.75107934    N  550  0.82366328
  1647  H    0.77104678    N  550  0.81763252
  1648  H    0.83397856    N  551  0.84992191
  1649  H    0.84800569    C  552  0.89065395
  1650  H    0.86097408    C  555  0.90076774
  1651  H    0.84449117    C  555  0.89942774
  1652  H    0.85921745    C  556  0.87702024
  1653  H    0.85599179    C  556  0.87540579
  1654  H    0.86044813    C  558  0.88680913
  1655  H    0.86674999    C  558  0.89666697
  1656  H    0.83755816    C  558  0.89767532
  1657  H    0.82374869    N  559  0.84934829
  1658  H    0.85677978    C  560  0.88565721
  1659  H    0.85710767    C  563  0.88728101
  1660  H    0.84868887    C  563  0.89396365
  1661  H    0.84874496    C  564  0.89002555
  1662  H    0.86246076    C  564  0.89423124
  1663  H    0.86840094    C  565  0.89578262
  1664  H    0.85616412    C  565  0.88870934
  1665  H    0.85952199    C  566  0.89671772
  1666  H    0.86681592    C  566  0.90335708
  1667  H    0.76866184    N  567  0.81447464
  1668  H    0.77311430    N  567  0.81760349
  1669  H    0.76907485    N  567  0.81060804
  1670  H    0.82537765    N  568  0.84744680
  1671  H    0.85705488    C  569  0.89053859
  1672  H    0.86584701    C  572  0.89223240
  1673  H    0.86554011    C  572  0.88940459
  1674  H    0.83892400    N  576  0.85596786
  1675  H    0.86604588    C  577  0.88543162
  1676  H    0.85788662    C  580  0.90473978
  1677  H    0.71949018    O  581  0.70976543
  1678  H    0.87352888    C  582  0.89953487
  1679  H    0.85510224    C  582  0.89329194
  1680  H    0.87586189    C  582  0.90758587
  1681  H    0.85186121    N  583  0.85856937
  1682  H    0.86037297    C  584  0.89098929
  1683  H    0.86935812    C  587  0.87286181
  1684  H    0.86316341    C  587  0.90170968
  1685  H    0.85012298    N  591  0.86001756
  1686  H    0.86687199    C  592  0.88612409
  1687  H    0.86394877    C  595  0.88936866
  1688  H    0.85072268    C  595  0.90526266
  1689  H    0.72354981    O  596  0.73320536
  1690  H    0.85012088    N  597  0.85855149
  1691  H    0.85539708    C  598  0.88836551
  1692  H    0.85685670    C  601  0.89888761
  1693  H    0.85601685    C  601  0.89929205
  1694  H    0.86069865    C  602  0.90812841
  1695  H    0.87246627    C  602  0.87669491
  1696  H    0.83208287    N  606  0.85244125
  1697  H    0.85235691    C  607  0.89280353
  1698  H    0.86348113    C  610  0.89496801
  1699  H    0.86513842    C  610  0.88943369
  1700  H    0.86093301    C  611  0.89525104
  1701  H    0.87716862    C  611  0.87859275
  1702  H    0.83589523    N  615  0.85577928
  1703  H    0.85097349    C  616  0.89305808
  1704  H    0.86540373    C  619  0.89153860
  1705  H    0.85872388    C  619  0.89516474
  1706  H    0.85586481    C  620  0.88610092
  1707  H    0.86345063    C  620  0.90501437
  1708  H    0.82549511    N  624  0.85423295
  1709  H    0.85729462    C  625  0.88027045
  1710  H    0.86434396    C  628  0.88840771
  1711  H    0.85044395    C  629  0.90416470
  1712  H    0.87058405    C  629  0.90002522
  1713  H    0.83509301    C  630  0.90986890
  1714  H    0.83517540    C  630  0.90626612
  1715  H    0.85943267    C  630  0.90944567
  1716  H    0.87672673    C  631  0.90497866
  1717  H    0.86049339    C  631  0.90367339
  1718  H    0.85534170    C  631  0.91188726
  1719  H    0.82839629    N  632  0.85149684
  1720  H    0.84387232    C  633  0.87993440
  1721  H    0.86080305    C  636  0.88926461
  1722  H    0.85840686    C  636  0.89831191
  1723  H    0.84938345    C  637  0.90680160
  1724  H    0.85555934    C  637  0.90472918
  1725  H    0.86718443    C  638  0.90598336
  1726  H    0.85878163    C  638  0.90390752
  1727  H    0.82775972    N  639  0.85630952
  1728  H    0.84355729    N  641  0.84182896
  1729  H    0.83013621    N  641  0.83944646
  1730  H    0.84670441    N  642  0.84264587
  1731  H    0.82981820    N  642  0.83236950
  1732  H    0.83442465    N  643  0.85326479
  1733  H    0.85490204    C  644  0.88663219
  1734  H    0.86721964    C  647  0.88893064
  1735  H    0.85829421    C  647  0.89941971
  1736  H    0.87919016    C  648  0.89022375
  1737  H    0.84304333    C  648  0.91613434
  1738  H    0.82887130    N  652  0.84999997
  1739  H    0.86822286    C  653  0.88072605
  1740  H    0.86175627    C  656  0.89880040
  1741  H    0.87449617    C  656  0.90615822
  1742  H    0.85392030    C  656  0.91029314
  1743  H    0.83634675    N  657  0.84512629
  1744  H    0.86252149    C  658  0.87190953
  1745  H    0.85603779    C  661  0.90561939
  1746  H    0.85345885    C  661  0.88799658
  1747  H    0.90167476    C  663  0.91633340
  1748  H    0.91328142    C  664  0.90705615
  1749  H    0.90471426    C  665  0.90860587
  1750  H    0.91163357    C  666  0.91096567
  1751  H    0.91198293    C  667  0.91320082
  1752  H    0.83892314    N  668  0.84857107
  1753  H    0.84444769    C  669  0.87940862
  1754  H    0.86182286    C  672  0.89530369
  1755  H    0.85203547    C  672  0.90136511
  1756  H    0.85722633    C  673  0.89232895
  1757  H    0.86245279    C  673  0.88573220
  1758  H    0.84768445    C  674  0.91563733
  1759  H    0.85970263    C  674  0.90025136
  1760  H    0.82701735    N  675  0.84124969
  1761  H    0.82974228    N  677  0.83096157
  1762  H    0.81927032    N  677  0.84672430
  1763  H    0.83897974    N  678  0.84467880
  1764  H    0.82623407    N  678  0.85314420
  1765  H    0.82880342    N  679  0.84944210
  1766  H    0.86270485    C  680  0.88288980
  1767  H    0.86791803    C  683  0.89001148
  1768  H    0.86617036    C  684  0.89962523
  1769  H    0.84042500    C  684  0.90276751
  1770  H    0.87260384    C  684  0.91016435
  1771  H    0.87109734    C  685  0.90154659
  1772  H    0.87471728    C  685  0.91376468
  1773  H    0.84920531    C  685  0.90836336
  1774  H    0.82712997    N  686  0.84289622
  1775  H    0.84197630    C  687  0.89469137
  1776  H    0.84821030    C  690  0.88487225
  1777  H    0.85090046    C  690  0.90444587
  1778  H    0.89357898    C  692  0.90347247
  1779  H    0.89673159    C  693  0.90597786
  1780  H    0.91605960    C  694  0.91223091
  1781  H    0.91110256    C  695  0.90054480
  1782  H    0.92231059    C  696  0.90435806
  1783  H    0.85744117    N  697  0.85996707
  1784  H    0.86917395    C  698  0.89312543
  1785  H    0.85992798    C  701  0.89183619
  1786  H    0.85703555    C  701  0.87089300
  1787  H    0.85112024    N  705  0.84386833
  1788  H    0.85104535    C  706  0.88723375
  1789  H    0.81528757    C  709  0.91438107
  1790  H    0.84859971    C  709  0.88582275
  1791  H    0.85391382    C  710  0.89965311
  1792  H    0.86011488    C  710  0.88360941
  1793  H    0.85297980    C  711  0.88792469
  1794  H    0.85342465    C  711  0.89970397
  1795  H    0.86804825    C  712  0.90634442
  1796  H    0.86567559    C  712  0.90132203
  1797  H    0.76776164    N  713  0.81318041
  1798  H    0.77541834    N  713  0.81830767
  1799  H    0.76907292    N  713  0.81925886
  1800  H    0.88120241    N  714  0.84826647
  1801  H    0.85394696    C  715  0.86788187
  1802  H    0.83350011    C  718  0.89555505
  1803  H    0.85703281    C  718  0.86120452
  1804  H    0.89203479    N  722  0.85496165
  1805  H    0.85929806    C  723  0.89270693
  1806  H    0.83470162    C  723  0.87062610
  1807  H    0.87724245    N  726  0.86807343
  1808  H    0.85302100    C  727  0.87590297
  1809  H    0.85411148    C  730  0.86487514
  1810  H    0.85501472    C  730  0.87027894
  1811  H    0.82267644    N  733  0.83343154
  1812  H    0.81255206    N  733  0.81562428
  1813  H    0.90774386    N  734  0.85562801
  1814  H    0.86109850    C  735  0.89566506
  1815  H    0.84711524    C  735  0.88065271
  1816  H    0.88204280    N  738  0.87829067
  1817  H    0.85184623    C  739  0.90252523
  1818  H    0.82471574    C  742  0.89431933
  1819  H    0.85747181    C  742  0.91407189
  1820  H    0.90133290    C  744  0.89955018
  1821  H    0.90738567    C  745  0.90436886
  1822  H    0.88203642    C  746  0.91457577
  1823  H    0.92259804    C  747  0.90424920
  1824  H    0.92270327    C  748  0.90469405
  1825  H    0.88715535    N  749  0.83099992
  1826  H    0.86993589    C  750  0.91533596
  1827  H    0.85507198    C  753  0.90169623
  1828  H    0.85560983    C  754  0.90725858
  1829  H    0.86516709    C  754  0.90211279
  1830  H    0.84799334    C  755  0.90741475
  1831  H    0.85490424    C  755  0.90911076
  1832  H    0.86149627    C  755  0.90671749
  1833  H    0.85638928    C  756  0.90770340
  1834  H    0.85959483    C  756  0.91437222
  1835  H    0.84619858    C  756  0.92493199
  1836  H    0.83125031    N  757  0.85324731
  1837  H    0.86552798    C  758  0.89134576
  1838  H    0.85671703    C  761  0.90312193
  1839  H    0.86507547    C  761  0.89289950
  1840  H    0.71992250    O  762  0.74278109
  1841  H    0.82616475    N  763  0.84273938
  1842  H    0.85443307    C  764  0.88962884
  1843  H    0.83760381    C  767  0.91031787
  1844  H    0.85614934    C  767  0.90324224
  1845  H    0.87897942    C  767  0.92358407
  1846  H    0.83411181    N  768  0.84838081
  1847  H    0.86436732    C  769  0.88571765
  1848  H    0.87364418    C  772  0.90098215
  1849  H    0.87602016    C  772  0.90392323
  1850  H    0.86879377    C  772  0.91002552
  1851  H    0.82732273    N  773  0.84532250
  1852  H    0.85433321    C  774  0.88508036
  1853  H    0.83962056    C  777  0.88347755
  1854  H    0.84390004    C  777  0.89816433
  1855  H    0.84943858    C  778  0.87251602
  1856  H    0.81517510    C  778  0.90079634
  1857  H    0.84456124    N  782  0.85322134
  1858  H    0.84153777    C  783  0.87638769
  1859  H    0.85328993    C  786  0.89984241
  1860  H    0.84586418    C  786  0.89195430
  1861  H    0.87190289    C  787  0.88906371
  1862  H    0.86936106    C  788  0.90587257
  1863  H    0.83859044    C  788  0.91272539
  1864  H    0.86442231    C  788  0.90802355
  1865  H    0.82535066    C  789  0.92596838
  1866  H    0.85784260    C  789  0.91050968
  1867  H    0.84642314    C  789  0.90459674
  1868  H    0.84929731    N  790  0.85476447
  1869  H    0.84862374    C  791  0.88379236
  1870  H    0.84230728    C  794  0.92032444
  1871  H    0.84063608    C  794  0.89508263
  1872  H    0.86444800    C  795  0.89055772
  1873  H    0.84735108    C  795  0.88547717
  1874  H    0.86374646    C  796  0.90235403
  1875  H    0.85382752    C  796  0.90628970
  1876  H    0.82947082    N  797  0.85793579
  1877  H    0.83365714    N  799  0.84103308
  1878  H    0.81739413    N  799  0.83365032
  1879  H    0.84139485    N  800  0.83758443
  1880  H    0.83229961    N  800  0.83178822
  1881  H    0.84223441    N  801  0.85851813
  1882  H    0.85882147    C  802  0.89187483
  1883  H    0.83835614    C  805  0.88602154
  1884  H    0.85709355    C  805  0.87979656
  1885  H    0.81160488    N  807  0.81364019
  1886  H    0.90956931    C  808  0.89623830
  1887  H    0.92182634    C  809  0.90392364
  1888  H    0.85722437    N  811  0.85754026
  1889  H    0.86203481    C  812  0.89181780
  1890  H    0.86294388    C  815  0.88971750
  1891  H    0.84357231    C  816  0.90450545
  1892  H    0.83597036    C  816  0.91675544
  1893  H    0.86981983    C  816  0.91147053
  1894  H    0.84260390    C  817  0.90388199
  1895  H    0.86817007    C  817  0.91220503
  1896  H    0.84713409    C  817  0.91172911
  1897  H    0.84188923    N  818  0.84836960
  1898  H    0.87329813    C  819  0.90491948
  1899  H    0.85323664    C  822  0.90455293
  1900  H    0.85313061    C  822  0.89800656
  1901  H    0.84372748    C  823  0.87517842
  1902  H    0.84369893    C  823  0.88758021
  1903  H    0.86331309    C  825  0.88626290
  1904  H    0.85566566    C  825  0.88355550
  1905  H    0.81439617    C  825  0.91094988
  1906  H    0.83456011    N  826  0.85008325
  1907  H    0.85554903    C  827  0.88486866
  1908  H    0.85597653    C  830  0.88250512
  1909  H    0.71878241    O  831  0.72457686
  1910  H    0.86234552    C  832  0.90679871
  1911  H    0.86400216    C  832  0.90624140
  1912  H    0.86041499    C  832  0.92197919
  1913  H    0.81794284    N  833  0.84738377
  1914  H    0.86094330    C  834  0.87757031
  1915  H    0.85666236    C  837  0.89250998
  1916  H    0.84564101    C  837  0.88595428
  1917  H    0.84841452    N  840  0.83549691
  1918  H    0.83595316    N  840  0.83741394
  1919  H    0.85130623    N  841  0.86590514
  1920  H    0.85107624    C  842  0.88495132
  1921  H    0.85638121    C  845  0.88845793
  1922  H    0.84468515    C  845  0.88727033
  1923  H    0.86881036    C  846  0.89582687
  1924  H    0.84249796    C  847  0.90177197
  1925  H    0.84801241    C  847  0.89764450
  1926  H    0.86911759    C  847  0.91244616
  1927  H    0.86470031    C  848  0.89775048
  1928  H    0.87287186    C  848  0.90891745
  1929  H    0.85156904    C  848  0.90830396
  1930  H    0.86108395    N  849  0.86009483
  1931  H    0.85556698    C  850  0.88858162
  1932  H    0.85617436    C  850  0.87655391
  1933  H    0.86975225    N  853  0.85295418
  1934  H    0.85520308    C  854  0.91599648
  1935  H    0.85818713    C  857  0.89367282
  1936  H    0.86619094    C  857  0.89022785
  1937  H    0.84520236    C  858  0.90506347
  1938  H    0.82582748    C  858  0.89442094
  1939  H    0.81756230    N  862  0.84016926
  1940  H    0.83836878    C  863  0.90688505
  1941  H    0.85945833    C  866  0.88446021
  1942  H    0.85302676    C  866  0.90116766
  1943  H    0.84790077    C  867  0.88883409
  1944  H    0.84216828    C  867  0.88117337
  1945  H    0.86300768    C  868  0.88351283
  1946  H    0.86367302    C  868  0.88945568
  1947  H    0.85408901    C  869  0.90046395
  1948  H    0.85788559    C  869  0.89594059
  1949  H    0.76597163    N  870  0.81389922
  1950  H    0.76652211    N  870  0.80844464
  1951  H    0.76958013    N  870  0.81436764
  1952  H    0.80838266    N  871  0.83453025
  1953  H    0.85731320    C  872  0.90037892
  1954  H    0.84006650    C  875  0.88857696
  1955  H    0.84090190    C  875  0.89694150
  1956  H    0.85938792    C  876  0.89800236
  1957  H    0.84016675    C  877  0.91032057
  1958  H    0.84205602    C  877  0.90184520
  1959  H    0.82356866    C  877  0.92617406
  1960  H    0.86874125    C  878  0.90422033
  1961  H    0.86302939    C  878  0.90868789
  1962  H    0.86575076    C  878  0.90152599
  1963  H    0.83915264    N  879  0.85111184
  1964  H    0.85873798    C  880  0.88115717
  1965  H    0.85976804    C  883  0.88696488
  1966  H    0.68256612    O  884  0.74622034
  1967  H    0.87686200    C  885  0.90177752
  1968  H    0.87068301    C  885  0.89881767
  1969  H    0.86130057    C  885  0.90851579
  1970  H    0.81976391    N  886  0.84404995
  1971  H    0.84824006    C  887  0.88905584
  1972  H    0.86244211    C  890  0.86593939
  1973  H    0.87052607    C  890  0.90483839
  1974  H    0.82980954    N  894  0.85022442
  1975  H    0.85622964    C  895  0.88747371
  1976  H    0.85876508    C  898  0.89500819
  1977  H    0.86361753    C  898  0.89581973
  1978  H    0.85457707    C  899  0.89577254
  1979  H    0.87274414    C  899  0.87368417
  1980  H    0.82763088    N  903  0.85527011
  1981  H    0.85821243    C  904  0.88907037
  1982  H    0.85701652    C  907  0.88365592
  1983  H    0.84907789    C  907  0.90106040
  1984  H    0.84040240    C  908  0.90141522
  1985  H    0.86934945    C  908  0.90219627
  1986  H    0.82914469    N  912  0.85629677
  1987  H    0.82698036    C  913  0.90042571
  1988  H    0.85539539    C  916  0.87810137
  1989  H    0.83745898    C  917  0.90991857
  1990  H    0.83393093    C  917  0.90925324
  1991  H    0.84553739    C  917  0.92098808
  1992  H    0.85634124    C  918  0.90499314
  1993  H    0.84745164    C  918  0.92847601
  1994  H    0.84073640    C  918  0.92303411
  1995  H    0.84608221    N  919  0.86206460
  1996  H    0.86073278    C  920  0.89016379
  1997  H    0.85651076    C  923  0.88635792
  1998  H    0.86019057    C  923  0.90038310
  1999  H    0.83167959    N  927  0.85739532
  2000  H    0.86053640    C  928  0.89170518
  2001  H    0.86861900    C  931  0.88994984
  2002  H    0.85905781    C  931  0.89870723
  2003  H    0.85213674    C  932  0.89535072
  2004  H    0.84863475    C  932  0.91113464
  2005  H    0.83319186    N  936  0.85630825
  2006  H    0.86141316    C  937  0.89177971
  2007  H    0.86622863    C  940  0.88809551
  2008  H    0.84993855    C  940  0.90751270
  2009  H    0.85474944    C  941  0.89585093
  2010  H    0.86427359    C  941  0.87646946
  2011  H    0.83408647    C  943  0.89615380
  2012  H    0.82998922    C  943  0.90504083
  2013  H    0.80415655    C  943  0.91675438
  2014  H    0.84618935    N  944  0.85951589
  2015  H    0.84796928    C  945  0.89996061
  2016  H    0.86880465    C  948  0.89371247
  2017  H    0.84890456    C  949  0.90535641
  2018  H    0.85307726    C  949  0.90539872
  2019  H    0.85812461    C  950  0.90395968
  2020  H    0.85929527    C  950  0.90812707
  2021  H    0.84675190    C  950  0.90968003
  2022  H    0.85480275    C  951  0.90294639
  2023  H    0.85217536    C  951  0.91511951
  2024  H    0.84893604    C  951  0.91816826
  2025  H    0.84826893    N  952  0.85804427
  2026  H    0.85026844    C  953  0.89189236
  2027  H    0.85742572    C  956  0.89412376
  2028  H    0.85092572    C  956  0.89763148
  2029  H    0.85037639    C  957  0.89760518
  2030  H    0.86150319    C  957  0.88425228
  2031  H    0.85531530    C  958  0.90775196
  2032  H    0.85750047    C  958  0.89950171
  2033  H    0.82613034    N  959  0.83931727
  2034  H    0.82696403    N  961  0.83287486
  2035  H    0.81738936    N  961  0.84188420
  2036  H    0.82073213    N  962  0.84196691
  2037  H    0.83717975    N  962  0.84065091
  2038  H    0.82765831    N  963  0.85099376
  2039  H    0.86405306    C  964  0.88236987
  2040  H    0.85081264    C  967  0.89662773
  2041  H    0.86594098    C  967  0.89145568
  2042  H    0.87451360    C  968  0.90236074
  2043  H    0.82846520    C  968  0.90436358
  2044  H    0.83398639    N  972  0.85385932
  2045  H    0.85253219    C  973  0.89778407
  2046  H    0.85819429    C  976  0.89166567
  2047  H    0.83671924    C  976  0.91601785
  2048  H    0.85233757    C  976  0.91452864
  2049  H    0.83974178    N  977  0.86414281
  2050  H    0.87809648    C  978  0.89797218
  2051  H    0.85450735    C  981  0.89138917
  2052  H    0.84541557    C  981  0.86266963
  2053  H    0.82409943    N  985  0.84537970
  2054  H    0.85428053    C  986  0.88403307
  2055  H    0.84648262    C  989  0.88824618
  2056  H    0.83486084    C  990  0.89319382
  2057  H    0.86577254    C  990  0.89635457
  2058  H    0.84831685    C  991  0.90297773
  2059  H    0.85269752    C  991  0.89975526
  2060  H    0.86827685    C  991  0.90436110
  2061  H    0.84872365    C  992  0.89993231
  2062  H    0.85332993    C  992  0.89678564
  2063  H    0.85614532    C  992  0.91891949
  2064  H    0.84752498    N  993  0.84815376
  2065  H    0.84785234    C  994  0.86835961
  2066  H    0.83684751    C  997  0.87603332
  2067  H    0.85511579    C  997  0.86131096
  2068  H    0.85158517    N 1001  0.85294625
  2069  H    0.85750913    C 1002  0.89184883
  2070  H    0.83355845    C 1002  0.87153216
  2071  H    0.90146170    N 1005  0.87693379
  2072  H    0.85309232    C 1006  0.87902108
  2073  H    0.85864291    C 1009  0.86747212
  2074  H    0.85696727    C 1009  0.86921591
  2075  H    0.88180839    N 1013  0.85874226
  2076  H    0.85720162    C 1014  0.89237428
  2077  H    0.85581088    C 1014  0.87817165
  2078  H    0.88368691    N 1017  0.87679833
  2079  H    0.84921939    C 1018  0.88577208
  2080  H    0.83196649    C 1021  0.90975227
  2081  H    0.85824077    C 1021  0.90797155
  2082  H    0.86619200    C 1022  0.89412496
  2083  H    0.86089788    C 1022  0.87515882
  2084  H    0.85609463    N 1025  0.87857414
  2085  H    0.80186187    N 1025  0.84657424
  2086  H    0.85479323    N 1026  0.83787159
  2087  H    0.87231528    C 1027  0.92259180
  2088  H    0.85229777    C 1030  0.90090611
  2089  H    0.85649821    C 1031  0.90211038
  2090  H    0.84928632    C 1031  0.90737351
  2091  H    0.85298336    C 1031  0.91563271
  2092  H    0.86215098    C 1032  0.90319566
  2093  H    0.86076883    C 1032  0.91205424
  2094  H    0.84619878    C 1032  0.91371881
  2095  H    0.85560354    N 1033  0.86189597
  2096  H    0.85207507    C 1034  0.88619172
  2097  H    0.84709342    C 1037  0.89241668
  2098  H    0.85617264    C 1037  0.87389659
  2099  H    0.77943768    N 1040  0.86901040
  2100  H    0.86165884    N 1040  0.87759996
  2101  H    0.82107351    N 1041  0.84013771
  2102  H    0.84851505    C 1042  0.89613782
  2103  H    0.86332466    C 1045  0.90687508
  2104  H    0.86112332    C 1045  0.83887883
  2105  H    0.89190623    C 1047  0.89843448
  2106  H    0.90322070    C 1048  0.90201603
  2107  H    0.88494209    C 1049  0.89901884
  2108  H    0.90215562    C 1050  0.89631472
  2109  H    0.69649464    O 1052  0.68309796
  2110  H    0.88223718    N 1053  0.86124269
  2111  H    0.85689609    C 1054  0.88226411
  2112  H    0.86491298    C 1057  0.88306705
  2113  H    0.85803361    C 1057  0.90165638
  2114  H    0.87117658    C 1058  0.90072376
  2115  H    0.87713159    C 1058  0.87703808
  2116  H    0.82784243    N 1062  0.88288048
  2117  H    0.84831663    C 1063  0.88256000
  2118  H    0.84221426    C 1066  0.88812460
  2119  H    0.84175271    C 1066  0.90584687
  2120  H    0.82025325    C 1067  0.89189064
  2121  H    0.83421989    C 1067  0.88738483
  2122  H    0.83726817    N 1071  0.85416940
  2123  H    0.85142362    C 1072  0.88365786
  2124  H    0.85290835    C 1075  0.90963324
  2125  H    0.84453823    C 1075  0.88893445
  2126  H    0.90712315    C 1077  0.90459176
  2127  H    0.90209239    C 1078  0.90672004
  2128  H    0.90618874    C 1079  0.90871164
  2129  H    0.92036262    C 1080  0.90376201
  2130  H    0.91696409    C 1081  0.90717839
  2131  H    0.83903364    N 1082  0.85791524
  2132  H    0.85313212    C 1083  0.88304875
  2133  H    0.86789235    C 1086  0.89202982
  2134  H    0.87003712    C 1087  0.90114648
  2135  H    0.86252640    C 1087  0.90661235
  2136  H    0.86543040    C 1087  0.90329916
  2137  H    0.86093599    C 1088  0.90371206
  2138  H    0.84493326    C 1088  0.91204192
  2139  H    0.84593082    C 1088  0.90622720
  2140  H    0.82948171    N 1089  0.84960624
  2141  H    0.86246892    C 1090  0.88334629
  2142  H    0.85899550    C 1093  0.89179739
  2143  H    0.69216901    O 1094  0.70877784
  2144  H    0.85832531    C 1095  0.90317316
  2145  H    0.85378906    C 1095  0.89417204
  2146  H    0.87603066    C 1095  0.91034922
  2147  H    0.82887431    N 1096  0.84892406
  2148  H    0.86472680    C 1097  0.89115105
  2149  H    0.85045195    C 1100  0.88897519
  2150  H    0.84510925    C 1100  0.89795979
  2151  H    0.85502594    C 1101  0.88023841
  2152  H    0.85138354    C 1101  0.87146161
  2153  H    0.83768824    C 1103  0.90335111
  2154  H    0.84367368    C 1103  0.89574925
  2155  H    0.83024016    C 1103  0.90885207
  2156  H    0.79067364    N 1104  0.81740749    O 1099  0.05580705
  2157  H    0.85644181    C 1105  0.89549479
  2158  H    0.90048953    C 1106  0.88763908
  2159  H    0.86154052    C 1108  0.88600042
  2160  H    0.85897213    C 1108  0.89353485
  2161  H    0.84549332    C 1109  0.88264061
  2162  H    0.85900568    C 1109  0.87958566
  2163  H    0.86596578    C 1111  0.88589351
  2164  H    0.86771253    C 1111  0.89128975
  2165  H    0.86599138    C 1111  0.89189407
  2166  H    0.68393880    O 1116  0.68319778
  2167  H    0.71940117    O 1116  0.73479350
  2168  H    0.73915553    O 1117  0.74798427
  2169  H    0.73138743    O 1117  0.73112053
  2170  H    0.82701535    O 1118  0.77426036
  2171  H    0.74557481    O 1118  0.75333169
  2172  H    0.73912237    O 1119  0.72581363
  2173  H    0.74861410    O 1119  0.73778306
  2174  H    0.70699130    O 1120  0.72439343
  2175  H    0.75040648    O 1120  0.73231234
  2176  H    0.72146310    O 1121  0.71633470
  2177  H    0.64508245    O 1121  0.67569716
  2178  H    0.66825833    O 1122  0.66332984
  2179  H    0.87463455    O 1122  0.75083033
dipole moment  X         Y          Z
       69.038356      219.090499     -148.244661  total     (au/Debye)      :   273.3924   694.9089
second moment  X^2       Y^2        Z^2
    -4566.093456    12374.646475     6659.246169  average   (au)            :  4822.5997
cpu  time for all   10 h 28 m 18.5 s
wall time for all    0 h 11 m 43.0 s
