 
       ==============================================
       |                 P T B                      |
       |                S.Grimme                    |
       |          Universitaet Bonn, MCTC           |
       ==============================================
       Version 3.7, Do 28. Apr 14:28:45 CEST 2022
 
       Cite work conducted with this code as
       S. Grimme, M. Mueller, A. Hansen, unpublished.
 
 filter  1.000000000000000E-005
 ../../../../.atompara                                                                                                                                                                                                                                           
          =========================
          reading ... ../../../../systems/1nx2.xyz
          =========================
 basis read done.
 ncao                  26604
 nsao                  25194
 npr                   69992
 basis setup done. Ndim                 25194
 coreat                   1410
 cncao                    1466
 cnsao                    1466
 cnpr                     8796
 
 nalpha                   3925
 nbeta                    3924
 ntotal                   7849
 nopen                       1
cpu  time for startup and initial S   10.01 s
wall time for startup and initial S   10.00 s
               -----------------------
               |      PTB  model      |
               | SG, MM, AH 2020-2022 |
               -----------------------
 prop :                     1
 PA setup with Mull-Loew partitioning   0.333333 ...
 done.
EEQ done. sum q :   -0.000
    atom   Zeff  qEEQ  mod   srCN   noHCN   CN(EEQ)
    1    7  5.0     0.095   3.660   0.225   3.991
    2    6  4.0    -0.049   4.130   0.229   3.981
    3    6  4.0    -0.049   3.503   0.564   3.010
    4    8  6.0    -0.118   1.486   0.288   1.003
    5    6  4.0    -0.055   4.169   0.118   3.985
    6    6  4.0    -0.041   3.856   0.122   3.980
    7    6  4.0    -0.006   2.891   0.602   2.997
    8    8  6.0    -0.110   1.495   0.273   1.001
    9    8  6.0    -0.107   1.256   0.274   1.001
   10    7  5.0    -0.009   3.576   0.391   3.005
   11    6  4.0    -0.021   4.258   0.245   3.993
   12    6  4.0    -0.041   3.579   0.564   3.011
   13    8  6.0    -0.112   1.511   0.288   1.003
   14    6  4.0    -0.055   4.101   0.118   3.986
   15    6  4.0    -0.041   3.838   0.121   3.980
   16    6  4.0    -0.004   2.780   0.595   2.996
   17    8  6.0    -0.097   1.213   0.271   1.001
   18    8  6.0    -0.100   1.301   0.270   1.001
   19    7  5.0     0.003   3.670   0.392   3.005
   20    6  4.0    -0.021   4.455   0.241   4.000
   21    6  4.0    -0.042   3.732   0.565   3.013
   22    8  6.0    -0.115   1.462   0.287   1.003
   23    6  4.0    -0.036   4.091   0.169   3.982
   24    6  4.0    -0.079   3.713   0.064   3.983
   25    6  4.0    -0.080   3.671   0.068   3.985
   26    7  5.0     0.005   3.828   0.396   3.006
   27    6  4.0    -0.020   4.303   0.246   3.994
   28    6  4.0    -0.044   3.538   0.563   3.011
   29    8  6.0    -0.119   1.482   0.289   1.004
   30    6  4.0    -0.060   3.975   0.110   3.982
   31    6  4.0    -0.060   3.850   0.109   3.975
   32    6  4.0    -0.058   4.182   0.185   3.983
   33    7  5.0     0.003   3.429   0.386   3.014
   34    6  4.0    -0.078   3.336   0.660   3.004
   35    7  5.0    -0.067   3.057   0.296   3.015
   36    7  5.0    -0.055   2.932   0.297   3.016
   37    7  5.0     0.009   3.659   0.392   3.004
   38    6  4.0    -0.018   4.358   0.247   3.997
   39    6  4.0    -0.043   3.578   0.565   3.014
   40    8  6.0    -0.116   1.552   0.289   1.004
   41    6  4.0    -0.053   4.036   0.117   3.985
   42    6  4.0    -0.042   3.870   0.120   3.984
   43    6  4.0    -0.042   3.098   0.564   2.996
   44    8  6.0    -0.109   1.301   0.284   1.003
   45    7  5.0    -0.063   2.871   0.299   3.003
   46    7  5.0     0.008   3.701   0.390   3.007
   47    6  4.0    -0.018   4.357   0.244   4.000
   48    6  4.0    -0.039   3.717   0.568   3.012
   49    8  6.0    -0.110   1.554   0.290   1.003
   50    6  4.0    -0.042   4.100   0.122   3.989
   51    6  4.0    -0.036   3.698   0.294   3.023
   52    6  4.0    -0.065   3.456   0.233   3.031
   53    6  4.0    -0.065   3.443   0.235   3.031
   54    6  4.0    -0.067   3.264   0.233   3.023
   55    6  4.0    -0.068   3.261   0.235   3.023
   56    6  4.0    -0.067   3.256   0.235   3.025
   57    7  5.0     0.012   3.744   0.395   3.011
   58    6  4.0    -0.022   4.293   0.248   3.993
   59    6  4.0    -0.042   3.639   0.559   3.011
   60    8  6.0    -0.115   1.437   0.287   1.003
   61    6  4.0    -0.056   4.178   0.126   3.992
   62    6  4.0    -0.058   3.866   0.127   3.982
   63    6  4.0    -0.059   3.928   0.193   3.991
   64    7  5.0    -0.015   3.363   0.388   3.016
   65    6  4.0    -0.078   3.287   0.659   3.006
   66    7  5.0    -0.064   3.025   0.296   3.016
   67    7  5.0    -0.072   2.927   0.295   3.015
   68    7  5.0     0.011   3.730   0.387   3.005
   69    6  4.0    -0.021   4.246   0.242   3.991
   70    6  4.0    -0.042   3.565   0.561   3.010
   71    8  6.0    -0.115   1.565   0.290   1.003
   72    6  4.0    -0.057   4.103   0.113   3.983
   73    6  4.0    -0.060   3.812   0.113   3.978
   74    6  4.0    -0.060   3.869   0.192   3.986
   75    7  5.0    -0.012   3.407   0.394   3.019
   76    6  4.0    -0.079   3.313   0.669   3.005
   77    7  5.0    -0.064   3.025   0.299   3.017
   78    7  5.0    -0.060   2.941   0.301   3.020
   79    7  5.0     0.013   3.672   0.385   3.004
   80    6  4.0    -0.021   4.293   0.237   3.990
   81    6  4.0    -0.042   3.695   0.564   3.013
   82    8  6.0    -0.116   1.583   0.290   1.004
   83    6  4.0    -0.056   4.187   0.111   3.987
   84    6  4.0    -0.036   3.896   0.169   3.976
   85    6  4.0    -0.081   3.646   0.064   3.983
   86    6  4.0    -0.083   3.576   0.066   3.984
   87    7  5.0     0.011   3.681   0.397   3.006
   88    6  4.0    -0.017   4.363   0.250   4.001
   89    6  4.0    -0.036   3.800   0.569   3.015
   90    8  6.0    -0.111   1.682   0.291   1.004
   91    6  4.0    -0.043   4.159   0.124   3.992
   92    6  4.0    -0.038   3.769   0.292   3.022
   93    6  4.0    -0.068   3.468   0.231   3.028
   94    6  4.0    -0.067   3.480   0.232   3.029
   95    6  4.0    -0.068   3.258   0.229   3.021
   96    6  4.0    -0.068   3.243   0.232   3.021
   97    6  4.0    -0.066   3.280   0.230   3.023
   98    7  5.0     0.015   3.716   0.393   3.008
   99    6  4.0    -0.020   4.136   0.249   3.995
  100    6  4.0    -0.041   3.587   0.569   3.012
  101    8  6.0    -0.103   1.408   0.290   1.004
  102    6  4.0    -0.081   3.630   0.065   3.983
  103    7  5.0     0.016   3.720   0.396   3.008
  104    6  4.0    -0.020   4.266   0.244   3.993
  105    6  4.0    -0.039   3.645   0.564   3.009
  106    8  6.0    -0.102   1.399   0.290   1.004
  107    6  4.0    -0.054   4.031   0.112   3.982
  108    6  4.0    -0.039   3.881   0.116   3.981
  109    6  4.0    -0.040   3.079   0.554   2.995
  110    8  6.0    -0.114   1.295   0.279   1.003
  111    7  5.0    -0.056   2.912   0.296   3.001
  112    7  5.0     0.021   3.707   0.391   3.004
  113    6  4.0    -0.020   4.336   0.248   3.995
  114    6  4.0    -0.044   3.558   0.565   3.010
  115    8  6.0    -0.110   1.440   0.287   1.003
  116    6  4.0    -0.056   4.203   0.113   3.990
  117    6  4.0    -0.038   3.855   0.168   3.976
  118    6  4.0    -0.083   3.598   0.064   3.983
  119    6  4.0    -0.080   3.675   0.065   3.983
  120    7  5.0     0.005   3.696   0.389   3.005
  121    6  4.0    -0.027   4.335   0.244   3.994
  122    6  4.0    -0.065   3.922   0.569   3.180
  123    8  6.0    -0.130   2.154   0.374   1.996
  124    6  4.0    -0.080   3.789   0.063   3.982
  125    7  5.0     0.012   3.498   0.400   3.003
  126    6  4.0    -0.042   3.998   0.201   4.002
  127    6  4.0    -0.046   3.343   0.568   3.001
  128    8  6.0    -0.107   1.474   0.287   1.003
  129    7  5.0    -0.000   3.563   0.395   3.008
  130    6  4.0    -0.018   4.327   0.246   3.990
  131    6  4.0    -0.044   3.538   0.571   3.012
  132    8  6.0    -0.108   1.401   0.294   1.005
  133    6  4.0    -0.040   4.067   0.117   3.987
  134    6  4.0    -0.004   2.867   0.593   2.996
  135    8  6.0    -0.097   1.221   0.274   1.001
  136    8  6.0    -0.095   1.313   0.265   1.001
  137    7  5.0    -0.008   3.797   0.390   3.004
  138    6  4.0    -0.018   4.406   0.242   3.999
  139    6  4.0    -0.042   3.699   0.564   3.006
  140    8  6.0    -0.103   1.450   0.287   1.003
  141    6  4.0    -0.041   4.099   0.119   3.984
  142    6  4.0    -0.037   3.369   0.604   3.184
  143    8  6.0    -0.149   1.888   0.275   1.008
  144    8  6.0    -0.107   2.147   0.313   1.951
  145    7  5.0    -0.000   3.795   0.395   3.008
  146    6  4.0    -0.019   4.327   0.247   3.994
  147    6  4.0    -0.046   3.524   0.566   3.008
  148    8  6.0    -0.114   1.441   0.290   1.004
  149    6  4.0    -0.049   4.193   0.120   4.023
  150    6  4.0    -0.061   3.648   0.239   3.982
  151   16  6.0    -0.012   2.742   0.320   2.027
  152    6  4.0    -0.085   3.139   0.150   3.973
  153    7  5.0     0.004   3.879   0.397   3.015
  154    6  4.0    -0.023   4.380   0.247   3.996
  155    6  4.0    -0.079   3.795   0.574   3.037
  156    8  6.0    -0.108   2.203   0.331   1.947
  157    6  4.0    -0.052   4.073   0.113   3.981
  158    6  4.0    -0.039   3.841   0.119   3.979
  159    6  4.0    -0.008   2.888   0.605   2.996
  160    8  6.0    -0.119   1.528   0.276   1.001
  161    8  6.0    -0.117   1.364   0.276   1.001
  162    7  5.0    -0.011   3.636   0.394   3.006
  163    6  4.0    -0.021   4.558   0.242   4.001
  164    6  4.0    -0.047   3.650   0.568   3.009
  165    8  6.0    -0.120   1.562   0.292   1.003
  166    6  4.0    -0.034   4.033   0.163   3.978
  167    6  4.0    -0.080   3.728   0.062   3.981
  168    6  4.0    -0.083   3.659   0.065   3.984
  169    7  5.0    -0.005   3.692   0.390   3.007
  170    6  4.0    -0.021   4.269   0.246   3.994
  171    6  4.0    -0.041   3.620   0.573   3.015
  172    8  6.0    -0.115   1.664   0.294   1.004
  173    6  4.0    -0.058   3.894   0.206   3.983
  174    8  6.0    -0.053   1.972   0.190   1.989
  175    7  5.0    -0.011   3.584   0.393   3.008
  176    6  4.0    -0.020   4.149   0.248   3.995
  177    6  4.0    -0.043   3.571   0.566   3.011
  178    8  6.0    -0.120   1.540   0.291   1.004
  179    6  4.0    -0.081   3.691   0.068   3.984
  180    7  5.0     0.004   3.691   0.393   3.006
  181    6  4.0    -0.020   4.416   0.247   3.999
  182    6  4.0    -0.043   3.729   0.563   3.016
  183    8  6.0    -0.112   1.531   0.286   1.003
  184    6  4.0    -0.035   3.982   0.247   3.981
  185    8  6.0    -0.057   1.946   0.177   1.986
  186    6  4.0    -0.080   3.670   0.066   3.980
  187    7  5.0     0.003   3.739   0.392   3.007
  188    6  4.0    -0.021   4.277   0.245   3.996
  189    6  4.0    -0.042   3.582   0.571   3.013
  190    8  6.0    -0.114   1.445   0.295   1.004
  191    6  4.0    -0.058   4.083   0.112   3.982
  192    6  4.0    -0.053   3.957   0.117   3.979
  193    6  4.0    -0.045   3.408   0.598   3.816
  194    8  6.0    -0.126   1.991   0.315   1.964
  195    8  6.0    -0.113   2.120   0.298   1.915
  196    7  5.0     0.009   3.697   0.392   3.006
  197    6  4.0    -0.021   4.342   0.242   3.996
  198    6  4.0    -0.043   3.710   0.562   3.011
  199    8  6.0    -0.119   1.614   0.288   1.003
  200    6  4.0    -0.057   4.209   0.114   3.990
  201    6  4.0    -0.038   3.933   0.169   3.977
  202    6  4.0    -0.082   3.670   0.066   3.984
  203    6  4.0    -0.084   3.572   0.062   3.981
  204    7  5.0     0.008   3.711   0.395   3.006
  205    6  4.0    -0.021   4.370   0.246   3.995
  206    6  4.0    -0.042   3.706   0.560   3.013
  207    8  6.0    -0.111   1.546   0.285   1.003
  208    6  4.0    -0.054   4.222   0.116   4.014
  209    6  4.0    -0.059   3.694   0.217   3.977
  210   16  6.0    -0.012   3.076   0.323   2.023
  211    6  4.0    -0.085   3.169   0.175   3.977
  212    7  5.0     0.024   3.714   0.395   3.005
  213    6  4.0    -0.017   4.369   0.252   3.999
  214    6  4.0    -0.043   3.564   0.565   3.015
  215    8  6.0    -0.115   1.485   0.285   1.004
  216    6  4.0    -0.041   4.069   0.118   3.987
  217    6  4.0    -0.040   3.096   0.568   2.997
  218    8  6.0    -0.109   1.356   0.289   1.004
  219    7  5.0    -0.055   2.867   0.296   3.002
  220    7  5.0     0.006   3.645   0.393   3.004
  221    6  4.0    -0.020   4.500   0.233   3.997
  222    6  4.0    -0.043   3.694   0.562   3.009
  223    8  6.0    -0.120   1.615   0.291   1.004
  224    6  4.0    -0.036   4.140   0.161   3.976
  225    6  4.0    -0.058   3.907   0.117   3.983
  226    6  4.0    -0.081   3.786   0.067   3.983
  227    6  4.0    -0.083   3.492   0.065   3.977
  228    7  5.0     0.006   3.695   0.389   3.003
  229    6  4.0    -0.020   4.308   0.241   3.993
  230    6  4.0    -0.044   3.571   0.564   3.013
  231    8  6.0    -0.122   1.579   0.290   1.004
  232    6  4.0    -0.057   4.193   0.111   3.988
  233    6  4.0    -0.038   3.870   0.174   3.977
  234    6  4.0    -0.082   3.628   0.067   3.986
  235    6  4.0    -0.082   3.661   0.067   3.985
  236    7  5.0     0.016   3.693   0.390   3.005
  237    6  4.0    -0.018   4.387   0.246   4.000
  238    6  4.0    -0.045   3.642   0.574   3.015
  239    8  6.0    -0.118   1.526   0.292   1.004
  240    6  4.0    -0.040   4.083   0.122   3.989
  241    6  4.0    -0.040   3.112   0.576   2.998
  242    8  6.0    -0.122   1.697   0.293   1.007
  243    7  5.0    -0.050   2.924   0.296   3.003
  244    7  5.0     0.006   3.744   0.399   3.009
  245    6  4.0    -0.020   4.286   0.248   3.998
  246    6  4.0    -0.043   3.648   0.572   3.015
  247    8  6.0    -0.120   1.605   0.294   1.004
  248    6  4.0    -0.056   4.093   0.117   3.984
  249    6  4.0    -0.057   3.901   0.119   3.979
  250    6  4.0    -0.062   3.782   0.119   3.980
  251    6  4.0    -0.083   3.760   0.174   3.977
  252    7  5.0     0.073   3.409   0.221   3.987
  253    7  5.0     0.013   3.777   0.397   3.005
  254    6  4.0    -0.020   4.456   0.243   4.000
  255    6  4.0    -0.045   3.619   0.559   3.011
  256    8  6.0    -0.115   1.485   0.288   1.004
  257    6  4.0    -0.035   4.055   0.166   3.980
  258    6  4.0    -0.079   3.718   0.064   3.983
  259    6  4.0    -0.082   3.715   0.066   3.984
  260    7  5.0     0.003   3.736   0.384   3.002
  261    6  4.0    -0.019   4.459   0.238   4.000
  262    6  4.0    -0.043   3.722   0.570   3.013
  263    8  6.0    -0.107   1.648   0.293   1.004
  264    6  4.0    -0.035   4.070   0.172   3.983
  265    6  4.0    -0.083   3.704   0.069   3.984
  266    6  4.0    -0.080   3.841   0.068   3.984
  267    7  5.0     0.004   3.743   0.390   3.005
  268    6  4.0    -0.020   4.374   0.237   3.994
  269    6  4.0    -0.045   3.790   0.566   3.009
  270    8  6.0    -0.110   1.444   0.291   1.004
  271    6  4.0    -0.033   3.931   0.240   3.975
  272    8  6.0    -0.052   1.943   0.177   1.986
  273    6  4.0    -0.078   3.643   0.065   3.979
  274    7  5.0     0.005   3.801   0.391   3.006
  275    6  4.0    -0.020   4.250   0.243   3.993
  276    6  4.0    -0.045   3.540   0.561   3.013
  277    8  6.0    -0.104   1.421   0.286   1.003
  278    6  4.0    -0.056   4.057   0.120   3.989
  279    6  4.0    -0.058   3.936   0.121   3.979
  280    6  4.0    -0.059   3.882   0.191   3.988
  281    7  5.0    -0.017   3.263   0.389   3.016
  282    6  4.0    -0.079   3.341   0.666   3.005
  283    7  5.0    -0.055   3.230   0.300   3.018
  284    7  5.0    -0.071   2.932   0.298   3.018
  285    7  5.0     0.032   3.839   0.395   3.007
  286    6  4.0    -0.017   4.435   0.248   3.997
  287    6  4.0    -0.048   3.669   0.555   3.009
  288    8  6.0    -0.108   1.625   0.289   1.003
  289    6  4.0    -0.038   4.139   0.127   3.987
  290    6  4.0    -0.023   3.728   0.388   3.225
  291    7  5.0    -0.079   2.659   0.417   2.178
  292    6  4.0    -0.082   3.475   0.328   3.244
  293    6  4.0    -0.071   3.266   0.459   3.286
  294    7  5.0     0.056   3.191   0.457   3.165
  295    7  5.0     0.052   3.989   0.465   3.038
  296    6  4.0    -0.020   4.531   0.241   4.031
  297    6  4.0    -0.047   3.687   0.564   3.007
  298    8  6.0    -0.102   1.399   0.288   1.003
  299    6  4.0    -0.054   4.133   0.128   4.037
  300    6  4.0    -0.056   4.030   0.135   4.032
  301    6  4.0    -0.060   4.196   0.193   4.037
  302    7  5.0     0.013   3.989   0.392   3.007
  303    6  4.0    -0.017   4.298   0.243   3.994
  304    6  4.0    -0.043   3.526   0.558   3.009
  305    8  6.0    -0.110   1.377   0.285   1.003
  306    6  4.0    -0.039   4.015   0.119   3.984
  307    6  4.0    -0.003   2.942   0.597   2.996
  308    8  6.0    -0.109   1.474   0.270   1.001
  309    8  6.0    -0.114   1.320   0.272   1.001
  310    7  5.0     0.033   3.803   0.391   3.011
  311    6  4.0    -0.022   4.305   0.247   3.993
  312    6  4.0    -0.044   3.514   0.572   3.017
  313    8  6.0    -0.105   1.505   0.293   1.004
  314    6  4.0    -0.053   4.226   0.115   3.990
  315    6  4.0    -0.036   3.860   0.172   3.977
  316    6  4.0    -0.082   3.606   0.065   3.984
  317    6  4.0    -0.081   3.667   0.067   3.984
  318    7  5.0     0.023   3.512   0.394   3.008
  319    6  4.0    -0.020   4.323   0.247   3.996
  320    6  4.0    -0.044   3.665   0.568   3.012
  321    8  6.0    -0.120   1.585   0.290   1.003
  322    6  4.0    -0.056   4.064   0.115   3.984
  323    6  4.0    -0.059   3.774   0.116   3.978
  324    6  4.0    -0.059   3.859   0.114   3.977
  325    6  4.0    -0.082   3.726   0.163   3.974
  326    7  5.0     0.073   3.411   0.215   3.985
  327    7  5.0     0.001   3.666   0.393   3.005
  328    6  4.0    -0.020   4.433   0.246   3.997
  329    6  4.0    -0.050   3.722   0.569   3.016
  330    8  6.0    -0.111   1.452   0.289   1.003
  331    6  4.0    -0.029   4.053   0.243   3.980
  332    8  6.0    -0.055   2.375   0.176   1.986
  333    6  4.0    -0.078   3.698   0.067   3.980
  334    7  5.0    -0.006   3.997   0.397   3.013
  335    6  4.0    -0.017   4.340   0.246   3.996
  336    6  4.0    -0.039   3.514   0.558   3.012
  337    8  6.0    -0.097   1.367   0.287   1.003
  338    6  4.0    -0.041   4.048   0.112   3.980
  339    6  4.0    -0.030   3.304   0.593   3.172
  340    8  6.0    -0.117   2.196   0.347   1.989
  341    8  6.0    -0.134   1.448   0.270   1.002
  342    7  5.0     0.023   3.591   0.390   3.002
  343    6  4.0    -0.041   3.912   0.198   3.993
  344    6  4.0    -0.045   3.254   0.565   3.006
  345    8  6.0    -0.104   1.494   0.289   1.003
  346    7  5.0     0.018   3.571   0.390   3.006
  347    6  4.0    -0.019   4.316   0.243   3.994
  348    6  4.0    -0.042   3.505   0.566   3.014
  349    8  6.0    -0.112   1.598   0.291   1.004
  350    6  4.0    -0.042   4.152   0.122   3.989
  351    6  4.0    -0.044   3.648   0.293   3.022
  352    6  4.0    -0.070   3.452   0.235   3.030
  353    6  4.0    -0.072   3.443   0.231   3.030
  354    6  4.0    -0.071   3.262   0.236   3.023
  355    6  4.0    -0.073   3.262   0.231   3.022
  356    6  4.0    -0.072   3.244   0.235   3.024
  357    7  5.0     0.015   3.371   0.396   3.003
  358    6  4.0    -0.042   3.925   0.200   3.997
  359    6  4.0    -0.042   3.396   0.564   3.007
  360    8  6.0    -0.113   1.600   0.287   1.003
  361    7  5.0    -0.005   3.581   0.391   3.004
  362    6  4.0    -0.019   4.580   0.241   3.997
  363    6  4.0    -0.043   3.792   0.565   3.013
  364    8  6.0    -0.119   1.614   0.290   1.004
  365    6  4.0    -0.036   4.223   0.165   3.981
  366    6  4.0    -0.057   3.918   0.116   3.982
  367    6  4.0    -0.080   3.821   0.066   3.984
  368    6  4.0    -0.082   3.514   0.065   3.977
  369    7  5.0     0.008   3.790   0.393   3.006
  370    6  4.0    -0.018   4.312   0.246   3.997
  371    6  4.0    -0.043   3.578   0.559   3.009
  372    8  6.0    -0.111   1.454   0.286   1.003
  373    6  4.0    -0.041   3.992   0.115   3.982
  374    6  4.0    -0.006   2.836   0.589   2.995
  375    8  6.0    -0.101   1.247   0.267   1.001
  376    8  6.0    -0.101   1.216   0.270   1.001
  377    7  5.0     0.008   3.655   0.388   3.004
  378    6  4.0    -0.021   4.411   0.239   3.996
  379    6  4.0    -0.044   3.735   0.566   3.012
  380    8  6.0    -0.121   1.534   0.292   1.004
  381    6  4.0    -0.035   3.979   0.247   3.978
  382    8  6.0    -0.057   1.975   0.178   1.987
  383    6  4.0    -0.079   3.728   0.069   3.981
  384    7  5.0     0.007   3.833   0.394   3.006
  385    6  4.0    -0.018   4.372   0.248   4.032
  386    6  4.0    -0.045   3.588   0.564   3.013
  387    8  6.0    -0.122   1.549   0.288   1.004
  388    6  4.0    -0.063   3.645   0.220   3.983
  389   16  6.0    -0.030   3.061   0.246   2.029
  390    7  5.0     0.006   3.822   0.396   3.009
  391    6  4.0    -0.020   4.325   0.247   4.001
  392    6  4.0    -0.043   3.568   0.561   3.014
  393    8  6.0    -0.113   1.465   0.286   1.003
  394    6  4.0    -0.057   4.042   0.119   3.985
  395    6  4.0    -0.058   3.958   0.127   3.984
  396    6  4.0    -0.057   3.945   0.205   3.991
  397    7  5.0    -0.010   3.334   0.398   3.019
  398    6  4.0    -0.078   3.321   0.663   3.007
  399    7  5.0    -0.064   2.930   0.299   3.017
  400    7  5.0    -0.068   3.034   0.294   3.015
  401    7  5.0     0.017   3.720   0.396   3.008
  402    6  4.0    -0.019   4.259   0.248   3.996
  403    6  4.0    -0.039   3.631   0.566   3.012
  404    8  6.0    -0.112   1.476   0.293   1.004
  405    6  4.0    -0.053   3.779   0.201   3.981
  406    8  6.0    -0.047   1.915   0.186   1.988
  407    7  5.0     0.011   3.681   0.389   3.004
  408    6  4.0    -0.022   4.252   0.241   3.992
  409    6  4.0    -0.043   3.550   0.569   3.012
  410    8  6.0    -0.117   1.463   0.294   1.004
  411    6  4.0    -0.056   4.096   0.115   4.015
  412    6  4.0    -0.065   3.553   0.216   3.977
  413   16  6.0    -0.023   2.879   0.318   2.023
  414    6  4.0    -0.086   3.230   0.172   3.977
  415    7  5.0     0.008   3.674   0.391   3.004
  416    6  4.0    -0.020   4.425   0.234   3.996
  417    6  4.0    -0.043   3.723   0.562   3.010
  418    8  6.0    -0.116   1.566   0.289   1.003
  419    6  4.0    -0.037   4.018   0.157   3.976
  420    6  4.0    -0.079   3.716   0.061   3.980
  421    6  4.0    -0.082   3.635   0.061   3.980
  422    7  5.0     0.008   3.634   0.390   3.005
  423    6  4.0    -0.019   4.137   0.246   3.995
  424    6  4.0    -0.040   3.648   0.575   3.016
  425    8  6.0    -0.100   1.476   0.292   1.004
  426    6  4.0    -0.079   3.656   0.062   3.982
  427    7  5.0     0.011   3.739   0.407   3.009
  428    6  4.0    -0.019   4.459   0.244   4.001
  429    6  4.0    -0.043   3.659   0.563   3.005
  430    8  6.0    -0.108   1.385   0.291   1.004
  431    6  4.0    -0.035   4.064   0.174   3.980
  432    6  4.0    -0.078   3.812   0.070   3.983
  433    6  4.0    -0.082   3.657   0.072   3.986
  434    7  5.0     0.012   3.769   0.384   3.003
  435    6  4.0    -0.021   4.392   0.239   3.990
  436    6  4.0    -0.047   3.463   0.561   3.008
  437    8  6.0    -0.121   1.460   0.288   1.003
  438    6  4.0    -0.052   4.230   0.120   4.029
  439    6  4.0    -0.063   3.570   0.225   3.978
  440   16  6.0    -0.015   3.076   0.319   2.033
  441    6  4.0    -0.086   3.308   0.164   3.975
  442    7  5.0     0.020   3.627   0.388   3.005
  443    6  4.0    -0.020   4.480   0.238   3.991
  444    6  4.0    -0.044   3.620   0.559   3.005
  445    8  6.0    -0.105   1.539   0.286   1.003
  446    6  4.0    -0.044   4.223   0.118   3.984
  447    6  4.0    -0.032   3.402   0.604   3.080
  448    8  6.0    -0.118   2.212   0.356   1.992
  449    8  6.0    -0.133   1.949   0.273   1.002
  450    7  5.0     0.002   3.667   0.391   3.005
  451    6  4.0    -0.020   4.238   0.248   3.992
  452    6  4.0    -0.044   3.548   0.565   3.014
  453    8  6.0    -0.107   1.388   0.288   1.004
  454    6  4.0    -0.055   3.774   0.203   3.983
  455    8  6.0    -0.051   1.812   0.188   1.988
  456    7  5.0     0.001   3.898   0.390   3.005
  457    6  4.0    -0.018   4.412   0.247   4.000
  458    6  4.0    -0.042   3.782   0.570   3.012
  459    8  6.0    -0.103   1.579   0.288   1.003
  460    6  4.0    -0.043   4.102   0.116   3.983
  461    6  4.0    -0.018   3.468   0.600   3.374
  462    8  6.0    -0.117   2.258   0.368   1.995
  463    8  6.0    -0.136   1.821   0.273   1.028
  464    7  5.0     0.011   3.892   0.397   3.007
  465    6  4.0    -0.019   4.521   0.248   3.997
  466    6  4.0    -0.039   3.711   0.565   3.010
  467    8  6.0    -0.105   1.535   0.290   1.004
  468    6  4.0    -0.026   4.087   0.250   3.981
  469    8  6.0    -0.039   2.170   0.181   1.987
  470    6  4.0    -0.079   3.621   0.065   3.980
  471    7  5.0     0.003   4.133   0.394   3.012
  472    6  4.0    -0.022   4.513   0.244   3.997
  473    6  4.0    -0.045   3.634   0.563   3.019
  474    8  6.0    -0.105   1.379   0.287   1.003
  475    6  4.0    -0.050   4.269   0.244   4.001
  476    8  6.0    -0.024   2.834   0.223   2.949
  477    6  4.0    -0.086   3.849   0.065   3.981
  478    7  5.0     0.001   3.799   0.395   3.005
  479    6  4.0    -0.041   3.947   0.200   3.998
  480    6  4.0    -0.046   3.331   0.566   3.009
  481    8  6.0    -0.115   1.368   0.287   1.003
  482    7  5.0     0.006   3.795   0.392   3.006
  483    6  4.0    -0.022   4.355   0.244   3.996
  484    6  4.0    -0.075   3.755   0.571   3.052
  485    8  6.0    -0.104   2.200   0.352   1.984
  486    6  4.0    -0.056   4.105   0.114   3.984
  487    6  4.0    -0.058   3.928   0.116   3.979
  488    6  4.0    -0.062   3.872   0.119   3.980
  489    6  4.0    -0.086   3.839   0.181   3.979
  490    7  5.0     0.080   3.464   0.227   3.988
  491    7  5.0    -0.012   3.700   0.398   3.007
  492    6  4.0    -0.021   4.495   0.248   3.995
  493    6  4.0    -0.044   3.554   0.562   3.011
  494    8  6.0    -0.117   1.605   0.289   1.003
  495    6  4.0    -0.054   4.231   0.114   3.993
  496    6  4.0    -0.039   3.911   0.175   3.978
  497    6  4.0    -0.083   3.600   0.069   3.986
  498    6  4.0    -0.081   3.718   0.066   3.985
  499    7  5.0     0.009   3.605   0.395   3.012
  500    6  4.0    -0.042   3.972   0.202   3.995
  501    6  4.0    -0.040   3.451   0.560   3.020
  502    8  6.0    -0.108   1.682   0.282   1.004
  503    7  5.0    -0.001   3.444   0.393   3.003
  504    6  4.0    -0.017   4.371   0.246   3.999
  505    6  4.0    -0.036   3.713   0.568   3.013
  506    8  6.0    -0.110   1.653   0.292   1.004
  507    6  4.0    -0.042   4.138   0.123   3.991
  508    6  4.0    -0.036   3.723   0.297   3.021
  509    6  4.0    -0.066   3.490   0.232   3.031
  510    6  4.0    -0.066   3.432   0.230   3.031
  511    6  4.0    -0.070   3.254   0.231   3.023
  512    6  4.0    -0.071   3.324   0.230   3.022
  513    6  4.0    -0.071   3.264   0.236   3.022
  514    7  5.0     0.010   3.634   0.389   3.004
  515    6  4.0    -0.019   4.353   0.242   3.997
  516    6  4.0    -0.042   3.614   0.568   3.012
  517    8  6.0    -0.112   1.591   0.290   1.004
  518    6  4.0    -0.055   4.048   0.115   3.983
  519    6  4.0    -0.041   3.824   0.116   3.979
  520    6  4.0    -0.005   2.836   0.600   2.995
  521    8  6.0    -0.109   1.227   0.274   1.001
  522    8  6.0    -0.106   1.307   0.275   1.001
  523    7  5.0     0.007   3.741   0.396   3.008
  524    6  4.0    -0.021   4.303   0.249   4.000
  525    6  4.0    -0.042   3.618   0.567   3.012
  526    8  6.0    -0.119   1.480   0.291   1.004
  527    6  4.0    -0.057   4.151   0.120   3.986
  528    6  4.0    -0.050   4.182   0.123   3.981
  529    6  4.0    -0.035   3.405   0.598   3.748
  530    8  6.0    -0.109   2.125   0.326   1.976
  531    8  6.0    -0.093   1.852   0.280   1.758
  532    7  5.0     0.007   3.701   0.392   3.006
  533    6  4.0    -0.018   4.330   0.247   3.996
  534    6  4.0    -0.038   3.687   0.560   3.013
  535    8  6.0    -0.113   1.646   0.283   1.003
  536    6  4.0    -0.042   4.158   0.125   3.992
  537    6  4.0    -0.038   3.719   0.294   3.023
  538    6  4.0    -0.070   3.433   0.234   3.030
  539    6  4.0    -0.067   3.477   0.231   3.029
  540    6  4.0    -0.072   3.225   0.233   3.022
  541    6  4.0    -0.069   3.240   0.232   3.022
  542    6  4.0    -0.069   3.238   0.233   3.023
  543    7  5.0     0.016   3.725   0.395   3.007
  544    6  4.0    -0.021   4.292   0.247   3.996
  545    6  4.0    -0.041   3.717   0.561   3.012
  546    8  6.0    -0.110   1.544   0.286   1.003
  547    6  4.0    -0.057   4.100   0.114   3.984
  548    6  4.0    -0.057   3.898   0.115   3.980
  549    6  4.0    -0.061   3.758   0.120   3.979
  550    6  4.0    -0.083   3.839   0.175   3.979
  551    7  5.0     0.082   3.449   0.220   3.986
  552    7  5.0     0.009   3.688   0.392   3.007
  553    6  4.0    -0.018   4.307   0.244   3.994
  554    6  4.0    -0.036   3.660   0.556   3.009
  555    8  6.0    -0.101   1.484   0.283   1.003
  556    6  4.0    -0.042   4.103   0.118   3.987
  557    6  4.0    -0.035   3.643   0.285   3.016
  558    6  4.0    -0.064   3.408   0.222   3.028
  559    6  4.0    -0.062   3.482   0.230   3.031
  560    6  4.0    -0.064   3.320   0.225   3.020
  561    6  4.0    -0.063   3.405   0.235   3.021
  562    6  4.0    -0.031   3.395   0.401   3.024
  563    8  6.0    -0.028   1.959   0.211   1.992
  564    7  5.0     0.015   3.651   0.388   3.005
  565    6  4.0    -0.021   4.334   0.247   3.995
  566    6  4.0    -0.042   3.694   0.568   3.012
  567    8  6.0    -0.121   1.600   0.286   1.003
  568    6  4.0    -0.057   4.232   0.113   3.991
  569    6  4.0    -0.037   3.920   0.171   3.977
  570    6  4.0    -0.081   3.678   0.065   3.985
  571    6  4.0    -0.083   3.585   0.066   3.984
  572    7  5.0     0.007   3.697   0.397   3.008
  573    6  4.0    -0.018   4.321   0.247   3.995
  574    6  4.0    -0.040   3.655   0.565   3.010
  575    8  6.0    -0.110   1.504   0.290   1.004
  576    6  4.0    -0.042   4.165   0.136   3.990
  577    6  4.0    -0.041   3.874   0.302   3.119
  578    6  4.0    -0.081   3.537   0.323   3.211
  579    6  4.0    -0.016   4.081   0.312   3.182
  580    7  5.0     0.039   3.314   0.417   3.105
  581    6  4.0    -0.034   3.997   0.409   3.214
  582    6  4.0    -0.073   3.390   0.230   3.019
  583    6  4.0    -0.076   3.340   0.243   3.016
  584    6  4.0    -0.072   3.233   0.228   3.024
  585    6  4.0    -0.070   3.236   0.238   3.032
  586    7  5.0     0.022   3.720   0.393   3.007
  587    6  4.0    -0.018   4.353   0.248   3.998
  588    6  4.0    -0.044   3.610   0.564   3.013
  589    8  6.0    -0.116   1.510   0.288   1.003
  590    6  4.0    -0.040   4.062   0.117   3.987
  591    6  4.0    -0.040   3.069   0.571   2.996
  592    8  6.0    -0.106   1.339   0.290   1.004
  593    7  5.0    -0.053   2.874   0.300   3.003
  594    7  5.0     0.016   3.726   0.389   3.007
  595    6  4.0    -0.018   4.451   0.246   3.996
  596    6  4.0    -0.040   3.656   0.567   3.016
  597    8  6.0    -0.108   1.637   0.292   1.004
  598    6  4.0    -0.039   4.131   0.121   3.990
  599    6  4.0    -0.036   3.081   0.574   2.997
  600    8  6.0    -0.092   1.306   0.291   1.004
  601    7  5.0    -0.045   3.041   0.299   3.003
  602    7  5.0     0.010   3.750   0.392   3.004
  603    6  4.0    -0.020   4.460   0.242   4.000
  604    6  4.0    -0.043   3.731   0.565   3.012
  605    8  6.0    -0.118   1.604   0.288   1.003
  606    6  4.0    -0.036   4.183   0.161   3.980
  607    6  4.0    -0.060   3.901   0.122   3.984
  608    6  4.0    -0.079   3.800   0.063   3.983
  609    6  4.0    -0.083   3.498   0.069   3.978
  610    7  5.0     0.012   3.702   0.390   3.007
  611    6  4.0    -0.021   4.276   0.245   3.996
  612    6  4.0    -0.043   3.674   0.566   3.012
  613    8  6.0    -0.114   1.417   0.287   1.003
  614    6  4.0    -0.057   4.047   0.114   3.983
  615    6  4.0    -0.057   3.859   0.115   3.979
  616    6  4.0    -0.061   3.732   0.116   3.978
  617    6  4.0    -0.083   3.731   0.169   3.976
  618    7  5.0     0.077   3.389   0.218   3.985
  619    7  5.0     0.010   3.718   0.396   3.008
  620    6  4.0    -0.021   4.277   0.249   3.995
  621    6  4.0    -0.044   3.634   0.565   3.013
  622    8  6.0    -0.119   1.438   0.288   1.003
  623    6  4.0    -0.056   4.144   0.120   3.988
  624    6  4.0    -0.057   3.875   0.120   3.980
  625    6  4.0    -0.061   3.764   0.117   3.980
  626    6  4.0    -0.083   3.785   0.173   3.977
  627    7  5.0     0.078   3.410   0.221   3.987
  628    7  5.0     0.015   3.820   0.396   3.007
  629    6  4.0    -0.019   4.379   0.250   3.999
  630    6  4.0    -0.046   3.554   0.571   3.012
  631    8  6.0    -0.121   1.578   0.294   1.004
  632    6  4.0    -0.044   4.061   0.121   3.984
  633    6  4.0    -0.045   3.832   0.286   3.113
  634    6  4.0    -0.086   3.573   0.326   3.209
  635    6  4.0    -0.015   4.055   0.306   3.178
  636    7  5.0     0.035   3.315   0.419   3.105
  637    6  4.0    -0.034   3.989   0.405   3.208
  638    6  4.0    -0.073   3.359   0.226   3.017
  639    6  4.0    -0.072   3.346   0.239   3.014
  640    6  4.0    -0.070   3.276   0.223   3.022
  641    6  4.0    -0.065   3.272   0.236   3.028
  642    7  5.0     0.010   3.739   0.392   3.008
  643    6  4.0    -0.021   4.289   0.245   3.997
  644    6  4.0    -0.043   3.653   0.563   3.012
  645    8  6.0    -0.119   1.478   0.288   1.003
  646    6  4.0    -0.054   4.070   0.118   3.985
  647    6  4.0    -0.041   3.921   0.121   3.984
  648    6  4.0    -0.043   3.024   0.570   2.997
  649    8  6.0    -0.110   1.297   0.290   1.004
  650    7  5.0    -0.061   2.866   0.298   3.003
  651    7  5.0     0.007   3.687   0.391   3.007
  652    6  4.0    -0.020   4.127   0.248   3.994
  653    6  4.0    -0.041   3.570   0.570   3.013
  654    8  6.0    -0.114   1.475   0.290   1.004
  655    6  4.0    -0.081   3.631   0.065   3.983
  656    7  5.0     0.010   3.744   0.398   3.008
  657    6  4.0    -0.021   4.469   0.244   4.000
  658    6  4.0    -0.044   3.745   0.572   3.011
  659    8  6.0    -0.117   1.604   0.292   1.004
  660    6  4.0    -0.036   4.199   0.165   3.981
  661    6  4.0    -0.059   3.868   0.120   3.983
  662    6  4.0    -0.079   3.806   0.066   3.982
  663    6  4.0    -0.082   3.490   0.068   3.978
  664    7  5.0     0.009   3.712   0.394   3.008
  665    6  4.0    -0.018   4.291   0.244   3.994
  666    6  4.0    -0.038   3.685   0.566   3.012
  667    8  6.0    -0.110   1.430   0.289   1.003
  668    6  4.0    -0.043   4.124   0.117   3.987
  669    6  4.0    -0.040   3.643   0.288   3.019
  670    6  4.0    -0.067   3.471   0.230   3.033
  671    6  4.0    -0.071   3.531   0.237   3.035
  672    6  4.0    -0.070   3.383   0.235   3.023
  673    6  4.0    -0.070   3.429   0.243   3.025
  674    6  4.0    -0.037   3.439   0.409   3.031
  675    8  6.0    -0.033   2.088   0.214   1.993
  676    7  5.0     0.010   3.787   0.394   3.007
  677    6  4.0    -0.021   4.310   0.250   3.999
  678    6  4.0    -0.044   3.549   0.566   3.011
  679    8  6.0    -0.101   1.407   0.288   1.003
  680    6  4.0    -0.057   4.080   0.120   3.987
  681    6  4.0    -0.060   3.928   0.125   3.983
  682    6  4.0    -0.060   3.852   0.124   3.983
  683    6  4.0    -0.084   3.752   0.176   3.978
  684    7  5.0     0.088   3.464   0.222   3.988
  685    7  5.0     0.012   3.684   0.393   3.006
  686    6  4.0    -0.020   4.270   0.247   3.994
  687    6  4.0    -0.041   3.628   0.565   3.015
  688    8  6.0    -0.107   1.395   0.288   1.004
  689    6  4.0    -0.053   4.079   0.117   3.985
  690    6  4.0    -0.040   3.911   0.119   3.982
  691    6  4.0    -0.042   3.022   0.559   2.996
  692    8  6.0    -0.105   1.297   0.287   1.003
  693    7  5.0    -0.055   2.919   0.292   3.002
  694    7  5.0     0.015   3.796   0.397   3.006
  695    6  4.0    -0.019   4.384   0.255   4.002
  696    6  4.0    -0.049   3.545   0.576   3.013
  697    8  6.0    -0.121   1.547   0.295   1.004
  698    6  4.0    -0.042   4.158   0.130   3.994
  699    6  4.0    -0.040   3.699   0.301   3.024
  700    6  4.0    -0.067   3.538   0.233   3.031
  701    6  4.0    -0.066   3.464   0.234   3.032
  702    6  4.0    -0.069   3.310   0.231   3.023
  703    6  4.0    -0.064   3.290   0.233   3.023
  704    6  4.0    -0.067   3.252   0.234   3.023
  705    7  5.0     0.019   3.661   0.396   3.017
  706    6  4.0    -0.021   4.542   0.247   4.001
  707    6  4.0    -0.043   3.748   0.561   3.018
  708    8  6.0    -0.106   1.641   0.286   1.003
  709    6  4.0    -0.042   4.200   0.119   3.984
  710    6  4.0    -0.031   3.328   0.593   3.048
  711    8  6.0    -0.112   2.114   0.330   1.981
  712    8  6.0    -0.115   1.465   0.269   1.001
  713    7  5.0    -0.000   3.795   0.390   3.004
  714    6  4.0    -0.020   4.416   0.237   3.993
  715    6  4.0    -0.045   3.572   0.562   3.009
  716    8  6.0    -0.107   1.381   0.288   1.004
  717    6  4.0    -0.036   4.054   0.166   3.980
  718    6  4.0    -0.082   3.647   0.067   3.985
  719    6  4.0    -0.081   3.790   0.065   3.983
  720    7  5.0     0.001   3.861   0.391   3.004
  721    6  4.0    -0.018   4.376   0.242   3.995
  722    6  4.0    -0.042   3.692   0.564   3.008
  723    8  6.0    -0.098   1.494   0.290   1.003
  724    6  4.0    -0.041   4.096   0.117   3.983
  725    6  4.0    -0.026   3.366   0.598   3.254
  726    8  6.0    -0.124   2.211   0.352   1.991
  727    8  6.0    -0.139   1.485   0.271   1.010
  728    7  5.0     0.012   3.811   0.391   3.005
  729    6  4.0    -0.017   4.424   0.246   3.995
  730    6  4.0    -0.038   3.638   0.564   3.010
  731    8  6.0    -0.099   1.447   0.287   1.003
  732    6  4.0    -0.052   4.143   0.121   3.988
  733    6  4.0    -0.057   4.046   0.121   3.981
  734    6  4.0    -0.058   3.983   0.190   3.987
  735    7  5.0     0.000   3.279   0.388   3.016
  736    6  4.0    -0.079   3.347   0.661   3.005
  737    7  5.0    -0.060   3.107   0.297   3.016
  738    7  5.0    -0.058   2.925   0.296   3.016
  739    7  5.0     0.008   3.975   0.392   3.010
  740    6  4.0    -0.022   4.338   0.247   3.995
  741    6  4.0    -0.043   3.678   0.564   3.017
  742    8  6.0    -0.107   1.385   0.288   1.003
  743    6  4.0    -0.074   4.089   0.200   4.027
  744    8  6.0    -0.018   2.648   0.213   2.899
  745    7  5.0     0.006   3.793   0.395   3.007
  746    6  4.0    -0.041   3.940   0.202   3.999
  747    6  4.0    -0.046   3.360   0.568   3.009
  748    8  6.0    -0.125   1.591   0.288   1.003
  749    7  5.0     0.013   3.869   0.393   3.008
  750    6  4.0    -0.023   4.482   0.241   3.993
  751    6  4.0    -0.078   3.830   0.568   3.026
  752    8  6.0    -0.103   2.188   0.322   1.929
  753    6  4.0    -0.032   3.991   0.240   3.977
  754    8  6.0    -0.049   2.096   0.176   1.986
  755    6  4.0    -0.080   3.636   0.067   3.979
  756    7  5.0    -0.002   3.665   0.397   3.011
  757    6  4.0    -0.021   4.664   0.246   4.002
  758    6  4.0    -0.043   3.735   0.567   3.020
  759    8  6.0    -0.114   1.560   0.286   1.003
  760    6  4.0    -0.033   4.178   0.161   3.979
  761    6  4.0    -0.059   3.869   0.119   3.982
  762    6  4.0    -0.079   3.799   0.063   3.981
  763    6  4.0    -0.081   3.570   0.067   3.978
  764    7  5.0    -0.020   3.659   0.401   3.006
  765    6  4.0    -0.039   4.022   0.206   4.003
  766    6  4.0    -0.043   3.358   0.572   3.005
  767    8  6.0    -0.115   1.658   0.289   1.003
  768    7  5.0     0.004   3.506   0.397   3.010
  769    6  4.0    -0.021   4.210   0.247   3.990
  770    6  4.0    -0.044   3.575   0.565   3.011
  771    8  6.0    -0.114   1.392   0.290   1.004
  772    6  4.0    -0.055   3.778   0.205   3.983
  773    8  6.0    -0.051   1.794   0.190   1.988
  774    7  5.0    -0.000   3.660   0.389   3.003
  775    6  4.0    -0.020   4.225   0.240   3.994
  776    6  4.0    -0.046   3.500   0.568   3.011
  777    8  6.0    -0.111   1.412   0.291   1.004
  778    6  4.0    -0.054   3.748   0.199   3.979
  779    8  6.0    -0.052   1.835   0.186   1.988
  780    7  5.0     0.003   3.841   0.395   3.008
  781    6  4.0    -0.021   4.286   0.248   3.998
  782    6  4.0    -0.045   3.483   0.565   3.012
  783    8  6.0    -0.114   1.448   0.289   1.003
  784    6  4.0    -0.054   4.118   0.120   3.988
  785    6  4.0    -0.052   4.022   0.124   3.980
  786    6  4.0    -0.046   3.445   0.609   3.836
  787    8  6.0    -0.122   2.381   0.319   1.972
  788    8  6.0    -0.105   1.908   0.300   1.895
  789    7  5.0     0.001   3.636   0.389   3.004
  790    6  4.0    -0.021   4.373   0.242   3.989
  791    6  4.0    -0.047   3.749   0.548   3.009
  792    8  6.0    -0.116   1.615   0.287   1.003
  793    6  4.0    -0.057   4.286   0.115   3.992
  794    6  4.0    -0.036   3.941   0.176   3.979
  795    6  4.0    -0.080   3.740   0.066   3.987
  796    6  4.0    -0.082   3.648   0.069   3.986
  797    7  5.0     0.051   3.983   0.461   3.036
  798    6  4.0    -0.019   4.566   0.244   4.033
  799    6  4.0    -0.039   3.586   0.562   3.012
  800    8  6.0    -0.104   1.526   0.286   1.003
  801    6  4.0    -0.053   4.154   0.127   4.036
  802    6  4.0    -0.057   3.970   0.133   4.030
  803    6  4.0    -0.060   4.222   0.191   4.033
  804    7  5.0     0.012   3.493   0.397   3.004
  805    6  4.0    -0.041   3.939   0.202   3.999
  806    6  4.0    -0.040   3.448   0.565   3.007
  807    8  6.0    -0.107   1.513   0.287   1.003
  808    7  5.0     0.022   3.638   0.390   3.007
  809    6  4.0    -0.021   4.154   0.251   3.995
  810    6  4.0    -0.043   3.587   0.567   3.013
  811    8  6.0    -0.117   1.493   0.289   1.003
  812    6  4.0    -0.081   3.674   0.069   3.985
  813    7  5.0     0.007   3.740   0.396   3.007
  814    6  4.0    -0.019   4.371   0.249   3.996
  815    6  4.0    -0.043   3.629   0.562   3.010
  816    8  6.0    -0.117   1.654   0.288   1.003
  817    6  4.0    -0.044   4.127   0.123   3.990
  818    6  4.0    -0.043   3.645   0.294   3.023
  819    6  4.0    -0.069   3.536   0.232   3.032
  820    6  4.0    -0.072   3.420   0.237   3.032
  821    6  4.0    -0.073   3.310   0.235   3.024
  822    6  4.0    -0.073   3.269   0.238   3.025
  823    6  4.0    -0.072   3.293   0.239   3.026
  824    7  5.0     0.013   3.716   0.390   3.006
  825    6  4.0    -0.020   4.278   0.243   3.995
  826    6  4.0    -0.044   3.635   0.566   3.012
  827    8  6.0    -0.104   1.465   0.289   1.004
  828    6  4.0    -0.052   4.030   0.110   3.980
  829    6  4.0    -0.038   3.849   0.115   3.978
  830    6  4.0    -0.000   2.787   0.590   2.995
  831    8  6.0    -0.100   1.225   0.269   1.001
  832    8  6.0    -0.095   1.279   0.268   1.001
  833    7  5.0     0.016   3.798   0.394   3.009
  834    6  4.0    -0.019   4.153   0.251   3.997
  835    6  4.0    -0.044   3.593   0.564   3.014
  836    8  6.0    -0.106   1.378   0.289   1.003
  837    6  4.0    -0.079   3.689   0.068   3.985
  838    7  5.0     0.008   3.865   0.390   3.006
  839    6  4.0    -0.019   4.147   0.247   3.994
  840    6  4.0    -0.042   3.462   0.563   3.014
  841    8  6.0    -0.103   1.386   0.288   1.003
  842    6  4.0    -0.079   3.650   0.064   3.983
  843    7  5.0     0.019   3.556   0.394   3.002
  844    6  4.0    -0.041   3.922   0.201   3.997
  845    6  4.0    -0.044   3.263   0.570   3.009
  846    8  6.0    -0.103   1.366   0.290   1.004
  847    7  5.0     0.031   3.633   0.394   3.006
  848    6  4.0    -0.019   4.330   0.246   3.997
  849    6  4.0    -0.049   3.434   0.568   3.013
  850    8  6.0    -0.113   1.449   0.291   1.004
  851    6  4.0    -0.040   4.121   0.121   3.989
  852    6  4.0    -0.039   3.684   0.295   3.022
  853    6  4.0    -0.065   3.457   0.233   3.031
  854    6  4.0    -0.065   3.458   0.234   3.031
  855    6  4.0    -0.065   3.245   0.234   3.023
  856    6  4.0    -0.065   3.241   0.232   3.023
  857    6  4.0    -0.065   3.233   0.236   3.024
  858    7  5.0     0.008   3.540   0.395   3.007
  859    6  4.0    -0.018   4.338   0.250   4.001
  860    6  4.0    -0.047   3.460   0.567   3.012
  861    8  6.0    -0.107   1.421   0.289   1.003
  862    6  4.0    -0.045   4.071   0.126   3.986
  863    6  4.0    -0.058   3.777   0.387   3.224
  864    7  5.0     0.066   3.436   0.453   3.172
  865    6  4.0    -0.051   3.364   0.328   3.240
  866    6  4.0    -0.068   3.264   0.459   3.285
  867    7  5.0    -0.080   2.416   0.419   2.166
  868    7  5.0     0.024   3.629   0.392   3.010
  869    6  4.0    -0.022   4.324   0.248   3.993
  870    6  4.0    -0.046   3.471   0.570   3.015
  871    8  6.0    -0.102   1.480   0.293   1.004
  872    6  4.0    -0.057   4.246   0.115   3.992
  873    6  4.0    -0.038   3.899   0.173   3.977
  874    6  4.0    -0.083   3.596   0.067   3.985
  875    6  4.0    -0.081   3.669   0.066   3.985
  876    7  5.0     0.025   3.619   0.392   3.006
  877    6  4.0    -0.017   4.329   0.243   3.996
  878    6  4.0    -0.039   3.614   0.564   3.010
  879    8  6.0    -0.107   1.696   0.289   1.003
  880    6  4.0    -0.040   4.086   0.120   3.988
  881    6  4.0    -0.041   3.226   0.573   2.997
  882    8  6.0    -0.118   1.703   0.291   1.004
  883    7  5.0    -0.067   2.897   0.298   3.003
  884    7  5.0    -0.004   3.506   0.390   3.004
  885    6  4.0    -0.019   4.279   0.242   3.993
  886    6  4.0    -0.036   3.808   0.566   3.011
  887    8  6.0    -0.108   1.566   0.290   1.004
  888    6  4.0    -0.054   4.046   0.114   3.983
  889    6  4.0    -0.038   3.867   0.117   3.978
  890    6  4.0    -0.000   2.965   0.584   2.995
  891    8  6.0    -0.102   1.297   0.266   1.001
  892    8  6.0    -0.104   1.280   0.265   1.001
  893    7  5.0     0.029   3.710   0.394   3.006
  894    6  4.0    -0.019   4.343   0.250   3.998
  895    6  4.0    -0.041   3.666   0.564   3.013
  896    8  6.0    -0.111   1.466   0.289   1.004
  897    6  4.0    -0.046   4.065   0.129   3.987
  898    6  4.0    -0.054   3.796   0.389   3.228
  899    7  5.0     0.066   3.445   0.454   3.173
  900    6  4.0    -0.049   3.351   0.329   3.242
  901    6  4.0    -0.070   3.265   0.458   3.288
  902    7  5.0    -0.086   2.416   0.420   2.167
  903    7  5.0     0.008   3.729   0.392   3.005
  904    6  4.0    -0.020   4.364   0.244   3.995
  905    6  4.0    -0.045   3.582   0.568   3.011
  906    8  6.0    -0.123   1.585   0.295   1.004
  907    6  4.0    -0.057   4.171   0.110   3.986
  908    6  4.0    -0.039   3.804   0.167   3.975
  909    6  4.0    -0.082   3.669   0.062   3.983
  910    6  4.0    -0.081   3.754   0.067   3.983
  911    7  5.0     0.014   3.678   0.385   3.003
  912    6  4.0    -0.019   4.316   0.240   3.993
  913    6  4.0    -0.044   3.594   0.563   3.012
  914    8  6.0    -0.121   1.573   0.287   1.003
  915    6  4.0    -0.043   4.079   0.117   3.986
  916    6  4.0    -0.042   3.597   0.286   3.016
  917    6  4.0    -0.070   3.453   0.227   3.031
  918    6  4.0    -0.065   3.422   0.228   3.030
  919    6  4.0    -0.072   3.362   0.233   3.022
  920    6  4.0    -0.067   3.380   0.231   3.022
  921    6  4.0    -0.039   3.410   0.403   3.026
  922    8  6.0    -0.033   1.938   0.211   1.992
  923    7  5.0     0.014   3.717   0.391   3.006
  924    6  4.0    -0.019   4.239   0.246   3.996
  925    6  4.0    -0.042   3.613   0.573   3.013
  926    8  6.0    -0.113   1.511   0.293   1.004
  927    6  4.0    -0.054   3.744   0.196   3.979
  928    8  6.0    -0.048   1.807   0.182   1.987
  929    7  5.0     0.016   3.739   0.397   3.012
  930    6  4.0    -0.021   4.343   0.244   3.995
  931    6  4.0    -0.040   3.806   0.560   3.012
  932    8  6.0    -0.111   1.536   0.288   1.003
  933    6  4.0    -0.055   4.115   0.117   4.008
  934    6  4.0    -0.059   3.576   0.214   3.976
  935   16  6.0    -0.014   3.100   0.304   2.014
  936    6  4.0    -0.087   3.174   0.160   3.975
  937    7  5.0     0.013   3.825   0.389   3.004
  938    6  4.0    -0.020   4.532   0.240   3.998
  939    6  4.0    -0.042   3.747   0.563   3.010
  940    8  6.0    -0.119   1.709   0.289   1.004
  941    6  4.0    -0.036   4.231   0.167   3.982
  942    6  4.0    -0.060   3.911   0.122   3.983
  943    6  4.0    -0.080   3.842   0.067   3.983
  944    6  4.0    -0.082   3.593   0.071   3.979
  945    7  5.0     0.006   3.709   0.389   3.004
  946    6  4.0    -0.020   4.516   0.235   3.995
  947    6  4.0    -0.042   3.750   0.562   3.013
  948    8  6.0    -0.103   1.560   0.287   1.003
  949    6  4.0    -0.035   4.198   0.161   3.980
  950    6  4.0    -0.059   3.897   0.125   3.985
  951    6  4.0    -0.079   3.792   0.064   3.982
  952    6  4.0    -0.082   3.681   0.072   3.980
  953    7  5.0     0.013   3.698   0.394   3.005
  954    6  4.0    -0.019   4.275   0.247   3.996
  955    6  4.0    -0.040   3.543   0.568   3.011
  956    8  6.0    -0.094   1.376   0.291   1.004
  957    6  4.0    -0.057   4.034   0.114   3.982
  958    6  4.0    -0.058   3.784   0.114   3.978
  959    6  4.0    -0.059   3.845   0.192   3.985
  960    7  5.0    -0.007   3.300   0.393   3.016
  961    6  4.0    -0.078   3.329   0.665   3.005
  962    7  5.0    -0.065   3.051   0.296   3.016
  963    7  5.0    -0.057   2.951   0.300   3.018
  964    7  5.0     0.017   3.624   0.391   3.004
  965    6  4.0    -0.020   4.297   0.242   3.993
  966    6  4.0    -0.042   3.579   0.570   3.010
  967    8  6.0    -0.110   1.549   0.296   1.004
  968    6  4.0    -0.057   4.011   0.114   3.984
  969    6  4.0    -0.055   4.015   0.116   3.978
  970    6  4.0    -0.058   3.926   0.190   3.986
  971    7  5.0    -0.010   3.277   0.390   3.017
  972    6  4.0    -0.079   3.337   0.670   3.005
  973    7  5.0    -0.049   3.108   0.301   3.019
  974    7  5.0    -0.062   2.934   0.300   3.018
  975    7  5.0     0.017   3.696   0.390   3.003
  976    6  4.0    -0.019   4.307   0.241   3.995
  977    6  4.0    -0.048   3.415   0.570   3.013
  978    8  6.0    -0.112   1.465   0.291   1.004
  979    6  4.0    -0.042   4.165   0.119   3.989
  980    6  4.0    -0.042   3.674   0.287   3.017
  981    6  4.0    -0.070   3.531   0.229   3.028
  982    6  4.0    -0.068   3.436   0.225   3.031
  983    6  4.0    -0.071   3.398   0.227   3.021
  984    6  4.0    -0.070   3.376   0.233   3.020
  985    6  4.0    -0.039   3.391   0.394   3.024
  986    8  6.0    -0.038   1.941   0.207   1.992
  987    7  5.0     0.033   3.635   0.394   3.006
  988    6  4.0    -0.019   4.290   0.246   3.997
  989    6  4.0    -0.044   3.477   0.571   3.015
  990    8  6.0    -0.089   1.456   0.293   1.004
  991    6  4.0    -0.054   3.835   0.204   3.982
  992    8  6.0    -0.054   1.890   0.189   1.988
  993    7  5.0     0.027   3.683   0.392   3.005
  994    6  4.0    -0.017   4.352   0.241   3.996
  995    6  4.0    -0.036   3.699   0.556   3.005
  996    8  6.0    -0.101   1.722   0.283   1.003
  997    6  4.0    -0.040   4.060   0.119   3.984
  998    6  4.0    -0.004   3.006   0.603   2.997
  999    8  6.0    -0.110   1.236   0.272   1.001
 1000    8  6.0    -0.112   1.891   0.274   1.002
 1001    7  5.0     0.010   3.675   0.390   3.005
 1002    6  4.0    -0.018   4.343   0.246   3.993
 1003    6  4.0    -0.042   3.583   0.569   3.017
 1004    8  6.0    -0.100   1.383   0.288   1.004
 1005    6  4.0    -0.052   4.092   0.119   3.988
 1006    6  4.0    -0.040   3.886   0.125   3.981
 1007    6  4.0    -0.001   2.830   0.590   2.997
 1008    8  6.0    -0.093   1.328   0.268   1.001
 1009    8  6.0    -0.093   1.208   0.265   1.001
 1010    7  5.0     0.010   3.609   0.398   3.003
 1011    6  4.0    -0.040   3.939   0.202   4.000
 1012    6  4.0    -0.041   3.306   0.566   3.010
 1013    8  6.0    -0.098   1.363   0.286   1.003
 1014    7  5.0     0.017   3.580   0.393   3.004
 1015    6  4.0    -0.042   3.924   0.198   3.997
 1016    6  4.0    -0.047   3.297   0.564   3.006
 1017    8  6.0    -0.111   1.381   0.287   1.003
 1018    7  5.0     0.034   3.726   0.387   3.005
 1019    6  4.0    -0.018   4.329   0.242   3.994
 1020    6  4.0    -0.048   3.432   0.562   3.008
 1021    8  6.0    -0.122   1.805   0.288   1.006
 1022    6  4.0    -0.039   4.095   0.118   3.988
 1023    6  4.0    -0.039   3.086   0.567   2.996
 1024    8  6.0    -0.108   1.316   0.288   1.004
 1025    7  5.0    -0.044   2.865   0.297   3.003
 1026    7  5.0     0.007   3.497   0.389   3.006
 1027    6  4.0    -0.021   4.279   0.244   3.992
 1028    6  4.0    -0.046   3.537   0.569   3.016
 1029    8  6.0    -0.115   1.570   0.294   1.004
 1030    6  4.0    -0.051   4.131   0.119   4.016
 1031    6  4.0    -0.063   3.609   0.223   3.978
 1032   16  6.0    -0.018   3.108   0.312   2.021
 1033    6  4.0    -0.086   3.213   0.159   3.975
 1034    7  5.0     0.015   3.661   0.394   3.007
 1035    6  4.0    -0.017   4.396   0.246   3.999
 1036    6  4.0    -0.039   3.670   0.566   3.009
 1037    8  6.0    -0.113   1.628   0.288   1.003
 1038    6  4.0    -0.052   4.206   0.120   3.983
 1039    6  4.0    -0.033   3.577   0.614   3.825
 1040    8  6.0    -0.093   2.172   0.288   1.761
 1041    8  6.0    -0.142   2.061   0.373   1.996
 1042    7  5.0     0.002   3.554   0.394   3.004
 1043    6  4.0    -0.018   4.336   0.244   3.993
 1044    6  4.0    -0.039   3.640   0.564   3.014
 1045    8  6.0    -0.114   1.602   0.291   1.004
 1046    6  4.0    -0.042   4.138   0.124   3.991
 1047    6  4.0    -0.039   3.698   0.293   3.022
 1048    6  4.0    -0.069   3.467   0.229   3.028
 1049    6  4.0    -0.069   3.435   0.234   3.030
 1050    6  4.0    -0.072   3.247   0.228   3.020
 1051    6  4.0    -0.072   3.240   0.235   3.022
 1052    6  4.0    -0.071   3.249   0.231   3.023
 1053    7  5.0     0.005   3.706   0.391   3.004
 1054    6  4.0    -0.019   4.390   0.244   3.999
 1055    6  4.0    -0.040   3.713   0.568   3.012
 1056    8  6.0    -0.119   1.581   0.292   1.004
 1057    6  4.0    -0.049   4.174   0.119   3.983
 1058    6  4.0    -0.036   3.624   0.612   3.840
 1059    8  6.0    -0.106   2.267   0.319   1.959
 1060    8  6.0    -0.099   2.005   0.307   1.938
 1061    7  5.0    -0.001   4.028   0.390   3.006
 1062    6  4.0    -0.020   4.503   0.243   3.998
 1063    6  4.0    -0.043   3.585   0.564   3.010
 1064    8  6.0    -0.113   1.533   0.287   1.003
 1065    6  4.0    -0.046   4.251   0.119   3.988
 1066    6  4.0    -0.057   3.505   0.574   3.187
 1067    8  6.0    -0.121   1.470   0.291   1.005
 1068    7  5.0    -0.050   3.866   0.341   3.975
 1069    7  5.0     0.010   3.725   0.395   3.009
 1070    6  4.0    -0.019   4.382   0.243   3.992
 1071    6  4.0    -0.038   3.632   0.555   3.008
 1072    8  6.0    -0.110   1.447   0.283   1.003
 1073    6  4.0    -0.043   4.191   0.122   3.990
 1074    6  4.0    -0.040   3.731   0.292   3.020
 1075    6  4.0    -0.070   3.526   0.230   3.030
 1076    6  4.0    -0.070   3.446   0.233   3.029
 1077    6  4.0    -0.073   3.256   0.231   3.020
 1078    6  4.0    -0.072   3.228   0.230   3.021
 1079    6  4.0    -0.071   3.220   0.231   3.023
 1080    7  5.0     0.011   3.680   0.390   3.003
 1081    6  4.0    -0.020   4.484   0.237   3.994
 1082    6  4.0    -0.043   3.699   0.564   3.015
 1083    8  6.0    -0.120   1.599   0.289   1.004
 1084    6  4.0    -0.036   4.189   0.161   3.980
 1085    6  4.0    -0.059   3.905   0.117   3.982
 1086    6  4.0    -0.080   3.794   0.065   3.982
 1087    6  4.0    -0.082   3.546   0.066   3.977
 1088    7  5.0     0.005   3.676   0.391   3.004
 1089    6  4.0    -0.019   4.255   0.242   3.997
 1090    6  4.0    -0.042   3.581   0.558   3.009
 1091    8  6.0    -0.115   1.462   0.284   1.003
 1092    6  4.0    -0.055   3.769   0.204   3.979
 1093    8  6.0    -0.050   1.886   0.191   1.989
 1094    7  5.0     0.018   3.686   0.390   3.006
 1095    6  4.0    -0.018   4.347   0.246   4.012
 1096    6  4.0    -0.041   3.767   0.574   3.014
 1097    8  6.0    -0.119   1.684   0.296   1.004
 1098    6  4.0    -0.058   3.672   0.204   3.980
 1099   16  6.0    -0.025   2.809   0.232   2.006
 1100    7  5.0     0.006   3.701   0.390   3.005
 1101    6  4.0    -0.020   4.318   0.239   3.992
 1102    6  4.0    -0.042   3.602   0.567   3.010
 1103    8  6.0    -0.115   1.650   0.293   1.004
 1104    6  4.0    -0.057   4.175   0.109   3.986
 1105    6  4.0    -0.036   3.850   0.169   3.976
 1106    6  4.0    -0.081   3.598   0.063   3.982
 1107    6  4.0    -0.080   3.689   0.068   3.986
 1108    7  5.0     0.014   3.736   0.391   3.008
 1109    6  4.0    -0.021   4.460   0.239   3.999
 1110    6  4.0    -0.042   3.747   0.574   3.014
 1111    8  6.0    -0.114   1.452   0.293   1.004
 1112    6  4.0    -0.037   4.043   0.161   3.977
 1113    6  4.0    -0.080   3.712   0.064   3.982
 1114    6  4.0    -0.083   3.718   0.064   3.982
 1115    7  5.0     0.007   3.734   0.396   3.009
 1116    6  4.0    -0.021   4.294   0.251   3.997
 1117    6  4.0    -0.043   3.640   0.569   3.013
 1118    8  6.0    -0.120   1.593   0.289   1.003
 1119    6  4.0    -0.057   4.130   0.127   3.996
 1120    6  4.0    -0.057   4.055   0.130   3.983
 1121    6  4.0    -0.058   3.984   0.203   3.996
 1122    7  5.0    -0.016   3.306   0.399   3.020
 1123    6  4.0    -0.079   3.392   0.669   3.008
 1124    7  5.0    -0.059   3.342   0.300   3.018
 1125    7  5.0    -0.056   2.997   0.296   3.016
 1126    7  5.0     0.011   3.721   0.397   3.009
 1127    6  4.0    -0.021   4.324   0.246   3.994
 1128    6  4.0    -0.042   3.663   0.558   3.010
 1129    8  6.0    -0.115   1.538   0.283   1.003
 1130    6  4.0    -0.056   4.258   0.118   3.995
 1131    6  4.0    -0.037   3.911   0.182   3.980
 1132    6  4.0    -0.081   3.666   0.068   3.987
 1133    6  4.0    -0.081   3.646   0.071   3.990
 1134    7  5.0     0.008   3.699   0.391   3.006
 1135    6  4.0    -0.017   4.315   0.244   3.995
 1136    6  4.0    -0.037   3.707   0.569   3.012
 1137    8  6.0    -0.111   1.516   0.293   1.004
 1138    6  4.0    -0.038   4.045   0.116   3.984
 1139    6  4.0    -0.001   2.922   0.605   2.995
 1140    8  6.0    -0.103   1.251   0.273   1.001
 1141    8  6.0    -0.116   1.486   0.280   1.001
 1142    7  5.0     0.019   3.687   0.392   3.006
 1143    6  4.0    -0.021   4.141   0.249   3.994
 1144    6  4.0    -0.043   3.570   0.569   3.014
 1145    8  6.0    -0.116   1.516   0.291   1.004
 1146    6  4.0    -0.081   3.680   0.064   3.983
 1147    7  5.0     0.007   3.794   0.394   3.006
 1148    6  4.0    -0.020   4.465   0.245   3.998
 1149    6  4.0    -0.043   3.566   0.567   3.012
 1150    8  6.0    -0.112   1.452   0.291   1.004
 1151    6  4.0    -0.054   4.072   0.118   4.012
 1152    6  4.0    -0.063   3.583   0.217   3.977
 1153   16  6.0    -0.014   3.016   0.322   2.021
 1154    6  4.0    -0.085   3.189   0.174   3.977
 1155    7  5.0     0.020   3.723   0.396   3.010
 1156    6  4.0    -0.020   4.312   0.243   3.996
 1157    6  4.0    -0.043   3.610   0.562   3.013
 1158    8  6.0    -0.115   1.535   0.290   1.004
 1159    6  4.0    -0.044   4.095   0.118   3.987
 1160    6  4.0    -0.040   3.598   0.288   3.018
 1161    6  4.0    -0.067   3.419   0.230   3.029
 1162    6  4.0    -0.068   3.424   0.229   3.027
 1163    6  4.0    -0.068   3.211   0.231   3.020
 1164    6  4.0    -0.070   3.234   0.227   3.020
 1165    6  4.0    -0.068   3.204   0.231   3.022
 1166    7  5.0     0.006   3.672   0.388   3.003
 1167    6  4.0    -0.020   4.268   0.241   3.995
 1168    6  4.0    -0.042   3.605   0.574   3.012
 1169    8  6.0    -0.116   1.551   0.295   1.004
 1170    6  4.0    -0.057   4.035   0.114   3.983
 1171    6  4.0    -0.059   3.789   0.112   3.977
 1172    6  4.0    -0.058   3.844   0.188   3.984
 1173    7  5.0    -0.002   3.351   0.390   3.015
 1174    6  4.0    -0.079   3.312   0.662   3.005
 1175    7  5.0    -0.060   3.033   0.298   3.017
 1176    7  5.0    -0.063   2.984   0.296   3.017
 1177    7  5.0     0.013   3.685   0.399   3.008
 1178    6  4.0    -0.021   4.134   0.250   3.996
 1179    6  4.0    -0.043   3.610   0.567   3.018
 1180    8  6.0    -0.116   1.468   0.288   1.004
 1181    6  4.0    -0.081   3.630   0.063   3.982
 1182    7  5.0     0.010   3.686   0.397   3.008
 1183    6  4.0    -0.018   4.357   0.249   4.003
 1184    6  4.0    -0.040   3.721   0.568   3.014
 1185    8  6.0    -0.109   1.527   0.289   1.004
 1186    6  4.0    -0.043   4.131   0.125   3.991
 1187    6  4.0    -0.038   3.677   0.293   3.022
 1188    6  4.0    -0.069   3.439   0.233   3.030
 1189    6  4.0    -0.064   3.471   0.230   3.029
 1190    6  4.0    -0.070   3.252   0.233   3.022
 1191    6  4.0    -0.066   3.224   0.232   3.021
 1192    6  4.0    -0.067   3.238   0.233   3.023
 1193    7  5.0     0.009   3.727   0.398   3.007
 1194    6  4.0    -0.020   4.295   0.251   3.998
 1195    6  4.0    -0.043   3.651   0.574   3.016
 1196    8  6.0    -0.106   1.525   0.297   1.005
 1197    6  4.0    -0.058   4.024   0.116   3.986
 1198    6  4.0    -0.059   3.837   0.118   3.981
 1199    6  4.0    -0.060   3.782   0.119   3.981
 1200    6  4.0    -0.083   3.693   0.173   3.978
 1201    7  5.0     0.079   3.406   0.220   3.987
 1202    7  5.0     0.005   3.723   0.393   3.006
 1203    6  4.0    -0.019   4.262   0.247   3.998
 1204    6  4.0    -0.043   3.600   0.570   3.011
 1205    8  6.0    -0.111   1.395   0.293   1.004
 1206    6  4.0    -0.054   3.746   0.203   3.980
 1207    8  6.0    -0.048   1.872   0.188   1.988
 1208    7  5.0     0.011   3.825   0.392   3.006
 1209    6  4.0    -0.020   4.339   0.244   3.994
 1210    6  4.0    -0.048   3.447   0.569   3.009
 1211    8  6.0    -0.108   1.385   0.292   1.004
 1212    6  4.0    -0.055   4.206   0.113   3.990
 1213    6  4.0    -0.037   3.828   0.172   3.977
 1214    6  4.0    -0.080   3.678   0.066   3.983
 1215    6  4.0    -0.083   3.595   0.066   3.985
 1216    7  5.0     0.016   3.681   0.392   3.009
 1217    6  4.0    -0.017   4.306   0.241   3.992
 1218    6  4.0    -0.041   3.540   0.557   3.007
 1219    8  6.0    -0.097   1.562   0.288   1.003
 1220    6  4.0    -0.032   4.085   0.121   3.985
 1221    6  4.0     0.003   2.977   0.608   2.997
 1222    8  6.0    -0.115   1.569   0.273   1.001
 1223    8  6.0    -0.107   1.302   0.277   1.002
 1224    7  5.0     0.004   3.576   0.382   3.002
 1225    6  4.0    -0.019   4.277   0.237   3.989
 1226    6  4.0    -0.043   3.493   0.562   3.009
 1227    8  6.0    -0.100   1.374   0.286   1.003
 1228    6  4.0    -0.057   4.041   0.114   3.983
 1229    6  4.0    -0.059   3.859   0.114   3.978
 1230    6  4.0    -0.059   3.793   0.114   3.978
 1231    6  4.0    -0.084   3.706   0.172   3.977
 1232    7  5.0     0.081   3.461   0.221   3.986
 1233    7  5.0     0.022   3.767   0.393   3.005
 1234    6  4.0    -0.018   4.334   0.242   3.994
 1235    6  4.0    -0.044   3.434   0.550   3.009
 1236    8  6.0    -0.095   1.379   0.281   1.002
 1237    6  4.0    -0.038   3.993   0.115   3.982
 1238    6  4.0    -0.002   2.818   0.588   2.995
 1239    8  6.0    -0.093   1.206   0.268   1.001
 1240    8  6.0    -0.092   1.318   0.268   1.001
 1241    7  5.0     0.017   3.439   0.389   3.001
 1242    6  4.0    -0.039   3.919   0.198   3.995
 1243    6  4.0    -0.040   3.322   0.564   3.005
 1244    8  6.0    -0.095   1.352   0.285   1.003
 1245    7  5.0     0.015   3.753   0.391   3.004
 1246    6  4.0    -0.020   4.382   0.240   3.993
 1247    6  4.0    -0.041   3.536   0.560   3.015
 1248    8  6.0    -0.102   1.393   0.287   1.003
 1249    6  4.0    -0.032   3.966   0.241   3.980
 1250    8  6.0    -0.042   2.079   0.177   1.986
 1251    6  4.0    -0.081   3.584   0.061   3.978
 1252    7  5.0     0.012   3.490   0.394   3.001
 1253    6  4.0    -0.041   3.902   0.196   3.996
 1254    6  4.0    -0.047   3.275   0.559   3.006
 1255    8  6.0    -0.109   1.372   0.285   1.003
 1256    7  5.0     0.022   3.618   0.390   3.005
 1257    6  4.0    -0.021   4.300   0.248   3.998
 1258    6  4.0    -0.049   3.471   0.572   3.018
 1259    8  6.0    -0.104   1.446   0.291   1.003
 1260    6  4.0    -0.051   4.129   0.127   3.993
 1261    6  4.0    -0.040   3.995   0.134   3.988
 1262    6  4.0    -0.041   3.064   0.580   3.000
 1263    8  6.0    -0.099   1.294   0.291   1.004
 1264    7  5.0    -0.047   2.890   0.303   3.005
 1265    7  5.0     0.017   3.674   0.396   3.014
 1266    6  4.0    -0.022   4.446   0.242   3.999
 1267    6  4.0    -0.049   3.564   0.562   3.020
 1268    8  6.0    -0.111   1.468   0.282   1.003
 1269    6  4.0    -0.034   4.180   0.164   3.980
 1270    6  4.0    -0.057   3.972   0.119   3.982
 1271    6  4.0    -0.080   3.778   0.067   3.983
 1272    6  4.0    -0.083   3.486   0.067   3.978
 1273    7  5.0     0.007   3.507   0.394   3.011
 1274    6  4.0    -0.021   4.254   0.245   3.994
 1275    6  4.0    -0.049   3.519   0.569   3.013
 1276    8  6.0    -0.105   1.456   0.296   1.004
 1277    6  4.0    -0.051   4.031   0.115   3.984
 1278    6  4.0    -0.040   3.884   0.118   3.982
 1279    6  4.0    -0.041   3.009   0.562   2.996
 1280    8  6.0    -0.098   1.289   0.285   1.003
 1281    7  5.0    -0.049   2.858   0.297   3.002
 1282    7  5.0     0.008   3.581   0.388   3.003
 1283    6  4.0    -0.019   4.473   0.241   4.000
 1284    6  4.0    -0.048   3.554   0.564   3.014
 1285    8  6.0    -0.108   1.445   0.289   1.003
 1286    6  4.0    -0.032   4.096   0.169   3.983
 1287    6  4.0    -0.081   3.682   0.065   3.983
 1288    6  4.0    -0.079   3.761   0.066   3.984
 1289    7  5.0     0.027   3.662   0.393   3.010
 1290    6  4.0    -0.019   4.300   0.245   3.996
 1291    6  4.0    -0.038   3.626   0.563   3.015
 1292    8  6.0    -0.111   1.670   0.287   1.004
 1293    6  4.0    -0.040   4.055   0.116   3.986
 1294    6  4.0    -0.040   3.192   0.579   2.996
 1295    8  6.0    -0.114   1.525   0.295   1.005
 1296    7  5.0    -0.041   2.956   0.302   3.004
 1297    7  5.0    -0.003   3.556   0.396   3.003
 1298    6  4.0    -0.020   4.478   0.237   3.995
 1299    6  4.0    -0.043   3.714   0.567   3.009
 1300    8  6.0    -0.120   1.573   0.294   1.004
 1301    6  4.0    -0.036   4.175   0.161   3.979
 1302    6  4.0    -0.057   3.956   0.134   3.987
 1303    6  4.0    -0.081   3.747   0.065   3.984
 1304    6  4.0    -0.082   3.516   0.081   3.982
 1305    7  5.0     0.008   3.763   0.389   3.004
 1306    6  4.0    -0.020   4.301   0.242   3.998
 1307    6  4.0    -0.042   3.542   0.565   3.010
 1308    8  6.0    -0.113   1.463   0.288   1.004
 1309    6  4.0    -0.058   4.082   0.111   3.980
 1310    6  4.0    -0.042   3.910   0.115   3.982
 1311    6  4.0    -0.041   2.983   0.558   2.994
 1312    8  6.0    -0.102   1.254   0.283   1.003
 1313    7  5.0    -0.051   2.940   0.296   3.001
 1314    7  5.0     0.012   3.747   0.389   3.008
 1315    6  4.0    -0.023   4.266   0.240   3.994
 1316    6  4.0    -0.043   3.573   0.559   3.009
 1317    8  6.0    -0.117   1.582   0.289   1.003
 1318    6  4.0    -0.055   4.060   0.120   3.986
 1319    6  4.0    -0.041   3.914   0.126   3.982
 1320    6  4.0    -0.005   2.838   0.599   2.997
 1321    8  6.0    -0.110   1.446   0.270   1.001
 1322    8  6.0    -0.099   1.225   0.272   1.001
 1323    7  5.0     0.006   3.643   0.387   3.004
 1324    6  4.0    -0.018   4.283   0.239   3.991
 1325    6  4.0    -0.037   3.676   0.558   3.007
 1326    8  6.0    -0.117   1.603   0.288   1.003
 1327    6  4.0    -0.043   4.103   0.121   3.985
 1328    6  4.0    -0.042   3.832   0.289   3.113
 1329    6  4.0    -0.084   3.494   0.324   3.216
 1330    6  4.0    -0.015   4.062   0.309   3.180
 1331    7  5.0     0.038   3.308   0.419   3.104
 1332    6  4.0    -0.034   3.987   0.405   3.211
 1333    6  4.0    -0.072   3.347   0.221   3.016
 1334    6  4.0    -0.075   3.332   0.237   3.014
 1335    6  4.0    -0.070   3.205   0.219   3.020
 1336    6  4.0    -0.068   3.218   0.235   3.026
 1337    7  5.0     0.011   3.694   0.387   3.004
 1338    6  4.0    -0.022   4.328   0.243   3.991
 1339    6  4.0    -0.043   3.545   0.561   3.009
 1340    8  6.0    -0.116   1.591   0.287   1.003
 1341    6  4.0    -0.057   4.194   0.115   3.990
 1342    6  4.0    -0.039   3.882   0.170   3.977
 1343    6  4.0    -0.082   3.576   0.064   3.984
 1344    6  4.0    -0.082   3.670   0.066   3.985
 1345    7  5.0     0.014   3.668   0.393   3.008
 1346    6  4.0    -0.019   4.330   0.245   3.995
 1347    6  4.0    -0.039   3.708   0.569   3.013
 1348    8  6.0    -0.103   1.454   0.293   1.004
 1349    6  4.0    -0.055   4.120   0.115   3.984
 1350    6  4.0    -0.040   3.952   0.120   3.983
 1351    6  4.0    -0.038   3.081   0.566   2.996
 1352    8  6.0    -0.101   1.269   0.287   1.004
 1353    7  5.0    -0.052   2.957   0.297   3.002
 1354    7  5.0     0.011   3.724   0.395   3.006
 1355    6  4.0    -0.020   4.325   0.249   3.995
 1356    6  4.0    -0.042   3.479   0.571   3.010
 1357    8  6.0    -0.105   1.383   0.295   1.004
 1358    6  4.0    -0.057   4.227   0.116   3.993
 1359    6  4.0    -0.037   3.897   0.179   3.979
 1360    6  4.0    -0.082   3.600   0.070   3.986
 1361    6  4.0    -0.082   3.645   0.067   3.986
 1362    7  5.0     0.010   3.677   0.389   3.002
 1363    6  4.0    -0.019   4.385   0.239   3.995
 1364    6  4.0    -0.043   3.501   0.567   3.013
 1365    8  6.0    -0.107   1.420   0.289   1.004
 1366    6  4.0    -0.032   3.970   0.243   3.979
 1367    8  6.0    -0.051   2.020   0.175   1.986
 1368    6  4.0    -0.082   3.639   0.068   3.980
 1369    7  5.0     0.015   3.703   0.395   3.005
 1370    6  4.0    -0.019   4.437   0.249   3.997
 1371    6  4.0    -0.045   3.531   0.568   3.014
 1372    8  6.0    -0.108   1.464   0.293   1.004
 1373    6  4.0    -0.053   4.159   0.119   4.018
 1374    6  4.0    -0.061   3.584   0.220   3.978
 1375   16  6.0    -0.012   2.954   0.316   2.024
 1376    6  4.0    -0.085   3.165   0.166   3.976
 1377    7  5.0     0.012   3.569   0.388   3.006
 1378    6  4.0    -0.017   4.351   0.242   3.997
 1379    6  4.0    -0.044   3.533   0.566   3.010
 1380    8  6.0    -0.103   1.466   0.291   1.003
 1381    6  4.0    -0.038   4.126   0.118   3.986
 1382    6  4.0    -0.035   3.637   0.286   3.018
 1383    6  4.0    -0.060   3.409   0.231   3.031
 1384    6  4.0    -0.067   3.464   0.226   3.031
 1385    6  4.0    -0.066   3.385   0.235   3.022
 1386    6  4.0    -0.067   3.340   0.232   3.021
 1387    6  4.0    -0.036   3.400   0.402   3.027
 1388    8  6.0    -0.034   1.996   0.211   1.992
 1389    7  5.0     0.022   3.663   0.393   3.009
 1390    6  4.0    -0.020   4.186   0.246   3.989
 1391    6  4.0    -0.004   3.082   0.601   3.002
 1392    8  6.0    -0.100   1.328   0.271   1.001
 1393    6  4.0    -0.051   3.919   0.200   3.982
 1394    8  6.0    -0.044   2.034   0.185   1.988
 1395    8  6.0    -0.122   1.820   0.278   1.002
 1396   20 10.0     1.009   9.360   0.314   8.802
 1397   20 10.0     1.042  12.989   0.520   9.626
 1398   20 10.0     1.039   9.375   0.282   6.993
 1399   20 10.0     1.028  10.252   0.276   7.615
 1400    8  6.0    -0.086   2.074   0.061   2.795
 1401    8  6.0    -0.084   1.526   0.018   1.837
 1402    8  6.0     0.016   2.162   0.059   2.790
 1403    8  6.0    -0.084   1.555   0.018   1.837
 1404    8  6.0    -0.074   1.403   0.018   1.837
 1405    8  6.0    -0.087   1.448   0.018   1.837
 1406    8  6.0    -0.091   1.563   0.018   1.837
 1407    8  6.0    -0.089   1.350   0.018   1.837
 1408    8  6.0    -0.085   1.347   0.018   1.837
 1409    8  6.0    -0.069   1.320   0.018   1.837
 1410    8  6.0    -0.078   1.374   0.018   1.837
 1411    1  1.0    -0.004   0.893   0.037   0.997
 1412    1  1.0     0.004   0.894   0.037   0.997
 1413    1  1.0     0.005   0.903   0.037   0.997
 1414    1  1.0     0.038   0.976   0.003   0.994
 1415    1  1.0     0.040   1.199   0.003   0.995
 1416    1  1.0     0.043   0.914   0.003   0.994
 1417    1  1.0     0.048   0.907   0.003   0.994
 1418    1  1.0     0.048   0.918   0.003   0.994
 1419    1  1.0     0.036   1.002   0.037   0.997
 1420    1  1.0     0.053   0.991   0.003   0.994
 1421    1  1.0     0.055   0.914   0.003   0.994
 1422    1  1.0     0.053   0.919   0.003   0.994
 1423    1  1.0     0.048   0.913   0.003   0.994
 1424    1  1.0     0.049   0.907   0.003   0.994
 1425    1  1.0     0.037   1.008   0.037   0.997
 1426    1  1.0     0.052   0.991   0.003   0.994
 1427    1  1.0     0.049   0.992   0.003   0.994
 1428    1  1.0     0.041   0.831   0.003   0.994
 1429    1  1.0     0.049   0.853   0.003   0.994
 1430    1  1.0     0.042   0.835   0.003   0.994
 1431    1  1.0     0.047   0.833   0.003   0.994
 1432    1  1.0     0.040   0.838   0.003   0.994
 1433    1  1.0     0.045   0.838   0.003   0.994
 1434    1  1.0     0.043   1.057   0.037   0.997
 1435    1  1.0     0.050   1.000   0.003   0.994
 1436    1  1.0     0.043   0.904   0.003   0.994
 1437    1  1.0     0.045   0.908   0.003   0.994
 1438    1  1.0     0.040   0.908   0.003   0.994
 1439    1  1.0     0.040   0.897   0.003   0.994
 1440    1  1.0     0.034   1.168   0.003   0.995
 1441    1  1.0     0.043   0.951   0.003   0.994
 1442    1  1.0     0.056   1.087   0.037   0.997
 1443    1  1.0     0.046   0.898   0.037   0.997
 1444    1  1.0     0.043   0.927   0.037   0.997
 1445    1  1.0     0.047   0.899   0.037   0.997
 1446    1  1.0     0.053   0.899   0.037   0.997
 1447    1  1.0     0.054   1.005   0.037   0.997
 1448    1  1.0     0.063   1.021   0.003   0.994
 1449    1  1.0     0.055   0.916   0.003   0.994
 1450    1  1.0     0.046   0.909   0.003   0.994
 1451    1  1.0     0.046   0.904   0.003   0.994
 1452    1  1.0     0.045   0.918   0.003   0.994
 1453    1  1.0     0.051   0.893   0.037   0.997
 1454    1  1.0     0.043   0.904   0.037   0.997
 1455    1  1.0     0.060   1.041   0.037   0.997
 1456    1  1.0     0.054   0.986   0.003   0.994
 1457    1  1.0     0.052   0.924   0.003   0.994
 1458    1  1.0     0.049   0.911   0.003   0.994
 1459    1  1.0     0.060   0.916   0.003   0.995
 1460    1  1.0     0.061   0.917   0.003   0.995
 1461    1  1.0     0.068   0.911   0.003   0.995
 1462    1  1.0     0.061   0.916   0.003   0.995
 1463    1  1.0     0.066   0.911   0.003   0.995
 1464    1  1.0     0.054   1.053   0.037   0.997
 1465    1  1.0     0.055   0.981   0.003   0.994
 1466    1  1.0     0.052   0.929   0.003   0.994
 1467    1  1.0     0.048   0.954   0.003   0.994
 1468    1  1.0     0.050   0.928   0.003   0.994
 1469    1  1.0     0.040   0.910   0.003   0.994
 1470    1  1.0     0.049   0.910   0.003   0.994
 1471    1  1.0     0.042   0.899   0.003   0.994
 1472    1  1.0     0.040   1.002   0.037   0.997
 1473    1  1.0     0.047   0.898   0.037   0.997
 1474    1  1.0     0.048   0.922   0.037   0.997
 1475    1  1.0     0.047   0.898   0.037   0.997
 1476    1  1.0     0.043   0.898   0.037   0.997
 1477    1  1.0     0.055   1.031   0.037   0.997
 1478    1  1.0     0.052   0.987   0.003   0.994
 1479    1  1.0     0.052   0.937   0.003   0.994
 1480    1  1.0     0.053   0.909   0.003   0.994
 1481    1  1.0     0.050   0.904   0.003   0.994
 1482    1  1.0     0.041   0.908   0.003   0.994
 1483    1  1.0     0.040   0.893   0.003   0.994
 1484    1  1.0     0.041   0.920   0.003   0.994
 1485    1  1.0     0.049   1.004   0.037   0.997
 1486    1  1.0     0.047   0.900   0.037   0.997
 1487    1  1.0     0.044   0.917   0.037   0.997
 1488    1  1.0     0.047   0.901   0.037   0.997
 1489    1  1.0     0.053   0.901   0.037   0.997
 1490    1  1.0     0.060   1.075   0.037   0.997
 1491    1  1.0     0.053   0.981   0.003   0.994
 1492    1  1.0     0.053   0.918   0.003   0.994
 1493    1  1.0     0.044   0.910   0.003   0.994
 1494    1  1.0     0.048   0.994   0.003   0.994
 1495    1  1.0     0.037   0.830   0.003   0.994
 1496    1  1.0     0.052   0.837   0.003   0.994
 1497    1  1.0     0.040   0.835   0.003   0.994
 1498    1  1.0     0.038   0.832   0.003   0.994
 1499    1  1.0     0.038   0.836   0.003   0.994
 1500    1  1.0     0.041   0.832   0.003   0.994
 1501    1  1.0     0.060   1.065   0.037   0.997
 1502    1  1.0     0.055   0.989   0.003   0.994
 1503    1  1.0     0.053   0.926   0.003   0.994
 1504    1  1.0     0.047   0.913   0.003   0.994
 1505    1  1.0     0.070   0.925   0.003   0.995
 1506    1  1.0     0.064   0.915   0.003   0.995
 1507    1  1.0     0.067   0.906   0.003   0.995
 1508    1  1.0     0.065   0.907   0.003   0.995
 1509    1  1.0     0.071   0.907   0.003   0.995
 1510    1  1.0     0.055   1.034   0.037   0.997
 1511    1  1.0     0.055   0.987   0.003   0.994
 1512    1  1.0     0.047   0.831   0.003   0.994
 1513    1  1.0     0.043   0.829   0.003   0.994
 1514    1  1.0     0.051   0.835   0.003   0.994
 1515    1  1.0     0.060   1.095   0.037   0.997
 1516    1  1.0     0.058   0.985   0.003   0.994
 1517    1  1.0     0.061   0.921   0.003   0.994
 1518    1  1.0     0.044   0.902   0.003   0.994
 1519    1  1.0     0.046   0.900   0.003   0.994
 1520    1  1.0     0.050   0.920   0.003   0.994
 1521    1  1.0     0.045   0.896   0.037   0.997
 1522    1  1.0     0.051   0.902   0.037   0.997
 1523    1  1.0     0.060   1.073   0.037   0.997
 1524    1  1.0     0.057   1.015   0.003   0.994
 1525    1  1.0     0.044   0.922   0.003   0.994
 1526    1  1.0     0.047   0.914   0.003   0.994
 1527    1  1.0     0.053   0.985   0.003   0.994
 1528    1  1.0     0.034   0.832   0.003   0.994
 1529    1  1.0     0.040   0.831   0.003   0.994
 1530    1  1.0     0.036   0.835   0.003   0.994
 1531    1  1.0     0.038   0.831   0.003   0.994
 1532    1  1.0     0.038   0.835   0.003   0.994
 1533    1  1.0     0.044   0.852   0.003   0.994
 1534    1  1.0     0.063   1.141   0.037   0.998
 1535    1  1.0     0.033   1.126   0.003   0.994
 1536    1  1.0     0.048   0.931   0.003   0.994
 1537    1  1.0     0.053   0.829   0.003   0.994
 1538    1  1.0     0.056   0.832   0.003   0.994
 1539    1  1.0     0.062   1.011   0.037   0.997
 1540    1  1.0     0.041   0.935   0.003   0.994
 1541    1  1.0     0.055   0.903   0.003   0.994
 1542    1  1.0     0.044   1.045   0.037   0.997
 1543    1  1.0     0.070   1.024   0.003   0.994
 1544    1  1.0     0.057   0.911   0.003   0.994
 1545    1  1.0     0.042   0.910   0.003   0.994
 1546    1  1.0     0.022   1.087   0.037   0.997
 1547    1  1.0     0.059   1.009   0.003   0.994
 1548    1  1.0     0.045   0.909   0.003   0.994
 1549    1  1.0     0.056   0.908   0.003   0.994
 1550    1  1.0     0.054   1.100   0.037   0.997
 1551    1  1.0     0.048   1.032   0.003   0.994
 1552    1  1.0     0.053   0.941   0.003   0.994
 1553    1  1.0     0.059   0.954   0.003   0.994
 1554    1  1.0     0.055   1.038   0.003   0.994
 1555    1  1.0     0.047   1.011   0.003   0.994
 1556    1  1.0     0.045   0.907   0.003   0.994
 1557    1  1.0     0.047   0.908   0.003   0.994
 1558    1  1.0     0.051   0.908   0.003   0.994
 1559    1  1.0     0.031   1.210   0.037   0.998
 1560    1  1.0     0.057   0.998   0.003   0.994
 1561    1  1.0     0.057   0.924   0.003   0.994
 1562    1  1.0     0.046   0.912   0.003   0.994
 1563    1  1.0     0.060   0.903   0.003   0.994
 1564    1  1.0     0.059   0.917   0.003   0.994
 1565    1  1.0     0.060   1.095   0.037   0.998
 1566    1  1.0     0.038   1.123   0.003   0.994
 1567    1  1.0     0.043   0.980   0.003   0.994
 1568    1  1.0     0.035   0.829   0.003   0.994
 1569    1  1.0     0.055   0.853   0.003   0.994
 1570    1  1.0     0.044   0.835   0.003   0.994
 1571    1  1.0     0.044   0.832   0.003   0.994
 1572    1  1.0     0.041   0.837   0.003   0.994
 1573    1  1.0     0.045   0.839   0.003   0.994
 1574    1  1.0     0.031   1.153   0.037   0.997
 1575    1  1.0     0.046   0.987   0.003   0.994
 1576    1  1.0     0.023   0.938   0.003   0.994
 1577    1  1.0     0.037   0.871   0.003   0.994
 1578    1  1.0     0.035   0.950   0.045   0.995
 1579    1  1.0     0.034   0.996   0.037   0.997
 1580    1  1.0     0.049   0.989   0.003   0.994
 1581    1  1.0     0.045   0.837   0.003   0.994
 1582    1  1.0     0.037   0.832   0.003   0.994
 1583    1  1.0     0.038   0.837   0.003   0.994
 1584    1  1.0     0.039   1.010   0.037   0.997
 1585    1  1.0     0.051   0.990   0.003   0.994
 1586    1  1.0     0.038   0.947   0.003   0.994
 1587    1  1.0     0.044   0.904   0.045   0.995
 1588    1  1.0     0.036   0.828   0.003   0.994
 1589    1  1.0     0.049   0.856   0.003   0.994
 1590    1  1.0     0.043   0.833   0.003   0.994
 1591    1  1.0     0.045   1.030   0.037   0.997
 1592    1  1.0     0.052   0.993   0.003   0.994
 1593    1  1.0     0.049   0.909   0.003   0.994
 1594    1  1.0     0.049   0.922   0.003   0.994
 1595    1  1.0     0.035   0.917   0.003   0.994
 1596    1  1.0     0.043   0.908   0.003   0.994
 1597    1  1.0     0.059   1.078   0.037   0.997
 1598    1  1.0     0.046   0.988   0.003   0.994
 1599    1  1.0     0.048   0.916   0.003   0.994
 1600    1  1.0     0.038   0.912   0.003   0.994
 1601    1  1.0     0.046   1.003   0.003   0.994
 1602    1  1.0     0.032   0.832   0.003   0.994
 1603    1  1.0     0.038   0.839   0.003   0.994
 1604    1  1.0     0.033   0.837   0.003   0.994
 1605    1  1.0     0.032   0.829   0.003   0.994
 1606    1  1.0     0.034   0.833   0.003   0.994
 1607    1  1.0     0.038   0.829   0.003   0.994
 1608    1  1.0     0.058   1.082   0.037   0.997
 1609    1  1.0     0.051   1.040   0.003   0.994
 1610    1  1.0     0.051   0.946   0.003   0.994
 1611    1  1.0     0.044   1.027   0.003   0.994
 1612    1  1.0     0.059   1.031   0.003   0.994
 1613    1  1.0     0.052   1.015   0.003   0.994
 1614    1  1.0     0.040   0.924   0.003   0.994
 1615    1  1.0     0.043   0.926   0.003   0.994
 1616    1  1.0     0.049   0.926   0.003   0.994
 1617    1  1.0     0.060   1.042   0.037   0.997
 1618    1  1.0     0.066   1.028   0.003   0.994
 1619    1  1.0     0.049   0.911   0.003   0.994
 1620    1  1.0     0.050   0.915   0.003   0.994
 1621    1  1.0     0.050   0.892   0.037   0.997
 1622    1  1.0     0.043   0.901   0.037   0.997
 1623    1  1.0     0.054   1.004   0.037   0.997
 1624    1  1.0     0.050   1.012   0.003   0.994
 1625    1  1.0     0.038   0.978   0.003   0.994
 1626    1  1.0     0.044   0.919   0.003   0.994
 1627    1  1.0     0.033   0.912   0.003   0.994
 1628    1  1.0     0.034   0.833   0.003   0.994
 1629    1  1.0     0.054   0.850   0.003   0.994
 1630    1  1.0     0.043   0.856   0.003   0.994
 1631    1  1.0     0.033   0.826   0.003   0.994
 1632    1  1.0     0.041   0.840   0.003   0.994
 1633    1  1.0     0.034   0.829   0.003   0.994
 1634    1  1.0     0.059   1.069   0.037   0.997
 1635    1  1.0     0.051   1.007   0.003   0.994
 1636    1  1.0     0.052   0.927   0.003   0.994
 1637    1  1.0     0.051   0.912   0.003   0.994
 1638    1  1.0     0.044   0.990   0.003   0.994
 1639    1  1.0     0.032   0.834   0.003   0.994
 1640    1  1.0     0.039   0.836   0.003   0.994
 1641    1  1.0     0.046   0.839   0.003   0.994
 1642    1  1.0     0.034   0.833   0.003   0.994
 1643    1  1.0     0.038   0.837   0.003   0.994
 1644    1  1.0     0.038   0.839   0.003   0.994
 1645    1  1.0     0.061   1.058   0.037   0.997
 1646    1  1.0     0.058   1.013   0.003   0.994
 1647    1  1.0     0.053   0.915   0.003   0.994
 1648    1  1.0     0.051   0.921   0.003   0.994
 1649    1  1.0     0.061   0.911   0.037   0.997
 1650    1  1.0     0.047   0.902   0.037   0.997
 1651    1  1.0     0.056   1.042   0.037   0.997
 1652    1  1.0     0.053   0.988   0.003   0.994
 1653    1  1.0     0.050   0.915   0.003   0.994
 1654    1  1.0     0.043   0.920   0.003   0.994
 1655    1  1.0     0.047   0.929   0.003   0.994
 1656    1  1.0     0.042   0.907   0.003   0.994
 1657    1  1.0     0.036   0.908   0.003   0.994
 1658    1  1.0     0.034   0.905   0.003   0.994
 1659    1  1.0     0.033   0.891   0.003   0.994
 1660    1  1.0     0.038   0.899   0.003   0.994
 1661    1  1.0    -0.001   0.884   0.037   0.997
 1662    1  1.0     0.000   0.899   0.037   0.997
 1663    1  1.0     0.001   0.886   0.037   0.997
 1664    1  1.0     0.059   1.049   0.037   0.997
 1665    1  1.0     0.055   1.024   0.003   0.994
 1666    1  1.0     0.049   0.981   0.003   0.994
 1667    1  1.0     0.039   0.831   0.003   0.994
 1668    1  1.0     0.052   0.854   0.003   0.994
 1669    1  1.0     0.041   0.835   0.003   0.994
 1670    1  1.0     0.037   0.832   0.003   0.994
 1671    1  1.0     0.037   0.837   0.003   0.994
 1672    1  1.0     0.054   0.899   0.003   0.994
 1673    1  1.0     0.056   1.061   0.037   0.997
 1674    1  1.0     0.053   0.993   0.003   0.994
 1675    1  1.0     0.047   0.997   0.003   0.994
 1676    1  1.0     0.036   0.844   0.003   0.994
 1677    1  1.0     0.040   0.834   0.003   0.994
 1678    1  1.0     0.051   0.853   0.003   0.994
 1679    1  1.0     0.040   0.834   0.003   0.994
 1680    1  1.0     0.055   0.867   0.003   0.994
 1681    1  1.0     0.049   0.857   0.003   0.994
 1682    1  1.0     0.052   1.026   0.037   0.997
 1683    1  1.0     0.058   0.985   0.003   0.994
 1684    1  1.0     0.048   0.939   0.003   0.994
 1685    1  1.0     0.062   0.932   0.045   0.995
 1686    1  1.0     0.042   0.827   0.003   0.994
 1687    1  1.0     0.052   0.853   0.003   0.994
 1688    1  1.0     0.049   0.831   0.003   0.994
 1689    1  1.0     0.053   1.022   0.037   0.997
 1690    1  1.0     0.054   0.983   0.003   0.994
 1691    1  1.0     0.051   0.919   0.003   0.994
 1692    1  1.0     0.054   0.924   0.003   0.994
 1693    1  1.0     0.044   0.927   0.003   0.994
 1694    1  1.0     0.044   0.909   0.003   0.994
 1695    1  1.0     0.038   0.905   0.003   0.994
 1696    1  1.0     0.042   0.901   0.003   0.994
 1697    1  1.0     0.039   0.988   0.037   0.997
 1698    1  1.0     0.045   0.907   0.037   0.997
 1699    1  1.0     0.057   1.007   0.037   0.997
 1700    1  1.0     0.045   0.900   0.037   0.997
 1701    1  1.0     0.046   0.899   0.037   0.997
 1702    1  1.0     0.070   1.201   0.037   0.997
 1703    1  1.0     0.065   1.023   0.003   0.994
 1704    1  1.0     0.060   0.919   0.003   0.994
 1705    1  1.0     0.054   0.923   0.003   0.994
 1706    1  1.0     0.067   0.882   0.003   0.995
 1707    1  1.0     0.061   0.872   0.003   0.995
 1708    1  1.0     0.058   0.970   0.003   0.994
 1709    1  1.0     0.042   0.919   0.003   0.994
 1710    1  1.0     0.050   0.921   0.003   0.994
 1711    1  1.0     0.040   0.915   0.003   0.994
 1712    1  1.0     0.045   0.929   0.003   0.994
 1713    1  1.0     0.048   0.912   0.003   0.994
 1714    1  1.0     0.051   0.907   0.003   0.994
 1715    1  1.0     0.060   1.152   0.037   0.997
 1716    1  1.0     0.056   0.981   0.003   0.994
 1717    1  1.0     0.047   0.904   0.003   0.994
 1718    1  1.0     0.058   0.913   0.003   0.994
 1719    1  1.0     0.067   1.167   0.037   0.997
 1720    1  1.0     0.054   0.998   0.003   0.994
 1721    1  1.0     0.049   0.920   0.003   0.994
 1722    1  1.0     0.059   0.925   0.003   0.994
 1723    1  1.0     0.052   0.987   0.003   0.994
 1724    1  1.0     0.046   0.832   0.003   0.994
 1725    1  1.0     0.042   0.833   0.003   0.994
 1726    1  1.0     0.053   0.839   0.003   0.994
 1727    1  1.0     0.038   0.834   0.003   0.994
 1728    1  1.0     0.048   0.840   0.003   0.994
 1729    1  1.0     0.048   0.837   0.003   0.994
 1730    1  1.0     0.050   1.013   0.037   0.997
 1731    1  1.0     0.051   0.997   0.003   0.994
 1732    1  1.0     0.050   0.924   0.003   0.994
 1733    1  1.0     0.048   0.912   0.003   0.994
 1734    1  1.0     0.041   0.905   0.003   0.994
 1735    1  1.0     0.043   0.903   0.003   0.994
 1736    1  1.0     0.038   0.900   0.003   0.994
 1737    1  1.0     0.045   0.996   0.003   0.994
 1738    1  1.0     0.037   0.891   0.003   0.994
 1739    1  1.0     0.036   0.884   0.003   0.994
 1740    1  1.0     0.002   0.884   0.037   0.997
 1741    1  1.0    -0.003   0.882   0.037   0.997
 1742    1  1.0     0.003   0.889   0.037   0.997
 1743    1  1.0     0.047   1.003   0.037   0.997
 1744    1  1.0     0.042   1.010   0.003   0.994
 1745    1  1.0     0.045   0.939   0.003   0.994
 1746    1  1.0     0.053   1.108   0.045   0.995
 1747    1  1.0     0.040   0.829   0.003   0.994
 1748    1  1.0     0.059   0.846   0.003   0.994
 1749    1  1.0     0.056   0.843   0.003   0.994
 1750    1  1.0     0.034   1.203   0.037   0.998
 1751    1  1.0     0.058   0.987   0.003   0.994
 1752    1  1.0     0.039   0.903   0.003   0.994
 1753    1  1.0     0.060   0.905   0.003   0.994
 1754    1  1.0     0.050   1.265   0.037   0.998
 1755    1  1.0     0.061   0.915   0.003   0.994
 1756    1  1.0     0.044   0.904   0.003   0.994
 1757    1  1.0     0.063   1.222   0.037   1.000
 1758    1  1.0     0.056   1.007   0.003   0.994
 1759    1  1.0     0.047   0.971   0.003   0.994
 1760    1  1.0     0.057   0.923   0.003   0.994
 1761    1  1.0     0.068   0.917   0.003   0.995
 1762    1  1.0     0.056   0.916   0.003   0.995
 1763    1  1.0     0.055   0.937   0.003   0.995
 1764    1  1.0     0.059   0.906   0.003   0.995
 1765    1  1.0     0.059   0.908   0.003   0.995
 1766    1  1.0     0.044   1.100   0.037   0.998
 1767    1  1.0     0.041   0.899   0.003   0.994
 1768    1  1.0     0.052   0.913   0.003   0.994
 1769    1  1.0     0.036   1.000   0.037   0.997
 1770    1  1.0     0.051   1.027   0.003   0.994
 1771    1  1.0     0.038   0.993   0.003   0.994
 1772    1  1.0     0.044   0.930   0.003   0.994
 1773    1  1.0     0.036   0.905   0.003   0.994
 1774    1  1.0     0.042   0.833   0.003   0.994
 1775    1  1.0     0.043   0.837   0.003   0.994
 1776    1  1.0     0.053   0.886   0.003   0.994
 1777    1  1.0     0.037   0.826   0.003   0.994
 1778    1  1.0     0.046   0.841   0.003   0.994
 1779    1  1.0     0.039   0.831   0.003   0.994
 1780    1  1.0     0.044   1.014   0.037   0.997
 1781    1  1.0     0.060   0.997   0.003   0.994
 1782    1  1.0     0.057   0.905   0.003   0.994
 1783    1  1.0     0.051   0.909   0.003   0.994
 1784    1  1.0     0.045   1.001   0.037   0.997
 1785    1  1.0     0.052   0.983   0.003   0.994
 1786    1  1.0     0.048   0.948   0.003   0.994
 1787    1  1.0     0.047   0.921   0.045   0.995
 1788    1  1.0     0.040   0.830   0.003   0.994
 1789    1  1.0     0.044   0.869   0.003   0.994
 1790    1  1.0     0.042   0.838   0.003   0.994
 1791    1  1.0     0.057   1.054   0.037   0.997
 1792    1  1.0     0.048   1.048   0.003   0.994
 1793    1  1.0     0.049   1.003   0.003   0.994
 1794    1  1.0     0.050   1.002   0.003   0.994
 1795    1  1.0     0.045   0.792   0.086   0.996
 1796    1  1.0     0.060   1.063   0.037   0.997
 1797    1  1.0     0.050   0.994   0.003   0.994
 1798    1  1.0     0.048   0.910   0.003   0.994
 1799    1  1.0     0.052   0.919   0.003   0.994
 1800    1  1.0     0.044   0.933   0.003   0.994
 1801    1  1.0     0.040   0.920   0.003   0.994
 1802    1  1.0     0.046   0.912   0.003   0.994
 1803    1  1.0     0.039   0.938   0.003   0.994
 1804    1  1.0     0.042   0.991   0.037   0.997
 1805    1  1.0     0.047   0.899   0.037   0.997
 1806    1  1.0     0.048   0.900   0.037   0.997
 1807    1  1.0     0.046   0.897   0.037   0.997
 1808    1  1.0     0.041   0.920   0.037   0.997
 1809    1  1.0     0.057   1.048   0.037   0.997
 1810    1  1.0     0.065   0.988   0.003   0.994
 1811    1  1.0     0.055   0.877   0.003   0.994
 1812    1  1.0     0.052   0.864   0.003   0.994
 1813    1  1.0     0.078   1.082   0.045   0.995
 1814    1  1.0     0.056   1.046   0.037   0.997
 1815    1  1.0     0.051   0.992   0.003   0.994
 1816    1  1.0     0.040   0.957   0.003   0.994
 1817    1  1.0     0.043   0.936   0.003   0.994
 1818    1  1.0     0.046   0.999   0.003   0.994
 1819    1  1.0     0.038   0.996   0.003   0.994
 1820    1  1.0     0.038   0.925   0.003   0.994
 1821    1  1.0     0.037   0.933   0.003   0.994
 1822    1  1.0     0.036   0.930   0.003   0.994
 1823    1  1.0     0.058   1.060   0.037   0.997
 1824    1  1.0     0.048   0.991   0.003   0.994
 1825    1  1.0     0.048   0.978   0.003   0.994
 1826    1  1.0     0.044   0.828   0.003   0.994
 1827    1  1.0     0.053   0.857   0.003   0.994
 1828    1  1.0     0.044   0.833   0.003   0.994
 1829    1  1.0     0.042   0.836   0.003   0.994
 1830    1  1.0     0.037   0.833   0.003   0.994
 1831    1  1.0     0.045   0.836   0.003   0.994
 1832    1  1.0     0.057   1.043   0.037   0.997
 1833    1  1.0     0.058   0.990   0.003   0.994
 1834    1  1.0     0.065   0.832   0.003   0.994
 1835    1  1.0     0.051   0.827   0.003   0.994
 1836    1  1.0     0.056   0.832   0.003   0.994
 1837    1  1.0     0.055   1.044   0.037   0.997
 1838    1  1.0     0.061   1.021   0.003   0.994
 1839    1  1.0     0.050   1.017   0.003   0.994
 1840    1  1.0     0.039   0.835   0.003   0.994
 1841    1  1.0     0.047   0.844   0.003   0.994
 1842    1  1.0     0.049   0.864   0.003   0.994
 1843    1  1.0     0.035   0.837   0.003   0.994
 1844    1  1.0     0.041   0.841   0.003   0.994
 1845    1  1.0     0.040   0.842   0.003   0.994
 1846    1  1.0     0.060   1.034   0.037   0.997
 1847    1  1.0     0.059   1.068   0.003   0.994
 1848    1  1.0     0.043   0.974   0.003   0.994
 1849    1  1.0     0.046   0.914   0.003   0.994
 1850    1  1.0     0.035   0.998   0.003   0.994
 1851    1  1.0     0.045   1.003   0.003   0.994
 1852    1  1.0     0.042   0.931   0.003   0.994
 1853    1  1.0     0.047   0.923   0.003   0.994
 1854    1  1.0     0.048   0.933   0.003   0.994
 1855    1  1.0     0.063   1.067   0.037   0.997
 1856    1  1.0     0.029   1.204   0.003   0.995
 1857    1  1.0     0.063   0.914   0.003   0.994
 1858    1  1.0     0.048   0.925   0.003   0.994
 1859    1  1.0     0.049   1.038   0.037   0.997
 1860    1  1.0     0.063   1.000   0.003   0.994
 1861    1  1.0     0.052   0.870   0.003   0.994
 1862    1  1.0     0.045   0.871   0.003   0.994
 1863    1  1.0     0.056   0.922   0.045   0.995
 1864    1  1.0     0.038   1.122   0.037   0.997
 1865    1  1.0     0.060   1.009   0.003   0.994
 1866    1  1.0     0.049   0.905   0.003   0.994
 1867    1  1.0     0.057   0.909   0.003   0.994
 1868    1  1.0     0.054   1.109   0.037   0.997
 1869    1  1.0     0.061   1.040   0.003   0.994
 1870    1  1.0     0.054   0.941   0.003   0.994
 1871    1  1.0     0.083   1.018   0.045   0.995
 1872    1  1.0     0.050   0.827   0.003   0.994
 1873    1  1.0     0.052   0.831   0.003   0.994
 1874    1  1.0     0.059   0.843   0.003   0.994
 1875    1  1.0     0.024   1.373   0.037   1.011
 1876    1  1.0     0.064   0.984   0.003   0.994
 1877    1  1.0     0.059   0.958   0.003   0.994
 1878    1  1.0     0.005   1.498   0.045   1.671
 1879    1  1.0     0.045   0.881   0.003   0.994
 1880    1  1.0     0.049   0.833   0.003   0.994
 1881    1  1.0     0.047   0.993   0.003   0.994
 1882    1  1.0     0.061   1.284   0.037   0.998
 1883    1  1.0     0.060   0.916   0.003   0.994
 1884    1  1.0     0.055   0.902   0.003   0.994
 1885    1  1.0     0.042   1.145   0.037   0.997
 1886    1  1.0     0.051   1.010   0.003   0.994
 1887    1  1.0     0.049   0.922   0.003   0.994
 1888    1  1.0     0.054   0.920   0.003   0.994
 1889    1  1.0     0.049   0.925   0.003   0.994
 1890    1  1.0     0.045   0.907   0.003   0.994
 1891    1  1.0     0.029   0.929   0.003   0.994
 1892    1  1.0     0.031   0.955   0.003   0.994
 1893    1  1.0     0.050   1.024   0.003   0.994
 1894    1  1.0     0.044   0.895   0.003   0.994
 1895    1  1.0     0.004   0.898   0.037   0.997
 1896    1  1.0     0.003   0.887   0.037   0.997
 1897    1  1.0    -0.001   0.893   0.037   0.997
 1898    1  1.0     0.057   1.082   0.037   0.997
 1899    1  1.0     0.033   1.187   0.003   0.994
 1900    1  1.0     0.044   0.917   0.003   0.994
 1901    1  1.0     0.046   0.914   0.003   0.994
 1902    1  1.0     0.041   0.990   0.003   0.994
 1903    1  1.0     0.032   0.834   0.003   0.994
 1904    1  1.0     0.034   0.834   0.003   0.994
 1905    1  1.0     0.036   0.839   0.003   0.994
 1906    1  1.0     0.041   0.833   0.003   0.994
 1907    1  1.0     0.039   0.838   0.003   0.994
 1908    1  1.0     0.037   0.865   0.003   0.994
 1909    1  1.0     0.028   1.200   0.037   0.998
 1910    1  1.0     0.045   0.909   0.003   0.994
 1911    1  1.0     0.054   0.914   0.003   0.994
 1912    1  1.0     0.037   0.986   0.037   0.997
 1913    1  1.0     0.067   1.013   0.003   0.994
 1914    1  1.0     0.043   0.924   0.003   0.994
 1915    1  1.0     0.046   0.914   0.003   0.994
 1916    1  1.0     0.071   0.941   0.003   0.995
 1917    1  1.0     0.068   0.915   0.003   0.995
 1918    1  1.0     0.068   0.909   0.003   0.995
 1919    1  1.0     0.057   0.923   0.003   0.995
 1920    1  1.0     0.057   0.908   0.003   0.995
 1921    1  1.0     0.037   0.992   0.037   0.997
 1922    1  1.0     0.066   1.013   0.003   0.994
 1923    1  1.0     0.056   0.912   0.003   0.994
 1924    1  1.0     0.039   0.906   0.003   0.994
 1925    1  1.0     0.047   0.900   0.003   0.994
 1926    1  1.0     0.046   0.909   0.003   0.994
 1927    1  1.0     0.043   1.061   0.037   0.997
 1928    1  1.0     0.052   0.986   0.003   0.994
 1929    1  1.0     0.046   0.913   0.003   0.994
 1930    1  1.0     0.049   0.928   0.003   0.994
 1931    1  1.0     0.033   1.204   0.003   1.000
 1932    1  1.0     0.047   0.912   0.003   0.994
 1933    1  1.0     0.059   1.068   0.037   0.997
 1934    1  1.0     0.052   0.992   0.003   0.994
 1935    1  1.0     0.058   0.926   0.003   0.994
 1936    1  1.0     0.046   0.917   0.003   0.994
 1937    1  1.0     0.054   0.917   0.003   0.995
 1938    1  1.0     0.067   0.915   0.003   0.995
 1939    1  1.0     0.053   0.908   0.003   0.995
 1940    1  1.0     0.065   0.909   0.003   0.995
 1941    1  1.0     0.061   0.908   0.003   0.995
 1942    1  1.0     0.063   1.123   0.037   0.998
 1943    1  1.0     0.054   0.988   0.003   0.994
 1944    1  1.0     0.054   0.916   0.003   0.994
 1945    1  1.0     0.046   0.907   0.003   0.994
 1946    1  1.0     0.046   0.907   0.003   0.994
 1947    1  1.0     0.051   0.933   0.003   0.994
 1948    1  1.0     0.037   0.904   0.003   0.994
 1949    1  1.0     0.048   0.910   0.003   0.994
 1950    1  1.0     0.049   0.935   0.003   0.994
 1951    1  1.0     0.036   0.892   0.003   0.994
 1952    1  1.0     0.017   0.889   0.037   0.997
 1953    1  1.0     0.003   0.894   0.037   0.997
 1954    1  1.0    -0.002   0.884   0.037   0.997
 1955    1  1.0     0.059   1.083   0.037   0.997
 1956    1  1.0     0.057   0.984   0.003   0.994
 1957    1  1.0     0.052   0.921   0.003   0.994
 1958    1  1.0     0.049   0.910   0.003   0.994
 1959    1  1.0     0.064   0.910   0.003   0.995
 1960    1  1.0     0.062   0.970   0.003   0.995
 1961    1  1.0     0.068   0.903   0.003   0.995
 1962    1  1.0     0.074   0.911   0.003   0.995
 1963    1  1.0     0.080   1.050   0.045   0.995
 1964    1  1.0     0.054   1.044   0.037   0.997
 1965    1  1.0     0.054   0.990   0.003   0.994
 1966    1  1.0     0.048   0.917   0.003   0.994
 1967    1  1.0     0.039   0.914   0.003   0.994
 1968    1  1.0     0.044   0.996   0.003   0.994
 1969    1  1.0     0.032   0.832   0.003   0.994
 1970    1  1.0     0.043   0.839   0.003   0.994
 1971    1  1.0     0.036   0.838   0.003   0.994
 1972    1  1.0     0.032   0.832   0.003   0.994
 1973    1  1.0     0.034   0.836   0.003   0.994
 1974    1  1.0     0.035   0.832   0.003   0.994
 1975    1  1.0     0.061   1.144   0.037   0.998
 1976    1  1.0     0.056   0.998   0.003   0.994
 1977    1  1.0     0.057   0.929   0.003   0.994
 1978    1  1.0     0.055   0.929   0.003   0.994
 1979    1  1.0     0.070   0.881   0.003   0.995
 1980    1  1.0     0.028   0.945   0.037   0.997
 1981    1  1.0     0.064   0.905   0.003   0.995
 1982    1  1.0     0.058   0.906   0.003   0.995
 1983    1  1.0     0.054   0.909   0.003   0.995
 1984    1  1.0     0.054   0.914   0.003   0.995
 1985    1  1.0     0.061   1.063   0.037   0.997
 1986    1  1.0     0.064   1.001   0.003   0.994
 1987    1  1.0     0.051   0.911   0.003   0.994
 1988    1  1.0     0.052   0.916   0.003   0.994
 1989    1  1.0     0.051   0.894   0.037   0.997
 1990    1  1.0     0.044   0.903   0.037   0.997
 1991    1  1.0     0.060   1.048   0.037   0.997
 1992    1  1.0     0.051   1.052   0.003   0.994
 1993    1  1.0     0.065   0.934   0.003   0.994
 1994    1  1.0     0.062   0.921   0.003   0.994
 1995    1  1.0     0.053   0.894   0.037   0.997
 1996    1  1.0     0.037   0.972   0.037   0.997
 1997    1  1.0     0.059   1.079   0.037   0.997
 1998    1  1.0     0.051   1.001   0.003   0.994
 1999    1  1.0     0.052   0.979   0.003   0.994
 2000    1  1.0     0.049   0.935   0.003   0.994
 2001    1  1.0     0.034   0.916   0.003   0.994
 2002    1  1.0     0.037   0.843   0.003   0.994
 2003    1  1.0     0.053   0.851   0.003   0.994
 2004    1  1.0     0.039   0.835   0.003   0.994
 2005    1  1.0     0.032   0.829   0.003   0.994
 2006    1  1.0     0.037   0.832   0.003   0.994
 2007    1  1.0     0.033   0.844   0.003   0.994
 2008    1  1.0     0.059   1.045   0.037   0.997
 2009    1  1.0     0.054   0.982   0.003   0.994
 2010    1  1.0     0.052   0.912   0.003   0.994
 2011    1  1.0     0.044   0.910   0.003   0.994
 2012    1  1.0     0.043   0.909   0.003   0.994
 2013    1  1.0     0.048   0.914   0.003   0.994
 2014    1  1.0     0.037   0.904   0.003   0.994
 2015    1  1.0     0.042   0.904   0.003   0.994
 2016    1  1.0     0.039   0.888   0.003   0.994
 2017    1  1.0     0.036   0.894   0.003   0.994
 2018    1  1.0     0.001   0.881   0.037   0.997
 2019    1  1.0     0.006   0.891   0.037   0.997
 2020    1  1.0     0.002   0.884   0.037   0.997
 2021    1  1.0     0.058   1.065   0.037   0.997
 2022    1  1.0     0.053   0.994   0.003   0.994
 2023    1  1.0     0.051   0.927   0.003   0.994
 2024    1  1.0     0.042   0.915   0.003   0.994
 2025    1  1.0     0.043   0.907   0.003   0.994
 2026    1  1.0     0.047   0.915   0.003   0.994
 2027    1  1.0     0.037   0.907   0.003   0.994
 2028    1  1.0     0.039   0.902   0.003   0.994
 2029    1  1.0     0.040   0.890   0.003   0.994
 2030    1  1.0     0.038   0.907   0.003   0.994
 2031    1  1.0     0.001   0.889   0.037   0.997
 2032    1  1.0     0.002   0.887   0.037   0.997
 2033    1  1.0     0.004   0.889   0.037   0.997
 2034    1  1.0     0.064   1.095   0.037   0.997
 2035    1  1.0     0.052   1.012   0.003   0.994
 2036    1  1.0     0.045   0.911   0.003   0.994
 2037    1  1.0     0.050   0.915   0.003   0.994
 2038    1  1.0     0.054   0.888   0.003   0.995
 2039    1  1.0     0.030   0.947   0.037   0.997
 2040    1  1.0     0.060   0.902   0.003   0.995
 2041    1  1.0     0.069   0.905   0.003   0.995
 2042    1  1.0     0.058   0.927   0.003   0.995
 2043    1  1.0     0.070   0.913   0.003   0.995
 2044    1  1.0     0.061   1.084   0.037   0.997
 2045    1  1.0     0.049   0.982   0.003   0.994
 2046    1  1.0     0.056   0.916   0.003   0.994
 2047    1  1.0     0.053   0.914   0.003   0.994
 2048    1  1.0     0.047   0.910   0.003   0.994
 2049    1  1.0     0.046   0.924   0.003   0.994
 2050    1  1.0     0.052   0.893   0.037   0.997
 2051    1  1.0     0.042   0.903   0.037   0.997
 2052    1  1.0     0.054   1.025   0.037   0.997
 2053    1  1.0     0.052   0.986   0.003   0.994
 2054    1  1.0     0.048   0.831   0.003   0.994
 2055    1  1.0     0.043   0.829   0.003   0.994
 2056    1  1.0     0.051   0.835   0.003   0.994
 2057    1  1.0     0.052   1.024   0.037   0.997
 2058    1  1.0     0.055   0.994   0.003   0.994
 2059    1  1.0     0.047   0.991   0.003   0.994
 2060    1  1.0     0.049   0.917   0.003   0.994
 2061    1  1.0     0.043   0.913   0.003   0.994
 2062    1  1.0     0.043   0.840   0.003   0.994
 2063    1  1.0     0.049   0.857   0.003   0.994
 2064    1  1.0     0.047   0.838   0.003   0.994
 2065    1  1.0     0.045   0.829   0.003   0.994
 2066    1  1.0     0.038   0.832   0.003   0.994
 2067    1  1.0     0.044   0.841   0.003   0.994
 2068    1  1.0     0.059   1.090   0.037   0.997
 2069    1  1.0     0.056   0.983   0.003   0.994
 2070    1  1.0     0.053   0.922   0.003   0.994
 2071    1  1.0     0.051   0.921   0.003   0.994
 2072    1  1.0     0.064   0.916   0.003   0.995
 2073    1  1.0     0.076   0.997   0.003   0.995
 2074    1  1.0     0.070   0.909   0.003   0.995
 2075    1  1.0     0.070   0.916   0.003   0.995
 2076    1  1.0     0.071   1.091   0.045   0.995
 2077    1  1.0     0.053   1.028   0.037   0.997
 2078    1  1.0     0.057   0.997   0.003   0.994
 2079    1  1.0     0.047   0.921   0.003   0.994
 2080    1  1.0     0.048   0.915   0.003   0.994
 2081    1  1.0     0.050   0.931   0.003   0.994
 2082    1  1.0     0.040   0.927   0.003   0.994
 2083    1  1.0     0.042   0.914   0.003   0.994
 2084    1  1.0     0.049   0.917   0.003   0.994
 2085    1  1.0     0.038   0.892   0.003   0.994
 2086    1  1.0     0.036   0.894   0.003   0.994
 2087    1  1.0     0.008   0.890   0.037   0.997
 2088    1  1.0    -0.000   0.884   0.037   0.997
 2089    1  1.0     0.016   0.909   0.037   0.997
 2090    1  1.0     0.058   1.055   0.037   0.997
 2091    1  1.0     0.057   0.991   0.003   0.994
 2092    1  1.0     0.055   0.919   0.003   0.994
 2093    1  1.0     0.056   0.911   0.003   0.994
 2094    1  1.0     0.050   0.905   0.003   0.994
 2095    1  1.0     0.057   0.931   0.003   0.994
 2096    1  1.0     0.053   0.891   0.037   0.997
 2097    1  1.0     0.050   0.901   0.037   0.997
 2098    1  1.0     0.058   1.053   0.037   0.997
 2099    1  1.0     0.066   1.053   0.003   0.994
 2100    1  1.0     0.053   0.936   0.003   0.994
 2101    1  1.0     0.047   0.922   0.003   0.994
 2102    1  1.0     0.070   0.933   0.003   0.995
 2103    1  1.0     0.066   0.917   0.003   0.995
 2104    1  1.0     0.065   0.920   0.003   0.995
 2105    1  1.0     0.066   0.908   0.003   0.995
 2106    1  1.0     0.062   0.908   0.003   0.995
 2107    1  1.0     0.058   1.020   0.037   0.997
 2108    1  1.0     0.029   1.171   0.003   0.994
 2109    1  1.0     0.065   0.915   0.003   0.994
 2110    1  1.0     0.047   0.922   0.003   0.994
 2111    1  1.0     0.051   1.094   0.037   0.997
 2112    1  1.0     0.058   1.011   0.003   0.994
 2113    1  1.0     0.048   0.987   0.003   0.994
 2114    1  1.0     0.041   0.833   0.003   0.994
 2115    1  1.0     0.046   0.832   0.003   0.994
 2116    1  1.0     0.050   0.841   0.003   0.994
 2117    1  1.0     0.038   0.831   0.003   0.994
 2118    1  1.0     0.044   0.848   0.003   0.994
 2119    1  1.0     0.044   0.840   0.003   0.994
 2120    1  1.0     0.038   1.111   0.037   0.997
 2121    1  1.0     0.058   0.999   0.003   0.994
 2122    1  1.0     0.044   0.907   0.003   0.994
 2123    1  1.0     0.059   0.908   0.003   0.994
 2124    1  1.0     0.058   1.087   0.037   0.997
 2125    1  1.0     0.056   1.013   0.003   0.994
 2126    1  1.0     0.051   0.914   0.003   0.994
 2127    1  1.0     0.061   0.915   0.003   0.994
 2128    1  1.0     0.040   0.927   0.003   0.994
 2129    1  1.0     0.058   0.920   0.003   0.994
 2130    1  1.0     0.051   0.927   0.003   0.994
 2131    1  1.0     0.044   0.899   0.003   0.994
 2132    1  1.0     0.052   0.985   0.037   0.997
 2133    1  1.0     0.048   0.899   0.037   0.997
 2134    1  1.0     0.044   0.962   0.037   0.997
 2135    1  1.0     0.048   0.899   0.037   0.997
 2136    1  1.0     0.050   0.898   0.037   0.997
 2137    1  1.0     0.027   1.235   0.037   0.998
 2138    1  1.0     0.064   0.977   0.003   0.994
 2139    1  1.0     0.034   1.008   0.003   0.994
 2140    1  1.0     0.049   0.884   0.003   0.994
 2141    1  1.0    -0.038   1.466   0.045   1.724
 2142    1  1.0     0.058   1.152   0.037   0.997
 2143    1  1.0     0.060   0.913   0.003   0.994
 2144    1  1.0     0.060   0.900   0.003   0.994
 2145    1  1.0     0.040   1.189   0.037   0.997
 2146    1  1.0     0.055   1.036   0.003   0.994
 2147    1  1.0     0.052   0.943   0.003   0.994
 2148    1  1.0     0.041   1.031   0.045   0.995
 2149    1  1.0     0.041   0.828   0.003   0.994
 2150    1  1.0     0.041   0.832   0.003   0.994
 2151    1  1.0     0.053   0.843   0.003   0.994
 2152    1  1.0     0.058   1.049   0.037   0.997
 2153    1  1.0     0.035   1.126   0.003   0.994
 2154    1  1.0     0.046   0.983   0.003   0.994
 2155    1  1.0     0.045   0.908   0.003   0.994
 2156    1  1.0     0.055   0.916   0.003   0.994
 2157    1  1.0     0.035   0.830   0.003   0.994
 2158    1  1.0     0.056   0.855   0.003   0.994
 2159    1  1.0     0.044   0.840   0.003   0.994
 2160    1  1.0     0.052   0.833   0.003   0.994
 2161    1  1.0     0.040   0.838   0.003   0.994
 2162    1  1.0     0.039   0.853   0.003   0.994
 2163    1  1.0     0.025   1.494   0.037   1.008
 2164    1  1.0     0.030   0.928   0.003   0.994
 2165    1  1.0     0.058   0.924   0.003   0.994
 2166    1  1.0     0.046   1.019   0.037   0.997
 2167    1  1.0     0.055   0.991   0.003   0.994
 2168    1  1.0     0.045   0.874   0.003   0.994
 2169    1  1.0     0.048   0.873   0.003   0.994
 2170    1  1.0     0.057   0.916   0.045   0.995
 2171    1  1.0     0.042   0.991   0.037   0.997
 2172    1  1.0     0.058   1.010   0.003   0.994
 2173    1  1.0     0.043   0.866   0.003   0.994
 2174    1  1.0     0.049   0.866   0.003   0.994
 2175    1  1.0     0.056   0.924   0.045   0.995
 2176    1  1.0     0.058   1.118   0.037   0.997
 2177    1  1.0     0.060   0.997   0.003   0.994
 2178    1  1.0     0.053   0.914   0.003   0.994
 2179    1  1.0     0.050   0.931   0.003   0.994
 2180    1  1.0     0.041   0.931   0.003   0.994
 2181    1  1.0     0.044   0.915   0.003   0.994
 2182    1  1.0     0.052   1.066   0.037   0.997
 2183    1  1.0     0.048   1.014   0.003   0.994
 2184    1  1.0     0.042   0.936   0.003   0.994
 2185    1  1.0     0.044   0.916   0.003   0.994
 2186    1  1.0     0.054   1.002   0.003   0.994
 2187    1  1.0     0.045   0.861   0.003   0.994
 2188    1  1.0     0.040   0.838   0.003   0.994
 2189    1  1.0     0.036   0.838   0.003   0.994
 2190    1  1.0     0.037   0.835   0.003   0.994
 2191    1  1.0     0.034   0.880   0.003   0.994
 2192    1  1.0     0.039   0.834   0.003   0.994
 2193    1  1.0     0.058   0.981   0.003   0.994
 2194    1  1.0     0.052   0.909   0.003   0.994
 2195    1  1.0     0.049   0.930   0.003   0.994
 2196    1  1.0     0.047   0.925   0.003   0.994
 2197    1  1.0     0.043   0.913   0.003   0.994
 2198    1  1.0     0.052   0.907   0.003   0.994
 2199    1  1.0     0.045   0.927   0.003   0.994
 2200    1  1.0     0.045   0.993   0.037   0.997
 2201    1  1.0     0.045   0.901   0.003   0.994
 2202    1  1.0     0.062   0.908   0.003   0.994
 2203    1  1.0     0.057   1.036   0.037   0.997
 2204    1  1.0     0.058   0.991   0.003   0.994
 2205    1  1.0     0.041   0.835   0.003   0.994
 2206    1  1.0     0.042   0.833   0.003   0.994
 2207    1  1.0     0.046   0.840   0.003   0.994
 2208    1  1.0     0.058   1.092   0.037   0.997
 2209    1  1.0     0.055   1.010   0.003   0.994
 2210    1  1.0     0.053   0.931   0.003   0.994
 2211    1  1.0     0.053   0.918   0.003   0.994
 2212    1  1.0     0.062   0.936   0.003   0.995
 2213    1  1.0     0.056   0.918   0.003   0.995
 2214    1  1.0     0.059   0.910   0.003   0.995
 2215    1  1.0     0.052   0.912   0.003   0.995
 2216    1  1.0     0.057   0.973   0.003   0.995
 2217    1  1.0     0.059   1.047   0.037   0.997
 2218    1  1.0     0.064   0.994   0.003   0.994
 2219    1  1.0     0.062   0.905   0.003   0.994
 2220    1  1.0     0.066   0.914   0.003   0.994
 2221    1  1.0     0.057   0.915   0.003   0.994
 2222    1  1.0     0.056   0.909   0.003   0.994
 2223    1  1.0     0.062   1.062   0.037   0.997
 2224    1  1.0     0.060   0.984   0.003   0.994
 2225    1  1.0     0.047   0.834   0.003   0.994
 2226    1  1.0     0.052   0.841   0.003   0.994
 2227    1  1.0     0.054   0.842   0.003   0.994
 2228    1  1.0     0.063   1.083   0.037   0.997
 2229    1  1.0     0.053   0.994   0.003   0.994
 2230    1  1.0     0.046   0.832   0.003   0.994
 2231    1  1.0     0.039   0.829   0.003   0.994
 2232    1  1.0     0.052   0.838   0.003   0.994
 2233    1  1.0     0.062   1.095   0.037   0.997
 2234    1  1.0     0.065   0.920   0.003   0.994
 2235    1  1.0     0.053   0.901   0.003   0.994
 2236    1  1.0     0.059   1.076   0.037   0.997
 2237    1  1.0     0.059   1.031   0.003   0.994
 2238    1  1.0     0.043   0.915   0.003   0.994
 2239    1  1.0     0.054   0.922   0.003   0.994
 2240    1  1.0     0.064   0.917   0.003   0.995
 2241    1  1.0     0.070   0.925   0.003   0.995
 2242    1  1.0     0.062   0.908   0.003   0.995
 2243    1  1.0     0.067   0.908   0.003   0.995
 2244    1  1.0     0.068   0.911   0.003   0.995
 2245    1  1.0     0.042   0.988   0.037   0.997
 2246    1  1.0     0.057   1.024   0.003   0.994
 2247    1  1.0     0.056   0.918   0.003   0.994
 2248    1  1.0     0.053   0.920   0.003   0.994
 2249    1  1.0     0.029   0.962   0.037   0.997
 2250    1  1.0     0.069   0.878   0.003   0.995
 2251    1  1.0     0.065   0.872   0.003   0.995
 2252    1  1.0     0.047   1.001   0.037   0.997
 2253    1  1.0     0.052   0.993   0.003   0.994
 2254    1  1.0     0.038   0.922   0.003   0.994
 2255    1  1.0     0.060   0.927   0.003   0.994
 2256    1  1.0     0.045   0.990   0.003   0.994
 2257    1  1.0     0.032   0.833   0.003   0.994
 2258    1  1.0     0.042   0.835   0.003   0.994
 2259    1  1.0     0.035   0.837   0.003   0.994
 2260    1  1.0     0.035   0.833   0.003   0.994
 2261    1  1.0     0.036   0.837   0.003   0.994
 2262    1  1.0     0.046   0.840   0.003   0.994
 2263    1  1.0     0.042   0.996   0.037   0.997
 2264    1  1.0     0.056   1.008   0.003   0.994
 2265    1  1.0     0.045   0.914   0.003   0.994
 2266    1  1.0     0.046   0.913   0.003   0.994
 2267    1  1.0     0.048   0.897   0.037   0.997
 2268    1  1.0     0.047   0.903   0.037   0.997
 2269    1  1.0     0.036   0.999   0.037   0.997
 2270    1  1.0     0.051   0.993   0.003   0.994
 2271    1  1.0     0.052   0.917   0.003   0.994
 2272    1  1.0     0.038   0.902   0.003   0.994
 2273    1  1.0     0.049   0.901   0.003   0.994
 2274    1  1.0     0.054   0.910   0.003   0.994
 2275    1  1.0     0.045   1.000   0.037   0.997
 2276    1  1.0     0.069   1.004   0.003   0.994
 2277    1  1.0     0.048   0.922   0.003   0.994
 2278    1  1.0     0.051   0.919   0.003   0.994
 2279    1  1.0     0.025   0.963   0.037   0.997
 2280    1  1.0     0.069   0.878   0.003   0.995
 2281    1  1.0     0.058   0.872   0.003   0.995
 2282    1  1.0     0.062   1.098   0.037   0.998
 2283    1  1.0     0.049   1.017   0.003   0.994
 2284    1  1.0     0.040   0.918   0.003   0.994
 2285    1  1.0     0.046   0.915   0.003   0.994
 2286    1  1.0     0.035   0.977   0.003   0.994
 2287    1  1.0     0.037   0.829   0.003   0.994
 2288    1  1.0     0.034   0.831   0.003   0.994
 2289    1  1.0     0.037   0.843   0.003   0.994
 2290    1  1.0     0.038   0.833   0.003   0.994
 2291    1  1.0     0.046   0.843   0.003   0.994
 2292    1  1.0     0.054   0.898   0.003   0.994
 2293    1  1.0     0.063   1.080   0.037   0.997
 2294    1  1.0     0.053   1.002   0.003   0.994
 2295    1  1.0     0.048   0.917   0.003   0.994
 2296    1  1.0     0.053   0.919   0.003   0.994
 2297    1  1.0     0.058   0.916   0.003   0.995
 2298    1  1.0     0.069   0.915   0.003   0.995
 2299    1  1.0     0.064   0.909   0.003   0.995
 2300    1  1.0     0.075   0.908   0.003   0.995
 2301    1  1.0     0.067   0.943   0.045   0.995
 2302    1  1.0     0.061   1.060   0.037   0.997
 2303    1  1.0     0.056   0.988   0.003   0.994
 2304    1  1.0     0.049   0.868   0.003   0.994
 2305    1  1.0     0.054   0.868   0.003   0.994
 2306    1  1.0     0.071   0.935   0.045   0.995
 2307    1  1.0     0.056   1.036   0.037   0.997
 2308    1  1.0     0.056   0.984   0.003   0.994
 2309    1  1.0     0.050   0.976   0.003   0.994
 2310    1  1.0     0.041   0.906   0.003   0.994
 2311    1  1.0     0.037   0.993   0.003   0.994
 2312    1  1.0     0.045   0.998   0.003   0.994
 2313    1  1.0     0.035   0.914   0.003   0.994
 2314    1  1.0     0.036   0.915   0.003   0.994
 2315    1  1.0     0.040   0.917   0.003   0.994
 2316    1  1.0     0.056   1.066   0.037   0.997
 2317    1  1.0     0.050   1.001   0.003   0.994
 2318    1  1.0     0.048   0.995   0.003   0.994
 2319    1  1.0     0.036   0.908   0.003   0.994
 2320    1  1.0     0.049   0.941   0.003   0.994
 2321    1  1.0     0.037   0.834   0.003   0.994
 2322    1  1.0     0.044   0.857   0.003   0.994
 2323    1  1.0     0.042   0.869   0.003   0.994
 2324    1  1.0     0.033   0.830   0.003   0.994
 2325    1  1.0     0.038   0.878   0.003   0.994
 2326    1  1.0     0.039   0.854   0.003   0.994
 2327    1  1.0     0.057   1.076   0.037   0.997
 2328    1  1.0     0.052   1.007   0.003   0.994
 2329    1  1.0     0.049   0.980   0.003   0.994
 2330    1  1.0     0.041   0.912   0.003   0.994
 2331    1  1.0     0.047   0.923   0.003   0.994
 2332    1  1.0     0.041   0.831   0.003   0.994
 2333    1  1.0     0.053   0.851   0.003   0.994
 2334    1  1.0     0.044   0.846   0.003   0.994
 2335    1  1.0     0.036   0.846   0.003   0.994
 2336    1  1.0     0.044   0.844   0.003   0.994
 2337    1  1.0     0.037   0.848   0.003   0.994
 2338    1  1.0     0.059   1.050   0.037   0.997
 2339    1  1.0     0.060   1.006   0.003   0.994
 2340    1  1.0     0.050   0.923   0.003   0.994
 2341    1  1.0     0.056   0.916   0.003   0.994
 2342    1  1.0     0.046   0.908   0.003   0.994
 2343    1  1.0     0.045   0.903   0.003   0.994
 2344    1  1.0     0.042   0.893   0.003   0.994
 2345    1  1.0     0.043   0.927   0.003   0.994
 2346    1  1.0     0.042   0.990   0.037   0.997
 2347    1  1.0     0.045   0.899   0.037   0.997
 2348    1  1.0     0.044   0.918   0.037   0.997
 2349    1  1.0     0.049   0.901   0.037   0.997
 2350    1  1.0     0.049   0.900   0.037   0.997
 2351    1  1.0     0.060   1.039   0.037   0.997
 2352    1  1.0     0.062   1.018   0.003   0.994
 2353    1  1.0     0.048   0.908   0.003   0.994
 2354    1  1.0     0.041   0.906   0.003   0.994
 2355    1  1.0     0.064   0.944   0.003   0.994
 2356    1  1.0     0.045   0.906   0.003   0.994
 2357    1  1.0     0.040   0.897   0.003   0.994
 2358    1  1.0     0.052   0.911   0.003   0.994
 2359    1  1.0     0.040   0.986   0.037   0.997
 2360    1  1.0     0.049   0.901   0.037   0.997
 2361    1  1.0     0.064   1.006   0.037   0.997
 2362    1  1.0     0.047   0.900   0.037   0.997
 2363    1  1.0     0.048   0.900   0.037   0.997
 2364    1  1.0     0.062   1.147   0.037   0.998
 2365    1  1.0     0.070   1.042   0.003   0.994
 2366    1  1.0     0.052   0.925   0.003   0.994
 2367    1  1.0     0.044   0.925   0.003   0.994
 2368    1  1.0     0.066   0.917   0.003   0.995
 2369    1  1.0     0.067   0.913   0.003   0.995
 2370    1  1.0     0.060   0.905   0.003   0.995
 2371    1  1.0     0.064   0.908   0.003   0.995
 2372    1  1.0     0.050   0.938   0.045   0.995
 2373    1  1.0     0.063   1.043   0.037   0.997
 2374    1  1.0     0.057   1.013   0.003   0.994
 2375    1  1.0     0.054   0.876   0.003   0.994
 2376    1  1.0     0.059   0.880   0.003   0.994
 2377    1  1.0     0.046   0.916   0.045   0.995
 2378    1  1.0     0.067   1.229   0.037   1.000
 2379    1  1.0     0.057   1.003   0.003   0.994
 2380    1  1.0     0.047   0.907   0.003   0.994
 2381    1  1.0     0.046   0.910   0.003   0.994
 2382    1  1.0     0.036   1.024   0.037   0.997
 2383    1  1.0     0.074   1.000   0.003   0.994
 2384    1  1.0     0.061   0.916   0.003   0.994
 2385    1  1.0     0.045   0.913   0.003   0.994
 2386    1  1.0     0.051   0.910   0.003   0.994
 2387    1  1.0     0.048   0.926   0.003   0.994
 2388    1  1.0     0.057   1.033   0.037   0.997
 2389    1  1.0     0.052   0.902   0.003   0.994
 2390    1  1.0     0.062   0.921   0.003   0.994
 2391    1  1.0     0.068   1.163   0.037   0.998
 2392    1  1.0     0.058   0.910   0.003   0.994
 2393    1  1.0     0.046   0.898   0.003   0.994
 2394    1  1.0     0.067   1.219   0.037   0.998
 2395    1  1.0     0.063   1.019   0.003   0.994
 2396    1  1.0     0.050   0.909   0.003   0.994
 2397    1  1.0     0.067   0.941   0.003   0.994
 2398    1  1.0     0.055   0.892   0.037   0.997
 2399    1  1.0     0.052   0.902   0.037   0.997
 2400    1  1.0     0.058   1.054   0.037   0.997
 2401    1  1.0     0.051   1.015   0.003   0.994
 2402    1  1.0     0.051   0.945   0.003   0.994
 2403    1  1.0     0.039   0.947   0.003   0.994
 2404    1  1.0     0.050   1.011   0.003   0.994
 2405    1  1.0     0.052   1.007   0.003   0.994
 2406    1  1.0     0.036   0.914   0.003   0.994
 2407    1  1.0     0.042   0.932   0.003   0.994
 2408    1  1.0     0.036   0.918   0.003   0.994
 2409    1  1.0     0.041   1.118   0.037   0.997
 2410    1  1.0     0.052   1.009   0.003   0.994
 2411    1  1.0     0.036   0.917   0.003   0.994
 2412    1  1.0     0.049   0.931   0.003   0.994
 2413    1  1.0     0.053   1.073   0.037   0.997
 2414    1  1.0     0.062   1.028   0.003   0.994
 2415    1  1.0     0.045   0.924   0.003   0.994
 2416    1  1.0     0.050   0.916   0.003   0.994
 2417    1  1.0     0.074   0.922   0.003   0.995
 2418    1  1.0     0.059   0.917   0.003   0.995
 2419    1  1.0     0.058   0.906   0.003   0.995
 2420    1  1.0     0.057   0.909   0.003   0.995
 2421    1  1.0     0.062   0.907   0.003   0.995
 2422    1  1.0     0.040   1.013   0.037   0.997
 2423    1  1.0     0.060   1.012   0.003   0.994
 2424    1  1.0     0.052   0.910   0.003   0.994
 2425    1  1.0     0.056   0.916   0.003   0.994
 2426    1  1.0     0.040   1.155   0.037   0.998
 2427    1  1.0     0.056   1.003   0.003   0.994
 2428    1  1.0     0.057   0.918   0.003   0.994
 2429    1  1.0     0.048   0.940   0.003   0.994
 2430    1  1.0    -0.036   1.518   0.037   1.879
 2431    1  1.0     0.008   1.454   0.037   1.266
 2432    1  1.0     0.057   1.080   0.037   0.997
 2433    1  1.0     0.056   1.082   0.003   0.994
 2434    1  1.0     0.054   0.926   0.003   0.994
 2435    1  1.0     0.046   0.922   0.003   0.994
 2436    1  1.0     0.063   0.916   0.003   0.995
 2437    1  1.0     0.058   0.936   0.003   0.995
 2438    1  1.0     0.066   0.910   0.003   0.995
 2439    1  1.0     0.054   0.907   0.003   0.995
 2440    1  1.0     0.058   0.906   0.003   0.995
 2441    1  1.0     0.057   1.071   0.037   0.997
 2442    1  1.0     0.053   1.005   0.003   0.994
 2443    1  1.0     0.046   0.983   0.003   0.994
 2444    1  1.0     0.044   0.909   0.003   0.994
 2445    1  1.0     0.056   0.921   0.003   0.994
 2446    1  1.0     0.034   0.831   0.003   0.994
 2447    1  1.0     0.046   0.860   0.003   0.994
 2448    1  1.0     0.038   0.841   0.003   0.994
 2449    1  1.0     0.044   0.833   0.003   0.994
 2450    1  1.0     0.036   0.835   0.003   0.994
 2451    1  1.0     0.039   0.836   0.003   0.994
 2452    1  1.0     0.056   1.027   0.037   0.997
 2453    1  1.0     0.050   1.009   0.003   0.994
 2454    1  1.0     0.037   0.871   0.003   0.994
 2455    1  1.0     0.046   0.869   0.003   0.994
 2456    1  1.0     0.066   0.986   0.045   0.995
 2457    1  1.0     0.061   1.070   0.037   0.997
 2458    1  1.0     0.060   1.003   0.003   0.994
 2459    1  1.0     0.053   0.994   0.003   0.994
 2460    1  1.0     0.057   0.998   0.003   0.994
 2461    1  1.0     0.034   0.776   0.086   0.996
 2462    1  1.0     0.056   1.031   0.037   0.997
 2463    1  1.0     0.049   1.014   0.003   0.994
 2464    1  1.0     0.058   0.919   0.003   0.994
 2465    1  1.0     0.053   0.909   0.003   0.994
 2466    1  1.0     0.050   0.984   0.003   0.994
 2467    1  1.0     0.045   0.831   0.003   0.994
 2468    1  1.0     0.050   0.830   0.003   0.994
 2469    1  1.0     0.045   0.835   0.003   0.994
 2470    1  1.0     0.047   0.834   0.003   0.994
 2471    1  1.0     0.043   0.844   0.003   0.994
 2472    1  1.0     0.040   0.841   0.003   0.994
 2473    1  1.0     0.057   1.042   0.037   0.997
 2474    1  1.0     0.053   0.980   0.003   0.994
 2475    1  1.0     0.047   0.982   0.003   0.994
 2476    1  1.0     0.036   0.832   0.003   0.994
 2477    1  1.0     0.046   0.853   0.003   0.994
 2478    1  1.0     0.042   0.836   0.003   0.994
 2479    1  1.0     0.035   0.853   0.003   0.994
 2480    1  1.0     0.036   0.836   0.003   0.994
 2481    1  1.0     0.050   0.870   0.003   0.994
 2482    1  1.0     0.056   1.052   0.037   0.997
 2483    1  1.0     0.047   0.990   0.003   0.994
 2484    1  1.0     0.052   0.931   0.003   0.994
 2485    1  1.0     0.043   0.922   0.003   0.994
 2486    1  1.0     0.041   0.967   0.003   0.994
 2487    1  1.0     0.047   0.923   0.003   0.994
 2488    1  1.0     0.041   0.909   0.003   0.994
 2489    1  1.0     0.043   0.920   0.003   0.994
 2490    1  1.0     0.039   0.988   0.037   0.998
 2491    1  1.0     0.066   1.117   0.037   0.998
 2492    1  1.0     0.044   0.962   0.037   0.997
 2493    1  1.0     0.060   0.980   0.037   0.997
 2494    1  1.0     0.047   0.898   0.037   0.997
 2495    1  1.0     0.061   1.136   0.037   0.998
 2496    1  1.0     0.050   0.990   0.003   0.994
 2497    1  1.0     0.047   0.923   0.003   0.994
 2498    1  1.0     0.043   0.924   0.003   0.994
 2499    1  1.0     0.049   0.993   0.003   0.994
 2500    1  1.0     0.035   0.834   0.003   0.994
 2501    1  1.0     0.042   0.839   0.003   0.994
 2502    1  1.0     0.035   0.839   0.003   0.994
 2503    1  1.0     0.035   0.836   0.003   0.994
 2504    1  1.0     0.036   0.844   0.003   0.994
 2505    1  1.0     0.043   0.837   0.003   0.994
 2506    1  1.0     0.060   1.121   0.037   0.998
 2507    1  1.0     0.058   0.982   0.003   0.994
 2508    1  1.0     0.060   0.912   0.003   0.994
 2509    1  1.0     0.050   0.905   0.003   0.994
 2510    1  1.0     0.058   1.032   0.037   0.997
 2511    1  1.0     0.058   1.001   0.003   0.994
 2512    1  1.0     0.047   0.831   0.003   0.994
 2513    1  1.0     0.044   0.830   0.003   0.994
 2514    1  1.0     0.048   0.834   0.003   0.994
 2515    1  1.0     0.061   1.084   0.037   0.997
 2516    1  1.0     0.055   1.110   0.003   0.994
 2517    1  1.0     0.047   0.932   0.003   0.994
 2518    1  1.0     0.047   0.909   0.003   0.994
 2519    1  1.0     0.039   0.992   0.003   0.994
 2520    1  1.0     0.048   1.012   0.003   0.994
 2521    1  1.0     0.045   0.923   0.003   0.994
 2522    1  1.0     0.045   0.930   0.003   0.994
 2523    1  1.0     0.039   0.926   0.003   0.994
 2524    1  1.0     0.058   1.062   0.037   0.997
 2525    1  1.0     0.062   0.987   0.003   0.994
 2526    1  1.0     0.048   0.925   0.003   0.994
 2527    1  1.0     0.054   0.925   0.003   0.994
 2528    1  1.0     0.061   0.915   0.003   0.995
 2529    1  1.0     0.070   0.918   0.003   0.995
 2530    1  1.0     0.064   0.906   0.003   0.995
 2531    1  1.0     0.055   0.905   0.003   0.995
 2532    1  1.0     0.062   0.906   0.003   0.995
 2533    1  1.0     0.057   1.047   0.037   0.997
 2534    1  1.0     0.050   0.999   0.003   0.994
 2535    1  1.0     0.047   0.915   0.003   0.994
 2536    1  1.0     0.054   0.911   0.003   0.994
 2537    1  1.0     0.055   0.908   0.003   0.994
 2538    1  1.0     0.039   0.901   0.003   0.994
 2539    1  1.0     0.046   0.891   0.003   0.994
 2540    1  1.0     0.042   0.929   0.003   0.994
 2541    1  1.0     0.062   1.050   0.037   0.997
 2542    1  1.0     0.050   0.900   0.037   0.997
 2543    1  1.0     0.044   0.920   0.037   0.997
 2544    1  1.0     0.050   0.909   0.037   0.997
 2545    1  1.0     0.053   0.900   0.037   0.997
 2546    1  1.0     0.059   1.066   0.037   0.997
 2547    1  1.0     0.051   0.988   0.003   0.994
 2548    1  1.0     0.041   0.830   0.003   0.994
 2549    1  1.0     0.044   0.828   0.003   0.994
 2550    1  1.0     0.049   0.833   0.003   0.994
 2551    1  1.0     0.058   1.022   0.037   0.997
 2552    1  1.0     0.054   0.994   0.003   0.994
 2553    1  1.0     0.053   0.925   0.003   0.994
 2554    1  1.0     0.049   0.921   0.003   0.994
 2555    1  1.0     0.059   0.916   0.003   0.995
 2556    1  1.0     0.069   0.916   0.003   0.995
 2557    1  1.0     0.060   0.908   0.003   0.995
 2558    1  1.0     0.073   0.907   0.003   0.995
 2559    1  1.0     0.072   0.911   0.003   0.995
 2560    1  1.0     0.056   1.060   0.037   0.997
 2561    1  1.0     0.058   1.003   0.003   0.994
 2562    1  1.0     0.047   0.912   0.003   0.994
 2563    1  1.0     0.048   0.916   0.003   0.994
 2564    1  1.0     0.047   0.917   0.003   0.994
 2565    1  1.0     0.042   0.907   0.003   0.994
 2566    1  1.0     0.037   0.908   0.003   0.994
 2567    1  1.0     0.039   0.911   0.003   0.994
 2568    1  1.0     0.039   0.892   0.003   0.994
 2569    1  1.0     0.038   0.889   0.003   0.994
 2570    1  1.0     0.005   0.883   0.037   0.997
 2571    1  1.0     0.002   0.894   0.037   0.997
 2572    1  1.0     0.002   0.886   0.037   0.997
 2573    1  1.0     0.059   1.064   0.037   0.997
 2574    1  1.0     0.050   0.998   0.003   0.994
 2575    1  1.0     0.044   0.868   0.003   0.994
 2576    1  1.0     0.048   0.866   0.003   0.994
 2577    1  1.0     0.064   0.929   0.045   0.995
 2578    1  1.0     0.061   1.053   0.037   0.997
 2579    1  1.0     0.059   1.016   0.003   0.994
 2580    1  1.0     0.048   0.933   0.003   0.994
 2581    1  1.0     0.050   0.930   0.003   0.994
 2582    1  1.0     0.046   0.985   0.003   0.994
 2583    1  1.0     0.041   0.832   0.003   0.994
 2584    1  1.0     0.048   0.842   0.003   0.994
 2585    1  1.0     0.048   0.836   0.003   0.994
 2586    1  1.0     0.036   0.832   0.003   0.994
 2587    1  1.0     0.040   0.837   0.003   0.994
 2588    1  1.0     0.034   0.833   0.003   0.994
 2589    1  1.0     0.065   1.087   0.037   0.997
 2590    1  1.0     0.065   0.990   0.003   0.994
 2591    1  1.0     0.065   0.916   0.003   0.994
 2592    1  1.0     0.055   0.911   0.003   0.994
 2593    1  1.0     0.044   1.001   0.037   0.997
 2594    1  1.0     0.059   1.000   0.003   0.994
 2595    1  1.0     0.048   0.916   0.003   0.994
 2596    1  1.0     0.051   0.906   0.003   0.994
 2597    1  1.0     0.042   0.911   0.003   0.994
 2598    1  1.0     0.052   0.908   0.003   0.994
 2599    1  1.0     0.048   0.902   0.003   0.994
 2600    1  1.0     0.045   0.919   0.003   0.994
 2601    1  1.0     0.038   0.891   0.003   0.994
 2602    1  1.0     0.036   0.886   0.003   0.994
 2603    1  1.0     0.005   0.888   0.037   0.997
 2604    1  1.0     0.001   0.884   0.037   0.997
 2605    1  1.0     0.003   0.897   0.037   0.997
 2606    1  1.0     0.046   1.014   0.037   0.997
 2607    1  1.0     0.075   1.005   0.003   0.994
 2608    1  1.0     0.062   0.908   0.003   0.994
 2609    1  1.0     0.052   0.907   0.003   0.994
 2610    1  1.0     0.060   1.060   0.037   0.997
 2611    1  1.0     0.064   0.907   0.003   0.994
 2612    1  1.0     0.060   0.902   0.003   0.994
 2613    1  1.0     0.056   1.078   0.037   0.997
 2614    1  1.0     0.063   0.990   0.003   0.994
 2615    1  1.0     0.054   0.939   0.003   0.994
 2616    1  1.0     0.072   1.026   0.045   0.995
 2617    1  1.0     0.048   0.824   0.003   0.994
 2618    1  1.0     0.048   0.827   0.003   0.994
 2619    1  1.0     0.047   0.835   0.003   0.994
 2620    1  1.0     0.059   1.032   0.037   0.997
 2621    1  1.0     0.064   0.913   0.003   0.994
 2622    1  1.0     0.053   0.897   0.003   0.994
 2623    1  1.0     0.057   1.030   0.037   0.997
 2624    1  1.0     0.051   1.007   0.003   0.994
 2625    1  1.0     0.058   0.929   0.003   0.994
 2626    1  1.0     0.055   0.923   0.003   0.994
 2627    1  1.0     0.055   0.928   0.003   0.994
 2628    1  1.0     0.062   0.924   0.003   0.994
 2629    1  1.0     0.056   0.895   0.037   0.997
 2630    1  1.0     0.048   0.906   0.037   0.997
 2631    1  1.0     0.043   1.002   0.037   0.997
 2632    1  1.0     0.058   0.997   0.003   0.994
 2633    1  1.0     0.041   0.991   0.003   0.994
 2634    1  1.0     0.050   0.926   0.003   0.994
 2635    1  1.0     0.044   0.918   0.003   0.994
 2636    1  1.0     0.046   0.842   0.003   0.994
 2637    1  1.0     0.052   0.835   0.003   0.994
 2638    1  1.0     0.059   0.849   0.003   0.994
 2639    1  1.0     0.037   0.828   0.003   0.994
 2640    1  1.0     0.034   0.831   0.003   0.994
 2641    1  1.0     0.041   0.843   0.003   0.994
 2642    1  1.0     0.047   0.995   0.037   0.997
 2643    1  1.0     0.054   0.999   0.003   0.994
 2644    1  1.0     0.062   0.912   0.003   0.994
 2645    1  1.0     0.054   0.911   0.003   0.994
 2646    1  1.0     0.046   0.917   0.003   0.994
 2647    1  1.0     0.059   0.907   0.003   0.994
 2648    1  1.0     0.056   0.893   0.037   0.997
 2649    1  1.0     0.046   0.902   0.037   0.997
 2650    1  1.0     0.044   0.986   0.037   0.997
 2651    1  1.0     0.066   1.023   0.003   0.994
 2652    1  1.0     0.045   0.992   0.003   0.994
 2653    1  1.0     0.033   0.831   0.003   0.994
 2654    1  1.0     0.049   0.831   0.003   0.994
 2655    1  1.0     0.046   0.845   0.003   0.994
 2656    1  1.0     0.036   0.832   0.003   0.994
 2657    1  1.0     0.044   0.842   0.003   0.994
 2658    1  1.0     0.056   0.849   0.003   0.994
 2659    1  1.0     0.060   1.082   0.037   0.997
 2660    1  1.0     0.053   0.997   0.003   0.994
 2661    1  1.0     0.044   0.914   0.003   0.994
 2662    1  1.0     0.046   0.907   0.003   0.994
 2663    1  1.0     0.056   0.897   0.037   0.997
 2664    1  1.0     0.050   0.905   0.037   0.997
 2665    1  1.0     0.035   0.996   0.037   0.997
 2666    1  1.0     0.051   1.010   0.003   0.994
 2667    1  1.0     0.039   0.981   0.003   0.994
 2668    1  1.0     0.047   0.938   0.003   0.994
 2669    1  1.0     0.036   0.923   0.003   0.994
 2670    1  1.0     0.039   0.832   0.003   0.994
 2671    1  1.0     0.040   0.833   0.003   0.994
 2672    1  1.0     0.043   0.854   0.003   0.994
 2673    1  1.0     0.035   0.838   0.003   0.994
 2674    1  1.0     0.041   0.847   0.003   0.994
 2675    1  1.0     0.039   0.842   0.003   0.994
 2676    1  1.0     0.048   1.012   0.037   0.997
 2677    1  1.0     0.053   1.007   0.003   0.994
 2678    1  1.0     0.046   0.915   0.003   0.994
 2679    1  1.0     0.054   0.907   0.003   0.994
 2680    1  1.0     0.048   0.910   0.003   0.994
 2681    1  1.0     0.045   0.909   0.003   0.994
 2682    1  1.0     0.055   0.892   0.037   0.997
 2683    1  1.0     0.043   0.930   0.037   0.997
 2684    1  1.0     0.058   1.056   0.037   0.997
 2685    1  1.0     0.052   0.974   0.003   0.994
 2686    1  1.0     0.047   0.911   0.003   0.994
 2687    1  1.0     0.052   0.922   0.003   0.994
 2688    1  1.0     0.056   0.935   0.003   0.994
 2689    1  1.0     0.050   0.914   0.003   0.994
 2690    1  1.0     0.057   1.089   0.037   0.997
 2691    1  1.0     0.052   0.982   0.003   0.994
 2692    1  1.0     0.053   0.923   0.003   0.994
 2693    1  1.0     0.048   0.910   0.003   0.994
 2694    1  1.0     0.054   0.882   0.003   0.995
 2695    1  1.0     0.029   0.946   0.037   0.997
 2696    1  1.0     0.060   0.901   0.003   0.995
 2697    1  1.0     0.062   0.904   0.003   0.995
 2698    1  1.0     0.060   0.904   0.003   0.995
 2699    1  1.0     0.062   0.913   0.003   0.995
 2700    1  1.0     0.057   1.062   0.037   0.997
 2701    1  1.0     0.050   1.014   0.003   0.994
 2702    1  1.0     0.044   0.920   0.003   0.994
 2703    1  1.0     0.048   0.913   0.003   0.994
 2704    1  1.0     0.045   0.989   0.003   0.994
 2705    1  1.0     0.036   0.831   0.003   0.994
 2706    1  1.0     0.039   0.830   0.003   0.994
 2707    1  1.0     0.038   0.835   0.003   0.994
 2708    1  1.0     0.036   0.832   0.003   0.994
 2709    1  1.0     0.038   0.837   0.003   0.994
 2710    1  1.0     0.039   0.841   0.003   0.994
 2711    1  1.0     0.058   1.035   0.037   0.997
 2712    1  1.0     0.059   0.976   0.003   0.994
 2713    1  1.0     0.051   0.912   0.003   0.994
 2714    1  1.0     0.044   0.912   0.003   0.994
 2715    1  1.0     0.058   0.930   0.003   0.994
 2716    1  1.0     0.044   0.904   0.003   0.994
 2717    1  1.0     0.054   0.893   0.037   0.997
 2718    1  1.0     0.043   0.918   0.037   0.997
 2719    1  1.0     0.060   1.098   0.037   0.997
 2720    1  1.0     0.057   1.017   0.003   0.994
 2721    1  1.0     0.046   0.926   0.003   0.994
 2722    1  1.0     0.049   0.920   0.003   0.994
 2723    1  1.0     0.044   0.997   0.003   0.994
 2724    1  1.0     0.035   0.835   0.003   0.994
 2725    1  1.0     0.041   0.835   0.003   0.994
 2726    1  1.0     0.035   0.839   0.003   0.994
 2727    1  1.0     0.038   0.833   0.003   0.994
 2728    1  1.0     0.038   0.838   0.003   0.994
 2729    1  1.0     0.042   0.836   0.003   0.994
 2730    1  1.0     0.059   1.073   0.037   0.997
 2731    1  1.0     0.058   1.016   0.003   0.994
 2732    1  1.0     0.051   0.947   0.003   0.994
 2733    1  1.0     0.065   0.969   0.045   0.995
 2734    1  1.0     0.052   0.835   0.003   0.994
 2735    1  1.0     0.042   0.833   0.003   0.994
 2736    1  1.0     0.052   0.840   0.003   0.994
 2737    1  1.0     0.059   1.071   0.037   0.998
 2738    1  1.0     0.065   1.087   0.003   0.994
 2739    1  1.0     0.046   0.942   0.003   0.994
 2740    1  1.0     0.053   0.925   0.003   0.994
 2741    1  1.0     0.038   0.997   0.003   0.994
 2742    1  1.0     0.047   0.999   0.003   0.994
 2743    1  1.0     0.044   0.918   0.003   0.994
 2744    1  1.0     0.039   0.919   0.003   0.994
 2745    1  1.0     0.044   0.920   0.003   0.994
 2746    1  1.0     0.057   1.006   0.037   0.997
 2747    1  1.0     0.056   1.014   0.003   0.994
 2748    1  1.0     0.070   0.927   0.003   0.994
 2749    1  1.0     0.056   0.910   0.003   0.994
 2750    1  1.0     0.077   0.915   0.003   0.995
 2751    1  1.0     0.064   0.916   0.003   0.995
 2752    1  1.0     0.074   0.909   0.003   0.995
 2753    1  1.0     0.067   0.907   0.003   0.995
 2754    1  1.0     0.075   1.123   0.045   0.995
 2755    1  1.0     0.066   1.065   0.037   0.997
 2756    1  1.0     0.053   0.973   0.003   0.994
 2757    1  1.0     0.055   0.871   0.003   0.994
 2758    1  1.0     0.042   0.893   0.003   0.994
 2759    1  1.0     0.075   0.932   0.045   0.995
 2760    1  1.0     0.001   0.898   0.009   0.919
 2761    1  1.0     0.010   1.217   0.009   0.996
 2762    1  1.0     0.038   1.094   0.009   0.924
 2763    1  1.0     0.044   0.646   0.009   0.919
 2764    1  1.0    -0.178   1.547   0.137   1.919
 2765    1  1.0     0.034   1.165   0.009   0.936
 2766    1  1.0     0.036   0.678   0.009   0.919
 2767    1  1.0     0.046   0.664   0.009   0.919
 2768    1  1.0     0.050   0.676   0.009   0.919
 2769    1  1.0     0.036   0.740   0.009   0.919
 2770    1  1.0     0.041   0.695   0.009   0.919
 2771    1  1.0     0.045   0.652   0.009   0.919
 2772    1  1.0     0.056   0.651   0.009   0.919
 2773    1  1.0     0.048   0.666   0.009   0.919
 2774    1  1.0     0.044   0.646   0.009   0.919
 2775    1  1.0     0.040   0.661   0.009   0.919
 2776    1  1.0     0.038   0.647   0.009   0.919
 2777    1  1.0     0.027   0.678   0.009   0.919
 2778    1  1.0     0.054   0.658   0.009   0.919
 2779    1  1.0     0.047   0.652   0.009   0.919
 2780    1  1.0     0.033   0.672   0.009   0.919
 2781    1  1.0     0.036   0.672   0.009   0.919
 2782    1  1.0     0.024   0.957   0.037   0.997
 computing Vecp ...
 WARNING: RUNNING ONLY THE FIRST ITERATION!!!
 PTB H matrix iteration                      1  done. Now solving ...

Total solve2                                 281.935914040 sec
* sygvd solver                               255.255528927 sec

nel: 7849, nel_calc:      7849.00000000
 nel in P=   7848.99999999999      required nel=                  7849
 idempotency deviation   1.47785993539315       9.999999776482582E-003
 Error: density matrix is not idempotent.
 Stupid simple implementation of the submatrix method:                     3                     2
 number of submatrices=                     1
 average sm dim=                 25194
 effort for full matrix ops=   100749479829.840     
 sums of efforts for submatrices=   100749479829.840     
 ratio   1.00000000000000     
 sm                     1                 25194   245.898433923721     
 muiter                     1 mu  0.000000000000000E+000   22061.9099463498      of                  7849
 muiter                     2 mu  -5.00000000000000        24.0000000000004      of                  7849
 muiter                     3 mu  -2.50000000000000        3200.30207649154      of                  7849
 muiter                     4 mu  -1.25000000000000        9044.46278865137      of                  7849
 muiter                     5 mu  -1.87500000000000        7807.95034205917      of                  7849
 muiter                     6 mu  -1.56250000000000        7853.99981876144      of                  7849
 muiter                     7 mu  -1.71875000000000        7848.00000000003      of                  7849
 muiter                     8 mu  -1.64062500000000        7848.00000000003      of                  7849
 muiter                     9 mu  -1.60156250000000        7851.18288390279      of                  7849
 muiter                    10 mu  -1.62109375000000        7848.00000020010      of                  7849
 muiter                    11 mu  -1.61132812500000        7848.00580949823      of                  7849
 muiter                    12 mu  -1.60644531250000        7848.67372127828      of                  7849
 muiter                    13 mu  -1.60400390625000        7849.93744189608      of                  7849
 muiter                    14 mu  -1.60522460937500        7849.33891028592      of                  7849
 muiter                    15 mu  -1.60583496093750        7848.99600191347      of                  7849
 muiter                    16 mu  -1.60552978515625        7849.16831031938      of                  7849
 muiter                    17 mu  -1.60568237304688        7849.08195642313      of                  7849
 muiter                    18 mu  -1.60575866699219        7849.03887359791      of                  7849
 muiter                    19 mu  -1.60579681396484        7849.01740429272      of                  7849
 muiter                    20 mu  -1.60581588745117        7849.00669385081      of                  7849
 muiter                    21 mu  -1.60582542419434        7849.00134545822      of                  7849
 muiter                    22 mu  -1.60583019256592        7848.99867306601      of                  7849
 muiter                    23 mu  -1.60582780838013        7849.00000910889      of                  7849
 iteration of chemical potential converged
 final iteration to get density matrix

Submatrix                                    310.744490862 sec
* alloc and filter                             5.043506145 sec
* submatrix combination                        0.000648022 sec
* submatrix stats                              1.331105947 sec
* mu iter                                    302.311098099 sec
* submatrix construction                       0.476162910 sec
* submatrix matrix function                  276.822737217 sec
* submatrix eigendecomp                      248.840100050 sec
* submatrix fe                                27.982558012 sec
* submatrix occ                                0.016976357 sec
* submatrix Nel                                0.000922918 sec
* submatrix final iter                        23.113685846 sec
* submatrix dealloc                            2.057965994 sec
*                                              0.000000000 sec
*                                              0.000000000 sec
*                                              0.000000000 sec
*                                              0.000000000 sec
*                                              0.000000000 sec
*                                              0.000000000 sec
*                                              0.000000000 sec
*                                              0.000000000 sec

 first elements Pref   1.04763886842560       0.280754880065540       7.647974299342614E-002 -2.715668231819318E-003  2.411194740265837E-003  0.587783040133891      -2.751033054967665E-002 -3.798367717968276E-004 -1.647745739078306E-004  0.576557416970677     
 first elements P      1.04763886842559       0.280754880065538       7.647974299342583E-002 -2.715668231822446E-003  2.411194740265290E-003  0.587783040133890      -2.751033054968116E-002 -3.798367717976164E-004 -1.647745739092797E-004  0.576557416970675     
 Sparsity of Pref:
   dimension                                   25194
   nonzero elements                        317678594
   sparsity                     0.500488037863884     
   average elements per column                 12609
 Sparsity of P:
   dimension                                   25194
   nonzero elements                        317674336
   sparsity                     0.500481329580400     
   average elements per column                 12609
 maximal deviation in density matrix  7.066724319948287E-002             165010861  0.329156554041610       0.399823797241093     
 MSE of density matrix  6.842934478618170E-009
 Inf-norm of density matrix  7.066724319948287E-002
 Tr(H Pref)=  -20721.5041337245     
 Tr(H P)=  -20721.5044733932     
 energy deviation abs(Tr(H P)-Tr(H Pref))= -3.396686552150641E-004
 energy deviation per atom abs(Tr(H P)-Tr(H Pref))/n= -1.220951312778807E-007
nel: 7849, nel_calc:      7849.00000911
 nel in P=   7849.00000910888      required nel=                  7849
 idempotency deviation   1.23491721175541       9.999999776482582E-003
 Error: density matrix is not idempotent.
 D4 dispersion energy      :     -0.678243

     ------  PTB results ------
  # element  Z   pop.                shell populations
    1     N   5.0  0.32458166       0.75121158  0.30477956  2.50602615  0.90716043  0.20624062
    2     C   4.0 -0.01250274       0.62976414  0.26925033  2.02284455  0.70291245  0.38773126
    3     C   4.0 -0.01839571       0.62580413  0.23915829  1.84196174  0.64355876  0.66791280
    4     O   6.0 -0.32773296       1.15401840  0.43106350  3.60525310  1.05358717  0.08381079
    5     C   4.0 -0.10247188       0.62468141  0.27518693  2.12141520  0.74174644  0.33944190
    6     C   4.0 -0.14078191       0.63419324  0.28226462  2.13200402  0.77527055  0.31704947
    7     C   4.0 -0.08929356       0.62879556  0.24190019  1.79828966  0.65124689  0.76906126
    8     O   6.0 -0.44023870       1.17673910  0.43574670  3.68473840  1.05839816  0.08461635
    9     O   6.0 -0.40662873       1.16769373  0.44369596  3.63832712  1.07563755  0.08127437
   10     N   5.0  0.10541200       0.80041182  0.29163024  2.69377238  0.89131692  0.21745664
   11     C   4.0 -0.02530905       0.62082452  0.26525190  1.99570221  0.71123722  0.43229320
   12     C   4.0 -0.01769487       0.62598056  0.23946363  1.83881021  0.64406084  0.66937964
   13     O   6.0 -0.30493591       1.15666604  0.42836320  3.58401084  1.05165142  0.08424441
   14     C   4.0 -0.15487856       0.62954170  0.28136107  2.13033909  0.77182618  0.34181052
   15     C   4.0 -0.16357559       0.63785499  0.28462195  2.14312583  0.77833880  0.31963400
   16     C   4.0 -0.09734767       0.63600451  0.24269344  1.79985112  0.64921379  0.76958481
   17     O   6.0 -0.44882808       1.17461264  0.44963357  3.65372896  1.08836195  0.08249096
   18     O   6.0 -0.44438597       1.17212951  0.44736204  3.66304672  1.08004978  0.08179792
   19     N   5.0  0.10159011       0.79958647  0.29039827  2.69799918  0.88983452  0.22059144
   20     C   4.0 -0.01919268       0.62248611  0.26326415  1.99597782  0.70653799  0.43092661
   21     C   4.0 -0.02931137       0.62480044  0.23996668  1.84231889  0.64689274  0.67533261
   22     O   6.0 -0.30016799       1.15331340  0.42886242  3.58421326  1.05057225  0.08320667
   23     C   4.0 -0.12796199       0.61994004  0.26577267  2.09353793  0.73741369  0.41129766
   24     C   4.0 -0.20099596       0.64106756  0.29350787  2.17033416  0.83173952  0.26434685
   25     C   4.0 -0.22204967       0.64108956  0.29683375  2.18197030  0.83163011  0.27052595
   26     N   5.0  0.09564805       0.79873210  0.28752813  2.71338737  0.88109171  0.22361263
   27     C   4.0 -0.02752587       0.62037206  0.26395878  1.99681360  0.71196268  0.43441875
   28     C   4.0 -0.01774514       0.62677246  0.24027038  1.83848709  0.64558506  0.66663015
   29     O   6.0 -0.31472465       1.15536559  0.42805964  3.60140395  1.04598406  0.08391141
   30     C   4.0 -0.13362943       0.63300049  0.28235599  2.11199379  0.77487275  0.33140640
   31     C   4.0 -0.15776128       0.63668656  0.28566131  2.13307184  0.77298906  0.32935250
   32     C   4.0 -0.05455162       0.62612242  0.27312091  2.05177271  0.71866070  0.38487488
   33     N   5.0  0.06823697       0.79253852  0.29460141  2.74480689  0.89587280  0.20394341
   34     C   4.0 -0.03971439       0.61911559  0.23148689  1.89467192  0.63809493  0.65634506
   35     N   5.0  0.05433390       0.79987544  0.30975723  2.74879736  0.94323018  0.14400589
   36     N   5.0  0.03929093       0.80189544  0.31408134  2.75269747  0.94642997  0.14560485
   37     N   5.0  0.10893184       0.79853249  0.29082868  2.69650984  0.88690311  0.21829406
   38     C   4.0 -0.02772063       0.61983860  0.26275694  1.99793702  0.71150069  0.43568738
   39     C   4.0 -0.01795460       0.62573135  0.23929912  1.84102803  0.64212534  0.66977076
   40     O   6.0 -0.31079725       1.15722668  0.42497382  3.59799170  1.04476866  0.08583638
   41     C   4.0 -0.12852127       0.62878668  0.28044626  2.11177599  0.77053626  0.33697607
   42     C   4.0 -0.13388550       0.63353527  0.28280652  2.12194818  0.77575141  0.31984412
   43     C   4.0 -0.05364945       0.63394570  0.24525450  1.85164142  0.65266439  0.67014343
   44     O   6.0 -0.37404546       1.15952277  0.44056967  3.61943829  1.06999511  0.08451962
   45     N   5.0  0.06569535       0.81033897  0.31248531  2.70666564  0.94630834  0.15850639
   46     N   5.0  0.11477891       0.79919332  0.29090214  2.69156551  0.88516703  0.21839309
   47     C   4.0 -0.01353154       0.62221110  0.26443413  1.98904932  0.70863506  0.42920193
   48     C   4.0 -0.02492044       0.62600690  0.23905697  1.84150553  0.64262933  0.67572171
   49     O   6.0 -0.29171023       1.15551794  0.42416152  3.58170044  1.04500538  0.08532494
   50     C   4.0 -0.11639562       0.62486500  0.27781728  2.09598517  0.77476087  0.34296730
   51     C   4.0 -0.05886392       0.63473105  0.25647306  2.04123354  0.72365116  0.40277511
   52     C   4.0 -0.07481621       0.65068132  0.27474239  2.06933689  0.75540982  0.32464578
   53     C   4.0 -0.07405413       0.64894509  0.27413905  2.06822443  0.75651053  0.32623504
   54     C   4.0 -0.06167047       0.64730960  0.27592254  2.05508757  0.76188549  0.32146527
   55     C   4.0 -0.06144959       0.64528501  0.27481908  2.05808401  0.75963701  0.32362448
   56     C   4.0 -0.05613710       0.64632982  0.27472353  2.05509806  0.75984910  0.32013659
   57     N   5.0  0.10301889       0.79695165  0.28792641  2.70402187  0.88514733  0.22293385
   58     C   4.0 -0.01461989       0.61858261  0.26304951  1.99491000  0.70654157  0.43153621
   59     C   4.0 -0.01978178       0.62843889  0.24089147  1.83794260  0.64568600  0.66682281
   60     O   6.0 -0.31114012       1.15490127  0.43000090  3.58878338  1.05356601  0.08388856
   61     C   4.0 -0.14465444       0.62359011  0.27416885  2.13605118  0.76692834  0.34391595
   62     C   4.0 -0.13555774       0.62504929  0.28001353  2.13409746  0.76443420  0.33196325
   63     C   4.0 -0.10218915       0.62946266  0.28023618  2.05817837  0.73862608  0.39568587
   64     N   5.0  0.05838141       0.79464275  0.29626051  2.74888080  0.89889124  0.20294329
   65     C   4.0 -0.03652575       0.62027419  0.23115483  1.89265579  0.63761891  0.65482203
   66     N   5.0  0.05034182       0.80007297  0.31164533  2.74838239  0.94544905  0.14410844
   67     N   5.0  0.04602305       0.80026227  0.31196535  2.75041276  0.94681221  0.14452436
   68     N   5.0  0.09871677       0.79958278  0.29019955  2.70461494  0.88864797  0.21823799
   69     C   4.0 -0.02281215       0.62167072  0.26537669  1.99203962  0.71291195  0.43081317
   70     C   4.0 -0.01182052       0.62746382  0.23977225  1.83577091  0.64289834  0.66591521
   71     O   6.0 -0.31842159       1.15876448  0.42399877  3.60064888  1.04812115  0.08688830
   72     C   4.0 -0.14116870       0.63073868  0.27925453  2.12365454  0.77462606  0.33289489
   73     C   4.0 -0.14471975       0.63278651  0.28287977  2.13118947  0.77394906  0.32391495
   74     C   4.0 -0.09821764       0.63268751  0.28235090  2.05786222  0.73398004  0.39133696
   75     N   5.0  0.06521371       0.78937113  0.29457399  2.75153798  0.89342347  0.20587972
   76     C   4.0 -0.04833376       0.61780930  0.23025204  1.90012878  0.63716336  0.66298029
   77     N   5.0  0.03884563       0.80081409  0.31305557  2.75810200  0.94377387  0.14540884
   78     N   5.0  0.04567573       0.80062360  0.31314898  2.75118780  0.94325534  0.14610856
   79     N   5.0  0.11977440       0.79883659  0.29062238  2.68638408  0.88803834  0.21634420
   80     C   4.0 -0.01531865       0.62241548  0.26577491  1.98830229  0.71240647  0.42641950
   81     C   4.0 -0.01818334       0.62626123  0.24000275  1.83946705  0.64332624  0.66912607
   82     O   6.0 -0.31157444       1.15593708  0.42139959  3.60471046  1.04318991  0.08633740
   83     C   4.0 -0.13372952       0.62884259  0.27718896  2.11792862  0.77275467  0.33701468
   84     C   4.0 -0.13075966       0.61921269  0.26630595  2.09585893  0.73858647  0.41079562
   85     C   4.0 -0.21410807       0.64209080  0.29406914  2.17591453  0.83457471  0.26745889
   86     C   4.0 -0.20007050       0.64080822  0.29333124  2.16694468  0.83359322  0.26539314
   87     N   5.0  0.12524795       0.79414433  0.28844735  2.68818229  0.88333267  0.22064540
   88     C   4.0 -0.01170900       0.61834961  0.26198110  1.99153358  0.70607555  0.43376916
   89     C   4.0 -0.01364330       0.62469053  0.23830873  1.83421290  0.64009514  0.67633600
   90     O   6.0 -0.29257966       1.15776980  0.41580620  3.58977187  1.04023540  0.08899639
   91     C   4.0 -0.10740066       0.61951095  0.27383459  2.09492981  0.77645943  0.34266588
   92     C   4.0 -0.04949092       0.63136560  0.25597566  2.03707165  0.72328608  0.40179194
   93     C   4.0 -0.04990295       0.64575446  0.27389067  2.05668432  0.75404349  0.31953001
   94     C   4.0 -0.07981738       0.64720416  0.27580085  2.07512867  0.75602286  0.32566084
   95     C   4.0 -0.05000905       0.64427799  0.27581677  2.05045843  0.76137422  0.31808164
   96     C   4.0 -0.08785754       0.64810348  0.27786291  2.07114971  0.76427682  0.32646463
   97     C   4.0 -0.06850787       0.64581168  0.27702811  2.06325519  0.76110137  0.32131153
   98     N   5.0  0.10527980       0.79634005  0.28904566  2.70614994  0.88299543  0.22018912
   99     C   4.0 -0.03822096       0.61990684  0.26506671  2.00542933  0.71223412  0.43558395
  100     C   4.0 -0.03397086       0.62748396  0.24029893  1.84880203  0.64248395  0.67490198
  101     O   6.0 -0.32701689       1.15475821  0.43467760  3.59350371  1.05910566  0.08497170
  102     C   4.0 -0.19321131       0.64407474  0.29772386  2.16044825  0.83265242  0.25831204
  103     N   5.0  0.10944676       0.79486614  0.28866574  2.69980490  0.88481280  0.22240365
  104     C   4.0 -0.03127276       0.62174362  0.26602221  2.00028455  0.71092540  0.43229698
  105     C   4.0 -0.03786654       0.62910330  0.24240862  1.84889370  0.64599629  0.67146463
  106     O   6.0 -0.33564959       1.15429306  0.43527597  3.60182154  1.05876058  0.08549843
  107     C   4.0 -0.13141622       0.62985337  0.28066742  2.11406535  0.77337928  0.33345080
  108     C   4.0 -0.12804326       0.63405645  0.28505459  2.11578220  0.77895553  0.31419448
  109     C   4.0 -0.04329780       0.63513321  0.24506155  1.84491700  0.65710430  0.66108175
  110     O   6.0 -0.37565811       1.16161823  0.44054872  3.61674583  1.07339785  0.08334749
  111     N   5.0  0.07984490       0.80636585  0.31236622  2.70382112  0.94062030  0.15698161
  112     N   5.0  0.12324947       0.79429173  0.28932509  2.68852609  0.88492653  0.21968108
  113     C   4.0 -0.02537537       0.61780000  0.26250950  1.99777377  0.71087186  0.43642025
  114     C   4.0 -0.02061331       0.62678838  0.24005711  1.84092611  0.64363675  0.66920497
  115     O   6.0 -0.32971352       1.15723693  0.43536249  3.58809972  1.06514734  0.08386703
  116     C   4.0 -0.12738316       0.62786692  0.27484596  2.11475235  0.77290256  0.33701536
  117     C   4.0 -0.13440082       0.61974722  0.26556697  2.09867102  0.73888156  0.41153405
  118     C   4.0 -0.18364931       0.63628227  0.28853151  2.16228437  0.83333668  0.26321448
  119     C   4.0 -0.20479858       0.63902211  0.29187220  2.17672747  0.82859027  0.26858651
  120     N   5.0  0.12681376       0.79394543  0.28931063  2.69182688  0.88255060  0.21555269
  121     C   4.0 -0.00990987       0.61652917  0.26314577  1.98156577  0.71850643  0.43016273
  122     C   4.0  0.05462409       0.62233639  0.23851393  1.80226535  0.63764471  0.64461554
  123     O   6.0 -0.46950644       1.16569674  0.41289622  3.65858018  1.12229508  0.11003822
  124     C   4.0 -0.14909978       0.63464373  0.28914860  2.14153785  0.83082819  0.25294141
  125     N   5.0  0.18442883       0.79040289  0.29203621  2.63361800  0.88907114  0.21044294
  126     C   4.0 -0.06415191       0.62685436  0.27724230  2.04997188  0.74704303  0.36304034
  127     C   4.0 -0.02276654       0.62807184  0.24134418  1.83928621  0.64614566  0.66791864
  128     O   6.0 -0.33079166       1.15862465  0.43471310  3.59601378  1.05752555  0.08391459
  129     N   5.0  0.10250078       0.79977858  0.29001042  2.69240111  0.89466554  0.22064357
  130     C   4.0 -0.04523344       0.62023592  0.26401743  2.00769496  0.71308050  0.44020463
  131     C   4.0 -0.03178020       0.62394881  0.24069420  1.84565496  0.64519803  0.67628419
  132     O   6.0 -0.33568763       1.15403914  0.43477073  3.60642231  1.05507228  0.08538317
  133     C   4.0 -0.13689893       0.63828045  0.28354126  2.12522399  0.77849467  0.31135855
  134     C   4.0 -0.10169215       0.63379133  0.24463125  1.80121940  0.65363614  0.76841403
  135     O   6.0 -0.43441892       1.17168772  0.44748509  3.64806259  1.08435586  0.08282766
  136     O   6.0 -0.45443667       1.17400169  0.44768858  3.67017472  1.08127117  0.08130051
  137     N   5.0  0.10616205       0.80155361  0.29269835  2.69379330  0.88759130  0.21820139
  138     C   4.0 -0.02608344       0.62212944  0.26570174  1.99747783  0.71098715  0.42978728
  139     C   4.0 -0.03859062       0.62756509  0.24183948  1.84501594  0.64570925  0.67846086
  140     O   6.0 -0.32361937       1.15599132  0.43568575  3.58875465  1.05918208  0.08400557
  141     C   4.0 -0.09642103       0.63484776  0.28356832  2.10219127  0.77627455  0.29953913
  142     C   4.0  0.01297860       0.62065434  0.23834790  1.74350229  0.64560634  0.73891053
  143     O   6.0 -0.29340561       1.18295336  0.41647503  3.56559026  1.04429859  0.08408838
  144     O   6.0 -0.47389430       1.17406368  0.42246005  3.68019688  1.10584933  0.09132436
  145     N   5.0  0.10554027       0.79687172  0.28897992  2.69748873  0.88813251  0.22298685
  146     C   4.0 -0.01814147       0.61606431  0.26029575  1.99923271  0.71248025  0.43006846
  147     C   4.0 -0.01437788       0.62342507  0.24040292  1.83129632  0.64658062  0.67267294
  148     O   6.0 -0.31760400       1.15404701  0.43256444  3.59829867  1.04975232  0.08294155
  149     C   4.0 -0.16922931       0.63325870  0.28123879  2.13110805  0.77651252  0.34711125
  150     C   4.0 -0.31410503       0.65217519  0.29895136  2.09405106  0.87005997  0.39886745
  151     S   6.0  0.27480781       1.07591879  0.41482225  3.11162847  0.90366104  0.21916163
  152     C   4.0 -0.33255013       0.67731428  0.32681221  2.09571880  0.93422502  0.29847981
  153     N   5.0  0.11544409       0.79427671  0.28874645  2.69090700  0.88823301  0.22239274
  154     C   4.0  0.00477638       0.61594933  0.26218912  1.98239881  0.71121773  0.42346863
  155     C   4.0  0.05021053       0.61782652  0.23502575  1.80770326  0.63746703  0.65176692
  156     O   6.0 -0.47482404       1.15704823  0.41554952  3.70463920  1.09905249  0.09853461
  157     C   4.0 -0.13199756       0.62963110  0.27730459  2.11407590  0.77586924  0.33511673
  158     C   4.0 -0.14194916       0.63488704  0.28124166  2.13186854  0.78064567  0.31330625
  159     C   4.0 -0.08225206       0.62916273  0.24083720  1.78964758  0.65390614  0.76869841
  160     O   6.0 -0.41544552       1.16982949  0.43474412  3.66997445  1.05909511  0.08180235
  161     O   6.0 -0.43956552       1.17014563  0.44181824  3.66504192  1.08006775  0.08249198
  162     N   5.0  0.20519651       0.78982234  0.28770846  2.62435502  0.88156584  0.21135183
  163     C   4.0 -0.01243628       0.62116784  0.26108131  1.99116051  0.70878427  0.43024235
  164     C   4.0 -0.01505556       0.62627327  0.23949841  1.83340001  0.64427115  0.67161272
  165     O   6.0 -0.30346065       1.15399027  0.42342967  3.60215807  1.03805727  0.08582538
  166     C   4.0 -0.09451762       0.62096125  0.26548877  2.07772857  0.73221275  0.39812628
  167     C   4.0 -0.18004029       0.63601208  0.28836462  2.15678358  0.83705018  0.26182983
  168     C   4.0 -0.19007402       0.63621235  0.28756970  2.16505724  0.83421642  0.26701831
  169     N   5.0  0.12653690       0.79590827  0.28826308  2.67811286  0.89152223  0.21965665
  170     C   4.0 -0.01418751       0.62079477  0.26273608  2.00114584  0.71125822  0.41825259
  171     C   4.0 -0.01886018       0.62482464  0.23803660  1.84008259  0.64037003  0.67554632
  172     O   6.0 -0.30862137       1.15631974  0.42121190  3.60731912  1.03697404  0.08679658
  173     C   4.0 -0.03545906       0.62955290  0.27678174  1.99022144  0.71556224  0.42334075
  174     O   6.0 -0.17615866       1.10546231  0.39390600  3.54418576  1.04069194  0.09191265
  175     N   5.0  0.10473325       0.79871154  0.29014772  2.70232373  0.88615096  0.21793280
  176     C   4.0 -0.01860320       0.61766058  0.26289859  1.99404770  0.71264030  0.43135602
  177     C   4.0 -0.01389492       0.62740827  0.24007489  1.83571082  0.64314196  0.66755899
  178     O   6.0 -0.29322445       1.15433538  0.42352796  3.58716822  1.04290572  0.08528718
  179     C   4.0 -0.17224647       0.63411045  0.28886765  2.15537739  0.83413607  0.25975491
  180     N   5.0  0.09960929       0.79912060  0.29006773  2.70188922  0.88929850  0.22001465
  181     C   4.0 -0.01215352       0.61976796  0.26213935  1.99613941  0.70998643  0.42412037
  182     C   4.0 -0.01797145       0.62421232  0.23899174  1.83988488  0.64437623  0.67050628
  183     O   6.0 -0.31601239       1.15569496  0.42633727  3.60108757  1.04854277  0.08434981
  184     C   4.0 -0.03896959       0.62676698  0.26598942  1.96362174  0.69644931  0.48614214
  185     O   6.0 -0.22434745       1.11688268  0.40230408  3.55633467  1.05685723  0.09196878
  186     C   4.0 -0.20782298       0.64377797  0.29517403  2.17836708  0.83317691  0.25732699
  187     N   5.0  0.11656140       0.79682148  0.28910759  2.69562674  0.88325292  0.21862988
  188     C   4.0 -0.01619341       0.62046218  0.26407662  1.99065852  0.71101296  0.42998313
  189     C   4.0 -0.02911630       0.62588823  0.23929611  1.84558636  0.64416231  0.67418329
  190     O   6.0 -0.31805672       1.15222824  0.42972732  3.59754777  1.05287993  0.08567347
  191     C   4.0 -0.11653629       0.62682676  0.27791035  2.10843146  0.77542321  0.32794451
  192     C   4.0 -0.10005880       0.62921703  0.28013837  2.10258788  0.78644340  0.30167212
  193     C   4.0  0.01484484       0.61703235  0.24239324  1.72911242  0.66203548  0.73458167
  194     O   6.0 -0.45162411       1.18073702  0.42541370  3.65160394  1.10499758  0.08887188
  195     O   6.0 -0.39925958       1.18107867  0.41954041  3.62706542  1.08688250  0.08469258
  196     N   5.0  0.12463215       0.79506099  0.28864771  2.68773079  0.88510036  0.21882799
  197     C   4.0 -0.00841337       0.61862481  0.26258066  1.98630762  0.71171123  0.42918905
  198     C   4.0 -0.00816482       0.62678325  0.24010323  1.83235234  0.64287749  0.66604851
  199     O   6.0 -0.30349473       1.15689433  0.42013285  3.60126150  1.03969374  0.08551232
  200     C   4.0 -0.12208671       0.62616390  0.27383780  2.11176932  0.77203231  0.33828338
  201     C   4.0 -0.11998269       0.61820298  0.26413220  2.09276378  0.73491852  0.40996520
  202     C   4.0 -0.19087319       0.63531244  0.28711748  2.16408694  0.83608262  0.26827371
  203     C   4.0 -0.17764333       0.63625771  0.28777024  2.15344208  0.83948410  0.26068920
  204     N   5.0  0.12375748       0.79293734  0.28789371  2.69013321  0.88500416  0.22027410
  205     C   4.0 -0.01694454       0.61779326  0.26238769  1.99251491  0.71261367  0.43163500
  206     C   4.0 -0.01405524       0.62618780  0.24035344  1.83585286  0.64357693  0.66808421
  207     O   6.0 -0.31086671       1.15786314  0.42464978  3.59267390  1.05070612  0.08497377
  208     C   4.0 -0.15208412       0.62818265  0.27568814  2.11840981  0.78500760  0.34479592
  209     C   4.0 -0.25526066       0.64854085  0.29751518  2.05242091  0.87525696  0.38152675
  210     S   6.0  0.30866271       1.06580198  0.40885970  3.10641682  0.88732743  0.22293136
  211     C   4.0 -0.35043251       0.66752028  0.31685203  2.11406857  0.93589085  0.31610077
  212     N   5.0  0.11382934       0.79448700  0.28871918  2.69769037  0.88494313  0.22033099
  213     C   4.0 -0.03391422       0.61705405  0.26203316  2.00230020  0.71146514  0.44106168
  214     C   4.0 -0.01722275       0.62551105  0.23892696  1.84217072  0.64353848  0.66707555
  215     O   6.0 -0.33771284       1.15859973  0.42929465  3.61167371  1.05369851  0.08444624
  216     C   4.0 -0.09729800       0.63230342  0.28143936  2.10105604  0.77470030  0.30779888
  217     C   4.0 -0.04400828       0.63221288  0.24319716  1.84785557  0.65058249  0.67016019
  218     O   6.0 -0.38188376       1.15920615  0.43897173  3.63237953  1.06558356  0.08574279
  219     N   5.0  0.07300783       0.80628377  0.31217545  2.70719451  0.94434786  0.15699058
  220     N   5.0  0.12751205       0.79612297  0.29092717  2.68010920  0.88769698  0.21763162
  221     C   4.0 -0.01643123       0.62616843  0.26446921  1.98760986  0.71234782  0.42583591
  222     C   4.0 -0.01403528       0.62698448  0.23972067  1.83834767  0.64260779  0.66637466
  223     O   6.0 -0.32557792       1.15932214  0.41933161  3.61941636  1.03978896  0.08771885
  224     C   4.0 -0.09369163       0.62207305  0.26583421  2.07148856  0.73342438  0.40087142
  225     C   4.0 -0.14990075       0.62559921  0.27496645  2.12983477  0.77350728  0.34599304
  226     C   4.0 -0.18619762       0.63394266  0.28671572  2.16707039  0.83173306  0.26673579
  227     C   4.0 -0.21023160       0.64069915  0.29203767  2.17283142  0.83628422  0.26837915
  228     N   5.0  0.13070310       0.79429591  0.28978297  2.68520713  0.88400614  0.21600475
  229     C   4.0 -0.00871894       0.61965382  0.26368320  1.98389333  0.71279645  0.42869213
  230     C   4.0 -0.00468226       0.62520599  0.23923011  1.83280921  0.64295596  0.66448098
  231     O   6.0 -0.31125352       1.15722477  0.42117518  3.60700381  1.04006708  0.08578268
  232     C   4.0 -0.12132924       0.62731731  0.27418596  2.10945153  0.77498916  0.33538528
  233     C   4.0 -0.13026337       0.61625373  0.26332596  2.09841609  0.73602587  0.41624172
  234     C   4.0 -0.18141701       0.63128430  0.28648663  2.15946710  0.83779910  0.26637989
  235     C   4.0 -0.19668451       0.63735849  0.28937235  2.16832805  0.83299829  0.26862733
  236     N   5.0  0.12272972       0.79507446  0.28983119  2.69264209  0.88373470  0.21598783
  237     C   4.0 -0.01100060       0.61761582  0.26249161  1.99060142  0.70793009  0.43236165
  238     C   4.0 -0.02120323       0.62303257  0.23766148  1.84600019  0.64085768  0.67365131
  239     O   6.0 -0.32033860       1.15444422  0.42512158  3.60947275  1.04552791  0.08577215
  240     C   4.0 -0.09283784       0.62973219  0.27964285  2.10048091  0.77247864  0.31050324
  241     C   4.0 -0.01285347       0.62503070  0.23903120  1.83620352  0.64374089  0.66884717
  242     O   6.0 -0.29800426       1.16033542  0.41223526  3.60390127  1.02957082  0.09196149
  243     N   5.0  0.09565887       0.80090338  0.30915385  2.69744760  0.94133359  0.15550271
  244     N   5.0  0.11535274       0.79474050  0.28890544  2.69991243  0.88044336  0.22064553
  245     C   4.0 -0.02027108       0.61950105  0.26406819  1.99721694  0.70644462  0.43304028
  246     C   4.0 -0.02026079       0.62460196  0.23756245  1.84272045  0.64087936  0.67449657
  247     O   6.0 -0.34290618       1.15921068  0.42120451  3.63467026  1.03955868  0.08826206
  248     C   4.0 -0.13657244       0.62646967  0.27727309  2.12470210  0.77231988  0.33580770
  249     C   4.0 -0.14326752       0.62460047  0.27874112  2.12793690  0.77037954  0.34160949
  250     C   4.0 -0.16631031       0.63028544  0.28267908  2.14126432  0.77063699  0.34144447
  251     C   4.0 -0.07548967       0.64004064  0.28494275  2.08150411  0.73468193  0.33432025
  252     N   5.0  0.31608126       0.75165313  0.30898100  2.50959420  0.90992963  0.20376077
  253     N   5.0  0.12878022       0.79404682  0.28871304  2.68613082  0.88232440  0.22000470
  254     C   4.0 -0.02452663       0.62178326  0.26173350  1.99547154  0.71098450  0.43455383
  255     C   4.0 -0.01859382       0.62760234  0.24096303  1.83895904  0.64443588  0.66663353
  256     O   6.0 -0.33456095       1.15417469  0.42945766  3.61809540  1.04853565  0.08429756
  257     C   4.0 -0.10827059       0.62148583  0.26679564  2.08248228  0.73416254  0.40334431
  258     C   4.0 -0.20136195       0.64096093  0.29453066  2.16675425  0.83345988  0.26565623
  259     C   4.0 -0.19937748       0.63825315  0.29054663  2.17139715  0.83061075  0.26856980
  260     N   5.0  0.12388462       0.79710525  0.29087573  2.68912405  0.88484782  0.21416253
  261     C   4.0 -0.00766405       0.62152600  0.26238087  1.98585314  0.70998539  0.42791866
  262     C   4.0 -0.01839494       0.62430364  0.23841490  1.84460163  0.63842419  0.67265058
  263     O   6.0 -0.29726700       1.15807652  0.42319724  3.59064686  1.03826016  0.08708621
  264     C   4.0 -0.10955480       0.61699265  0.26360252  2.08525521  0.73376614  0.40993828
  265     C   4.0 -0.18190484       0.63293135  0.28780645  2.16867828  0.82504335  0.26744540
  266     C   4.0 -0.19933015       0.63562936  0.28798902  2.18117112  0.82378808  0.27075258
  267     N   5.0  0.10614204       0.79615432  0.29005527  2.70413882  0.88417113  0.21933843
  268     C   4.0 -0.02345030       0.62601250  0.26536688  1.99982655  0.71080807  0.42143629
  269     C   4.0 -0.03787094       0.62553674  0.24175659  1.84716856  0.64539838  0.67801066
  270     O   6.0 -0.34258307       1.15400922  0.43336484  3.61502588  1.05478662  0.08539651
  271     C   4.0 -0.03016628       0.62918627  0.26781124  1.95644242  0.69770889  0.47901746
  272     O   6.0 -0.21125621       1.11617732  0.40078580  3.54597819  1.05746961  0.09084529
  273     C   4.0 -0.21099682       0.64588296  0.30030695  2.17567927  0.83557904  0.25354860
  274     N   5.0  0.10539467       0.79918903  0.29042295  2.70558637  0.88210633  0.21730064
  275     C   4.0 -0.01751090       0.62118822  0.26530951  1.98960173  0.71028370  0.43112774
  276     C   4.0 -0.02257062       0.62896001  0.24090298  1.84157556  0.64402555  0.66710652
  277     O   6.0 -0.35253130       1.15838242  0.43620077  3.61451447  1.05869034  0.08474331
  278     C   4.0 -0.13933451       0.62542373  0.27747801  2.12584674  0.77088934  0.33969669
  279     C   4.0 -0.15809388       0.63073158  0.28115714  2.14396161  0.76459743  0.33764612
  280     C   4.0 -0.09204183       0.62889856  0.27950311  2.05311388  0.74058715  0.38993914
  281     N   5.0  0.06280262       0.79409671  0.29794556  2.74140644  0.90147737  0.20227131
  282     C   4.0 -0.04298972       0.61878055  0.23028257  1.89769799  0.63639112  0.65983749
  283     N   5.0  0.06355119       0.79513764  0.30648431  2.75281274  0.93515441  0.14685970
  284     N   5.0  0.03844614       0.80214924  0.31331965  2.75337541  0.94700921  0.14570035
  285     N   5.0  0.12486359       0.79558599  0.28747132  2.68637019  0.88187844  0.22383046
  286     C   4.0 -0.02459792       0.61675686  0.26187184  1.99987692  0.71178083  0.43431148
  287     C   4.0  0.01244248       0.62444574  0.24004380  1.82197005  0.63787176  0.66322618
  288     O   6.0 -0.27254090       1.15764225  0.42426196  3.56942260  1.03788039  0.08333370
  289     C   4.0 -0.11837779       0.62009364  0.27532157  2.09398288  0.78176761  0.34721209
  290     C   4.0 -0.13838456       0.64701962  0.25561836  2.06977206  0.70379767  0.46217684
  291     N   5.0 -0.26440311       0.93259710  0.35586977  2.83501357  0.92603841  0.21488426
  292     C   4.0 -0.08030104       0.65307385  0.27557403  2.09072232  0.71238306  0.34854778
  293     C   4.0 -0.07235461       0.65691370  0.27238169  2.03718084  0.67006040  0.43581798
  294     N   5.0  0.16882924       0.77657670  0.29359135  2.58278590  0.89068118  0.28753563
  295     N   5.0  0.06990287       0.81467670  0.27734548  2.71031898  0.85651776  0.27123821
  296     C   4.0 -0.02435601       0.62514609  0.26451704  2.00465971  0.70057930  0.42945387
  297     C   4.0 -0.03653122       0.62627977  0.24202389  1.84978652  0.64218518  0.67625587
  298     O   6.0 -0.32446617       1.15565145  0.43698210  3.58703506  1.06041324  0.08438432
  299     C   4.0 -0.13850488       0.62987769  0.28288788  2.13563889  0.75026159  0.33983884
  300     C   4.0 -0.16498404       0.62868798  0.28256556  2.16149211  0.74772343  0.34451495
  301     C   4.0 -0.08998940       0.63153499  0.28138992  2.06506014  0.72826447  0.38373988
  302     N   5.0  0.08345810       0.80154663  0.28991655  2.72469383  0.87795097  0.22243392
  303     C   4.0 -0.01670875       0.62172914  0.26614147  1.98674273  0.70916387  0.43293153
  304     C   4.0 -0.02646092       0.63123500  0.24090031  1.84362566  0.64342152  0.66727842
  305     O   6.0 -0.32933563       1.15631461  0.43604726  3.59363687  1.05957812  0.08375877
  306     C   4.0 -0.12859287       0.63712871  0.28407681  2.12227833  0.77638717  0.30872185
  307     C   4.0 -0.07868574       0.62950724  0.24079747  1.79471260  0.65010382  0.76356459
  308     O   6.0 -0.41588342       1.17482758  0.43673092  3.66270757  1.05919489  0.08242246
  309     O   6.0 -0.41450770       1.17055929  0.43783900  3.65415919  1.07092875  0.08102147
  310     N   5.0  0.11954800       0.79778379  0.28827077  2.68648976  0.88356370  0.22434397
  311     C   4.0 -0.01553581       0.61753315  0.26272178  1.99498385  0.70778657  0.43251045
  312     C   4.0 -0.01494928       0.62661445  0.23724629  1.84279346  0.63854101  0.66975406
  313     O   6.0 -0.33318225       1.15435231  0.43057048  3.61006594  1.05269942  0.08549410
  314     C   4.0 -0.14022767       0.62706161  0.27386439  2.12704420  0.77296938  0.33928810
  315     C   4.0 -0.13543382       0.61691326  0.26426771  2.10177892  0.73586273  0.41661119
  316     C   4.0 -0.18151589       0.63581938  0.28861511  2.16130960  0.83172101  0.26405080
  317     C   4.0 -0.19231340       0.63395733  0.28681752  2.17173791  0.83144522  0.26835543
  318     N   5.0  0.12728718       0.79761159  0.28927270  2.67530102  0.89166465  0.21886286
  319     C   4.0 -0.02698858       0.61797571  0.26294139  2.00472397  0.70665227  0.43469525
  320     C   4.0 -0.01977617       0.62381071  0.23771857  1.84140116  0.64436416  0.67248157
  321     O   6.0 -0.30587631       1.15584517  0.42158389  3.60168314  1.04068789  0.08607622
  322     C   4.0 -0.12832983       0.62566555  0.27706099  2.11988765  0.77185085  0.33386479
  323     C   4.0 -0.14640470       0.62730277  0.28223991  2.12402457  0.77206889  0.34076856
  324     C   4.0 -0.15240771       0.62960631  0.28257543  2.13796318  0.76652779  0.33573501
  325     C   4.0 -0.06347312       0.63994014  0.28379422  2.07113385  0.73893081  0.32967409
  326     N   5.0  0.33689202       0.75050867  0.30355704  2.49226111  0.91669136  0.20008980
  327     N   5.0  0.11768659       0.79438776  0.29023296  2.69293386  0.88415489  0.22060395
  328     C   4.0 -0.01930883       0.61837161  0.26030996  2.00421816  0.71055306  0.42585604
  329     C   4.0 -0.02103945       0.62289512  0.23912638  1.84431696  0.64125961  0.67344137
  330     O   6.0 -0.34979849       1.15529728  0.43482438  3.62111044  1.05346608  0.08510031
  331     C   4.0 -0.00560600       0.62404466  0.26357883  1.94597524  0.69181646  0.48019080
  332     O   6.0 -0.14281123       1.11943996  0.38184699  3.53480339  1.01513055  0.09159034
  333     C   4.0 -0.19233852       0.63963449  0.29301056  2.17315227  0.83295032  0.25359088
  334     N   5.0  0.11068884       0.79657310  0.28767732  2.70528167  0.87653601  0.22324305
  335     C   4.0 -0.01806522       0.62179434  0.26609910  1.99273390  0.70766094  0.42977694
  336     C   4.0 -0.02667094       0.63414276  0.24118838  1.84416312  0.63983594  0.66734075
  337     O   6.0 -0.35534432       1.15892005  0.43960366  3.60547304  1.06563857  0.08570900
  338     C   4.0 -0.10094858       0.63764304  0.28563192  2.09880835  0.78204161  0.29682366
  339     C   4.0 -0.00092734       0.62626171  0.24262252  1.74118102  0.65063612  0.74022596
  340     O   6.0 -0.50827747       1.18414593  0.41762176  3.69143450  1.11295393  0.10212135
  341     O   6.0 -0.38354177       1.17378986  0.44319874  3.60612738  1.08496368  0.07546211
  342     N   5.0  0.11774754       0.79549134  0.29018739  2.68833727  0.88908926  0.21914721
  343     C   4.0 -0.06080369       0.62756944  0.27783287  2.04458773  0.74965455  0.36115911
  344     C   4.0 -0.01995921       0.62992382  0.24052055  1.83970886  0.64452909  0.66527689
  345     O   6.0 -0.35815814       1.15725398  0.43461540  3.61832130  1.06301323  0.08495423
  346     N   5.0  0.12766990       0.79460651  0.28788570  2.68924361  0.88259101  0.21800327
  347     C   4.0 -0.01867461       0.62177014  0.26345488  1.99029416  0.70967510  0.43348032
  348     C   4.0 -0.01066036       0.62925655  0.23846425  1.83851177  0.63948864  0.66493916
  349     O   6.0 -0.34569208       1.15882301  0.42641336  3.62418187  1.04942638  0.08684747
  350     C   4.0 -0.10627773       0.62128288  0.27451211  2.09191048  0.77813825  0.34043401
  351     C   4.0 -0.05732407       0.63401139  0.25601083  2.04078847  0.72585623  0.40065715
  352     C   4.0 -0.06915378       0.64547265  0.27385309  2.06785506  0.75595956  0.32601343
  353     C   4.0 -0.05836421       0.64515758  0.27444655  2.06230754  0.75469977  0.32175279
  354     C   4.0 -0.06540471       0.64400601  0.27447391  2.06334752  0.75830701  0.32527027
  355     C   4.0 -0.05357231       0.64416468  0.27627850  2.05397934  0.76031858  0.31883122
  356     C   4.0 -0.06083282       0.64537090  0.27574238  2.05647379  0.76193470  0.32131105
  357     N   5.0  0.13495028       0.79050988  0.29043216  2.67750454  0.88966534  0.21693781
  358     C   4.0 -0.06268222       0.62839049  0.27881253  2.04423553  0.74854806  0.36269561
  359     C   4.0 -0.01651052       0.62809640  0.24065620  1.83634049  0.64673746  0.66467997
  360     O   6.0 -0.31983163       1.15718818  0.42827958  3.60365152  1.04742432  0.08328804
  361     N   5.0  0.09466402       0.79927361  0.29138193  2.70104378  0.89519420  0.21844245
  362     C   4.0 -0.02434088       0.62014353  0.26111075  1.99567658  0.71283446  0.43457555
  363     C   4.0 -0.01805993       0.62307346  0.23838666  1.84251416  0.64248583  0.67159983
  364     O   6.0 -0.29176557       1.15419579  0.42084855  3.59565616  1.03648219  0.08458289
  365     C   4.0 -0.11144771       0.62048113  0.26668626  2.08412319  0.73347582  0.40668130
  366     C   4.0 -0.15570519       0.62657517  0.27812394  2.13876557  0.76565839  0.34658211
  367     C   4.0 -0.21738658       0.64051515  0.29553771  2.18537062  0.82482852  0.27113457
  368     C   4.0 -0.19976900       0.63763702  0.29026183  2.17125303  0.83604741  0.26456971
  369     N   5.0  0.09641218       0.79872638  0.28987423  2.71289939  0.88118666  0.22090117
  370     C   4.0 -0.02715799       0.61929750  0.26432863  1.99041617  0.71308360  0.44003209
  371     C   4.0 -0.02551483       0.62781805  0.24135886  1.84262598  0.64638381  0.66732814
  372     O   6.0 -0.31749155       1.15548074  0.43183357  3.59170079  1.05435893  0.08411752
  373     C   4.0 -0.13046991       0.63789558  0.28491071  2.11836612  0.78107245  0.30822505
  374     C   4.0 -0.09930568       0.63641244  0.24601980  1.79903305  0.65578045  0.76205995
  375     O   6.0 -0.45515726       1.17397165  0.44842246  3.66397500  1.08690739  0.08188076
  376     O   6.0 -0.45138332       1.17395270  0.44904420  3.65844476  1.08753419  0.08240747
  377     N   5.0  0.10524878       0.80013973  0.29150143  2.69244719  0.89073643  0.21992645
  378     C   4.0 -0.01115801       0.62376100  0.26418984  1.99739176  0.70779566  0.41801975
  379     C   4.0 -0.02208034       0.62314105  0.23957661  1.83883572  0.64524920  0.67527776
  380     O   6.0 -0.29617904       1.15207517  0.42362309  3.59641409  1.03970066  0.08436603
  381     C   4.0 -0.02521033       0.62425810  0.26415461  1.95683455  0.69944289  0.48052017
  382     O   6.0 -0.20902657       1.11455071  0.39816898  3.55571210  1.05055851  0.09003627
  383     C   4.0 -0.17451700       0.63178855  0.28736624  2.16910517  0.82859817  0.25765886
  384     N   5.0  0.10392997       0.79692400  0.28930786  2.70350629  0.88621488  0.22011700
  385     C   4.0 -0.03222430       0.61989266  0.26252577  1.98969603  0.72218142  0.43792843
  386     C   4.0 -0.00711907       0.62566113  0.23947127  1.83629102  0.64057285  0.66512281
  387     O   6.0 -0.30013560       1.15703988  0.42306471  3.59090555  1.04445931  0.08466615
  388     C   4.0 -0.23181192       0.64931929  0.29674855  2.02425528  0.88800165  0.37348715
  389     S   6.0  0.20184368       1.08054543  0.42387438  3.18865156  0.95143311  0.15365184
  390     N   5.0  0.10629483       0.79495400  0.28799334  2.71202374  0.87748039  0.22125370
  391     C   4.0 -0.01812445       0.61784768  0.26298797  1.99290186  0.71060257  0.43378437
  392     C   4.0 -0.01813007       0.62773287  0.24021940  1.84130949  0.64273487  0.66613344
  393     O   6.0 -0.32378849       1.15764177  0.42990166  3.59537041  1.05588496  0.08498969
  394     C   4.0 -0.13084574       0.62680501  0.27865571  2.12281406  0.76598929  0.33658167
  395     C   4.0 -0.15286390       0.62444377  0.27453011  2.14332497  0.76923409  0.34133095
  396     C   4.0 -0.08736097       0.62207270  0.27394173  2.06170499  0.73113041  0.39851115
  397     N   5.0  0.07129874       0.79009467  0.29513639  2.74498987  0.89289245  0.20558787
  398     C   4.0 -0.04145151       0.61948985  0.23103791  1.89721048  0.63599986  0.65771341
  399     N   5.0  0.03740647       0.80100727  0.31392255  2.75520408  0.94608358  0.14637605
  400     N   5.0  0.04619925       0.80123645  0.31195760  2.75129217  0.94554850  0.14376603
  401     N   5.0  0.11468019       0.79567939  0.28905216  2.69109410  0.88580447  0.22368969
  402     C   4.0 -0.02979423       0.62170941  0.26405993  2.01049727  0.70831095  0.42521667
  403     C   4.0 -0.02840933       0.62645966  0.23962687  1.84330195  0.64406976  0.67495109
  404     O   6.0 -0.31532062       1.15391183  0.42634603  3.59716451  1.05180004  0.08609820
  405     C   4.0 -0.05580693       0.63125193  0.28001010  1.99718076  0.72239707  0.42496707
  406     O   6.0 -0.18041613       1.10153711  0.39929315  3.54133487  1.04605138  0.09219961
  407     N   5.0  0.11477854       0.79663289  0.29001868  2.69375002  0.88678652  0.21803335
  408     C   4.0 -0.00621995       0.62071520  0.26387820  1.98339695  0.71315232  0.42507729
  409     C   4.0 -0.01908259       0.62658995  0.23941746  1.83915317  0.64281544  0.67110656
  410     O   6.0 -0.31192602       1.15211272  0.42869979  3.59563386  1.05096152  0.08451812
  411     C   4.0 -0.14173524       0.62892342  0.27591151  2.10726202  0.78837283  0.34126547
  412     C   4.0 -0.25473776       0.65093207  0.29728732  2.04806799  0.87800702  0.38044336
  413     S   6.0  0.32143785       1.06553328  0.40972656  3.08348674  0.89857984  0.22123573
  414     C   4.0 -0.31351139       0.65721387  0.30971831  2.09754711  0.93796715  0.31106494
  415     N   5.0  0.11474965       0.79598653  0.28963923  2.69283390  0.88844392  0.21834677
  416     C   4.0 -0.00814280       0.62380314  0.26369917  1.98383892  0.71129300  0.42550857
  417     C   4.0 -0.02357629       0.62633044  0.24064572  1.83960223  0.64590167  0.67109624
  418     O   6.0 -0.31956132       1.15539360  0.42537960  3.61031067  1.04389876  0.08457868
  419     C   4.0 -0.10114801       0.62380052  0.26777604  2.07745796  0.73701766  0.39509582
  420     C   4.0 -0.19246055       0.63816190  0.29059559  2.16155642  0.83801591  0.26413073
  421     C   4.0 -0.18183800       0.63642776  0.28845209  2.15855372  0.83548349  0.26292094
  422     N   5.0  0.11289058       0.79614210  0.28993189  2.69635773  0.88592762  0.21875008
  423     C   4.0 -0.03333854       0.61882997  0.26380020  2.00356191  0.71245006  0.43469640
  424     C   4.0 -0.04203935       0.62425548  0.23947369  1.85639036  0.64378549  0.67813434
  425     O   6.0 -0.31786758       1.15208781  0.43139598  3.60147274  1.04724488  0.08566618
  426     C   4.0 -0.17355190       0.63806278  0.29227939  2.15235174  0.83563158  0.25522641
  427     N   5.0  0.11569234       0.79043376  0.28692412  2.70152992  0.87875783  0.22666202
  428     C   4.0 -0.01355665       0.62261838  0.26215568  1.99645728  0.70531438  0.42701093
  429     C   4.0 -0.03334646       0.62783414  0.24277276  1.84350872  0.64503337  0.67419747
  430     O   6.0 -0.33076195       1.15442193  0.43548045  3.59922206  1.05675709  0.08488042
  431     C   4.0 -0.10316612       0.61716574  0.26304707  2.09092033  0.72526723  0.40676574
  432     C   4.0 -0.18528637       0.63122672  0.28642282  2.16796249  0.82652013  0.27315421
  433     C   4.0 -0.19170016       0.63176215  0.28677869  2.17025620  0.82879528  0.27410785
  434     N   5.0  0.11124882       0.79723716  0.29175326  2.69807589  0.88602969  0.21565518
  435     C   4.0 -0.01052679       0.62016815  0.26327848  1.98616928  0.71328278  0.42762810
  436     C   4.0 -0.00884047       0.62895268  0.24023312  1.83225489  0.64227296  0.66512682
  437     O   6.0 -0.32735155       1.15503860  0.43074793  3.60688925  1.05076042  0.08391536
  438     C   4.0 -0.13736333       0.62443829  0.27363223  2.11682242  0.77697605  0.34549435
  439     C   4.0 -0.25613172       0.64859653  0.29546836  2.05071080  0.87414744  0.38720859
  440     S   6.0  0.29523019       1.06393254  0.40990183  3.11672920  0.89411259  0.22009366
  441     C   4.0 -0.31248580       0.66164774  0.31219879  2.09803855  0.93185729  0.30874344
  442     N   5.0  0.12661658       0.79894823  0.29012689  2.67208391  0.89475730  0.21746709
  443     C   4.0 -0.01448466       0.61963844  0.26391143  1.97889513  0.71789815  0.43414152
  444     C   4.0 -0.00978088       0.63045281  0.24114817  1.83410490  0.64381102  0.66026399
  445     O   6.0 -0.32580584       1.15649867  0.43249959  3.60138047  1.05130896  0.08411816
  446     C   4.0 -0.08424192       0.62855864  0.27774280  2.10148817  0.78016353  0.29628878
  447     C   4.0  0.06046210       0.61456436  0.23665312  1.72232726  0.63405746  0.73193569
  448     O   6.0 -0.49447461       1.18040645  0.40887231  3.69332683  1.10796317  0.10390584
  449     O   6.0 -0.24129878       1.17826712  0.40894684  3.57149327  1.00160214  0.08098941
  450     N   5.0  0.11321307       0.79708105  0.29030252  2.68763924  0.89119002  0.22057411
  451     C   4.0 -0.03520748       0.62114877  0.26432198  2.01202708  0.70989232  0.42781733
  452     C   4.0 -0.02185684       0.62625915  0.24068791  1.84201324  0.64167558  0.67122097
  453     O   6.0 -0.34336960       1.15742934  0.43689093  3.60601950  1.05853432  0.08449551
  454     C   4.0 -0.06991864       0.63482314  0.28158215  2.00374186  0.72171897  0.42805252
  455     O   6.0 -0.19265187       1.10766649  0.40515292  3.53235859  1.05556947  0.09190440
  456     N   5.0  0.10785565       0.79896265  0.29201540  2.69751167  0.88503253  0.21862208
  457     C   4.0 -0.02256491       0.61883187  0.26454931  1.99854451  0.70841888  0.43222033
  458     C   4.0 -0.03479622       0.62498814  0.23956284  1.84924668  0.64178212  0.67921644
  459     O   6.0 -0.34100697       1.15904951  0.43164122  3.61813152  1.04620028  0.08598445
  460     C   4.0 -0.09156947       0.63507479  0.28399730  2.09742790  0.77823536  0.29683411
  461     C   4.0  0.02907190       0.61688417  0.23957627  1.73513919  0.64123148  0.73809699
  462     O   6.0 -0.50405683       1.18548656  0.40932801  3.70592594  1.09790337  0.10541294
  463     O   6.0 -0.29472573       1.17773187  0.42183656  3.56102335  1.05428654  0.07984741
  464     N   5.0  0.12515014       0.79377204  0.28794155  2.68745148  0.88229415  0.22339064
  465     C   4.0 -0.01552209       0.61667269  0.25997519  2.01041639  0.70510378  0.42335403
  466     C   4.0 -0.00864060       0.62347841  0.23964776  1.83611894  0.63992752  0.66946797
  467     O   6.0 -0.33982736       1.15753102  0.43226328  3.62182486  1.04294768  0.08526052
  468     C   4.0 -0.05158195       0.62760377  0.26608294  1.97662610  0.69280785  0.48846129
  469     O   6.0 -0.25578724       1.12041926  0.39925188  3.59228301  1.04831782  0.09551527
  470     C   4.0 -0.20183525       0.64289099  0.29730704  2.17764199  0.83222847  0.25176676
  471     N   5.0  0.12012103       0.79229921  0.28781748  2.69433308  0.87962225  0.22580696
  472     C   4.0  0.00253404       0.62120360  0.26552311  1.99013048  0.70803937  0.41256940
  473     C   4.0 -0.03490137       0.62896258  0.24109715  1.85056633  0.64092889  0.67334642
  474     O   6.0 -0.35103829       1.15771258  0.43808448  3.60642338  1.06309783  0.08572002
  475     C   4.0  0.01590701       0.62117898  0.26634604  1.92830575  0.69808808  0.47017414
  476     O   6.0 -0.24227483       1.12860429  0.37958559  3.55034530  1.07811373  0.10562590
  477     C   4.0 -0.19830502       0.64152592  0.29572463  2.17266381  0.83376351  0.25462715
  478     N   5.0  0.10175447       0.79682416  0.29005980  2.71333265  0.87707579  0.22095312
  479     C   4.0 -0.04748332       0.63048446  0.28059486  2.03492045  0.74347022  0.35801333
  480     C   4.0 -0.02502277       0.62980622  0.24032389  1.84315777  0.64382847  0.66790643
  481     O   6.0 -0.33570586       1.15723407  0.43718249  3.59760439  1.06025946  0.08342544
  482     N   5.0  0.10657411       0.79984117  0.28987789  2.69204724  0.89322072  0.21843887
  483     C   4.0  0.00882926       0.61637419  0.26191145  1.98126626  0.70934042  0.42227841
  484     C   4.0  0.07173341       0.61765975  0.23527443  1.79472589  0.63549797  0.64510854
  485     O   6.0 -0.46816208       1.16152334  0.41200316  3.68543375  1.10509112  0.10411071
  486     C   4.0 -0.13414200       0.62874997  0.27564397  2.12010771  0.77152823  0.33811212
  487     C   4.0 -0.14982833       0.62617934  0.27842855  2.13870537  0.77060635  0.33590871
  488     C   4.0 -0.12786803       0.62232572  0.27602142  2.12813455  0.77067800  0.33070834
  489     C   4.0 -0.07750170       0.63460416  0.28035986  2.09147543  0.72696248  0.34409977
  490     N   5.0  0.31704813       0.74879605  0.30619064  2.51356256  0.90669727  0.20770535
  491     N   5.0  0.19858097       0.78748018  0.28720027  2.63267493  0.88165149  0.21241216
  492     C   4.0 -0.01484658       0.61470795  0.25998548  1.99176115  0.71118356  0.43720844
  493     C   4.0  0.00595873       0.62633008  0.23922132  1.82598466  0.64292313  0.65958208
  494     O   6.0 -0.29976121       1.15735936  0.42148653  3.59706378  1.03785041  0.08600113
  495     C   4.0 -0.11748931       0.62587678  0.27296481  2.11146498  0.76978217  0.33740057
  496     C   4.0 -0.13177831       0.61575818  0.26265842  2.10329366  0.73315887  0.41690919
  497     C   4.0 -0.18151229       0.63272077  0.28550044  2.16048038  0.83515635  0.26765435
  498     C   4.0 -0.18640811       0.63369530  0.28582126  2.16758567  0.83078459  0.26852128
  499     N   5.0  0.13373799       0.79074234  0.28930697  2.67301083  0.89469787  0.21850400
  500     C   4.0 -0.04559339       0.62801546  0.27922386  2.03336114  0.74970025  0.35529269
  501     C   4.0 -0.01036183       0.62876183  0.24041998  1.83658803  0.64449158  0.66010041
  502     O   6.0 -0.33244193       1.16276383  0.42445621  3.61346865  1.04697263  0.08478061
  503     N   5.0  0.10800044       0.79879814  0.29199755  2.68952441  0.89351332  0.21816613
  504     C   4.0 -0.02235970       0.61875129  0.26199475  1.99233204  0.71282557  0.43645605
  505     C   4.0 -0.01567576       0.62417710  0.23922627  1.83524770  0.64245787  0.67456683
  506     O   6.0 -0.28665043       1.15679455  0.41816640  3.58695304  1.03760049  0.08713595
  507     C   4.0 -0.12037614       0.62472957  0.27773830  2.09917974  0.77300408  0.34572443
  508     C   4.0 -0.05034643       0.63335860  0.25565499  2.03538024  0.72260220  0.40335039
  509     C   4.0 -0.04886022       0.64748412  0.27361012  2.05596119  0.75153659  0.32026820
  510     C   4.0 -0.07696472       0.65084773  0.27550703  2.06763011  0.75897902  0.32400082
  511     C   4.0 -0.05838579       0.64639115  0.27563664  2.05462760  0.76128854  0.32044185
  512     C   4.0 -0.08068812       0.64646244  0.27764595  2.07177651  0.75819038  0.32661285
  513     C   4.0 -0.07913271       0.64590830  0.27644199  2.07236707  0.75946455  0.32495080
  514     N   5.0  0.10419204       0.79983371  0.29072729  2.69869614  0.88902593  0.21752489
  515     C   4.0 -0.02774603       0.62044764  0.26316404  1.99783111  0.71325003  0.43305322
  516     C   4.0 -0.01732686       0.62402183  0.23836441  1.84189910  0.64128599  0.67175554
  517     O   6.0 -0.30789306       1.15691197  0.42324960  3.59596646  1.04521206  0.08655297
  518     C   4.0 -0.14149454       0.63005143  0.28196394  2.11911613  0.77282451  0.33753852
  519     C   4.0 -0.15578369       0.63846940  0.28484875  2.13496149  0.78233366  0.31517040
  520     C   4.0 -0.10860681       0.63427919  0.24403729  1.80330908  0.65599710  0.77098415
  521     O   6.0 -0.44626887       1.16991985  0.44612181  3.66599262  1.08137271  0.08286188
  522     O   6.0 -0.43655959       1.16807950  0.44402921  3.66697991  1.07490957  0.08256140
  523     N   5.0  0.11533527       0.79511780  0.28815973  2.70020753  0.87976497  0.22141470
  524     C   4.0 -0.01245421       0.61752230  0.26250604  1.99224550  0.70733927  0.43284110
  525     C   4.0 -0.01908131       0.62485898  0.23927331  1.83813447  0.64488475  0.67192980
  526     O   6.0 -0.30222250       1.15373015  0.42629230  3.59042299  1.04716063  0.08461643
  527     C   4.0 -0.11236249       0.62229580  0.27432904  2.11081630  0.77148859  0.33343276
  528     C   4.0 -0.02783393       0.62414086  0.27333510  2.06856847  0.75346583  0.30832367
  529     C   4.0  0.01392321       0.61451143  0.24035846  1.74095547  0.65278552  0.73746591
  530     O   6.0 -0.42440710       1.17986083  0.41623753  3.65267730  1.08348247  0.09214897
  531     O   6.0 -0.40458787       1.17510486  0.43278909  3.61983752  1.09728083  0.07957557
  532     N   5.0  0.11827849       0.79434043  0.28866854  2.69400477  0.88532516  0.21938260
  533     C   4.0 -0.00767956       0.61899745  0.26193872  1.98523384  0.70929828  0.43221126
  534     C   4.0 -0.00096560       0.62605685  0.23922071  1.82960773  0.64053987  0.66554045
  535     O   6.0 -0.29545276       1.16074908  0.41842130  3.58564448  1.04392022  0.08671768
  536     C   4.0 -0.10724159       0.61951983  0.27270433  2.09282994  0.77751984  0.34466764
  537     C   4.0 -0.04681487       0.63248098  0.25534239  2.03590405  0.72254387  0.40054359
  538     C   4.0 -0.05830674       0.64803827  0.27361566  2.05847651  0.75579719  0.32237911
  539     C   4.0 -0.06388940       0.64530736  0.27453712  2.06572437  0.75586613  0.32245442
  540     C   4.0 -0.06552418       0.64935875  0.27618429  2.05468786  0.76328251  0.32201078
  541     C   4.0 -0.07489971       0.64834487  0.27639583  2.06062865  0.76581529  0.32371506
  542     C   4.0 -0.07223624       0.64906782  0.27697694  2.06158906  0.76258869  0.32201372
  543     N   5.0  0.12036811       0.79331380  0.28739366  2.69587338  0.88211748  0.22093357
  544     C   4.0 -0.01410246       0.61649740  0.26218900  1.99336624  0.70810068  0.43394914
  545     C   4.0 -0.02032135       0.62643760  0.24050461  1.83932233  0.64402053  0.67003628
  546     O   6.0 -0.31410355       1.15738964  0.42483380  3.59609926  1.05018607  0.08559478
  547     C   4.0 -0.12877095       0.62471956  0.27569157  2.12211335  0.77113913  0.33510734
  548     C   4.0 -0.13248693       0.62457597  0.27782956  2.11960608  0.77209289  0.33838243
  549     C   4.0 -0.15089669       0.62792331  0.28139845  2.13448507  0.76857059  0.33851928
  550     C   4.0 -0.07707745       0.63637817  0.27998146  2.08524388  0.73620795  0.33926599
  551     N   5.0  0.32277093       0.74920374  0.30455247  2.50603276  0.91343901  0.20400109
  552     N   5.0  0.11830296       0.79459226  0.28895187  2.69264448  0.88512149  0.22038694
  553     C   4.0 -0.02361911       0.62202877  0.26430598  1.99372351  0.71030159  0.43325926
  554     C   4.0 -0.01902180       0.62854892  0.24111597  1.83863783  0.64518808  0.66553100
  555     O   6.0 -0.31812439       1.15831149  0.42936331  3.58992004  1.05605265  0.08447689
  556     C   4.0 -0.11459070       0.62424004  0.27778262  2.09171581  0.77732347  0.34352876
  557     C   4.0 -0.07271167       0.63751715  0.25844932  2.05360377  0.72988884  0.39325259
  558     C   4.0 -0.07703058       0.65434647  0.27820718  2.05559337  0.75936772  0.32951584
  559     C   4.0 -0.04817665       0.64652073  0.27394083  2.04748267  0.75038838  0.32984403
  560     C   4.0 -0.08900528       0.65536451  0.27950794  2.08725828  0.76261522  0.30425933
  561     C   4.0 -0.06718307       0.64692408  0.27536261  2.08371228  0.75516579  0.30601832
  562     C   4.0 -0.00405704       0.63193923  0.24828951  1.92465824  0.69176659  0.50740347
  563     O   6.0 -0.13120463       1.10199714  0.39134753  3.47988379  1.05418843  0.10378774
  564     N   5.0  0.12699533       0.79484612  0.28935674  2.68163669  0.88870418  0.21846095
  565     C   4.0 -0.01335368       0.61652476  0.26162732  1.99415576  0.70909825  0.43194759
  566     C   4.0 -0.01480560       0.62391043  0.23813924  1.83799738  0.64243488  0.67232367
  567     O   6.0 -0.30214115       1.15893030  0.42002156  3.59738266  1.04012993  0.08567669
  568     C   4.0 -0.12326243       0.62599134  0.27378449  2.11251348  0.77155101  0.33942210
  569     C   4.0 -0.12199638       0.61698174  0.26417014  2.09414971  0.73446718  0.41222761
  570     C   4.0 -0.18864847       0.63393986  0.28698307  2.16458303  0.83604121  0.26710130
  571     C   4.0 -0.18396514       0.63593870  0.28803718  2.15789646  0.83692029  0.26517251
  572     N   5.0  0.12499478       0.79149109  0.28669512  2.69314361  0.88161239  0.22206301
  573     C   4.0 -0.01476709       0.62031972  0.26235345  1.99065208  0.70818719  0.43325464
  574     C   4.0 -0.02018898       0.62629259  0.24084106  1.84117836  0.64331451  0.66856247
  575     O   6.0 -0.31220690       1.15530682  0.42738327  3.59502518  1.04958913  0.08490250
  576     C   4.0 -0.12160747       0.61344075  0.27198616  2.09418452  0.77585907  0.36613697
  577     C   4.0 -0.12651751       0.63188434  0.25234967  2.11713392  0.71717893  0.40797066
  578     C   4.0 -0.04851662       0.64928031  0.27229062  2.05426604  0.70032063  0.37235903
  579     C   4.0 -0.09046094       0.63350344  0.24926192  2.06594723  0.70992002  0.43182833
  580     N   5.0  0.10616862       0.78530318  0.29248372  2.65825564  0.89485073  0.26293812
  581     C   4.0 -0.07444952       0.63218910  0.24417800  2.03958482  0.68027848  0.47821914
  582     C   4.0 -0.05468241       0.64692557  0.27685505  2.04949754  0.75634599  0.32505826
  583     C   4.0 -0.09353617       0.64879417  0.27679363  2.07938617  0.75770375  0.33085844
  584     C   4.0 -0.09041658       0.65033919  0.27675313  2.07284331  0.76814301  0.32233794
  585     C   4.0 -0.09490474       0.64939404  0.27522278  2.07109541  0.76516862  0.33402390
  586     N   5.0  0.11484825       0.79382962  0.28910992  2.70018923  0.88255477  0.21946821
  587     C   4.0 -0.02249310       0.61849809  0.26330832  1.99601364  0.71076837  0.43390469
  588     C   4.0 -0.02140992       0.62595570  0.23931891  1.84313387  0.64349991  0.66950154
  589     O   6.0 -0.32765083       1.15713859  0.42764604  3.60575664  1.05139783  0.08571173
  590     C   4.0 -0.09468699       0.63175339  0.28143215  2.09918910  0.77641377  0.30589858
  591     C   4.0 -0.04616888       0.63250554  0.24279493  1.84999281  0.64922145  0.67165415
  592     O   6.0 -0.37893261       1.15943933  0.43984154  3.62739813  1.06654480  0.08570882
  593     N   5.0  0.07514066       0.80484456  0.31068540  2.70761168  0.94329518  0.15842252
  594     N   5.0  0.12288778       0.79687881  0.29008612  2.68804139  0.88450563  0.21760026
  595     C   4.0 -0.00483634       0.61933511  0.26232523  1.99607658  0.69800119  0.42909823
  596     C   4.0 -0.01396409       0.62469631  0.23838054  1.83785081  0.64157173  0.67146470
  597     O   6.0 -0.30751616       1.15689921  0.41994387  3.60156965  1.04150987  0.08759356
  598     C   4.0 -0.07256807       0.62726027  0.27721941  2.09141022  0.77320160  0.30347656
  599     C   4.0 -0.04377747       0.62735456  0.24093612  1.84945548  0.64814110  0.67789022
  600     O   6.0 -0.34308248       1.15677631  0.43706924  3.59653652  1.06746438  0.08523604
  601     N   5.0  0.07265286       0.80272931  0.30572262  2.72042102  0.93866432  0.15980988
  602     N   5.0  0.12292323       0.79334337  0.28863761  2.69362807  0.88318771  0.21828002
  603     C   4.0 -0.00607180       0.61926937  0.26107875  1.98445332  0.71033888  0.43093149
  604     C   4.0 -0.01528078       0.62455940  0.23913440  1.83733881  0.64290980  0.67133838
  605     O   6.0 -0.30954189       1.15800285  0.42205930  3.60213625  1.04204270  0.08530078
  606     C   4.0 -0.09148672       0.62191707  0.26577824  2.07191461  0.73210485  0.39977194
  607     C   4.0 -0.15322237       0.62299091  0.27366278  2.13318408  0.77088036  0.35250426
  608     C   4.0 -0.18549151       0.63778108  0.29105690  2.15902710  0.83290440  0.26472203
  609     C   4.0 -0.19239215       0.63318741  0.28788966  2.16465968  0.83706462  0.26959077
  610     N   5.0  0.11604089       0.79632896  0.28948092  2.69415468  0.88584441  0.21815014
  611     C   4.0 -0.01624694       0.61907744  0.26412097  1.99297285  0.70884256  0.43123312
  612     C   4.0 -0.03262111       0.62659854  0.24063228  1.84662712  0.64551866  0.67324451
  613     O   6.0 -0.32885925       1.15427458  0.43193942  3.60098886  1.05732512  0.08433125
  614     C   4.0 -0.12966577       0.62716246  0.27856219  2.11775786  0.77094899  0.33523427
  615     C   4.0 -0.14944645       0.62756783  0.28160980  2.12549603  0.77363810  0.34113469
  616     C   4.0 -0.15433325       0.63047564  0.28433427  2.13239485  0.77276158  0.33436690
  617     C   4.0 -0.07809847       0.64064574  0.28544942  2.08137310  0.73848760  0.33214261
  618     N   5.0  0.31823512       0.75172096  0.30911192  2.50598282  0.91274419  0.20220498
  619     N   5.0  0.11591070       0.79424244  0.28838560  2.69454342  0.88539633  0.22152150
  620     C   4.0 -0.02768552       0.61788803  0.26303846  2.00056350  0.70899490  0.43720064
  621     C   4.0 -0.02838160       0.62576061  0.23985444  1.84704691  0.64476924  0.67095040
  622     O   6.0 -0.33387871       1.15449190  0.42985350  3.61052358  1.05443427  0.08457546
  623     C   4.0 -0.14025975       0.62454653  0.27588826  2.12873447  0.76730368  0.34378681
  624     C   4.0 -0.14114560       0.62429535  0.27887598  2.12370110  0.77100392  0.34326926
  625     C   4.0 -0.15375942       0.62953973  0.28282827  2.13494956  0.76913287  0.33730899
  626     C   4.0 -0.06627544       0.63622802  0.28180352  2.07861048  0.73417643  0.33545699
  627     N   5.0  0.32729353       0.74861050  0.30625719  2.50198591  0.91127893  0.20457394
  628     N   5.0  0.12490098       0.79259992  0.28834996  2.69610769  0.87702098  0.22102048
  629     C   4.0 -0.01224727       0.61716616  0.26163664  1.99213868  0.70896031  0.43234547
  630     C   4.0 -0.01127382       0.62432122  0.23848808  1.83769757  0.64036134  0.67040562
  631     O   6.0 -0.30033992       1.15484178  0.42114311  3.60019553  1.03793222  0.08622728
  632     C   4.0 -0.09473843       0.61948472  0.27576661  2.06997299  0.77989478  0.34961932
  633     C   4.0 -0.12157220       0.63723946  0.25639766  2.10849130  0.72251461  0.39692916
  634     C   4.0 -0.07137001       0.64788336  0.27043399  2.06606245  0.70755412  0.37943609
  635     C   4.0 -0.08996432       0.63097733  0.25102842  2.06195456  0.71629976  0.42970425
  636     N   5.0  0.10982602       0.78178400  0.29002976  2.65974987  0.89391014  0.26470021
  637     C   4.0 -0.06799617       0.63014692  0.24481557  2.03447336  0.68410261  0.47445771
  638     C   4.0 -0.05495551       0.64508647  0.27731389  2.04737574  0.76149146  0.32368795
  639     C   4.0 -0.07686036       0.64272487  0.27626750  2.07133996  0.76004080  0.32648722
  640     C   4.0 -0.07522761       0.64329672  0.27712718  2.07089460  0.76441737  0.31949175
  641     C   4.0 -0.07641539       0.64089054  0.27483058  2.06753814  0.76325677  0.32989935
  642     N   5.0  0.12065997       0.79683626  0.28847852  2.69251955  0.88338545  0.21812025
  643     C   4.0 -0.00136751       0.61720395  0.26284093  1.98423839  0.70803364  0.42905061
  644     C   4.0 -0.01994605       0.62800252  0.24022193  1.83997804  0.64368954  0.66805401
  645     O   6.0 -0.31946479       1.15570343  0.42680025  3.60202777  1.05043936  0.08449398
  646     C   4.0 -0.11928471       0.62396383  0.27596992  2.10636514  0.77280842  0.34017739
  647     C   4.0 -0.11356181       0.62747735  0.27773899  2.11036885  0.77869014  0.31928648
  648     C   4.0 -0.04472902       0.63229823  0.24346773  1.84809518  0.64979084  0.67107704
  649     O   6.0 -0.35687866       1.15824652  0.43947196  3.60626066  1.06810999  0.08478954
  650     N   5.0  0.06491795       0.80881625  0.31058413  2.70788348  0.94928020  0.15851799
  651     N   5.0  0.10119793       0.79887599  0.29000461  2.70307440  0.88738754  0.21945953
  652     C   4.0 -0.03901734       0.62093294  0.26551718  2.00546557  0.71131136  0.43579030
  653     C   4.0 -0.02749388       0.62654769  0.23865426  1.84749836  0.64223389  0.67255968
  654     O   6.0 -0.33294386       1.15690255  0.42911264  3.60797477  1.05303419  0.08591971
  655     C   4.0 -0.19056951       0.64308566  0.29767293  2.15876901  0.83264452  0.25839739
  656     N   5.0  0.11926407       0.79441911  0.28841752  2.69276112  0.88331193  0.22182625
  657     C   4.0 -0.01376473       0.62042373  0.26152700  1.99360526  0.70713985  0.43106889
  658     C   4.0 -0.02638267       0.62296277  0.23831214  1.84459841  0.64265169  0.67785765
  659     O   6.0 -0.31975105       1.15507662  0.42112169  3.61678088  1.03997496  0.08679690
  660     C   4.0 -0.09355840       0.61946398  0.26393783  2.07681710  0.73067383  0.40266566
  661     C   4.0 -0.17199114       0.62715548  0.27748832  2.14296114  0.77138829  0.35299790
  662     C   4.0 -0.18134755       0.63328511  0.28647700  2.16414398  0.83058080  0.26686066
  663     C   4.0 -0.19786216       0.63426214  0.28975028  2.17183185  0.83305311  0.26896478
  664     N   5.0  0.13110788       0.79441929  0.28748736  2.68509954  0.88195997  0.21992596
  665     C   4.0 -0.00788850       0.62113029  0.26349255  1.98557603  0.70953469  0.42815493
  666     C   4.0 -0.02613697       0.62599587  0.24063674  1.84115624  0.64575502  0.67259309
  667     O   6.0 -0.31605222       1.15347934  0.43069082  3.59507942  1.05321792  0.08358472
  668     C   4.0 -0.10281773       0.62225199  0.27504197  2.08388454  0.78033593  0.34130330
  669     C   4.0 -0.06394533       0.63413525  0.25719693  2.05172420  0.72910734  0.39178162
  670     C   4.0 -0.06426096       0.64602506  0.27481389  2.05413991  0.75676127  0.33252083
  671     C   4.0 -0.04381157       0.63974619  0.27166024  2.05297935  0.74637026  0.33305554
  672     C   4.0 -0.08252624       0.64795327  0.27465650  2.09054130  0.75999098  0.30938419
  673     C   4.0 -0.05828889       0.63866729  0.27320489  2.08712840  0.75069231  0.30859601
  674     C   4.0 -0.00063431       0.62649572  0.24649866  1.92726177  0.69038393  0.50999423
  675     O   6.0 -0.11021578       1.09860587  0.38415074  3.48546660  1.03652129  0.10547128
  676     N   5.0  0.10514376       0.79448068  0.28844866  2.70836455  0.88307074  0.22049161
  677     C   4.0 -0.02602081       0.61706531  0.26235735  1.99947816  0.71027713  0.43684286
  678     C   4.0 -0.02946497       0.62757319  0.24086070  1.84620166  0.64371336  0.67111607
  679     O   6.0 -0.32971701       1.15521383  0.43580350  3.59401083  1.05995846  0.08473039
  680     C   4.0 -0.13795943       0.62692815  0.27776328  2.12777805  0.76711319  0.33837675
  681     C   4.0 -0.14144423       0.61966258  0.27424896  2.13232166  0.76924528  0.34596575
  682     C   4.0 -0.15945399       0.62380558  0.27701390  2.14258516  0.77226949  0.34377987
  683     C   4.0 -0.07725012       0.63934946  0.28473088  2.08257234  0.73175742  0.33884002
  684     N   5.0  0.31937656       0.74980408  0.30549154  2.51067966  0.90959135  0.20505681
  685     N   5.0  0.11256961       0.79590237  0.28973669  2.69496214  0.88719821  0.21963098
  686     C   4.0 -0.02728192       0.61891919  0.26408267  1.99961448  0.70880586  0.43585972
  687     C   4.0 -0.03158662       0.62738383  0.24064769  1.84802586  0.64503354  0.67049571
  688     O   6.0 -0.35424820       1.15755236  0.43612900  3.61696672  1.05844724  0.08515287
  689     C   4.0 -0.12476442       0.62533826  0.27784902  2.11314970  0.77053118  0.33789627
  690     C   4.0 -0.12743566       0.63104284  0.28192633  2.12033397  0.77556713  0.31856539
  691     C   4.0 -0.04005162       0.63369042  0.24533413  1.84434235  0.65130492  0.66537980
  692     O   6.0 -0.37315729       1.16102493  0.44194785  3.61380780  1.07143766  0.08493906
  693     N   5.0  0.06842601       0.80640101  0.31466493  2.71465653  0.94025478  0.15559673
  694     N   5.0  0.12629726       0.79111433  0.28985387  2.69573277  0.87685168  0.22015009
  695     C   4.0 -0.02387358       0.61745948  0.26002362  1.99968529  0.70560762  0.44109757
  696     C   4.0 -0.02194847       0.62329262  0.23787253  1.84693038  0.63841715  0.67543578
  697     O   6.0 -0.31739736       1.15349376  0.42684138  3.61079669  1.04048726  0.08577827
  698     C   4.0 -0.10859830       0.62025911  0.27264494  2.10015219  0.77075049  0.34479157
  699     C   4.0 -0.04968400       0.63153023  0.25410879  2.04087782  0.71798024  0.40518693
  700     C   4.0 -0.05511124       0.64524704  0.27357247  2.06401235  0.75044399  0.32183538
  701     C   4.0 -0.06809495       0.64820355  0.27509603  2.06682479  0.75363488  0.32433569
  702     C   4.0 -0.07503846       0.64656407  0.27647322  2.06602108  0.76151441  0.32446567
  703     C   4.0 -0.08541476       0.64890349  0.27871785  2.06943047  0.76170188  0.32666107
  704     C   4.0 -0.09159471       0.64875978  0.27823281  2.07663852  0.76151894  0.32644466
  705     N   5.0  0.13908473       0.79768884  0.28841195  2.66727042  0.88743013  0.22011393
  706     C   4.0 -0.01774710       0.61869651  0.26264933  1.98473310  0.71503541  0.43663275
  707     C   4.0 -0.00829424       0.62990105  0.23872901  1.83106202  0.64282368  0.66577847
  708     O   6.0 -0.31909863       1.15783381  0.42761731  3.60336614  1.04590747  0.08437390
  709     C   4.0 -0.09839341       0.63057989  0.27896288  2.10642016  0.78274813  0.29968235
  710     C   4.0 -0.00732826       0.62276793  0.24214050  1.73882943  0.65650748  0.74708292
  711     O   6.0 -0.56442317       1.19208610  0.41833675  3.72568405  1.12840623  0.09991005
  712     O   6.0 -0.31897105       1.16971922  0.43392357  3.58820820  1.05070296  0.07641710
  713     N   5.0  0.10477996       0.79751456  0.28917223  2.70029414  0.88804269  0.22019642
  714     C   4.0 -0.02642891       0.62310070  0.26374519  1.99456042  0.71301430  0.43200830
  715     C   4.0 -0.02782763       0.62796551  0.24210276  1.84232098  0.64567642  0.66976196
  716     O   6.0 -0.34331645       1.15698743  0.43657053  3.60467029  1.06051522  0.08457298
  717     C   4.0 -0.12481233       0.62230438  0.26889706  2.09226120  0.73485577  0.40649392
  718     C   4.0 -0.21420795       0.64184362  0.29623902  2.17982489  0.82768819  0.26861224
  719     C   4.0 -0.21758145       0.63966042  0.29378793  2.18471825  0.83159135  0.26782350
  720     N   5.0  0.09906476       0.80006224  0.29122207  2.70317233  0.88681203  0.21966657
  721     C   4.0 -0.02518173       0.62182492  0.26605862  1.99413729  0.71237049  0.43079042
  722     C   4.0 -0.03272213       0.62970674  0.24177881  1.84673208  0.64070027  0.67380424
  723     O   6.0 -0.33794184       1.15696990  0.43518418  3.60462677  1.05554846  0.08561252
  724     C   4.0 -0.10510597       0.63601202  0.28417572  2.10654902  0.77885689  0.29951231
  725     C   4.0 -0.02211662       0.62445420  0.24391726  1.74499285  0.65844540  0.75030691
  726     O   6.0 -0.54072362       1.19369638  0.41721252  3.71047986  1.11652321  0.10281166
  727     O   6.0 -0.39215207       1.17395914  0.44413707  3.61068964  1.08811817  0.07524806
  728     N   5.0  0.11727009       0.79630256  0.28927812  2.69341618  0.88430834  0.21942472
  729     C   4.0 -0.02190074       0.61669767  0.26168430  2.00425726  0.70888413  0.43037738
  730     C   4.0 -0.01857939       0.62511832  0.24069603  1.84065759  0.64110406  0.67100340
  731     O   6.0 -0.34222366       1.15735626  0.43604606  3.60666120  1.05772179  0.08443834
  732     C   4.0 -0.16253466       0.62793124  0.28013620  2.14126861  0.76866521  0.34453340
  733     C   4.0 -0.17025841       0.63069433  0.28139669  2.15183908  0.76455602  0.34177229
  734     C   4.0 -0.08790177       0.62854248  0.27962783  2.05834448  0.73523977  0.38614720
  735     N   5.0  0.07831457       0.79164332  0.29574719  2.73503971  0.89791971  0.20133550
  736     C   4.0 -0.04504278       0.61985308  0.23144978  1.89950883  0.63669686  0.65753423
  737     N   5.0  0.03855667       0.79967153  0.31186169  2.76417476  0.93915799  0.14657736
  738     N   5.0  0.04435668       0.80108660  0.31387559  2.75011331  0.94540736  0.14516046
  739     N   5.0  0.10287388       0.79859918  0.28959760  2.70012611  0.88475472  0.22404851
  740     C   4.0 -0.01630233       0.62056112  0.26651299  1.99667728  0.71084648  0.42170445
  741     C   4.0 -0.04055946       0.62889636  0.24117565  1.85411298  0.64162089  0.67475358
  742     O   6.0 -0.33922168       1.15610075  0.43739969  3.59753215  1.06246474  0.08572435
  743     C   4.0 -0.05262304       0.62806815  0.28274319  1.98477203  0.73717044  0.41986924
  744     O   6.0 -0.26064636       1.13924944  0.38851798  3.54731655  1.07920498  0.10635741
  745     N   5.0  0.10021243       0.79680914  0.29208928  2.71234465  0.87755141  0.22099310
  746     C   4.0 -0.03596763       0.62812561  0.27850410  2.03101045  0.74318282  0.35514465
  747     C   4.0 -0.00146839       0.62550741  0.23811685  1.83439642  0.64034824  0.66309947
  748     O   6.0 -0.26988422       1.15766358  0.41989034  3.57850420  1.02834922  0.08547687
  749     N   5.0  0.10883110       0.79874849  0.28774205  2.69309223  0.88902333  0.22256280
  750     C   4.0  0.01181856       0.61844152  0.26140165  1.98960340  0.70505540  0.41367946
  751     C   4.0  0.03915098       0.61979026  0.23732758  1.80864513  0.64136702  0.65371905
  752     O   6.0 -0.49676897       1.17075825  0.41690806  3.70676005  1.10362116  0.09872147
  753     C   4.0 -0.01923148       0.62841612  0.26473075  1.94927377  0.69817650  0.47863434
  754     O   6.0 -0.22782726       1.11991024  0.39459315  3.56517231  1.05569974  0.09245182
  755     C   4.0 -0.18955797       0.63849670  0.29100958  2.17100114  0.83571807  0.25333250
  756     N   5.0  0.20100157       0.78932458  0.28723061  2.62489688  0.88201988  0.21552648
  757     C   4.0 -0.01640051       0.62087929  0.26044977  1.99812424  0.70429897  0.43264823
  758     C   4.0 -0.01378347       0.62757635  0.23828356  1.83394378  0.64107171  0.67290807
  759     O   6.0 -0.31505721       1.15696836  0.42631522  3.60477388  1.04233652  0.08466324
  760     C   4.0 -0.08539889       0.62058961  0.26463673  2.07110143  0.73251167  0.39655945
  761     C   4.0 -0.14754103       0.62427145  0.27523169  2.13032550  0.77127536  0.34643703
  762     C   4.0 -0.18037645       0.63451111  0.28727895  2.16165382  0.83287688  0.26405570
  763     C   4.0 -0.19842193       0.63570029  0.28790000  2.17530203  0.83065841  0.26886121
  764     N   5.0  0.11957841       0.79134572  0.28628886  2.68829972  0.89169103  0.22279627
  765     C   4.0 -0.06348891       0.62524539  0.27540755  2.04462004  0.74957743  0.36863850
  766     C   4.0 -0.01183530       0.62573516  0.23824652  1.83860523  0.64108528  0.66816311
  767     O   6.0 -0.31046117       1.16062093  0.42378765  3.59995258  1.04060343  0.08549659
  768     N   5.0  0.10964052       0.79620612  0.28944248  2.69270289  0.89042804  0.22157995
  769     C   4.0 -0.02803502       0.62299138  0.26430437  2.00751829  0.70957379  0.42364718
  770     C   4.0 -0.03178503       0.62754810  0.24184589  1.84446603  0.64682016  0.67110485
  771     O   6.0 -0.32294198       1.15367770  0.43416041  3.59509552  1.05610362  0.08390473
  772     C   4.0 -0.07692033       0.63547093  0.28091493  2.00809556  0.72160441  0.43083451
  773     O   6.0 -0.19427859       1.10665536  0.40656525  3.53266847  1.05564925  0.09274026
  774     N   5.0  0.09046827       0.80071515  0.29377204  2.70907676  0.88760605  0.21836172
  775     C   4.0 -0.02979180       0.62557697  0.26606756  2.00339025  0.71333942  0.42141759
  776     C   4.0 -0.03516372       0.62843663  0.24048422  1.84807932  0.64069214  0.67747141
  777     O   6.0 -0.34984555       1.15684080  0.43530414  3.61579144  1.05620110  0.08570807
  778     C   4.0 -0.07614841       0.63884419  0.28475878  2.00600040  0.72411844  0.42242660
  779     O   6.0 -0.21742981       1.11045921  0.40611324  3.55155599  1.05733359  0.09196778
  780     N   5.0  0.11330310       0.79644382  0.28909880  2.70060664  0.87923181  0.22131583
  781     C   4.0 -0.01103057       0.62089056  0.26385233  1.99092400  0.70639721  0.42896648
  782     C   4.0 -0.01414738       0.62712759  0.23898835  1.83678806  0.64176099  0.66948239
  783     O   6.0 -0.31172086       1.15569258  0.43027073  3.58477747  1.05655074  0.08442934
  784     C   4.0 -0.12337907       0.62557715  0.27502397  2.11133128  0.77007689  0.34136978
  785     C   4.0 -0.11140488       0.62900150  0.27880207  2.10934603  0.78311485  0.31114044
  786     C   4.0 -0.00223400       0.61277491  0.24236666  1.73544961  0.66496098  0.74668184
  787     O   6.0 -0.39855831       1.19339788  0.40391812  3.63171434  1.07214558  0.09738239
  788     O   6.0 -0.42696486       1.17729402  0.43058559  3.63485718  1.10082474  0.08340333
  789     N   5.0  0.12074528       0.79828984  0.28954557  2.68112767  0.89198071  0.21831095
  790     C   4.0 -0.01185869       0.61730647  0.26169667  1.98861378  0.71246998  0.43177179
  791     C   4.0  0.00815827       0.62857103  0.24179508  1.81573200  0.64021723  0.66552639
  792     O   6.0 -0.27084542       1.15741193  0.42015710  3.56728554  1.04086936  0.08512149
  793     C   4.0 -0.12445127       0.62657887  0.27365553  2.12121207  0.76267098  0.34033382
  794     C   4.0 -0.12849137       0.61564082  0.26307514  2.10263240  0.73093656  0.41620645
  795     C   4.0 -0.18400680       0.63388938  0.28621891  2.16759133  0.82923099  0.26707618
  796     C   4.0 -0.18240028       0.63359737  0.28650597  2.16906422  0.82356828  0.26966443
  797     N   5.0  0.07331055       0.81675881  0.27741879  2.70525980  0.85812768  0.26912436
  798     C   4.0 -0.02612002       0.62317848  0.26164752  2.00626457  0.70109499  0.43393447
  799     C   4.0 -0.02118565       0.62578136  0.24007641  1.83940536  0.64595081  0.66997172
  800     O   6.0 -0.30759098       1.15658748  0.42678341  3.58916473  1.05054814  0.08450721
  801     C   4.0 -0.13398138       0.62852651  0.27985555  2.13210404  0.75312981  0.34036547
  802     C   4.0 -0.14742456       0.62778676  0.28025141  2.14987719  0.74850994  0.34099926
  803     C   4.0 -0.07418029       0.63004655  0.27841806  2.05720550  0.72613986  0.38237033
  804     N   5.0  0.10304612       0.79537088  0.29345989  2.70215029  0.88784191  0.21813092
  805     C   4.0 -0.06446268       0.62856233  0.27936059  2.04380065  0.74714151  0.36559759
  806     C   4.0 -0.03129360       0.62615347  0.24092872  1.84669781  0.64970891  0.66780469
  807     O   6.0 -0.33202021       1.15855825  0.42760631  3.60837746  1.05197227  0.08550591
  808     N   5.0  0.11875886       0.79772180  0.29001108  2.68776846  0.88654518  0.21919461
  809     C   4.0 -0.03089925       0.61758119  0.26260248  2.00332189  0.71164286  0.43575083
  810     C   4.0 -0.02201235       0.62638789  0.23954581  1.84279966  0.64377974  0.66949925
  811     O   6.0 -0.31718112       1.15472853  0.42871311  3.60293472  1.04663357  0.08417119
  812     C   4.0 -0.16408101       0.63494766  0.28755742  2.14940548  0.83279395  0.25937650
  813     N   5.0  0.12082346       0.79163927  0.28783008  2.69702852  0.88161409  0.22106458
  814     C   4.0 -0.01070692       0.61723942  0.26154929  1.99136269  0.71003695  0.43051857
  815     C   4.0 -0.00236268       0.62457484  0.24024719  1.83174944  0.64346892  0.66232229
  816     O   6.0 -0.29940439       1.15814066  0.42109630  3.60438156  1.03103712  0.08474875
  817     C   4.0 -0.10406505       0.62257046  0.27340537  2.09362078  0.77615742  0.33831102
  818     C   4.0 -0.05028219       0.63542587  0.25479499  2.03556794  0.72324063  0.40125277
  819     C   4.0 -0.06248644       0.64582658  0.27341881  2.06555313  0.75481030  0.32287762
  820     C   4.0 -0.07104614       0.64695400  0.27256033  2.06578690  0.75900659  0.32673832
  821     C   4.0 -0.05783373       0.64349341  0.27580211  2.05697304  0.75722222  0.32434295
  822     C   4.0 -0.07084677       0.64611155  0.27440527  2.05982828  0.76354888  0.32695279
  823     C   4.0 -0.06888022       0.64427727  0.27505583  2.06536531  0.76044472  0.32373708
  824     N   5.0  0.11410389       0.79507989  0.28932628  2.70050234  0.88305989  0.21792772
  825     C   4.0 -0.02267281       0.61891425  0.26356849  1.99434000  0.71388893  0.43196114
  826     C   4.0 -0.03129808       0.62625670  0.24153945  1.84968477  0.64341755  0.67039960
  827     O   6.0 -0.33336954       1.15559351  0.43372273  3.60695386  1.05156282  0.08553661
  828     C   4.0 -0.13738649       0.63084036  0.28119120  2.11820740  0.77599469  0.33115285
  829     C   4.0 -0.14354315       0.63303053  0.27997661  2.13092959  0.78720412  0.31240230
  830     C   4.0 -0.09534930       0.63438267  0.24461205  1.79407442  0.65626410  0.76601607
  831     O   6.0 -0.43251811       1.17239225  0.44619814  3.65013206  1.08242026  0.08137540
  832     O   6.0 -0.45923465       1.17430902  0.44680032  3.67139184  1.08475140  0.08198207
  833     N   5.0  0.10777230       0.79746592  0.28977188  2.70432419  0.88002855  0.22063716
  834     C   4.0 -0.03892690       0.61905867  0.26505858  2.00849491  0.70827135  0.43804339
  835     C   4.0 -0.03635897       0.62876499  0.24147403  1.85171163  0.64248793  0.67192040
  836     O   6.0 -0.34682258       1.15674257  0.43674713  3.60603178  1.06150594  0.08579515
  837     C   4.0 -0.17512933       0.63632536  0.29136336  2.15700591  0.83111176  0.25932295
  838     N   5.0  0.10581621       0.79883885  0.28996146  2.70613754  0.87967500  0.21957094
  839     C   4.0 -0.02388979       0.61952782  0.26393032  1.99718440  0.71210545  0.43114181
  840     C   4.0 -0.02851830       0.63179612  0.24064852  1.84458897  0.64096300  0.67052169
  841     O   6.0 -0.33140681       1.15660214  0.43726343  3.59280765  1.06049323  0.08424036
  842     C   4.0 -0.15659183       0.63596284  0.28865498  2.14465821  0.83368149  0.25363430
  843     N   5.0  0.09848841       0.79503036  0.29284763  2.70282227  0.89112762  0.21968372
  844     C   4.0 -0.06794501       0.62967902  0.27905634  2.04677320  0.74574874  0.36668771
  845     C   4.0 -0.03224511       0.63043278  0.23991294  1.84799773  0.64261204  0.67128962
  846     O   6.0 -0.35444630       1.15897286  0.43834043  3.61145902  1.06053603  0.08513798
  847     N   5.0  0.12863982       0.79560220  0.29001710  2.67821020  0.88693428  0.22059640
  848     C   4.0 -0.02818654       0.62117535  0.26309752  1.99930179  0.70852630  0.43608557
  849     C   4.0 -0.01563735       0.62815893  0.23943081  1.83890283  0.64344509  0.66569968
  850     O   6.0 -0.32319519       1.15213335  0.43184996  3.60480928  1.05047011  0.08393249
  851     C   4.0 -0.11546814       0.62451380  0.27479944  2.09668702  0.77782214  0.34164575
  852     C   4.0 -0.05779384       0.63396239  0.25584915  2.04244322  0.72302137  0.40251770
  853     C   4.0 -0.05735939       0.64566940  0.27334464  2.06076097  0.75500619  0.32257819
  854     C   4.0 -0.07415586       0.64786953  0.27423456  2.07084090  0.75500487  0.32620600
  855     C   4.0 -0.06140341       0.64657551  0.27519703  2.05586469  0.76159219  0.32217398
  856     C   4.0 -0.07286362       0.64927042  0.27650422  2.06060576  0.76271036  0.32377286
  857     C   4.0 -0.06625156       0.64872742  0.27588958  2.06036770  0.75885180  0.32241507
  858     N   5.0  0.12099506       0.79916841  0.29122382  2.67753863  0.89063117  0.22044290
  859     C   4.0 -0.03326903       0.62004781  0.26253432  2.00373816  0.70764439  0.43930435
  860     C   4.0 -0.02457840       0.62962979  0.23837617  1.84473109  0.64203992  0.66980142
  861     O   6.0 -0.35672821       1.15764558  0.43633169  3.61910796  1.05821583  0.08542714
  862     C   4.0 -0.13084397       0.62308878  0.28078803  2.09863311  0.77794090  0.35039315
  863     C   4.0 -0.12383480       0.64675260  0.25529608  2.08416063  0.69169542  0.44593007
  864     N   5.0  0.12835411       0.78826582  0.29121968  2.62713331  0.87938333  0.28564375
  865     C   4.0 -0.13184211       0.65984315  0.28020236  2.09229809  0.72527963  0.37421888
  866     C   4.0 -0.05379863       0.65596336  0.27235517  2.02895850  0.66533387  0.43118773
  867     N   5.0 -0.22163366       0.92424458  0.36215869  2.78132832  0.94012362  0.21377845
  868     N   5.0  0.13192223       0.79520273  0.28982532  2.67739815  0.88703302  0.21861855
  869     C   4.0 -0.02172793       0.61786342  0.26322675  2.00074899  0.70914556  0.43074321
  870     C   4.0 -0.01857119       0.62941206  0.23913942  1.84032667  0.63962853  0.67006452
  871     O   6.0 -0.35007553       1.15709913  0.43451947  3.62131226  1.05144525  0.08569943
  872     C   4.0 -0.13398591       0.62739438  0.27360609  2.12184179  0.76846604  0.34267761
  873     C   4.0 -0.13504579       0.61735618  0.26403096  2.10284096  0.73543039  0.41538730
  874     C   4.0 -0.18446431       0.63590711  0.28782031  2.16127324  0.83371815  0.26574550
  875     C   4.0 -0.20397467       0.63877463  0.28989589  2.17370826  0.83224094  0.26935495
  876     N   5.0  0.11638423       0.79793930  0.29035425  2.68817544  0.89055178  0.21659500
  877     C   4.0 -0.01219423       0.62030739  0.26502058  1.99066085  0.70945406  0.42675136
  878     C   4.0 -0.01094448       0.62639511  0.23988147  1.83253407  0.64348599  0.66864783
  879     O   6.0 -0.31233540       1.15856707  0.42099303  3.60553968  1.04105544  0.08618018
  880     C   4.0 -0.11241794       0.63493079  0.28268519  2.11090875  0.77069665  0.31319656
  881     C   4.0 -0.03347808       0.62601608  0.24092291  1.84518158  0.64795338  0.67340413
  882     O   6.0 -0.34708343       1.16059208  0.41785276  3.64614713  1.03343728  0.08905417
  883     N   5.0  0.07716851       0.80827481  0.31239495  2.70312488  0.94259986  0.15643699
  884     N   5.0  0.09992627       0.80125636  0.29161817  2.69581389  0.89393574  0.21744956
  885     C   4.0 -0.02394533       0.62080085  0.26494694  1.99793458  0.70900893  0.43125403
  886     C   4.0 -0.02903583       0.62324989  0.24014595  1.84153414  0.64607437  0.67803148
  887     O   6.0 -0.29783951       1.15460527  0.42401156  3.58904624  1.04499546  0.08518099
  888     C   4.0 -0.15084132       0.63162249  0.28335875  2.12424403  0.77000266  0.34161338
  889     C   4.0 -0.15380996       0.63704199  0.28615499  2.13329309  0.78219460  0.31512530
  890     C   4.0 -0.09745270       0.63547409  0.24611154  1.79407829  0.65940662  0.76238216
  891     O   6.0 -0.45776062       1.17425513  0.44642231  3.67295778  1.08254477  0.08158063
  892     O   6.0 -0.42051739       1.17381203  0.44273430  3.64557016  1.07728150  0.08111940
  893     N   5.0  0.10743411       0.79590899  0.29003480  2.70171642  0.88349405  0.22141163
  894     C   4.0 -0.03155145       0.61942661  0.26266110  2.00002182  0.71130683  0.43813510
  895     C   4.0 -0.03048021       0.62605423  0.24059458  1.84775949  0.64467804  0.67139387
  896     O   6.0 -0.31738432       1.15388048  0.43020514  3.59641063  1.05246302  0.08442505
  897     C   4.0 -0.12169762       0.62133837  0.27937010  2.09358090  0.77442741  0.35298083
  898     C   4.0 -0.11486918       0.64546996  0.25398415  2.08045548  0.68909986  0.44585972
  899     N   5.0  0.13543706       0.78818011  0.29116806  2.62231737  0.87892026  0.28397713
  900     C   4.0 -0.13909345       0.66418046  0.27971849  2.09333980  0.72668254  0.37517216
  901     C   4.0 -0.05372056       0.65778518  0.27276918  2.02823150  0.66468126  0.43025345
  902     N   5.0 -0.23121587       0.92631161  0.36286479  2.78524077  0.94244957  0.21434912
  903     N   5.0  0.11418852       0.79515898  0.28902090  2.69976413  0.88260463  0.21926284
  904     C   4.0 -0.01402853       0.61863178  0.26278251  1.99285835  0.70950755  0.43024834
  905     C   4.0 -0.01311821       0.62468100  0.23846066  1.83719516  0.64208670  0.67069469
  906     O   6.0 -0.29868470       1.15486574  0.42014775  3.60104036  1.03625977  0.08637108
  907     C   4.0 -0.12431509       0.62794042  0.27472758  2.11492991  0.77483505  0.33188213
  908     C   4.0 -0.13110802       0.62093717  0.26871610  2.09739965  0.73650403  0.40755107
  909     C   4.0 -0.21360355       0.64404589  0.29635561  2.17737836  0.83017808  0.26564562
  910     C   4.0 -0.22312080       0.64058048  0.29316998  2.18578118  0.82991986  0.27366931
  911     N   5.0  0.11622739       0.79787135  0.29061511  2.69322622  0.88646498  0.21559495
  912     C   4.0 -0.00687852       0.62163121  0.26412314  1.98322648  0.71183389  0.42606380
  913     C   4.0 -0.00957692       0.62651098  0.23931834  1.83416426  0.64245346  0.66712988
  914     O   6.0 -0.30132126       1.15811753  0.42208502  3.59197426  1.04377070  0.08537375
  915     C   4.0 -0.11281138       0.62729555  0.27840021  2.08827382  0.77956864  0.33927315
  916     C   4.0 -0.07551030       0.63826388  0.25779203  2.05274653  0.73224981  0.39445805
  917     C   4.0 -0.05132993       0.64798647  0.27487144  2.04763055  0.75561535  0.32522612
  918     C   4.0 -0.08206885       0.64939529  0.27630934  2.06007266  0.76176192  0.33452964
  919     C   4.0 -0.05331380       0.64478111  0.27627146  2.07400143  0.75459340  0.30366639
  920     C   4.0 -0.09057575       0.64923990  0.27739391  2.09561664  0.75832723  0.30999808
  921     C   4.0 -0.00753079       0.62777495  0.24874733  1.93215036  0.69191018  0.50694796
  922     O   6.0 -0.11768772       1.10128272  0.38959610  3.47153080  1.05211100  0.10316710
  923     N   5.0  0.10239568       0.79824638  0.29025665  2.70426416  0.88500035  0.21983678
  924     C   4.0 -0.02361645       0.62269682  0.26562440  2.00294286  0.70994249  0.42240988
  925     C   4.0 -0.02425329       0.62285852  0.23830856  1.84383792  0.64311340  0.67613488
  926     O   6.0 -0.31271877       1.15480876  0.42617387  3.59704351  1.04872385  0.08596878
  927     C   4.0 -0.06225881       0.63624936  0.28186610  2.00133747  0.72622897  0.41657691
  928     O   6.0 -0.21158208       1.10716283  0.40561444  3.55113244  1.05632749  0.09134488
  929     N   5.0  0.11724717       0.79621214  0.28801107  2.69328630  0.88342965  0.22181367
  930     C   4.0 -0.01903275       0.61993593  0.26467678  1.99482244  0.70986672  0.42973088
  931     C   4.0 -0.03252484       0.62892860  0.24135269  1.83988050  0.65114394  0.67121911
  932     O   6.0 -0.32395784       1.15684152  0.42835689  3.60029018  1.05345157  0.08501769
  933     C   4.0 -0.14980451       0.62907344  0.27737200  2.12344819  0.77948399  0.34042688
  934     C   4.0 -0.27047759       0.65573251  0.30294383  2.05489117  0.87475124  0.38215885
  935     S   6.0  0.28610641       1.07552910  0.41601887  3.11461955  0.89810821  0.20961785
  936     C   4.0 -0.31938760       0.66711688  0.31795314  2.09068912  0.94154239  0.30208607
  937     N   5.0  0.11309907       0.79585606  0.28906220  2.69572723  0.88653937  0.21971607
  938     C   4.0 -0.01103652       0.62092090  0.26164865  1.99008274  0.70863345  0.42975077
  939     C   4.0 -0.00188887       0.62400568  0.23896718  1.82646716  0.64222069  0.67022817
  940     O   6.0 -0.29315524       1.15800357  0.41247919  3.59649956  1.03624555  0.08992736
  941     C   4.0 -0.09855504       0.61823642  0.26290852  2.07873791  0.73183656  0.40683563
  942     C   4.0 -0.16029142       0.62453580  0.27422553  2.13732618  0.77106246  0.35314145
  943     C   4.0 -0.17731476       0.63179308  0.28587088  2.16131419  0.83150432  0.26683230
  944     C   4.0 -0.20037947       0.63477391  0.28976625  2.17393315  0.83044928  0.27145688
  945     N   5.0  0.12431764       0.79394835  0.28886524  2.69080418  0.88478604  0.21727854
  946     C   4.0 -0.00708908       0.62230968  0.26284218  1.98853779  0.70745535  0.42594407
  947     C   4.0 -0.02423289       0.62546211  0.24078263  1.84137845  0.64433785  0.67227185
  948     O   6.0 -0.30801296       1.15667820  0.42630956  3.59948325  1.04085457  0.08468737
  949     C   4.0 -0.10350905       0.62179589  0.26628661  2.07834834  0.73411639  0.40296181
  950     C   4.0 -0.16798407       0.62456781  0.27558136  2.14315152  0.76801752  0.35666586
  951     C   4.0 -0.19758346       0.63832283  0.29231808  2.17254871  0.82792053  0.26647331
  952     C   4.0 -0.20237808       0.63410032  0.28715354  2.18625796  0.82142720  0.27343906
  953     N   5.0  0.10651842       0.79546726  0.28914380  2.70433694  0.88478413  0.21974945
  954     C   4.0 -0.02648403       0.61837524  0.26367828  2.00044197  0.71043617  0.43355238
  955     C   4.0 -0.03442473       0.62811065  0.24061680  1.84910548  0.64179334  0.67479847
  956     O   6.0 -0.34012209       1.15619779  0.43733236  3.60124516  1.05958664  0.08576013
  957     C   4.0 -0.13569387       0.62973988  0.27932137  2.12277687  0.77257222  0.33128354
  958     C   4.0 -0.16377402       0.63402027  0.28386471  2.14051521  0.77251032  0.33286352
  959     C   4.0 -0.10099003       0.63196266  0.28316471  2.05741334  0.73743416  0.39101516
  960     N   5.0  0.06219818       0.79158044  0.29651088  2.74685282  0.89881447  0.20404323
  961     C   4.0 -0.04452638       0.61565989  0.23147874  1.89779323  0.64092065  0.65867387
  962     N   5.0  0.05162618       0.79689258  0.31224820  2.75623858  0.93907714  0.14391732
  963     N   5.0  0.05976428       0.79675174  0.31089175  2.74620348  0.94090119  0.14548756
  964     N   5.0  0.11729628       0.79676348  0.29097718  2.68457121  0.89151242  0.21887943
  965     C   4.0 -0.03082375       0.62033886  0.26398551  2.00133693  0.71124741  0.43391503
  966     C   4.0 -0.02069995       0.62558579  0.23977925  1.84181201  0.63999125  0.67353164
  967     O   6.0 -0.31996420       1.15559721  0.42629826  3.61581707  1.03479993  0.08745172
  968     C   4.0 -0.12857913       0.62765270  0.27833620  2.11399317  0.77124572  0.33735134
  969     C   4.0 -0.15047435       0.62804794  0.27910790  2.13324088  0.77420658  0.33587105
  970     C   4.0 -0.10379305       0.62957245  0.28085911  2.05926275  0.74072443  0.39337431
  971     N   5.0  0.06495012       0.79192126  0.29704052  2.74307960  0.90034378  0.20266473
  972     C   4.0 -0.04812070       0.61690223  0.23046805  1.90301907  0.63613692  0.66159443
  973     N   5.0  0.06941362       0.79114670  0.30828664  2.74990046  0.93478668  0.14646591
  974     N   5.0  0.05705342       0.79757899  0.31212592  2.74442345  0.94352400  0.14529422
  975     N   5.0  0.13473147       0.79189193  0.29035062  2.68508536  0.87946135  0.21847927
  976     C   4.0 -0.01337818       0.62209457  0.26309317  1.98961556  0.70888142  0.42969345
  977     C   4.0 -0.01948228       0.62582153  0.23880380  1.83772433  0.64188313  0.67524949
  978     O   6.0 -0.31615644       1.15354097  0.42969042  3.60314250  1.04622415  0.08355841
  979     C   4.0 -0.11098522       0.62356490  0.27469572  2.09187615  0.77591379  0.34493466
  980     C   4.0 -0.07774656       0.63510269  0.25770062  2.06085783  0.72975424  0.39433117
  981     C   4.0 -0.06596255       0.64483023  0.27514485  2.05616701  0.75748269  0.33233778
  982     C   4.0 -0.05196252       0.64628583  0.27607876  2.04700643  0.75471488  0.32787662
  983     C   4.0 -0.07402183       0.64824778  0.27811730  2.08392930  0.75997439  0.30375306
  984     C   4.0 -0.07477724       0.64767677  0.27638316  2.08787221  0.75643937  0.30640573
  985     C   4.0  0.00339203       0.63234562  0.24912699  1.92096967  0.69416791  0.49999779
  986     O   6.0 -0.13306352       1.10700095  0.39358947  3.47187167  1.05931050  0.10129093
  987     N   5.0  0.11354087       0.79675180  0.29029432  2.69064283  0.88884759  0.21992259
  988     C   4.0 -0.02320487       0.61905795  0.26216578  2.00924629  0.70967691  0.42305794
  989     C   4.0 -0.02018461       0.62743330  0.23902600  1.84329069  0.63648345  0.67395118
  990     O   6.0 -0.34844396       1.15667129  0.43600526  3.61394489  1.05570525  0.08611727
  991     C   4.0 -0.06392474       0.62932503  0.27642655  2.00019920  0.72854547  0.42942848
  992     O   6.0 -0.16650695       1.10311699  0.39405733  3.53806233  1.03943670  0.09183359
  993     N   5.0  0.11351463       0.79347849  0.28663042  2.70535904  0.88196045  0.21905697
  994     C   4.0 -0.02883577       0.61954516  0.26504421  2.00042796  0.71115588  0.43266255
  995     C   4.0 -0.00400446       0.62748092  0.24216557  1.82903218  0.64100891  0.66431687
  996     O   6.0 -0.31569855       1.16488230  0.42361200  3.59875190  1.04142538  0.08702697
  997     C   4.0 -0.12412132       0.63608670  0.28281224  2.12112117  0.77578239  0.30831882
  998     C   4.0 -0.07113919       0.62466979  0.24074459  1.78869790  0.64906873  0.76795818
  999     O   6.0 -0.41611709       1.16953599  0.44441852  3.64456964  1.07717490  0.08041804
 1000     O   6.0 -0.39108390       1.17505193  0.41395682  3.68209457  1.03004849  0.08993208
 1001     N   5.0  0.09679372       0.79889911  0.29069445  2.70775497  0.88653329  0.21932446
 1002     C   4.0 -0.03674210       0.61947769  0.26418346  2.00840241  0.70824315  0.43643539
 1003     C   4.0 -0.04112899       0.62559241  0.24034315  1.85535628  0.64247681  0.67736033
 1004     O   6.0 -0.34309807       1.15728414  0.43792906  3.60284078  1.05992943  0.08511465
 1005     C   4.0 -0.14878916       0.62830776  0.28139797  2.12759763  0.76714852  0.34433728
 1006     C   4.0 -0.16348086       0.63484848  0.28363460  2.14987445  0.77233097  0.32279237
 1007     C   4.0 -0.09972633       0.63589287  0.24264476  1.80325836  0.64951213  0.76841822
 1008     O   6.0 -0.43912349       1.17348623  0.44616607  3.66291440  1.07499152  0.08156527
 1009     O   6.0 -0.45751872       1.17658210  0.45102826  3.65773475  1.09054467  0.08162894
 1010     N   5.0  0.10079235       0.79517537  0.29429179  2.70685679  0.88389251  0.21899119
 1011     C   4.0 -0.06968191       0.63026977  0.28002226  2.04965568  0.74397250  0.36576171
 1012     C   4.0 -0.04123650       0.63028210  0.24099001  1.85458136  0.64271057  0.67267247
 1013     O   6.0 -0.34682282       1.15883672  0.43997866  3.59729099  1.06593788  0.08477857
 1014     N   5.0  0.10418237       0.79476380  0.29304415  2.70685691  0.88279495  0.21835782
 1015     C   4.0 -0.04991131       0.62964481  0.27937615  2.03666967  0.74592520  0.35829547
 1016     C   4.0 -0.02716669       0.62801433  0.24074286  1.84409338  0.64598997  0.66832615
 1017     O   6.0 -0.32619331       1.15613163  0.43453726  3.59435010  1.05769688  0.08347744
 1018     N   5.0  0.11208122       0.79629833  0.28839469  2.70076311  0.88314411  0.21931855
 1019     C   4.0 -0.01229666       0.61821598  0.26297182  1.98874491  0.71083176  0.43153219
 1020     C   4.0  0.02036019       0.62513423  0.23779081  1.82393795  0.63768300  0.65509381
 1021     O   6.0 -0.30165903       1.16277981  0.41024509  3.60970104  1.02664733  0.09228577
 1022     C   4.0 -0.09962672       0.63196009  0.28006276  2.10314924  0.77283286  0.31162177
 1023     C   4.0 -0.04630452       0.63277316  0.24333729  1.84897441  0.64949718  0.67172249
 1024     O   6.0 -0.37269958       1.15927804  0.43976152  3.61833310  1.07010096  0.08522596
 1025     N   5.0  0.06518476       0.80838746  0.31201786  2.71050310  0.94542825  0.15847857
 1026     N   5.0  0.16674841       0.79510283  0.28917715  2.64422190  0.88906738  0.21568233
 1027     C   4.0 -0.01277652       0.61880410  0.26201597  1.99610084  0.70770335  0.42815226
 1028     C   4.0 -0.00953703       0.62557966  0.23785941  1.83782417  0.63945654  0.66881726
 1029     O   6.0 -0.32235782       1.15427721  0.42322418  3.61675656  1.04158610  0.08651377
 1030     C   4.0 -0.14275053       0.62774217  0.27564532  2.11603659  0.77714075  0.34618570
 1031     C   4.0 -0.26243402       0.64613426  0.29520518  2.05465519  0.87753576  0.38890364
 1032     S   6.0  0.33441232       1.06881070  0.40583605  3.08793259  0.88651563  0.21649271
 1033     C   4.0 -0.29850299       0.66169840  0.31132114  2.08858615  0.93550318  0.30139411
 1034     N   5.0  0.12629358       0.79446810  0.28793997  2.69058722  0.88248327  0.21822786
 1035     C   4.0 -0.01163533       0.61713821  0.26219916  1.99191475  0.71163709  0.42874611
 1036     C   4.0 -0.01948252       0.62539142  0.23975340  1.83572859  0.64694971  0.67165941
 1037     O   6.0 -0.31889173       1.15722156  0.42292094  3.60861266  1.04462868  0.08550789
 1038     C   4.0 -0.07096558       0.62625360  0.27705789  2.09114814  0.78012449  0.29638147
 1039     C   4.0  0.00421684       0.61144090  0.23961674  1.73721206  0.65614304  0.75137042
 1040     O   6.0 -0.38148055       1.17347252  0.42172995  3.63432503  1.07204685  0.07990620
 1041     O   6.0 -0.49653545       1.18378723  0.41779622  3.67924619  1.11101130  0.10469452
 1042     N   5.0  0.13059117       0.79162979  0.28859612  2.67942625  0.89022258  0.21953409
 1043     C   4.0 -0.01322859       0.61895376  0.26171178  1.98666006  0.71264064  0.43326234
 1044     C   4.0 -0.00851037       0.62500739  0.23951975  1.83334905  0.64233880  0.66829538
 1045     O   6.0 -0.29324565       1.15539384  0.42034441  3.59216774  1.03975689  0.08558277
 1046     C   4.0 -0.10955358       0.62040347  0.27316469  2.09362435  0.77630016  0.34606091
 1047     C   4.0 -0.04670189       0.63218486  0.25532535  2.03581059  0.72344327  0.39993782
 1048     C   4.0 -0.05594210       0.64557612  0.27473485  2.05958080  0.75607392  0.31997640
 1049     C   4.0 -0.06671698       0.64637315  0.27311423  2.06222707  0.76010175  0.32490077
 1050     C   4.0 -0.05895843       0.64456207  0.27652273  2.05467433  0.76338798  0.31981134
 1051     C   4.0 -0.06929709       0.64501929  0.27593783  2.06224120  0.76218610  0.32391268
 1052     C   4.0 -0.06634338       0.64517701  0.27699536  2.06242770  0.76134610  0.32039721
 1053     N   5.0  0.11085831       0.79967541  0.29066125  2.69478512  0.88788414  0.21613578
 1054     C   4.0  0.01084905       0.61719781  0.26264775  1.96793652  0.71026289  0.43110598
 1055     C   4.0 -0.00634608       0.62475359  0.23854557  1.83476710  0.64092459  0.66735522
 1056     O   6.0 -0.27761621       1.15619886  0.42013249  3.57765102  1.03790861  0.08572522
 1057     C   4.0 -0.06541233       0.62564635  0.27734593  2.08149314  0.78489587  0.29603104
 1058     C   4.0 -0.00366095       0.61262590  0.24187425  1.74605832  0.65902708  0.74407541
 1059     O   6.0 -0.40488411       1.18320274  0.41308704  3.64651561  1.06972975  0.09234897
 1060     O   6.0 -0.41608814       1.17459512  0.42603713  3.63525712  1.09440750  0.08579127
 1061     N   5.0  0.11523002       0.79557061  0.28981093  2.69568861  0.88347581  0.22022402
 1062     C   4.0 -0.00750999       0.61767960  0.26280245  1.98766398  0.71035686  0.42900710
 1063     C   4.0 -0.01308896       0.62576765  0.23928274  1.83609647  0.64399810  0.66794400
 1064     O   6.0 -0.30622566       1.15700662  0.42546892  3.58810318  1.05042303  0.08522391
 1065     C   4.0 -0.06475718       0.62580645  0.27639979  2.08129364  0.77995178  0.30130551
 1066     C   4.0 -0.00595005       0.62401545  0.24257125  1.81528890  0.65674199  0.66733246
 1067     O   6.0 -0.32148824       1.15848434  0.43738651  3.57669520  1.06765762  0.08126456
 1068     N   5.0  0.11532693       0.78307068  0.30144194  2.65294296  0.97371811  0.17349939
 1069     N   5.0  0.12381820       0.79299796  0.28772435  2.68843561  0.88518816  0.22183572
 1070     C   4.0 -0.01265528       0.62075639  0.26371720  1.98390359  0.71318115  0.43109694
 1071     C   4.0 -0.01314608       0.62949353  0.24211146  1.83358687  0.64670579  0.66124842
 1072     O   6.0 -0.31600513       1.15663791  0.42977712  3.58878398  1.05720299  0.08360313
 1073     C   4.0 -0.10579712       0.61853009  0.27287233  2.09160876  0.78068987  0.34209606
 1074     C   4.0 -0.04301485       0.63187349  0.25655866  2.03444219  0.72244737  0.39769315
 1075     C   4.0 -0.05145600       0.64468437  0.27503464  2.05756670  0.75256063  0.32160965
 1076     C   4.0 -0.06543182       0.64628249  0.27395856  2.06248009  0.75912729  0.32358338
 1077     C   4.0 -0.06196816       0.64405531  0.27690831  2.06086105  0.75996737  0.32017612
 1078     C   4.0 -0.06898840       0.64701957  0.27607462  2.05667394  0.76676083  0.32245945
 1079     C   4.0 -0.07144806       0.64800793  0.27700794  2.05941975  0.76516570  0.32184674
 1080     N   5.0  0.12546120       0.79203397  0.28915560  2.68545163  0.88853300  0.21936461
 1081     C   4.0 -0.01077142       0.62208354  0.26214764  1.98793197  0.71006732  0.42854096
 1082     C   4.0 -0.01646467       0.62531668  0.23945135  1.83829606  0.64386603  0.66953456
 1083     O   6.0 -0.31498047       1.15820658  0.42040569  3.60998952  1.04014450  0.08623418
 1084     C   4.0 -0.08895580       0.62027574  0.26403916  2.06953335  0.73429137  0.40081619
 1085     C   4.0 -0.15266569       0.62372136  0.27354273  2.13081497  0.77607758  0.34850905
 1086     C   4.0 -0.17673625       0.63290179  0.28665751  2.15694612  0.83470470  0.26552613
 1087     C   4.0 -0.18762657       0.63232023  0.28678516  2.16697043  0.83489832  0.26665244
 1088     N   5.0  0.11984381       0.79497439  0.29045802  2.69218218  0.88475403  0.21778757
 1089     C   4.0 -0.01842349       0.62212104  0.26385140  1.99462390  0.71593830  0.42188885
 1090     C   4.0 -0.01798454       0.62958014  0.24102278  1.83783686  0.64432833  0.66521643
 1091     O   6.0 -0.32527654       1.15730751  0.43014893  3.59668005  1.05695966  0.08418040
 1092     C   4.0 -0.05457051       0.62903118  0.27784887  1.99047035  0.73235151  0.42486860
 1093     O   6.0 -0.18479991       1.09831488  0.39673194  3.54925674  1.04695898  0.09353736
 1094     N   5.0  0.12361101       0.79598182  0.28920025  2.68512207  0.88795245  0.21813240
 1095     C   4.0 -0.03278039       0.62141228  0.26397011  1.99188256  0.72121952  0.43429592
 1096     C   4.0 -0.02610932       0.62528867  0.23817934  1.84188694  0.64471059  0.67604379
 1097     O   6.0 -0.30733829       1.15702081  0.41674623  3.60628641  1.03790334  0.08938150
 1098     C   4.0 -0.22375106       0.65154147  0.30022919  2.01274186  0.89232320  0.36691534
 1099     S   6.0  0.16951152       1.09029257  0.43091252  3.17198694  0.98999658  0.14729986
 1100     N   5.0  0.12797837       0.79455614  0.28980702  2.68642336  0.88554913  0.21568598
 1101     C   4.0 -0.00434110       0.61915445  0.26298410  1.98428881  0.71069729  0.42721644
 1102     C   4.0 -0.00685596       0.62416703  0.23911515  1.83362401  0.64186746  0.66808232
 1103     O   6.0 -0.30348318       1.15700328  0.41765478  3.59992623  1.04029542  0.08860346
 1104     C   4.0 -0.11476289       0.62747407  0.27517781  2.10510004  0.77648628  0.33052470
 1105     C   4.0 -0.12511542       0.61817098  0.26473862  2.09808528  0.73480992  0.40931062
 1106     C   4.0 -0.18265797       0.63588947  0.28847292  2.15698951  0.83846554  0.26284052
 1107     C   4.0 -0.19509364       0.63403440  0.28644189  2.17213786  0.83065984  0.27181966
 1108     N   5.0  0.12890658       0.79436135  0.28890929  2.68570143  0.88371930  0.21840206
 1109     C   4.0 -0.00518129       0.62199062  0.26319498  1.98685390  0.70897967  0.42416213
 1110     C   4.0 -0.03756414       0.62409317  0.23897311  1.84728074  0.64559466  0.68162245
 1111     O   6.0 -0.31482677       1.15199256  0.42814076  3.59827566  1.05109113  0.08532666
 1112     C   4.0 -0.09473050       0.62040222  0.26587296  2.07478029  0.73528735  0.39838769
 1113     C   4.0 -0.17826933       0.63333076  0.28796339  2.15570986  0.83596823  0.26529709
 1114     C   4.0 -0.18082435       0.63171905  0.28684068  2.16217995  0.83369437  0.26639031
 1115     N   5.0  0.11823364       0.79323971  0.28786194  2.69608361  0.88411799  0.22046311
 1116     C   4.0 -0.01352152       0.61556208  0.26126540  1.99235046  0.70760681  0.43673677
 1117     C   4.0 -0.01214887       0.62478220  0.23818167  1.83962542  0.64035198  0.66920760
 1118     O   6.0 -0.31795656       1.15852106  0.42092222  3.60858881  1.04323661  0.08668786
 1119     C   4.0 -0.12675630       0.61891037  0.27234218  2.12164384  0.76570402  0.34815589
 1120     C   4.0 -0.14568352       0.62341511  0.27520844  2.14365929  0.75866261  0.34473806
 1121     C   4.0 -0.08995889       0.62028742  0.27498093  2.05774075  0.73793431  0.39901549
 1122     N   5.0  0.07084874       0.78982919  0.29438069  2.74206913  0.89616597  0.20670628
 1123     C   4.0 -0.04170050       0.61591506  0.22970231  1.90028226  0.63423127  0.66156960
 1124     N   5.0  0.07440687       0.79182702  0.30190915  2.76840937  0.91644526  0.14700233
 1125     N   5.0  0.05508258       0.79594648  0.30971760  2.75125760  0.94179139  0.14620436
 1126     N   5.0  0.13282742       0.79198903  0.28647003  2.68720102  0.88060102  0.22091149
 1127     C   4.0 -0.01695570       0.61823946  0.26318085  1.99338096  0.70927612  0.43287830
 1128     C   4.0 -0.01219056       0.62812024  0.24092239  1.83649409  0.64468385  0.66196998
 1129     O   6.0 -0.33151422       1.15902400  0.42601773  3.61168349  1.04972026  0.08506874
 1130     C   4.0 -0.12627202       0.62347543  0.27264252  2.11896926  0.76875502  0.34242978
 1131     C   4.0 -0.13557074       0.61278594  0.26161745  2.10586840  0.73250060  0.42279836
 1132     C   4.0 -0.20612756       0.63902056  0.29131952  2.17224228  0.83272505  0.27082015
 1133     C   4.0 -0.18258462       0.63157594  0.28500271  2.16553003  0.82966177  0.27081418
 1134     N   5.0  0.13110659       0.79315972  0.28859049  2.68742388  0.88153285  0.21818646
 1135     C   4.0 -0.00906043       0.61830282  0.26332170  1.98361057  0.70894031  0.43488503
 1136     C   4.0 -0.02554110       0.62510431  0.23951489  1.84246051  0.64395380  0.67450760
 1137     O   6.0 -0.32294979       1.15378201  0.42433298  3.60968614  1.04838482  0.08676385
 1138     C   4.0 -0.10429783       0.63027632  0.27841118  2.10676342  0.78182825  0.30701865
 1139     C   4.0 -0.07626197       0.62731403  0.24236527  1.79183269  0.65249938  0.76225060
 1140     O   6.0 -0.44038534       1.17008591  0.44434410  3.66174531  1.08222169  0.08198833
 1141     O   6.0 -0.36408869       1.16828644  0.42847204  3.63938367  1.04356515  0.08438138
 1142     N   5.0  0.11908204       0.79576766  0.28934059  2.69215757  0.88538375  0.21826839
 1143     C   4.0 -0.02808139       0.61700732  0.26308224  2.00122482  0.71169122  0.43507581
 1144     C   4.0 -0.01843274       0.62495756  0.23901568  1.84289068  0.64154655  0.67002226
 1145     O   6.0 -0.32569597       1.15706170  0.42587206  3.60717905  1.04940268  0.08618049
 1146     C   4.0 -0.16450344       0.63348573  0.28922245  2.14925766  0.83715856  0.25537903
 1147     N   5.0  0.11737115       0.79348207  0.28854087  2.70313048  0.87879938  0.21867605
 1148     C   4.0 -0.03357524       0.61964899  0.26294032  1.99890399  0.71554618  0.43653576
 1149     C   4.0 -0.02323557       0.62705767  0.23990810  1.84398639  0.64198364  0.67029976
 1150     O   6.0 -0.33246070       1.15507638  0.43088788  3.60503972  1.05590007  0.08555665
 1151     C   4.0 -0.14494143       0.63057452  0.28024361  2.11556160  0.77978012  0.33878158
 1152     C   4.0 -0.25643599       0.65451014  0.29987359  2.05490464  0.86868489  0.37846273
 1153     S   6.0  0.28025281       1.07097292  0.41258910  3.11985451  0.89516547  0.22116519
 1154     C   4.0 -0.32651708       0.66230756  0.31339547  2.09930027  0.93846607  0.31304771
 1155     N   5.0  0.11844293       0.79607809  0.28870451  2.69291389  0.88362113  0.22023945
 1156     C   4.0 -0.01154184       0.62316602  0.26524553  1.98859066  0.70913483  0.42540479
 1157     C   4.0 -0.01411989       0.62877554  0.23976237  1.83730859  0.64280812  0.66546527
 1158     O   6.0 -0.33084046       1.15684235  0.42521375  3.61172879  1.05047399  0.08658158
 1159     C   4.0 -0.10270825       0.62537068  0.27671474  2.09191060  0.77751897  0.33119326
 1160     C   4.0 -0.05041323       0.63874143  0.25744376  2.03164756  0.72576250  0.39681798
 1161     C   4.0 -0.08428792       0.65286046  0.27641588  2.07322633  0.75658186  0.32520338
 1162     C   4.0 -0.05029677       0.64835751  0.27487358  2.05282807  0.75625327  0.31798433
 1163     C   4.0 -0.09580672       0.65513206  0.27939266  2.07055330  0.76423867  0.32649003
 1164     C   4.0 -0.05994293       0.64910132  0.27733096  2.05195653  0.76282203  0.31873208
 1165     C   4.0 -0.08719072       0.65429497  0.27883330  2.06551003  0.76541314  0.32313928
 1166     N   5.0  0.11988253       0.79673153  0.29034758  2.69151300  0.88627502  0.21525033
 1167     C   4.0 -0.02007886       0.62015450  0.26411057  1.99202281  0.71204357  0.43174741
 1168     C   4.0 -0.02337850       0.62354839  0.23795287  1.84412104  0.64125746  0.67649873
 1169     O   6.0 -0.32299954       1.15586197  0.42353809  3.60769296  1.04793915  0.08796737
 1170     C   4.0 -0.13437239       0.62881804  0.27940750  2.11829531  0.77357303  0.33427852
 1171     C   4.0 -0.14843917       0.63288075  0.28279161  2.12941772  0.77396047  0.32938862
 1172     C   4.0 -0.08819321       0.63016224  0.28109118  2.04790950  0.73862354  0.39040675
 1173     N   5.0  0.08261209       0.78504014  0.29239282  2.74148148  0.89595088  0.20252258
 1174     C   4.0 -0.03500935       0.61458755  0.23080164  1.89431065  0.63888276  0.65642676
 1175     N   5.0  0.04307662       0.79783726  0.31026775  2.75824928  0.94452655  0.14604254
 1176     N   5.0  0.08052042       0.79079324  0.30753025  2.73574007  0.94250998  0.14290604
 1177     N   5.0  0.11906940       0.79490960  0.28891769  2.69395572  0.88192490  0.22122270
 1178     C   4.0 -0.03630794       0.61959815  0.26533011  2.00609815  0.71040615  0.43487538
 1179     C   4.0 -0.02533734       0.62709868  0.23975267  1.84544575  0.64344661  0.66959363
 1180     O   6.0 -0.33134419       1.15472019  0.43015438  3.61033690  1.05156237  0.08457036
 1181     C   4.0 -0.17594354       0.64156866  0.29506454  2.15083653  0.83416474  0.25430907
 1182     N   5.0  0.11838186       0.79590333  0.28934637  2.69229448  0.88448080  0.21959316
 1183     C   4.0 -0.02290230       0.62019616  0.26307157  1.99401295  0.70818317  0.43743845
 1184     C   4.0 -0.02635872       0.62528294  0.23983335  1.84639752  0.64363621  0.67120869
 1185     O   6.0 -0.32217778       1.15452933  0.42873356  3.60591674  1.04839122  0.08460693
 1186     C   4.0 -0.11226977       0.62274939  0.27683815  2.09919137  0.77142352  0.34206734
 1187     C   4.0 -0.04754152       0.63481402  0.25642100  2.03179115  0.72414485  0.40037050
 1188     C   4.0 -0.06953925       0.64913285  0.27625895  2.06747806  0.75350547  0.32316393
 1189     C   4.0 -0.06626203       0.65112585  0.27641958  2.06268525  0.75483078  0.32120057
 1190     C   4.0 -0.08479684       0.64903867  0.27868828  2.07191730  0.75993119  0.32522140
 1191     C   4.0 -0.08100843       0.65088987  0.27804542  2.06554693  0.76231903  0.32420719
 1192     C   4.0 -0.08695129       0.64938349  0.27840334  2.07319486  0.76014768  0.32582192
 1193     N   5.0  0.11741233       0.79259342  0.28768498  2.69936520  0.88189822  0.22104585
 1194     C   4.0 -0.02858938       0.61701119  0.26250684  2.00045818  0.71073957  0.43787360
 1195     C   4.0 -0.02991104       0.62290585  0.23933066  1.84990251  0.64208181  0.67569020
 1196     O   6.0 -0.32027624       1.15181005  0.42924982  3.60680032  1.04575342  0.08666263
 1197     C   4.0 -0.13470253       0.62853891  0.27944326  2.11946356  0.77017678  0.33708001
 1198     C   4.0 -0.15131469       0.62706310  0.27976531  2.13134968  0.77095687  0.34217973
 1199     C   4.0 -0.15856806       0.62904984  0.28117824  2.13939017  0.76989670  0.33905312
 1200     C   4.0 -0.07463695       0.63957679  0.28489301  2.07942981  0.73443067  0.33630668
 1201     N   5.0  0.32364470       0.75063944  0.30721879  2.50522435  0.91075128  0.20252145
 1202     N   5.0  0.11319711       0.79547614  0.29048657  2.70166308  0.88035324  0.21882386
 1203     C   4.0 -0.03136442       0.62161422  0.26447615  2.00826144  0.71057370  0.42643891
 1204     C   4.0 -0.03620612       0.62663662  0.24021611  1.84730411  0.64392525  0.67812403
 1205     O   6.0 -0.34221150       1.15422308  0.43392977  3.61322439  1.05519217  0.08564208
 1206     C   4.0 -0.06331391       0.63526696  0.28293666  1.99963892  0.72235993  0.42311145
 1207     O   6.0 -0.19880447       1.10754085  0.40145308  3.54654980  1.05133650  0.09192425
 1208     N   5.0  0.10928134       0.79783303  0.28964439  2.70318341  0.88139394  0.21866390
 1209     C   4.0 -0.01710641       0.61975545  0.26395500  1.99511862  0.70954062  0.42873673
 1210     C   4.0 -0.03219198       0.62877953  0.24017267  1.84544295  0.64341183  0.67438500
 1211     O   6.0 -0.33831091       1.15530574  0.43560103  3.60472977  1.05733305  0.08534132
 1212     C   4.0 -0.13243413       0.62988144  0.27446198  2.12413734  0.76931654  0.33463683
 1213     C   4.0 -0.14347120       0.61926568  0.26747876  2.10815966  0.73303230  0.41553479
 1214     C   4.0 -0.21957386       0.64256066  0.29621521  2.18208355  0.82973292  0.26898152
 1215     C   4.0 -0.19891948       0.63933128  0.29058939  2.17070997  0.83182228  0.26646657
 1216     N   5.0  0.11166170       0.79898715  0.28941044  2.68738282  0.89023745  0.22232044
 1217     C   4.0 -0.02044996       0.62241936  0.26549727  1.99356657  0.70978822  0.42917854
 1218     C   4.0 -0.00890628       0.62886482  0.24252445  1.83418131  0.64368284  0.65965286
 1219     O   6.0 -0.31624569       1.15642548  0.43094420  3.59677649  1.04772606  0.08437345
 1220     C   4.0 -0.12649583       0.63401610  0.27822927  2.12698931  0.77663378  0.31062737
 1221     C   4.0 -0.08416075       0.62437791  0.24032275  1.78948697  0.65588984  0.77408327
 1222     O   6.0 -0.40232925       1.17584097  0.42428920  3.66980875  1.04695681  0.08543353
 1223     O   6.0 -0.39892582       1.16452289  0.43869275  3.65128708  1.06294590  0.08147720
 1224     N   5.0  0.09902920       0.80195230  0.29364422  2.69788647  0.89311129  0.21437652
 1225     C   4.0 -0.02750964       0.62197864  0.26530156  1.99713850  0.71365061  0.42944033
 1226     C   4.0 -0.02900853       0.62814915  0.24157225  1.84487122  0.64368999  0.67072592
 1227     O   6.0 -0.34068113       1.15862477  0.43840042  3.59750605  1.06199935  0.08415054
 1228     C   4.0 -0.14770887       0.63052726  0.28126216  2.12732631  0.77047183  0.33812132
 1229     C   4.0 -0.16246283       0.63001502  0.28254414  2.13946813  0.77287582  0.33755973
 1230     C   4.0 -0.14474104       0.62910676  0.28210041  2.13566244  0.77060877  0.32726267
 1231     C   4.0 -0.09088476       0.64175272  0.28789610  2.08744442  0.73534374  0.33844778
 1232     N   5.0  0.31091812       0.75182086  0.30919185  2.51466042  0.90898138  0.20442737
 1233     N   5.0  0.09597912       0.79872614  0.29226211  2.70901793  0.88293308  0.22108162
 1234     C   4.0 -0.04173342       0.62308615  0.26669714  2.00557959  0.71212377  0.43424677
 1235     C   4.0 -0.02731890       0.63474524  0.24341801  1.84413958  0.64232884  0.66268723
 1236     O   6.0 -0.35309176       1.16136551  0.44086590  3.59733331  1.06913993  0.08438710
 1237     C   4.0 -0.13441493       0.63965201  0.28427851  2.12410307  0.78010826  0.30627307
 1238     C   4.0 -0.09381488       0.63704795  0.24440312  1.79679984  0.65128310  0.76428087
 1239     O   6.0 -0.44253917       1.17526424  0.45023966  3.64603913  1.08934757  0.08164857
 1240     O   6.0 -0.45377333       1.17382026  0.44747442  3.66909003  1.08149776  0.08189086
 1241     N   5.0  0.11019575       0.79832721  0.29453373  2.68459153  0.89533627  0.21701551
 1242     C   4.0 -0.06839084       0.62967849  0.28084040  2.04956955  0.74696733  0.36133507
 1243     C   4.0 -0.03088612       0.62844688  0.24208857  1.84642315  0.64544424  0.66848328
 1244     O   6.0 -0.34997270       1.16017199  0.44058654  3.59946418  1.06573787  0.08401213
 1245     N   5.0  0.09471725       0.79760975  0.29080036  2.71202022  0.88420808  0.22064434
 1246     C   4.0 -0.03505986       0.62460041  0.26546034  2.00788301  0.71199976  0.42511634
 1247     C   4.0 -0.03672247       0.63055110  0.24197492  1.84785765  0.64370833  0.67263047
 1248     O   6.0 -0.35085484       1.15822577  0.43796775  3.60678470  1.06260151  0.08527511
 1249     C   4.0 -0.03221454       0.62902093  0.26915565  1.95812392  0.69889489  0.47701915
 1250     O   6.0 -0.20744921       1.11219215  0.39777848  3.56170976  1.04560035  0.09016846
 1251     C   4.0 -0.21854289       0.64763665  0.29931110  2.18646044  0.83206473  0.25306997
 1252     N   5.0  0.10646828       0.79643846  0.29547736  2.69519860  0.88950181  0.21691550
 1253     C   4.0 -0.06214084       0.63273227  0.28184235  2.04173011  0.74665131  0.35918481
 1254     C   4.0 -0.02576444       0.63080961  0.24266116  1.84121871  0.64623094  0.66484403
 1255     O   6.0 -0.34315085       1.15827048  0.43769777  3.60343838  1.06034681  0.08339741
 1256     N   5.0  0.10606613       0.80163789  0.29120845  2.68996096  0.89472905  0.21639753
 1257     C   4.0 -0.02423897       0.61636835  0.26250961  2.00267953  0.70920132  0.43348016
 1258     C   4.0 -0.02008960       0.62321508  0.23745549  1.84352821  0.64236774  0.67352309
 1259     O   6.0 -0.33588595       1.15406537  0.43444806  3.60984349  1.05293301  0.08459601
 1260     C   4.0 -0.15432514       0.62824595  0.27712041  2.12931395  0.76348682  0.35615801
 1261     C   4.0 -0.14569560       0.62646461  0.27962685  2.13810617  0.76900610  0.33249188
 1262     C   4.0 -0.06187728       0.62983453  0.24140666  1.86313665  0.64638309  0.68111634
 1263     O   6.0 -0.37519127       1.15950930  0.44188207  3.61976802  1.06774983  0.08628204
 1264     N   5.0  0.06357567       0.80914927  0.31311828  2.71378291  0.94031411  0.16005976
 1265     N   5.0  0.12038735       0.79527962  0.28909495  2.68998909  0.88680413  0.21844485
 1266     C   4.0 -0.01559165       0.62188995  0.26361853  1.99449623  0.70786552  0.42772143
 1267     C   4.0 -0.02335145       0.62999773  0.23967394  1.84115028  0.64397448  0.66855501
 1268     O   6.0 -0.36236625       1.15997148  0.43638709  3.62797296  1.05434448  0.08369025
 1269     C   4.0 -0.10898902       0.62252146  0.26444244  2.08147180  0.73414865  0.40640467
 1270     C   4.0 -0.17663315       0.62933201  0.27891415  2.14731151  0.76930061  0.35177487
 1271     C   4.0 -0.19303539       0.63366199  0.28630042  2.17710143  0.82787755  0.26809400
 1272     C   4.0 -0.20463989       0.64046657  0.29342431  2.17429495  0.82923920  0.26721486
 1273     N   5.0  0.12710883       0.79854161  0.29072046  2.67137474  0.89321265  0.21904172
 1274     C   4.0 -0.02991170       0.62077343  0.26528135  2.00002360  0.71054365  0.43328966
 1275     C   4.0 -0.02766989       0.62782651  0.24025983  1.84633642  0.64138846  0.67185867
 1276     O   6.0 -0.33704288       1.15295339  0.43350250  3.61502850  1.04966480  0.08589370
 1277     C   4.0 -0.14851663       0.63252234  0.28236994  2.12369055  0.77008863  0.33984517
 1278     C   4.0 -0.13292093       0.63354856  0.28390032  2.12265801  0.77535996  0.31745408
 1279     C   4.0 -0.04657239       0.63597971  0.24491119  1.84932715  0.64867122  0.66768311
 1280     O   6.0 -0.38584421       1.16279280  0.44401199  3.62010586  1.07368025  0.08525330
 1281     N   5.0  0.06095556       0.81129521  0.31483197  2.70929158  0.94567075  0.15795492
 1282     N   5.0  0.11631850       0.79879999  0.29223785  2.68340731  0.89315867  0.21607768
 1283     C   4.0 -0.02919456       0.62129599  0.26200363  2.00241774  0.71122815  0.43224905
 1284     C   4.0 -0.01986212       0.62779135  0.23995052  1.83974636  0.64296004  0.66941386
 1285     O   6.0 -0.35342233       1.15675008  0.43588796  3.62144804  1.05452597  0.08481028
 1286     C   4.0 -0.12230194       0.62057137  0.26465407  2.09220880  0.73285851  0.41200919
 1287     C   4.0 -0.20369674       0.63958794  0.29099447  2.17371422  0.83402488  0.26537523
 1288     C   4.0 -0.21253287       0.64112061  0.29271200  2.18156934  0.82801081  0.26912011
 1289     N   5.0  0.11762758       0.79522079  0.28922653  2.69505113  0.88519612  0.21767784
 1290     C   4.0 -0.01508207       0.62090397  0.26583147  1.98975456  0.70914201  0.42945006
 1291     C   4.0 -0.00930756       0.62823278  0.23953158  1.83412355  0.64027546  0.66714419
 1292     O   6.0 -0.31966828       1.16011488  0.42263120  3.60623574  1.04455048  0.08613597
 1293     C   4.0 -0.10829144       0.63567489  0.28431898  2.10582662  0.77264754  0.30982340
 1294     C   4.0 -0.05322388       0.62537396  0.24130839  1.85647786  0.65094903  0.67911464
 1295     O   6.0 -0.34624335       1.15690672  0.42631707  3.63342941  1.04214942  0.08744072
 1296     N   5.0  0.08615916       0.80370563  0.31213117  2.70502472  0.93451858  0.15846075
 1297     N   5.0  0.09840536       0.79877603  0.29153490  2.69923896  0.89136559  0.22067917
 1298     C   4.0 -0.02017075       0.62424648  0.26425225  1.99170089  0.71048833  0.42948281
 1299     C   4.0 -0.02340311       0.62384361  0.23947141  1.84217072  0.64485702  0.67306036
 1300     O   6.0 -0.30077095       1.15311110  0.42131716  3.60290110  1.03770265  0.08573894
 1301     C   4.0 -0.10965425       0.62417024  0.26937431  2.08196205  0.73300876  0.40113889
 1302     C   4.0 -0.18641946       0.62432992  0.27634364  2.15558529  0.76513119  0.36502941
 1303     C   4.0 -0.22198189       0.64384568  0.29710543  2.18315780  0.82902771  0.26884527
 1304     C   4.0 -0.22729638       0.63767397  0.29316932  2.19308209  0.82141890  0.28195210
 1305     N   5.0  0.09958078       0.79998446  0.29036814  2.70674270  0.88525978  0.21806415
 1306     C   4.0 -0.02758230       0.62052894  0.26439393  1.99504972  0.71466611  0.43294361
 1307     C   4.0 -0.02426899       0.62645245  0.23970239  1.84336627  0.64416072  0.67058717
 1308     O   6.0 -0.31645039       1.15651417  0.43061489  3.59141433  1.05360246  0.08430454
 1309     C   4.0 -0.13408811       0.63290316  0.28386509  2.11951065  0.76754063  0.33026857
 1310     C   4.0 -0.13492750       0.63679564  0.28348413  2.12102741  0.77919117  0.31442915
 1311     C   4.0 -0.04227267       0.63797212  0.24491332  1.84401196  0.64956576  0.66580951
 1312     O   6.0 -0.39016335       1.16524899  0.44572088  3.61643112  1.07778949  0.08497287
 1313     N   5.0  0.06609025       0.81086850  0.31412610  2.70793104  0.94387907  0.15710503
 1314     N   5.0  0.10458284       0.79993176  0.28993809  2.70169687  0.88445812  0.21939231
 1315     C   4.0 -0.01271344       0.62293506  0.26633918  1.98798358  0.70945245  0.42600317
 1316     C   4.0 -0.00683559       0.62801164  0.24009714  1.82922643  0.64480558  0.66469479
 1317     O   6.0 -0.29925414       1.15699756  0.42209950  3.58884668  1.04495919  0.08635121
 1318     C   4.0 -0.13311741       0.62670898  0.27771482  2.11671978  0.76819220  0.34378162
 1319     C   4.0 -0.15795557       0.63335198  0.28094181  2.14403021  0.77428253  0.32534903
 1320     C   4.0 -0.08972634       0.62987703  0.24158260  1.79734683  0.65229765  0.76862223
 1321     O   6.0 -0.41681268       1.17431545  0.43304560  3.66444004  1.06193697  0.08307462
 1322     O   6.0 -0.43172981       1.17339909  0.44737354  3.64608181  1.08315563  0.08171975
 1323     N   5.0  0.11538021       0.79788405  0.28951234  2.69031304  0.88924381  0.21766655
 1324     C   4.0 -0.01140592       0.62371373  0.26462582  1.98640418  0.71015224  0.42650995
 1325     C   4.0 -0.00616521       0.62669671  0.24088025  1.82859349  0.64456636  0.66542841
 1326     O   6.0 -0.29203073       1.15925992  0.42001191  3.58797491  1.03907210  0.08571190
 1327     C   4.0 -0.12269659       0.62259710  0.27727619  2.08796179  0.77987403  0.35498748
 1328     C   4.0 -0.12274754       0.63849819  0.25657630  2.10734326  0.72244860  0.39788119
 1329     C   4.0 -0.05885594       0.65230823  0.27177298  2.05543208  0.70307110  0.37627155
 1330     C   4.0 -0.09978795       0.63456166  0.25067779  2.06791103  0.71306883  0.43356864
 1331     N   5.0  0.10558566       0.78650653  0.29418615  2.65798628  0.89329192  0.26244346
 1332     C   4.0 -0.07208385       0.63155580  0.24565649  2.03868419  0.68084821  0.47533917
 1333     C   4.0 -0.06710944       0.65308517  0.28010809  2.04993570  0.76097766  0.32300282
 1334     C   4.0 -0.09195881       0.64855492  0.28001931  2.08008438  0.75653179  0.32676840
 1335     C   4.0 -0.09965708       0.65642273  0.28181106  2.07325518  0.77046266  0.31770544
 1336     C   4.0 -0.10124753       0.65080178  0.27914757  2.07537287  0.76402208  0.33190323
 1337     N   5.0  0.11108709       0.79706758  0.28977895  2.69830722  0.88609403  0.21766512
 1338     C   4.0 -0.02164283       0.61927325  0.26270968  1.99439138  0.71166943  0.43359910
 1339     C   4.0 -0.00601300       0.62587959  0.23958418  1.83430594  0.64174691  0.66449638
 1340     O   6.0 -0.31290344       1.16080248  0.42335275  3.59963667  1.04355416  0.08555738
 1341     C   4.0 -0.14000990       0.62982666  0.27720338  2.12227547  0.77103408  0.33967031
 1342     C   4.0 -0.14740954       0.62007278  0.26582760  2.10446018  0.74275751  0.41429147
 1343     C   4.0 -0.21987103       0.64461762  0.29780874  2.17644757  0.83440274  0.26659437
 1344     C   4.0 -0.21755723       0.64286190  0.29419070  2.18274915  0.82909615  0.26865932
 1345     N   5.0  0.11523550       0.79822081  0.28999645  2.68882442  0.88700110  0.22072173
 1346     C   4.0 -0.02377023       0.62150323  0.26521048  2.00031710  0.70764457  0.42909485
 1347     C   4.0 -0.03598013       0.62539417  0.23970608  1.84908646  0.64353317  0.67826024
 1348     O   6.0 -0.30337553       1.15102851  0.42921659  3.58729088  1.05088454  0.08495500
 1349     C   4.0 -0.13702361       0.62841922  0.27968505  2.12054503  0.76955266  0.33882165
 1350     C   4.0 -0.11627623       0.63134676  0.28211516  2.11383909  0.77418791  0.31478731
 1351     C   4.0 -0.05313249       0.63303310  0.24324422  1.85274500  0.65140535  0.67270483
 1352     O   6.0 -0.35402477       1.15846288  0.44149983  3.59863746  1.07085848  0.08456612
 1353     N   5.0  0.05587632       0.80862635  0.31278092  2.72173142  0.94188368  0.15910130
 1354     N   5.0  0.10754712       0.79376888  0.28797752  2.70508218  0.88312533  0.22249896
 1355     C   4.0 -0.02446198       0.61661375  0.26204312  1.99844694  0.71038967  0.43696850
 1356     C   4.0 -0.02639499       0.62650698  0.23957090  1.84310079  0.64236233  0.67485399
 1357     O   6.0 -0.30587021       1.15242088  0.43466115  3.57859659  1.05584273  0.08434886
 1358     C   4.0 -0.13391827       0.62838042  0.27550530  2.12118506  0.76956211  0.33928537
 1359     C   4.0 -0.15214768       0.61610448  0.26490474  2.11412460  0.73594852  0.42106535
 1360     C   4.0 -0.20773787       0.63934559  0.29123408  2.17356056  0.83219087  0.27140677
 1361     C   4.0 -0.20904903       0.64013696  0.29406449  2.17821115  0.82793002  0.26870641
 1362     N   5.0  0.10388939       0.79611140  0.29069537  2.70084846  0.88863537  0.21982001
 1363     C   4.0 -0.02446428       0.62366271  0.26410466  2.00017560  0.71321630  0.42330500
 1364     C   4.0 -0.02982110       0.62799680  0.24015737  1.84432077  0.64312419  0.67422197
 1365     O   6.0 -0.31988118       1.15469551  0.43411478  3.59614885  1.05086908  0.08405296
 1366     C   4.0 -0.02644657       0.62873530  0.26737487  1.95608646  0.69644022  0.47780971
 1367     O   6.0 -0.21752947       1.11590576  0.39642364  3.56110168  1.05460188  0.08949652
 1368     C   4.0 -0.20676399       0.64103967  0.29503790  2.18204659  0.83061346  0.25802637
 1369     N   5.0  0.10639420       0.79577851  0.28951824  2.70126933  0.88570786  0.22133187
 1370     C   4.0 -0.04123801       0.61875784  0.26259074  2.00695020  0.71324019  0.43969904
 1371     C   4.0 -0.02958608       0.62677330  0.23928253  1.85097021  0.64037786  0.67218217
 1372     O   6.0 -0.32386988       1.15506065  0.43266216  3.60332584  1.04677868  0.08604254
 1373     C   4.0 -0.15806668       0.63061613  0.27949539  2.12640530  0.77711345  0.34443641
 1374     C   4.0 -0.27607373       0.65462571  0.30001229  2.06093085  0.87514508  0.38535980
 1375     S   6.0  0.27623445       1.07516062  0.41543803  3.11755788  0.89855829  0.21705073
 1376     C   4.0 -0.34900452       0.67327076  0.32461590  2.10950816  0.93185008  0.30975963
 1377     N   5.0  0.12167009       0.80118489  0.29151264  2.67564487  0.89204696  0.21794055
 1378     C   4.0 -0.02757524       0.62263286  0.26445863  2.00119537  0.70837325  0.43091513
 1379     C   4.0 -0.03295158       0.62923670  0.23920318  1.84940869  0.64182471  0.67327830
 1380     O   6.0 -0.32048469       1.15309787  0.43302715  3.59975362  1.04983401  0.08477204
 1381     C   4.0 -0.12471936       0.62414956  0.27830711  2.10347980  0.77967814  0.33910475
 1382     C   4.0 -0.07593478       0.63615501  0.25759867  2.05703884  0.73001648  0.39512577
 1383     C   4.0 -0.05926013       0.64752716  0.27490768  2.05131066  0.75470856  0.33080607
 1384     C   4.0 -0.07945552       0.65070623  0.27722272  2.06465209  0.75457257  0.33230191
 1385     C   4.0 -0.07342079       0.64750123  0.27501675  2.08958435  0.75419247  0.30712599
 1386     C   4.0 -0.08542584       0.65105677  0.27840406  2.09119767  0.75729948  0.30746786
 1387     C   4.0 -0.00157854       0.63030696  0.24740306  1.92727196  0.68880360  0.50779296
 1388     O   6.0 -0.13352376       1.10252678  0.38891175  3.48789418  1.05022255  0.10396850
 1389     N   5.0  0.09159262       0.79903573  0.28974614  2.70451504  0.88878581  0.22632467
 1390     C   4.0 -0.03930148       0.62479341  0.26412719  2.02326816  0.71211572  0.41499700
 1391     C   4.0 -0.04298737       0.62666136  0.23963071  1.77971900  0.63660537  0.76037093
 1392     O   6.0 -0.41597431       1.17208779  0.44329593  3.64496040  1.07435077  0.08127942
 1393     C   4.0 -0.05687410       0.63092422  0.27683944  2.00043172  0.72551939  0.42315933
 1394     O   6.0 -0.18362327       1.11300516  0.39234290  3.54968143  1.03640532  0.09218847
 1395     O   6.0 -0.32093361       1.18126297  0.41021749  3.61632228  1.02310646  0.09002441
 1396     Ca 10.0  1.44014274       1.56612575  0.17489356  0.26934785  5.68616486  0.46270077  0.40062448
 1397     Ca 10.0  1.49402364       1.47375357  0.16403317  0.20616609  5.58372605  0.50124277  0.57705471
 1398     Ca 10.0  1.43231335       1.56798935  0.17697001  0.28096339  5.69296920  0.48669761  0.36209708
 1399     Ca 10.0  1.17275420       1.63900685  0.17582504  0.43010059  5.68947148  0.50639001  0.38645183
 1400     O   6.0 -0.43138164       1.19304085  0.44174787  3.52973747  1.22480738  0.04204807
 1401     O   6.0 -0.38066295       1.18569732  0.44865477  3.56077516  1.15090460  0.03463110
 1402     O   6.0 -0.27930367       1.19996595  0.43246868  3.43990958  1.16114733  0.04581213
 1403     O   6.0 -0.39093894       1.19526076  0.44691071  3.52047610  1.19109932  0.03719205
 1404     O   6.0 -0.43824446       1.19809198  0.45528659  3.53453553  1.21472958  0.03560078
 1405     O   6.0 -0.42717383       1.19156265  0.45613995  3.53627157  1.20877457  0.03442509
 1406     O   6.0 -0.40541080       1.20196915  0.44597092  3.53091943  1.19132867  0.03522263
 1407     O   6.0 -0.44999937       1.19241238  0.46347013  3.54220462  1.21772325  0.03418899
 1408     O   6.0 -0.45532722       1.19391060  0.46545050  3.54074425  1.22068417  0.03453771
 1409     O   6.0 -0.45016948       1.19400346  0.46320164  3.53544444  1.22269982  0.03482011
 1410     O   6.0 -0.43488359       1.19458210  0.45819831  3.53607184  1.21091166  0.03511968
 1411     H   1.0  0.19022740       0.58293825  0.09045362  0.13638072
 1412     H   1.0  0.19256590       0.57978362  0.09143984  0.13621064
 1413     H   1.0  0.18531397       0.58096683  0.09822726  0.13549194
 1414     H   1.0  0.10178702       0.65446287  0.13002063  0.11372947
 1415     H   1.0  0.01946052       0.62318659  0.11870649  0.23864640
 1416     H   1.0  0.08802858       0.65806377  0.13019629  0.12371136
 1417     H   1.0  0.09863017       0.64923996  0.12596542  0.12616445
 1418     H   1.0  0.08100105       0.66455024  0.13320753  0.12124117
 1419     H   1.0  0.15097561       0.56701100  0.11320465  0.16880874
 1420     H   1.0  0.09929567       0.65231037  0.13842276  0.10997120
 1421     H   1.0  0.09806240       0.65167785  0.13044733  0.11981242
 1422     H   1.0  0.08117523       0.66267669  0.13491356  0.12123452
 1423     H   1.0  0.08639713       0.65820301  0.12917179  0.12622808
 1424     H   1.0  0.09303793       0.65311420  0.12847281  0.12537506
 1425     H   1.0  0.13967596       0.56998026  0.11812837  0.17221540
 1426     H   1.0  0.10051640       0.65054071  0.14017847  0.10876442
 1427     H   1.0  0.07600388       0.66436863  0.13908178  0.12054572
 1428     H   1.0  0.08609604       0.66028798  0.12742113  0.12619486
 1429     H   1.0  0.07754093       0.66222316  0.13386491  0.12637100
 1430     H   1.0  0.08634976       0.66031075  0.12958525  0.12375425
 1431     H   1.0  0.08452310       0.66189456  0.12682004  0.12676230
 1432     H   1.0  0.08660349       0.66308868  0.12678172  0.12352612
 1433     H   1.0  0.07994251       0.66425312  0.12856539  0.12723899
 1434     H   1.0  0.13964964       0.56585956  0.11954895  0.17494185
 1435     H   1.0  0.09734214       0.65363091  0.13968991  0.10933704
 1436     H   1.0  0.09824782       0.65187609  0.12783596  0.12204013
 1437     H   1.0  0.07830920       0.66483086  0.13570830  0.12115164
 1438     H   1.0  0.08099719       0.66502690  0.12890969  0.12506621
 1439     H   1.0  0.08811196       0.65916473  0.12827623  0.12444709
 1440     H   1.0  0.03055037       0.61759996  0.11917264  0.23267703
 1441     H   1.0  0.07186583       0.66651064  0.13352497  0.12809855
 1442     H   1.0  0.11385065       0.55894905  0.11102753  0.21617277
 1443     H   1.0  0.16206609       0.56217659  0.09685616  0.17890117
 1444     H   1.0  0.14879311       0.56514359  0.10498013  0.18108318
 1445     H   1.0  0.16186905       0.56459373  0.09384943  0.17968779
 1446     H   1.0  0.15843260       0.56484216  0.09679496  0.17993028
 1447     H   1.0  0.13486375       0.56648332  0.12311926  0.17553368
 1448     H   1.0  0.09354951       0.65496397  0.14177218  0.10971434
 1449     H   1.0  0.09452644       0.65466112  0.13157733  0.11923512
 1450     H   1.0  0.08735859       0.65859938  0.13343135  0.12061069
 1451     H   1.0  0.10259882       0.64864397  0.12444235  0.12431486
 1452     H   1.0  0.08118825       0.66664308  0.13168275  0.12048592
 1453     H   1.0  0.15221052       0.56991559  0.10268217  0.17519172
 1454     H   1.0  0.15426479       0.57061458  0.10039579  0.17472484
 1455     H   1.0  0.11833207       0.56649667  0.12320121  0.19197005
 1456     H   1.0  0.09489530       0.65330309  0.14301339  0.10878822
 1457     H   1.0  0.07971209       0.66297746  0.14012101  0.11718944
 1458     H   1.0  0.08774913       0.65582812  0.13389379  0.12252896
 1459     H   1.0  0.07877210       0.64836937  0.14296842  0.12989011
 1460     H   1.0  0.07565016       0.65092599  0.14364772  0.12977614
 1461     H   1.0  0.07917824       0.64660209  0.14591290  0.12830677
 1462     H   1.0  0.07606223       0.65028113  0.14218530  0.13147134
 1463     H   1.0  0.07732011       0.64809304  0.14732234  0.12726450
 1464     H   1.0  0.12499954       0.56905156  0.12336560  0.18258329
 1465     H   1.0  0.09390694       0.65426767  0.14244469  0.10938071
 1466     H   1.0  0.07142855       0.66488576  0.13754854  0.12613716
 1467     H   1.0  0.07879323       0.66099930  0.13873392  0.12147355
 1468     H   1.0  0.09723257       0.64969647  0.13474521  0.11832575
 1469     H   1.0  0.08866112       0.66081291  0.12976852  0.12075745
 1470     H   1.0  0.08490124       0.66692579  0.13359235  0.11458062
 1471     H   1.0  0.08353403       0.66722769  0.12996459  0.11927369
 1472     H   1.0  0.15419427       0.56287670  0.10863119  0.17429783
 1473     H   1.0  0.16052131       0.56348360  0.09675607  0.17923902
 1474     H   1.0  0.15325263       0.56390482  0.10149416  0.18134839
 1475     H   1.0  0.15920389       0.56198871  0.09841558  0.18039182
 1476     H   1.0  0.15255209       0.56709903  0.10113926  0.17920961
 1477     H   1.0  0.12568725       0.56773257  0.12402415  0.18255602
 1478     H   1.0  0.09401903       0.65466225  0.14164007  0.10967865
 1479     H   1.0  0.08763761       0.65750313  0.13341454  0.12144472
 1480     H   1.0  0.07861628       0.66307837  0.13755088  0.12075447
 1481     H   1.0  0.07570317       0.66388416  0.13574691  0.12466576
 1482     H   1.0  0.09081822       0.65464127  0.13321555  0.12132496
 1483     H   1.0  0.08516056       0.66514498  0.12926844  0.12042602
 1484     H   1.0  0.09033942       0.66461724  0.12657154  0.11847180
 1485     H   1.0  0.15253709       0.56188190  0.11112317  0.17445784
 1486     H   1.0  0.16279285       0.56414813  0.09372318  0.17933585
 1487     H   1.0  0.15134308       0.56479186  0.09514017  0.18872489
 1488     H   1.0  0.16129592       0.56494331  0.09450581  0.17925496
 1489     H   1.0  0.16205397       0.56305993  0.09696727  0.17791884
 1490     H   1.0  0.10270690       0.56638134  0.12345497  0.20745679
 1491     H   1.0  0.08967205       0.65731871  0.14155413  0.11145510
 1492     H   1.0  0.07171938       0.66283339  0.14148325  0.12396398
 1493     H   1.0  0.07802669       0.66080713  0.13845281  0.12271336
 1494     H   1.0  0.08372237       0.65837497  0.14004153  0.11786114
 1495     H   1.0  0.08075311       0.66213036  0.13116309  0.12595345
 1496     H   1.0  0.07113745       0.66627932  0.13522494  0.12735830
 1497     H   1.0  0.07834445       0.66663247  0.12973002  0.12529306
 1498     H   1.0  0.08502303       0.66001171  0.13029259  0.12467267
 1499     H   1.0  0.07810955       0.66564888  0.13131629  0.12492528
 1500     H   1.0  0.08136331       0.66299528  0.13132782  0.12431359
 1501     H   1.0  0.10933339       0.56544840  0.12345184  0.20176637
 1502     H   1.0  0.09496065       0.65137970  0.14550544  0.10815420
 1503     H   1.0  0.07387453       0.66334510  0.14457566  0.11820472
 1504     H   1.0  0.08618767       0.65395659  0.13996403  0.11989171
 1505     H   1.0  0.07739133       0.64590853  0.14713944  0.12956069
 1506     H   1.0  0.07530319       0.64746535  0.14588721  0.13134425
 1507     H   1.0  0.07647553       0.64533705  0.15039046  0.12779697
 1508     H   1.0  0.07622395       0.64650798  0.14487942  0.13238866
 1509     H   1.0  0.06919196       0.65008342  0.14997755  0.13074707
 1510     H   1.0  0.12296749       0.56676596  0.12417700  0.18608955
 1511     H   1.0  0.09464557       0.65348268  0.14094074  0.11093102
 1512     H   1.0  0.08864683       0.66025829  0.12626563  0.12482925
 1513     H   1.0  0.08492099       0.65987957  0.12930173  0.12589772
 1514     H   1.0  0.07437443       0.66682571  0.13423660  0.12456325
 1515     H   1.0  0.10148659       0.56561130  0.12314156  0.20976055
 1516     H   1.0  0.09320565       0.65473145  0.14089724  0.11116566
 1517     H   1.0  0.07334905       0.66418850  0.14170532  0.12075712
 1518     H   1.0  0.08566292       0.65931779  0.13082233  0.12419696
 1519     H   1.0  0.09818347       0.65238309  0.12574273  0.12369071
 1520     H   1.0  0.08082053       0.66519868  0.13334599  0.12063479
 1521     H   1.0  0.14829741       0.57006919  0.10504012  0.17659328
 1522     H   1.0  0.14900879       0.57045573  0.10526675  0.17526873
 1523     H   1.0  0.10543779       0.56562662  0.12513000  0.20380560
 1524     H   1.0  0.08878058       0.65679044  0.14252694  0.11190205
 1525     H   1.0  0.08886898       0.65439326  0.13807809  0.11865967
 1526     H   1.0  0.07790099       0.66014582  0.14128846  0.12066473
 1527     H   1.0  0.07005768       0.66388142  0.14401294  0.12204796
 1528     H   1.0  0.07432450       0.66379195  0.13557741  0.12630614
 1529     H   1.0  0.07816068       0.66134608  0.13620351  0.12428973
 1530     H   1.0  0.07669445       0.66464567  0.13660939  0.12205049
 1531     H   1.0  0.07479323       0.66380042  0.13497122  0.12643513
 1532     H   1.0  0.07972562       0.66279078  0.13367942  0.12380419
 1533     H   1.0  0.06457255       0.67270279  0.12976032  0.13296433
 1534     H   1.0  0.07897172       0.56206834  0.12142370  0.23753624
 1535     H   1.0  0.07548371       0.66274077  0.15127297  0.11050256
 1536     H   1.0  0.06328387       0.66387713  0.13585417  0.13698483
 1537     H   1.0  0.08118403       0.65727723  0.13832188  0.12321686
 1538     H   1.0  0.07361574       0.66272551  0.14025024  0.12340851
 1539     H   1.0  0.15472468       0.55927849  0.11742854  0.16856829
 1540     H   1.0  0.08423283       0.66729659  0.13186519  0.11660539
 1541     H   1.0  0.10762712       0.64664382  0.12677093  0.11895813
 1542     H   1.0  0.13983163       0.56821108  0.11299521  0.17896208
 1543     H   1.0  0.08990530       0.65644962  0.13916071  0.11448438
 1544     H   1.0  0.10244046       0.64450967  0.12815329  0.12489657
 1545     H   1.0  0.08375450       0.65938938  0.13398425  0.12287187
 1546     H   1.0  0.13635552       0.56911427  0.12447326  0.17005696
 1547     H   1.0  0.10438694       0.64465469  0.13494630  0.11601207
 1548     H   1.0  0.10066656       0.64957070  0.12831545  0.12144728
 1549     H   1.0  0.10984484       0.63950258  0.12823415  0.12241843
 1550     H   1.0  0.11611364       0.56531543  0.12025810  0.19831283
 1551     H   1.0  0.10572186       0.64673638  0.13601010  0.11153166
 1552     H   1.0  0.08311692       0.65765023  0.13611835  0.12311450
 1553     H   1.0  0.07330555       0.66371566  0.14159228  0.12138651
 1554     H   1.0  0.07318985       0.66382307  0.13957809  0.12340900
 1555     H   1.0  0.07271056       0.66821778  0.13412839  0.12494328
 1556     H   1.0  0.08026535       0.66607225  0.12562633  0.12803607
 1557     H   1.0  0.07283452       0.67162710  0.12624311  0.12929526
 1558     H   1.0  0.07086091       0.67235351  0.12797537  0.12881021
 1559     H   1.0  0.10568817       0.57631600  0.13244376  0.18555208
 1560     H   1.0  0.09522848       0.64971644  0.14574523  0.10930985
 1561     H   1.0  0.07911745       0.65928203  0.14216265  0.11943787
 1562     H   1.0  0.07423274       0.66465724  0.13997222  0.12113780
 1563     H   1.0  0.08746641       0.65242624  0.13317655  0.12693080
 1564     H   1.0  0.07583589       0.66071171  0.14125125  0.12220115
 1565     H   1.0  0.10055075       0.55777073  0.12117371  0.22050481
 1566     H   1.0  0.06479134       0.66625899  0.14862433  0.12032533
 1567     H   1.0  0.07632193       0.66059494  0.14405055  0.11903258
 1568     H   1.0  0.07891497       0.66014165  0.13684049  0.12410289
 1569     H   1.0  0.06904533       0.66156065  0.14266564  0.12672837
 1570     H   1.0  0.07005252       0.66771114  0.13833903  0.12389731
 1571     H   1.0  0.07898662       0.65955371  0.13707040  0.12438927
 1572     H   1.0  0.06993924       0.66714346  0.13950352  0.12341377
 1573     H   1.0  0.06716722       0.66749161  0.13919424  0.12614693
 1574     H   1.0  0.09152740       0.57364261  0.12602791  0.20880208
 1575     H   1.0  0.09900434       0.64617819  0.14190537  0.11291210
 1576     H   1.0  0.05909587       0.66021216  0.13073866  0.14995331
 1577     H   1.0  0.09243947       0.65745437  0.13871284  0.11139332
 1578     H   1.0  0.13848856       0.52900851  0.10454795  0.22795498
 1579     H   1.0  0.14699392       0.56585920  0.11680557  0.17034131
 1580     H   1.0  0.09122483       0.65455204  0.14483617  0.10938696
 1581     H   1.0  0.08103766       0.65772951  0.13894001  0.12229282
 1582     H   1.0  0.07880998       0.66078347  0.13595240  0.12445415
 1583     H   1.0  0.07086125       0.66775638  0.13791223  0.12347015
 1584     H   1.0  0.13947009       0.56671751  0.12175690  0.17205550
 1585     H   1.0  0.09130359       0.65387774  0.14653669  0.10828198
 1586     H   1.0  0.07895076       0.66694206  0.14210398  0.11200320
 1587     H   1.0  0.15651818       0.52311665  0.09135263  0.22901254
 1588     H   1.0  0.08151422       0.66408682  0.12676841  0.12763055
 1589     H   1.0  0.08218095       0.65918010  0.13230389  0.12633505
 1590     H   1.0  0.07945945       0.66270095  0.13276288  0.12507671
 1591     H   1.0  0.12192173       0.56769401  0.12417815  0.18620611
 1592     H   1.0  0.09123326       0.65447527  0.14433941  0.10995205
 1593     H   1.0  0.08819417       0.65332305  0.13966177  0.11882100
 1594     H   1.0  0.06927697       0.66598743  0.14452182  0.12021378
 1595     H   1.0  0.08965635       0.65131325  0.13703227  0.12199814
 1596     H   1.0  0.09009513       0.65387094  0.13451688  0.12151705
 1597     H   1.0  0.10119928       0.56635660  0.12640043  0.20604369
 1598     H   1.0  0.08793163       0.65714061  0.14586249  0.10906526
 1599     H   1.0  0.06939995       0.66505533  0.14483090  0.12071382
 1600     H   1.0  0.07590370       0.66180170  0.14224194  0.12005266
 1601     H   1.0  0.07387900       0.66332316  0.14466462  0.11813322
 1602     H   1.0  0.07349589       0.66400534  0.13828942  0.12420934
 1603     H   1.0  0.07091622       0.66550463  0.13833313  0.12524602
 1604     H   1.0  0.07236494       0.66535127  0.13962628  0.12265751
 1605     H   1.0  0.07422591       0.66234887  0.13961694  0.12380828
 1606     H   1.0  0.07239923       0.66534436  0.13917944  0.12307698
 1607     H   1.0  0.07005818       0.66528213  0.14033020  0.12432950
 1608     H   1.0  0.10024786       0.56647813  0.12541482  0.20785919
 1609     H   1.0  0.07512420       0.65684003  0.15387975  0.11415603
 1610     H   1.0  0.06377445       0.66991854  0.14527780  0.12102921
 1611     H   1.0  0.04856718       0.66662520  0.15035748  0.13445013
 1612     H   1.0  0.05797712       0.65925634  0.14671881  0.13604772
 1613     H   1.0  0.06538457       0.66746390  0.14468470  0.12246683
 1614     H   1.0  0.07904729       0.66272861  0.13118462  0.12703948
 1615     H   1.0  0.06101851       0.67411357  0.13705099  0.12781693
 1616     H   1.0  0.06655793       0.67315197  0.13179687  0.12849323
 1617     H   1.0  0.11915699       0.56594902  0.12498794  0.18990605
 1618     H   1.0  0.08722978       0.65589505  0.14528435  0.11159081
 1619     H   1.0  0.10122460       0.64552253  0.13100487  0.12224800
 1620     H   1.0  0.08304906       0.65921563  0.13882725  0.11890806
 1621     H   1.0  0.14658851       0.57047182  0.10664118  0.17629848
 1622     H   1.0  0.15123501       0.56872445  0.10577954  0.17426100
 1623     H   1.0  0.13485914       0.56531286  0.12385234  0.17597565
 1624     H   1.0  0.08628463       0.65811008  0.14139171  0.11421358
 1625     H   1.0  0.08045824       0.65831631  0.14196186  0.11926358
 1626     H   1.0  0.07363217       0.66487449  0.14176102  0.11973232
 1627     H   1.0  0.07597733       0.66403913  0.13666312  0.12332041
 1628     H   1.0  0.07669323       0.66154003  0.13745868  0.12430805
 1629     H   1.0  0.06138483       0.66580373  0.14081292  0.13199852
 1630     H   1.0  0.07021263       0.66458088  0.14093986  0.12426663
 1631     H   1.0  0.08074795       0.66151053  0.13086307  0.12687845
 1632     H   1.0  0.06602143       0.66919887  0.13667020  0.12810950
 1633     H   1.0  0.07238368       0.66847706  0.13322449  0.12591478
 1634     H   1.0  0.10392913       0.56617463  0.12688076  0.20301548
 1635     H   1.0  0.08784364       0.65717953  0.14411885  0.11085798
 1636     H   1.0  0.08048422       0.65857893  0.14078529  0.12015156
 1637     H   1.0  0.07167639       0.66215217  0.14455386  0.12161758
 1638     H   1.0  0.06952517       0.66535985  0.14487319  0.12024179
 1639     H   1.0  0.07545784       0.66148865  0.13934685  0.12370665
 1640     H   1.0  0.06928038       0.66281062  0.14329199  0.12461700
 1641     H   1.0  0.07168594       0.66560310  0.14070070  0.12201026
 1642     H   1.0  0.07593646       0.66369051  0.13608833  0.12428470
 1643     H   1.0  0.07655328       0.66209990  0.13833968  0.12300714
 1644     H   1.0  0.07167526       0.66642636  0.13447304  0.12742534
 1645     H   1.0  0.10624164       0.56543773  0.12477247  0.20354816
 1646     H   1.0  0.08886739       0.65498048  0.14151973  0.11463241
 1647     H   1.0  0.10198000       0.64486778  0.13162287  0.12152936
 1648     H   1.0  0.08151375       0.66143548  0.13888159  0.11816918
 1649     H   1.0  0.13135326       0.56988245  0.11370984  0.18505444
 1650     H   1.0  0.14518960       0.57081777  0.10990538  0.17408725
 1651     H   1.0  0.12688423       0.56468439  0.12288447  0.18554691
 1652     H   1.0  0.09771362       0.65159166  0.13950774  0.11118698
 1653     H   1.0  0.07621558       0.66303658  0.14100643  0.11974141
 1654     H   1.0  0.08251789       0.66130000  0.13484460  0.12133751
 1655     H   1.0  0.07732079       0.66291606  0.13181768  0.12794546
 1656     H   1.0  0.08694107       0.65787196  0.13521080  0.11997617
 1657     H   1.0  0.08240835       0.66410160  0.13112737  0.12236267
 1658     H   1.0  0.08336574       0.66322541  0.13038708  0.12302176
 1659     H   1.0  0.09286317       0.66085047  0.12910092  0.11718545
 1660     H   1.0  0.09034437       0.66149229  0.13084759  0.11731575
 1661     H   1.0  0.19046172       0.58186835  0.09047765  0.13719228
 1662     H   1.0  0.18204005       0.58658570  0.09459563  0.13677863
 1663     H   1.0  0.18640097       0.58459932  0.09203806  0.13696165
 1664     H   1.0  0.12919414       0.56492156  0.12624963  0.17963468
 1665     H   1.0  0.09052880       0.65554404  0.14435858  0.10956858
 1666     H   1.0  0.08390672       0.65635258  0.14272785  0.11701285
 1667     H   1.0  0.08749000       0.66001868  0.12805092  0.12444039
 1668     H   1.0  0.07805043       0.66178203  0.13322264  0.12694490
 1669     H   1.0  0.07466962       0.66529387  0.13482763  0.12520888
 1670     H   1.0  0.08113366       0.66176081  0.13247363  0.12463190
 1671     H   1.0  0.07500146       0.66601920  0.13399878  0.12498056
 1672     H   1.0  0.04672567       0.66238856  0.13750538  0.15338038
 1673     H   1.0  0.10416698       0.56646889  0.12518601  0.20417811
 1674     H   1.0  0.09697723       0.64963657  0.14343023  0.10995597
 1675     H   1.0  0.09103499       0.65262836  0.13972944  0.11660721
 1676     H   1.0  0.07273079       0.65938622  0.13538571  0.13249728
 1677     H   1.0  0.07807619       0.66269034  0.13549817  0.12373530
 1678     H   1.0  0.06876842       0.66433877  0.13831154  0.12858127
 1679     H   1.0  0.07879193       0.66098040  0.13544177  0.12478590
 1680     H   1.0  0.05696091       0.66854084  0.13938423  0.13511403
 1681     H   1.0  0.07187900       0.66464102  0.13422795  0.12925203
 1682     H   1.0  0.13158210       0.56590396  0.12452473  0.17798920
 1683     H   1.0  0.09581285       0.64967269  0.14291124  0.11160322
 1684     H   1.0  0.08227546       0.66435277  0.14154027  0.11183149
 1685     H   1.0  0.13422164       0.52234626  0.09829327  0.24513883
 1686     H   1.0  0.08506510       0.66311419  0.12457575  0.12724496
 1687     H   1.0  0.08884346       0.65623373  0.12773030  0.12719252
 1688     H   1.0  0.08172543       0.66317576  0.12912650  0.12597230
 1689     H   1.0  0.14285535       0.56248391  0.12239110  0.17226965
 1690     H   1.0  0.09903318       0.64863712  0.13927032  0.11305938
 1691     H   1.0  0.08873675       0.65727746  0.13270243  0.12128336
 1692     H   1.0  0.08113297       0.66061378  0.13870825  0.11954501
 1693     H   1.0  0.07734091       0.66184407  0.13295785  0.12785717
 1694     H   1.0  0.08207703       0.66173732  0.13342643  0.12275922
 1695     H   1.0  0.09842492       0.65902698  0.12830994  0.11423817
 1696     H   1.0  0.08478177       0.66627961  0.13342169  0.11551693
 1697     H   1.0  0.15839485       0.56295204  0.10120568  0.17744743
 1698     H   1.0  0.15087637       0.56327051  0.10251568  0.18333744
 1699     H   1.0  0.11840855       0.56060958  0.10917705  0.21180482
 1700     H   1.0  0.16057482       0.56401563  0.09631098  0.17909857
 1701     H   1.0  0.15852268       0.56616193  0.09527947  0.18003592
 1702     H   1.0  0.07823386       0.56334561  0.12109938  0.23732115
 1703     H   1.0  0.08452692       0.65470469  0.14539823  0.11537016
 1704     H   1.0  0.08854607       0.65223920  0.13961850  0.11959623
 1705     H   1.0  0.08658963       0.65487033  0.14177163  0.11676841
 1706     H   1.0  0.08125875       0.62770385  0.14864098  0.14239643
 1707     H   1.0  0.09605971       0.62972438  0.14097404  0.13324186
 1708     H   1.0  0.10536851       0.64504087  0.13567372  0.11391690
 1709     H   1.0  0.09699016       0.65417594  0.12810560  0.12072831
 1710     H   1.0  0.09076481       0.65304458  0.13253942  0.12365119
 1711     H   1.0  0.09175218       0.65291357  0.12935902  0.12597523
 1712     H   1.0  0.09059691       0.65684688  0.13229235  0.12026386
 1713     H   1.0  0.09135188       0.65438932  0.13348067  0.12077813
 1714     H   1.0  0.08984311       0.65860224  0.13354716  0.11800750
 1715     H   1.0  0.08702198       0.56516999  0.12117774  0.22663029
 1716     H   1.0  0.10226911       0.64700288  0.13636880  0.11435922
 1717     H   1.0  0.09162422       0.65273005  0.12904841  0.12659733
 1718     H   1.0  0.09138682       0.65363646  0.13499250  0.11998423
 1719     H   1.0  0.09272346       0.56713206  0.12259461  0.21754988
 1720     H   1.0  0.08839766       0.65533644  0.14524698  0.11101891
 1721     H   1.0  0.08553895       0.65781534  0.13704383  0.11960188
 1722     H   1.0  0.07083105       0.66223031  0.14272524  0.12421339
 1723     H   1.0  0.07104414       0.66454446  0.14406978  0.12034163
 1724     H   1.0  0.07745570       0.66244310  0.13518466  0.12491653
 1725     H   1.0  0.07223647       0.66638589  0.13474070  0.12663695
 1726     H   1.0  0.07564548       0.66475266  0.13731159  0.12229026
 1727     H   1.0  0.07065676       0.66742623  0.13617787  0.12573915
 1728     H   1.0  0.07358694       0.66336101  0.14017126  0.12288079
 1729     H   1.0  0.07125573       0.66305035  0.13952594  0.12616798
 1730     H   1.0  0.13339785       0.56707156  0.12003733  0.17949326
 1731     H   1.0  0.08596301       0.66087735  0.14166628  0.11149337
 1732     H   1.0  0.07283239       0.66574407  0.14101197  0.12041157
 1733     H   1.0  0.08355619       0.65858889  0.13550743  0.12234749
 1734     H   1.0  0.08679108       0.65986723  0.13119987  0.12214182
 1735     H   1.0  0.08655051       0.66099924  0.12977843  0.12267182
 1736     H   1.0  0.08111985       0.66400760  0.13006420  0.12480834
 1737     H   1.0  0.06042959       0.66735351  0.13102862  0.14118828
 1738     H   1.0  0.07900332       0.66544849  0.13780256  0.11774564
 1739     H   1.0  0.08462761       0.66405582  0.13183087  0.11948569
 1740     H   1.0  0.18009382       0.58685327  0.09526127  0.13779164
 1741     H   1.0  0.18348800       0.58146846  0.09743945  0.13760409
 1742     H   1.0  0.17298570       0.58487052  0.10612465  0.13601913
 1743     H   1.0  0.14551933       0.56565750  0.11925470  0.16956847
 1744     H   1.0  0.08499292       0.65910369  0.14381115  0.11209224
 1745     H   1.0  0.07974115       0.66324818  0.14368072  0.11332994
 1746     H   1.0  0.07307146       0.51866728  0.11180867  0.29645260
 1747     H   1.0  0.08019719       0.66163218  0.13314347  0.12502716
 1748     H   1.0  0.08056797       0.65741456  0.13280392  0.12921355
 1749     H   1.0  0.07006083       0.66524476  0.13717231  0.12752210
 1750     H   1.0  0.10027900       0.56797236  0.12935549  0.20239314
 1751     H   1.0  0.10385703       0.64456749  0.13661590  0.11495958
 1752     H   1.0  0.09984712       0.64761770  0.12782621  0.12470897
 1753     H   1.0  0.09543004       0.65234786  0.13186468  0.12035742
 1754     H   1.0  0.04367197       0.56573409  0.11631639  0.27427755
 1755     H   1.0  0.09394529       0.65220004  0.13488878  0.11896589
 1756     H   1.0  0.09488574       0.65449142  0.13355961  0.11706322
 1757     H   1.0  0.02169643       0.56040341  0.11755173  0.30034844
 1758     H   1.0  0.08497760       0.65889943  0.14631094  0.10981203
 1759     H   1.0  0.08153003       0.65919358  0.14119504  0.11808135
 1760     H   1.0  0.07658940       0.66011739  0.14438821  0.11890500
 1761     H   1.0  0.07156457       0.64845479  0.14983442  0.13014622
 1762     H   1.0  0.07489855       0.64853311  0.14839362  0.12817473
 1763     H   1.0  0.06600621       0.64885640  0.14031535  0.14482203
 1764     H   1.0  0.07678317       0.64453077  0.15030064  0.12838542
 1765     H   1.0  0.07589699       0.64723086  0.14850120  0.12837094
 1766     H   1.0  0.08524716       0.56815165  0.11635198  0.23024920
 1767     H   1.0  0.09911991       0.64953232  0.13346368  0.11788410
 1768     H   1.0  0.08689728       0.65952855  0.13692550  0.11664866
 1769     H   1.0  0.14422159       0.56846774  0.11559606  0.17171462
 1770     H   1.0  0.08525347       0.65473872  0.14682695  0.11318086
 1771     H   1.0  0.08354367       0.65804148  0.13850947  0.11990539
 1772     H   1.0  0.06813398       0.66506505  0.13354930  0.13325167
 1773     H   1.0  0.08196821       0.66198748  0.13169605  0.12434826
 1774     H   1.0  0.08244495       0.66515499  0.12536705  0.12703301
 1775     H   1.0  0.08257592       0.66328019  0.12749055  0.12665334
 1776     H   1.0  0.07041714       0.66603267  0.13212261  0.13142758
 1777     H   1.0  0.07662407       0.66183138  0.13473077  0.12681378
 1778     H   1.0  0.07253834       0.66288143  0.13783051  0.12674972
 1779     H   1.0  0.07357395       0.66602725  0.13474733  0.12565147
 1780     H   1.0  0.14451294       0.56601942  0.11998767  0.16947997
 1781     H   1.0  0.08821880       0.65890521  0.14265813  0.11021787
 1782     H   1.0  0.10058780       0.64509565  0.13051288  0.12380367
 1783     H   1.0  0.08053124       0.66206741  0.13718499  0.12021635
 1784     H   1.0  0.13980898       0.56642324  0.12249393  0.17127386
 1785     H   1.0  0.09298862       0.65264291  0.14533842  0.10903006
 1786     H   1.0  0.07918112       0.66237009  0.14903127  0.10941752
 1787     H   1.0  0.14863154       0.52279055  0.10216819  0.22640972
 1788     H   1.0  0.07630539       0.65821600  0.14128271  0.12419591
 1789     H   1.0  0.06919252       0.65724891  0.13656865  0.13698991
 1790     H   1.0  0.07340819       0.66298395  0.14045158  0.12315628
 1791     H   1.0  0.11917410       0.56989646  0.12844054  0.18248890
 1792     H   1.0  0.08305758       0.65917474  0.14801085  0.10975683
 1793     H   1.0  0.08192233       0.65186620  0.14849414  0.11771734
 1794     H   1.0  0.05890446       0.66924012  0.14908895  0.12276647
 1795     H   1.0  0.01323057       0.58897167  0.18711004  0.21068772
 1796     H   1.0  0.10753280       0.56704527  0.12762612  0.19779580
 1797     H   1.0  0.09169430       0.65568018  0.14369434  0.10893118
 1798     H   1.0  0.08820665       0.65661299  0.13513651  0.12004385
 1799     H   1.0  0.07707495       0.66325718  0.14127089  0.11839698
 1800     H   1.0  0.07715798       0.65931761  0.14154322  0.12198118
 1801     H   1.0  0.08230133       0.66113013  0.13711374  0.11945480
 1802     H   1.0  0.08875640       0.66218531  0.13520391  0.11385438
 1803     H   1.0  0.07732582       0.66265821  0.12939087  0.13062510
 1804     H   1.0  0.16055038       0.56080204  0.10457105  0.17407652
 1805     H   1.0  0.15814457       0.56586885  0.09561359  0.18037298
 1806     H   1.0  0.16083901       0.56444544  0.09549303  0.17922252
 1807     H   1.0  0.15921672       0.56507075  0.09558167  0.18013087
 1808     H   1.0  0.14841763       0.56453097  0.09973446  0.18731694
 1809     H   1.0  0.12166798       0.56904727  0.12596405  0.18332070
 1810     H   1.0  0.08733749       0.65499455  0.14679395  0.11087402
 1811     H   1.0  0.07365675       0.66425294  0.14699718  0.11509313
 1812     H   1.0  0.07162355       0.66856718  0.14159861  0.11821066
 1813     H   1.0  0.05457717       0.52439433  0.10868559  0.31234290
 1814     H   1.0  0.11130734       0.56904876  0.12656894  0.19307496
 1815     H   1.0  0.08975604       0.65341991  0.14783721  0.10898684
 1816     H   1.0  0.07588727       0.65861046  0.14624752  0.11925474
 1817     H   1.0  0.06585575       0.66895437  0.14569613  0.11949374
 1818     H   1.0  0.06201848       0.66836989  0.14653456  0.12307707
 1819     H   1.0  0.06940942       0.66334552  0.14698736  0.12025770
 1820     H   1.0  0.06778045       0.66429299  0.14399655  0.12393001
 1821     H   1.0  0.04694357       0.67303848  0.13947469  0.14054326
 1822     H   1.0  0.04853311       0.67828977  0.14467867  0.12849845
 1823     H   1.0  0.10304249       0.56817096  0.12659661  0.20218993
 1824     H   1.0  0.08753781       0.65715349  0.14734240  0.10796630
 1825     H   1.0  0.07307843       0.66243285  0.14555022  0.11893850
 1826     H   1.0  0.07461008       0.66292715  0.13659455  0.12586822
 1827     H   1.0  0.07429569       0.66274548  0.13596675  0.12699208
 1828     H   1.0  0.07233890       0.66505390  0.13909803  0.12350916
 1829     H   1.0  0.06990386       0.66810840  0.13547513  0.12651261
 1830     H   1.0  0.07173121       0.66828078  0.13713925  0.12284877
 1831     H   1.0  0.06860701       0.66344285  0.14069597  0.12725416
 1832     H   1.0  0.11541070       0.56714064  0.12390261  0.19354605
 1833     H   1.0  0.08327067       0.65999508  0.14545484  0.11127942
 1834     H   1.0  0.07728214       0.66121590  0.13728924  0.12421272
 1835     H   1.0  0.07631512       0.66150498  0.13562524  0.12655465
 1836     H   1.0  0.07082060       0.66557074  0.14071569  0.12289297
 1837     H   1.0  0.12209967       0.56654435  0.12519696  0.18615901
 1838     H   1.0  0.09122673       0.65302759  0.14532420  0.11042148
 1839     H   1.0  0.07990488       0.65952140  0.14064208  0.11993164
 1840     H   1.0  0.07285280       0.66422909  0.13953330  0.12338481
 1841     H   1.0  0.07324450       0.66347641  0.13973668  0.12354241
 1842     H   1.0  0.06826597       0.66803259  0.13866821  0.12503323
 1843     H   1.0  0.07608638       0.66195691  0.13845180  0.12350491
 1844     H   1.0  0.07259668       0.66659826  0.13805245  0.12275261
 1845     H   1.0  0.07326100       0.66809475  0.13447574  0.12416851
 1846     H   1.0  0.12309409       0.56827623  0.12902392  0.17960576
 1847     H   1.0  0.08062189       0.65116090  0.15130474  0.11691247
 1848     H   1.0  0.07267701       0.66410363  0.14120440  0.12201496
 1849     H   1.0  0.07325098       0.66257983  0.14402865  0.12014053
 1850     H   1.0  0.06484595       0.66937858  0.14305435  0.12272112
 1851     H   1.0  0.06963779       0.66172439  0.14809754  0.12054027
 1852     H   1.0  0.06583026       0.66211760  0.13648501  0.13556713
 1853     H   1.0  0.05395405       0.67223650  0.14386222  0.12994723
 1854     H   1.0  0.05385903       0.67700583  0.13857384  0.13056130
 1855     H   1.0  0.11743279       0.56916028  0.12577695  0.18762998
 1856     H   1.0  0.06028852       0.67137700  0.15469539  0.11363908
 1857     H   1.0  0.07911313       0.65889663  0.14344744  0.11854280
 1858     H   1.0  0.09646223       0.64067465  0.13939296  0.12347016
 1859     H   1.0  0.12607278       0.56709868  0.12464593  0.18218261
 1860     H   1.0  0.09770014       0.64950275  0.14119530  0.11160181
 1861     H   1.0  0.09435585       0.65761191  0.13598311  0.11204913
 1862     H   1.0  0.07239809       0.67234582  0.13929062  0.11596548
 1863     H   1.0  0.15079129       0.52468824  0.09882104  0.22569943
 1864     H   1.0  0.12507959       0.57032430  0.12707734  0.17751877
 1865     H   1.0  0.10609251       0.64278388  0.13569282  0.11543079
 1866     H   1.0  0.10056934       0.65000516  0.12869687  0.12072862
 1867     H   1.0  0.10579198       0.64092386  0.12984547  0.12343869
 1868     H   1.0  0.12058749       0.56224316  0.12134735  0.19582200
 1869     H   1.0  0.09380925       0.63880885  0.13807605  0.12930585
 1870     H   1.0  0.08706132       0.66037250  0.13848047  0.11408572
 1871     H   1.0  0.12524390       0.51786292  0.10286136  0.25403183
 1872     H   1.0  0.08353173       0.66306722  0.12554692  0.12785413
 1873     H   1.0  0.09487334       0.65221369  0.12846178  0.12445119
 1874     H   1.0  0.07752341       0.66476816  0.13167296  0.12603547
 1875     H   1.0  0.07095054       0.57809627  0.13318942  0.21776376
 1876     H   1.0  0.11542834       0.63566750  0.13757627  0.11132789
 1877     H   1.0  0.09809225       0.65298426  0.14023238  0.10869110
 1878     H   1.0  0.09138272       0.53103817  0.13377197  0.24380715
 1879     H   1.0  0.08034692       0.66091663  0.13258241  0.12615404
 1880     H   1.0  0.09387918       0.65563685  0.12471374  0.12577023
 1881     H   1.0  0.05596025       0.66886854  0.13901764  0.13615357
 1882     H   1.0  0.03774120       0.56275332  0.11991941  0.27958607
 1883     H   1.0  0.09838278       0.65069783  0.13361725  0.11730214
 1884     H   1.0  0.10067655       0.65188628  0.13114218  0.11629498
 1885     H   1.0  0.11526113       0.57283288  0.12363416  0.18827182
 1886     H   1.0  0.10105316       0.64769459  0.14134274  0.10990950
 1887     H   1.0  0.07843587       0.65991783  0.14166220  0.11998410
 1888     H   1.0  0.06554271       0.66591442  0.14155538  0.12698749
 1889     H   1.0  0.07429503       0.66704530  0.13803317  0.12062651
 1890     H   1.0  0.07843724       0.66080528  0.13949220  0.12126528
 1891     H   1.0  0.07179291       0.66576558  0.13167660  0.13076491
 1892     H   1.0  0.08413471       0.65576851  0.14129072  0.11880606
 1893     H   1.0  0.03812402       0.65558380  0.12719038  0.17910179
 1894     H   1.0  0.09060487       0.65905118  0.13232680  0.11801715
 1895     H   1.0  0.18385453       0.58463258  0.09464286  0.13687003
 1896     H   1.0  0.18848161       0.58329767  0.09004579  0.13817492
 1897     H   1.0  0.18647623       0.58338839  0.09431569  0.13581968
 1898     H   1.0  0.11607927       0.56141931  0.12071654  0.20178488
 1899     H   1.0  0.05817794       0.67196763  0.14786586  0.12198858
 1900     H   1.0  0.08162986       0.65865773  0.14164451  0.11806790
 1901     H   1.0  0.07114380       0.66465920  0.14186738  0.12232961
 1902     H   1.0  0.07226128       0.66506952  0.14435886  0.11831034
 1903     H   1.0  0.07499541       0.66199338  0.13957286  0.12343835
 1904     H   1.0  0.07574495       0.66186529  0.13826881  0.12412094
 1905     H   1.0  0.07346156       0.66488153  0.13966870  0.12198821
 1906     H   1.0  0.06819378       0.66662872  0.13961008  0.12556742
 1907     H   1.0  0.07174165       0.66569734  0.13948853  0.12307248
 1908     H   1.0  0.06560548       0.66660601  0.14055258  0.12723593
 1909     H   1.0  0.10091733       0.57865840  0.12890550  0.19151876
 1910     H   1.0  0.08992446       0.65035802  0.14038794  0.11932958
 1911     H   1.0  0.08903261       0.65363878  0.14158185  0.11574676
 1912     H   1.0  0.14910585       0.56353092  0.11555133  0.17181190
 1913     H   1.0  0.08737080       0.65775144  0.14600784  0.10886993
 1914     H   1.0  0.08050914       0.66491228  0.13669741  0.11788117
 1915     H   1.0  0.08529017       0.65900832  0.13413115  0.12157036
 1916     H   1.0  0.07695612       0.64868128  0.14204390  0.13231869
 1917     H   1.0  0.07774521       0.64852893  0.14298034  0.13074552
 1918     H   1.0  0.07839934       0.64568961  0.14773458  0.12817647
 1919     H   1.0  0.07506312       0.65347350  0.13975070  0.13171268
 1920     H   1.0  0.07772771       0.64635980  0.14527315  0.13063934
 1921     H   1.0  0.14047926       0.56730431  0.12140729  0.17080914
 1922     H   1.0  0.08779277       0.65679926  0.14525630  0.11015168
 1923     H   1.0  0.08899871       0.65509164  0.13515101  0.12075863
 1924     H   1.0  0.07940123       0.66402900  0.13465321  0.12191655
 1925     H   1.0  0.09431596       0.64994514  0.12703429  0.12870461
 1926     H   1.0  0.07878774       0.66262937  0.13525167  0.12333122
 1927     H   1.0  0.10650634       0.56770992  0.11919017  0.20659357
 1928     H   1.0  0.09331031       0.65281415  0.14459510  0.10928044
 1929     H   1.0  0.08767987       0.65401876  0.14090028  0.11740108
 1930     H   1.0  0.07287756       0.66443700  0.14429742  0.11838802
 1931     H   1.0  0.06911408       0.60769302  0.12061574  0.20257717
 1932     H   1.0  0.09663848       0.64754957  0.13808529  0.11772666
 1933     H   1.0  0.10614895       0.56858373  0.12643540  0.19883192
 1934     H   1.0  0.08983519       0.65446675  0.14780952  0.10788854
 1935     H   1.0  0.07240421       0.66308755  0.14686710  0.11764115
 1936     H   1.0  0.07929239       0.65808272  0.14303213  0.11959275
 1937     H   1.0  0.07909260       0.64710176  0.14590880  0.12789684
 1938     H   1.0  0.07199444       0.64743000  0.15116912  0.12940644
 1939     H   1.0  0.07930677       0.64626366  0.14551891  0.12891066
 1940     H   1.0  0.07466653       0.64783281  0.14682789  0.13067277
 1941     H   1.0  0.07379332       0.64869946  0.14736512  0.13014209
 1942     H   1.0  0.08247388       0.56586158  0.12555937  0.22610516
 1943     H   1.0  0.08833916       0.65864396  0.14394227  0.10907461
 1944     H   1.0  0.07060518       0.66534740  0.14378181  0.12026561
 1945     H   1.0  0.06995131       0.66439950  0.14160046  0.12404873
 1946     H   1.0  0.07800336       0.66141826  0.13998874  0.12058964
 1947     H   1.0  0.07949968       0.66054195  0.13760835  0.12235001
 1948     H   1.0  0.08380322       0.66158766  0.13170975  0.12289937
 1949     H   1.0  0.08075502       0.66222757  0.13625562  0.12076179
 1950     H   1.0  0.07684207       0.66319805  0.13618805  0.12377183
 1951     H   1.0  0.08725781       0.66163778  0.13304248  0.11806192
 1952     H   1.0  0.17291620       0.58469129  0.10308698  0.13930554
 1953     H   1.0  0.18269597       0.58593088  0.09471398  0.13665916
 1954     H   1.0  0.17974420       0.58417845  0.09725256  0.13882480
 1955     H   1.0  0.10270844       0.56651157  0.12331417  0.20746581
 1956     H   1.0  0.08575365       0.65671635  0.14672165  0.11080835
 1957     H   1.0  0.07897078       0.66290718  0.14150955  0.11661249
 1958     H   1.0  0.08187005       0.65901655  0.13653286  0.12258054
 1959     H   1.0  0.07968582       0.64826471  0.14061280  0.13143668
 1960     H   1.0  0.06946324       0.64996672  0.14085032  0.13971972
 1961     H   1.0  0.07609837       0.64655304  0.14114481  0.13620378
 1962     H   1.0  0.07914954       0.64332718  0.14717910  0.13034419
 1963     H   1.0  0.08690972       0.52136689  0.10937763  0.28234575
 1964     H   1.0  0.11465074       0.56863105  0.12641175  0.19030645
 1965     H   1.0  0.08793090       0.65540892  0.14720544  0.10945474
 1966     H   1.0  0.06982287       0.66533417  0.14408995  0.12075301
 1967     H   1.0  0.07250224       0.66449910  0.14260744  0.12039122
 1968     H   1.0  0.07757554       0.66109473  0.14342093  0.11790880
 1969     H   1.0  0.07051402       0.66473740  0.14038903  0.12435955
 1970     H   1.0  0.07121532       0.66337997  0.14030357  0.12510115
 1971     H   1.0  0.07097808       0.66715509  0.13906533  0.12280151
 1972     H   1.0  0.07649656       0.66241568  0.13736001  0.12372775
 1973     H   1.0  0.07185253       0.66572189  0.13976751  0.12265806
 1974     H   1.0  0.07439910       0.66262889  0.13831112  0.12466089
 1975     H   1.0  0.07865287       0.56522131  0.12373216  0.23239365
 1976     H   1.0  0.08896965       0.65508217  0.14688304  0.10906514
 1977     H   1.0  0.07779832       0.66068047  0.14498995  0.11653126
 1978     H   1.0  0.08558404       0.65390909  0.14247513  0.11803175
 1979     H   1.0  0.08290974       0.63100505  0.14916542  0.13691979
 1980     H   1.0  0.15140201       0.56254286  0.11224388  0.17381126
 1981     H   1.0  0.08201003       0.64121610  0.14780694  0.12896692
 1982     H   1.0  0.08191393       0.64371538  0.14147118  0.13289952
 1983     H   1.0  0.07912881       0.64584720  0.14344953  0.13157446
 1984     H   1.0  0.07897369       0.64943665  0.14071065  0.13087901
 1985     H   1.0  0.10403477       0.56688583  0.12577035  0.20330905
 1986     H   1.0  0.08694601       0.65466142  0.14728555  0.11110702
 1987     H   1.0  0.09988378       0.64561027  0.13227299  0.12223296
 1988     H   1.0  0.08194698       0.65925330  0.14007539  0.11872434
 1989     H   1.0  0.14696028       0.56926513  0.10808113  0.17569346
 1990     H   1.0  0.14917531       0.56922150  0.10758543  0.17401776
 1991     H   1.0  0.11547463       0.56715918  0.12558092  0.19178527
 1992     H   1.0  0.08032858       0.65221047  0.13676633  0.13069461
 1993     H   1.0  0.09468643       0.64678997  0.13804221  0.12048139
 1994     H   1.0  0.08194789       0.65327746  0.14429182  0.12048284
 1995     H   1.0  0.14138895       0.57054812  0.11100586  0.17705708
 1996     H   1.0  0.11271507       0.56818491  0.10727032  0.21182970
 1997     H   1.0  0.09788319       0.56667745  0.12684055  0.20859881
 1998     H   1.0  0.08983354       0.65501624  0.14807746  0.10707276
 1999     H   1.0  0.07537715       0.65980870  0.14663723  0.11817693
 2000     H   1.0  0.05969368       0.66640192  0.14059091  0.13331349
 2001     H   1.0  0.07341489       0.66684806  0.14004655  0.11969049
 2002     H   1.0  0.07980075       0.66293252  0.13085367  0.12641307
 2003     H   1.0  0.07283057       0.66416460  0.13646848  0.12653634
 2004     H   1.0  0.07425262       0.66450471  0.13858531  0.12265736
 2005     H   1.0  0.07765877       0.66065937  0.13731773  0.12436413
 2006     H   1.0  0.07122524       0.66416562  0.14047836  0.12413079
 2007     H   1.0  0.06700145       0.66890800  0.13860552  0.12548503
 2008     H   1.0  0.11487198       0.56729937  0.12588643  0.19194223
 2009     H   1.0  0.09416784       0.65227753  0.14405636  0.10949826
 2010     H   1.0  0.07288808       0.66435421  0.14176600  0.12099172
 2011     H   1.0  0.08074764       0.66025561  0.13713306  0.12186369
 2012     H   1.0  0.08001369       0.66297108  0.13589659  0.12111864
 2013     H   1.0  0.08257498       0.66050440  0.13442110  0.12249953
 2014     H   1.0  0.08370043       0.66151518  0.13094351  0.12384089
 2015     H   1.0  0.08371348       0.66197062  0.13307902  0.12123688
 2016     H   1.0  0.08801888       0.66267610  0.13156657  0.11773845
 2017     H   1.0  0.08853954       0.66233075  0.13117222  0.11795749
 2018     H   1.0  0.18823811       0.58218789  0.09208556  0.13748844
 2019     H   1.0  0.18364429       0.58437270  0.09515098  0.13683203
 2020     H   1.0  0.18244712       0.58639544  0.09348958  0.13766785
 2021     H   1.0  0.11573597       0.56690013  0.12480529  0.19255861
 2022     H   1.0  0.09064132       0.65494603  0.14382049  0.11059216
 2023     H   1.0  0.07326560       0.66391587  0.14123815  0.12158037
 2024     H   1.0  0.08089422       0.66022253  0.13673323  0.12215001
 2025     H   1.0  0.08390857       0.65815395  0.13536213  0.12257534
 2026     H   1.0  0.08115520       0.66144711  0.13855807  0.11883962
 2027     H   1.0  0.07815729       0.66583234  0.13375993  0.12225044
 2028     H   1.0  0.08370899       0.66096175  0.13210107  0.12322819
 2029     H   1.0  0.08984828       0.66110706  0.13235547  0.11668919
 2030     H   1.0  0.08015433       0.66591930  0.13373302  0.12019334
 2031     H   1.0  0.18156237       0.58551198  0.09629907  0.13662658
 2032     H   1.0  0.18374401       0.58521438  0.09436387  0.13667775
 2033     H   1.0  0.18332944       0.58526731  0.09470716  0.13669610
 2034     H   1.0  0.09682314       0.56421572  0.12663077  0.21233037
 2035     H   1.0  0.08840114       0.65691334  0.14539276  0.10929276
 2036     H   1.0  0.08598112       0.65712386  0.13895091  0.11794410
 2037     H   1.0  0.07949690       0.66082919  0.14379416  0.11587975
 2038     H   1.0  0.07447964       0.63856286  0.14874616  0.13821134
 2039     H   1.0  0.14368029       0.56320679  0.12073674  0.17237618
 2040     H   1.0  0.07505248       0.64486283  0.15017521  0.12990947
 2041     H   1.0  0.07620617       0.64268023  0.14887552  0.13223808
 2042     H   1.0  0.06761706       0.65139270  0.14423850  0.13675174
 2043     H   1.0  0.07432230       0.64448565  0.15070613  0.13048592
 2044     H   1.0  0.10163070       0.56734365  0.12729844  0.20372720
 2045     H   1.0  0.08924756       0.65529633  0.14518233  0.11027379
 2046     H   1.0  0.07074330       0.66585952  0.14330521  0.12009196
 2047     H   1.0  0.07467514       0.65937835  0.14498439  0.12096212
 2048     H   1.0  0.08505575       0.65413380  0.14071159  0.12009887
 2049     H   1.0  0.07408673       0.66683310  0.13918655  0.11989362
 2050     H   1.0  0.14605660       0.57083219  0.10720508  0.17590613
 2051     H   1.0  0.14635590       0.57253695  0.10512281  0.17598434
 2052     H   1.0  0.13204351       0.56763285  0.12427906  0.17604458
 2053     H   1.0  0.09211680       0.65547311  0.14104226  0.11136783
 2054     H   1.0  0.08694991       0.66048545  0.12774393  0.12482071
 2055     H   1.0  0.08282466       0.66149217  0.12953873  0.12614444
 2056     H   1.0  0.07670186       0.66442263  0.13533406  0.12354145
 2057     H   1.0  0.13436835       0.56623650  0.12588671  0.17350845
 2058     H   1.0  0.08913805       0.65620571  0.14537680  0.10927944
 2059     H   1.0  0.08227742       0.65829051  0.14391886  0.11551321
 2060     H   1.0  0.07234380       0.66562968  0.13749796  0.12452856
 2061     H   1.0  0.07445722       0.66638672  0.13681592  0.12234013
 2062     H   1.0  0.07477287       0.66088063  0.13826218  0.12608432
 2063     H   1.0  0.07708536       0.65977728  0.13880178  0.12433557
 2064     H   1.0  0.06847775       0.66675335  0.14043564  0.12433326
 2065     H   1.0  0.07830386       0.66054535  0.13389161  0.12725918
 2066     H   1.0  0.07394819       0.66521502  0.13678385  0.12405294
 2067     H   1.0  0.06726963       0.66974103  0.13746819  0.12552115
 2068     H   1.0  0.10255608       0.56588876  0.12527317  0.20628199
 2069     H   1.0  0.08846813       0.65395129  0.14811102  0.10946957
 2070     H   1.0  0.06939350       0.66393280  0.14491653  0.12175716
 2071     H   1.0  0.07824663       0.65859836  0.14316924  0.11998577
 2072     H   1.0  0.07218724       0.65095115  0.14773472  0.12912690
 2073     H   1.0  0.06461903       0.64614737  0.14564936  0.14358424
 2074     H   1.0  0.07349730       0.64557976  0.14776267  0.13316028
 2075     H   1.0  0.07446136       0.64305478  0.15246044  0.13002342
 2076     H   1.0  0.06934948       0.52080566  0.11229490  0.29754996
 2077     H   1.0  0.13106097       0.56656295  0.12576184  0.17661425
 2078     H   1.0  0.09619523       0.65150380  0.14390424  0.10839673
 2079     H   1.0  0.08598888       0.65874738  0.13579649  0.11946726
 2080     H   1.0  0.07802958       0.66361928  0.13856600  0.11978513
 2081     H   1.0  0.07014275       0.66267610  0.13928653  0.12789462
 2082     H   1.0  0.08427744       0.65924340  0.13764989  0.11882926
 2083     H   1.0  0.08033249       0.66060036  0.13762905  0.12143810
 2084     H   1.0  0.07662782       0.66318536  0.13846356  0.12172326
 2085     H   1.0  0.08720385       0.66356450  0.13076980  0.11846184
 2086     H   1.0  0.09001972       0.65953004  0.13336842  0.11708182
 2087     H   1.0  0.18342049       0.58049858  0.10079502  0.13528591
 2088     H   1.0  0.18292813       0.58554912  0.09214377  0.13937899
 2089     H   1.0  0.16960774       0.58472097  0.10088931  0.14478198
 2090     H   1.0  0.11909924       0.56605244  0.12430475  0.19054358
 2091     H   1.0  0.09242540       0.65443552  0.14144768  0.11169141
 2092     H   1.0  0.07201899       0.66518688  0.14280920  0.11998493
 2093     H   1.0  0.08022181       0.65908104  0.13760671  0.12309044
 2094     H   1.0  0.09246219       0.65348840  0.12962398  0.12442543
 2095     H   1.0  0.07817909       0.66415685  0.13609590  0.12156816
 2096     H   1.0  0.15033928       0.56763524  0.10564765  0.17637784
 2097     H   1.0  0.14910607       0.56958699  0.10566434  0.17564260
 2098     H   1.0  0.11917373       0.56342065  0.12648527  0.19092035
 2099     H   1.0  0.09445706       0.64881384  0.14321752  0.11351158
 2100     H   1.0  0.08823463       0.65456706  0.14070588  0.11649243
 2101     H   1.0  0.08583995       0.65573615  0.14114219  0.11728171
 2102     H   1.0  0.06743711       0.64970797  0.14743742  0.13541749
 2103     H   1.0  0.08141210       0.64585942  0.14350037  0.12922810
 2104     H   1.0  0.07481861       0.64752609  0.14585124  0.13180407
 2105     H   1.0  0.08061569       0.64767867  0.14020734  0.13149830
 2106     H   1.0  0.07856307       0.64847177  0.14121416  0.13175100
 2107     H   1.0  0.13788307       0.56504440  0.12382109  0.17325143
 2108     H   1.0  0.05480281       0.66434735  0.16220756  0.11864229
 2109     H   1.0  0.08373797       0.65562892  0.14289419  0.11773891
 2110     H   1.0  0.09554248       0.64146948  0.14058581  0.12240223
 2111     H   1.0  0.11169435       0.56615889  0.12222489  0.19992187
 2112     H   1.0  0.09603311       0.65328753  0.13806358  0.11261578
 2113     H   1.0  0.09287879       0.65485895  0.13304716  0.11921510
 2114     H   1.0  0.08604571       0.66339487  0.12400817  0.12655125
 2115     H   1.0  0.08454957       0.66264135  0.12624750  0.12656159
 2116     H   1.0  0.08320098       0.66323650  0.13044085  0.12312167
 2117     H   1.0  0.08271309       0.66442353  0.12632416  0.12653922
 2118     H   1.0  0.07591099       0.66172153  0.13538349  0.12698400
 2119     H   1.0  0.07367814       0.66502523  0.13367771  0.12761892
 2120     H   1.0  0.11556147       0.56717634  0.13266800  0.18459419
 2121     H   1.0  0.10431315       0.64535421  0.13520907  0.11512357
 2122     H   1.0  0.10270355       0.64416063  0.12912616  0.12400966
 2123     H   1.0  0.09900532       0.64918423  0.13078406  0.12102639
 2124     H   1.0  0.11289431       0.56254345  0.12206206  0.20250018
 2125     H   1.0  0.09678922       0.64509606  0.13632795  0.12178676
 2126     H   1.0  0.09150051       0.65616953  0.13034709  0.12198287
 2127     H   1.0  0.08221408       0.65892684  0.13444227  0.12441681
 2128     H   1.0  0.08272318       0.66004997  0.12327075  0.13395609
 2129     H   1.0  0.08138693       0.66067684  0.13604529  0.12189094
 2130     H   1.0  0.09204151       0.65654254  0.13153869  0.11987726
 2131     H   1.0  0.08605198       0.66613138  0.13014488  0.11767176
 2132     H   1.0  0.15897013       0.55795366  0.10792030  0.17515592
 2133     H   1.0  0.15942132       0.56515777  0.09457675  0.18084417
 2134     H   1.0  0.13987891       0.56405735  0.09572381  0.20033993
 2135     H   1.0  0.15859027       0.56610107  0.09494461  0.18036404
 2136     H   1.0  0.16329346       0.56252635  0.09594695  0.17823324
 2137     H   1.0  0.08589154       0.57735497  0.14083412  0.19591937
 2138     H   1.0  0.11218062       0.63844979  0.13727975  0.11208984
 2139     H   1.0  0.05755131       0.67401320  0.14680664  0.12162885
 2140     H   1.0  0.09201974       0.65863484  0.13516279  0.11418263
 2141     H   1.0 -0.01985255       0.54653001  0.19432391  0.27899863
 2142     H   1.0  0.08002955       0.56713474  0.12274911  0.23008661
 2143     H   1.0  0.09554253       0.65088195  0.13829294  0.11528259
 2144     H   1.0  0.10438989       0.64518267  0.13561527  0.11481217
 2145     H   1.0  0.09006908       0.57405603  0.12934791  0.20652698
 2146     H   1.0  0.08684236       0.64412767  0.13829508  0.13073489
 2147     H   1.0  0.07979398       0.66218573  0.14511064  0.11290965
 2148     H   1.0  0.11235541       0.52762878  0.12065904  0.23935677
 2149     H   1.0  0.07960333       0.66110677  0.13196947  0.12732043
 2150     H   1.0  0.08314609       0.65563416  0.13719589  0.12402386
 2151     H   1.0  0.06958541       0.66659343  0.13781030  0.12601085
 2152     H   1.0  0.12993151       0.55919921  0.12261309  0.18825619
 2153     H   1.0  0.06239250       0.66642958  0.15068313  0.12049478
 2154     H   1.0  0.08300304       0.65545601  0.14434053  0.11720042
 2155     H   1.0  0.07823313       0.65995854  0.14017908  0.12162925
 2156     H   1.0  0.07344165       0.66307491  0.14003335  0.12345009
 2157     H   1.0  0.07826762       0.66083837  0.13697542  0.12391860
 2158     H   1.0  0.07129266       0.66083628  0.14100398  0.12686708
 2159     H   1.0  0.06524317       0.66955674  0.13926016  0.12593994
 2160     H   1.0  0.06811015       0.66311491  0.13909295  0.12968199
 2161     H   1.0  0.06860849       0.66743249  0.13733484  0.12662419
 2162     H   1.0  0.05996220       0.66999841  0.14008260  0.12995680
 2163     H   1.0 -0.02129372       0.56733030  0.13723485  0.31672857
 2164     H   1.0  0.08706284       0.65258646  0.14104539  0.11930531
 2165     H   1.0  0.08798297       0.65795523  0.13911997  0.11494184
 2166     H   1.0  0.14736314       0.56554770  0.11708470  0.17000445
 2167     H   1.0  0.09453245       0.65266716  0.14170118  0.11109921
 2168     H   1.0  0.07135237       0.67563796  0.13654292  0.11646676
 2169     H   1.0  0.08702175       0.66281736  0.13750362  0.11265726
 2170     H   1.0  0.15388792       0.52392906  0.09618525  0.22599776
 2171     H   1.0  0.14684490       0.56343907  0.11810033  0.17161570
 2172     H   1.0  0.10634847       0.64107794  0.13729104  0.11528255
 2173     H   1.0  0.09134315       0.66092098  0.13391018  0.11382569
 2174     H   1.0  0.08301819       0.66731864  0.13229345  0.11736972
 2175     H   1.0  0.15262758       0.52364022  0.09741424  0.22631796
 2176     H   1.0  0.09534839       0.56518722  0.12243244  0.21703195
 2177     H   1.0  0.09768260       0.64664412  0.14289992  0.11277337
 2178     H   1.0  0.08396971       0.65710944  0.13825268  0.12066818
 2179     H   1.0  0.07416645       0.66489995  0.14175987  0.11917374
 2180     H   1.0  0.09064595       0.64738041  0.13908115  0.12289249
 2181     H   1.0  0.08074673       0.66086119  0.13926522  0.11912685
 2182     H   1.0  0.12521640       0.56829888  0.12324659  0.18323814
 2183     H   1.0  0.08668018       0.65955770  0.14337988  0.11038224
 2184     H   1.0  0.06390366       0.66203803  0.13663779  0.13742052
 2185     H   1.0  0.07824337       0.65920466  0.14226477  0.12028720
 2186     H   1.0  0.08103057       0.65784186  0.14301392  0.11811365
 2187     H   1.0  0.06905566       0.66404152  0.13853851  0.12836431
 2188     H   1.0  0.07021673       0.66324288  0.14081079  0.12572961
 2189     H   1.0  0.07291539       0.66418201  0.14009726  0.12280535
 2190     H   1.0  0.08052710       0.66060293  0.13516806  0.12370191
 2191     H   1.0  0.06506728       0.66603899  0.13105352  0.13784021
 2192     H   1.0  0.07547155       0.66194022  0.13721116  0.12537708
 2193     H   1.0  0.09146173       0.65427494  0.14273258  0.11153076
 2194     H   1.0  0.08646699       0.65296620  0.13698329  0.12358352
 2195     H   1.0  0.08560227       0.65910929  0.13605163  0.11923681
 2196     H   1.0  0.09051619       0.65506446  0.13547629  0.11894305
 2197     H   1.0  0.08943042       0.65186369  0.13324563  0.12546025
 2198     H   1.0  0.08205008       0.65949750  0.14014927  0.11830315
 2199     H   1.0  0.07617338       0.65184611  0.13535893  0.13662158
 2200     H   1.0  0.14538461       0.56600904  0.11740404  0.17120231
 2201     H   1.0  0.09698187       0.65318918  0.13310510  0.11672385
 2202     H   1.0  0.08904241       0.65878910  0.13806833  0.11410016
 2203     H   1.0  0.12223588       0.56808949  0.12511431  0.18456032
 2204     H   1.0  0.08605994       0.65808243  0.14593291  0.10992472
 2205     H   1.0  0.08551771       0.65772712  0.13585646  0.12089870
 2206     H   1.0  0.07566145       0.66319627  0.13686697  0.12427531
 2207     H   1.0  0.06889348       0.66587883  0.14260013  0.12262755
 2208     H   1.0  0.09899259       0.56690234  0.12602057  0.20808451
 2209     H   1.0  0.09203952       0.65346843  0.14723921  0.10725284
 2210     H   1.0  0.08250395       0.65782475  0.14280741  0.11686389
 2211     H   1.0  0.07734302       0.65932411  0.14319801  0.12013486
 2212     H   1.0  0.07159144       0.64989501  0.14746788  0.13104566
 2213     H   1.0  0.07418079       0.65050125  0.14654219  0.12877577
 2214     H   1.0  0.07868206       0.64659882  0.14784442  0.12687471
 2215     H   1.0  0.07497412       0.64869869  0.14769042  0.12863678
 2216     H   1.0  0.05863040       0.64989358  0.15443890  0.13703712
 2217     H   1.0  0.11396001       0.56631452  0.12479746  0.19492801
 2218     H   1.0  0.09050032       0.65403390  0.14528391  0.11018187
 2219     H   1.0  0.08198230       0.65871674  0.13697240  0.12232856
 2220     H   1.0  0.07028774       0.66407877  0.14417438  0.12145910
 2221     H   1.0  0.07681602       0.65731341  0.14306054  0.12281004
 2222     H   1.0  0.07704436       0.65812713  0.13675343  0.12807509
 2223     H   1.0  0.11572514       0.56492555  0.12508477  0.19426453
 2224     H   1.0  0.09562200       0.65237963  0.13985738  0.11214098
 2225     H   1.0  0.08674600       0.65577084  0.13331564  0.12416753
 2226     H   1.0  0.07403217       0.66466689  0.13440831  0.12689263
 2227     H   1.0  0.07077278       0.66208220  0.14225364  0.12489139
 2228     H   1.0  0.11325535       0.56564021  0.12760620  0.19349824
 2229     H   1.0  0.09533234       0.64986658  0.14251366  0.11228742
 2230     H   1.0  0.08021537       0.65966511  0.13774817  0.12237136
 2231     H   1.0  0.07912761       0.65864658  0.13830915  0.12391666
 2232     H   1.0  0.06558524       0.66722488  0.14143619  0.12575368
 2233     H   1.0  0.10732250       0.57016587  0.12217031  0.20034131
 2234     H   1.0  0.09757249       0.65295565  0.13394977  0.11552209
 2235     H   1.0  0.09753984       0.65290886  0.13016632  0.11938497
 2236     H   1.0  0.09994408       0.56687421  0.12303536  0.21014636
 2237     H   1.0  0.08368633       0.65910178  0.14362067  0.11359121
 2238     H   1.0  0.08734102       0.65527713  0.13786429  0.11951756
 2239     H   1.0  0.07979728       0.66074657  0.14223838  0.11721777
 2240     H   1.0  0.07280372       0.64936197  0.14850692  0.12932738
 2241     H   1.0  0.07258381       0.65022033  0.14532690  0.13186896
 2242     H   1.0  0.07740288       0.64710498  0.14741349  0.12807865
 2243     H   1.0  0.07629878       0.64872849  0.14444464  0.13052809
 2244     H   1.0  0.07657828       0.64929068  0.14264691  0.13148413
 2245     H   1.0  0.15143193       0.56497085  0.11535157  0.16824566
 2246     H   1.0  0.09049131       0.65761161  0.14063428  0.11126280
 2247     H   1.0  0.10508233       0.64861345  0.12857948  0.11772474
 2248     H   1.0  0.08926460       0.65803003  0.13263074  0.12007463
 2249     H   1.0  0.16583363       0.56310999  0.10986411  0.16119227
 2250     H   1.0  0.08697212       0.63053602  0.14246957  0.14002229
 2251     H   1.0  0.10095986       0.62692595  0.14019802  0.13191618
 2252     H   1.0  0.14610254       0.56464702  0.12018232  0.16906812
 2253     H   1.0  0.09755183       0.64848274  0.14066495  0.11330048
 2254     H   1.0  0.08072337       0.66399550  0.13451241  0.12076871
 2255     H   1.0  0.07761195       0.66217458  0.13847950  0.12173397
 2256     H   1.0  0.08081879       0.65918350  0.14163014  0.11836756
 2257     H   1.0  0.07912973       0.66247576  0.13464575  0.12374876
 2258     H   1.0  0.07562341       0.66249543  0.13719876  0.12468239
 2259     H   1.0  0.07429858       0.66723573  0.13500035  0.12346534
 2260     H   1.0  0.07554555       0.66555029  0.13410814  0.12479601
 2261     H   1.0  0.07836119       0.66458958  0.13284250  0.12420673
 2262     H   1.0  0.07321964       0.66642290  0.13418387  0.12617359
 2263     H   1.0  0.14780036       0.56638455  0.11766089  0.16815420
 2264     H   1.0  0.10272196       0.64381266  0.13675392  0.11671146
 2265     H   1.0  0.09097278       0.66008306  0.12810405  0.12084011
 2266     H   1.0  0.10092882       0.64869457  0.12749572  0.12288088
 2267     H   1.0  0.15412828       0.56960309  0.10236463  0.17390400
 2268     H   1.0  0.15667087       0.57050782  0.09875159  0.17406972
 2269     H   1.0  0.15059822       0.56715363  0.11118767  0.17106048
 2270     H   1.0  0.09503951       0.65613157  0.13844857  0.11038036
 2271     H   1.0  0.07600360       0.66531980  0.13602656  0.12265003
 2272     H   1.0  0.08761948       0.66100371  0.12643506  0.12494176
 2273     H   1.0  0.09781098       0.64994317  0.12476419  0.12748166
 2274     H   1.0  0.08478409       0.65966475  0.13388614  0.12166501
 2275     H   1.0  0.14517078       0.56388396  0.12018071  0.17076455
 2276     H   1.0  0.09214512       0.65354908  0.14421467  0.11009113
 2277     H   1.0  0.09024139       0.65931135  0.13282117  0.11762609
 2278     H   1.0  0.09938816       0.65259933  0.12930092  0.11871158
 2279     H   1.0  0.16782881       0.56196302  0.11028448  0.15992368
 2280     H   1.0  0.08949198       0.63091803  0.13823521  0.14135478
 2281     H   1.0  0.10446587       0.62665826  0.13730478  0.13157109
 2282     H   1.0  0.09124155       0.56481177  0.12535007  0.21859661
 2283     H   1.0  0.08750504       0.65617973  0.14151400  0.11480123
 2284     H   1.0  0.08851258       0.65584815  0.13501605  0.12062322
 2285     H   1.0  0.07096488       0.66590267  0.13984925  0.12328320
 2286     H   1.0  0.09473279       0.65385580  0.13240187  0.11900954
 2287     H   1.0  0.08144635       0.66551864  0.12605160  0.12698340
 2288     H   1.0  0.08429918       0.66258973  0.12776586  0.12534522
 2289     H   1.0  0.07402962       0.66516113  0.13080372  0.13000553
 2290     H   1.0  0.08247675       0.66375303  0.12702219  0.12674803
 2291     H   1.0  0.07424596       0.66564298  0.13527058  0.12484048
 2292     H   1.0  0.06542755       0.66495240  0.13093482  0.13868523
 2293     H   1.0  0.09653615       0.56700963  0.12370875  0.21274547
 2294     H   1.0  0.09322088       0.65517849  0.14327200  0.10832863
 2295     H   1.0  0.09376323       0.65272111  0.13339905  0.12011661
 2296     H   1.0  0.07722818       0.66542000  0.13892230  0.11842952
 2297     H   1.0  0.08322473       0.64455444  0.14458038  0.12764045
 2298     H   1.0  0.07600539       0.65032780  0.14311673  0.13055008
 2299     H   1.0  0.08085388       0.64285016  0.14672986  0.12956610
 2300     H   1.0  0.07559457       0.64373183  0.14626499  0.13440861
 2301     H   1.0  0.14002292       0.52218485  0.10727854  0.23051369
 2302     H   1.0  0.10854753       0.56692076  0.12392750  0.20060420
 2303     H   1.0  0.09602840       0.65142125  0.14208540  0.11046495
 2304     H   1.0  0.08106379       0.66540021  0.13721234  0.11632367
 2305     H   1.0  0.07590679       0.66810411  0.14126554  0.11472356
 2306     H   1.0  0.11769319       0.52577949  0.10031709  0.25621023
 2307     H   1.0  0.12917495       0.56680512  0.12433104  0.17968888
 2308     H   1.0  0.08574995       0.65995651  0.14303415  0.11125939
 2309     H   1.0  0.06529263       0.66889066  0.14164585  0.12417087
 2310     H   1.0  0.08225518       0.65926415  0.13485806  0.12362261
 2311     H   1.0  0.07749418       0.66531956  0.13273309  0.12445317
 2312     H   1.0  0.07873218       0.66014075  0.13933566  0.12179141
 2313     H   1.0  0.08364079       0.65887666  0.13311689  0.12436567
 2314     H   1.0  0.06583955       0.67335975  0.13225673  0.12854397
 2315     H   1.0  0.05599672       0.67547143  0.14018700  0.12834486
 2316     H   1.0  0.10948519       0.56688428  0.12588899  0.19774155
 2317     H   1.0  0.08453777       0.65725613  0.14849742  0.10970869
 2318     H   1.0  0.07614902       0.65964234  0.14367339  0.12053525
 2319     H   1.0  0.08014667       0.66079926  0.13684390  0.12221016
 2320     H   1.0  0.06022272       0.66718596  0.13829754  0.13429378
 2321     H   1.0  0.07807007       0.65945297  0.13955842  0.12291854
 2322     H   1.0  0.07400523       0.66268563  0.13907696  0.12423217
 2323     H   1.0  0.06435603       0.66726077  0.14456733  0.12381588
 2324     H   1.0  0.07943619       0.66197187  0.13349421  0.12509773
 2325     H   1.0  0.06669009       0.66837817  0.13882488  0.12610685
 2326     H   1.0  0.06501675       0.66877830  0.13952519  0.12667976
 2327     H   1.0  0.10050544       0.56635404  0.12415542  0.20898510
 2328     H   1.0  0.08353709       0.65586948  0.14406562  0.11652781
 2329     H   1.0  0.08060691       0.65942323  0.14062658  0.11934328
 2330     H   1.0  0.08192553       0.66097885  0.13385898  0.12323664
 2331     H   1.0  0.07252809       0.66432410  0.13637394  0.12677386
 2332     H   1.0  0.08371359       0.66100228  0.12902234  0.12626179
 2333     H   1.0  0.07831164       0.66199487  0.13272952  0.12696397
 2334     H   1.0  0.06962982       0.66831964  0.13635030  0.12570023
 2335     H   1.0  0.07412418       0.66055131  0.13157217  0.13375233
 2336     H   1.0  0.07067683       0.66604841  0.13633905  0.12693571
 2337     H   1.0  0.07178300       0.66464365  0.13720296  0.12637039
 2338     H   1.0  0.11364143       0.56624120  0.12383462  0.19628275
 2339     H   1.0  0.09300512       0.65426135  0.14261749  0.11011604
 2340     H   1.0  0.08519107       0.65953428  0.13484044  0.12043421
 2341     H   1.0  0.07451053       0.66270739  0.14154059  0.12124150
 2342     H   1.0  0.08271942       0.66045839  0.13483977  0.12198243
 2343     H   1.0  0.08770669       0.65974069  0.12971006  0.12284256
 2344     H   1.0  0.09380085       0.66242081  0.12494928  0.11882906
 2345     H   1.0  0.08988163       0.66462266  0.12747519  0.11802052
 2346     H   1.0  0.15875680       0.56173819  0.10442350  0.17508151
 2347     H   1.0  0.16009718       0.56247139  0.09951257  0.17791886
 2348     H   1.0  0.14594081       0.56456846  0.10068395  0.18880678
 2349     H   1.0  0.15997417       0.56147623  0.10070812  0.17784148
 2350     H   1.0  0.15665299       0.56452495  0.10035036  0.17847171
 2351     H   1.0  0.12134841       0.56694645  0.12462378  0.18708136
 2352     H   1.0  0.09129536       0.65600842  0.14113767  0.11155854
 2353     H   1.0  0.08130488       0.65895182  0.13908532  0.12065797
 2354     H   1.0  0.08098771       0.66223246  0.13400574  0.12277409
 2355     H   1.0  0.07287437       0.66310167  0.14190844  0.12211552
 2356     H   1.0  0.08556788       0.65674752  0.13574779  0.12193681
 2357     H   1.0  0.09263441       0.66116047  0.13065885  0.11554627
 2358     H   1.0  0.07795511       0.66910607  0.13578206  0.11715676
 2359     H   1.0  0.15613249       0.56285965  0.10424483  0.17676303
 2360     H   1.0  0.16021514       0.56043720  0.10189319  0.17745447
 2361     H   1.0  0.09835263       0.56806153  0.10955015  0.22403570
 2362     H   1.0  0.16171092       0.56195754  0.09888972  0.17744182
 2363     H   1.0  0.15724422       0.56513125  0.09887965  0.17874489
 2364     H   1.0  0.06618699       0.56311613  0.12319899  0.24749789
 2365     H   1.0  0.09418038       0.64669138  0.14367586  0.11545237
 2366     H   1.0  0.08564618       0.65505707  0.14207298  0.11722378
 2367     H   1.0  0.07300659       0.66236115  0.13877000  0.12586226
 2368     H   1.0  0.07020363       0.64925325  0.15032077  0.13022235
 2369     H   1.0  0.07924960       0.64434272  0.14790381  0.12850387
 2370     H   1.0  0.07367962       0.64397436  0.14839575  0.13395027
 2371     H   1.0  0.08122279       0.64116508  0.14599223  0.13161989
 2372     H   1.0  0.16185762       0.52059835  0.09962153  0.21792249
 2373     H   1.0  0.11425843       0.56696069  0.12397590  0.19480498
 2374     H   1.0  0.08734765       0.65066159  0.14572822  0.11626255
 2375     H   1.0  0.07192611       0.66980177  0.14201653  0.11625559
 2376     H   1.0  0.07083869       0.66562909  0.14777468  0.11575754
 2377     H   1.0  0.13541517       0.52767426  0.10697642  0.22993415
 2378     H   1.0  0.02501566       0.55824423  0.12095382  0.29578629
 2379     H   1.0  0.10004562       0.64733601  0.13670655  0.11591183
 2380     H   1.0  0.09578660       0.64975291  0.13153243  0.12292806
 2381     H   1.0  0.09445421       0.65143412  0.12918775  0.12492391
 2382     H   1.0  0.14344089       0.56931615  0.11099011  0.17625285
 2383     H   1.0  0.08984613       0.65143663  0.13912579  0.11959145
 2384     H   1.0  0.09332321       0.65599108  0.13008380  0.12060191
 2385     H   1.0  0.08735491       0.66164917  0.12919091  0.12180502
 2386     H   1.0  0.09091546       0.65808499  0.12684755  0.12415200
 2387     H   1.0  0.09538748       0.65127391  0.12436891  0.12896970
 2388     H   1.0  0.13854643       0.56302398  0.11674754  0.18168204
 2389     H   1.0  0.10314710       0.65185910  0.12812552  0.11686828
 2390     H   1.0  0.10071475       0.65140361  0.12972896  0.11815268
 2391     H   1.0  0.06603378       0.56491840  0.11865593  0.25039189
 2392     H   1.0  0.09417751       0.65554208  0.13570791  0.11457250
 2393     H   1.0  0.10347208       0.64951974  0.13122714  0.11578104
 2394     H   1.0  0.03708559       0.56293857  0.12248721  0.27748863
 2395     H   1.0  0.08651926       0.65802205  0.14442888  0.11102982
 2396     H   1.0  0.10099026       0.64631385  0.13190709  0.12078881
 2397     H   1.0  0.06925330       0.66661173  0.13757996  0.12655500
 2398     H   1.0  0.14709381       0.57074910  0.10472208  0.17743500
 2399     H   1.0  0.14700202       0.57106203  0.10596921  0.17596674
 2400     H   1.0  0.11557264       0.56556642  0.12119965  0.19766129
 2401     H   1.0  0.07870523       0.66327900  0.14460236  0.11341341
 2402     H   1.0  0.06865027       0.66611415  0.14588667  0.11934891
 2403     H   1.0  0.06964074       0.66759074  0.13855326  0.12421527
 2404     H   1.0  0.05310438       0.67170537  0.14730968  0.12788058
 2405     H   1.0  0.06879574       0.66102540  0.14909695  0.12108190
 2406     H   1.0  0.07190810       0.66247410  0.14131510  0.12430270
 2407     H   1.0  0.04964869       0.67433482  0.13880660  0.13720989
 2408     H   1.0  0.05303933       0.67753649  0.14025274  0.12917145
 2409     H   1.0  0.07667962       0.56549180  0.11806224  0.23976634
 2410     H   1.0  0.08997362       0.65236545  0.14403152  0.11362941
 2411     H   1.0  0.09088047       0.65102226  0.13692069  0.12117659
 2412     H   1.0  0.08557885       0.64540941  0.13999164  0.12902010
 2413     H   1.0  0.10563031       0.56830531  0.12350824  0.20255613
 2414     H   1.0  0.08097547       0.66167265  0.14769448  0.10965740
 2415     H   1.0  0.07274130       0.66698635  0.14248428  0.11778807
 2416     H   1.0  0.07721475       0.65855181  0.14352450  0.12070894
 2417     H   1.0  0.07142363       0.65017605  0.14870234  0.12969799
 2418     H   1.0  0.07428063       0.64855647  0.14830019  0.12886272
 2419     H   1.0  0.07036718       0.64917022  0.14805855  0.13240405
 2420     H   1.0  0.07607918       0.64618933  0.14825395  0.12947754
 2421     H   1.0  0.07337983       0.64731222  0.14927799  0.13002996
 2422     H   1.0  0.12887048       0.56911278  0.12621635  0.17580039
 2423     H   1.0  0.09240494       0.65179819  0.14473821  0.11105866
 2424     H   1.0  0.09399250       0.64460140  0.14116485  0.12024124
 2425     H   1.0  0.09057912       0.65000421  0.14329392  0.11612275
 2426     H   1.0  0.10460528       0.57407719  0.13364452  0.18767301
 2427     H   1.0  0.08955314       0.65690154  0.14653210  0.10701322
 2428     H   1.0  0.09408059       0.64790529  0.14238384  0.11563028
 2429     H   1.0  0.08297382       0.64985591  0.14631148  0.12085880
 2430     H   1.0  0.07296347       0.59349853  0.15589800  0.17763999
 2431     H   1.0  0.08711398       0.58254868  0.13662854  0.19370881
 2432     H   1.0  0.10313094       0.56872821  0.12800567  0.20013518
 2433     H   1.0  0.05671707       0.66201818  0.16000763  0.12125712
 2434     H   1.0  0.07240832       0.66255164  0.14779624  0.11724379
 2435     H   1.0  0.07335632       0.66044760  0.14654933  0.11964675
 2436     H   1.0  0.07375040       0.64825290  0.15005393  0.12794276
 2437     H   1.0  0.06569160       0.64922756  0.15445636  0.13062448
 2438     H   1.0  0.06710032       0.64978701  0.15017444  0.13293823
 2439     H   1.0  0.07139895       0.64992487  0.14890189  0.12977428
 2440     H   1.0  0.07247348       0.64838880  0.14858888  0.13054883
 2441     H   1.0  0.10089875       0.56918842  0.12754820  0.20236463
 2442     H   1.0  0.08374367       0.65718335  0.14871067  0.11036231
 2443     H   1.0  0.07537767       0.66034466  0.14692974  0.11734793
 2444     H   1.0  0.06882184       0.66441995  0.14341196  0.12334625
 2445     H   1.0  0.06183869       0.66550839  0.14444965  0.12820327
 2446     H   1.0  0.07635750       0.66114044  0.13867244  0.12382962
 2447     H   1.0  0.06959751       0.66405863  0.14176385  0.12458001
 2448     H   1.0  0.06712290       0.66736150  0.14216647  0.12334914
 2449     H   1.0  0.07122381       0.66350776  0.13940197  0.12586646
 2450     H   1.0  0.06263107       0.67052305  0.14168654  0.12515934
 2451     H   1.0  0.06518829       0.66820467  0.14108717  0.12551987
 2452     H   1.0  0.11559254       0.56759667  0.12643315  0.19037763
 2453     H   1.0  0.08785198       0.65220624  0.14928125  0.11066053
 2454     H   1.0  0.06996684       0.67033201  0.14450684  0.11519430
 2455     H   1.0  0.08679247       0.65604854  0.14661878  0.11054021
 2456     H   1.0  0.08560588       0.52925259  0.11527336  0.26986817
 2457     H   1.0  0.10262649       0.56743306  0.12803392  0.20190653
 2458     H   1.0  0.08016821       0.65804052  0.15185511  0.10993615
 2459     H   1.0  0.05514047       0.67216599  0.14969023  0.12300331
 2460     H   1.0  0.07043832       0.65821171  0.14770819  0.12364178
 2461     H   1.0  0.02293652       0.59204185  0.18741511  0.19760652
 2462     H   1.0  0.11958776       0.56769770  0.12773177  0.18498277
 2463     H   1.0  0.08115665       0.66073453  0.14423707  0.11387174
 2464     H   1.0  0.07730610       0.65958369  0.14470465  0.11840555
 2465     H   1.0  0.07142994       0.66021466  0.14786902  0.12048638
 2466     H   1.0  0.07537553       0.65922159  0.14673510  0.11866778
 2467     H   1.0  0.07378675       0.66178387  0.13943140  0.12499797
 2468     H   1.0  0.07170341       0.66194975  0.14172730  0.12461953
 2469     H   1.0  0.06765628       0.66818148  0.14028153  0.12388071
 2470     H   1.0  0.07092433       0.66381222  0.13991030  0.12535315
 2471     H   1.0  0.06850190       0.66839343  0.13932855  0.12377611
 2472     H   1.0  0.06689387       0.66640091  0.13761015  0.12909507
 2473     H   1.0  0.11303135       0.56742591  0.12805246  0.19149029
 2474     H   1.0  0.08656391       0.65614754  0.14903152  0.10825703
 2475     H   1.0  0.07152392       0.66239947  0.14874247  0.11733414
 2476     H   1.0  0.07325554       0.66318804  0.13986905  0.12368737
 2477     H   1.0  0.06987562       0.66691285  0.13771686  0.12549467
 2478     H   1.0  0.07150347       0.66363531  0.14167786  0.12318336
 2479     H   1.0  0.06416447       0.66579056  0.14525394  0.12479103
 2480     H   1.0  0.06812374       0.66706806  0.14173096  0.12307723
 2481     H   1.0  0.05220500       0.66455901  0.14240503  0.14083096
 2482     H   1.0  0.11982325       0.56807393  0.12692136  0.18518146
 2483     H   1.0  0.08722339       0.65823227  0.14639935  0.10814499
 2484     H   1.0  0.07426825       0.66272926  0.14445339  0.11854909
 2485     H   1.0  0.08121103       0.65820152  0.14138518  0.11920227
 2486     H   1.0  0.07055700       0.66175747  0.13819653  0.12948900
 2487     H   1.0  0.07731047       0.66238576  0.14042307  0.11988069
 2488     H   1.0  0.09146176       0.65735567  0.13671876  0.11446380
 2489     H   1.0  0.07850163       0.66723800  0.14031185  0.11394852
 2490     H   1.0  0.15420929       0.56299400  0.10653064  0.17626606
 2491     H   1.0  0.04999821       0.55926406  0.11342057  0.27731716
 2492     H   1.0  0.14366006       0.55975622  0.11003088  0.18655284
 2493     H   1.0  0.10953771       0.56382579  0.10505969  0.22157682
 2494     H   1.0  0.15287443       0.56620920  0.10053762  0.18037875
 2495     H   1.0  0.08122118       0.56424952  0.12492298  0.22960632
 2496     H   1.0  0.08550600       0.65845001  0.14500459  0.11103941
 2497     H   1.0  0.07415117       0.66382778  0.14284177  0.11917928
 2498     H   1.0  0.07688755       0.65979385  0.14277172  0.12054688
 2499     H   1.0  0.07649153       0.66318524  0.14275947  0.11756375
 2500     H   1.0  0.07359117       0.66715699  0.13360572  0.12564612
 2501     H   1.0  0.07686818       0.66454822  0.13197935  0.12660426
 2502     H   1.0  0.07844147       0.66452825  0.13399348  0.12303680
 2503     H   1.0  0.07056426       0.66525275  0.13954557  0.12463742
 2504     H   1.0  0.07288621       0.66564649  0.13958181  0.12188548
 2505     H   1.0  0.07603013       0.66269487  0.13768125  0.12359376
 2506     H   1.0  0.08219910       0.56376445  0.12411715  0.22991930
 2507     H   1.0  0.08208772       0.66015780  0.14732119  0.11043328
 2508     H   1.0  0.07269564       0.66068405  0.14838399  0.11823632
 2509     H   1.0  0.07631727       0.65598166  0.14221166  0.12548941
 2510     H   1.0  0.12588625       0.56689310  0.12684152  0.18037914
 2511     H   1.0  0.08610146       0.65980470  0.14408955  0.11000429
 2512     H   1.0  0.08087469       0.65674520  0.13935989  0.12302022
 2513     H   1.0  0.07368160       0.66211116  0.13994709  0.12426015
 2514     H   1.0  0.06663482       0.66478986  0.14503787  0.12353745
 2515     H   1.0  0.09784947       0.56406230  0.12722971  0.21085853
 2516     H   1.0  0.06750625       0.66013503  0.15116133  0.12119739
 2517     H   1.0  0.08297368       0.65924233  0.13755496  0.12022903
 2518     H   1.0  0.08317055       0.65820903  0.13948922  0.11913121
 2519     H   1.0  0.07671643       0.66100454  0.13780671  0.12447231
 2520     H   1.0  0.06811305       0.66379946  0.14384902  0.12423847
 2521     H   1.0  0.07836781       0.65940487  0.13680007  0.12542725
 2522     H   1.0  0.05964054       0.67517060  0.13829380  0.12689506
 2523     H   1.0  0.06388814       0.67225802  0.13766222  0.12619162
 2524     H   1.0  0.11312617       0.56640798  0.12533908  0.19512678
 2525     H   1.0  0.09156387       0.65301931  0.14651652  0.10890030
 2526     H   1.0  0.08803117       0.65704346  0.13542198  0.11950339
 2527     H   1.0  0.08228353       0.65948367  0.14132658  0.11690622
 2528     H   1.0  0.07714646       0.65176922  0.13968375  0.13140057
 2529     H   1.0  0.07470891       0.64738595  0.14742397  0.13048117
 2530     H   1.0  0.08287199       0.64779222  0.13669823  0.13263756
 2531     H   1.0  0.07718413       0.64932597  0.14475192  0.12873798
 2532     H   1.0  0.08156056       0.64904189  0.13786465  0.13153290
 2533     H   1.0  0.11626538       0.56500185  0.12366994  0.19506283
 2534     H   1.0  0.08788811       0.65925264  0.14281225  0.11004700
 2535     H   1.0  0.08611611       0.65766317  0.13599326  0.12022746
 2536     H   1.0  0.07707787       0.66155493  0.14190441  0.11946278
 2537     H   1.0  0.07433488       0.66209370  0.14074312  0.12282830
 2538     H   1.0  0.08299662       0.66002554  0.13403989  0.12293795
 2539     H   1.0  0.08337262       0.66374832  0.13331477  0.11956428
 2540     H   1.0  0.08285597       0.66612101  0.13046874  0.12055428
 2541     H   1.0  0.11178955       0.56222612  0.12142219  0.20456214
 2542     H   1.0  0.15817287       0.56340319  0.09966859  0.17875535
 2543     H   1.0  0.13836319       0.56691176  0.10093686  0.19378819
 2544     H   1.0  0.14527895       0.56230062  0.11416005  0.17826039
 2545     H   1.0  0.14517365       0.56113130  0.11733320  0.17636186
 2546     H   1.0  0.11453295       0.56450540  0.12240250  0.19855915
 2547     H   1.0  0.09399575       0.65654308  0.13866906  0.11079212
 2548     H   1.0  0.08423752       0.66159624  0.13061218  0.12355407
 2549     H   1.0  0.08493860       0.65733939  0.13261332  0.12510869
 2550     H   1.0  0.07572978       0.66458273  0.13682722  0.12286028
 2551     H   1.0  0.13097487       0.56409013  0.12416764  0.18076736
 2552     H   1.0  0.09196072       0.65610212  0.14330028  0.10863688
 2553     H   1.0  0.08471646       0.65942115  0.13828300  0.11757940
 2554     H   1.0  0.09201233       0.65470713  0.13473336  0.11854717
 2555     H   1.0  0.08667522       0.64580679  0.13929836  0.12821963
 2556     H   1.0  0.08423743       0.64589995  0.14079480  0.12906782
 2557     H   1.0  0.08326208       0.64674985  0.13893771  0.13105036
 2558     H   1.0  0.08230410       0.64614248  0.14014675  0.13140667
 2559     H   1.0  0.07544062       0.65212709  0.13957042  0.13286188
 2560     H   1.0  0.11680546       0.56485146  0.12367371  0.19466937
 2561     H   1.0  0.09472732       0.65373641  0.14196749  0.10956877
 2562     H   1.0  0.08987089       0.65767694  0.13200161  0.12045057
 2563     H   1.0  0.07991388       0.66270906  0.13862403  0.11875303
 2564     H   1.0  0.07779863       0.66272336  0.13890724  0.12057076
 2565     H   1.0  0.08207703       0.66315997  0.13290523  0.12185777
 2566     H   1.0  0.08161435       0.66472626  0.13127996  0.12237943
 2567     H   1.0  0.08287297       0.66245860  0.13529623  0.11937221
 2568     H   1.0  0.08562391       0.66492260  0.13248338  0.11697011
 2569     H   1.0  0.08821424       0.66406655  0.12878311  0.11893610
 2570     H   1.0  0.18973147       0.58019227  0.09257547  0.13750079
 2571     H   1.0  0.18503356       0.58250231  0.09731922  0.13514491
 2572     H   1.0  0.18344359       0.58662862  0.09254035  0.13738745
 2573     H   1.0  0.10987616       0.56292683  0.12164336  0.20555365
 2574     H   1.0  0.09770157       0.65147269  0.13464092  0.11618483
 2575     H   1.0  0.08275907       0.66634381  0.13466945  0.11622766
 2576     H   1.0  0.09634209       0.65751177  0.13405834  0.11208780
 2577     H   1.0  0.13022276       0.52722621  0.10811801  0.23443302
 2578     H   1.0  0.12601528       0.56478155  0.12617807  0.18302510
 2579     H   1.0  0.09860695       0.64862525  0.13899197  0.11377583
 2580     H   1.0  0.08049754       0.66337073  0.13436699  0.12176474
 2581     H   1.0  0.07755234       0.66104472  0.14107592  0.12032701
 2582     H   1.0  0.08624740       0.65907449  0.13421384  0.12046428
 2583     H   1.0  0.08489513       0.66383404  0.12479914  0.12647170
 2584     H   1.0  0.07866554       0.66468304  0.12736706  0.12928435
 2585     H   1.0  0.07991245       0.66267741  0.13319770  0.12421244
 2586     H   1.0  0.07998193       0.66230053  0.13211845  0.12559909
 2587     H   1.0  0.08195265       0.66093522  0.13410424  0.12300789
 2588     H   1.0  0.07546213       0.66608280  0.13286333  0.12559174
 2589     H   1.0  0.11522834       0.56656790  0.12259590  0.19560787
 2590     H   1.0  0.09425742       0.64762503  0.14354292  0.11457463
 2591     H   1.0  0.07932946       0.65812904  0.14275046  0.11979105
 2592     H   1.0  0.09088876       0.64811152  0.13484909  0.12615063
 2593     H   1.0  0.15162579       0.56537962  0.11346143  0.16953317
 2594     H   1.0  0.09647123       0.65235895  0.13767655  0.11349327
 2595     H   1.0  0.08655162       0.66178334  0.12889118  0.12277385
 2596     H   1.0  0.08701125       0.66056609  0.12957397  0.12284869
 2597     H   1.0  0.08948761       0.66036594  0.12768191  0.12246454
 2598     H   1.0  0.08305838       0.66328365  0.13115662  0.12250135
 2599     H   1.0  0.09040921       0.65478700  0.12875211  0.12605167
 2600     H   1.0  0.08283625       0.66226304  0.13206115  0.12283956
 2601     H   1.0  0.09158660       0.66389060  0.12598905  0.11853375
 2602     H   1.0  0.09569243       0.66034746  0.12379113  0.12016898
 2603     H   1.0  0.18892941       0.58177686  0.09283587  0.13645786
 2604     H   1.0  0.19117115       0.58336365  0.08709855  0.13836665
 2605     H   1.0  0.17877632       0.58721495  0.09400921  0.13999953
 2606     H   1.0  0.15168113       0.56254524  0.11465200  0.17112163
 2607     H   1.0  0.10059867       0.64614838  0.13855723  0.11469572
 2608     H   1.0  0.09923764       0.64476579  0.13018660  0.12580997
 2609     H   1.0  0.08781011       0.65587628  0.13315360  0.12316001
 2610     H   1.0  0.12258224       0.56658018  0.11629945  0.19453813
 2611     H   1.0  0.09598613       0.65858120  0.12974724  0.11568543
 2612     H   1.0  0.10696485       0.64610177  0.12880751  0.11812587
 2613     H   1.0  0.10181854       0.56528503  0.12134554  0.21155089
 2614     H   1.0  0.10646651       0.64418972  0.13567737  0.11366641
 2615     H   1.0  0.10352660       0.65092468  0.13656987  0.10897884
 2616     H   1.0  0.09515049       0.52103919  0.10532970  0.27848063
 2617     H   1.0  0.08759675       0.66050243  0.12354486  0.12835596
 2618     H   1.0  0.08809155       0.65896899  0.12455329  0.12838617
 2619     H   1.0  0.07581852       0.66793644  0.13031171  0.12593333
 2620     H   1.0  0.12615673       0.56528211  0.11733609  0.19122507
 2621     H   1.0  0.10119536       0.65198064  0.12966098  0.11716303
 2622     H   1.0  0.10848823       0.64815211  0.12620893  0.11715073
 2623     H   1.0  0.13315302       0.56666851  0.11862317  0.18155530
 2624     H   1.0  0.09490048       0.65473711  0.13935879  0.11100362
 2625     H   1.0  0.09286046       0.65628779  0.13107795  0.11977381
 2626     H   1.0  0.08565457       0.66159725  0.13249451  0.12025367
 2627     H   1.0  0.08828340       0.66074562  0.13081445  0.12015653
 2628     H   1.0  0.09567239       0.65166664  0.13194156  0.12071941
 2629     H   1.0  0.15610833       0.56969017  0.09860881  0.17559270
 2630     H   1.0  0.15829949       0.56993341  0.09794286  0.17382424
 2631     H   1.0  0.15322247       0.56294870  0.11613462  0.16769420
 2632     H   1.0  0.10229572       0.64607775  0.13835989  0.11326664
 2633     H   1.0  0.08942535       0.65470487  0.13858679  0.11728299
 2634     H   1.0  0.07976262       0.66218567  0.13318747  0.12486424
 2635     H   1.0  0.07529523       0.66903275  0.13376899  0.12190302
 2636     H   1.0  0.07609835       0.65961725  0.13724759  0.12703681
 2637     H   1.0  0.07198304       0.66389078  0.13755493  0.12657125
 2638     H   1.0  0.07140628       0.66441989  0.13805291  0.12612092
 2639     H   1.0  0.08814533       0.65975893  0.12593538  0.12616037
 2640     H   1.0  0.07749777       0.66783345  0.12967490  0.12499389
 2641     H   1.0  0.07297063       0.66826898  0.13243492  0.12632547
 2642     H   1.0  0.16085302       0.56096768  0.11259250  0.16558680
 2643     H   1.0  0.09371972       0.65538329  0.13912916  0.11176783
 2644     H   1.0  0.08347867       0.66098952  0.13409741  0.12143439
 2645     H   1.0  0.08816931       0.65844500  0.13088182  0.12250387
 2646     H   1.0  0.08652711       0.66360205  0.12915568  0.12071515
 2647     H   1.0  0.09793444       0.65064061  0.12861517  0.12280978
 2648     H   1.0  0.15533288       0.56995672  0.09864459  0.17606581
 2649     H   1.0  0.15790023       0.57079351  0.09670512  0.17460113
 2650     H   1.0  0.15188993       0.56462991  0.11399028  0.16948987
 2651     H   1.0  0.09135588       0.65120548  0.14031634  0.11712230
 2652     H   1.0  0.08510439       0.65796727  0.13603772  0.12089061
 2653     H   1.0  0.08451394       0.65920728  0.13086598  0.12541280
 2654     H   1.0  0.08227324       0.65826452  0.13290064  0.12656161
 2655     H   1.0  0.07519896       0.66483426  0.13447648  0.12549030
 2656     H   1.0  0.08106592       0.66330421  0.13029648  0.12533339
 2657     H   1.0  0.08047126       0.66587275  0.12866721  0.12498878
 2658     H   1.0  0.07730218       0.66157424  0.13333280  0.12779077
 2659     H   1.0  0.09635949       0.56401944  0.11839111  0.22122996
 2660     H   1.0  0.10579425       0.64548248  0.13397618  0.11474709
 2661     H   1.0  0.09150663       0.66163814  0.12616853  0.12068669
 2662     H   1.0  0.10241704       0.64957613  0.12680711  0.12119972
 2663     H   1.0  0.15366343       0.56784207  0.10525742  0.17323708
 2664     H   1.0  0.15445191       0.56966490  0.10177878  0.17410442
 2665     H   1.0  0.15280443       0.56653255  0.11104143  0.16962158
 2666     H   1.0  0.09717446       0.65511072  0.13453127  0.11318355
 2667     H   1.0  0.09305932       0.65545875  0.13211699  0.11936495
 2668     H   1.0  0.08103148       0.66397709  0.13372587  0.12126557
 2669     H   1.0  0.09097767       0.66100436  0.12584955  0.12216843
 2670     H   1.0  0.08756847       0.66433406  0.12180389  0.12629357
 2671     H   1.0  0.08357991       0.66264474  0.12675716  0.12701819
 2672     H   1.0  0.07878013       0.66552448  0.12983623  0.12585916
 2673     H   1.0  0.08935369       0.65981370  0.12481044  0.12602217
 2674     H   1.0  0.07949955       0.66580421  0.12944075  0.12525549
 2675     H   1.0  0.08656725       0.66532737  0.12312897  0.12497641
 2676     H   1.0  0.13535154       0.56578660  0.12280688  0.17605497
 2677     H   1.0  0.09851091       0.65359217  0.13900714  0.10888978
 2678     H   1.0  0.09290827       0.65644306  0.12704194  0.12360673
 2679     H   1.0  0.08105426       0.66103876  0.13587040  0.12203659
 2680     H   1.0  0.09026549       0.65851593  0.12946731  0.12175127
 2681     H   1.0  0.09789611       0.65069538  0.12793666  0.12347185
 2682     H   1.0  0.15701207       0.56939387  0.09784002  0.17575404
 2683     H   1.0  0.15024707       0.57026517  0.09615852  0.18332924
 2684     H   1.0  0.11155318       0.56696606  0.12333948  0.19814128
 2685     H   1.0  0.09861114       0.65195727  0.13997556  0.10945603
 2686     H   1.0  0.09578878       0.65254873  0.13241401  0.11924847
 2687     H   1.0  0.07221904       0.66732806  0.13906078  0.12139212
 2688     H   1.0  0.07511407       0.65999329  0.13456990  0.13032274
 2689     H   1.0  0.08390620       0.66156286  0.13309407  0.12143686
 2690     H   1.0  0.10173347       0.56669140  0.12126880  0.21030633
 2691     H   1.0  0.09158015       0.65512162  0.14299127  0.11030695
 2692     H   1.0  0.07699572       0.66440183  0.13857208  0.12003037
 2693     H   1.0  0.08695118       0.65847349  0.13336058  0.12121475
 2694     H   1.0  0.08538972       0.63677192  0.14218076  0.13565760
 2695     H   1.0  0.16196066       0.56011277  0.10511383  0.17281273
 2696     H   1.0  0.08504263       0.64664769  0.13756447  0.13074522
 2697     H   1.0  0.08857842       0.64246291  0.13572639  0.13323228
 2698     H   1.0  0.08804441       0.64407682  0.13420522  0.13367355
 2699     H   1.0  0.09118816       0.64359426  0.13334283  0.13187474
 2700     H   1.0  0.11069521       0.56723082  0.12240553  0.19966844
 2701     H   1.0  0.08901211       0.65810394  0.13982411  0.11305984
 2702     H   1.0  0.09203256       0.65630400  0.13250053  0.11916291
 2703     H   1.0  0.08225767       0.66125005  0.13533406  0.12115822
 2704     H   1.0  0.07399791       0.66317540  0.14061454  0.12221214
 2705     H   1.0  0.08414424       0.66288269  0.12597282  0.12700025
 2706     H   1.0  0.08457224       0.66162682  0.12725425  0.12654669
 2707     H   1.0  0.08451711       0.66568339  0.12533164  0.12446786
 2708     H   1.0  0.08199373       0.66447145  0.12639417  0.12714066
 2709     H   1.0  0.08305517       0.66455227  0.12794213  0.12445043
 2710     H   1.0  0.08007301       0.66181117  0.12923554  0.12888028
 2711     H   1.0  0.12465167       0.56718647  0.12238479  0.18577706
 2712     H   1.0  0.09479349       0.65215254  0.14228153  0.11077244
 2713     H   1.0  0.07530790       0.66328424  0.13825156  0.12315630
 2714     H   1.0  0.07738616       0.66508150  0.13219289  0.12533945
 2715     H   1.0  0.09066566       0.65555018  0.13542277  0.11836139
 2716     H   1.0  0.10231888       0.64747411  0.12570581  0.12450120
 2717     H   1.0  0.15282043       0.56830662  0.10202803  0.17684491
 2718     H   1.0  0.14436509       0.57331795  0.10084596  0.18147100
 2719     H   1.0  0.09646667       0.56698978  0.12409715  0.21244641
 2720     H   1.0  0.09478272       0.65393299  0.14204024  0.10924406
 2721     H   1.0  0.09179047       0.65472811  0.13540250  0.11807891
 2722     H   1.0  0.07488506       0.66314226  0.14072035  0.12125233
 2723     H   1.0  0.08129581       0.66028929  0.13904260  0.11937230
 2724     H   1.0  0.08086485       0.66341847  0.13030493  0.12541175
 2725     H   1.0  0.07719339       0.66385663  0.13352220  0.12542778
 2726     H   1.0  0.08309315       0.66142887  0.13171609  0.12376189
 2727     H   1.0  0.08192427       0.66282219  0.12906109  0.12619245
 2728     H   1.0  0.07922842       0.66456121  0.13307573  0.12313464
 2729     H   1.0  0.08312016       0.66270489  0.12773959  0.12643536
 2730     H   1.0  0.09733071       0.56811917  0.12399780  0.21055232
 2731     H   1.0  0.10507486       0.64397991  0.14073932  0.11020591
 2732     H   1.0  0.09895699       0.65290427  0.13934636  0.10879238
 2733     H   1.0  0.11472909       0.52493060  0.10892864  0.25141167
 2734     H   1.0  0.07687589       0.66424590  0.13024987  0.12862834
 2735     H   1.0  0.09148692       0.65653580  0.12691447  0.12506281
 2736     H   1.0  0.07488847       0.66302073  0.13655294  0.12553785
 2737     H   1.0  0.10447035       0.56589401  0.12369210  0.20594354
 2738     H   1.0  0.07956134       0.65366220  0.14914942  0.11762704
 2739     H   1.0  0.08579860       0.66101694  0.13259488  0.12058957
 2740     H   1.0  0.07972279       0.65875489  0.13568668  0.12583565
 2741     H   1.0  0.07709701       0.66239321  0.13521184  0.12529793
 2742     H   1.0  0.07545790       0.65954250  0.14274439  0.12225520
 2743     H   1.0  0.08552025       0.66264683  0.12500504  0.12682788
 2744     H   1.0  0.06941868       0.67490441  0.12613931  0.12953760
 2745     H   1.0  0.07177855       0.67334837  0.12632415  0.12854893
 2746     H   1.0  0.13768315       0.56532073  0.11986656  0.17712956
 2747     H   1.0  0.08768904       0.65781289  0.14095446  0.11354361
 2748     H   1.0  0.07873086       0.65774637  0.14394988  0.11957288
 2749     H   1.0  0.08197839       0.65661919  0.13810071  0.12330170
 2750     H   1.0  0.08386581       0.64338648  0.14408061  0.12866710
 2751     H   1.0  0.08169630       0.64858139  0.13846049  0.13126183
 2752     H   1.0  0.07879465       0.64404643  0.14577505  0.13138388
 2753     H   1.0  0.08157857       0.64388704  0.14014035  0.13439403
 2754     H   1.0  0.05870980       0.51848763  0.10619503  0.31660753
 2755     H   1.0  0.11137274       0.56764102  0.12260776  0.19837848
 2756     H   1.0  0.09521692       0.64337349  0.14540029  0.11600931
 2757     H   1.0  0.06934264       0.66735530  0.14550251  0.11779955
 2758     H   1.0  0.08170790       0.65850019  0.13903037  0.12076154
 2759     H   1.0  0.13054247       0.52398413  0.10900728  0.23646611
 2760     H   1.0  0.22568217       0.46546677  0.10380192  0.20504915
 2761     H   1.0  0.11385190       0.49065298  0.12408482  0.27141030
 2762     H   1.0  0.10138698       0.47555059  0.10645900  0.31660343
 2763     H   1.0  0.22980918       0.49142289  0.10917818  0.16958975
 2764     H   1.0 -0.07383188       0.52392298  0.18035868  0.36955022
 2765     H   1.0  0.12727656       0.48335627  0.12023081  0.26913636
 2766     H   1.0  0.21684678       0.49563560  0.12000933  0.16750830
 2767     H   1.0  0.22450352       0.49510738  0.11324504  0.16714406
 2768     H   1.0  0.22208888       0.49686626  0.10758416  0.17346071
 2769     H   1.0  0.19666357       0.50798512  0.12052027  0.17483104
 2770     H   1.0  0.21549957       0.50075203  0.11179815  0.17195025
 2771     H   1.0  0.22050786       0.49706134  0.11392192  0.16850888
 2772     H   1.0  0.22655808       0.49306279  0.11006454  0.17031459
 2773     H   1.0  0.23748727       0.48621884  0.11287823  0.16341566
 2774     H   1.0  0.23290274       0.49521342  0.10213950  0.16974434
 2775     H   1.0  0.22722491       0.49867997  0.10564421  0.16845091
 2776     H   1.0  0.23607579       0.49415496  0.10228142  0.16748783
 2777     H   1.0  0.22075035       0.50084811  0.10976063  0.16864091
 2778     H   1.0  0.21819705       0.49905750  0.10819644  0.17454901
 2779     H   1.0  0.21981674       0.50145638  0.10675748  0.17196940
 2780     H   1.0  0.22368433       0.50119805  0.10595603  0.16916158
 2781     H   1.0  0.21988156       0.50133568  0.10489574  0.17388701
 2782     H   1.0  0.16489147       0.56288040  0.11129089  0.16093724
 largest Wiberg (=(PS)*(SP)) bond orders for each atom
           total WBO             WBO to atom > 0.05 ...
     1  N    3.33317683    C    2  0.92401632    H 1411  0.81287205    H 1412  0.80450032    H 1413  0.80273002
     2  C    3.82113496    C    5  1.02821158    C    3  0.98991456    N    1  0.92401632    H 1414  0.89070021
     3  C    3.97309623    O    4  1.61260066    N   10  1.39124295    C    2  0.98991456
     4  O    1.72284162    C    3  1.61260066    N   10  0.08841866
     5  C    3.81787883    C    6  1.03987461    C    2  1.02821158    H 1416  0.88504428    H 1415  0.88147587
     6  C    3.79685575    C    5  1.03987461    C    7  0.97230604    H 1418  0.89582213    H 1417  0.87059525
     7  C    3.97449497    O    9  1.53869572    O    8  1.48470836    C    6  0.97230604
     8  O    1.60086554    C    7  1.48470836    O    9  0.11550447
     9  O    1.68657436    C    7  1.53869572    O    8  0.11550447
    10  N    3.19791576    C    3  1.39124295    C   11  0.95854988    H 1419  0.84132748    O    4  0.08841866
    11  C    3.88438400    C   14  1.01527644    C   12  0.97836612    N   10  0.95854988    H 1420  0.87864653
    12  C    3.96440343    O   13  1.60494014    N   19  1.38238530    C   11  0.97836612
    13  O    1.72831771    C   12  1.60494014    N   19  0.08618465
    14  C    3.82395142    C   15  1.04034465    C   11  1.01527644    H 1422  0.89755213    H 1421  0.87695158
    15  C    3.81259076    C   14  1.04034465    C   16  0.96660079    H 1423  0.89389609    H 1424  0.88113721
    16  C    3.98022412    O   18  1.51399560    O   17  1.51004495    C   15  0.96660079
    17  O    1.68420521    C   16  1.51004495    O   18  0.12106883
    18  O    1.66946249    C   16  1.51399560    O   17  0.12106883
    19  N    3.18744730    C   12  1.38238530    C   20  0.96543041    H 1425  0.85424126    O   13  0.08618465
    20  C    3.87180144    C   23  0.98213748    C   21  0.98180970    N   19  0.96543041    H 1426  0.87733888
    21  C    3.97042632    O   22  1.61929042    N   26  1.38219590    C   20  0.98180970
    22  O    1.74032272    C   21  1.61929042    N   26  0.08576090
    23  C    3.91766046    C   25  1.03456131    C   24  1.03001217    C   20  0.98213748    H 1427  0.89723943
    24  C    3.72212541    C   23  1.03001217    H 1428  0.89779697    H 1430  0.89744427    H 1429  0.89606858
    25  C    3.74253452    C   23  1.03456131    H 1433  0.90432120    H 1432  0.90275277    H 1431  0.89973659
    26  N    3.17041889    C   21  1.38219590    C   27  0.97730355    H 1434  0.85890331    O   22  0.08576090
    27  C    3.88665525    C   30  1.01614246    N   26  0.97730355    C   28  0.97583603    H 1435  0.87878374
    28  C    3.95823025    O   29  1.60490862    N   37  1.38635852    C   27  0.97583603
    29  O    1.71538479    C   28  1.60490862    N   37  0.08674603
    30  C    3.80192585    C   27  1.01614246    C   31  1.01457741    H 1437  0.89140083    H 1436  0.87404386
    31  C    3.81410661    C   32  1.04878002    C   30  1.01457741    H 1438  0.90079024    H 1439  0.88621223
    32  C    3.79855619    C   31  1.04878002    N   33  1.00038969    H 1441  0.92205803    H 1440  0.89056749
    33  N    3.14553541    C   34  1.35430924    C   32  1.00038969    H 1442  0.84536029
    34  C    4.12009811    N   35  1.38910600    N   36  1.37022940    N   33  1.35430924
    35  N    3.03128632    C   34  1.38910600    H 1444  0.83257208    H 1443  0.83051478
    36  N    3.06451639    C   34  1.37022940    H 1445  0.83492363    H 1446  0.83427263
    37  N    3.18442580    C   28  1.38635852    C   38  0.96654858    H 1447  0.84554559    O   29  0.08674603
    38  C    3.89631455    C   41  1.01635020    C   39  0.98279599    N   37  0.96654858    H 1448  0.89167225
    39  C    3.96039955    O   40  1.58865353    N   46  1.39476838    C   38  0.98279599
    40  O    1.70451080    C   39  1.58865353    N   46  0.08663361
    41  C    3.81067193    C   42  1.02175938    C   38  1.01635020    H 1450  0.88581789    H 1449  0.88341086
    42  C    3.80756526    C   41  1.02175938    C   43  1.00635903    H 1452  0.90562529    H 1451  0.87059659
    43  C    3.97893898    O   44  1.58873590    N   45  1.40457939    C   42  1.00635903
    44  O    1.72673800    C   43  1.58873590    N   45  0.09613619
    45  N    3.15841649    C   43  1.40457939    H 1454  0.83148691    H 1453  0.82864386    O   44  0.09613619
    46  N    3.18973596    C   39  1.39476838    C   47  0.95088012    H 1455  0.85790674    O   40  0.08663361
    47  C    3.86444039    C   50  1.00184368    C   48  0.97952720    N   46  0.95088012    H 1456  0.89293277
    48  C    3.96344254    O   49  1.61144880    N   57  1.38385740    C   47  0.97952720
    49  O    1.72703098    C   48  1.61144880    N   57  0.08559962
    50  C    3.83712689    C   51  1.01022699    C   47  1.00184368    H 1457  0.90541206    H 1458  0.88303273
    51  C    3.89829069    C   53  1.38953328    C   52  1.38542044    C   50  1.01022699    C   56  0.05363543
    52  C    3.84047907    C   54  1.41378319    C   51  1.38542044    H 1459  0.90928489    C   55  0.05777184
    53  C    3.84288191    C   55  1.41477165    C   51  1.38953328    H 1460  0.91419388    C   54  0.05703621
    54  C    3.82427900    C   52  1.41378319    C   56  1.40366507    H 1461  0.91053986    C   53  0.05703621
    55  C    3.82767721    C   53  1.41477165    C   56  1.40996852    H 1462  0.91867718    C   52  0.05777184
    56  C    3.81496513    C   55  1.40996852    C   54  1.40366507    H 1463  0.91532608    C   51  0.05363543
    57  N    3.18229604    C   48  1.38385740    C   58  0.96250980    H 1464  0.86381159    O   49  0.08559962
    58  C    3.86603466    C   61  1.01687372    C   59  0.97613582    N   57  0.96250980    H 1465  0.88979497
    59  C    3.95238347    O   60  1.61166277    N   68  1.37532026    C   58  0.97613582
    60  O    1.73388589    C   59  1.61166277    N   68  0.08730674
    61  C    3.82472525    C   62  1.04660807    C   58  1.01687372    H 1466  0.90381392    H 1467  0.89866433
    62  C    3.81058288    C   61  1.04660807    C   63  1.03420572    H 1469  0.89382388    H 1468  0.88008170
    63  C    3.82215369    C   62  1.03420572    N   64  0.98840533    H 1470  0.90442780    H 1471  0.90034725
    64  N    3.14169905    C   65  1.35532235    C   63  0.98840533    H 1472  0.84852672
    65  C    4.10118893    N   66  1.37876512    N   67  1.36789158    N   64  1.35532235
    66  N    3.04801778    C   65  1.37876512    H 1473  0.83462108    H 1474  0.83234300
    67  N    3.04629099    C   65  1.36789158    H 1476  0.83613401    H 1475  0.83421486
    68  N    3.16841024    C   59  1.37532026    C   69  0.96472774    H 1477  0.85577623    O   60  0.08730674
    69  C    3.88133244    C   72  1.01245012    C   70  0.97542968    N   68  0.96472774    H 1478  0.89109432
    70  C    3.95161754    O   71  1.58059794    N   79  1.39311471    C   69  0.97542968
    71  O    1.69513579    C   70  1.58059794    N   79  0.08647191
    72  C    3.80970617    C   73  1.03241861    C   69  1.01245012    H 1480  0.89551477    H 1479  0.89492496
    73  C    3.79520080    C   72  1.03241861    C   74  1.02352203    H 1481  0.89269979    H 1482  0.88526870
    74  C    3.82621396    C   73  1.02352203    N   75  0.99896523    H 1484  0.92212844    H 1483  0.88904164
    75  N    3.15075877    C   76  1.36177402    C   74  0.99896523    H 1485  0.83970472
    76  C    4.12320120    N   78  1.37885521    N   77  1.37707304    N   75  1.36177402
    77  N    3.04944550    C   76  1.37707304    H 1487  0.84151619    H 1486  0.83537636
    78  N    3.06782038    C   76  1.37885521    H 1488  0.83791037    H 1489  0.82752893
    79  N    3.18430506    C   70  1.39311471    C   80  0.95057519    H 1490  0.85870628    O   71  0.08647191
    80  C    3.86758328    C   83  1.01329897    C   81  0.97228306    N   79  0.95057519    H 1491  0.89815508
    81  C    3.94807969    O   82  1.58888290    N   87  1.39680995    C   80  0.97228306
    82  O    1.68970952    C   81  1.58888290    N   87  0.08389971
    83  C    3.80870116    C   80  1.01329897    C   84  0.99952519    H 1492  0.89980031    H 1493  0.89680387
    84  C    3.89591258    C   85  1.01917562    C   86  1.01668245    C   83  0.99952519    H 1494  0.88704148
    85  C    3.73796341    C   84  1.01917562    H 1497  0.91906630    H 1496  0.90972357    H 1495  0.90039075
    86  C    3.72931867    C   84  1.01668245    H 1499  0.91550375    H 1500  0.89905163    H 1498  0.89756606
    87  N    3.19327200    C   81  1.39680995    C   88  0.95614393    H 1501  0.86072086    O   82  0.08389971
    88  C    3.86226156    C   91  1.00023027    C   89  0.98248942    N   87  0.95614393    H 1502  0.88801248
    89  C    3.95265495    O   90  1.58048398    N   98  1.38298251    C   88  0.98248942
    90  O    1.67829897    C   89  1.58048398    N   98  0.08150620
    91  C    3.82275585    C   92  1.01523580    C   88  1.00023027    H 1503  0.91154240    H 1504  0.88147497
    92  C    3.88547322    C   94  1.38960608    C   93  1.38113591    C   91  1.01523580    C   97  0.05404190
    93  C    3.81263628    C   95  1.41065778    C   92  1.38113591    H 1505  0.90856660    C   96  0.05780347
    94  C    3.84469311    C   96  1.41834976    C   92  1.38960608    H 1506  0.90970956    C   95  0.05766904
    95  C    3.80656696    C   93  1.41065778    C   97  1.40384679    H 1507  0.90897242    C   94  0.05766904
    96  C    3.84806573    C   94  1.41834976    C   97  1.41539674    H 1508  0.90728062    C   93  0.05780347
    97  C    3.82713260    C   96  1.41539674    C   95  1.40384679    H 1509  0.91825156    C   92  0.05404190
    98  N    3.17535789    C   89  1.38298251    C   99  0.96527967    H 1510  0.85842991    O   90  0.08150620
    99  C    3.88658411    C  102  1.02545305    C  100  0.98113470    N   98  0.96527967    H 1511  0.88657119
   100  C    3.97636761    O  101  1.60972384    N  103  1.38685609    C   99  0.98113470
   101  O    1.75525143    C  100  1.60972384    N  103  0.08609492
   102  C    3.73093848    C   99  1.02545305    H 1514  0.91341588    H 1512  0.90700404    H 1513  0.89833776
   103  N    3.19317634    C  100  1.38685609    C  104  0.96814169    H 1515  0.86090520    O  101  0.08609492
   104  C    3.88710491    C  107  1.00741821    C  105  0.97651192    N  103  0.96814169    H 1516  0.89333697
   105  C    3.97293738    O  106  1.60849334    N  112  1.39780937    C  104  0.97651192
   106  O    1.76363891    C  105  1.60849334    N  112  0.09014786
   107  C    3.81120019    C  108  1.02105322    C  104  1.00741821    H 1517  0.90114405    H 1518  0.88855799
   108  C    3.81048632    C  107  1.02105322    C  109  0.99598155    H 1520  0.91251584    H 1519  0.88058265
   109  C    3.96660720    O  110  1.58098110    N  111  1.40995029    C  108  0.99598155
   110  O    1.71245415    C  109  1.58098110    N  111  0.09664181
   111  N    3.15555057    C  109  1.40995029    H 1521  0.84365967    H 1522  0.84255372    O  110  0.09664181
   112  N    3.18880566    C  105  1.39780937    C  113  0.96100874    H 1523  0.85756839    O  106  0.09014786
   113  C    3.89263924    C  116  1.01510109    C  114  0.98260554    N  112  0.96100874    H 1524  0.90664901
   114  C    3.95178691    O  115  1.60022067    N  120  1.38098365    C  113  0.98260554
   115  O    1.76279496    C  114  1.60022067    N  120  0.08707955
   116  C    3.79853132    C  113  1.01510109    C  117  0.99892340    H 1526  0.89444543    H 1525  0.88861367
   117  C    3.89766831    C  119  1.02217694    C  118  1.01673519    C  116  0.99892340    H 1527  0.89700720
   118  C    3.71277913    C  117  1.01673519    H 1530  0.91400287    H 1528  0.91306719    H 1529  0.90267850
   119  C    3.73865358    C  117  1.02217694    H 1533  0.93714967    H 1532  0.91020048    H 1531  0.90731604
   120  N    3.16988068    C  114  1.38098365    C  121  0.96202775    H 1534  0.86264189    O  115  0.08707955
   121  C    3.88255926    C  124  1.02413383    C  122  0.98439074    N  120  0.96202775    H 1535  0.89297059
   122  C    3.89949278    N  125  1.43334346    O  123  1.42467878    C  121  0.98439074
   123  O    1.72046453    C  122  1.42467878    Ca1398  0.14802135    N  125  0.06506040
   124  C    3.70160437    C  121  1.02413383    H 1536  0.92141050    H 1538  0.91406087    H 1537  0.89605083
   125  N    3.24254943    C  122  1.43334346    C  126  0.98342769    H 1539  0.83136020    O  123  0.06506040
   126  C    3.80285296    C  127  1.00483210    N  125  0.98342769    H 1540  0.90886258    H 1541  0.87775753
   127  C    3.96788880    O  128  1.60414264    N  129  1.37077605    C  126  1.00483210
   128  O    1.73864551    C  127  1.60414264    N  129  0.08198115
   129  N    3.20797775    C  127  1.37077605    C  130  0.97762433    H 1542  0.86089065    O  128  0.08198115
   130  C    3.91987376    C  133  1.01855575    C  131  0.98694522    N  129  0.97762433    H 1543  0.88645288
   131  C    3.98073406    O  132  1.60713863    N  137  1.38786544    C  130  0.98694522
   132  O    1.75382136    C  131  1.60713863    N  137  0.08695753
   133  C    3.79106223    C  130  1.01855575    C  134  0.97489646    H 1545  0.89889939    H 1544  0.87172347
   134  C    3.98166381    O  135  1.52137746    O  136  1.50866585    C  133  0.97489646
   135  O    1.69642446    C  134  1.52137746    O  136  0.12159866
   136  O    1.65719610    C  134  1.50866585    O  135  0.12159866
   137  N    3.19177686    C  131  1.38786544    C  138  0.96780586    H 1546  0.84240928    O  132  0.08695753
   138  C    3.89008227    C  141  1.01071514    C  139  0.98179425    N  137  0.96780586    H 1547  0.87276999
   139  C    3.98777582    O  140  1.61910281    N  145  1.39467374    C  138  0.98179425
   140  O    1.77014508    C  139  1.61910281    N  145  0.08727567
   141  C    3.76617637    C  138  1.01071514    C  142  0.97970133    H 1548  0.87501733    H 1549  0.85651570
   142  C    3.87462165    O  143  1.46831830    O  144  1.38838225    C  141  0.97970133
   143  O    1.70610229    C  142  1.46831830    O  144  0.10131158    H 2761  0.09038417
   144  O    1.65939251    C  142  1.38838225    Ca1398  0.14297917    O  143  0.10131158
   145  N    3.19386487    C  139  1.39467374    C  146  0.97646437    H 1550  0.84982284    O  140  0.08727567
   146  C    3.87944123    C  149  1.01354562    C  147  0.97664745    N  145  0.97646437    H 1551  0.87228157
   147  C    3.95784726    O  148  1.61314405    N  153  1.38783591    C  146  0.97664745
   148  O    1.75055751    C  147  1.61314405    N  153  0.08545845
   149  C    3.81580687    C  146  1.01354562    C  150  0.99994584    H 1553  0.90480778    H 1552  0.89105053
   150  C    3.89326910    S  151  1.13027431    C  149  0.99994584    H 1554  0.88168779    H 1555  0.87686297
   151  S    2.24831700    C  150  1.13027431    C  152  1.09061206
   152  C    3.79816982    S  151  1.09061206    H 1556  0.89192487    H 1558  0.88604938    H 1557  0.88587820
   153  N    3.20926628    C  147  1.38783591    C  154  0.95517576    H 1559  0.87663627    O  148  0.08545845
   154  C    3.84995765    C  157  0.99761265    C  155  0.97801018    N  153  0.95517576    H 1560  0.89773004
   155  C    3.88127950    O  156  1.45989516    N  162  1.42676110    C  154  0.97801018
   156  O    1.66394382    C  155  1.45989516    Ca1398  0.08005587    N  162  0.07446254
   157  C    3.80806601    C  158  1.02795663    C  154  0.99761265    H 1562  0.90554644    H 1561  0.89727597
   158  C    3.80079177    C  157  1.02795663    C  159  0.96166076    H 1564  0.90417479    H 1563  0.88897946
   159  C    3.93910847    O  161  1.50382333    O  160  1.50271280    C  158  0.96166076
   160  O    1.63375304    C  159  1.50271280    O  161  0.11255665
   161  O    1.65878776    C  159  1.50382333    O  160  0.11255665
   162  N    3.21324656    C  155  1.42676110    C  163  0.94677579    H 1565  0.83670257    O  156  0.07446254
   163  C    3.87742911    C  164  0.97854390    C  166  0.97066310    N  162  0.94677579    H 1566  0.92982659
   164  C    3.93768379    O  165  1.60199739    N  169  1.37241014    C  163  0.97854390
   165  O    1.70022817    C  164  1.60199739    N  169  0.08295124
   166  C    3.85542348    C  168  1.01965764    C  167  1.01186594    C  163  0.97066310    H 1567  0.90118482
   167  C    3.71935589    C  166  1.01186594    H 1570  0.92370354    H 1569  0.91217667    H 1568  0.90205677
   168  C    3.72848805    C  166  1.01965764    H 1573  0.92039693    H 1572  0.91934377    H 1571  0.90412470
   169  N    3.19438786    C  164  1.37241014    C  170  0.95949986    H 1574  0.87311640    O  165  0.08295124
   170  C    3.85496775    C  173  1.00523252    C  171  0.97463163    N  169  0.95949986    H 1575  0.88682885
   171  C    3.94652130    O  172  1.60226945    N  175  1.37906875    C  170  0.97463163
   172  O    1.69325725    C  171  1.60226945    N  175  0.08210304
   173  C    3.74234375    C  170  1.00523252    O  174  0.97368140    H 1576  0.92550804    H 1577  0.89406907
   174  O    1.68693117    C  173  0.97368140    H 1578  0.74458147
   175  N    3.18385063    C  171  1.37906875    C  176  0.95138613    H 1579  0.85414486    O  172  0.08210304
   176  C    3.86031212    C  179  1.04003953    C  177  0.97208427    N  175  0.95138613    H 1580  0.89687858
   177  C    3.93532006    O  178  1.59845644    N  180  1.37212340    C  176  0.97208427
   178  O    1.70948771    C  177  1.59845644    N  180  0.08208629
   179  C    3.71456691    C  176  1.04003953    H 1583  0.92623840    H 1582  0.90798473    H 1581  0.90471774
   180  N    3.17985974    C  177  1.37212340    C  181  0.96548654    H 1584  0.85674645    O  178  0.08208629
   181  C    3.86689929    C  184  0.98960227    C  182  0.98015988    N  180  0.96548654    H 1585  0.89302614
   182  C    3.95873821    O  183  1.59681025    N  187  1.39727733    C  181  0.98015988
   183  O    1.71123161    C  182  1.59681025    N  187  0.08774995
   184  C    3.82689038    C  186  1.02547847    C  181  0.98960227    O  185  0.92587040    H 1586  0.89708593
   185  O    1.66808209    C  184  0.92587040    H 1587  0.72211852
   186  C    3.73485081    C  184  1.02547847    H 1588  0.90948381    H 1590  0.90456969    H 1589  0.90204507
   187  N    3.17972515    C  182  1.39727733    C  188  0.95662302    H 1591  0.85859242    O  183  0.08774995
   188  C    3.87321427    C  191  1.00701873    C  189  0.97316866    N  187  0.95662302    H 1592  0.89614279
   189  C    3.95701511    O  190  1.60495240    N  196  1.39052439    C  188  0.97316866
   190  O    1.74134970    C  189  1.60495240    N  196  0.08661552
   191  C    3.78814257    C  192  1.01961337    C  188  1.00701873    H 1594  0.91067466    H 1593  0.88760145
   192  C    3.77009571    C  191  1.01961337    C  193  0.98212128    H 1596  0.88902576    H 1595  0.88028259
   193  C    3.87388242    O  195  1.41766274    O  194  1.39307918    C  192  0.98212128    Ca1398  0.08531168
   194  O    1.70831228    C  193  1.39307918    Ca1398  0.17947388    O  195  0.11100100
   195  O    1.68062811    C  193  1.41766274    Ca1398  0.15851306    O  194  0.11100100
   196  N    3.18430538    C  189  1.39052439    C  197  0.95152949    H 1597  0.86834661    O  190  0.08661552
   197  C    3.85893520    C  200  1.00995600    C  198  0.97042376    N  196  0.95152949    H 1598  0.90722004
   198  C    3.92752075    O  199  1.58846906    N  204  1.38261561    C  197  0.97042376
   199  O    1.68922098    C  198  1.58846906    N  204  0.08334072
   200  C    3.80111465    C  197  1.00995600    C  201  0.99707090    H 1599  0.90914039    H 1600  0.89948983
   201  C    3.88293673    C  202  1.02179760    C  203  1.00758486    C  200  0.99707090    H 1601  0.90523272
   202  C    3.72992630    C  201  1.02179760    H 1603  0.91656250    H 1604  0.91575398    H 1602  0.91005934
   203  C    3.71793496    C  201  1.00758486    H 1606  0.91694747    H 1607  0.91342109    H 1605  0.90795928
   204  N    3.18267213    C  198  1.38261561    C  205  0.96322105    H 1608  0.86861638    O  199  0.08334072
   205  C    3.87785021    C  208  1.00137983    C  206  0.97828052    N  204  0.96322105    H 1609  0.90122048
   206  C    3.94305530    O  207  1.59107006    N  212  1.37633560    C  205  0.97828052
   207  O    1.70065467    C  206  1.59107006    N  212  0.08335042
   208  C    3.82015520    C  205  1.00137983    C  209  0.99922425    H 1610  0.91873363    H 1611  0.90815173
   209  C    3.86472908    S  210  1.08981422    C  208  0.99922425    H 1613  0.89674248    H 1612  0.89368285
   210  S    2.21902957    C  211  1.14616365    C  209  1.08981422
   211  C    3.84105498    S  210  1.14616365    H 1616  0.89176468    H 1614  0.88998660    H 1615  0.88443182
   212  N    3.18331351    C  206  1.37633560    C  213  0.97413766    H 1617  0.86325777    O  207  0.08335042
   213  C    3.90992678    C  216  1.00731815    C  214  0.98955768    N  212  0.97413766    H 1618  0.89896104
   214  C    3.95394005    O  215  1.57539352    N  220  1.39231852    C  213  0.98955768
   215  O    1.69569481    C  214  1.57539352    N  220  0.08723487
   216  C    3.78360404    C  213  1.00731815    C  217  1.00118071    H 1620  0.90270039    H 1619  0.87735928
   217  C    3.96371338    O  218  1.58192229    N  219  1.39534970    C  216  1.00118071
   218  O    1.71547337    C  217  1.58192229    N  219  0.09312865
   219  N    3.15695979    C  217  1.39534970    H 1621  0.84323202    H 1622  0.83684780    O  218  0.09312865
   220  N    3.19829531    C  214  1.39231852    C  221  0.96427058    H 1623  0.85341272    O  215  0.08723487
   221  C    3.87237142    C  222  0.97969190    N  220  0.96427058    C  224  0.96423767    H 1624  0.90989759
   222  C    3.93820610    O  223  1.57956464    N  228  1.40035795    C  221  0.97969190
   223  O    1.67565370    C  222  1.57956464    N  228  0.08359355
   224  C    3.88027525    C  226  1.03527892    C  225  1.00282647    C  221  0.96423767    H 1625  0.88940418
   225  C    3.81399389    C  227  1.04563093    C  224  1.00282647    H 1626  0.90199244    H 1627  0.90198747
   226  C    3.72562516    C  224  1.03527892    H 1629  0.91946548    H 1630  0.91700159    H 1628  0.90327205
   227  C    3.73996986    C  225  1.04563093    H 1632  0.91809762    H 1633  0.91493743    H 1631  0.90493211
   228  N    3.17477814    C  222  1.40035795    C  229  0.95333756    H 1634  0.86610665    O  223  0.08359355
   229  C    3.86683728    C  232  1.00680085    C  230  0.97530275    N  228  0.95333756    H 1635  0.90926138
   230  C    3.92589110    O  231  1.58186623    N  236  1.37572167    C  229  0.97530275
   231  O    1.68093861    C  230  1.58186623    N  236  0.08211031
   232  C    3.79894447    C  229  1.00680085    C  233  0.99468018    H 1637  0.90459021    H 1636  0.90350936
   233  C    3.89252396    C  234  1.01785501    C  235  1.01772821    C  232  0.99468018    H 1638  0.90287408
   234  C    3.72570574    C  233  1.01785501    H 1641  0.92165355    H 1640  0.91456571    H 1639  0.90951404
   235  C    3.73470725    C  233  1.01772821    H 1644  0.92122203    H 1643  0.91365627    H 1642  0.90897331
   236  N    3.17247144    C  230  1.37572167    C  237  0.96280727    H 1645  0.86637768    O  231  0.08211031
   237  C    3.88777172    C  240  1.00613288    C  238  0.98490379    N  236  0.96280727    H 1646  0.91032373
   238  C    3.96143506    O  239  1.59332048    N  244  1.39201962    C  237  0.98490379
   239  O    1.69432011    C  238  1.59332048    N  244  0.08275932
   240  C    3.79492867    C  237  1.00613288    C  241  1.00177482    H 1648  0.91199876    H 1647  0.87897695
   241  C    3.94000489    O  242  1.53286734    N  243  1.39955245    C  240  1.00177482
   242  O    1.66013452    C  241  1.53286734    N  243  0.08891090
   243  N    3.15074791    C  241  1.39955245    H 1650  0.85391532    H 1649  0.85090292    O  242  0.08891090
   244  N    3.18634347    C  238  1.39201962    C  245  0.96908061    H 1651  0.85514308    O  239  0.08275932
   245  C    3.88576167    C  248  1.00521803    C  246  0.98264107    N  244  0.96908061    H 1652  0.88572323
   246  C    3.95684247    O  247  1.57396136    N  253  1.40201558    C  245  0.98264107
   247  O    1.65196859    C  246  1.57396136    N  253  0.08186842
   248  C    3.80358361    C  249  1.03708904    C  245  1.00521803    H 1654  0.89761546    H 1653  0.89649099
   249  C    3.82268906    C  248  1.03708904    C  250  1.02064698    H 1655  0.90929804    H 1656  0.88506137
   250  C    3.83005715    C  251  1.05366212    C  249  1.02064698    H 1657  0.89851432    H 1658  0.89291161
   251  C    3.71989692    C  250  1.05366212    N  252  0.92778221    H 1660  0.90033376    H 1659  0.89682302
   252  N    3.37309350    C  251  0.92778221    H 1662  0.82853479    H 1663  0.81986673    H 1661  0.81028891
   253  N    3.19498734    C  246  1.40201558    C  254  0.97477856    H 1664  0.85557666    O  247  0.08186842
   254  C    3.88837318    C  255  0.98156334    N  253  0.97477856    C  257  0.96860247    H 1665  0.90535968
   255  C    3.94035359    O  256  1.59236496    N  260  1.39051184    C  254  0.98156334
   256  O    1.70925421    C  255  1.59236496    N  260  0.08602127
   257  C    3.87481220    C  259  1.02348602    C  258  1.01372830    C  254  0.96860247    H 1666  0.88785551
   258  C    3.74044002    C  257  1.01372830    H 1669  0.91376974    H 1668  0.90558628    H 1667  0.90195322
   259  C    3.73871503    C  257  1.02348602    H 1671  0.91707567    H 1672  0.91607542    H 1670  0.90173015
   260  N    3.16355707    C  255  1.39051184    C  261  0.95993641    H 1673  0.86344771    O  256  0.08602127
   261  C    3.87187098    C  262  0.98974459    C  264  0.96294180    N  260  0.95993641    H 1674  0.88631054
   262  C    3.95797942    O  263  1.58919012    N  267  1.38437536    C  261  0.98974459
   263  O    1.72865095    C  262  1.58919012    N  267  0.07917261
   264  C    3.89221406    C  266  1.03816889    C  265  1.02772160    C  261  0.96294180    H 1675  0.88437028
   265  C    3.72434719    C  264  1.02772160    H 1678  0.92265106    H 1676  0.92246754    H 1677  0.91066025
   266  C    3.74674623    C  264  1.03816889    H 1680  0.93649762    H 1681  0.92150574    H 1679  0.90338039
   267  N    3.16629233    C  262  1.38437536    C  268  0.97025666    H 1682  0.85544663    O  263  0.07917261
   268  C    3.87188687    C  269  0.98500775    N  267  0.97025666    C  271  0.96718832    H 1683  0.88204664
   269  C    3.98258331    O  270  1.61022831    N  274  1.39891775    C  268  0.98500775
   270  O    1.74543441    C  269  1.61022831    N  274  0.08654976
   271  C    3.81664924    C  273  1.02138024    C  268  0.96718832    O  272  0.93570975    H 1684  0.89361322
   272  O    1.66596832    C  271  0.93570975    H 1685  0.71009887
   273  C    3.73659007    C  271  1.02138024    H 1688  0.90820334    H 1686  0.90394161    H 1687  0.89813591
   274  N    3.17128242    C  269  1.39891775    C  275  0.96718619    H 1689  0.84051732    O  270  0.08654976
   275  C    3.88819377    C  278  1.01254539    C  276  0.96969568    N  274  0.96718619    H 1690  0.87831266
   276  C    3.96455432    O  277  1.59228979    N  285  1.40082846    C  275  0.96969568
   277  O    1.74170759    C  276  1.59228979    N  285  0.08792547
   278  C    3.81236368    C  279  1.03185767    C  275  1.01254539    H 1692  0.89127331    H 1691  0.89047183
   279  C    3.82247330    C  280  1.04021684    C  278  1.03185767    H 1693  0.91124177    H 1694  0.89803486
   280  C    3.81753569    C  279  1.04021684    N  281  0.98466131    H 1695  0.90020918    H 1696  0.89212549
   281  N    3.16368135    C  282  1.34848513    C  280  0.98466131    H 1697  0.84388053
   282  C    4.11811051    N  283  1.40212761    N  284  1.36575200    N  281  1.34848513
   283  N    3.01260117    C  282  1.40212761    H 1699  0.85533752    H 1698  0.85027005
   284  N    3.06161277    C  282  1.36575200    H 1701  0.84093939    H 1700  0.83260428
   285  N    3.20916958    C  276  1.40082846    C  286  0.96422705    H 1702  0.86516082    O  277  0.08792547
   286  C    3.88944262    C  289  1.00649021    C  287  0.97210873    N  285  0.96422705    H 1703  0.91135862
   287  C    3.92880554    O  288  1.61550848    N  295  1.33515539    C  286  0.97210873
   288  O    1.75090383    C  287  1.61550848    N  295  0.07996967
   289  C    3.83645377    C  290  1.06485146    C  286  1.00649021    H 1705  0.89497133    H 1704  0.88039998
   290  C    3.91400752    C  292  1.59705182    N  291  1.19640832    C  289  1.06485146    C  293  0.05102020
   291  N    2.75891505    C  293  1.46912625    C  290  1.19640832    N  294  0.05787897
   292  C    3.77867458    C  290  1.59705182    N  294  1.20310149    H 1706  0.90220608
   293  C    3.87537294    N  291  1.46912625    N  294  1.38452499    H 1707  0.91086501    C  290  0.05102020
   294  N    3.49577840    C  293  1.38452499    C  292  1.20310149    H 2782  0.81184485    N  291  0.05787897
   295  N    3.25713933    C  287  1.33515539    C  301  0.96394427    C  296  0.95113191    O  288  0.07996967
   296  C    3.87225291    C  299  1.00181188    C  297  0.98489912    N  295  0.95113191    H 1708  0.86151656
   297  C    3.98733288    O  298  1.62101000    N  302  1.39811431    C  296  0.98489912
   298  O    1.78068710    C  297  1.62101000    N  302  0.08987937
   299  C    3.80774728    C  300  1.03808689    C  296  1.00181188    H 1709  0.88292963    H 1710  0.87986226
   300  C    3.81377120    C  299  1.03808689    C  301  1.03761075    H 1712  0.89303577    H 1711  0.87921109
   301  C    3.79823683    C  300  1.03761075    N  295  0.96394427    H 1713  0.88896140    H 1714  0.88704566
   302  N    3.18112134    C  297  1.39811431    C  303  0.97147110    H 1715  0.86295776    O  298  0.08987937
   303  C    3.89265967    C  306  1.00568734    N  302  0.97147110    C  304  0.96960456    H 1716  0.87557995
   304  C    3.96349982    O  305  1.60942899    N  310  1.39365325    C  303  0.96960456
   305  O    1.75710195    C  304  1.60942899    N  310  0.08869949
   306  C    3.79454209    C  303  1.00568734    C  307  0.97815055    H 1718  0.89234851    H 1717  0.88277564
   307  C    3.95854213    O  309  1.51975578    O  308  1.49412096    C  306  0.97815055
   308  O    1.63999590    C  307  1.49412096    O  309  0.11326913
   309  O    1.62944768    C  307  1.51975578    O  308  0.11326913
   310  N    3.21518129    C  304  1.39365325    C  311  0.94954240    H 1719  0.87994467    O  305  0.08869949
   311  C    3.86971166    C  314  1.01933526    C  312  0.96922357    N  310  0.94954240    H 1720  0.91505144
   312  C    3.93985778    O  313  1.60522292    N  318  1.37800438    C  311  0.96922357
   313  O    1.73595812    C  312  1.60522292    N  318  0.08664510
   314  C    3.81112330    C  311  1.01933526    C  315  1.00419637    H 1722  0.90463221    H 1721  0.89224406
   315  C    3.90445504    C  317  1.02622160    C  316  1.01417014    C  314  1.00419637    H 1723  0.90279050
   316  C    3.72605720    C  315  1.01417014    H 1725  0.91657228    H 1726  0.91513906    H 1724  0.91133433
   317  C    3.72772508    C  315  1.02622160    H 1727  0.91788388    H 1729  0.91532716    H 1728  0.91365631
   318  N    3.21412631    C  312  1.37800438    C  319  0.95727659    H 1730  0.85550901    O  313  0.08664510
   319  C    3.89343370    C  322  1.01440274    C  320  0.98391893    N  318  0.95727659    H 1731  0.91160472
   320  C    3.95814652    O  321  1.60794487    N  327  1.37842020    C  319  0.98391893
   321  O    1.68738569    C  320  1.60794487    N  327  0.08447126
   322  C    3.80743244    C  323  1.02354520    C  319  1.01440274    H 1732  0.90612548    H 1733  0.89547385
   323  C    3.82962962    C  322  1.02354520    C  324  1.02241892    H 1735  0.89407276    H 1734  0.89116266
   324  C    3.82818746    C  325  1.04463250    C  323  1.02241892    H 1737  0.91799556    H 1736  0.89989957
   325  C    3.71765558    C  324  1.04463250    N  326  0.92714265    H 1739  0.91170015    H 1738  0.90906503
   326  N    3.35153568    C  325  0.92714265    H 1740  0.83331984    H 1741  0.81447752    H 1742  0.81096861
   327  N    3.19771584    C  320  1.37842020    C  328  0.97038505    H 1743  0.85953018    O  321  0.08447126
   328  C    3.86731766    C  329  0.99480142    N  327  0.97038505    C  331  0.95455702    H 1744  0.90281049
   329  C    3.96689027    O  330  1.61268870    N  334  1.38565858    C  328  0.99480142
   330  O    1.73680631    C  329  1.61268870    N  334  0.08733704
   331  C    3.79144645    C  333  1.02848288    C  328  0.95455702    O  332  0.91624812    H 1745  0.89426386
   332  O    1.65686387    C  331  0.91624812    H 1746  0.71530861
   333  C    3.72963622    C  331  1.02848288    H 1749  0.92032112    H 1748  0.91082539    H 1747  0.89987694
   334  N    3.19591239    C  329  1.38565858    C  335  0.97769535    H 1750  0.85955003    O  330  0.08733704
   335  C    3.89012354    C  338  1.00084381    N  334  0.97769535    C  336  0.97447637    H 1751  0.87914507
   336  C    3.96510828    O  337  1.59896834    N  342  1.39540402    C  335  0.97447637
   337  O    1.75771554    C  336  1.59896834    N  342  0.08891564
   338  C    3.77297652    C  335  1.00084381    C  339  0.96781937    H 1753  0.88723018    H 1752  0.86818815
   339  C    3.89259107    O  341  1.54066123    O  340  1.36371878    C  338  0.96781937
   340  O    1.66449718    C  339  1.36371878    Ca1396  0.15882174    O  341  0.10208049
   341  O    1.70512485    C  339  1.54066123    O  340  0.10208049
   342  N    3.22216958    C  336  1.39540402    C  343  0.98769369    H 1754  0.87053916    O  337  0.08891564
   343  C    3.80018803    C  344  0.99033988    N  342  0.98769369    H 1755  0.90218242    H 1756  0.89198389
   344  C    3.93875284    O  345  1.59528064    N  346  1.36640278    C  343  0.99033988
   345  O    1.73377252    C  344  1.59528064    N  346  0.08293951
   346  N    3.19912777    C  344  1.36640278    C  347  0.95574124    H 1757  0.86172885    O  345  0.08293951
   347  C    3.87638951    C  350  0.99881533    C  348  0.97139140    N  346  0.95574124    H 1758  0.91854447
   348  C    3.93503798    O  349  1.58253167    N  357  1.38076173    C  347  0.97139140
   349  O    1.68076443    C  348  1.58253167    N  357  0.08203495
   350  C    3.83375701    C  351  1.01032036    C  347  0.99881533    H 1759  0.90759609    H 1760  0.90437553
   351  C    3.87528756    C  353  1.38546461    C  352  1.38022691    C  350  1.01032036    C  356  0.05402990
   352  C    3.83518149    C  354  1.42108686    C  351  1.38022691    H 1761  0.91454854    C  355  0.05776497
   353  C    3.81951052    C  355  1.40743521    C  351  1.38546461    H 1762  0.91377677    C  354  0.05701709
   354  C    3.82551162    C  352  1.42108686    C  356  1.40446010    H 1763  0.93054790    C  353  0.05701709
   355  C    3.80888128    C  353  1.40743521    C  356  1.40596878    H 1764  0.90840805    C  352  0.05776497
   356  C    3.81585664    C  355  1.40596878    C  354  1.40446010    H 1765  0.91137258    C  351  0.05402990
   357  N    3.22654636    C  348  1.38076173    C  358  0.98522531    H 1766  0.86946044    O  349  0.08203495
   358  C    3.81299500    C  359  0.99918061    N  357  0.98522531    H 1768  0.90988799    H 1767  0.88685800
   359  C    3.94050486    O  360  1.60702639    N  361  1.35680505    C  358  0.99918061
   360  O    1.70482938    C  359  1.60702639    N  361  0.08247775
   361  N    3.19918194    C  359  1.35680505    C  362  0.97238210    H 1769  0.86140754    O  360  0.08247775
   362  C    3.89418128    C  363  0.98746391    C  365  0.97875831    N  361  0.97238210    H 1770  0.89732814
   363  C    3.95843716    O  364  1.60643034    N  369  1.38586001    C  362  0.98746391
   364  O    1.70677859    C  363  1.60643034    N  369  0.08553811
   365  C    3.91363563    C  367  1.03854741    C  366  1.00673176    C  362  0.97875831    H 1771  0.88516418
   366  C    3.82895559    C  368  1.05162790    C  365  1.00673176    H 1772  0.91277037    H 1773  0.89572095
   367  C    3.74728796    C  365  1.03854741    H 1776  0.91739180    H 1775  0.90872016    H 1774  0.90810854
   368  C    3.72038199    C  366  1.05162790    H 1779  0.91096350    H 1778  0.90598070    H 1777  0.90050649
   369  N    3.17661146    C  363  1.38586001    C  370  0.96987229    H 1780  0.85834350    O  364  0.08553811
   370  C    3.89980666    C  373  1.00867837    C  371  0.97314242    N  369  0.96987229    H 1781  0.89939683
   371  C    3.96461846    O  372  1.60473065    N  377  1.38886512    C  370  0.97314242
   372  O    1.74073575    C  371  1.60473065    N  377  0.08904471
   373  C    3.78786596    C  370  1.00867837    C  374  0.96777962    H 1783  0.90714327    H 1782  0.87515789
   374  C    3.96818814    O  376  1.51006442    O  375  1.50718704    C  373  0.96777962
   375  O    1.66598777    C  374  1.50718704    O  376  0.12166160
   376  O    1.67712613    C  374  1.51006442    O  375  0.12166160
   377  N    3.19809312    C  371  1.38886512    C  378  0.95409885    H 1784  0.85569234    O  372  0.08904471
   378  C    3.85376446    C  379  0.97738374    C  381  0.97335818    N  377  0.95409885    H 1785  0.90270069
   379  C    3.95324639    O  380  1.61107841    N  384  1.38065052    C  378  0.97738374
   380  O    1.71642863    C  379  1.61107841    N  384  0.08432164
   381  C    3.80934514    C  383  1.02838854    C  378  0.97335818    O  382  0.92734882    H 1786  0.91107821
   382  O    1.69252707    C  381  0.92734882    H 1787  0.74196318
   383  C    3.72058894    C  381  1.02838854    H 1789  0.92503801    H 1790  0.92165396    H 1788  0.90551900
   384  N    3.17604710    C  379  1.38065052    C  385  0.96694937    H 1791  0.87548216    O  380  0.08432164
   385  C    3.87148589    C  388  0.97760315    C  386  0.97135475    N  384  0.96694937    H 1792  0.91146103
   386  C    3.92567004    O  387  1.59061288    N  390  1.38433166    C  385  0.97135475
   387  O    1.69869363    C  386  1.59061288    N  390  0.08326711
   388  C    3.85272310    S  389  1.10861880    C  385  0.97760315    H 1794  0.89219995    H 1793  0.87749313
   389  S    1.87006996    C  388  1.10861880    H 1795  0.87750449
   390  N    3.16897065    C  386  1.38433166    C  391  0.96682534    H 1796  0.87197480    O  387  0.08326711
   391  C    3.88271597    C  394  1.00757207    C  392  0.97131791    N  390  0.96682534    H 1797  0.90092736
   392  C    3.95038561    O  393  1.58981846    N  401  1.39339539    C  391  0.97131791
   393  O    1.71626303    C  392  1.58981846    N  401  0.08589444
   394  C    3.81227596    C  395  1.02889626    C  391  1.00757207    H 1799  0.90636639    H 1798  0.89351646
   395  C    3.82438774    C  396  1.05289209    C  394  1.02889626    H 1801  0.90378816    H 1800  0.89563954
   396  C    3.83345398    C  395  1.05289209    N  397  0.99327092    H 1803  0.93579037    H 1802  0.90360302
   397  N    3.17111145    C  398  1.36304220    C  396  0.99327092    H 1804  0.84361792
   398  C    4.11402146    N  400  1.37436759    N  399  1.36680881    N  397  1.36304220
   399  N    3.07453627    C  398  1.36680881    H 1805  0.84363235    H 1806  0.83838632
   400  N    3.04380441    C  398  1.37436759    H 1807  0.84195001    H 1808  0.83625511
   401  N    3.20874861    C  392  1.39339539    C  402  0.96252352    H 1809  0.87344087    O  393  0.08589444
   402  C    3.86774844    C  405  0.98658842    C  403  0.97636251    N  401  0.96252352    H 1810  0.90665233
   403  C    3.95946056    O  404  1.60091061    N  407  1.38591363    C  402  0.97636251
   404  O    1.71972871    C  403  1.60091061    N  407  0.08598834
   405  C    3.75919865    C  402  0.98658842    O  406  0.96774954    H 1811  0.91666791    H 1812  0.90318016
   406  O    1.71824402    C  405  0.96774954    H 1813  0.75078942
   407  N    3.18556689    C  403  1.38591363    C  408  0.95530755    H 1814  0.87415676    O  404  0.08598834
   408  C    3.85797497    C  411  0.99599091    C  409  0.97064726    N  407  0.95530755    H 1815  0.90121650
   409  C    3.93738510    O  410  1.60538840    N  415  1.37245828    C  408  0.97064726
   410  O    1.73277020    C  409  1.60538840    N  415  0.08234203
   411  C    3.80455249    C  408  0.99599091    C  412  0.99052718    H 1817  0.92071334    H 1816  0.90322253
   412  C    3.86066253    S  413  1.08653445    C  411  0.99052718    H 1818  0.89397151    H 1819  0.89049608
   413  S    2.22557187    C  414  1.13098724    C  412  1.08653445
   414  C    3.82736376    S  413  1.13098724    H 1821  0.91719209    H 1822  0.91385497    H 1820  0.90395137
   415  N    3.18003792    C  409  1.37245828    C  416  0.95983256    H 1823  0.87482554    O  410  0.08234203
   416  C    3.86117841    C  417  0.97690324    C  419  0.96910841    N  415  0.95983256    H 1824  0.90785800
   417  C    3.94547763    O  418  1.60011700    N  422  1.38442144    C  416  0.97690324
   418  O    1.70903700    C  417  1.60011700    N  422  0.08399077
   419  C    3.86685900    C  420  1.01512093    C  421  1.01428046    C  416  0.96910841    H 1825  0.90533751
   420  C    3.73781370    C  419  1.01512093    H 1827  0.91681169    H 1828  0.91443823    H 1826  0.91171286
   421  C    3.72658217    C  419  1.01428046    H 1829  0.92473014    H 1830  0.92036032    H 1831  0.91457314
   422  N    3.18329555    C  417  1.38442144    C  423  0.95687301    H 1832  0.86752660    O  418  0.08399077
   423  C    3.88024517    C  426  1.01895242    C  424  0.98283043    N  422  0.95687301    H 1833  0.90588480
   424  C    3.97302791    O  425  1.61089912    N  427  1.39411771    C  423  0.98283043
   425  O    1.75328697    C  424  1.61089912    N  427  0.08549252
   426  C    3.72913481    C  423  1.01895242    H 1836  0.92118635    H 1834  0.91492858    H 1835  0.91469109
   427  N    3.20283284    C  424  1.39411771    C  428  0.97899207    H 1837  0.86845897    O  425  0.08549252
   428  C    3.87482530    N  427  0.97899207    C  429  0.97770927    C  431  0.95853299    H 1838  0.90161037
   429  C    3.96181282    O  430  1.61292554    N  434  1.38357010    C  428  0.97770927
   430  O    1.76694907    C  429  1.61292554    N  434  0.08696500
   431  C    3.87859778    C  432  1.03232892    C  433  1.03133537    C  428  0.95853299    H 1839  0.90561294
   432  C    3.74383711    C  431  1.03232892    H 1842  0.93245484    H 1841  0.91766997    H 1840  0.91543904
   433  C    3.73996745    C  431  1.03133537    H 1844  0.92265000    H 1845  0.92248839    H 1843  0.90720741
   434  N    3.17262379    C  429  1.38357010    C  435  0.96239278    H 1846  0.87261630    O  430  0.08696500
   435  C    3.88252815    C  438  1.01533417    C  436  0.96643067    N  434  0.96239278    H 1847  0.90568636
   436  C    3.93014406    O  437  1.59264406    N  442  1.37339247    C  435  0.96643067
   437  O    1.72292456    C  436  1.59264406    N  442  0.08137758
   438  C    3.81182456    C  435  1.01533417    C  439  0.99213154    H 1848  0.91850713    H 1849  0.91225089
   439  C    3.86795187    S  440  1.09533622    C  438  0.99213154    H 1851  0.88916418    H 1850  0.88677008
   440  S    2.21347159    C  441  1.12717929    C  439  1.09533622
   441  C    3.82000080    S  440  1.12717929    H 1852  0.91472441    H 1854  0.91152691    H 1853  0.90029005
   442  N    3.20228266    C  436  1.37339247    C  443  0.95884936    H 1855  0.87283449    O  437  0.08137758
   443  C    3.89733881    C  446  1.01107702    C  444  0.97372985    N  442  0.95884936    H 1856  0.91946237
   444  C    3.93559878    O  445  1.59567568    N  450  1.38546589    C  443  0.97372985
   445  O    1.73665169    C  444  1.59567568    N  450  0.08645196
   446  C    3.75322196    C  443  1.01107702    C  447  0.97035632    H 1857  0.90511354    H 1858  0.86704314
   447  C    3.81459362    O  449  1.48164944    O  448  1.34506263    C  446  0.97035632
   448  O    1.63558221    C  447  1.34506263    Ca1397  0.11988002    O  449  0.08399710
   449  O    1.65558323    C  447  1.48164944    O  448  0.08399710    H 1882  0.05986434
   450  N    3.20112913    C  444  1.38546589    C  451  0.97245001    H 1859  0.85843507    O  445  0.08645196
   451  C    3.89209046    C  454  0.98842943    C  452  0.98765158    N  450  0.97245001    H 1860  0.88510743
   452  C    3.96487790    O  453  1.59956028    N  456  1.37811067    C  451  0.98765158
   453  O    1.75190556    C  452  1.59956028    N  456  0.08619747
   454  C    3.76958505    C  451  0.98842943    O  455  0.97520554    H 1862  0.90450334    H 1861  0.89838036
   455  O    1.72020799    C  454  0.97520554    H 1863  0.72907070
   456  N    3.18689484    C  452  1.37811067    C  457  0.97740590    H 1864  0.85951698    O  453  0.08619747
   457  C    3.89975389    C  460  1.00000043    C  458  0.99353223    N  456  0.97740590    H 1865  0.87445657
   458  C    3.99775904    O  459  1.59544810    N  464  1.40485971    C  457  0.99353223
   459  O    1.73875662    C  458  1.59544810    N  464  0.08636919
   460  C    3.76694759    C  457  1.00000043    C  461  0.97942912    H 1866  0.87610950    H 1867  0.86275736
   461  C    3.85764280    O  463  1.49375720    O  462  1.35677324    C  460  0.97942912
   462  O    1.65286381    C  461  1.35677324    Ca1397  0.15772667    O  463  0.10204159
   463  O    1.73583158    C  461  1.49375720    O  462  0.10204159    H 2765  0.07304578
   464  N    3.18902053    C  458  1.40485971    C  465  0.97936008    H 1868  0.84197769    O  459  0.08636919
   465  C    3.87702169    C  468  0.98661992    C  466  0.98209251    N  464  0.97936008    H 1869  0.87474633
   466  C    3.95370041    O  467  1.59193831    N  471  1.39577417    C  465  0.98209251
   467  O    1.72616833    C  466  1.59193831    N  471  0.08664437
   468  C    3.83481686    C  470  1.02512013    C  465  0.98661992    O  469  0.93786306    H 1870  0.88588716
   469  O    1.66330242    C  468  0.93786306    H 1871  0.72317480
   470  C    3.72522541    C  468  1.02512013    H 1874  0.91335148    H 1872  0.90804644    H 1873  0.88634489
   471  N    3.20416736    C  466  1.39577417    C  472  0.97457588    H 1875  0.87647778    O  467  0.08664437
   472  C    3.85752968    C  473  0.97608362    N  471  0.97457588    C  475  0.96952946    H 1876  0.87245449
   473  C    3.97548119    O  474  1.59962226    N  478  1.40615278    C  472  0.97608362
   474  O    1.75679750    C  473  1.59962226    N  478  0.08943045
   475  C    3.77773367    C  477  1.02040145    C  472  0.96952946    O  476  0.88875312    H 1877  0.87129596
   476  O    1.74245831    C  475  0.88875312    H 1878  0.74397871    Ca1397  0.07672658
   477  C    3.73677613    C  475  1.02040145    H 1881  0.91746297    H 1879  0.89630193    H 1880  0.89516762
   478  N    3.19624062    C  473  1.40615278    C  479  0.98596599    H 1882  0.86107171    O  474  0.08943045
   479  C    3.79789598    C  480  0.98938437    N  478  0.98596599    H 1883  0.89263724    H 1884  0.88555629
   480  C    3.94864907    O  481  1.60099844    N  482  1.38185305    C  479  0.98938437
   481  O    1.75150550    C  480  1.60099844    N  482  0.08788409
   482  N    3.20075667    C  480  1.38185305    C  483  0.95596758    H 1885  0.87480993    O  481  0.08788409
   483  C    3.85148634    C  486  1.00384559    C  484  0.97282403    N  482  0.95596758    H 1886  0.88685329
   484  C    3.87546695    O  485  1.44454639    N  491  1.42336344    C  483  0.97282403
   485  O    1.67945131    C  484  1.44454639    Ca1397  0.08351745    N  491  0.07136253
   486  C    3.79882381    C  487  1.02777390    C  483  1.00384559    H 1888  0.91195591    H 1887  0.89887210
   487  C    3.81797310    C  486  1.02777390    C  488  1.02609274    H 1889  0.91530988    H 1890  0.89405862
   488  C    3.81169971    C  489  1.05461436    C  487  1.02609274    H 1891  0.91229895    H 1892  0.88766797
   489  C    3.74556831    C  488  1.05461436    N  490  0.94121345    H 1893  0.92390752    H 1894  0.90321218
   490  N    3.37014400    C  489  0.94121345    H 1896  0.82161598    H 1895  0.81966953    H 1897  0.81698615
   491  N    3.21413680    C  484  1.42336344    C  492  0.95659562    H 1898  0.84652193    O  485  0.07136253
   492  C    3.89658748    C  495  1.00982612    C  493  0.97482354    N  491  0.95659562    H 1899  0.93768527
   493  C    3.92413506    O  494  1.58139172    N  499  1.37123859    C  492  0.97482354
   494  O    1.68761599    C  493  1.58139172    N  499  0.08465077
   495  C    3.79289491    C  492  1.00982612    C  496  0.99783085    H 1901  0.90730052    H 1900  0.89493007
   496  C    3.89410775    C  497  1.02327132    C  498  1.02228908    C  495  0.99783085    H 1902  0.90445743
   497  C    3.72335438    C  496  1.02327132    H 1905  0.91552256    H 1903  0.90624029    H 1904  0.90579368
   498  C    3.72948647    C  496  1.02228908    H 1908  0.92087598    H 1907  0.92069182    H 1906  0.91784857
   499  N    3.23542891    C  493  1.37123859    C  500  0.98266147    H 1909  0.87948956    O  494  0.08465077
   500  C    3.78788684    C  501  0.99431281    N  499  0.98266147    H 1911  0.90119299    H 1910  0.89481012
   501  C    3.92109680    O  502  1.58208220    N  503  1.36842586    C  500  0.99431281
   502  O    1.67698977    C  501  1.58208220    N  503  0.08210295
   503  N    3.21081453    C  501  1.36842586    C  504  0.96108500    H 1912  0.84708128    O  502  0.08210295
   504  C    3.88056441    C  507  1.00444683    C  505  0.98136675    N  503  0.96108500    H 1913  0.89780907
   505  C    3.95345492    O  506  1.59164098    N  514  1.37638303    C  504  0.98136675
   506  O    1.69891209    C  505  1.59164098    N  514  0.08320517
   507  C    3.84246489    C  508  1.01237210    C  504  1.00444683    H 1914  0.90980672    H 1915  0.88573907
   508  C    3.89694136    C  510  1.38766550    C  509  1.38445866    C  507  1.01237210    C  513  0.05288400
   509  C    3.81856212    C  511  1.40528020    C  508  1.38445866    H 1916  0.91089811    C  512  0.05871841
   510  C    3.84346392    C  512  1.41466912    C  508  1.38766550    H 1917  0.90496541    C  511  0.05754229
   511  C    3.81434395    C  513  1.41520477    C  509  1.40528020    H 1918  0.90666893    C  510  0.05754229
   512  C    3.84413843    C  513  1.42615689    C  510  1.41466912    H 1919  0.92577918    C  509  0.05871841
   513  C    3.83679056    C  512  1.42615689    C  511  1.41520477    H 1920  0.90497954    C  508  0.05288400
   514  N    3.18169641    C  505  1.37638303    C  515  0.95717149    H 1921  0.85632953    O  506  0.08320517
   515  C    3.88777675    C  518  1.01641174    C  516  0.97905281    N  514  0.95717149    H 1922  0.89946240
   516  C    3.95935754    O  517  1.58603555    N  523  1.39853819    C  515  0.97905281
   517  O    1.70051774    C  516  1.58603555    N  523  0.08548274
   518  C    3.82365101    C  519  1.02399303    C  515  1.01641174    H 1924  0.89884661    H 1923  0.89090836
   519  C    3.80821849    C  518  1.02399303    C  520  0.96794750    H 1926  0.90279313    H 1925  0.88093330
   520  C    3.96467340    O  522  1.52091770    O  521  1.51018324    C  519  0.96794750
   521  O    1.66151701    C  520  1.51018324    O  522  0.11905699
   522  O    1.66113712    C  520  1.52091770    O  521  0.11905699
   523  N    3.18330486    C  516  1.39853819    C  524  0.95266897    H 1927  0.87139080    O  517  0.08548274
   524  C    3.87045568    C  527  1.00864231    C  525  0.97242211    N  523  0.95266897    H 1928  0.89251968
   525  C    3.95172377    O  526  1.60319647    N  532  1.38129362    C  524  0.97242211
   526  O    1.71981956    C  525  1.60319647    N  532  0.08502439
   527  C    3.79618964    C  528  1.02706109    C  524  1.00864231    H 1930  0.90652857    H 1929  0.88816949
   528  C    3.76868430    C  527  1.02706109    C  529  0.97555736    H 1932  0.87031924    H 1931  0.85245015
   529  C    3.86208239    O  531  1.45149559    O  530  1.38715679    C  528  0.97555736    Ca1397  0.06426396
   530  O    1.68406373    C  529  1.38715679    Ca1397  0.17901435    O  531  0.11306958
   531  O    1.69530757    C  529  1.45149559    Ca1397  0.11313802    O  530  0.11306958
   532  N    3.18339418    C  525  1.38129362    C  533  0.95542047    H 1933  0.87558799    O  526  0.08502439
   533  C    3.86093265    C  536  0.99589146    C  534  0.97929262    N  532  0.95542047    H 1934  0.89877139
   534  C    3.92875539    O  535  1.57214856    N  543  1.37870483    C  533  0.97929262
   535  O    1.67843350    C  534  1.57214856    N  543  0.08281874
   536  C    3.82993511    C  537  1.01444645    C  533  0.99589146    H 1935  0.91482726    H 1936  0.89463947
   537  C    3.87733372    C  539  1.38523021    C  538  1.37854713    C  536  1.01444645    C  542  0.05391486
   538  C    3.82281475    C  540  1.41237961    C  537  1.37854713    H 1937  0.90671264    C  541  0.05749289
   539  C    3.82511142    C  541  1.41147669    C  537  1.38523021    H 1938  0.91580651    C  540  0.05773112
   540  C    3.82419652    C  538  1.41237961    C  542  1.40058279    H 1939  0.90560598    C  539  0.05773112
   541  C    3.83383877    C  539  1.41147669    C  542  1.40956633    H 1940  0.91316585    C  538  0.05749289
   542  C    3.82870209    C  541  1.40956633    C  540  1.40058279    H 1941  0.91586856    C  537  0.05391486
   543  N    3.18240105    C  534  1.37870483    C  544  0.96456474    H 1942  0.87483760    O  535  0.08281874
   544  C    3.87658023    C  547  1.00827161    C  545  0.97553381    N  543  0.96456474    H 1943  0.90459727
   545  C    3.94977713    O  546  1.59226394    N  552  1.39084773    C  544  0.97553381
   546  O    1.70344417    C  545  1.59226394    N  552  0.08560396
   547  C    3.80353099    C  548  1.02849338    C  544  1.00827161    H 1944  0.91220183    H 1945  0.90745125
   548  C    3.81490859    C  547  1.02849338    C  549  1.01090664    H 1947  0.90142847    H 1946  0.89770487
   549  C    3.82139234    C  550  1.05403495    C  548  1.01090664    H 1949  0.89784411    H 1948  0.89581028
   550  C    3.73438369    C  549  1.05403495    N  551  0.93463150    H 1950  0.91617681    H 1951  0.90703483
   551  N    3.36052412    C  550  0.93463150    H 1953  0.83366670    H 1954  0.82320777    H 1952  0.82060159
   552  N    3.19095771    C  545  1.39084773    C  553  0.95546519    H 1955  0.87022685    O  546  0.08560396
   553  C    3.87917586    C  556  1.00213416    C  554  0.97542205    N  552  0.95546519    H 1956  0.90282890
   554  C    3.95136110    O  555  1.59566264    N  564  1.38809532    C  553  0.97542205
   555  O    1.72689381    C  554  1.59566264    N  564  0.08902284
   556  C    3.84092664    C  557  1.00531649    C  553  1.00213416    H 1957  0.90776352    H 1958  0.89613675
   557  C    3.88717779    C  558  1.38445631    C  559  1.37982055    C  556  1.00531649
   558  C    3.86184552    C  560  1.40898970    C  557  1.38445631    H 1959  0.91059958    C  561  0.05634690
   559  C    3.83890577    C  561  1.41199263    C  557  1.37982055    H 1960  0.93358550    C  560  0.05530918
   560  C    3.83796182    C  558  1.40898970    C  562  1.36297189    H 1961  0.91221526    C  559  0.05530918
   561  C    3.81617669    C  559  1.41199263    C  562  1.36549406    H 1962  0.91586957    C  558  0.05634690
   562  C    3.87128012    C  561  1.36549406    C  560  1.36297189    O  563  1.01375894
   563  O    1.81608790    C  562  1.01375894    H 1963  0.71270013
   564  N    3.19404440    C  554  1.38809532    C  565  0.95108966    H 1964  0.87130306    O  555  0.08902284
   565  C    3.86606332    C  568  1.00741026    C  566  0.98034092    N  564  0.95108966    H 1965  0.90398298
   566  C    3.93922987    O  567  1.58673683    N  572  1.38277361    C  565  0.98034092
   567  O    1.68425973    C  566  1.58673683    N  572  0.08338687
   568  C    3.80616321    C  565  1.00741026    C  569  0.99597328    H 1966  0.91258416    H 1967  0.90447663
   569  C    3.88523141    C  570  1.01850255    C  571  1.01305718    C  568  0.99597328    H 1968  0.90080265
   570  C    3.72959147    C  569  1.01850255    H 1971  0.92192862    H 1970  0.91615218    H 1969  0.91409378
   571  C    3.72803581    C  569  1.01305718    H 1973  0.91722365    H 1974  0.91116124    H 1972  0.90846932
   572  N    3.18651598    C  566  1.38277361    C  573  0.96055079    H 1975  0.87768532    O  567  0.08338687
   573  C    3.86516751    C  576  0.99043473    C  574  0.97616684    N  572  0.96055079    H 1976  0.89915419
   574  C    3.94446374    O  575  1.60094762    N  586  1.38024180    C  573  0.97616684
   575  O    1.72400294    C  574  1.60094762    N  586  0.08600207
   576  C    3.86998782    C  577  1.06186109    C  573  0.99043473    H 1977  0.90696357    H 1978  0.89321881
   577  C    3.87169722    C  578  1.54005208    C  579  1.19986490    C  576  1.06186109
   578  C    3.80680531    C  577  1.54005208    N  580  1.22434770    H 1979  0.90862305
   579  C    3.92994097    C  582  1.32681614    C  581  1.26886697    C  577  1.19986490
   580  N    3.35725417    C  578  1.22434770    C  581  1.17559899    H 1980  0.83176691
   581  C    3.94181497    C  583  1.36540675    C  579  1.26886697    N  580  1.17559899
   582  C    3.83128530    C  584  1.45061655    C  579  1.32681614    H 1981  0.90125225    C  583  0.06033278
   583  C    3.86841401    C  585  1.45655471    C  581  1.36540675    H 1982  0.90487155    C  582  0.06033278
   584  C    3.83107026    C  582  1.45061655    C  585  1.35799347    H 1983  0.90686653
   585  C    3.85732360    C  583  1.45655471    C  584  1.35799347    H 1984  0.91136858
   586  N    3.18062514    C  574  1.38024180    C  587  0.96453100    H 1985  0.87186528    O  575  0.08600207
   587  C    3.89508966    C  590  1.00661851    C  588  0.98421391    N  586  0.96453100    H 1986  0.90270087
   588  C    3.95856734    O  589  1.58396830    N  594  1.39389851    C  587  0.98421391
   589  O    1.70593185    C  588  1.58396830    N  594  0.08709455
   590  C    3.78639637    C  587  1.00661851    C  591  0.99484521    H 1988  0.90748081    H 1987  0.88132656
   591  C    3.96455016    O  592  1.58484851    N  593  1.39752175    C  590  0.99484521
   592  O    1.72540785    C  591  1.58484851    N  593  0.09198224
   593  N    3.16346883    C  591  1.39752175    H 1989  0.84414746    H 1990  0.84375162    O  592  0.09198224
   594  N    3.19057295    C  588  1.39389851    C  595  0.95617301    H 1991  0.86834759    O  589  0.08709455
   595  C    3.87928092    C  598  1.01614454    C  596  0.97766596    N  594  0.95617301    H 1992  0.93964673
   596  C    3.93899081    O  597  1.58132996    N  602  1.38434353    C  595  0.97766596
   597  O    1.69330302    C  596  1.58132996    N  602  0.08214626
   598  C    3.78271517    C  595  1.01614454    C  599  0.99639611    H 1994  0.90257473    H 1993  0.88882564
   599  C    3.96173544    O  600  1.60067369    N  601  1.38431208    C  598  0.99639611
   600  O    1.75609430    C  599  1.60067369    N  601  0.09083215
   601  N    3.13419699    C  599  1.38431208    H 1996  0.88315899    H 1995  0.86114161    O  600  0.09083215
   602  N    3.17427686    C  596  1.38434353    C  603  0.96092969    H 1997  0.87337455    O  597  0.08214626
   603  C    3.86492524    C  604  0.98473222    C  606  0.96467862    N  602  0.96092969    H 1998  0.90074206
   604  C    3.94009095    O  605  1.58778883    N  610  1.37718403    C  603  0.98473222
   605  O    1.68972678    C  604  1.58778883    N  610  0.08248164
   606  C    3.87040553    C  608  1.01237341    C  607  0.99756308    C  603  0.96467862    H 1999  0.90337695
   607  C    3.82239461    C  609  1.04090823    C  606  0.99756308    H 2000  0.91290665    H 2001  0.90960179
   608  C    3.73750239    C  606  1.01237341    H 2002  0.91832097    H 2003  0.91776371    H 2004  0.91301398
   609  C    3.73749763    C  607  1.04090823    H 2007  0.92747383    H 2006  0.91689653    H 2005  0.90630697
   610  N    3.17666857    C  604  1.37718403    C  611  0.95881461    H 2008  0.86814719    O  605  0.08248164
   611  C    3.87318294    C  614  1.00171384    C  612  0.97966085    N  610  0.95881461    H 2009  0.89194906
   612  C    3.95946226    O  613  1.60424087    N  619  1.39039008    C  611  0.97966085
   613  O    1.73436946    C  612  1.60424087    N  619  0.08627688
   614  C    3.80325236    C  615  1.02662380    C  611  1.00171384    H 2010  0.90637262    H 2011  0.89503322
   615  C    3.82525536    C  614  1.02662380    C  616  1.00976161    H 2012  0.89995585    H 2013  0.89558488
   616  C    3.82571645    C  617  1.04450336    C  615  1.00976161    H 2014  0.89970466    H 2015  0.89521707
   617  C    3.71993585    C  616  1.04450336    N  618  0.92062097    H 2017  0.90963962    H 2016  0.90276721
   618  N    3.37861836    C  617  0.92062097    H 2020  0.82949986    H 2019  0.82580088    H 2018  0.81380182
   619  N    3.19060036    C  612  1.39039008    C  620  0.96479007    H 2021  0.86449051    O  613  0.08627688
   620  C    3.89051026    C  623  1.00896498    C  621  0.97902914    N  619  0.96479007    H 2022  0.89639815
   621  C    3.95496701    O  622  1.59237718    N  628  1.40287335    C  620  0.97902914
   622  O    1.71111728    C  621  1.59237718    N  628  0.08796315
   623  C    3.81441594    C  624  1.03508211    C  620  1.00896498    H 2023  0.90940496    H 2024  0.89807343
   624  C    3.82304935    C  623  1.03508211    C  625  1.00883750    H 2025  0.89319217    H 2026  0.89240761
   625  C    3.82650705    C  626  1.04499042    C  624  1.00883750    H 2027  0.90721967    H 2028  0.89524421
   626  C    3.71857650    C  625  1.04499042    N  627  0.92619698    H 2030  0.92214543    H 2029  0.90676846
   627  N    3.38127198    C  626  0.92619698    H 2031  0.83183104    H 2033  0.83117623    H 2032  0.81906319
   628  N    3.18362438    C  621  1.40287335    C  629  0.96540539    H 2034  0.86719264    O  622  0.08796315
   629  C    3.87374388    C  632  0.99660332    C  630  0.97842377    N  628  0.96540539    H 2035  0.91154191
   630  C    3.93355001    O  631  1.58623848    N  642  1.38137271    C  629  0.97842377
   631  O    1.69305581    C  630  1.58623848    N  642  0.08173124
   632  C    3.83386879    C  633  1.02368830    C  629  0.99660332    H 2037  0.90397707    H 2036  0.88786353
   633  C    3.84807573    C  634  1.55941637    C  635  1.19535198    C  632  1.02368830
   634  C    3.81924301    C  633  1.55941637    N  636  1.23180647    H 2038  0.92746350
   635  C    3.92244212    C  638  1.32617336    C  637  1.27044810    C  633  1.19535198
   636  N    3.34850368    C  634  1.23180647    C  637  1.17378556    H 2039  0.84134690
   637  C    3.92266058    C  639  1.35660006    C  635  1.27044810    N  636  1.17378556
   638  C    3.82709943    C  640  1.44947404    C  635  1.32617336    H 2040  0.90716770    C  639  0.06102917
   639  C    3.84862576    C  641  1.45814317    C  637  1.35660006    H 2041  0.91077667    C  638  0.06102917
   640  C    3.81786685    C  638  1.44947404    C  641  1.35645861    H 2042  0.93187989
   641  C    3.83776876    C  639  1.45814317    C  640  1.35645861    H 2043  0.91403687
   642  N    3.17820775    C  630  1.38137271    C  643  0.95484625    H 2044  0.87582035    O  631  0.08173124
   643  C    3.86113368    C  646  1.00056176    C  644  0.97570528    N  642  0.95484625    H 2045  0.90652312
   644  C    3.94187295    O  645  1.60283272    N  651  1.37927880    C  643  0.97570528
   645  O    1.70950415    C  644  1.60283272    N  651  0.08424124
   646  C    3.81174967    C  647  1.02110926    C  643  1.00056176    H 2046  0.91543542    H 2047  0.89580973
   647  C    3.79834375    C  646  1.02110926    C  648  0.99752173    H 2049  0.92142351    H 2048  0.88675445
   648  C    3.95954340    O  649  1.59776565    N  650  1.38092061    C  647  0.99752173
   649  O    1.74932652    C  648  1.59776565    N  650  0.09361723
   650  N    3.17018795    C  648  1.38092061    H 2051  0.85106321    H 2050  0.84626121    O  649  0.09361723
   651  N    3.18072869    C  644  1.37927880    C  652  0.96396194    H 2052  0.86219067    O  645  0.08424124
   652  C    3.89180965    C  655  1.02347835    C  653  0.97949152    N  651  0.96396194    H 2053  0.89543219
   653  C    3.96254284    O  654  1.58712602    N  656  1.39995242    C  652  0.97949152
   654  O    1.70680079    C  653  1.58712602    N  656  0.08513813
   655  C    3.73636301    C  652  1.02347835    H 2056  0.91130865    H 2054  0.90979072    H 2055  0.90420858
   656  N    3.19395076    C  653  1.39995242    C  657  0.96615580    H 2057  0.85696788    O  654  0.08513813
   657  C    3.87679878    C  658  0.98243227    C  660  0.97159641    N  656  0.96615580    H 2058  0.90354850
   658  C    3.95853675    O  659  1.58457606    N  664  1.40600645    C  657  0.98243227
   659  O    1.68544611    C  658  1.58457606    N  664  0.08354020
   660  C    3.87645464    C  662  1.02990319    C  661  1.00175286    C  657  0.97159641    H 2059  0.89443706
   661  C    3.83820158    C  663  1.04782819    C  660  1.00175286    H 2061  0.90717979    H 2060  0.90523044
   662  C    3.72559537    C  660  1.02990319    H 2064  0.91889806    H 2062  0.90867120    H 2063  0.90670109
   663  C    3.73597257    C  661  1.04782819    H 2067  0.92324476    H 2065  0.91006062    H 2066  0.90905903
   664  N    3.18582572    C  658  1.40600645    C  665  0.94864921    H 2068  0.86534297    O  659  0.08354020
   665  C    3.85429832    C  668  0.99403386    C  666  0.98076992    N  664  0.94864921    H 2069  0.89582921
   666  C    3.94937168    O  667  1.61067012    N  676  1.37361413    C  665  0.98076992
   667  O    1.73777124    C  666  1.61067012    N  676  0.08482172
   668  C    3.82309975    C  669  1.00576265    C  665  0.99403386    H 2070  0.91237992    H 2071  0.90023684
   669  C    3.86133590    C  671  1.38095239    C  670  1.38036478    C  668  1.00576265
   670  C    3.84570001    C  672  1.42272465    C  669  1.38036478    H 2072  0.91908517    C  673  0.05427559
   671  C    3.82773290    C  673  1.42549930    C  669  1.38095239    H 2073  0.92243454    C  672  0.05336562
   672  C    3.82145637    C  670  1.42272465    C  674  1.36324912    H 2074  0.91712521    C  671  0.05336562
   673  C    3.79963116    C  671  1.42549930    C  674  1.36986867    H 2075  0.91390363    C  670  0.05427559
   674  C    3.85182137    C  673  1.36986867    C  672  1.36324912    O  675  1.01558052
   675  O    1.81229219    C  674  1.01558052    H 2076  0.74029945
   676  N    3.16757348    C  666  1.37361413    C  677  0.97289321    H 2077  0.86220912    O  667  0.08482172
   677  C    3.88824485    C  680  1.00440773    C  678  0.98216429    N  676  0.97289321    H 2078  0.89235374
   678  C    3.96178794    O  679  1.60538543    N  685  1.38244787    C  677  0.98216429
   679  O    1.76420424    C  678  1.60538543    N  685  0.08749761
   680  C    3.81889677    C  681  1.03595373    C  677  1.00440773    H 2080  0.90290618    H 2079  0.89880836
   681  C    3.81922657    C  680  1.03595373    C  682  1.02453098    H 2081  0.90200363    H 2082  0.89498141
   682  C    3.82224772    C  683  1.05203032    C  681  1.02453098    H 2084  0.90563119    H 2083  0.89781315
   683  C    3.73387775    C  682  1.05203032    N  684  0.92709397    H 2085  0.91088350    H 2086  0.90075640
   684  N    3.36876680    C  683  0.92709397    H 2089  0.83120223    H 2088  0.82881667    H 2087  0.81293048
   685  N    3.18732334    C  678  1.38244787    C  686  0.96890927    H 2090  0.85790354    O  679  0.08749761
   686  C    3.89652202    C  689  1.00426434    C  687  0.98163049    N  685  0.96890927    H 2091  0.89306862
   687  C    3.96635349    O  688  1.59440667    N  694  1.39968518    C  686  0.98163049
   688  O    1.73936851    C  687  1.59440667    N  694  0.08773597
   689  C    3.80958993    C  690  1.02671025    C  686  1.00426434    H 2092  0.90545131    H 2093  0.89434664
   690  C    3.81097467    C  689  1.02671025    C  691  0.99712475    H 2095  0.91237824    H 2094  0.88360872
   691  C    3.96663287    O  692  1.58979945    N  693  1.39388729    C  690  0.99712475
   692  O    1.74231429    C  691  1.58979945    N  693  0.09568307
   693  N    3.14519295    C  691  1.39388729    H 2097  0.84070156    H 2096  0.83563472    O  692  0.09568307
   694  N    3.18972650    C  687  1.39968518    C  695  0.97970161    H 2098  0.85566854    O  688  0.08773597
   695  C    3.90456613    C  698  1.00364746    C  696  0.98484666    N  694  0.97970161    H 2099  0.89310238
   696  C    3.96064707    O  697  1.59452708    N  705  1.38809742    C  695  0.98484666
   697  O    1.72210176    C  696  1.59452708    N  705  0.08210651
   698  C    3.82405548    C  699  1.02012341    C  695  1.00364746    H 2100  0.89249221    H 2101  0.88644150
   699  C    3.88889600    C  700  1.38421527    C  701  1.38370197    C  698  1.02012341    C  704  0.05358484
   700  C    3.82594291    C  702  1.41779762    C  699  1.38421527    H 2102  0.91831760    C  703  0.05808434
   701  C    3.83772639    C  703  1.41463645    C  699  1.38370197    H 2103  0.90427919    C  702  0.05729471
   702  C    3.83714960    C  704  1.41813157    C  700  1.41779762    H 2104  0.91274296    C  701  0.05729471
   703  C    3.85383508    C  701  1.41463645    C  704  1.41424417    H 2105  0.90860018    C  700  0.05808434
   704  C    3.85115582    C  702  1.41813157    C  703  1.41424417    H 2106  0.91238291    C  699  0.05358484
   705  N    3.21160475    C  696  1.38809742    C  706  0.94877319    H 2107  0.85368827    O  697  0.08210651
   706  C    3.89177056    C  709  1.01635722    C  707  0.97783367    N  705  0.94877319    H 2108  0.90725888
   707  C    3.93922929    O  708  1.59144614    N  713  1.37964806    C  706  0.97783367
   708  O    1.71632259    C  707  1.59144614    N  713  0.08092604
   709  C    3.75105237    C  706  1.01635722    C  710  0.96450658    H 2109  0.89987273    H 2110  0.86123178
   710  C    3.86120315    O  712  1.55736876    O  711  1.33567995    C  709  0.96450658
   711  O    1.60091591    C  710  1.33567995    Ca1399  0.12290861    O  712  0.09878012
   712  O    1.70494628    C  710  1.55736876    O  711  0.09878012
   713  N    3.17455071    C  707  1.37964806    C  714  0.98288506    H 2111  0.85950227    O  708  0.08092604
   714  C    3.89717589    C  715  0.98376224    N  713  0.98288506    C  717  0.97034714    H 2112  0.87973032
   715  C    3.96405312    O  716  1.60049035    N  720  1.39048140    C  714  0.98376224
   716  O    1.75186232    C  715  1.60049035    N  720  0.08659883
   717  C    3.91672091    C  719  1.04171417    C  718  1.02898344    C  714  0.97034714    H 2113  0.88390927
   718  C    3.73932749    C  717  1.02898344    H 2114  0.90417904    H 2115  0.90185976    H 2116  0.90032540
   719  C    3.73149369    C  717  1.04171417    H 2117  0.91223358    H 2119  0.90957172    H 2118  0.90935265
   720  N    3.18021312    C  715  1.39048140    C  721  0.97619343    H 2120  0.84671982    O  716  0.08659883
   721  C    3.89331393    C  724  1.00496589    C  722  0.98135837    N  720  0.97619343    H 2121  0.87347625
   722  C    3.97831375    O  723  1.60491027    N  728  1.40571873    C  721  0.98135837
   723  O    1.76125528    C  722  1.60491027    N  728  0.08719102
   724  C    3.76311832    C  721  1.00496589    C  725  0.97748445    H 2123  0.87763179    H 2122  0.86043925
   725  C    3.89396581    O  727  1.53883665    O  726  1.35381510    C  724  0.97748445
   726  O    1.64327842    C  725  1.35381510    Ca1399  0.16394835    O  727  0.10683640
   727  O    1.70956359    C  725  1.53883665    O  726  0.10683640
   728  N    3.17952410    C  722  1.40571873    C  729  0.96720861    H 2124  0.84001860    O  723  0.08719102
   729  C    3.87866677    C  732  1.02089811    C  730  0.98149356    N  728  0.96720861    H 2125  0.88402706
   730  C    3.96009390    O  731  1.59835962    N  739  1.39531610    C  729  0.98149356
   731  O    1.75100109    C  730  1.59835962    N  739  0.08841147
   732  C    3.83564977    C  733  1.03997428    C  729  1.02089811    H 2127  0.89206383    H 2126  0.88263425
   733  C    3.83732679    C  734  1.04781960    C  732  1.03997428    H 2128  0.91330352    H 2129  0.89712397
   734  C    3.81606890    C  733  1.04781960    N  735  0.98354360    H 2130  0.90289813    H 2131  0.90013415
   735  N    3.15916073    C  736  1.36543999    C  734  0.98354360    H 2132  0.82868694
   736  C    4.12241209    N  737  1.37466851    N  738  1.37317954    N  735  1.36543999
   737  N    3.03829150    C  736  1.37466851    H 2134  0.85290353    H 2133  0.84008715
   738  N    3.07263701    C  736  1.37317954    H 2135  0.84355398    H 2136  0.82793511
   739  N    3.19371236    C  730  1.39531610    C  740  0.96385964    H 2137  0.86230132    O  731  0.08841147
   740  C    3.86139728    C  743  1.00087740    C  741  0.97800251    N  739  0.96385964    H 2138  0.87129580
   741  C    3.98595230    O  742  1.60996559    N  745  1.40686654    C  740  0.97800251
   742  O    1.76716905    C  741  1.60996559    N  745  0.09062078
   743  C    3.71633867    C  740  1.00087740    O  744  0.91492354    H 2139  0.88908643    H 2140  0.87261407
   744  O    1.71426652    C  743  0.91492354    H 2141  0.70830938    Ca1399  0.09016024
   745  N    3.20009169    C  741  1.40686654    C  746  0.98232486    H 2142  0.86612491    O  742  0.09062078
   746  C    3.78195845    C  747  0.98918885    N  745  0.98232486    H 2143  0.89426369    H 2144  0.87866064
   747  C    3.92670832    O  748  1.57789361    N  749  1.37746796    C  746  0.98918885
   748  O    1.71249113    C  747  1.57789361    N  749  0.08145087
   749  N    3.19325456    C  747  1.37746796    C  750  0.96776213    H 2145  0.88103113    O  748  0.08145087
   750  C    3.84315420    C  751  0.97934875    N  749  0.96776213    C  753  0.95449842    H 2146  0.90637095
   751  C    3.88409489    O  752  1.45916124    N  756  1.42341610    C  750  0.97934875
   752  O    1.66388815    C  751  1.45916124    Ca1399  0.07692544    N  756  0.07566997
   753  C    3.79377692    C  755  1.02970731    C  750  0.95449842    O  754  0.92450506    H 2147  0.89094458
   754  O    1.65666273    C  753  0.92450506    H 2148  0.73274068
   755  C    3.72088420    C  753  1.02970731    H 2151  0.92149315    H 2149  0.90698640    H 2150  0.89800951
   756  N    3.22185351    C  751  1.42341610    C  757  0.94831805    H 2152  0.84087619    O  752  0.07566997
   757  C    3.88191025    C  758  0.98487122    C  760  0.97276318    N  756  0.94831805    H 2153  0.93677316
   758  C    3.94019028    O  759  1.60105872    N  764  1.36632636    C  757  0.98487122
   759  O    1.69456449    C  758  1.60105872    N  764  0.08140300
   760  C    3.85884009    C  762  1.01865022    C  761  0.99423318    C  757  0.97276318    H 2154  0.89141311
   761  C    3.80902181    C  763  1.04497498    C  760  0.99423318    H 2156  0.90788560    H 2155  0.89751323
   762  C    3.72152869    C  760  1.01865022    H 2159  0.93078747    H 2158  0.91237087    H 2157  0.90478443
   763  C    3.73568487    C  761  1.04497498    H 2162  0.92924316    H 2161  0.92160003    H 2160  0.91360417
   764  N    3.22230228    C  758  1.36632636    C  765  0.99360998    H 2163  0.85816670    O  759  0.08140300
   765  C    3.80514866    C  766  1.00077831    N  764  0.99360998    H 2165  0.90233177    H 2164  0.88761832
   766  C    3.93733352    O  767  1.58503008    N  768  1.37004204    C  765  1.00077831
   767  O    1.69164425    C  766  1.58503008    N  768  0.07839054
   768  N    3.21008555    C  766  1.37004204    C  769  0.97150896    H 2166  0.85551683    O  767  0.07839054
   769  C    3.87246478    C  772  0.99020272    C  770  0.98420734    N  768  0.97150896    H 2167  0.88275350
   770  C    3.96712373    O  771  1.61581066    N  774  1.37285440    C  769  0.98420734
   771  O    1.75775940    C  770  1.61581066    N  774  0.08653759
   772  C    3.76076218    C  769  0.99020272    O  773  0.97648734    H 2168  0.91035116    H 2169  0.90008823
   773  O    1.72290231    C  772  0.97648734    H 2170  0.72919204
   774  N    3.18005625    C  770  1.37285440    C  775  0.97177523    H 2171  0.84334554    O  771  0.08653759
   775  C    3.87836350    C  778  0.99195475    C  776  0.98037306    N  774  0.97177523    H 2172  0.87624332
   776  C    3.96909226    O  777  1.59235739    N  780  1.41071478    C  775  0.98037306
   777  O    1.74066873    C  776  1.59235739    N  780  0.08725497
   778  C    3.75866425    C  775  0.99195475    O  779  0.97401305    H 2173  0.89618407    H 2174  0.89105748
   779  O    1.69179956    C  778  0.97401305    H 2175  0.71535401
   780  N    3.19009438    C  776  1.41071478    C  781  0.96030477    H 2176  0.86564981    O  777  0.08725497
   781  C    3.87433286    C  784  1.00287768    C  782  0.96956563    N  780  0.96030477    H 2177  0.89403594
   782  C    3.94471748    O  783  1.60019375    N  789  1.38252993    C  781  0.96956563
   783  O    1.73543139    C  782  1.60019375    N  789  0.08614323
   784  C    3.80047802    C  785  1.02739229    C  781  1.00287768    H 2179  0.90114716    H 2178  0.88588541
   785  C    3.78094987    C  784  1.02739229    C  786  0.97891670    H 2181  0.89475401    H 2180  0.87002155
   786  C    3.88621487    O  788  1.44020319    O  787  1.34396964    C  785  0.97891670    Ca1399  0.10395754
   787  O    1.64047333    C  786  1.34396964    Ca1399  0.15646316    O  788  0.10356898    H 2163  0.05845566
   788  O    1.70221848    C  786  1.44020319    Ca1399  0.11661232    O  787  0.10356898
   789  N    3.19257107    C  782  1.38252993    C  790  0.95757932    H 2182  0.86995544    O  783  0.08614323
   790  C    3.87104960    C  793  1.01509066    C  791  0.97483207    N  789  0.95757932    H 2183  0.90145164
   791  C    3.92079975    O  792  1.60018746    N  797  1.33119998    C  790  0.97483207
   792  O    1.71672356    C  791  1.60018746    N  797  0.07847546
   793  C    3.80491601    C  790  1.01509066    C  794  1.00083465    H 2184  0.92139117    H 2185  0.89478319
   794  C    3.89643977    C  796  1.02726583    C  795  1.01979316    C  793  1.00083465    H 2186  0.89293555
   795  C    3.72142462    C  794  1.01979316    H 2187  0.91836159    H 2189  0.91654111    H 2188  0.91550802
   796  C    3.72867066    C  794  1.02726583    H 2191  0.93577202    H 2192  0.90965916    H 2190  0.90210272
   797  N    3.23707273    C  791  1.33119998    C  803  0.95863275    C  798  0.94839072    O  792  0.07847546
   798  C    3.86983845    C  801  1.00614886    C  799  0.98610702    N  797  0.94839072    H 2193  0.88690124
   799  C    3.96450847    O  800  1.59545959    N  804  1.37744061    C  798  0.98610702
   800  O    1.71746559    C  799  1.59545959    N  804  0.08545327
   801  C    3.80617913    C  802  1.02404780    C  798  1.00614886    H 2195  0.90576111    H 2194  0.87944145
   802  C    3.79899694    C  803  1.03235837    C  801  1.02404780    H 2196  0.89253438    H 2197  0.88312445
   803  C    3.78990329    C  802  1.03235837    N  797  0.95863275    H 2199  0.90708226    H 2198  0.89756181
   804  N    3.21114141    C  799  1.37744061    C  805  0.98785577    H 2200  0.85165973    O  800  0.08545327
   805  C    3.80899755    C  806  0.99913132    N  804  0.98785577    H 2202  0.90382615    H 2201  0.89238972
   806  C    3.95938485    O  807  1.58137586    N  808  1.39824747    C  805  0.99913132
   807  O    1.70204740    C  806  1.58137586    N  808  0.08748826
   808  N    3.20051032    C  806  1.39824747    C  809  0.94906997    H 2203  0.86491905    O  807  0.08748826
   809  C    3.87511287    C  812  1.03715233    C  810  0.97707312    N  808  0.94906997    H 2204  0.90435747
   810  C    3.94800848    O  811  1.59923685    N  813  1.38764730    C  809  0.97707312
   811  O    1.71849665    C  810  1.59923685    N  813  0.08510600
   812  C    3.71371038    C  809  1.03715233    H 2207  0.91861134    H 2206  0.90806283    H 2205  0.90339306
   813  N    3.18157005    C  810  1.38764730    C  814  0.96532295    H 2208  0.87621239    O  811  0.08510600
   814  C    3.87132369    C  817  1.00654876    C  815  0.97784301    N  813  0.96532295    H 2209  0.89694133
   815  C    3.93186168    O  816  1.58575896    N  824  1.37711517    C  814  0.97784301
   816  O    1.69319711    C  815  1.58575896    N  824  0.08190692
   817  C    3.82488011    C  814  1.00654876    C  818  1.00339165    H 2210  0.90188191    H 2211  0.89829592
   818  C    3.87041949    C  819  1.38539885    C  820  1.38251533    C  817  1.00339165    C  823  0.05399832
   819  C    3.82542249    C  821  1.41211953    C  818  1.38539885    H 2212  0.91934709    C  822  0.05751608
   820  C    3.83513599    C  822  1.41685803    C  818  1.38251533    H 2213  0.91416903    C  821  0.05689118
   821  C    3.81191655    C  819  1.41211953    C  823  1.40782597    H 2214  0.91252162    C  820  0.05689118
   822  C    3.83122950    C  820  1.41685803    C  823  1.40886661    H 2215  0.91393971    C  819  0.05751608
   823  C    3.82682190    C  822  1.40886661    C  821  1.40782597    H 2216  0.91785479    C  818  0.05399832
   824  N    3.16845981    C  815  1.37711517    C  825  0.96621434    H 2217  0.86395689    O  816  0.08190692
   825  C    3.88737053    C  828  1.00270798    C  826  0.98245799    N  824  0.96621434    H 2218  0.89335284
   826  C    3.97250778    O  827  1.59707069    N  833  1.40157086    C  825  0.98245799
   827  O    1.74205033    C  826  1.59707069    N  833  0.08609400
   828  C    3.81677507    C  829  1.02339965    C  825  1.00270798    H 2220  0.90843732    H 2219  0.89994901
   829  C    3.79637185    C  828  1.02339965    C  830  0.97217062    H 2221  0.89918553    H 2222  0.89765734
   830  C    3.96373894    O  831  1.51377743    O  832  1.49880564    C  829  0.97217062
   831  O    1.67307561    C  830  1.51377743    O  832  0.11940151
   832  O    1.65262188    C  830  1.49880564    O  831  0.11940151
   833  N    3.18414768    C  826  1.40157086    C  834  0.96026316    H 2223  0.85896400    O  827  0.08609400
   834  C    3.89477447    C  837  1.03583111    C  835  0.97723885    N  833  0.96026316    H 2224  0.89413222
   835  C    3.97196864    O  836  1.60089492    N  838  1.40699766    C  834  0.97723885
   836  O    1.75594982    C  835  1.60089492    N  838  0.08919927
   837  C    3.72260422    C  834  1.03583111    H 2226  0.91423355    H 2227  0.90807271    H 2225  0.90165105
   838  N    3.17669466    C  835  1.40699766    C  839  0.96038895    H 2228  0.86438615    O  836  0.08919927
   839  C    3.87440948    C  842  1.02429239    C  840  0.97868169    N  838  0.96038895    H 2229  0.89284262
   840  C    3.95965312    O  841  1.61019303    N  843  1.37673932    C  839  0.97868169
   841  O    1.76624349    C  840  1.61019303    N  843  0.08663956
   842  C    3.70693934    C  839  1.02429239    H 2232  0.92358060    H 2230  0.90714271    H 2231  0.89973370
   843  N    3.21465294    C  840  1.37673932    C  844  0.99679021    H 2233  0.87834164    O  841  0.08663956
   844  C    3.82637610    C  845  0.99765269    N  843  0.99679021    H 2234  0.90279216    H 2235  0.88521311
   845  C    3.96200449    O  846  1.58965191    N  847  1.38254501    C  844  0.99765269
   846  O    1.74886968    C  845  1.58965191    N  847  0.08660131
   847  N    3.22039730    C  845  1.38254501    C  848  0.96383296    H 2236  0.86396712    O  846  0.08660131
   848  C    3.89270301    C  851  1.00215641    C  849  0.97398930    N  847  0.96383296    H 2237  0.92424597
   849  C    3.94101456    O  850  1.61394133    N  858  1.36218521    C  848  0.97398930
   850  O    1.74321529    C  849  1.61394133    N  858  0.08745018
   851  C    3.82583492    C  852  1.01195338    C  848  1.00215641    H 2239  0.90266530    H 2238  0.88523167
   852  C    3.89028476    C  853  1.39365090    C  854  1.38248942    C  851  1.01195338    C  857  0.05353726
   853  C    3.82876338    C  855  1.40301330    C  852  1.39365090    H 2240  0.91755496    C  856  0.05748157
   854  C    3.84316168    C  856  1.42040162    C  852  1.38248942    H 2241  0.91832643    C  855  0.05773337
   855  C    3.82474109    C  857  1.41182191    C  853  1.40301330    H 2242  0.91214984    C  854  0.05773337
   856  C    3.83600004    C  854  1.42040162    C  857  1.39687859    H 2243  0.91633358    C  853  0.05748157
   857  C    3.83082078    C  855  1.41182191    C  856  1.39687859    H 2244  0.92217082    C  852  0.05353726
   858  N    3.22640584    C  849  1.36218521    C  859  0.96669759    H 2245  0.84806939    O  850  0.08745018
   859  C    3.89754211    C  862  0.99952539    C  860  0.97952928    N  858  0.96669759    H 2246  0.91055793
   860  C    3.95715092    O  861  1.59280272    N  868  1.39291022    C  859  0.97952928
   861  O    1.73818358    C  860  1.59280272    N  868  0.09163002
   862  C    3.86537179    C  863  1.06804404    C  859  0.99952539    H 2248  0.89100473    H 2247  0.87648600
   863  C    3.89836227    C  865  1.59808104    N  864  1.18236729    C  862  1.06804404
   864  N    3.43824699    C  866  1.37752770    C  863  1.18236729    H 2249  0.81507351    N  867  0.05589556
   865  C    3.84577305    C  863  1.59808104    N  867  1.22887151    H 2250  0.90439300    C  866  0.05594849
   866  C    3.85345039    N  867  1.46070992    N  864  1.37752770    H 2251  0.90170143    C  865  0.05594849
   867  N    2.83382725    C  866  1.46070992    C  865  1.22887151    N  864  0.05589556
   868  N    3.21089166    C  860  1.39291022    C  869  0.96227513    H 2252  0.84358339    O  861  0.09163002
   869  C    3.88580470    C  872  1.02503812    C  870  0.97438706    N  868  0.96227513    H 2253  0.89308871
   870  C    3.94888760    O  871  1.61097811    N  876  1.36983500    C  869  0.97438706
   871  O    1.73764463    C  870  1.61097811    N  876  0.08420480
   872  C    3.81479758    C  869  1.02503812    C  873  1.00443066    H 2254  0.90161929    H 2255  0.89905933
   873  C    3.89819255    C  875  1.02656182    C  874  1.02191008    C  872  1.00443066    H 2256  0.88942781
   874  C    3.71574292    C  873  1.02191008    H 2259  0.91536053    H 2258  0.90342433    H 2257  0.90117975
   875  C    3.73047496    C  873  1.02656182    H 2262  0.91345774    H 2261  0.91162628    H 2260  0.90409556
   876  N    3.19501695    C  870  1.36983500    C  877  0.97026581    H 2263  0.84881204    O  871  0.08420480
   877  C    3.88795875    C  880  1.00994060    C  878  0.97855053    N  876  0.97026581    H 2264  0.88407693
   878  C    3.95089157    O  879  1.59679442    N  884  1.37121396    C  877  0.97855053
   879  O    1.68988204    C  878  1.59679442    N  884  0.08242483
   880  C    3.79609533    C  881  1.01592982    C  877  1.00994060    H 2265  0.89724582    H 2266  0.87391947
   881  C    3.96903653    O  882  1.56443161    N  883  1.41141702    C  880  1.01592982
   882  O    1.64018282    C  881  1.56443161    N  883  0.08918443
   883  N    3.15497083    C  881  1.41141702    H 2268  0.83703434    H 2267  0.83123617    O  882  0.08918443
   884  N    3.19582786    C  878  1.37121396    C  885  0.95863237    H 2269  0.84756277    O  879  0.08242483
   885  C    3.87968672    C  888  1.01247073    C  886  0.98858338    N  884  0.95863237    H 2270  0.88142395
   886  C    3.98550102    O  887  1.61124289    N  893  1.38181475    C  885  0.98858338
   887  O    1.72433514    C  886  1.61124289    N  893  0.08736541
   888  C    3.82892239    C  889  1.02995021    C  885  1.01247073    H 2271  0.90281431    H 2272  0.88486590
   889  C    3.80606588    C  888  1.02995021    C  890  0.97202411    H 2274  0.89291858    H 2273  0.87589850
   890  C    3.96884670    O  892  1.51619339    O  891  1.50584337    C  889  0.97202411
   891  O    1.65320685    C  890  1.50584337    O  892  0.11967698
   892  O    1.64895950    C  890  1.51619339    O  891  0.11967698
   893  N    3.19151854    C  886  1.38181475    C  894  0.96826239    H 2275  0.84285133    O  887  0.08736541
   894  C    3.89002660    C  897  1.00254664    C  895  0.98335714    N  893  0.96826239    H 2276  0.88582602
   895  C    3.97168439    O  896  1.60924810    N  903  1.39604034    C  894  0.98335714
   896  O    1.73817882    C  895  1.60924810    N  903  0.08877307
   897  C    3.85664347    C  898  1.06816468    C  894  1.00254664    H 2277  0.88428606    H 2278  0.87731503
   898  C    3.89639018    C  900  1.59724724    N  899  1.18389390    C  897  1.06816468
   899  N    3.43050425    C  901  1.37984627    C  898  1.18389390    H 2279  0.80348652    N  902  0.05517004
   900  C    3.85194505    C  898  1.59724724    N  902  1.22705023    H 2280  0.89683313    C  901  0.05630518
   901  C    3.84918995    N  902  1.45850942    N  899  1.37984627    H 2281  0.89589573    C  900  0.05630518
   902  N    2.83624941    C  901  1.45850942    C  900  1.22705023    N  899  0.05517004
   903  N    3.17679073    C  895  1.39604034    C  904  0.96007027    H 2282  0.85946798    O  896  0.08877307
   904  C    3.87893273    C  907  1.02533233    C  905  0.97908993    N  903  0.96007027    H 2283  0.90431597
   905  C    3.94641304    O  906  1.59883609    N  911  1.38142449    C  904  0.97908993
   906  O    1.69881828    C  905  1.59883609    N  911  0.08413275
   907  C    3.80104180    C  904  1.02533233    C  908  0.99736939    H 2285  0.90653512    H 2284  0.88561881
   908  C    3.89566152    C  910  1.03228909    C  909  1.01484478    C  907  0.99736939    H 2286  0.87637093
   909  C    3.72312163    C  908  1.01484478    H 2289  0.91681728    H 2287  0.90876940    H 2288  0.89968309
   910  C    3.75280640    C  908  1.03228909    H 2292  0.91796016    H 2291  0.91018017    H 2290  0.90768185
   911  N    3.17256492    C  905  1.38142449    C  912  0.95437330    H 2293  0.86605537    O  906  0.08413275
   912  C    3.86474320    C  915  1.00398001    C  913  0.97826961    N  911  0.95437330    H 2294  0.89658213
   913  C    3.94475176    O  914  1.59153770    N  923  1.37823397    C  912  0.97826961
   914  O    1.69061743    C  913  1.59153770    N  923  0.08343802
   915  C    3.83436549    C  912  1.00398001    C  916  1.00364648    H 2296  0.90968919    H 2295  0.87887169
   916  C    3.88283803    C  918  1.38538451    C  917  1.38375017    C  915  1.00364648
   917  C    3.82221768    C  919  1.41062463    C  916  1.38375017    H 2297  0.90078556    C  920  0.05670746
   918  C    3.86069795    C  920  1.42109834    C  916  1.38538451    H 2298  0.91040980    C  919  0.05555928
   919  C    3.79683267    C  917  1.41062463    C  921  1.37759794    H 2299  0.90245308    C  918  0.05555928
   920  C    3.82962736    C  918  1.42109834    C  921  1.37230854    H 2300  0.90951554    C  917  0.05670746
   921  C    3.85890560    C  919  1.37759794    C  920  1.37230854    O  922  1.00984233
   922  O    1.80906776    C  921  1.00984233    H 2301  0.72577905
   923  N    3.17718629    C  913  1.37823397    C  924  0.96382175    H 2302  0.86367391    O  914  0.08343802
   924  C    3.87313177    C  927  1.00233141    C  925  0.98274716    N  923  0.96382175    H 2303  0.88746765
   925  C    3.97444495    O  926  1.59674574    N  929  1.39518897    C  924  0.98274716
   926  O    1.71934423    C  925  1.59674574    N  929  0.08602613
   927  C    3.74496598    C  924  1.00233141    O  928  0.95501861    H 2305  0.90526875    H 2304  0.89584833
   928  O    1.68354961    C  927  0.95501861    H 2306  0.73395385
   929  N    3.19566409    C  925  1.39518897    C  930  0.96183792    H 2307  0.85503354    O  926  0.08602613
   930  C    3.87759749    C  933  1.01723198    C  931  0.97500515    N  929  0.96183792    H 2308  0.90439738
   931  C    3.97448297    O  932  1.59729229    N  937  1.39692129    C  930  0.97500515
   932  O    1.72208077    C  931  1.59729229    N  937  0.08842521
   933  C    3.81266338    C  930  1.01723198    C  934  1.00267098    H 2309  0.91358958    H 2310  0.88956613
   934  C    3.88469491    S  935  1.09920187    C  933  1.00267098    H 2312  0.87703505    H 2311  0.87659233
   935  S    2.21005121    C  936  1.11877047    C  934  1.09920187
   936  C    3.80399649    S  935  1.11877047    H 2314  0.89704668    H 2315  0.89331009    H 2313  0.88301859
   937  N    3.18348822    C  931  1.39692129    C  938  0.95964317    H 2316  0.86315217    O  932  0.08842521
   938  C    3.86948243    C  941  0.97882335    C  939  0.97792029    N  937  0.95964317    H 2317  0.90374435
   939  C    3.93116440    O  940  1.56248507    N  945  1.38409428    C  938  0.97792029
   940  O    1.65092635    C  939  1.56248507    N  945  0.08046318
   941  C    3.88575153    C  943  1.02955322    C  942  0.99881157    C  938  0.97882335    H 2318  0.89638684
   942  C    3.82955905    C  944  1.05469942    C  941  0.99881157    H 2320  0.91266066    H 2319  0.88980265
   943  C    3.72122340    C  941  1.02955322    H 2323  0.92450570    H 2322  0.91160791    H 2321  0.90241979
   944  C    3.74332815    C  942  1.05469942    H 2326  0.92238228    H 2325  0.92134662    H 2324  0.90404689
   945  N    3.16841060    C  939  1.38409428    C  946  0.96254404    H 2327  0.86332358    O  940  0.08046318
   946  C    3.86426273    C  947  0.98556569    C  949  0.97073688    N  945  0.96254404    H 2328  0.90391614
   947  C    3.96059135    O  948  1.60512581    N  953  1.37923543    C  946  0.98556569
   948  O    1.72213232    C  947  1.60512581    N  953  0.08341698
   949  C    3.89570478    C  951  1.02767131    C  950  1.00397813    C  946  0.97073688    H 2329  0.89378683
   950  C    3.84201946    C  952  1.06407433    C  949  1.00397813    H 2331  0.89865572    H 2330  0.89389851
   951  C    3.73734629    C  949  1.02767131    H 2334  0.91823263    H 2333  0.90942053    H 2332  0.90584045
   952  C    3.73254899    C  950  1.06407433    H 2337  0.92261414    H 2335  0.92243557    H 2336  0.91984435
   953  N    3.17650986    C  947  1.37923543    C  954  0.97380753    H 2338  0.85852537    O  948  0.08341698
   954  C    3.89898141    C  957  1.00794745    C  955  0.98121090    N  953  0.97380753    H 2339  0.89319050
   955  C    3.97267437    O  956  1.60837892    N  964  1.38527710    C  954  0.98121090
   956  O    1.76722859    C  955  1.60837892    N  964  0.08647832
   957  C    3.81232156    C  958  1.02862518    C  954  1.00794745    H 2341  0.89884362    H 2340  0.89687514
   958  C    3.81455590    C  957  1.02862518    C  959  1.02587935    H 2342  0.89395522    H 2343  0.89103554
   959  C    3.84215079    C  958  1.02587935    N  960  1.00099772    H 2345  0.92296143    H 2344  0.89390298
   960  N    3.16259896    C  961  1.34541069    C  959  1.00099772    H 2346  0.84181818
   961  C    4.11664039    N  963  1.38773030    N  962  1.38499876    N  960  1.34541069
   962  N    3.03200524    C  961  1.38499876    H 2348  0.84374578    H 2347  0.83016688
   963  N    3.06101955    C  961  1.38773030    H 2350  0.83642171    H 2349  0.82895804
   964  N    3.20376865    C  955  1.38527710    C  965  0.96892650    H 2351  0.85773671    O  956  0.08647832
   965  C    3.89206404    C  968  1.00792857    C  966  0.97332627    N  964  0.96892650    H 2352  0.90461311
   966  C    3.95697699    O  967  1.59264934    N  975  1.39634367    C  965  0.97332627
   967  O    1.71380536    C  966  1.59264934    N  975  0.08336935
   968  C    3.80921954    C  969  1.01978745    C  965  1.00792857    H 2354  0.89662802    H 2353  0.88940524
   969  C    3.81884923    C  970  1.04105560    C  968  1.01978745    H 2355  0.90941256    H 2356  0.89358070
   970  C    3.84284844    C  969  1.04105560    N  971  0.98924279    H 2358  0.91779041    H 2357  0.90571821
   971  N    3.16512420    C  972  1.33941555    C  970  0.98924279    H 2359  0.85065610
   972  C    4.11289404    N  973  1.39158287    N  974  1.37725535    N  971  1.33941555
   973  N    3.05636484    C  972  1.39158287    H 2361  0.86304077    H 2360  0.83749000
   974  N    3.08573400    C  972  1.37725535    H 2363  0.84600419    H 2362  0.83765561
   975  N    3.19759903    C  966  1.39634367    C  976  0.96513013    H 2364  0.86961575    O  967  0.08336935
   976  C    3.87885315    C  979  0.99304731    C  977  0.97458614    N  975  0.96513013    H 2365  0.89575440
   977  C    3.95194978    O  978  1.60923978    N  987  1.37268052    C  976  0.97458614
   978  O    1.73421181    C  977  1.60923978    N  987  0.08261387
   979  C    3.82896776    C  980  1.01386034    C  976  0.99304731    H 2367  0.92029712    H 2366  0.89753069
   980  C    3.87687984    C  981  1.38916129    C  982  1.37607985    C  979  1.01386034
   981  C    3.84822070    C  983  1.42275998    C  980  1.38916129    H 2368  0.91433523    C  984  0.05443738
   982  C    3.83102943    C  984  1.41214039    C  980  1.37607985    H 2369  0.90326960    C  983  0.05692086
   983  C    3.81686191    C  981  1.42275998    C  985  1.35971799    H 2370  0.90844745    C  982  0.05692086
   984  C    3.81621093    C  982  1.41214039    C  985  1.37321926    H 2371  0.90892551    C  981  0.05443738
   985  C    3.85226777    C  984  1.37321926    C  983  1.35971799    O  986  1.00063886
   986  O    1.80888655    C  985  1.00063886    H 2372  0.72638512
   987  N    3.20596487    C  977  1.37268052    C  988  0.96290736    H 2373  0.87125073    O  978  0.08261387
   988  C    3.87515913    C  991  0.99658017    C  989  0.98326103    N  987  0.96290736    H 2374  0.90619515
   989  C    3.95163532    O  990  1.61151284    N  993  1.36104505    C  988  0.98326103
   990  O    1.74985673    C  989  1.61151284    N  993  0.08249928
   991  C    3.75944944    C  988  0.99658017    O  992  0.98347797    H 2376  0.92151111    H 2375  0.90576903
   992  O    1.69626770    C  991  0.98347797    H 2377  0.74981639
   993  N    3.17235736    C  989  1.36104505    C  994  0.97907065    H 2378  0.85275108    O  990  0.08249928
   994  C    3.90177824    C  997  1.01293689    N  993  0.97907065    C  995  0.97786902    H 2379  0.88378113
   995  C    3.95766773    O  996  1.58040930    N 1001  1.37578595    C  994  0.97786902
   996  O    1.70812167    C  995  1.58040930    N 1001  0.07754205
   997  C    3.78775411    C  994  1.01293689    C  998  0.98526065    H 2381  0.88944622    H 2380  0.87807126
   998  C    3.93589513    O  999  1.52804083    O 1000  1.45063635    C  997  0.98526065
   999  O    1.68657760    C  998  1.52804083    O 1000  0.10878485
  1000  O    1.54714331    C  998  1.45063635    O  999  0.10878485
  1001  N    3.18432723    C  995  1.37578595    C 1002  0.97107617    H 2382  0.86473492    O  996  0.07754205
  1002  C    3.90977572    C 1005  1.01409499    C 1003  0.99035917    N 1001  0.97107617    H 2383  0.88093347
  1003  C    4.00052324    O 1004  1.60692407    N 1010  1.39976448    C 1002  0.99035917
  1004  O    1.76252393    C 1003  1.60692407    N 1010  0.08883191
  1005  C    3.84307905    C 1006  1.03947312    C 1002  1.01409499    H 2385  0.89120505    H 2384  0.88719888
  1006  C    3.81836514    C 1005  1.03947312    C 1007  0.98022703    H 2386  0.89170659    H 2387  0.88686699
  1007  C    3.98297722    O 1008  1.51772744    O 1009  1.50343473    C 1006  0.98022703
  1008  O    1.66546047    C 1007  1.51772744    O 1009  0.12286154
  1009  O    1.67341104    C 1007  1.50343473    O 1008  0.12286154
  1010  N    3.21442963    C 1003  1.39976448    C 1011  0.99343128    H 2388  0.84287407    O 1004  0.08883191
  1011  C    3.81646783    C 1012  1.00300446    N 1010  0.99343128    H 2390  0.89038708    H 2389  0.87957060
  1012  C    3.98214834    O 1013  1.59599414    N 1014  1.39766872    C 1011  1.00300446
  1013  O    1.76344789    C 1012  1.59599414    N 1014  0.08932133
  1014  N    3.21057721    C 1012  1.39766872    C 1015  0.98269427    H 2391  0.86340401    O 1013  0.08932133
  1015  C    3.79012214    C 1016  0.99601405    N 1014  0.98269427    H 2392  0.89885517    H 2393  0.87900264
  1016  C    3.95266986    O 1017  1.60734894    N 1018  1.37488512    C 1015  0.99601405
  1017  O    1.74078416    C 1016  1.60734894    N 1018  0.08591614
  1018  N    3.18768699    C 1016  1.37488512    C 1019  0.96281141    H 2394  0.87366498    O 1017  0.08591614
  1019  C    3.88167082    C 1022  1.00219399    C 1020  0.97039980    N 1018  0.96281141    H 2395  0.91835253
  1020  C    3.91672809    O 1021  1.52659731    N 1026  1.39577002    C 1019  0.97039980
  1021  O    1.64413962    C 1020  1.52659731    N 1026  0.07814073
  1022  C    3.79239909    C 1023  1.00364406    C 1019  1.00219399    H 2397  0.92351109    H 2396  0.87129142
  1023  C    3.97009742    O 1024  1.58882441    N 1025  1.38893156    C 1022  1.00364406
  1024  O    1.73200210    C 1023  1.58882441    N 1025  0.09335801
  1025  N    3.17111175    C 1023  1.38893156    H 2398  0.84544128    H 2399  0.84265945    O 1024  0.09335801
  1026  N    3.23288086    C 1020  1.39577002    C 1027  0.94768156    H 2400  0.86020057    O 1021  0.07814073
  1027  C    3.87029668    C 1030  1.00022827    C 1028  0.97633695    N 1026  0.94768156    H 2401  0.93320376
  1028  C    3.93285927    O 1029  1.59393468    N 1034  1.37883130    C 1027  0.97633695
  1029  O    1.67926169    C 1028  1.59393468    N 1034  0.08426432
  1030  C    3.80978424    C 1027  1.00022827    C 1031  0.99132314    H 2403  0.92311482    H 2402  0.91356868
  1031  C    3.87288881    S 1032  1.10439712    C 1030  0.99132314    H 2404  0.89604380    H 2405  0.89114990
  1032  S    2.19386837    C 1033  1.11234929    C 1031  1.10439712
  1033  C    3.80877377    S 1032  1.11234929    H 2407  0.91666501    H 2408  0.91389419    H 2406  0.89816030
  1034  N    3.18845248    C 1028  1.37883130    C 1035  0.96723963    H 2409  0.87511491    O 1029  0.08426432
  1035  C    3.87353789    C 1038  1.00893357    C 1036  0.97619351    N 1034  0.96723963    H 2410  0.89748718
  1036  C    3.93979342    O 1037  1.59173754    N 1042  1.37886014    C 1035  0.97619351
  1037  O    1.68932498    C 1036  1.59173754    N 1042  0.08203745
  1038  C    3.76264388    C 1035  1.00893357    C 1039  0.99758711    H 2411  0.89011463    H 2412  0.88163196
  1039  C    3.88837565    O 1040  1.47376136    O 1041  1.35245865    C 1038  0.99758711    Ca1396  0.08573394
  1040  O    1.67906303    C 1039  1.47376136    Ca1396  0.10966537    O 1041  0.10701947
  1041  O    1.70217387    C 1039  1.35245865    Ca1396  0.20054017    O 1040  0.10701947
  1042  N    3.20045604    C 1036  1.37886014    C 1043  0.95565192    H 2413  0.87623500    O 1037  0.08203745
  1043  C    3.86922272    C 1046  0.99704494    C 1044  0.97752082    N 1042  0.95565192    H 2414  0.91352721
  1044  C    3.93050496    O 1045  1.59541563    N 1053  1.37235330    C 1043  0.97752082
  1045  O    1.69919621    C 1044  1.59541563    N 1053  0.08473209
  1046  C    3.83384982    C 1047  1.01281142    C 1043  0.99704494    H 2415  0.92230701    H 2416  0.89724611
  1047  C    3.87386414    C 1048  1.38178458    C 1049  1.38008663    C 1046  1.01281142    C 1052  0.05427441
  1048  C    3.81614620    C 1050  1.40852289    C 1047  1.38178458    H 2417  0.92113344    C 1051  0.05811140
  1049  C    3.83171940    C 1051  1.41630875    C 1047  1.38008663    H 2418  0.91406791    C 1050  0.05716586
  1050  C    3.81339990    C 1052  1.40894057    C 1048  1.40852289    H 2419  0.92172433    C 1049  0.05716586
  1051  C    3.82686613    C 1049  1.41630875    C 1052  1.40682413    H 2420  0.91154106    C 1048  0.05811140
  1052  C    3.82125488    C 1050  1.40894057    C 1051  1.40682413    H 2421  0.91396769    C 1047  0.05427441
  1053  N    3.17976684    C 1044  1.37235330    C 1054  0.95728627    H 2422  0.86902478    O 1045  0.08473209
  1054  C    3.86396481    C 1057  0.98586040    C 1055  0.97665731    N 1053  0.95728627    H 2423  0.89776534
  1055  C    3.93013932    O 1056  1.58981142    N 1061  1.37289983    C 1054  0.97665731
  1056  O    1.71164391    C 1055  1.58981142    N 1061  0.08093096
  1057  C    3.75168148    C 1058  0.99312676    C 1054  0.98586040    H 2425  0.88891753    H 2424  0.87510298
  1058  C    3.88867959    O 1060  1.42938302    O 1059  1.39121203    C 1057  0.99312676    Ca1396  0.09101295
  1059  O    1.66587801    C 1058  1.39121203    Ca1396  0.14715885    O 1060  0.10746112
  1060  O    1.72190233    C 1058  1.42938302    Ca1396  0.16058768    O 1059  0.10746112
  1061  N    3.17492460    C 1055  1.37289983    C 1062  0.96489418    H 2426  0.88631206    O 1056  0.08093096
  1062  C    3.86760808    C 1065  1.00983548    C 1063  0.96799851    N 1061  0.96489418    H 2427  0.91224334
  1063  C    3.93539782    O 1064  1.58840123    N 1069  1.38556859    C 1062  0.96799851
  1064  O    1.71373795    C 1063  1.58840123    N 1069  0.08517901
  1065  C    3.76728739    C 1062  1.00983548    C 1066  0.99817335    H 2428  0.88671470    H 2429  0.88565742
  1066  C    3.93105537    O 1067  1.60789455    N 1068  1.31135224    C 1065  0.99817335
  1067  O    1.77807524    C 1066  1.60789455    N 1068  0.07404571
  1068  N    3.23820337    C 1066  1.31135224    H 2430  0.90500614    H 2431  0.88781468    Ca1396  0.15357911    O 1067  0.07404571
  1069  N    3.19445486    C 1063  1.38556859    C 1070  0.95470802    H 2432  0.88030256    O 1064  0.08517901
  1070  C    3.87266338    C 1073  0.99839512    C 1071  0.96360329    N 1069  0.95470802    H 2433  0.92638075
  1071  C    3.92556231    O 1072  1.59511527    N 1080  1.37945150    C 1070  0.96360329
  1072  O    1.72409432    C 1071  1.59511527    N 1080  0.08716307
  1073  C    3.83012101    C 1074  1.00861197    C 1070  0.99839512    H 2434  0.91737826    H 2435  0.90862866
  1074  C    3.86384053    C 1075  1.38431782    C 1076  1.37547767    C 1073  1.00861197    C 1079  0.05391377
  1075  C    3.81202939    C 1077  1.40244799    C 1074  1.38431782    H 2436  0.91737342    C 1078  0.05767753
  1076  C    3.82945265    C 1078  1.41713623    C 1074  1.37547767    H 2437  0.91816427    C 1077  0.05720931
  1077  C    3.81668499    C 1079  1.41496650    C 1075  1.40244799    H 2438  0.92365462    C 1076  0.05720931
  1078  C    3.82513453    C 1076  1.41713623    C 1079  1.39672380    H 2439  0.91642877    C 1075  0.05767753
  1079  C    3.82680141    C 1077  1.41496650    C 1078  1.39672380    H 2440  0.91485817    C 1074  0.05391377
  1080  N    3.18766731    C 1071  1.37945150    C 1081  0.96246656    H 2441  0.88262730    O 1072  0.08716307
  1081  C    3.86199106    C 1082  0.97696554    C 1084  0.96604346    N 1080  0.96246656    H 2442  0.91595992
  1082  C    3.93026739    O 1083  1.58214340    N 1088  1.38308211    C 1081  0.97696554
  1083  O    1.68021258    C 1082  1.58214340    N 1088  0.08321250
  1084  C    3.86875720    C 1086  1.01962197    C 1085  0.99407273    C 1081  0.96604346    H 2443  0.90359029
  1085  C    3.82208101    C 1087  1.04477862    C 1084  0.99407273    H 2445  0.91655354    H 2444  0.90929761
  1086  C    3.73446630    C 1084  1.01962197    H 2448  0.92707089    H 2447  0.92107931    H 2446  0.91058551
  1087  C    3.73502608    C 1085  1.04477862    H 2451  0.92869962    H 2450  0.92843465    H 2449  0.91783319
  1088  N    3.17817045    C 1082  1.38308211    C 1089  0.95649123    H 2452  0.87496386    O 1083  0.08321250
  1089  C    3.86380312    C 1092  0.98200042    C 1090  0.97790162    N 1088  0.95649123    H 2453  0.90660048
  1090  C    3.93820866    O 1091  1.58795794    N 1094  1.38110887    C 1089  0.97790162
  1091  O    1.71872462    C 1090  1.58795794    N 1094  0.08536578
  1092  C    3.75004546    C 1089  0.98200042    O 1093  0.97562702    H 2454  0.91265569    H 2455  0.90727652
  1093  O    1.70968194    C 1092  0.97562702    H 2456  0.75918056
  1094  N    3.18935356    C 1090  1.38110887    C 1095  0.95361078    H 2457  0.88054958    O 1091  0.08536578
  1095  C    3.86937408    C 1096  0.98229023    C 1098  0.96963592    N 1094  0.95361078    H 2458  0.91638009
  1096  C    3.94575827    O 1097  1.57366518    N 1100  1.39144299    C 1095  0.98229023
  1097  O    1.67969290    C 1096  1.57366518    N 1100  0.08401551
  1098  C    3.84698588    S 1099  1.08486613    C 1095  0.96963592    H 2459  0.90176807    H 2460  0.89427736
  1099  S    1.86785286    C 1098  1.08486613    H 2461  0.87301583
  1100  N    3.17889365    C 1096  1.39144299    C 1101  0.95358231    H 2462  0.87194018    O 1097  0.08401551
  1101  C    3.86693362    C 1104  1.00148666    C 1102  0.97427383    N 1100  0.95358231    H 2463  0.92305722
  1102  C    3.92670513    O 1103  1.56456571    N 1108  1.38950540    C 1101  0.97427383
  1103  O    1.68135119    C 1102  1.56456571    N 1108  0.08082910
  1104  C    3.79395561    C 1101  1.00148666    C 1105  0.98665554    H 2464  0.91099129    H 2465  0.90771424
  1105  C    3.87569962    C 1107  1.02244424    C 1106  1.00389587    C 1104  0.98665554    H 2466  0.89896553
  1106  C    3.73286271    C 1105  1.00389587    H 2469  0.92676600    H 2467  0.91616555    H 2468  0.91541927
  1107  C    3.74057681    C 1105  1.02244424    H 2471  0.92864064    H 2472  0.92817763    H 2470  0.91617589
  1108  N    3.18064721    C 1102  1.38950540    C 1109  0.95391740    H 2473  0.87319551    O 1103  0.08082910
  1109  C    3.85598875    C 1110  0.98260638    C 1112  0.96114708    N 1108  0.95391740    H 2474  0.91190632
  1110  C    3.95891254    O 1111  1.60725858    N 1115  1.38300622    C 1109  0.98260638
  1111  O    1.73401625    C 1110  1.60725858    N 1115  0.08376858
  1112  C    3.85941723    C 1114  1.01568560    C 1113  1.01509490    C 1109  0.96114708    H 2475  0.90760909
  1113  C    3.73699994    C 1112  1.01509490    H 2477  0.92519628    H 2478  0.92159262    H 2476  0.91023384
  1114  C    3.73971367    C 1112  1.01568560    H 2480  0.93375961    H 2481  0.93047529    H 2479  0.92277775
  1115  N    3.17947328    C 1110  1.38300622    C 1116  0.96086479    H 2482  0.87399564    O 1111  0.08376858
  1116  C    3.87821085    C 1119  1.00640566    C 1117  0.97467016    N 1115  0.96086479    H 2483  0.90513515
  1117  C    3.93179003    O 1118  1.57330570    N 1126  1.39411593    C 1116  0.97467016
  1118  O    1.67137587    C 1117  1.57330570    N 1126  0.08201908
  1119  C    3.81172545    C 1120  1.02975996    C 1116  1.00640566    H 2484  0.90928781    H 2485  0.89744764
  1120  C    3.82593735    C 1121  1.04457805    C 1119  1.02975996    H 2486  0.92523952    H 2487  0.90455914
  1121  C    3.83790516    C 1120  1.04457805    N 1122  0.98755591    H 2489  0.91832120    H 2488  0.91014808
  1122  N    3.17506906    C 1123  1.34689636    C 1121  0.98755591    H 2490  0.85588081
  1123  C    4.10798274    N 1124  1.40453831    N 1125  1.35977835    N 1122  1.34689636
  1124  N    2.99760355    C 1123  1.40453831    H 2491  0.86727342    H 2492  0.85765484
  1125  N    3.06531418    C 1123  1.35977835    H 2493  0.85840209    H 2494  0.85607195
  1126  N    3.18749687    C 1117  1.39411593    C 1127  0.95774808    H 2495  0.87052914    O 1118  0.08201908
  1127  C    3.87765079    C 1130  1.01189721    C 1128  0.97339946    N 1126  0.95774808    H 2496  0.90986303
  1128  C    3.93386935    O 1129  1.57669112    N 1134  1.39534592    C 1127  0.97339946
  1129  O    1.68686561    C 1128  1.57669112    N 1134  0.08651198
  1130  C    3.80681755    C 1127  1.01189721    C 1131  1.00310858    H 2497  0.90952466    H 2498  0.90278163
  1131  C    3.90524384    C 1133  1.02609458    C 1132  1.02074645    C 1130  1.00310858    H 2499  0.89983128
  1132  C    3.74482545    C 1131  1.02074645    H 2501  0.91559423    H 2502  0.91341634    H 2500  0.91197760
  1133  C    3.72880400    C 1131  1.02609458    H 2504  0.92045743    H 2503  0.91311663    H 2505  0.91233137
  1134  N    3.18156803    C 1128  1.39534592    C 1135  0.95095499    H 2506  0.86824043    O 1129  0.08651198
  1135  C    3.87932188    C 1138  1.00258031    C 1136  0.97980448    N 1134  0.95095499    H 2507  0.91255556
  1136  C    3.95425421    O 1137  1.59196765    N 1142  1.39108305    C 1135  0.97980448
  1137  O    1.70071420    C 1136  1.59196765    N 1142  0.08336588
  1138  C    3.77233413    C 1135  1.00258031    C 1139  0.95840496    H 2508  0.91748204    H 2509  0.90228279
  1139  C    3.92779288    O 1140  1.50813643    O 1141  1.49198805    C 1138  0.95840496
  1140  O    1.66507632    C 1139  1.50813643    O 1141  0.11361049
  1141  O    1.64242123    C 1139  1.49198805    O 1140  0.11361049
  1142  N    3.18506465    C 1136  1.39108305    C 1143  0.95906548    H 2510  0.86591014    O 1137  0.08336588
  1143  C    3.88254334    C 1146  1.02351254    C 1144  0.98503315    N 1142  0.95906548    H 2511  0.91007922
  1144  C    3.94154697    O 1145  1.58018284    N 1147  1.38653651    C 1143  0.98503315
  1145  O    1.69394223    C 1144  1.58018284    N 1147  0.08292261
  1146  C    3.71480334    C 1143  1.02351254    H 2514  0.92072872    H 2513  0.91781007    H 2512  0.91233317
  1147  N    3.16813590    C 1144  1.38653651    C 1148  0.96908754    H 2515  0.86335627    O 1145  0.08292261
  1148  C    3.90630466    C 1151  1.01236006    C 1149  0.97487280    N 1147  0.96908754    H 2516  0.91111741
  1149  C    3.95123197    O 1150  1.59258121    N 1155  1.38970025    C 1148  0.97487280
  1150  O    1.72571442    C 1149  1.59258121    N 1155  0.08439370
  1151  C    3.80629581    C 1148  1.01236006    C 1152  0.98538947    H 2517  0.90224680    H 2518  0.89697105
  1152  C    3.86713616    S 1153  1.08813374    C 1151  0.98538947    H 2520  0.88627698    H 2519  0.87974982
  1153  S    2.24433610    C 1154  1.13167470    C 1152  1.08813374
  1154  C    3.82530873    S 1153  1.13167470    H 2522  0.89619335    H 2523  0.89234481    H 2521  0.88986054
  1155  N    3.19118362    C 1149  1.38970025    C 1156  0.96000934    H 2524  0.86543049    O 1150  0.08439370
  1156  C    3.87354317    C 1159  1.00147386    C 1157  0.97167624    N 1155  0.96000934    H 2525  0.90202579
  1157  C    3.94144053    O 1158  1.58118337    N 1166  1.39296778    C 1156  0.97167624
  1158  O    1.69039076    C 1157  1.58118337    N 1166  0.08321101
  1159  C    3.82270250    C 1160  1.00474955    C 1156  1.00147386    H 2527  0.90226925    H 2526  0.89317560
  1160  C    3.88086222    C 1162  1.38452077    C 1161  1.38127724    C 1159  1.00474955    C 1165  0.05467777
  1161  C    3.85116414    C 1163  1.41928945    C 1160  1.38127724    H 2528  0.91369024    C 1164  0.05886545
  1162  C    3.81941625    C 1164  1.40583328    C 1160  1.38452077    H 2529  0.90921947    C 1163  0.05800596
  1163  C    3.86007952    C 1161  1.41928945    C 1165  1.40432953    H 2530  0.90770496    C 1162  0.05800596
  1164  C    3.82221572    C 1165  1.41020985    C 1162  1.40583328    H 2531  0.91130852    C 1161  0.05886545
  1165  C    3.84800671    C 1164  1.41020985    C 1163  1.40432953    H 2532  0.90889407    C 1160  0.05467777
  1166  N    3.17217246    C 1157  1.39296778    C 1167  0.95825927    H 2533  0.85386987    O 1158  0.08321101
  1167  C    3.88781287    C 1170  1.00594897    C 1168  0.98327060    N 1166  0.95825927    H 2534  0.89877556
  1168  C    3.96573675    O 1169  1.58129805    N 1177  1.39678447    C 1167  0.98327060
  1169  O    1.69254055    C 1168  1.58129805    N 1177  0.08242334
  1170  C    3.80913521    C 1171  1.02398957    C 1167  1.00594897    H 2536  0.89976120    H 2535  0.89665904
  1171  C    3.80541928    C 1170  1.02398957    C 1172  1.01207407    H 2537  0.90185979    H 2538  0.89817065
  1172  C    3.83905048    C 1171  1.01207407    N 1173  1.00138314    H 2540  0.94019172    H 2539  0.89683149
  1173  N    3.13953144    C 1174  1.34525821    C 1172  1.00138314    H 2541  0.86095046
  1174  C    4.08842316    N 1176  1.38490751    N 1175  1.36453637    N 1173  1.34525821
  1175  N    3.06087009    C 1174  1.36453637    H 2543  0.86845057    H 2542  0.84555833
  1176  N    3.05846542    C 1174  1.38490751    H 2544  0.85177543    H 2545  0.84440612
  1177  N    3.19514871    C 1168  1.39678447    C 1178  0.96413632    H 2546  0.85547806    O 1169  0.08242334
  1178  C    3.88740395    C 1181  1.02067935    C 1179  0.98485629    N 1177  0.96413632    H 2547  0.89791131
  1179  C    3.96143825    O 1180  1.59308448    N 1182  1.38913126    C 1178  0.98485629
  1180  O    1.71762578    C 1179  1.59308448    N 1182  0.08429880
  1181  C    3.71587192    C 1178  1.02067935    H 2550  0.91354673    H 2548  0.90540418    H 2549  0.89808810
  1182  N    3.18909061    C 1179  1.38913126    C 1183  0.96274684    H 2551  0.84968142    O 1180  0.08429880
  1183  C    3.88430663    C 1186  1.00427352    C 1184  0.98079221    N 1182  0.96274684    H 2552  0.89442320
  1184  C    3.96098320    O 1185  1.60157711    N 1193  1.39541435    C 1183  0.98079221
  1185  O    1.72841295    C 1184  1.60157711    N 1193  0.08454673
  1186  C    3.82656992    C 1187  1.01456394    C 1183  1.00427352    H 2553  0.89392986    H 2554  0.88634826
  1187  C    3.89483574    C 1188  1.38484553    C 1189  1.37988353    C 1186  1.01456394    C 1192  0.05448139
  1188  C    3.83703585    C 1190  1.41911632    C 1187  1.38484553    H 2555  0.90103328    C 1191  0.05812154
  1189  C    3.83586032    C 1191  1.41324961    C 1187  1.37988353    H 2556  0.90055256    C 1190  0.05887159
  1190  C    3.84770452    C 1188  1.41911632    C 1192  1.41698267    H 2557  0.90407296    C 1189  0.05887159
  1191  C    3.84427023    C 1189  1.41324961    C 1192  1.41281507    H 2558  0.90113692    C 1188  0.05812154
  1192  C    3.84936770    C 1190  1.41698267    C 1191  1.41281507    H 2559  0.91516338    C 1187  0.05448139
  1193  N    3.17745408    C 1184  1.39541435    C 1194  0.96906342    H 2560  0.85194321    O 1185  0.08454673
  1194  C    3.89518224    C 1197  1.00886764    C 1195  0.98692534    N 1193  0.96906342    H 2561  0.88557128
  1195  C    3.97658588    O 1196  1.60458715    N 1202  1.39006132    C 1194  0.98692534
  1196  O    1.74150042    C 1195  1.60458715    N 1202  0.08391316
  1197  C    3.81059857    C 1198  1.02339700    C 1194  1.00886764    H 2563  0.89543265    H 2562  0.89074351
  1198  C    3.81982803    C 1197  1.02339700    C 1199  1.01870231    H 2565  0.89618420    H 2564  0.89434103
  1199  C    3.81951804    C 1200  1.04504770    C 1198  1.01870231    H 2566  0.89999212    H 2567  0.89317223
  1200  C    3.73210055    C 1199  1.04504770    N 1201  0.92737767    H 2569  0.90946087    H 2568  0.90523083
  1201  N    3.36816335    C 1200  0.92737767    H 2572  0.82980630    H 2571  0.81445178    H 2570  0.80876572
  1202  N    3.17167472    C 1195  1.39006132    C 1203  0.97101030    H 2573  0.84848420    O 1196  0.08391316
  1203  C    3.88670682    C 1206  0.99294984    C 1204  0.98811320    N 1202  0.97101030    H 2574  0.89410044
  1204  C    3.98199973    O 1205  1.60178552    N 1208  1.39790086    C 1203  0.98811320
  1205  O    1.74225887    C 1204  1.60178552    N 1208  0.08523465
  1206  C    3.75228928    C 1203  0.99294984    O 1207  0.97697547    H 2576  0.89210373    H 2575  0.88824202
  1207  O    1.69776015    C 1206  0.97697547    H 2577  0.73037868
  1208  N    3.17575089    C 1204  1.39790086    C 1209  0.97356050    H 2578  0.85153878    O 1205  0.08523465
  1209  C    3.89189102    C 1212  1.01997878    C 1210  0.97577780    N 1208  0.97356050    H 2579  0.89196658
  1210  C    3.96382682    O 1211  1.60566153    N 1216  1.38780055    C 1209  0.97577780
  1211  O    1.75577111    C 1210  1.60566153    N 1216  0.08502056
  1212  C    3.80723699    C 1209  1.01997878    C 1213  1.00136013    H 2581  0.89680700    H 2580  0.89550059
  1213  C    3.91517580    C 1215  1.02614018    C 1214  1.02592120    C 1212  1.00136013    H 2582  0.88629751
  1214  C    3.74119860    C 1213  1.02592120    H 2584  0.91148692    H 2583  0.90558068    H 2585  0.89996620
  1215  C    3.71828247    C 1213  1.02614018    H 2588  0.90284879    H 2586  0.90108761    H 2587  0.90044448
  1216  N    3.20643270    C 1210  1.38780055    C 1217  0.96147312    H 2589  0.85762302    O 1211  0.08502056
  1217  C    3.87696021    C 1220  1.01690712    C 1218  0.97467718    N 1216  0.96147312    H 2590  0.89105415
  1218  C    3.93983558    O 1219  1.61140613    N 1224  1.37541458    C 1217  0.97467718
  1219  O    1.75181732    C 1218  1.61140613    N 1224  0.08704763
  1220  C    3.77447626    C 1217  1.01690712    C 1221  0.97651792    H 2591  0.89927482    H 2592  0.87878503
  1221  C    3.94715051    O 1223  1.53198158    O 1222  1.45893165    C 1220  0.97651792
  1222  O    1.57182372    C 1221  1.45893165    O 1223  0.11449782
  1223  O    1.67115236    C 1221  1.53198158    O 1222  0.11449782
  1224  N    3.18023502    C 1218  1.37541458    C 1225  0.96760314    H 2593  0.84217478    O 1219  0.08704763
  1225  C    3.88978354    C 1228  1.01625812    C 1226  0.98256861    N 1224  0.96760314    H 2594  0.88194109
  1226  C    3.97700303    O 1227  1.60446905    N 1233  1.39238917    C 1225  0.98256861
  1227  O    1.76157138    C 1226  1.60446905    N 1233  0.08753931
  1228  C    3.82686306    C 1229  1.03626235    C 1225  1.01625812    H 2595  0.89655447    H 2596  0.89041584
  1229  C    3.82904436    C 1228  1.03626235    C 1230  1.02971639    H 2598  0.89082616    H 2597  0.89067246
  1230  C    3.80558055    C 1231  1.04899713    C 1229  1.02971639    H 2600  0.89907800    H 2599  0.88236153
  1231  C    3.73801287    C 1230  1.04899713    N 1232  0.94051005    H 2601  0.90295762    H 2602  0.89310525
  1232  N    3.35359592    C 1231  0.94051005    H 2605  0.82340543    H 2604  0.81384724    H 2603  0.81027492
  1233  N    3.19542931    C 1226  1.39238917    C 1234  0.97781866    H 2606  0.83944157    O 1227  0.08753931
  1234  C    3.91157226    C 1237  1.02046976    C 1235  0.98188247    N 1233  0.97781866    H 2607  0.87975172
  1235  C    3.97635397    O 1236  1.59338292    N 1241  1.39687600    C 1234  0.98188247
  1236  O    1.76063784    C 1235  1.59338292    N 1241  0.08930314
  1237  C    3.78330074    C 1234  1.02046976    C 1238  0.96787298    H 2609  0.88915009    H 2608  0.87128319
  1238  C    3.97660564    O 1239  1.51511285    O 1240  1.51049060    C 1237  0.96787298
  1239  O    1.69181296    C 1238  1.51511285    O 1240  0.12107193
  1240  O    1.66193040    C 1238  1.51049060    O 1239  0.12107193
  1241  N    3.22558428    C 1235  1.39687600    C 1242  0.98629450    H 2610  0.84724891    O 1236  0.08930314
  1242  C    3.80035777    C 1243  1.00440050    N 1241  0.98629450    H 2611  0.89538699    H 2612  0.86978907
  1243  C    3.97156116    O 1244  1.59622865    N 1245  1.38795430    C 1242  1.00440050
  1244  O    1.75772019    C 1243  1.59622865    N 1245  0.08773025
  1245  N    3.18412037    C 1243  1.38795430    C 1246  0.98337204    H 2613  0.84949093    O 1244  0.08773025
  1246  C    3.89570723    N 1245  0.98337204    C 1247  0.98153496    C 1249  0.97569361    H 2614  0.87358721
  1247  C    3.98604265    O 1248  1.59915554    N 1252  1.40155523    C 1246  0.98153496
  1248  O    1.75460080    C 1247  1.59915554    N 1252  0.08797806
  1249  C    3.83444745    C 1251  1.01819276    C 1246  0.97569361    O 1250  0.94442502    H 2615  0.87999946
  1250  O    1.67810247    C 1249  0.94442502    H 2616  0.72891147
  1251  C    3.72599075    C 1249  1.01819276    H 2619  0.90889020    H 2617  0.89885109    H 2618  0.89853789
  1252  N    3.21803892    C 1247  1.40155523    C 1253  0.98875969    H 2620  0.84303766    O 1248  0.08797806
  1253  C    3.79639827    C 1254  0.99548475    N 1252  0.98875969    H 2621  0.88782815    H 2622  0.87118918
  1254  C    3.96027245    O 1255  1.60033312    N 1256  1.38237837    C 1253  0.99548475
  1255  O    1.75030319    C 1254  1.60033312    N 1256  0.08749106
  1256  N    3.19951620    C 1254  1.38237837    C 1257  0.96421468    H 2623  0.84717976    O 1255  0.08749106
  1257  C    3.89152152    C 1260  1.00976926    C 1258  0.98416915    N 1256  0.96421468    H 2624  0.89914424
  1258  C    3.96872231    O 1259  1.61652192    N 1265  1.38234708    C 1257  0.98416915
  1259  O    1.74674884    C 1258  1.61652192    N 1265  0.08793055
  1260  C    3.84678499    C 1261  1.04677155    C 1257  1.00976926    H 2626  0.89337266    H 2625  0.88252662
  1261  C    3.83066278    C 1260  1.04677155    C 1262  1.01173864    H 2627  0.89737585    H 2628  0.87738445
  1262  C    4.00444125    O 1263  1.59095700    N 1264  1.40407669    C 1261  1.01173864
  1263  O    1.74106183    C 1262  1.59095700    N 1264  0.09462358
  1264  N    3.17082829    C 1262  1.40407669    H 2629  0.83170451    H 2630  0.83112894    O 1263  0.09462358
  1265  N    3.19722844    C 1258  1.38234708    C 1266  0.96978259    H 2631  0.83969927    O 1259  0.08793055
  1266  C    3.87782309    C 1267  0.98660499    N 1265  0.96978259    C 1269  0.96828265    H 2632  0.89022817
  1267  C    3.95900454    O 1268  1.60138206    N 1273  1.37843461    C 1266  0.98660499
  1268  O    1.71874416    C 1267  1.60138206    N 1273  0.08673259
  1269  C    3.90179065    C 1271  1.04320655    C 1270  1.01866576    C 1266  0.96828265    H 2633  0.87642625
  1270  C    3.83820234    C 1272  1.05084145    C 1269  1.01866576    H 2635  0.90606675    H 2634  0.89335344
  1271  C    3.72091735    C 1269  1.04320655    H 2638  0.91464884    H 2637  0.91160023    H 2636  0.90192797
  1272  C    3.72728240    C 1270  1.05084145    H 2641  0.91052540    H 2640  0.90630946    H 2639  0.90024661
  1273  N    3.22381456    C 1267  1.37843461    C 1274  0.95827494    H 2642  0.82974682    O 1268  0.08673259
  1274  C    3.88853202    C 1277  1.00609622    C 1275  0.97894965    N 1273  0.95827494    H 2643  0.90551041
  1275  C    3.96296017    O 1276  1.62192220    N 1282  1.38206312    C 1274  0.97894965
  1276  O    1.75291493    C 1275  1.62192220    N 1282  0.09034415
  1277  C    3.82312562    C 1278  1.02317022    C 1274  1.00609622    H 2644  0.89352711    H 2645  0.88715178
  1278  C    3.80227281    C 1277  1.02317022    C 1279  1.00059197    H 2646  0.90415043    H 2647  0.87295075
  1279  C    3.98493146    O 1280  1.58415401    N 1281  1.40028327    C 1278  1.00059197
  1280  O    1.73561862    C 1279  1.58415401    N 1281  0.09575610
  1281  N    3.17209499    C 1279  1.40028327    H 2649  0.83283700    H 2648  0.83182569    O 1280  0.09575610
  1282  N    3.20214894    C 1275  1.38206312    C 1283  0.96778528    H 2650  0.83709642    O 1276  0.09034415
  1283  C    3.89308749    C 1284  0.99036771    C 1286  0.97573362    N 1282  0.96778528    H 2651  0.89578463
  1284  C    3.96295343    O 1285  1.60811580    N 1289  1.37495883    C 1283  0.99036771
  1285  O    1.73523677    C 1284  1.60811580    N 1289  0.08634372
  1286  C    3.90612797    C 1288  1.03967353    C 1287  1.03398253    C 1283  0.97573362    H 2652  0.88563397
  1287  C    3.71674489    C 1286  1.03398253    H 2655  0.90690642    H 2654  0.89308008    H 2653  0.89002158
  1288  C    3.73064763    C 1286  1.03967353    H 2657  0.91402842    H 2658  0.90076787    H 2656  0.89568232
  1289  N    3.18810903    C 1284  1.37495883    C 1290  0.97052859    H 2659  0.84355961    O 1285  0.08634372
  1290  C    3.88887283    C 1293  1.00622665    C 1291  0.98001492    N 1289  0.97052859    H 2660  0.87740710
  1291  C    3.94974571    O 1292  1.59404501    N 1297  1.37290396    C 1290  0.98001492
  1292  O    1.68259974    C 1291  1.59404501    N 1297  0.08165689
  1293  C    3.78852609    C 1294  1.01288190    C 1290  1.00622665    H 2661  0.89864042    H 2662  0.87123817
  1294  C    3.99300789    O 1295  1.58496383    N 1296  1.42069715    C 1293  1.01288190
  1295  O    1.67433387    C 1294  1.58496383    N 1296  0.08995979
  1296  N    3.15763860    C 1294  1.42069715    H 2664  0.83647078    H 2663  0.82974775    O 1295  0.08995979
  1297  N    3.19746312    C 1291  1.37290396    C 1298  0.97596664    H 2665  0.84081791    O 1292  0.08165689
  1298  C    3.88151680    C 1299  0.98775876    N 1297  0.97596664    C 1301  0.97336948    H 2666  0.88301949
  1299  C    3.96834471    O 1300  1.60594132    N 1305  1.39316307    C 1298  0.98775876
  1300  O    1.69890241    C 1299  1.60594132    N 1305  0.08316314
  1301  C    3.90547637    C 1303  1.04097702    C 1302  1.01080303    C 1298  0.97336948    H 2667  0.87578495
  1302  C    3.85742634    C 1304  1.08524578    C 1301  1.01080303    H 2668  0.88533172    H 2669  0.88531894
  1303  C    3.73022518    C 1301  1.04097702    H 2670  0.90150363    H 2672  0.90071373    H 2671  0.89572520
  1304  C    3.74539080    C 1302  1.08524578    H 2675  0.90518645    H 2674  0.89898751    H 2673  0.88939645
  1305  N    3.16691612    C 1299  1.39316307    C 1306  0.96081733    H 2676  0.84492753    O 1300  0.08316314
  1306  C    3.88760794    C 1309  1.01069202    C 1307  0.98405662    N 1305  0.96081733    H 2677  0.88239693
  1307  C    3.96961919    O 1308  1.59873391    N 1314  1.39191841    C 1306  0.98405662
  1308  O    1.73012738    C 1307  1.59873391    N 1314  0.08836727
  1309  C    3.80548770    C 1310  1.03748669    C 1306  1.01069202    H 2678  0.89952875    H 2679  0.89409864
  1310  C    3.80314806    C 1309  1.03748669    C 1311  1.00207380    H 2680  0.88879939    H 2681  0.87223142
  1311  C    3.97929608    O 1312  1.57321694    N 1313  1.40396024    C 1310  1.00207380
  1312  O    1.73629392    C 1311  1.57321694    N 1313  0.09593368
  1313  N    3.15392303    C 1311  1.40396024    H 2683  0.83878300    H 2682  0.82950412    O 1312  0.09593368
  1314  N    3.17708816    C 1307  1.39191841    C 1315  0.95213431    H 2684  0.85568962    O 1308  0.08836727
  1315  C    3.86783715    C 1318  1.01412655    C 1316  0.96660914    N 1314  0.95213431    H 2685  0.88539571
  1316  C    3.94817247    O 1317  1.59301723    N 1323  1.38305045    C 1315  0.96660914
  1317  O    1.70309775    C 1316  1.59301723    N 1323  0.08468768
  1318  C    3.81833053    C 1319  1.03669472    C 1315  1.01412655    H 2687  0.90833147    H 2686  0.87745223
  1319  C    3.81877739    C 1318  1.03669472    C 1320  0.97947043    H 2689  0.89995134    H 2688  0.89868529
  1320  C    3.96980387    O 1322  1.52068113    O 1321  1.48493884    C 1319  0.97947043
  1321  O    1.60365022    C 1320  1.48493884    O 1322  0.11394408
  1322  O    1.68835848    C 1320  1.52068113    O 1321  0.11394408
  1323  N    3.18024816    C 1316  1.38305045    C 1324  0.95368745    H 2690  0.85975325    O 1317  0.08468768
  1324  C    3.85621296    C 1327  1.00475003    C 1325  0.97623873    N 1323  0.95368745    H 2691  0.88367004
  1325  C    3.95056198    O 1326  1.59218594    N 1337  1.37792454    C 1324  0.97623873
  1326  O    1.69038837    C 1325  1.59218594    N 1337  0.08345700
  1327  C    3.85265372    C 1328  1.04122757    C 1324  1.00475003    H 2692  0.90123055    H 2693  0.87835231
  1328  C    3.87579867    C 1329  1.55167049    C 1330  1.20567801    C 1327  1.04122757
  1329  C    3.81497994    C 1328  1.55167049    N 1331  1.22997474    H 2694  0.90492738
  1330  C    3.94913740    C 1333  1.33617915    C 1332  1.27005310    C 1328  1.20567801
  1331  N    3.35381431    C 1329  1.22997474    C 1332  1.18096428    H 2695  0.81142173
  1332  C    3.94892498    C 1334  1.36347723    C 1330  1.27005310    N 1331  1.18096428
  1333  C    3.84026599    C 1335  1.44137399    C 1330  1.33617915    H 2696  0.89626571    C 1334  0.06219885
  1334  C    3.86096571    C 1336  1.46086181    C 1332  1.36347723    H 2697  0.89245592    C 1333  0.06219885
  1335  C    3.83801766    C 1333  1.44137399    C 1336  1.36007685    H 2698  0.89551217
  1336  C    3.86340838    C 1334  1.46086181    C 1335  1.36007685    H 2699  0.89340751
  1337  N    3.16928675    C 1325  1.37792454    C 1338  0.96751698    H 2700  0.85610219    O 1326  0.08345700
  1338  C    3.88982252    C 1341  1.02427391    C 1339  0.97626770    N 1337  0.96751698    H 2701  0.89657073
  1339  C    3.95194496    O 1340  1.58254011    N 1345  1.39394956    C 1338  0.97626770
  1340  O    1.68762910    C 1339  1.58254011    N 1345  0.08316425
  1341  C    3.81296709    C 1338  1.02427391    C 1342  1.00776184    H 2703  0.88751022    H 2702  0.88273589
  1342  C    3.92181465    C 1344  1.03167617    C 1343  1.02316859    C 1341  1.00776184    H 2704  0.88538680
  1343  C    3.73002005    C 1342  1.02316859    H 2707  0.90669372    H 2705  0.89603262    H 2706  0.89272913
  1344  C    3.72080310    C 1342  1.03167617    H 2709  0.90260979    H 2708  0.90064354    H 2710  0.89776439
  1345  N    3.20089387    C 1339  1.39394956    C 1346  0.95871931    H 2711  0.85381210    O 1340  0.08316425
  1346  C    3.87614175    C 1349  1.01734496    C 1347  0.97476748    N 1345  0.95871931    H 2712  0.88846584
  1347  C    3.97218574    O 1348  1.62777995    N 1354  1.38753901    C 1346  0.97476748
  1348  O    1.75011579    C 1347  1.62777995    N 1354  0.08484693
  1349  C    3.82487769    C 1350  1.03238520    C 1346  1.01734496    H 2714  0.90893109    H 2713  0.89754828
  1350  C    3.80232185    C 1349  1.03238520    C 1351  1.00277289    H 2715  0.88941764    H 2716  0.87085903
  1351  C    3.98015842    O 1352  1.60326804    N 1353  1.38607290    C 1350  1.00277289
  1352  O    1.75721909    C 1351  1.60326804    N 1353  0.09549012
  1353  N    3.14796511    C 1351  1.38607290    H 2718  0.85429648    H 2717  0.83426686    O 1352  0.09549012
  1354  N    3.18132332    C 1347  1.38753901    C 1355  0.96854130    H 2719  0.86505611    O 1348  0.08484693
  1355  C    3.88805518    C 1358  1.01670663    C 1356  0.97588226    N 1354  0.96854130    H 2720  0.89621521
  1356  C    3.95674423    O 1357  1.62584200    N 1362  1.36367206    C 1355  0.97588226
  1357  O    1.78471136    C 1356  1.62584200    N 1362  0.08617851
  1358  C    3.81436313    C 1355  1.01670663    C 1359  1.00452236    H 2722  0.89731712    H 2721  0.88896070
  1359  C    3.92859196    C 1360  1.03208644    C 1361  1.02433742    C 1358  1.00452236    H 2723  0.88951349
  1360  C    3.73561201    C 1359  1.03208644    H 2726  0.90400285    H 2724  0.90175718    H 2725  0.89930048
  1361  C    3.73372379    C 1359  1.02433742    H 2729  0.90642035    H 2728  0.90599701    H 2727  0.90518950
  1362  N    3.17882768    C 1356  1.36367206    C 1363  0.97682240    H 2730  0.86653800    O 1357  0.08617851
  1363  C    3.87868604    C 1364  0.98215641    N 1362  0.97682240    C 1366  0.96560964    H 2731  0.88342608
  1364  C    3.96214071    O 1365  1.61016037    N 1369  1.37697033    C 1363  0.98215641
  1365  O    1.74922803    C 1364  1.61016037    N 1369  0.08470817
  1366  C    3.82570444    C 1368  1.02783073    C 1363  0.96560964    O 1367  0.93142210    H 2732  0.88727962
  1367  O    1.66625689    C 1366  0.93142210    H 2733  0.73122789
  1368  C    3.73085911    C 1366  1.02783073    H 2736  0.91075881    H 2734  0.90882409    H 2735  0.90038422
  1369  N    3.18988494    C 1364  1.37697033    C 1370  0.97314981    H 2737  0.85907527    O 1365  0.08470817
  1370  C    3.91725888    C 1373  1.01858596    C 1371  0.97961970    N 1369  0.97314981    H 2738  0.90083664
  1371  C    3.97161620    O 1372  1.60805740    N 1377  1.38468350    C 1370  0.97961970
  1372  O    1.75547852    C 1371  1.60805740    N 1377  0.08933145
  1373  C    3.82208796    C 1370  1.01858596    C 1374  1.00247163    H 2739  0.89646533    H 2740  0.89595913
  1374  C    3.87758877    S 1375  1.09841728    C 1373  1.00247163    H 2741  0.87151868    H 2742  0.87069468
  1375  S    2.24710948    C 1376  1.12625630    C 1374  1.09841728
  1376  C    3.82492755    S 1375  1.12625630    H 2744  0.88905261    H 2743  0.88400451    H 2745  0.88397421
  1377  N    3.21291364    C 1371  1.38468350    C 1378  0.95000455    H 2746  0.85094793    O 1372  0.08933145
  1378  C    3.88094228    C 1381  1.01284338    C 1379  0.97299737    N 1377  0.95000455    H 2747  0.91406325
  1379  C    3.95770128    O 1380  1.62009276    N 1389  1.38911825    C 1378  0.97299737
  1380  O    1.76257159    C 1379  1.62009276    N 1389  0.09187121
  1381  C    3.83987593    C 1378  1.01284338    C 1382  1.00702245    H 2748  0.90460778    H 2749  0.89112495
  1382  C    3.89224022    C 1384  1.38756967    C 1383  1.37966882    C 1381  1.00702245
  1383  C    3.84641099    C 1385  1.41625836    C 1382  1.37966882    H 2750  0.90137465    C 1386  0.05531449
  1384  C    3.86020416    C 1386  1.41796678    C 1382  1.38756967    H 2751  0.91168715    C 1385  0.05617718
  1385  C    3.81826310    C 1383  1.41625836    C 1387  1.36948736    H 2752  0.91163467    C 1384  0.05617718
  1386  C    3.83571645    C 1384  1.41796678    C 1387  1.36840617    H 2753  0.90429469    C 1383  0.05531449
  1387  C    3.87307509    C 1385  1.36948736    C 1386  1.36840617    O 1388  1.01290080
  1388  O    1.79721571    C 1387  1.01290080    H 2754  0.71363473
  1389  N    3.21231496    C 1379  1.38911825    C 1390  0.96117053    H 2755  0.86991099    O 1380  0.09187121
  1390  C    3.85483497    C 1393  0.99939441    N 1389  0.96117053    C 1391  0.95101571    H 2756  0.88475861
  1391  C    3.92732774    O 1392  1.53330912    O 1395  1.45330687    C 1390  0.95101571
  1392  O    1.68528524    C 1391  1.53330912    O 1395  0.10425621
  1393  C    3.74708149    C 1390  0.99939441    O 1394  0.96514883    H 2758  0.91953340    H 2757  0.90483014
  1394  O    1.66746303    C 1393  0.96514883    H 2759  0.74530333
  1395  O    1.59308609    C 1391  1.45330687    O 1392  0.10425621
  1396  Ca   1.39947467    O 1041  0.20054017    O 1060  0.16058768    O  340  0.15882174    N 1068  0.15357911    O 1059  0.14715885    O 1040  0.10966537    C 1058  0.09101295    C 1039  0.08573394
  1397  Ca   1.51534015    H 2764  0.21395507    O  530  0.17901435    O  462  0.15772667    O 1402  0.15664753    O  448  0.11988002    O  531  0.11313802    O  485  0.08351745    O  476  0.07672658    C  529  0.06426396
  1398  Ca   1.24000256    O  194  0.17947388    O  195  0.15851306    O 1400  0.14912853    O  123  0.14802135    O  144  0.14297917    C  193  0.08531168    O  156  0.08005587
  1399  Ca   1.32988892    O  726  0.16394835    O  787  0.15646316    O  711  0.12290861    O  788  0.11661232    H 2141  0.10853726    C  786  0.10395754    O  744  0.09016024    O  752  0.07692544
  1400  O    1.41919101    H 2761  0.67519538    H 2760  0.63613445    Ca1398  0.14912853
  1401  O    1.40323842    H 2763  0.73828936    H 2762  0.69183972
  1402  O    1.52758715    H 2764  0.71867097    H 2765  0.66592885    Ca1397  0.15664753
  1403  O    1.40444252    H 2767  0.74949480    H 2766  0.72624458
  1404  O    1.44262763    H 2769  0.75676100    H 2768  0.73262537
  1405  O    1.44835634    H 2770  0.76103281    H 2771  0.73724872
  1406  O    1.41917706    H 2773  0.73652191    H 2772  0.72776267
  1407  O    1.43694564    H 2775  0.73595133    H 2774  0.72897609
  1408  O    1.44061038    H 2777  0.73552280    H 2776  0.71993677
  1409  O    1.46617726    H 2778  0.74916927    H 2779  0.74057544
  1410  O    1.42944987    H 2781  0.75497599    H 2780  0.74099617
  1411  H    0.76163550    N    1  0.81287205
  1412  H    0.75845509    N    1  0.80450032
  1413  H    0.75339151    N    1  0.80273002
  1414  H    0.86074222    C    2  0.89070021
  1415  H    0.83586556    C    5  0.88147587
  1416  H    0.85954954    C    5  0.88504428
  1417  H    0.86395299    C    6  0.87059525
  1418  H    0.83258254    C    6  0.89582213
  1419  H    0.79922361    N   10  0.84132748
  1420  H    0.85012819    C   11  0.87864653
  1421  H    0.85041753    C   14  0.87695158
  1422  H    0.85806757    C   14  0.89755213
  1423  H    0.86294337    C   15  0.89389609
  1424  H    0.86744909    C   15  0.88113721
  1425  H    0.80760935    N   19  0.85424126
  1426  H    0.84727377    C   20  0.87733888
  1427  H    0.85070772    C   23  0.89723943
  1428  H    0.86598211    C   24  0.89779697
  1429  H    0.84305884    C   24  0.89606858
  1430  H    0.85795561    C   24  0.89744427
  1431  H    0.86567184    C   25  0.89973659
  1432  H    0.86217900    C   25  0.90275277
  1433  H    0.85076431    C   25  0.90432120
  1434  H    0.80033950    N   26  0.85890331
  1435  H    0.84584910    C   27  0.87878374
  1436  H    0.85469624    C   30  0.87404386
  1437  H    0.84912306    C   30  0.89140083
  1438  H    0.84266046    C   31  0.90079024
  1439  H    0.86935881    C   31  0.88621223
  1440  H    0.83201616    C   32  0.89056749
  1441  H    0.81679987    C   32  0.92205803
  1442  H    0.84215187    N   33  0.84536029
  1443  H    0.82967162    N   35  0.83051478
  1444  H    0.79584870    N   35  0.83257208
  1445  H    0.84015742    N   36  0.83492363
  1446  H    0.83714538    N   36  0.83427263
  1447  H    0.81976258    N   37  0.84554559
  1448  H    0.84970466    C   38  0.89167225
  1449  H    0.85601401    C   41  0.88341086
  1450  H    0.85624165    C   41  0.88581789
  1451  H    0.86622514    C   42  0.87059659
  1452  H    0.85433451    C   42  0.90562529
  1453  H    0.83745028    N   45  0.82864386
  1454  H    0.82332665    N   45  0.83148691
  1455  H    0.83835054    N   46  0.85790674
  1456  H    0.85798840    C   47  0.89293277
  1457  H    0.85687786    C   50  0.90541206
  1458  H    0.86689158    C   50  0.88303273
  1459  H    0.91186419    C   52  0.90928489
  1460  H    0.90535829    C   53  0.91419388
  1461  H    0.91171402    C   54  0.91053986
  1462  H    0.89567732    C   55  0.91867718
  1463  H    0.89960494    C   56  0.91532608
  1464  H    0.83619329    N   57  0.86381159
  1465  H    0.84881622    C   58  0.88979497
  1466  H    0.84726210    C   61  0.90381392
  1467  H    0.84295973    C   61  0.89866433
  1468  H    0.85351802    C   62  0.88008170
  1469  H    0.86717740    C   62  0.89382388
  1470  H    0.84792065    C   63  0.90442780
  1471  H    0.86963265    C   63  0.90034725
  1472  H    0.83028153    N   64  0.84852672
  1473  H    0.83673461    N   66  0.83462108
  1474  H    0.81661399    N   66  0.83234300
  1475  H    0.83940539    N   67  0.83421486
  1476  H    0.82297161    N   67  0.83613401
  1477  H    0.83823844    N   68  0.85577623
  1478  H    0.85987431    C   69  0.89109432
  1479  H    0.85664181    C   72  0.89492496
  1480  H    0.84753413    C   72  0.89551477
  1481  H    0.84701074    C   73  0.89269979
  1482  H    0.86075163    C   73  0.88526870
  1483  H    0.86691416    C   74  0.88904164
  1484  H    0.84069187    C   74  0.92212844
  1485  H    0.81335362    N   75  0.83970472
  1486  H    0.83695853    N   77  0.83537636
  1487  H    0.81573910    N   77  0.84151619
  1488  H    0.84221802    N   78  0.83791037
  1489  H    0.82778594    N   78  0.82752893
  1490  H    0.85303330    N   79  0.85870628
  1491  H    0.86056804    C   80  0.89815508
  1492  H    0.85177907    C   83  0.89980031
  1493  H    0.86689092    C   83  0.89680387
  1494  H    0.86411597    C   84  0.88704148
  1495  H    0.86287273    C   85  0.90039075
  1496  H    0.84794268    C   85  0.90972357
  1497  H    0.87846621    C   85  0.91906630
  1498  H    0.86335671    C   86  0.89756606
  1499  H    0.87625153    C   86  0.91550375
  1500  H    0.85179538    C   86  0.89905163
  1501  H    0.85372997    N   87  0.86072086
  1502  H    0.86183274    C   88  0.88801248
  1503  H    0.86088224    C   91  0.91154240
  1504  H    0.85734141    C   91  0.88147497
  1505  H    0.90587835    C   93  0.90856660
  1506  H    0.91669366    C   94  0.90970956
  1507  H    0.90431787    C   95  0.90897242
  1508  H    0.92087118    C   96  0.90728062
  1509  H    0.90349118    C   97  0.91825156
  1510  H    0.84175916    N   98  0.85842991
  1511  H    0.86411969    C   99  0.88657119
  1512  H    0.87737033    C  102  0.90700404
  1513  H    0.86964311    C  102  0.89833776
  1514  H    0.86524343    C  102  0.91341588
  1515  H    0.85161189    N  103  0.86090520
  1516  H    0.86950213    C  104  0.89333697
  1517  H    0.85016580    C  107  0.90114405
  1518  H    0.86434444    C  107  0.88855799
  1519  H    0.86965648    C  108  0.88058265
  1520  H    0.86823257    C  108  0.91251584
  1521  H    0.82357847    N  111  0.84365967
  1522  H    0.83282390    N  111  0.84255372
  1523  H    0.85027958    N  112  0.85756839
  1524  H    0.85476339    C  113  0.90664901
  1525  H    0.85282630    C  116  0.88861367
  1526  H    0.85594307    C  116  0.89444543
  1527  H    0.87116612    C  117  0.89700720
  1528  H    0.84991495    C  118  0.91306719
  1529  H    0.85409461    C  118  0.90267850
  1530  H    0.85402254    C  118  0.91400287
  1531  H    0.86254413    C  119  0.90731604
  1532  H    0.86496041    C  119  0.91020048
  1533  H    0.83233677    C  119  0.93714967
  1534  H    0.86536875    N  120  0.86264189
  1535  H    0.87066391    C  121  0.89297059
  1536  H    0.85702038    C  124  0.92141050
  1537  H    0.85141888    C  124  0.89605083
  1538  H    0.86464139    C  124  0.91406087
  1539  H    0.80919427    N  125  0.83136020
  1540  H    0.84672216    C  126  0.90886258
  1541  H    0.85709246    C  126  0.87775753
  1542  H    0.80553995    N  129  0.86089065
  1543  H    0.85375937    C  130  0.88645288
  1544  H    0.86465428    C  133  0.87172347
  1545  H    0.85372078    C  133  0.89889939
  1546  H    0.84085546    N  137  0.84240928
  1547  H    0.85508160    C  138  0.87276999
  1548  H    0.86057816    C  141  0.87501733
  1549  H    0.85301277    C  141  0.85651570
  1550  H    0.82713684    N  145  0.84982284
  1551  H    0.83652849    C  146  0.87228157
  1552  H    0.86361463    C  149  0.89105053
  1553  H    0.87406935    C  149  0.90480778
  1554  H    0.84720908    C  150  0.88168779
  1555  H    0.85365346    C  150  0.87686297
  1556  H    0.87164537    C  152  0.89192487
  1557  H    0.86314144    C  152  0.88587820
  1558  H    0.85798895    C  152  0.88604938
  1559  H    0.88070594    N  153  0.87663627
  1560  H    0.84649688    C  154  0.89773004
  1561  H    0.85158535    C  157  0.89727597
  1562  H    0.86878501    C  157  0.90554644
  1563  H    0.87740104    C  158  0.88897946
  1564  H    0.86171926    C  158  0.90417479
  1565  H    0.84800528    N  162  0.83670257
  1566  H    0.87169755    C  163  0.92982659
  1567  H    0.86374899    C  166  0.90118482
  1568  H    0.85961914    C  167  0.90205677
  1569  H    0.85671371    C  167  0.91217667
  1570  H    0.86235871    C  167  0.92370354
  1571  H    0.86540702    C  168  0.90412470
  1572  H    0.86326893    C  168  0.91934377
  1573  H    0.85599778    C  168  0.92039693
  1574  H    0.86987538    N  169  0.87311640
  1575  H    0.86294469    C  170  0.88682885
  1576  H    0.81121777    C  173  0.92550804
  1577  H    0.86190015    C  173  0.89406907
  1578  H    0.71159426    O  174  0.74458147
  1579  H    0.83289380    N  175  0.85414486
  1580  H    0.84917214    C  176  0.89687858
  1581  H    0.85052075    C  179  0.90471774
  1582  H    0.85577464    C  179  0.90798473
  1583  H    0.87131368    C  179  0.92623840
  1584  H    0.84436806    N  180  0.85674645
  1585  H    0.85559290    C  181  0.89302614
  1586  H    0.87241472    C  184  0.89708593
  1587  H    0.72833233    O  185  0.72211852
  1588  H    0.87749119    C  186  0.90948381
  1589  H    0.85161417    C  186  0.90204507
  1590  H    0.86407715    C  186  0.90456969
  1591  H    0.84769830    N  187  0.85859242
  1592  H    0.87066340    C  188  0.89614279
  1593  H    0.85784485    C  191  0.88760145
  1594  H    0.85027380    C  191  0.91067466
  1595  H    0.84667471    C  192  0.88028259
  1596  H    0.85148389    C  192  0.88902576
  1597  H    0.87157110    N  196  0.86834661
  1598  H    0.86079392    C  197  0.90722004
  1599  H    0.86604754    C  200  0.90914039
  1600  H    0.86161342    C  200  0.89948983
  1601  H    0.88362578    C  201  0.90523272
  1602  H    0.85907541    C  202  0.91005934
  1603  H    0.85822023    C  202  0.91656250
  1604  H    0.86501181    C  202  0.91575398
  1605  H    0.86202372    C  203  0.90795928
  1606  H    0.86657234    C  203  0.91694747
  1607  H    0.86314088    C  203  0.91342109
  1608  H    0.87171675    N  204  0.86861638
  1609  H    0.88355219    C  205  0.90122048
  1610  H    0.86814403    C  208  0.91873363
  1611  H    0.89093003    C  208  0.90815173
  1612  H    0.86675347    C  209  0.89368285
  1613  H    0.86665681    C  209  0.89674248
  1614  H    0.86884538    C  211  0.88998660
  1615  H    0.84474569    C  211  0.88443182
  1616  H    0.86156645    C  211  0.89176468
  1617  H    0.85780422    N  212  0.86325777
  1618  H    0.86568679    C  213  0.89896104
  1619  H    0.87391565    C  216  0.87735928
  1620  H    0.86507855    C  216  0.90270039
  1621  H    0.85173810    N  219  0.84323202
  1622  H    0.83253362    N  219  0.83684780
  1623  H    0.83790517    N  220  0.85341272
  1624  H    0.85546147    C  221  0.90989759
  1625  H    0.87466652    C  224  0.88940418
  1626  H    0.85505433    C  225  0.90199244
  1627  H    0.84241195    C  225  0.90198747
  1628  H    0.85597798    C  226  0.90327205
  1629  H    0.84912835    C  226  0.91946548
  1630  H    0.85367825    C  226  0.91700159
  1631  H    0.87358855    C  227  0.90493211
  1632  H    0.84497967    C  227  0.91809762
  1633  H    0.86492665    C  227  0.91493743
  1634  H    0.86251214    N  228  0.86610665
  1635  H    0.85557207    C  229  0.90926138
  1636  H    0.86411358    C  232  0.90350936
  1637  H    0.87047373    C  232  0.90459021
  1638  H    0.87591517    C  233  0.90287408
  1639  H    0.86232364    C  234  0.90951404
  1640  H    0.87020897    C  234  0.91456571
  1641  H    0.86915082    C  234  0.92165355
  1642  H    0.86289836    C  235  0.90897331
  1643  H    0.87252400    C  235  0.91365627
  1644  H    0.85829200    C  235  0.92122203
  1645  H    0.86361345    N  236  0.86637768
  1646  H    0.84874720    C  237  0.91032373
  1647  H    0.87669825    C  240  0.87897695
  1648  H    0.87090042    C  240  0.91199876
  1649  H    0.85370020    N  243  0.85090292
  1650  H    0.84134294    N  243  0.85391532
  1651  H    0.83794265    N  244  0.85514308
  1652  H    0.86864572    C  245  0.88572323
  1653  H    0.84032799    C  248  0.89649099
  1654  H    0.85593704    C  248  0.89761546
  1655  H    0.83722833    C  249  0.90929804
  1656  H    0.85695285    C  249  0.88506137
  1657  H    0.87224639    C  250  0.89851432
  1658  H    0.86604954    C  250  0.89291161
  1659  H    0.85891191    C  251  0.89682302
  1660  H    0.84780416    C  251  0.90033376
  1661  H    0.76509733    N  252  0.81028891
  1662  H    0.77871321    N  252  0.82853479
  1663  H    0.77328208    N  252  0.81986673
  1664  H    0.84505552    N  253  0.85557666
  1665  H    0.86262298    C  254  0.90535968
  1666  H    0.87172635    C  257  0.88785551
  1667  H    0.86917538    C  258  0.90195322
  1668  H    0.85928632    C  258  0.90558628
  1669  H    0.87606688    C  258  0.91376974
  1670  H    0.85243044    C  259  0.90173015
  1671  H    0.87472619    C  259  0.91707567
  1672  H    0.85278258    C  259  0.91607542
  1673  H    0.85303342    N  260  0.86344771
  1674  H    0.85970866    C  261  0.88631054
  1675  H    0.87003274    C  264  0.88437028
  1676  H    0.83492761    C  265  0.92246754
  1677  H    0.85826967    C  265  0.91066025
  1678  H    0.86247279    C  265  0.92265106
  1679  H    0.86013959    C  266  0.90338039
  1680  H    0.83767962    C  266  0.93649762
  1681  H    0.86958369    C  266  0.92150574
  1682  H    0.83160162    N  267  0.85544663
  1683  H    0.86578875    C  268  0.88204664
  1684  H    0.86973304    C  271  0.89361322
  1685  H    0.69513501    O  272  0.71009887
  1686  H    0.87818658    C  273  0.90394161
  1687  H    0.85876644    C  273  0.89813591
  1688  H    0.87660451    C  273  0.90820334
  1689  H    0.81954379    N  274  0.84051732
  1690  H    0.86746220    C  275  0.87831266
  1691  H    0.85803655    C  278  0.89047183
  1692  H    0.84651143    C  278  0.89127331
  1693  H    0.82868318    C  279  0.91124177
  1694  H    0.87811950    C  279  0.89803486
  1695  H    0.85461517    C  280  0.90020918
  1696  H    0.84387452    C  280  0.89212549
  1697  H    0.83237978    N  281  0.84388053
  1698  H    0.81513412    N  283  0.85027005
  1699  H    0.80312362    N  283  0.85533752
  1700  H    0.83659153    N  284  0.83260428
  1701  H    0.84297411    N  284  0.84093939
  1702  H    0.88821734    N  285  0.86516082
  1703  H    0.85313722    C  286  0.91135862
  1704  H    0.85059380    C  289  0.88039998
  1705  H    0.84249403    C  289  0.89497133
  1706  H    0.91046409    C  292  0.90220608
  1707  H    0.92792551    C  293  0.91086501
  1708  H    0.85013635    C  296  0.86151656
  1709  H    0.86706927    C  299  0.88292963
  1710  H    0.86582445    C  299  0.87986226
  1711  H    0.87459938    C  300  0.87921109
  1712  H    0.86579084    C  300  0.89303577
  1713  H    0.84009214    C  301  0.88896140
  1714  H    0.86051815    C  301  0.88704566
  1715  H    0.88727043    N  302  0.86295776
  1716  H    0.86813490    C  303  0.87557995
  1717  H    0.87796863    C  306  0.88277564
  1718  H    0.86453522    C  306  0.89234851
  1719  H    0.88610605    N  310  0.87994467
  1720  H    0.86156717    C  311  0.91505144
  1721  H    0.85476434    C  314  0.89224406
  1722  H    0.86050723    C  314  0.90463221
  1723  H    0.88236610    C  315  0.90279050
  1724  H    0.86705023    C  316  0.91133433
  1725  H    0.85278489    C  316  0.91657228
  1726  H    0.86311516    C  316  0.91513906
  1727  H    0.85200426    C  317  0.91788388
  1728  H    0.86119474    C  317  0.91365631
  1729  H    0.86140712    C  317  0.91532716
  1730  H    0.83692858    N  318  0.85550901
  1731  H    0.87243020    C  319  0.91160472
  1732  H    0.83420264    C  322  0.90612548
  1733  H    0.85286345    C  322  0.89547385
  1734  H    0.86898078    C  323  0.89116266
  1735  H    0.87051994    C  323  0.89407276
  1736  H    0.87858648    C  324  0.89989957
  1737  H    0.84920154    C  324  0.91799556
  1738  H    0.83445336    C  325  0.90906503
  1739  H    0.87415576    C  325  0.91170015
  1740  H    0.78337653    N  326  0.83331984
  1741  H    0.76426843    N  326  0.81447752
  1742  H    0.75817379    N  326  0.81096861
  1743  H    0.82027396    N  327  0.85953018
  1744  H    0.85446272    C  328  0.90281049
  1745  H    0.85718487    C  331  0.89426386
  1746  H    0.74504977    O  332  0.71530861
  1747  H    0.85871830    C  333  0.89987694
  1748  H    0.86118902    C  333  0.91082539
  1749  H    0.87640669    C  333  0.92032112
  1750  H    0.87494935    N  334  0.85955003
  1751  H    0.86911571    C  335  0.87914507
  1752  H    0.86800121    C  338  0.86818815
  1753  H    0.86450760    C  338  0.88723018
  1754  H    0.92993819    N  342  0.87053916
  1755  H    0.87471128    C  343  0.90218242
  1756  H    0.86011478    C  343  0.89198389
  1757  H    0.93060423    N  346  0.86172885
  1758  H    0.87575323    C  347  0.91854447
  1759  H    0.86248631    C  350  0.90759609
  1760  H    0.87065736    C  350  0.90437553
  1761  H    0.92153786    C  352  0.91454854
  1762  H    0.91171971    C  353  0.91377677
  1763  H    0.88529229    C  354  0.93054790
  1764  H    0.91614485    C  355  0.90840805
  1765  H    0.91299799    C  356  0.91137258
  1766  H    0.85774645    N  357  0.86946044
  1767  H    0.86733901    C  358  0.88685800
  1768  H    0.87784782    C  358  0.90988799
  1769  H    0.83656772    N  361  0.86140754
  1770  H    0.85035402    C  362  0.89732814
  1771  H    0.87569738    C  365  0.88516418
  1772  H    0.82550925    C  366  0.91277037
  1773  H    0.87201820    C  366  0.89572095
  1774  H    0.87365626    C  367  0.90810854
  1775  H    0.85680083    C  367  0.90872016
  1776  H    0.84669261    C  367  0.91739180
  1777  H    0.86175622    C  368  0.90050649
  1778  H    0.83305990    C  368  0.90598070
  1779  H    0.86445883    C  368  0.91096350
  1780  H    0.82857492    N  369  0.85834350
  1781  H    0.85569133    C  370  0.89939683
  1782  H    0.86919411    C  373  0.87515789
  1783  H    0.87036383    C  373  0.90714327
  1784  H    0.84645731    N  377  0.85569234
  1785  H    0.86872556    C  378  0.90270069
  1786  H    0.87718440    C  381  0.91107821
  1787  H    0.73293018    O  382  0.74196318
  1788  H    0.86313929    C  383  0.90551900
  1789  H    0.83872667    C  383  0.92503801
  1790  H    0.86263263    C  383  0.92165396
  1791  H    0.86929116    N  384  0.87548216
  1792  H    0.86275658    C  385  0.91146103
  1793  H    0.86537501    C  388  0.87749313
  1794  H    0.87217946    C  388  0.89219995
  1795  H    0.93961435    S  389  0.87750449
  1796  H    0.86523366    N  390  0.87197480
  1797  H    0.85616615    C  391  0.90092736
  1798  H    0.87253796    C  394  0.89351646
  1799  H    0.86443450    C  394  0.90636639
  1800  H    0.83983721    C  395  0.89563954
  1801  H    0.86549919    C  395  0.90378816
  1802  H    0.84168466    C  396  0.90360302
  1803  H    0.81344866    C  396  0.93579037
  1804  H    0.83270766    N  397  0.84361792
  1805  H    0.84940115    N  399  0.84363235
  1806  H    0.84029161    N  399  0.83838632
  1807  H    0.84385983    N  400  0.84195001
  1808  H    0.81201036    N  400  0.83625511
  1809  H    0.86267182    N  401  0.87344087
  1810  H    0.88248705    C  402  0.90665233
  1811  H    0.87078653    C  405  0.91666791
  1812  H    0.88623305    C  405  0.90318016
  1813  H    0.79048421    O  406  0.75078942
  1814  H    0.87268222    N  407  0.87415676
  1815  H    0.87756385    C  408  0.90121650
  1816  H    0.87574400    C  411  0.90322253
  1817  H    0.87514232    C  411  0.92071334
  1818  H    0.87674670    C  412  0.89397151
  1819  H    0.86795172    C  412  0.89049608
  1820  H    0.86543442    C  414  0.90395137
  1821  H    0.84410432    C  414  0.91719209
  1822  H    0.85722040    C  414  0.91385497
  1823  H    0.87913478    N  415  0.87482554
  1824  H    0.86882565    C  416  0.90785800
  1825  H    0.88451400    C  419  0.90533751
  1826  H    0.86958638    C  420  0.91171286
  1827  H    0.86977679    C  420  0.91681169
  1828  H    0.86349245    C  420  0.91443823
  1829  H    0.85707851    C  421  0.92473014
  1830  H    0.85584226    C  421  0.92036032
  1831  H    0.85609022    C  421  0.91457314
  1832  H    0.86223357    N  422  0.86752660
  1833  H    0.88004212    C  423  0.90588480
  1834  H    0.87645880    C  426  0.91492858
  1835  H    0.88184704    C  426  0.91469109
  1836  H    0.86779092    C  426  0.92118635
  1837  H    0.84903849    N  427  0.86845897
  1838  H    0.87043322    C  428  0.90161037
  1839  H    0.86867442    C  431  0.90561294
  1840  H    0.85429319    C  432  0.91543904
  1841  H    0.86202478    C  432  0.91766997
  1842  H    0.85533446    C  432  0.93245484
  1843  H    0.85916518    C  433  0.90720741
  1844  H    0.86727430    C  433  0.92265000
  1845  H    0.85267064    C  433  0.92248839
  1846  H    0.86813350    N  434  0.87261630
  1847  H    0.89498932    C  435  0.90568636
  1848  H    0.85218423    C  438  0.91850713
  1849  H    0.85988796    C  438  0.91225089
  1850  H    0.86115193    C  439  0.88677008
  1851  H    0.86543327    C  439  0.88916418
  1852  H    0.84813492    C  441  0.91472441
  1853  H    0.86345877    C  441  0.90029005
  1854  H    0.85901541    C  441  0.91152691
  1855  H    0.86523969    N  442  0.87283449
  1856  H    0.90749483    C  443  0.91946237
  1857  H    0.85033628    C  446  0.90511354
  1858  H    0.85821154    C  446  0.86704314
  1859  H    0.83255892    N  450  0.85843507
  1860  H    0.86643625    C  451  0.88510743
  1861  H    0.87337994    C  454  0.89838036
  1862  H    0.87615802    C  454  0.90450334
  1863  H    0.70885728    O  455  0.72907070
  1864  H    0.85459010    N  456  0.85951698
  1865  H    0.85898312    C  457  0.87445657
  1866  H    0.86010214    C  460  0.87610950
  1867  H    0.86001100    C  460  0.86275736
  1868  H    0.83082946    N  464  0.84197769
  1869  H    0.84345632    C  465  0.87474633
  1870  H    0.87778206    C  468  0.88588716
  1871  H    0.71096325    O  469  0.72317480
  1872  H    0.88127990    C  470  0.90804644
  1873  H    0.85683906    C  470  0.88634489
  1874  H    0.86633305    C  470  0.91335148
  1875  H    0.92936702    N  471  0.87647778
  1876  H    0.85447510    C  472  0.87245449
  1877  H    0.85600680    C  475  0.87129596
  1878  H    0.79309366    O  476  0.74397871
  1879  H    0.86008002    C  477  0.89630193
  1880  H    0.86624311    C  477  0.89516762
  1881  H    0.86409936    C  477  0.91746297
  1882  H    0.92771835    N  478  0.86107171    O  449  0.05986434
  1883  H    0.86694418    C  479  0.89263724
  1884  H    0.85208146    C  479  0.88555629
  1885  H    0.87913642    N  482  0.87480993
  1886  H    0.85031524    C  483  0.88685329
  1887  H    0.84634370    C  486  0.89887210
  1888  H    0.86104875    C  486  0.91195591
  1889  H    0.86079654    C  487  0.91530988
  1890  H    0.85062490    C  487  0.89405862
  1891  H    0.81854868    C  488  0.91229895
  1892  H    0.85184234    C  488  0.88766797
  1893  H    0.85010255    C  489  0.92390752
  1894  H    0.86915889    C  489  0.90321218
  1895  H    0.76220330    N  490  0.81966953
  1896  H    0.77714169    N  490  0.82161598
  1897  H    0.77182895    N  490  0.81698615
  1898  H    0.83198901    N  491  0.84652193
  1899  H    0.87272421    C  492  0.93768527
  1900  H    0.85869399    C  495  0.89493007
  1901  H    0.85159097    C  495  0.90730052
  1902  H    0.87118703    C  496  0.90445743
  1903  H    0.85684385    C  497  0.90624029
  1904  H    0.86168383    C  497  0.90579368
  1905  H    0.86077204    C  497  0.91552256
  1906  H    0.84669832    C  498  0.91784857
  1907  H    0.85562475    C  498  0.92069182
  1908  H    0.86583105    C  498  0.92087598
  1909  H    0.88181089    N  499  0.87948956
  1910  H    0.86705785    C  500  0.89481012
  1911  H    0.86562006    C  500  0.90119299
  1912  H    0.84324366    N  503  0.84708128
  1913  H    0.86079095    C  504  0.89780907
  1914  H    0.86529589    C  507  0.90980672
  1915  H    0.86148886    C  507  0.88573907
  1916  H    0.89606304    C  509  0.91089811
  1917  H    0.90907685    C  510  0.90496541
  1918  H    0.89878136    C  511  0.90666893
  1919  H    0.89242111    C  512  0.92577918
  1920  H    0.90444012    C  513  0.90497954
  1921  H    0.84125023    N  514  0.85632953
  1922  H    0.86032954    C  515  0.89946240
  1923  H    0.86638820    C  518  0.89090836
  1924  H    0.86633784    C  518  0.89884661
  1925  H    0.88073750    C  519  0.88093330
  1926  H    0.86514222    C  519  0.90279313
  1927  H    0.85330499    N  523  0.87139080
  1928  H    0.87302204    C  524  0.89251968
  1929  H    0.84640004    C  527  0.88816949
  1930  H    0.86266713    C  527  0.90652857
  1931  H    0.86766637    C  528  0.85245015    H 2762  0.07441347
  1932  H    0.85519070    C  528  0.87031924
  1933  H    0.86775050    N  532  0.87558799
  1934  H    0.86731673    C  533  0.89877139
  1935  H    0.87111282    C  536  0.91482726
  1936  H    0.86051732    C  536  0.89463947
  1937  H    0.90884445    C  538  0.90671264
  1938  H    0.91892574    C  539  0.91580651
  1939  H    0.91220085    C  540  0.90560598
  1940  H    0.91910012    C  541  0.91316585
  1941  H    0.91791500    C  542  0.91586856
  1942  H    0.88380734    N  543  0.87483760
  1943  H    0.85917232    C  544  0.90459727
  1944  H    0.86181346    C  547  0.91220183
  1945  H    0.84902163    C  547  0.90745125
  1946  H    0.86494331    C  548  0.89770487
  1947  H    0.85920392    C  548  0.90142847
  1948  H    0.87596628    C  549  0.89581028
  1949  H    0.86677662    C  549  0.89784411
  1950  H    0.84002374    C  550  0.91617681
  1951  H    0.86513573    C  550  0.90703483
  1952  H    0.76157643    N  551  0.82060159
  1953  H    0.78255364    N  551  0.83366670
  1954  H    0.76259060    N  551  0.82320777
  1955  H    0.86454636    N  552  0.87022685
  1956  H    0.87897036    C  553  0.90282890
  1957  H    0.85936594    C  556  0.90776352
  1958  H    0.87607295    C  556  0.89613675
  1959  H    0.92372080    C  558  0.91059958
  1960  H    0.88930425    C  559  0.93358550
  1961  H    0.93615021    C  560  0.91221526
  1962  H    0.92030153    C  561  0.91586957
  1963  H    0.76112873    O  563  0.71270013
  1964  H    0.86521048    N  564  0.87130306
  1965  H    0.87176902    C  565  0.90398298
  1966  H    0.86809787    C  568  0.91258416
  1967  H    0.86666724    C  568  0.90447663
  1968  H    0.88319832    C  569  0.90080265
  1969  H    0.86288179    C  570  0.91409378
  1970  H    0.86041415    C  570  0.91615218
  1971  H    0.86636742    C  570  0.92192862
  1972  H    0.86495877    C  571  0.90846932
  1973  H    0.86439198    C  571  0.91722365
  1974  H    0.86932311    C  571  0.91116124
  1975  H    0.88863858    N  572  0.87768532
  1976  H    0.87389488    C  573  0.89915419
  1977  H    0.86834634    C  576  0.90696357
  1978  H    0.86271313    C  576  0.89321881
  1979  H    0.93113829    C  578  0.90862305
  1980  H    0.83807955    N  580  0.83176691
  1981  H    0.91326498    C  582  0.90125225
  1982  H    0.92841008    C  583  0.90487155
  1983  H    0.91217189    C  584  0.90686653
  1984  H    0.90846869    C  585  0.91136858
  1985  H    0.87012053    N  586  0.87186528
  1986  H    0.87374072    C  587  0.90270087
  1987  H    0.87767836    C  590  0.88132656
  1988  H    0.86949098    C  590  0.90748081
  1989  H    0.85340199    N  593  0.84414746
  1990  H    0.83840770    N  593  0.84375162
  1991  H    0.86479313    N  594  0.86834759
  1992  H    0.84897035    C  595  0.93964673
  1993  H    0.86990480    C  598  0.88882564
  1994  H    0.86856767    C  598  0.90257473
  1995  H    0.86340753    N  601  0.86114161
  1996  H    0.83583980    N  601  0.88315899
  1997  H    0.88051416    N  602  0.87337455
  1998  H    0.86793449    C  603  0.90074206
  1999  H    0.89070423    C  606  0.90337695
  2000  H    0.86827109    C  607  0.91290665
  2001  H    0.86124630    C  607  0.90960179
  2002  H    0.85857956    C  608  0.91832097
  2003  H    0.87247339    C  608  0.91776371
  2004  H    0.86349654    C  608  0.91301398
  2005  H    0.86875209    C  609  0.90630697
  2006  H    0.87096336    C  609  0.91689653
  2007  H    0.85210008    C  609  0.92747383
  2008  H    0.86406417    N  610  0.86814719
  2009  H    0.87162599    C  611  0.89194906
  2010  H    0.86305606    C  614  0.90637262
  2011  H    0.85982732    C  614  0.89503322
  2012  H    0.86909056    C  615  0.89995585
  2013  H    0.86761812    C  615  0.89558488
  2014  H    0.88193528    C  616  0.89970466
  2015  H    0.86951016    C  616  0.89521707
  2016  H    0.85244903    C  617  0.90276721
  2017  H    0.86917184    C  617  0.90963962
  2018  H    0.76970591    N  618  0.81380182
  2019  H    0.78138448    N  618  0.82580088
  2020  H    0.78340166    N  618  0.82949986
  2021  H    0.85318690    N  619  0.86449051
  2022  H    0.87387382    C  620  0.89639815
  2023  H    0.84518714    C  623  0.90940496
  2024  H    0.87203146    C  623  0.89807343
  2025  H    0.87575218    C  624  0.89319217
  2026  H    0.85600078    C  624  0.89240761
  2027  H    0.87972906    C  625  0.90721967
  2028  H    0.87606133    C  625  0.89524421
  2029  H    0.86024268    C  626  0.90676846
  2030  H    0.83656474    C  626  0.92214543
  2031  H    0.78430251    N  627  0.83183104
  2032  H    0.75570553    N  627  0.81906319
  2033  H    0.78375976    N  627  0.83117623
  2034  H    0.87723291    N  628  0.86719264
  2035  H    0.86413398    C  629  0.91154191
  2036  H    0.85396155    C  632  0.88786353
  2037  H    0.86629630    C  632  0.90397707
  2038  H    0.91597302    C  634  0.92746350
  2039  H    0.83717962    N  636  0.84134690
  2040  H    0.91740842    C  638  0.90716770
  2041  H    0.93016990    C  639  0.91077667
  2042  H    0.89822861    C  640  0.93187989
  2043  H    0.91761242    C  641  0.91403687
  2044  H    0.87818029    N  642  0.87582035
  2045  H    0.85525645    C  643  0.90652312
  2046  H    0.87634125    C  646  0.91543542
  2047  H    0.86011318    C  646  0.89580973
  2048  H    0.86333360    C  647  0.88675445
  2049  H    0.87371399    C  647  0.92142351
  2050  H    0.85638224    N  650  0.84626121
  2051  H    0.84444917    N  650  0.85106321
  2052  H    0.84631523    N  651  0.86219067
  2053  H    0.87619069    C  652  0.89543219
  2054  H    0.88140829    C  655  0.90979072
  2055  H    0.87644011    C  655  0.90420858
  2056  H    0.86694891    C  655  0.91130865
  2057  H    0.84113840    N  656  0.85696788
  2058  H    0.86922308    C  657  0.90354850
  2059  H    0.86578609    C  660  0.89443706
  2060  H    0.86402988    C  661  0.90523044
  2061  H    0.87471254    C  661  0.90717979
  2062  H    0.84764261    C  662  0.90867120
  2063  H    0.85252706    C  662  0.90670109
  2064  H    0.86263843    C  662  0.91889806
  2065  H    0.87462760    C  663  0.91006062
  2066  H    0.84967987    C  663  0.90905903
  2067  H    0.85061671    C  663  0.92324476
  2068  H    0.87100298    N  664  0.86534297
  2069  H    0.87756399    C  665  0.89582921
  2070  H    0.87066882    C  668  0.91237992
  2071  H    0.85785377    C  668  0.90023684
  2072  H    0.91650560    C  670  0.91908517
  2073  H    0.91945529    C  671  0.92243454
  2074  H    0.92408854    C  672  0.91712521
  2075  H    0.91371602    C  673  0.91390363
  2076  H    0.76391709    O  675  0.74029945
  2077  H    0.84617843    N  676  0.86220912
  2078  H    0.86268021    C  677  0.89235374
  2079  H    0.86654850    C  680  0.89880836
  2080  H    0.86780862    C  680  0.90290618
  2081  H    0.84563900    C  681  0.90200363
  2082  H    0.84547599    C  681  0.89498141
  2083  H    0.84941986    C  682  0.89781315
  2084  H    0.86542971    C  682  0.90563119
  2085  H    0.87682633    C  683  0.91088350
  2086  H    0.86597346    C  683  0.90075640
  2087  H    0.76377122    N  684  0.81293048
  2088  H    0.78403023    N  684  0.82881667
  2089  H    0.77968458    N  684  0.83120223
  2090  H    0.84466518    N  685  0.85790354
  2091  H    0.87297819    C  686  0.89306862
  2092  H    0.84368259    C  689  0.90545131
  2093  H    0.86281168    C  689  0.89434664
  2094  H    0.87540276    C  690  0.88360872
  2095  H    0.86290234    C  690  0.91237824
  2096  H    0.84348580    N  693  0.83563472
  2097  H    0.83127505    N  693  0.84070156
  2098  H    0.84112598    N  694  0.85566854
  2099  H    0.86636712    C  695  0.89310238
  2100  H    0.85004518    C  698  0.89249221
  2101  H    0.85195858    C  698  0.88644150
  2102  H    0.89373851    C  700  0.91831760
  2103  H    0.90831772    C  701  0.90427919
  2104  H    0.90363699    C  702  0.91274296
  2105  H    0.91619834    C  703  0.90860018
  2106  H    0.91526134    C  704  0.91238291
  2107  H    0.83759651    N  705  0.85368827
  2108  H    0.90425350    C  706  0.90725888
  2109  H    0.85635449    C  709  0.89987273
  2110  H    0.85510357    C  709  0.86123178
  2111  H    0.82683054    N  713  0.85950227
  2112  H    0.84812466    C  714  0.87973032
  2113  H    0.87433657    C  717  0.88390927
  2114  H    0.87263823    C  718  0.90417904
  2115  H    0.86567430    C  718  0.90185976
  2116  H    0.84739479    C  718  0.90032540
  2117  H    0.86664578    C  719  0.91223358
  2118  H    0.83040387    C  719  0.90935265
  2119  H    0.85115521    C  719  0.90957172
  2120  H    0.84604733    N  720  0.84671982
  2121  H    0.85789284    C  721  0.87347625
  2122  H    0.85789334    C  724  0.86043925
  2123  H    0.85675417    C  724  0.87763179
  2124  H    0.83350581    N  728  0.84001860
  2125  H    0.82422595    C  729  0.88402706
  2126  H    0.86111716    C  732  0.88263425
  2127  H    0.86474428    C  732  0.89206383
  2128  H    0.83850386    C  733  0.91330352
  2129  H    0.86193646    C  733  0.89712397
  2130  H    0.81670169    C  734  0.90289813
  2131  H    0.86638460    C  734  0.90013415
  2132  H    0.81378755    N  735  0.82868694
  2133  H    0.84175258    N  737  0.84008715
  2134  H    0.80758769    N  737  0.85290353
  2135  H    0.84921961    N  738  0.84355398
  2136  H    0.83003099    N  738  0.82793511
  2137  H    0.89505490    N  739  0.86230132
  2138  H    0.85842320    C  740  0.87129580
  2139  H    0.87055395    C  743  0.88908643
  2140  H    0.85299789    C  743  0.87261407
  2141  H    0.82791108    O  744  0.70830938    Ca1399  0.10853726
  2142  H    0.88519418    N  745  0.86612491
  2143  H    0.86299515    C  746  0.89426369
  2144  H    0.85403004    C  746  0.87866064
  2145  H    0.89865364    N  749  0.88103113
  2146  H    0.85200818    C  750  0.90637095
  2147  H    0.86828104    C  753  0.89094458
  2148  H    0.73137322    O  754  0.73274068
  2149  H    0.87595966    C  755  0.90698640
  2150  H    0.83843646    C  755  0.89800951
  2151  H    0.86992713    C  755  0.92149315
  2152  H    0.82019837    N  756  0.84087619
  2153  H    0.87196206    C  757  0.93677316
  2154  H    0.86960042    C  760  0.89141311
  2155  H    0.86811541    C  761  0.89751323
  2156  H    0.87326270    C  761  0.90788560
  2157  H    0.85360459    C  762  0.90478443
  2158  H    0.86290027    C  762  0.91237087
  2159  H    0.85251523    C  762  0.93078747
  2160  H    0.86429939    C  763  0.91360417
  2161  H    0.85934839    C  763  0.92160003
  2162  H    0.85759304    C  763  0.92924316
  2163  H    0.96848207    N  764  0.85816670    O  787  0.05845566
  2164  H    0.87152649    C  765  0.88761832
  2165  H    0.84685045    C  765  0.90233177
  2166  H    0.82763563    N  768  0.85551683
  2167  H    0.85513651    C  769  0.88275350
  2168  H    0.87572503    C  772  0.91035116
  2169  H    0.85427382    C  772  0.90008823
  2170  H    0.72879694    O  773  0.72919204
  2171  H    0.83695127    N  774  0.84334554
  2172  H    0.86014431    C  775  0.87624332
  2173  H    0.87009434    C  778  0.89618407
  2174  H    0.86901413    C  778  0.89105748
  2175  H    0.70949145    O  779  0.71535401
  2176  H    0.86433164    N  780  0.86564981
  2177  H    0.86891343    C  781  0.89403594
  2178  H    0.84738848    C  784  0.88588541
  2179  H    0.84542654    C  784  0.90114716
  2180  H    0.85580272    C  785  0.87002155
  2181  H    0.85409312    C  785  0.89475401
  2182  H    0.83826862    N  789  0.86995544
  2183  H    0.84159003    C  790  0.90145164
  2184  H    0.83815952    C  793  0.92139117
  2185  H    0.86237665    C  793  0.89478319
  2186  H    0.88137388    C  794  0.89293555
  2187  H    0.85447694    C  795  0.91836159
  2188  H    0.84844697    C  795  0.91550802
  2189  H    0.86757900    C  795  0.91654111
  2190  H    0.85517431    C  796  0.90210272
  2191  H    0.82388231    C  796  0.93577202
  2192  H    0.86777530    C  796  0.90965916
  2193  H    0.85893983    C  798  0.88690124
  2194  H    0.86716380    C  801  0.87944145
  2195  H    0.87705338    C  801  0.90576111
  2196  H    0.87187627    C  802  0.89253438
  2197  H    0.88078912    C  802  0.88312445
  2198  H    0.87220442    C  803  0.89756181
  2199  H    0.82872897    C  803  0.90708226
  2200  H    0.84105805    N  804  0.85165973
  2201  H    0.85905581    C  805  0.89238972
  2202  H    0.86833084    C  805  0.90382615
  2203  H    0.85078682    N  808  0.86491905
  2204  H    0.87964498    C  809  0.90435747
  2205  H    0.85311404    C  812  0.90339306
  2206  H    0.86330300    C  812  0.90806283
  2207  H    0.85937007    C  812  0.91861134
  2208  H    0.85973121    N  813  0.87621239
  2209  H    0.86359204    C  814  0.89694133
  2210  H    0.85659095    C  817  0.90188191
  2211  H    0.86645487    C  817  0.89829592
  2212  H    0.90880321    C  819  0.91934709
  2213  H    0.90876109    C  820  0.91416903
  2214  H    0.90797067    C  821  0.91252162
  2215  H    0.90959567    C  822  0.91393971
  2216  H    0.92763485    C  823  0.91785479
  2217  H    0.85565646    N  824  0.86395689
  2218  H    0.86900533    C  825  0.89335284
  2219  H    0.87688725    C  828  0.89994901
  2220  H    0.86743839    C  828  0.90843732
  2221  H    0.85354941    C  829  0.89918553
  2222  H    0.86033819    C  829  0.89765734
  2223  H    0.85211572    N  833  0.85896400
  2224  H    0.87778186    C  834  0.89413222
  2225  H    0.86963770    C  837  0.90165105
  2226  H    0.85411073    C  837  0.91423355
  2227  H    0.85197511    C  837  0.90807271
  2228  H    0.86004534    N  838  0.86438615
  2229  H    0.87019309    C  839  0.89284262
  2230  H    0.85432445    C  842  0.90714271
  2231  H    0.86291302    C  842  0.89973370
  2232  H    0.85210468    C  842  0.92358060
  2233  H    0.87370432    N  843  0.87834164
  2234  H    0.86535282    C  844  0.90279216
  2235  H    0.86688420    C  844  0.88521311
  2236  H    0.87360058    N  847  0.86396712
  2237  H    0.86913221    C  848  0.92424597
  2238  H    0.85949600    C  851  0.88523167
  2239  H    0.85838944    C  851  0.90266530
  2240  H    0.90388716    C  853  0.91755496
  2241  H    0.91477908    C  854  0.91832643
  2242  H    0.91184954    C  855  0.91214984
  2243  H    0.91620649    C  856  0.91633358
  2244  H    0.90619172    C  857  0.92217082
  2245  H    0.82575297    N  858  0.84806939
  2246  H    0.85839019    C  859  0.91055793
  2247  H    0.85806182    C  862  0.87648600
  2248  H    0.86264462    C  862  0.89100473
  2249  H    0.80572648    N  864  0.81507351
  2250  H    0.92133543    C  865  0.90439300
  2251  H    0.91779529    C  866  0.90170143
  2252  H    0.81613634    N  868  0.84358339
  2253  H    0.86188318    C  869  0.89308871
  2254  H    0.83575692    C  872  0.90161929
  2255  H    0.85731820    C  872  0.89905933
  2256  H    0.86820902    C  873  0.88942781
  2257  H    0.84664142    C  874  0.90117975
  2258  H    0.85083506    C  874  0.90342433
  2259  H    0.85685979    C  874  0.91536053
  2260  H    0.84304003    C  875  0.90409556
  2261  H    0.86644079    C  875  0.91162628
  2262  H    0.85577586    C  875  0.91345774
  2263  H    0.81944592    N  876  0.84881204
  2264  H    0.86252350    C  877  0.88407693
  2265  H    0.86457637    C  880  0.89724582
  2266  H    0.85634163    C  880  0.87391947
  2267  H    0.83107242    N  883  0.83123617
  2268  H    0.83021959    N  883  0.83703434
  2269  H    0.81889226    N  884  0.84756277
  2270  H    0.84444754    C  885  0.88142395
  2271  H    0.86345195    C  888  0.90281431
  2272  H    0.86319367    C  888  0.88486590
  2273  H    0.87223248    C  889  0.87589850
  2274  H    0.86293006    C  889  0.89291858
  2275  H    0.82775926    N  893  0.84285133
  2276  H    0.85322771    C  894  0.88582602
  2277  H    0.84810243    C  897  0.88428606
  2278  H    0.85150448    C  897  0.87731503
  2279  H    0.79372333    N  899  0.80348652
  2280  H    0.92583941    C  900  0.89683313
  2281  H    0.91359525    C  901  0.89589573
  2282  H    0.84437555    N  903  0.85946798
  2283  H    0.83390370    C  904  0.90431597
  2284  H    0.83164696    C  907  0.88561881
  2285  H    0.83660136    C  907  0.90653512
  2286  H    0.86490294    C  908  0.87637093
  2287  H    0.87280206    C  909  0.90876940
  2288  H    0.85037506    C  909  0.89968309
  2289  H    0.84337226    C  909  0.91681728
  2290  H    0.87098675    C  910  0.90768185
  2291  H    0.85450000    C  910  0.91018017
  2292  H    0.84409000    C  910  0.91796016
  2293  H    0.86060477    N  911  0.86605537
  2294  H    0.84665588    C  912  0.89658213
  2295  H    0.85831951    C  915  0.87887169
  2296  H    0.86085429    C  915  0.90968919
  2297  H    0.89202359    C  917  0.90078556
  2298  H    0.90768944    C  918  0.91040980
  2299  H    0.90049990    C  919  0.90245308
  2300  H    0.91780782    C  920  0.90951554
  2301  H    0.71382298    O  922  0.72577905
  2302  H    0.85143911    N  923  0.86367391
  2303  H    0.86565819    C  924  0.88746765
  2304  H    0.87104758    C  927  0.89584833
  2305  H    0.86008396    C  927  0.90526875
  2306  H    0.72316647    O  928  0.73395385
  2307  H    0.83448899    N  929  0.85503354
  2308  H    0.86020342    C  930  0.90439738
  2309  H    0.84829700    C  933  0.91358958
  2310  H    0.86196729    C  933  0.88956613
  2311  H    0.86199653    C  934  0.87659233
  2312  H    0.86463224    C  934  0.87703505
  2313  H    0.85350198    C  936  0.88301859
  2314  H    0.86752869    C  936  0.89704668
  2315  H    0.84389619    C  936  0.89331009
  2316  H    0.85444936    N  937  0.86315217
  2317  H    0.86405933    C  938  0.90374435
  2318  H    0.86926040    C  941  0.89638684
  2319  H    0.85926834    C  942  0.88980265
  2320  H    0.86028991    C  942  0.91266066
  2321  H    0.85540764    C  943  0.90241979
  2322  H    0.85232668    C  943  0.91160791
  2323  H    0.85620442    C  943  0.92450570
  2324  H    0.86223358    C  944  0.90404689
  2325  H    0.85795341    C  944  0.92134662
  2326  H    0.86275472    C  944  0.92238228
  2327  H    0.85418654    N  945  0.86332358
  2328  H    0.84703149    C  946  0.90391614
  2329  H    0.87312929    C  949  0.89378683
  2330  H    0.87211249    C  950  0.89389851
  2331  H    0.85350765    C  950  0.89865572
  2332  H    0.87246960    C  951  0.90584045
  2333  H    0.86418941    C  951  0.90942053
  2334  H    0.83158571    C  951  0.91823263
  2335  H    0.83471276    C  952  0.92243557
  2336  H    0.85672744    C  952  0.91984435
  2337  H    0.83606603    C  952  0.92261414
  2338  H    0.84234758    N  953  0.85852537
  2339  H    0.86044819    C  954  0.89319050
  2340  H    0.85910313    C  957  0.89687514
  2341  H    0.84963691    C  957  0.89884362
  2342  H    0.86708829    C  958  0.89395522
  2343  H    0.86652052    C  958  0.89103554
  2344  H    0.86457193    C  959  0.89390298
  2345  H    0.84032437    C  959  0.92296143
  2346  H    0.82857661    N  960  0.84181818
  2347  H    0.82379266    N  962  0.83016688
  2348  H    0.81389882    N  962  0.84374578
  2349  H    0.82965762    N  963  0.82895804
  2350  H    0.83073046    N  963  0.83642171
  2351  H    0.84122601    N  964  0.85773671
  2352  H    0.86309081    C  965  0.90461311
  2353  H    0.85697963    C  968  0.88940524
  2354  H    0.87212555    C  968  0.89662802
  2355  H    0.85994987    C  969  0.90941256
  2356  H    0.86542658    C  969  0.89358070
  2357  H    0.86714692    C  970  0.90571821
  2358  H    0.86019436    C  970  0.91779041
  2359  H    0.84016612    N  971  0.85065610
  2360  H    0.83692264    N  973  0.83749000
  2361  H    0.85975293    N  973  0.86304077
  2362  H    0.84167311    N  974  0.83765561
  2363  H    0.84765388    N  974  0.84600419
  2364  H    0.87946131    N  975  0.86961575
  2365  H    0.87423846    C  976  0.89575440
  2366  H    0.85916398    C  979  0.89753069
  2367  H    0.85006670    C  979  0.92029712
  2368  H    0.90929688    C  981  0.91433523
  2369  H    0.91302078    C  982  0.90326960
  2370  H    0.92679560    C  983  0.90844745
  2371  H    0.91913334    C  984  0.90892551
  2372  H    0.71043216    O  986  0.72638512
  2373  H    0.86573562    N  987  0.87125073
  2374  H    0.87074238    C  988  0.90619515
  2375  H    0.86706854    C  991  0.90576903
  2376  H    0.86085347    C  991  0.92151111
  2377  H    0.70119553    O  992  0.74981639
  2378  H    0.92028181    N  993  0.85275108
  2379  H    0.86598880    C  994  0.88378113
  2380  H    0.86070544    C  997  0.87807126
  2381  H    0.86275644    C  997  0.88944622
  2382  H    0.79801224    N 1001  0.86473492
  2383  H    0.85189813    C 1002  0.88093347
  2384  H    0.86178691    C 1005  0.88719888
  2385  H    0.86379378    C 1005  0.89120505
  2386  H    0.86900692    C 1006  0.89170659
  2387  H    0.84105531    C 1006  0.88686699
  2388  H    0.83060868    N 1010  0.84287407
  2389  H    0.85600030    C 1011  0.87957060
  2390  H    0.86012881    C 1011  0.89038708
  2391  H    0.88537717    N 1014  0.86340401
  2392  H    0.85795100    C 1015  0.89885517
  2393  H    0.84755472    C 1015  0.87900264
  2394  H    0.91809034    N 1018  0.87366498
  2395  H    0.86113306    C 1019  0.91835253
  2396  H    0.85945931    C 1022  0.87129142
  2397  H    0.86626518    C 1022  0.92351109
  2398  H    0.85865124    N 1025  0.84544128
  2399  H    0.83881523    N 1025  0.84265945
  2400  H    0.85166319    N 1026  0.86020057
  2401  H    0.86811750    C 1027  0.93320376
  2402  H    0.87266930    C 1030  0.91356868
  2403  H    0.85464997    C 1030  0.92311482
  2404  H    0.87031877    C 1031  0.89604380
  2405  H    0.87546595    C 1031  0.89114990
  2406  H    0.86040932    C 1033  0.89816030
  2407  H    0.84791949    C 1033  0.91666501
  2408  H    0.85258004    C 1033  0.91389419
  2409  H    0.88138118    N 1034  0.87511491
  2410  H    0.86734431    C 1035  0.89748718
  2411  H    0.85818699    C 1038  0.89011463
  2412  H    0.84798009    C 1038  0.88163196
  2413  H    0.85577276    N 1042  0.87623500
  2414  H    0.87042962    C 1043  0.91352721
  2415  H    0.86018480    C 1046  0.92230701
  2416  H    0.87449129    C 1046  0.89724611
  2417  H    0.91975798    C 1048  0.92113344
  2418  H    0.91662366    C 1049  0.91406791
  2419  H    0.90263630    C 1050  0.92172433
  2420  H    0.91730118    C 1051  0.91154106
  2421  H    0.91782346    C 1052  0.91396769
  2422  H    0.87180579    N 1053  0.86902478
  2423  H    0.86695436    C 1054  0.89776534
  2424  H    0.86883615    C 1057  0.87510298
  2425  H    0.85902609    C 1057  0.88891753
  2426  H    0.89802055    N 1061  0.88631206
  2427  H    0.86628224    C 1062  0.91224334
  2428  H    0.85126945    C 1065  0.88671470
  2429  H    0.85913144    C 1065  0.88565742
  2430  H    0.94595480    N 1068  0.90500614
  2431  H    0.90946094    N 1068  0.88781468
  2432  H    0.88054077    N 1069  0.88030256
  2433  H    0.91515585    C 1070  0.92638075
  2434  H    0.87270281    C 1073  0.91737826
  2435  H    0.87287847    C 1073  0.90862866
  2436  H    0.91739103    C 1075  0.91737342
  2437  H    0.93109634    C 1076  0.91816427
  2438  H    0.91343103    C 1077  0.92365462
  2439  H    0.91610694    C 1078  0.91642877
  2440  H    0.92122028    C 1079  0.91485817
  2441  H    0.88300390    N 1080  0.88262730
  2442  H    0.87297880    C 1081  0.91595992
  2443  H    0.88497612    C 1084  0.90359029
  2444  H    0.87441785    C 1085  0.90929761
  2445  H    0.87637885    C 1085  0.91655354
  2446  H    0.87019065    C 1086  0.91058551
  2447  H    0.87400022    C 1086  0.92107931
  2448  H    0.85586089    C 1086  0.92707089
  2449  H    0.86909395    C 1087  0.91783319
  2450  H    0.85662154    C 1087  0.92843465
  2451  H    0.85548240    C 1087  0.92869962
  2452  H    0.87786406    N 1088  0.87496386
  2453  H    0.88888088    C 1089  0.90660048
  2454  H    0.87525664    C 1092  0.91265569
  2455  H    0.87779313    C 1092  0.90727652
  2456  H    0.75637396    O 1093  0.75918056
  2457  H    0.89279802    N 1094  0.88054958
  2458  H    0.89841681    C 1095  0.91638009
  2459  H    0.88083356    C 1098  0.90176807
  2460  H    0.88547341    C 1098  0.89427736
  2461  H    0.93339541    S 1099  0.87301583
  2462  H    0.86794975    N 1100  0.87194018
  2463  H    0.86188979    C 1101  0.92305722
  2464  H    0.88259610    C 1104  0.91099129
  2465  H    0.87813959    C 1104  0.90771424
  2466  H    0.89244118    C 1105  0.89896553
  2467  H    0.87695820    C 1106  0.91616555
  2468  H    0.87205595    C 1106  0.91541927
  2469  H    0.88072222    C 1106  0.92676600
  2470  H    0.87478474    C 1107  0.91617589
  2471  H    0.86557796    C 1107  0.92864064
  2472  H    0.84957406    C 1107  0.92817763
  2473  H    0.87959849    N 1108  0.87319551
  2474  H    0.88007988    C 1109  0.91190632
  2475  H    0.88598117    C 1112  0.90760909
  2476  H    0.86383572    C 1113  0.91023384
  2477  H    0.85807612    C 1113  0.92519628
  2478  H    0.87767319    C 1113  0.92159262
  2479  H    0.87466990    C 1114  0.92277775
  2480  H    0.86192068    C 1114  0.93375961
  2481  H    0.86297939    C 1114  0.93047529
  2482  H    0.86649951    N 1115  0.87399564
  2483  H    0.87056063    C 1116  0.90513515
  2484  H    0.87073570    C 1119  0.90928781
  2485  H    0.86613885    C 1119  0.89744764
  2486  H    0.84828823    C 1120  0.92523952
  2487  H    0.87430893    C 1120  0.90455914
  2488  H    0.85843133    C 1121  0.91014808
  2489  H    0.85981333    C 1121  0.91832120
  2490  H    0.84803173    N 1122  0.85588081
  2491  H    0.90308013    N 1124  0.86727342
  2492  H    0.81866647    N 1124  0.85765484
  2493  H    0.87245490    N 1125  0.85840209
  2494  H    0.85730691    N 1125  0.85607195
  2495  H    0.89154933    N 1126  0.87052914
  2496  H    0.86745665    C 1127  0.90986303
  2497  H    0.85664539    C 1130  0.90952466
  2498  H    0.86522439    C 1130  0.90278163
  2499  H    0.87748265    C 1131  0.89983128
  2500  H    0.86702102    C 1132  0.91197760
  2501  H    0.86036389    C 1132  0.91559423
  2502  H    0.86909131    C 1132  0.91341634
  2503  H    0.86056088    C 1133  0.91311663
  2504  H    0.85160532    C 1133  0.92045743
  2505  H    0.85595799    C 1133  0.91233137
  2506  H    0.88657570    N 1134  0.86824043
  2507  H    0.87335146    C 1135  0.91255556
  2508  H    0.87643310    C 1138  0.91748204
  2509  H    0.86109399    C 1138  0.90228279
  2510  H    0.86208720    N 1142  0.86591014
  2511  H    0.87588836    C 1143  0.91007922
  2512  H    0.87381572    C 1146  0.91233317
  2513  H    0.85715167    C 1146  0.91781007
  2514  H    0.86953200    C 1146  0.92072872
  2515  H    0.86866348    N 1147  0.86335627
  2516  H    0.89348337    C 1148  0.91111741
  2517  H    0.87947070    C 1151  0.90224680
  2518  H    0.86897149    C 1151  0.89697105
  2519  H    0.87059586    C 1152  0.87974982
  2520  H    0.85638090    C 1152  0.88627698
  2521  H    0.86791253    C 1154  0.88986054
  2522  H    0.85957814    C 1154  0.89619335
  2523  H    0.85614981    C 1154  0.89234481
  2524  H    0.85685529    N 1155  0.86543049
  2525  H    0.87476766    C 1156  0.90202579
  2526  H    0.86236359    C 1159  0.89317560
  2527  H    0.84845239    C 1159  0.90226925
  2528  H    0.90551413    C 1161  0.91369024
  2529  H    0.89859396    C 1162  0.90921947
  2530  H    0.92569659    C 1163  0.90770496
  2531  H    0.89668555    C 1164  0.91130852
  2532  H    0.91660269    C 1165  0.90889407
  2533  H    0.84651493    N 1166  0.85386987
  2534  H    0.86172230    C 1167  0.89877556
  2535  H    0.86932834    C 1170  0.89665904
  2536  H    0.86405290    C 1170  0.89976120
  2537  H    0.86445092    C 1171  0.90185979
  2538  H    0.87813898    C 1171  0.89817065
  2539  H    0.87185755    C 1172  0.89683149
  2540  H    0.84875113    C 1172  0.94019172
  2541  H    0.86895113    N 1173  0.86095046
  2542  H    0.84595710    N 1175  0.84555833
  2543  H    0.84038674    N 1175  0.86845057
  2544  H    0.85345700    N 1176  0.85177543
  2545  H    0.84309847    N 1176  0.84440612
  2546  H    0.84897559    N 1177  0.85547806
  2547  H    0.86870958    C 1178  0.89791131
  2548  H    0.86605702    C 1181  0.90540418
  2549  H    0.86808839    C 1181  0.89808810
  2550  H    0.86497781    C 1181  0.91354673
  2551  H    0.83605191    N 1182  0.84968142
  2552  H    0.86169237    C 1183  0.89442320
  2553  H    0.85201847    C 1186  0.89392986
  2554  H    0.85218337    C 1186  0.88634826
  2555  H    0.89799013    C 1188  0.90103328
  2556  H    0.90434929    C 1189  0.90055256
  2557  H    0.90705189    C 1190  0.90407296
  2558  H    0.91222980    C 1191  0.90113692
  2559  H    0.89781943    C 1192  0.91516338
  2560  H    0.82959462    N 1193  0.85194321
  2561  H    0.85538814    C 1194  0.88557128
  2562  H    0.86563054    C 1197  0.89074351
  2563  H    0.85209308    C 1197  0.89543265
  2564  H    0.84744752    C 1198  0.89434103
  2565  H    0.87000358    C 1198  0.89618420
  2566  H    0.87551690    C 1199  0.89999212
  2567  H    0.85168088    C 1199  0.89317223
  2568  H    0.84337360    C 1200  0.90523083
  2569  H    0.87590853    C 1200  0.90946087
  2570  H    0.76645394    N 1201  0.80876572
  2571  H    0.76223208    N 1201  0.81445178
  2572  H    0.78313832    N 1201  0.82980630
  2573  H    0.83518333    N 1202  0.84848420
  2574  H    0.84205124    C 1203  0.89410044
  2575  H    0.86347995    C 1206  0.88824202
  2576  H    0.86841467    C 1206  0.89210373
  2577  H    0.70376248    O 1207  0.73037868
  2578  H    0.82760593    N 1208  0.85153878
  2579  H    0.84337712    C 1209  0.89196658
  2580  H    0.83223350    C 1212  0.89550059
  2581  H    0.83493073    C 1212  0.89680700
  2582  H    0.87791445    C 1213  0.88629751
  2583  H    0.87121356    C 1214  0.90558068
  2584  H    0.85351393    C 1214  0.91148692
  2585  H    0.85936582    C 1214  0.89996620
  2586  H    0.85433831    C 1215  0.90108761
  2587  H    0.85288155    C 1215  0.90044448
  2588  H    0.84573204    C 1215  0.90284879
  2589  H    0.84551359    N 1216  0.85762302
  2590  H    0.86571780    C 1217  0.89105415
  2591  H    0.85670056    C 1220  0.89927482
  2592  H    0.84381817    C 1220  0.87878503
  2593  H    0.80864392    N 1224  0.84217478
  2594  H    0.83402859    C 1225  0.88194109
  2595  H    0.83909088    C 1228  0.89655447
  2596  H    0.86354246    C 1228  0.89041584
  2597  H    0.86103527    C 1229  0.89067246
  2598  H    0.83493549    C 1229  0.89082616
  2599  H    0.81932559    C 1230  0.88236153
  2600  H    0.84123507    C 1230  0.89907800
  2601  H    0.86367091    C 1231  0.90295762
  2602  H    0.86423023    C 1231  0.89310525
  2603  H    0.76457162    N 1232  0.81027492
  2604  H    0.76869470    N 1232  0.81384724
  2605  H    0.75410479    N 1232  0.82340543
  2606  H    0.81431097    N 1233  0.83944157
  2607  H    0.85282593    C 1234  0.87975172
  2608  H    0.86203316    C 1237  0.87128319
  2609  H    0.85249026    C 1237  0.88915009
  2610  H    0.82935862    N 1241  0.84724891
  2611  H    0.85720495    C 1242  0.89538699
  2612  H    0.83929424    C 1242  0.86978907
  2613  H    0.84432121    N 1245  0.84949093
  2614  H    0.85435158    C 1246  0.87358721
  2615  H    0.86320976    C 1249  0.87999946
  2616  H    0.71989687    O 1250  0.72891147
  2617  H    0.87221090    C 1251  0.89885109
  2618  H    0.87069615    C 1251  0.89853789
  2619  H    0.84255215    C 1251  0.90889020
  2620  H    0.83036708    N 1252  0.84303766
  2621  H    0.85491962    C 1253  0.88782815
  2622  H    0.84870663    C 1253  0.87118918
  2623  H    0.83368440    N 1256  0.84717976
  2624  H    0.83935494    C 1257  0.89914424
  2625  H    0.85228431    C 1260  0.88252662
  2626  H    0.86421884    C 1260  0.89337266
  2627  H    0.85515749    C 1261  0.89737585
  2628  H    0.84918909    C 1261  0.87738445
  2629  H    0.84348439    N 1264  0.83170451
  2630  H    0.82662379    N 1264  0.83112894
  2631  H    0.80497413    N 1265  0.83969927
  2632  H    0.85475174    C 1266  0.89022817
  2633  H    0.85325608    C 1269  0.87642625
  2634  H    0.85771666    C 1270  0.89335344
  2635  H    0.84459299    C 1270  0.90606675
  2636  H    0.83242852    C 1271  0.90192797
  2637  H    0.83945933    C 1271  0.91160023
  2638  H    0.85468461    C 1271  0.91464884
  2639  H    0.86886034    C 1272  0.90024661
  2640  H    0.85093588    C 1272  0.90630946
  2641  H    0.83131737    C 1272  0.91052540
  2642  H    0.80841063    N 1273  0.82974682
  2643  H    0.85358532    C 1274  0.90551041
  2644  H    0.86167971    C 1277  0.89352711
  2645  H    0.86517148    C 1277  0.88715178
  2646  H    0.86074598    C 1278  0.90415043
  2647  H    0.85967018    C 1278  0.87295075
  2648  H    0.84516392    N 1281  0.83182569
  2649  H    0.82602492    N 1281  0.83283700
  2650  H    0.80630113    N 1282  0.83709642
  2651  H    0.84581018    C 1283  0.89578463
  2652  H    0.83963659    C 1286  0.88563397
  2653  H    0.85111272    C 1287  0.89002158
  2654  H    0.85594655    C 1287  0.89308008
  2655  H    0.85460816    C 1287  0.90690642
  2656  H    0.84448248    C 1288  0.89568232
  2657  H    0.85904617    C 1288  0.91402842
  2658  H    0.85063321    C 1288  0.90076787
  2659  H    0.85276327    N 1289  0.84355961
  2660  H    0.85605175    C 1290  0.87740710
  2661  H    0.85998629    C 1293  0.89864042
  2662  H    0.85194306    C 1293  0.87123817
  2663  H    0.82744635    N 1296  0.82974775
  2664  H    0.82523805    N 1296  0.83647078
  2665  H    0.80570367    N 1297  0.84081791
  2666  H    0.82056398    C 1298  0.88301949
  2667  H    0.86246133    C 1301  0.87578495
  2668  H    0.83164180    C 1302  0.88533172
  2669  H    0.85640756    C 1302  0.88531894
  2670  H    0.86282918    C 1303  0.90150363
  2671  H    0.85225504    C 1303  0.89572520
  2672  H    0.83850338    C 1303  0.90071373
  2673  H    0.85801321    C 1304  0.88939645
  2674  H    0.82377010    C 1304  0.89898751
  2675  H    0.86750609    C 1304  0.90518645
  2676  H    0.81274154    N 1305  0.84492753
  2677  H    0.84303914    C 1306  0.88239693
  2678  H    0.84194154    C 1309  0.89952875
  2679  H    0.85871114    C 1309  0.89409864
  2680  H    0.84271426    C 1310  0.88879939
  2681  H    0.85511658    C 1310  0.87223142
  2682  H    0.84039852    N 1313  0.82950412
  2683  H    0.80788455    N 1313  0.83878300
  2684  H    0.83349102    N 1314  0.85568962
  2685  H    0.85727876    C 1315  0.88539571
  2686  H    0.85283417    C 1318  0.87745223
  2687  H    0.83804655    C 1318  0.90833147
  2688  H    0.85138965    C 1319  0.89868529
  2689  H    0.86691810    C 1319  0.89995134
  2690  H    0.84071696    N 1323  0.85975325
  2691  H    0.84939150    C 1324  0.88367004
  2692  H    0.83896554    C 1327  0.90123055
  2693  H    0.84392334    C 1327  0.87835231
  2694  H    0.90088812    C 1329  0.90492738
  2695  H    0.81774308    N 1331  0.81142173
  2696  H    0.89298632    C 1333  0.89626571
  2697  H    0.91297452    C 1334  0.89245592
  2698  H    0.91153409    C 1335  0.89551217
  2699  H    0.90880766    C 1336  0.89340751
  2700  H    0.83384990    N 1337  0.85610219
  2701  H    0.82399792    C 1338  0.89657073
  2702  H    0.84884531    C 1341  0.88273589
  2703  H    0.84938807    C 1341  0.88751022
  2704  H    0.84417157    C 1342  0.88538680
  2705  H    0.86355384    C 1343  0.89603262
  2706  H    0.85836437    C 1343  0.89272913
  2707  H    0.86533663    C 1343  0.90669372
  2708  H    0.86356079    C 1344  0.90064354
  2709  H    0.85765519    C 1344  0.90260979
  2710  H    0.82771429    C 1344  0.89776439
  2711  H    0.83230713    N 1345  0.85381210
  2712  H    0.86736296    C 1346  0.88846584
  2713  H    0.85000902    C 1349  0.89754828
  2714  H    0.85309003    C 1349  0.90893109
  2715  H    0.85055656    C 1350  0.88941764
  2716  H    0.86964081    C 1350  0.87085903
  2717  H    0.84467375    N 1353  0.83426686
  2718  H    0.83032964    N 1353  0.85429648
  2719  H    0.85048514    N 1354  0.86505611
  2720  H    0.84330363    C 1355  0.89621521
  2721  H    0.85542457    C 1358  0.88896070
  2722  H    0.85572793    C 1358  0.89731712
  2723  H    0.87314057    C 1359  0.88951349
  2724  H    0.85611283    C 1360  0.90175718
  2725  H    0.85645110    C 1360  0.89930048
  2726  H    0.86619097    C 1360  0.90400285
  2727  H    0.87070667    C 1361  0.90518950
  2728  H    0.85700353    C 1361  0.90599701
  2729  H    0.85276711    C 1361  0.90642035
  2730  H    0.86027907    N 1362  0.86653800
  2731  H    0.85322537    C 1363  0.88342608
  2732  H    0.87271585    C 1366  0.88727962
  2733  H    0.71589371    O 1367  0.73122789
  2734  H    0.86476072    C 1368  0.90882409
  2735  H    0.86579466    C 1368  0.90038422
  2736  H    0.86003061    C 1368  0.91075881
  2737  H    0.85182136    N 1369  0.85907527
  2738  H    0.87638695    C 1370  0.90083664
  2739  H    0.85580805    C 1373  0.89646533
  2740  H    0.85433400    C 1373  0.89595913
  2741  H    0.85981141    C 1374  0.87151868
  2742  H    0.84933691    C 1374  0.87069468
  2743  H    0.86352259    C 1376  0.88400451
  2744  H    0.86524768    C 1376  0.88905261
  2745  H    0.84987411    C 1376  0.88397421
  2746  H    0.83921526    N 1377  0.85094793
  2747  H    0.86113955    C 1378  0.91406325
  2748  H    0.85527349    C 1381  0.90460778
  2749  H    0.87282712    C 1381  0.89112495
  2750  H    0.90940183    C 1383  0.90137465
  2751  H    0.90745850    C 1384  0.91168715
  2752  H    0.90384511    C 1385  0.91163467
  2753  H    0.92584711    C 1386  0.90429469
  2754  H    0.76288222    O 1388  0.71363473
  2755  H    0.86393818    N 1389  0.86991099
  2756  H    0.87720441    C 1390  0.88475861
  2757  H    0.87215617    C 1393  0.90483014
  2758  H    0.83132308    C 1393  0.91953340
  2759  H    0.74158233    O 1394  0.74530333
  2760  H    0.65358601    O 1400  0.63613445
  2761  H    0.81052054    O 1400  0.67519538    O  143  0.09038417
  2762  H    0.77047355    O 1401  0.69183972    H 1931  0.07441347
  2763  H    0.75935846    O 1401  0.73828936
  2764  H    0.99501719    O 1402  0.71867097    Ca1397  0.21395507
  2765  H    0.80413067    O 1402  0.66592885    O  463  0.07304578
  2766  H    0.76250685    O 1403  0.72624458
  2767  H    0.72007923    O 1403  0.74949480
  2768  H    0.72352926    O 1404  0.73262537
  2769  H    0.74025307    O 1404  0.75676100
  2770  H    0.75333169    O 1405  0.76103281
  2771  H    0.73524285    O 1405  0.73724872
  2772  H    0.74343972    O 1406  0.72776267
  2773  H    0.69361347    O 1406  0.73652191
  2774  H    0.75494225    O 1407  0.72897609
  2775  H    0.72164260    O 1407  0.73595133
  2776  H    0.73818537    O 1408  0.71993677
  2777  H    0.75735562    O 1408  0.73552280
  2778  H    0.76123381    O 1409  0.74916927
  2779  H    0.74639242    O 1409  0.74057544
  2780  H    0.73499332    O 1410  0.74099617
  2781  H    0.71364034    O 1410  0.75497599
  2782  H    0.80893965    N  294  0.81184485
dipole moment  X         Y          Z
      -78.177209     -206.720741     -182.429836  total     (au/Debye)      :   286.5760   728.4188
second moment  X^2       Y^2        Z^2
     7730.944609    28833.100980     2809.218806  average   (au)            : 13124.4215
cpu  time for all   21 h 15 m 51.0 s
wall time for all    0 h 23 m  9.0 s
