 
       ==============================================
       |                 P T B                      |
       |                S.Grimme                    |
       |          Universitaet Bonn, MCTC           |
       ==============================================
       Version 3.7, Do 28. Apr 14:28:45 CEST 2022
 
       Cite work conducted with this code as
       S. Grimme, M. Mueller, A. Hansen, unpublished.
 
 filter  1.000000000000000E-003
 ../../../../.atompara                                                                                                                                                                                                                                           
          =========================
          reading ... ../../../../systems/1ooj.xyz
          =========================
 basis read done.
 ncao                  20997
 nsao                  19875
 npr                   55214
 basis setup done. Ndim                 19875
 coreat                   1122
 cncao                    1174
 cnsao                    1174
 cnpr                     7044
 
 nalpha                   3132
 nbeta                    3131
 ntotal                   6263
 nopen                       1
cpu  time for startup and initial S    7.09 s
wall time for startup and initial S    7.00 s
               -----------------------
               |      PTB  model      |
               | SG, MM, AH 2020-2022 |
               -----------------------
 prop :                     1
 PA setup with Mull-Loew partitioning   0.333333 ...
 done.
EEQ done. sum q :   -0.000
    atom   Zeff  qEEQ  mod   srCN   noHCN   CN(EEQ)
    1    7  5.0     0.086   3.815   0.224   3.990
    2    6  4.0    -0.048   4.261   0.221   3.980
    3    6  4.0    -0.071   3.674   0.566   3.008
    4    8  6.0    -0.070   2.326   0.294   1.607
    5    6  4.0    -0.035   3.926   0.239   3.974
    6    8  6.0    -0.056   1.990   0.178   1.986
    7    6  4.0    -0.080   3.699   0.063   3.978
    8    7  5.0    -0.022   3.703   0.390   3.007
    9    6  4.0    -0.018   4.263   0.242   3.991
   10    6  4.0    -0.045   3.531   0.554   3.009
   11    8  6.0    -0.111   1.393   0.283   1.003
   12    6  4.0    -0.051   4.018   0.113   3.983
   13    6  4.0    -0.038   3.810   0.113   3.977
   14    6  4.0    -0.002   2.785   0.585   2.994
   15    8  6.0    -0.099   1.259   0.267   1.001
   16    8  6.0    -0.098   1.206   0.267   1.001
   17    7  5.0    -0.001   3.667   0.387   3.005
   18    6  4.0    -0.018   4.355   0.245   3.994
   19    6  4.0    -0.043   3.776   0.563   3.013
   20    8  6.0    -0.112   1.704   0.286   1.003
   21    6  4.0    -0.051   4.031   0.114   3.984
   22    6  4.0    -0.036   3.855   0.116   3.978
   23    6  4.0     0.001   2.891   0.592   2.995
   24    8  6.0    -0.097   1.280   0.270   1.001
   25    8  6.0    -0.093   1.235   0.270   1.001
   26    7  5.0     0.005   3.997   0.392   3.012
   27    6  4.0    -0.010   4.608   0.247   4.204
   28    6  4.0    -0.073   4.242   0.980   3.251
   29    8  6.0    -0.081   1.845   0.311   1.256
   30    6  4.0    -0.056   4.087   0.113   3.983
   31    6  4.0    -0.042   3.972   0.121   3.983
   32    6  4.0    -0.041   3.106   0.566   2.997
   33    8  6.0    -0.101   1.385   0.287   1.004
   34    7  5.0    -0.049   2.866   0.295   3.002
   35    7  5.0     0.113   4.460   0.820   3.467
   36    6  4.0    -0.023   4.739   0.235   4.194
   37    6  4.0    -0.049   3.800   0.562   3.009
   38    8  6.0    -0.125   1.635   0.289   1.003
   39    6  4.0    -0.041   4.182   0.156   3.977
   40    6  4.0    -0.061   3.837   0.116   3.981
   41    6  4.0    -0.079   3.756   0.062   3.981
   42    6  4.0    -0.091   3.831   0.066   3.989
   43    7  5.0     0.004   3.784   0.389   3.008
   44    6  4.0    -0.019   4.150   0.252   3.995
   45    6  4.0    -0.042   3.568   0.559   3.013
   46    8  6.0    -0.114   1.455   0.283   1.003
   47    6  4.0    -0.079   3.661   0.068   3.985
   48    7  5.0     0.015   3.799   0.391   3.008
   49    6  4.0    -0.022   4.283   0.250   3.996
   50    6  4.0    -0.045   3.572   0.563   3.013
   51    8  6.0    -0.115   1.481   0.289   1.003
   52    6  4.0    -0.053   4.091   0.124   3.989
   53    6  4.0    -0.039   3.893   0.126   3.981
   54    6  4.0    -0.000   2.792   0.594   2.997
   55    8  6.0    -0.094   1.263   0.269   1.001
   56    8  6.0    -0.088   1.217   0.270   1.001
   57    7  5.0     0.015   3.793   0.389   3.007
   58    6  4.0    -0.020   4.385   0.245   3.996
   59    6  4.0    -0.046   3.607   0.567   3.014
   60    8  6.0    -0.122   1.559   0.291   1.003
   61    6  4.0    -0.043   4.131   0.125   3.992
   62    6  4.0    -0.040   3.685   0.297   3.023
   63    6  4.0    -0.067   3.525   0.235   3.031
   64    6  4.0    -0.067   3.467   0.233   3.032
   65    6  4.0    -0.069   3.253   0.234   3.023
   66    6  4.0    -0.069   3.233   0.234   3.023
   67    6  4.0    -0.068   3.263   0.235   3.024
   68    7  5.0     0.009   3.821   0.394   3.010
   69    6  4.0    -0.020   4.311   0.253   3.998
   70    6  4.0    -0.043   3.595   0.569   3.016
   71    8  6.0    -0.115   1.458   0.289   1.003
   72    6  4.0    -0.057   4.063   0.123   3.989
   73    6  4.0    -0.061   3.934   0.123   3.982
   74    6  4.0    -0.061   3.771   0.119   3.981
   75    6  4.0    -0.084   3.722   0.177   3.979
   76    7  5.0     0.078   3.404   0.225   3.987
   77    7  5.0     0.010   3.785   0.394   3.008
   78    6  4.0    -0.021   4.304   0.253   3.998
   79    6  4.0    -0.044   3.584   0.561   3.013
   80    8  6.0    -0.118   1.546   0.284   1.003
   81    6  4.0    -0.054   4.091   0.122   3.988
   82    6  4.0    -0.040   3.887   0.126   3.982
   83    6  4.0    -0.001   2.796   0.596   2.998
   84    8  6.0    -0.094   1.266   0.270   1.001
   85    8  6.0    -0.089   1.217   0.269   1.001
   86    7  5.0     0.012   3.726   0.391   3.012
   87    6  4.0    -0.021   4.161   0.253   3.997
   88    6  4.0    -0.043   3.623   0.568   3.015
   89    8  6.0    -0.114   1.467   0.291   1.003
   90    6  4.0    -0.081   3.662   0.068   3.985
   91    7  5.0     0.009   3.736   0.392   3.007
   92    6  4.0    -0.018   4.301   0.242   3.992
   93    6  4.0    -0.039   3.716   0.563   3.008
   94    8  6.0    -0.115   1.635   0.288   1.003
   95    6  4.0    -0.042   4.155   0.120   3.988
   96    6  4.0    -0.036   3.688   0.286   3.018
   97    6  4.0    -0.064   3.478   0.227   3.026
   98    6  4.0    -0.071   3.467   0.228   3.026
   99    6  4.0    -0.068   3.224   0.228   3.019
  100    6  4.0    -0.070   3.270   0.227   3.019
  101    6  4.0    -0.067   3.225   0.228   3.021
  102    7  5.0     0.011   3.722   0.391   3.006
  103    6  4.0    -0.020   4.238   0.244   3.993
  104    6  4.0    -0.043   3.653   0.563   3.008
  105    8  6.0    -0.094   1.401   0.286   1.003
  106    6  4.0    -0.054   3.771   0.206   3.982
  107    8  6.0    -0.043   1.849   0.191   1.989
  108    7  5.0     0.013   3.812   0.393   3.007
  109    6  4.0    -0.021   4.283   0.242   3.991
  110    6  4.0    -0.042   3.493   0.562   3.008
  111    8  6.0    -0.116   1.474   0.290   1.003
  112    6  4.0    -0.056   4.195   0.111   3.988
  113    6  4.0    -0.038   3.921   0.168   3.976
  114    6  4.0    -0.081   3.590   0.064   3.982
  115    6  4.0    -0.081   3.619   0.064   3.982
  116    7  5.0     0.024   3.725   0.387   3.005
  117    6  4.0    -0.020   4.319   0.242   3.993
  118    6  4.0    -0.045   3.508   0.570   3.009
  119    8  6.0    -0.119   1.485   0.294   1.004
  120    6  4.0    -0.044   4.168   0.123   3.991
  121    6  4.0    -0.042   3.646   0.292   3.023
  122    6  4.0    -0.071   3.456   0.235   3.029
  123    6  4.0    -0.067   3.426   0.233   3.029
  124    6  4.0    -0.073   3.263   0.231   3.021
  125    6  4.0    -0.069   3.218   0.233   3.021
  126    6  4.0    -0.070   3.205   0.228   3.023
  127    7  5.0     0.015   3.627   0.393   3.008
  128    6  4.0    -0.020   4.452   0.240   3.990
  129    6  4.0    -0.042   3.696   0.554   3.005
  130    8  6.0    -0.095   1.552   0.286   1.003
  131    6  4.0    -0.041   4.158   0.120   3.984
  132    6  4.0    -0.038   3.274   0.605   3.040
  133    8  6.0    -0.102   2.108   0.308   1.920
  134    8  6.0    -0.123   1.612   0.269   1.001
  135    7  5.0     0.001   3.665   0.385   3.002
  136    6  4.0    -0.019   4.381   0.242   3.991
  137    6  4.0    -0.042   3.509   0.563   3.010
  138    8  6.0    -0.102   1.382   0.289   1.004
  139    6  4.0    -0.058   4.069   0.121   3.989
  140    6  4.0    -0.059   3.870   0.125   3.983
  141    6  4.0    -0.059   3.952   0.124   3.984
  142    6  4.0    -0.083   3.753   0.182   3.980
  143    7  5.0     0.081   3.470   0.226   3.988
  144    7  5.0     0.009   3.816   0.386   3.002
  145    6  4.0    -0.019   4.368   0.244   3.998
  146    6  4.0    -0.043   3.537   0.568   3.012
  147    8  6.0    -0.096   1.442   0.290   1.003
  148    6  4.0    -0.038   4.132   0.126   3.988
  149    6  4.0    -0.029   3.307   0.606   3.053
  150    8  6.0    -0.135   1.585   0.272   1.012
  151    8  6.0    -0.123   1.732   0.275   1.340
  152    7  5.0     0.005   3.476   0.396   3.002
  153    6  4.0    -0.038   3.970   0.201   3.995
  154    6  4.0    -0.038   3.359   0.566   3.009
  155    8  6.0    -0.095   1.391   0.289   1.004
  156    7  5.0     0.013   3.832   0.387   3.005
  157    6  4.0    -0.017   4.377   0.239   3.997
  158    6  4.0    -0.037   3.638   0.557   3.014
  159    8  6.0    -0.098   1.376   0.285   1.003
  160    6  4.0    -0.042   4.127   0.121   3.985
  161    6  4.0    -0.037   3.393   0.611   3.063
  162    8  6.0    -0.117   2.159   0.323   1.962
  163    8  6.0    -0.124   1.528   0.274   1.001
  164    7  5.0     0.019   3.738   0.393   3.002
  165    6  4.0    -0.041   3.956   0.198   3.997
  166    6  4.0    -0.047   3.319   0.569   3.008
  167    8  6.0    -0.115   1.388   0.292   1.004
  168    7  5.0     0.010   3.852   0.391   3.011
  169    6  4.0    -0.024   4.453   0.235   3.991
  170    6  4.0    -0.078   3.806   0.579   3.029
  171    8  6.0    -0.105   2.141   0.318   1.858
  172    6  4.0    -0.032   3.940   0.231   3.969
  173    8  6.0    -0.066   2.173   0.175   1.986
  174    6  4.0    -0.080   3.662   0.065   3.978
  175    7  5.0    -0.006   3.691   0.400   3.009
  176    6  4.0    -0.022   4.548   0.247   4.003
  177    6  4.0    -0.050   3.563   0.559   3.012
  178    8  6.0    -0.123   1.536   0.288   1.003
  179    6  4.0    -0.034   4.198   0.165   3.982
  180    6  4.0    -0.059   3.889   0.113   3.981
  181    6  4.0    -0.081   3.761   0.067   3.984
  182    6  4.0    -0.082   3.509   0.064   3.977
  183    7  5.0     0.002   3.666   0.390   3.007
  184    6  4.0    -0.021   4.380   0.242   3.994
  185    6  4.0    -0.045   3.604   0.565   3.012
  186    8  6.0    -0.118   1.592   0.286   1.003
  187    6  4.0    -0.035   3.958   0.239   3.976
  188    8  6.0    -0.054   2.074   0.176   1.986
  189    6  4.0    -0.083   3.649   0.066   3.979
  190    7  5.0    -0.007   3.691   0.391   3.007
  191    6  4.0    -0.020   4.358   0.238   3.992
  192    6  4.0    -0.042   3.627   0.567   3.013
  193    8  6.0    -0.123   1.611   0.290   1.003
  194    6  4.0    -0.034   3.928   0.235   3.975
  195    8  6.0    -0.051   2.011   0.175   1.986
  196    6  4.0    -0.083   3.633   0.062   3.977
  197    7  5.0     0.011   3.824   0.392   3.007
  198    6  4.0    -0.021   4.420   0.245   3.996
  199    6  4.0    -0.043   3.597   0.576   3.013
  200    8  6.0    -0.112   1.501   0.294   1.004
  201    6  4.0    -0.058   4.120   0.114   3.984
  202    6  4.0    -0.060   3.836   0.115   3.979
  203    6  4.0    -0.060   3.898   0.118   3.980
  204    6  4.0    -0.085   3.857   0.182   3.980
  205    7  5.0     0.095   3.519   0.229   3.988
  206    7  5.0     0.006   3.782   0.400   3.011
  207    6  4.0    -0.021   4.315   0.253   3.999
  208    6  4.0    -0.041   3.628   0.565   3.012
  209    8  6.0    -0.117   1.552   0.290   1.003
  210    6  4.0    -0.058   4.101   0.121   3.987
  211    6  4.0    -0.051   4.030   0.126   3.983
  212    6  4.0    -0.051   3.350   0.602   3.632
  213    8  6.0    -0.120   1.905   0.280   1.770
  214    8  6.0    -0.108   1.964   0.302   1.905
  215    7  5.0     0.007   3.723   0.389   3.009
  216    6  4.0    -0.021   4.337   0.247   3.996
  217    6  4.0    -0.041   3.736   0.565   3.019
  218    8  6.0    -0.121   1.685   0.289   1.003
  219    6  4.0    -0.057   4.172   0.111   3.987
  220    6  4.0    -0.037   3.875   0.165   3.975
  221    6  4.0    -0.082   3.687   0.062   3.981
  222    6  4.0    -0.083   3.613   0.065   3.983
  223    7  5.0     0.010   3.585   0.392   3.004
  224    6  4.0    -0.041   3.960   0.198   3.998
  225    6  4.0    -0.040   3.480   0.562   3.006
  226    8  6.0    -0.112   1.599   0.286   1.003
  227    7  5.0     0.022   3.662   0.385   3.005
  228    6  4.0    -0.020   4.383   0.238   3.994
  229    6  4.0    -0.041   3.703   0.566   3.012
  230    8  6.0    -0.114   1.498   0.291   1.003
  231    6  4.0    -0.034   3.994   0.246   3.979
  232    8  6.0    -0.049   1.964   0.177   1.986
  233    6  4.0    -0.081   3.627   0.069   3.981
  234    7  5.0     0.010   3.695   0.387   3.004
  235    6  4.0    -0.021   4.428   0.234   3.994
  236    6  4.0    -0.043   3.804   0.570   3.013
  237    8  6.0    -0.124   1.795   0.293   1.004
  238    6  4.0    -0.037   4.075   0.165   3.979
  239    6  4.0    -0.080   3.772   0.066   3.984
  240    6  4.0    -0.082   3.680   0.066   3.984
  241    7  5.0     0.007   3.769   0.393   3.006
  242    6  4.0    -0.020   4.439   0.247   3.997
  243    6  4.0    -0.042   3.649   0.566   3.013
  244    8  6.0    -0.115   1.557   0.289   1.004
  245    6  4.0    -0.055   4.110   0.117   4.012
  246    6  4.0    -0.064   3.568   0.206   3.975
  247   16  6.0    -0.020   2.999   0.305   2.017
  248    6  4.0    -0.087   3.172   0.167   3.976
  249    7  5.0     0.015   3.721   0.390   3.004
  250    6  4.0    -0.021   4.296   0.240   3.994
  251    6  4.0    -0.044   3.636   0.560   3.011
  252    8  6.0    -0.107   1.515   0.288   1.004
  253    6  4.0    -0.055   4.026   0.112   3.982
  254    6  4.0    -0.058   3.856   0.116   3.978
  255    6  4.0    -0.059   3.872   0.192   3.987
  256    7  5.0    -0.009   3.319   0.390   3.017
  257    6  4.0    -0.078   3.344   0.667   3.005
  258    7  5.0    -0.056   3.052   0.297   3.017
  259    7  5.0    -0.060   2.956   0.301   3.018
  260    7  5.0     0.010   3.780   0.387   3.005
  261    6  4.0    -0.019   4.231   0.241   3.995
  262    6  4.0    -0.043   3.598   0.560   3.008
  263    8  6.0    -0.104   1.357   0.289   1.003
  264    6  4.0    -0.053   3.736   0.200   3.979
  265    8  6.0    -0.052   1.938   0.187   1.988
  266    7  5.0     0.011   3.885   0.382   3.004
  267    6  4.0    -0.021   4.312   0.242   3.990
  268    6  4.0    -0.044   3.505   0.566   3.016
  269    8  6.0    -0.096   1.472   0.288   1.003
  270    6  4.0    -0.054   4.241   0.115   3.993
  271    6  4.0    -0.037   3.840   0.176   3.978
  272    6  4.0    -0.081   3.747   0.068   3.984
  273    6  4.0    -0.082   3.600   0.066   3.986
  274    7  5.0     0.012   3.523   0.399   3.003
  275    6  4.0    -0.039   3.931   0.203   3.999
  276    6  4.0    -0.041   3.290   0.570   3.006
  277    8  6.0    -0.097   1.359   0.293   1.004
  278    7  5.0     0.046   3.728   0.385   3.005
  279    6  4.0    -0.020   4.373   0.241   3.993
  280    6  4.0    -0.045   3.488   0.567   3.018
  281    8  6.0    -0.114   1.569   0.288   1.004
  282    6  4.0    -0.055   4.085   0.115   3.984
  283    6  4.0    -0.042   3.921   0.121   3.983
  284    6  4.0    -0.038   3.158   0.561   2.997
  285    8  6.0    -0.089   1.303   0.284   1.003
  286    7  5.0    -0.047   2.954   0.294   3.002
  287    7  5.0    -0.003   3.511   0.400   3.007
  288    6  4.0    -0.017   4.591   0.255   4.004
  289    6  4.0    -0.050   3.675   0.555   3.013
  290    8  6.0    -0.098   1.468   0.284   1.003
  291    6  4.0    -0.035   4.143   0.121   3.990
  292    6  4.0    -0.037   3.086   0.569   2.997
  293    8  6.0    -0.097   1.267   0.293   1.004
  294    7  5.0    -0.039   3.066   0.292   3.002
  295    7  5.0     0.063   3.912   0.467   3.035
  296    6  4.0    -0.020   4.568   0.239   4.028
  297    6  4.0    -0.043   3.539   0.542   3.004
  298    8  6.0    -0.103   1.416   0.276   1.002
  299    6  4.0    -0.054   4.120   0.123   4.026
  300    6  4.0    -0.057   4.033   0.130   4.025
  301    6  4.0    -0.062   4.187   0.191   4.024
  302    7  5.0     0.026   3.653   0.385   3.008
  303    6  4.0    -0.022   4.358   0.239   3.991
  304    6  4.0    -0.040   3.661   0.562   3.019
  305    8  6.0    -0.112   1.660   0.288   1.003
  306    6  4.0    -0.034   3.986   0.245   3.979
  307    8  6.0    -0.052   2.092   0.178   1.987
  308    6  4.0    -0.082   3.616   0.069   3.980
  309    7  5.0    -0.002   3.594   0.389   3.005
  310    6  4.0    -0.018   4.318   0.242   3.994
  311    6  4.0    -0.042   3.572   0.560   3.008
  312    8  6.0    -0.112   1.474   0.288   1.003
  313    6  4.0    -0.054   4.031   0.116   3.984
  314    6  4.0    -0.041   3.811   0.120   3.979
  315    6  4.0    -0.008   2.874   0.594   2.996
  316    8  6.0    -0.110   1.265   0.268   1.001
  317    8  6.0    -0.115   1.303   0.273   1.001
  318    7  5.0     0.005   3.653   0.388   3.006
  319    6  4.0    -0.021   4.102   0.242   3.990
  320    6  4.0    -0.040   3.560   0.570   3.010
  321    8  6.0    -0.100   1.451   0.295   1.004
  322    6  4.0    -0.081   3.622   0.063   3.982
  323    7  5.0     0.012   3.711   0.392   3.006
  324    6  4.0    -0.022   4.293   0.246   3.996
  325    6  4.0    -0.043   3.582   0.569   3.010
  326    8  6.0    -0.118   1.584   0.294   1.004
  327    6  4.0    -0.056   4.102   0.120   3.986
  328    6  4.0    -0.042   3.862   0.124   3.982
  329    6  4.0    -0.005   2.801   0.603   2.997
  330    8  6.0    -0.096   1.224   0.274   1.001
  331    8  6.0    -0.114   1.491   0.273   1.001
  332    7  5.0     0.008   3.690   0.389   3.005
  333    6  4.0    -0.021   4.341   0.247   3.995
  334    6  4.0    -0.044   3.613   0.564   3.015
  335    8  6.0    -0.122   1.485   0.286   1.003
  336    6  4.0    -0.056   4.228   0.118   3.994
  337    6  4.0    -0.038   3.838   0.165   3.975
  338    6  4.0    -0.082   3.620   0.062   3.982
  339    6  4.0    -0.082   3.684   0.060   3.981
  340    7  5.0     0.007   3.713   0.395   3.007
  341    6  4.0    -0.018   4.365   0.247   3.997
  342    6  4.0    -0.044   3.601   0.564   3.008
  343    8  6.0    -0.109   1.590   0.290   1.003
  344    6  4.0    -0.052   4.051   0.118   3.985
  345    6  4.0    -0.039   3.924   0.122   3.984
  346    6  4.0    -0.042   3.099   0.570   2.997
  347    8  6.0    -0.107   1.317   0.293   1.004
  348    7  5.0    -0.046   2.905   0.295   3.002
  349    7  5.0     0.026   3.706   0.383   3.004
  350    6  4.0    -0.018   4.329   0.238   3.992
  351    6  4.0    -0.043   3.566   0.560   3.012
  352    8  6.0    -0.106   1.447   0.285   1.003
  353    6  4.0    -0.038   4.035   0.118   3.984
  354    6  4.0     0.001   2.822   0.595   2.996
  355    8  6.0    -0.092   1.216   0.270   1.001
  356    8  6.0    -0.094   1.302   0.270   1.001
  357    7  5.0     0.011   3.735   0.388   3.006
  358    6  4.0    -0.020   4.302   0.243   3.994
  359    6  4.0    -0.040   3.579   0.563   3.010
  360    8  6.0    -0.102   1.517   0.291   1.003
  361    6  4.0    -0.054   4.117   0.118   4.015
  362    6  4.0    -0.063   3.611   0.223   3.978
  363   16  6.0    -0.018   2.842   0.321   2.023
  364    6  4.0    -0.086   3.176   0.169   3.976
  365    7  5.0     0.007   3.677   0.386   3.004
  366    6  4.0    -0.020   4.469   0.233   3.993
  367    6  4.0    -0.044   3.740   0.559   3.010
  368    8  6.0    -0.123   1.668   0.286   1.003
  369    6  4.0    -0.036   4.176   0.158   3.978
  370    6  4.0    -0.059   3.866   0.119   3.980
  371    6  4.0    -0.078   3.827   0.065   3.981
  372    6  4.0    -0.082   3.535   0.068   3.978
  373    7  5.0     0.019   3.737   0.391   3.005
  374    6  4.0    -0.016   4.335   0.245   3.993
  375    6  4.0    -0.043   3.584   0.577   3.010
  376    8  6.0    -0.091   1.433   0.299   1.005
  377    6  4.0    -0.039   4.072   0.113   3.986
  378    6  4.0    -0.038   3.103   0.562   2.995
  379    8  6.0    -0.106   1.419   0.288   1.003
  380    7  5.0    -0.043   2.863   0.296   3.002
  381    7  5.0     0.014   3.702   0.392   3.005
  382    6  4.0    -0.020   4.255   0.240   3.993
  383    6  4.0    -0.042   3.585   0.557   3.006
  384    8  6.0    -0.103   1.365   0.288   1.003
  385    6  4.0    -0.052   4.055   0.116   3.984
  386    6  4.0    -0.036   4.022   0.121   3.980
  387    6  4.0    -0.003   2.837   0.591   2.996
  388    8  6.0    -0.099   1.272   0.268   1.001
  389    8  6.0    -0.101   1.288   0.267   1.001
  390    7  5.0     0.013   3.782   0.386   3.002
  391    6  4.0    -0.021   4.412   0.234   3.993
  392    6  4.0    -0.045   3.529   0.556   3.008
  393    8  6.0    -0.111   1.452   0.285   1.003
  394    6  4.0    -0.036   4.083   0.168   3.980
  395    6  4.0    -0.079   3.738   0.068   3.984
  396    6  4.0    -0.081   3.701   0.066   3.983
  397    7  5.0     0.017   3.601   0.387   3.005
  398    6  4.0    -0.018   4.420   0.240   3.994
  399    6  4.0    -0.038   3.639   0.569   3.005
  400    8  6.0    -0.088   1.444   0.294   1.004
  401    6  4.0    -0.040   4.159   0.119   3.984
  402    6  4.0    -0.034   3.262   0.604   3.024
  403    8  6.0    -0.091   1.990   0.286   1.794
  404    8  6.0    -0.114   1.481   0.275   1.002
  405    7  5.0     0.012   3.569   0.392   3.005
  406    6  4.0    -0.020   4.103   0.244   3.989
  407    6  4.0    -0.044   3.539   0.556   3.009
  408    8  6.0    -0.097   1.396   0.285   1.003
  409    6  4.0    -0.081   3.664   0.063   3.983
  410    7  5.0    -0.000   3.768   0.386   3.002
  411    6  4.0    -0.016   4.374   0.244   3.998
  412    6  4.0    -0.040   3.601   0.568   3.011
  413    8  6.0    -0.095   1.430   0.289   1.003
  414    6  4.0    -0.038   4.075   0.122   3.985
  415    6  4.0    -0.032   3.226   0.610   3.008
  416    8  6.0    -0.096   1.969   0.284   1.645
  417    8  6.0    -0.117   1.426   0.276   1.002
  418    7  5.0     0.020   3.517   0.397   3.002
  419    6  4.0    -0.039   3.938   0.200   3.994
  420    6  4.0    -0.040   3.382   0.570   3.007
  421    8  6.0    -0.097   1.386   0.292   1.004
  422    7  5.0     0.015   3.834   0.389   3.005
  423    6  4.0    -0.017   4.402   0.241   3.997
  424    6  4.0    -0.041   3.629   0.560   3.012
  425    8  6.0    -0.104   1.418   0.288   1.003
  426    6  4.0    -0.042   4.186   0.124   3.990
  427    6  4.0    -0.063   3.673   0.579   3.332
  428    8  6.0    -0.094   2.180   0.311   1.832
  429    7  5.0    -0.091   3.346   0.300   3.231
  430    7  5.0     0.013   3.529   0.390   3.000
  431    6  4.0    -0.040   3.918   0.195   3.995
  432    6  4.0    -0.045   3.230   0.564   3.005
  433    8  6.0    -0.115   1.375   0.288   1.004
  434    7  5.0     0.007   3.743   0.389   3.004
  435    6  4.0    -0.023   4.481   0.239   3.995
  436    6  4.0    -0.080   3.764   0.566   3.032
  437    8  6.0    -0.098   2.112   0.316   1.889
  438    6  4.0    -0.033   4.040   0.245   3.979
  439    8  6.0    -0.060   2.107   0.178   1.986
  440    6  4.0    -0.080   3.627   0.066   3.979
  441    7  5.0    -0.021   3.639   0.386   3.003
  442    6  4.0    -0.023   4.522   0.232   3.990
  443    6  4.0    -0.051   3.677   0.564   3.015
  444    8  6.0    -0.122   1.630   0.292   1.004
  445    6  4.0    -0.033   4.191   0.157   3.980
  446    6  4.0    -0.060   3.860   0.118   3.981
  447    6  4.0    -0.080   3.793   0.062   3.980
  448    6  4.0    -0.084   3.523   0.066   3.978
  449    7  5.0     0.005   3.705   0.387   3.005
  450    6  4.0    -0.017   4.331   0.236   3.996
  451    6  4.0    -0.037   3.669   0.552   3.014
  452    8  6.0    -0.113   1.654   0.280   1.003
  453    6  4.0    -0.041   4.034   0.118   3.981
  454    6  4.0    -0.010   3.037   0.597   2.996
  455    8  6.0    -0.118   1.779   0.270   1.001
  456    8  6.0    -0.112   1.389   0.272   1.001
  457    7  5.0     0.000   3.553   0.391   3.003
  458    6  4.0    -0.017   4.421   0.247   3.998
  459    6  4.0    -0.043   3.855   0.560   3.018
  460    8  6.0    -0.118   1.899   0.293   1.006
  461    6  4.0    -0.042   4.132   0.123   3.989
  462    6  4.0    -0.036   3.700   0.289   3.019
  463    6  4.0    -0.066   3.474   0.227   3.027
  464    6  4.0    -0.068   3.393   0.226   3.026
  465    6  4.0    -0.071   3.232   0.227   3.019
  466    6  4.0    -0.073   3.220   0.226   3.019
  467    6  4.0    -0.073   3.253   0.229   3.020
  468    7  5.0     0.058   4.035   0.465   3.035
  469    6  4.0    -0.019   4.592   0.241   4.043
  470    6  4.0    -0.044   3.542   0.555   3.005
  471    8  6.0    -0.123   1.621   0.287   1.003
  472    6  4.0    -0.054   4.135   0.127   4.036
  473    6  4.0    -0.057   3.969   0.133   4.031
  474    6  4.0    -0.061   4.225   0.190   4.032
  475    7  5.0     0.014   3.820   0.384   3.007
  476    6  4.0    -0.022   4.286   0.246   3.996
  477    6  4.0    -0.043   3.583   0.564   3.017
  478    8  6.0    -0.114   1.451   0.282   1.003
  479    6  4.0    -0.055   4.153   0.125   3.990
  480    6  4.0    -0.048   4.074   0.134   3.984
  481    6  4.0    -0.043   3.346   0.604   3.446
  482    8  6.0    -0.110   1.929   0.281   1.710
  483    8  6.0    -0.116   1.808   0.277   1.514
  484    7  5.0     0.005   3.746   0.398   3.010
  485    6  4.0    -0.019   4.346   0.249   3.998
  486    6  4.0    -0.038   3.696   0.559   3.009
  487    8  6.0    -0.117   1.638   0.286   1.003
  488    6  4.0    -0.043   4.186   0.126   3.992
  489    6  4.0    -0.041   3.728   0.290   3.021
  490    6  4.0    -0.071   3.430   0.226   3.027
  491    6  4.0    -0.069   3.493   0.232   3.027
  492    6  4.0    -0.071   3.233   0.228   3.020
  493    6  4.0    -0.072   3.322   0.232   3.021
  494    6  4.0    -0.070   3.266   0.232   3.022
  495    7  5.0     0.012   3.736   0.388   3.006
  496    6  4.0    -0.022   4.316   0.244   3.990
  497    6  4.0    -0.042   3.702   0.561   3.010
  498    8  6.0    -0.116   1.589   0.285   1.003
  499    6  4.0    -0.056   4.257   0.116   3.992
  500    6  4.0    -0.036   3.897   0.173   3.977
  501    6  4.0    -0.082   3.704   0.065   3.983
  502    6  4.0    -0.083   3.585   0.066   3.984
  503    7  5.0     0.006   3.724   0.395   3.006
  504    6  4.0    -0.020   4.394   0.246   3.995
  505    6  4.0    -0.044   3.688   0.562   3.010
  506    8  6.0    -0.117   1.439   0.288   1.003
  507    6  4.0    -0.032   3.986   0.244   3.979
  508    8  6.0    -0.054   1.990   0.179   1.987
  509    6  4.0    -0.078   3.647   0.063   3.978
  510    7  5.0     0.017   3.727   0.391   3.006
  511    6  4.0    -0.021   4.325   0.244   3.992
  512    6  4.0    -0.041   3.768   0.561   3.008
  513    8  6.0    -0.115   1.567   0.287   1.003
  514    6  4.0    -0.055   4.124   0.116   4.005
  515    6  4.0    -0.058   3.575   0.210   3.975
  516   16  6.0    -0.012   3.305   0.291   2.008
  517    6  4.0    -0.085   3.195   0.150   3.973
  518    7  5.0     0.012   3.888   0.392   3.006
  519    6  4.0    -0.021   4.451   0.246   3.994
  520    6  4.0    -0.043   3.591   0.566   3.012
  521    8  6.0    -0.115   1.501   0.288   1.003
  522    6  4.0    -0.054   4.124   0.118   4.017
  523    6  4.0    -0.061   3.627   0.217   3.977
  524   16  6.0    -0.017   3.215   0.310   2.022
  525    6  4.0    -0.086   3.149   0.163   3.975
  526    7  5.0     0.016   3.701   0.395   3.009
  527    6  4.0    -0.021   4.138   0.253   3.995
  528    6  4.0    -0.042   3.622   0.561   3.014
  529    8  6.0    -0.113   1.509   0.288   1.003
  530    6  4.0    -0.081   3.662   0.067   3.984
  531    7  5.0     0.006   3.640   0.390   3.006
  532    6  4.0    -0.020   4.274   0.246   3.996
  533    6  4.0    -0.041   3.708   0.564   3.010
  534    8  6.0    -0.103   1.491   0.289   1.003
  535    6  4.0    -0.056   4.245   0.113   3.983
  536    6  4.0    -0.056   3.895   0.111   3.977
  537    6  4.0    -0.059   3.837   0.189   3.984
  538    7  5.0    -0.011   3.326   0.389   3.016
  539    6  4.0    -0.079   3.396   0.663   3.005
  540    7  5.0    -0.060   3.218   0.298   3.017
  541    7  5.0    -0.065   2.930   0.297   3.017
  542    7  5.0     0.014   3.683   0.390   3.005
  543    6  4.0    -0.021   4.239   0.242   3.991
  544    6  4.0    -0.042   3.635   0.560   3.009
  545    8  6.0    -0.120   1.618   0.285   1.003
  546    6  4.0    -0.057   4.057   0.117   3.987
  547    6  4.0    -0.058   3.947   0.119   3.980
  548    6  4.0    -0.062   3.808   0.120   3.982
  549    6  4.0    -0.084   3.710   0.178   3.979
  550    7  5.0     0.076   3.488   0.225   3.988
  551    7  5.0     0.009   3.666   0.393   3.005
  552    6  4.0    -0.021   4.309   0.247   3.997
  553    6  4.0    -0.042   3.651   0.564   3.010
  554    8  6.0    -0.108   1.640   0.290   1.003
  555    6  4.0    -0.052   4.171   0.124   4.037
  556    6  4.0    -0.060   3.632   0.229   3.980
  557   16  6.0    -0.010   2.809   0.309   2.040
  558    6  4.0    -0.086   3.201   0.154   3.974
  559    7  5.0     0.013   3.673   0.391   3.006
  560    6  4.0    -0.021   4.276   0.247   3.996
  561    6  4.0    -0.042   3.633   0.566   3.013
  562    8  6.0    -0.119   1.658   0.289   1.003
  563    6  4.0    -0.058   4.040   0.120   3.986
  564    6  4.0    -0.060   3.818   0.119   3.980
  565    6  4.0    -0.061   3.742   0.114   3.979
  566    6  4.0    -0.084   3.673   0.168   3.976
  567    7  5.0     0.074   3.384   0.219   3.986
  568    7  5.0     0.021   3.746   0.392   3.006
  569    6  4.0    -0.018   4.303   0.245   3.996
  570    6  4.0    -0.043   3.560   0.562   3.008
  571    8  6.0    -0.115   1.580   0.287   1.003
  572    6  4.0    -0.039   4.005   0.117   3.983
  573    6  4.0    -0.003   2.833   0.596   2.996
  574    8  6.0    -0.096   1.308   0.273   1.001
  575    8  6.0    -0.095   1.224   0.270   1.001
  576    7  5.0     0.016   3.718   0.390   3.005
  577    6  4.0    -0.020   4.360   0.234   3.991
  578    6  4.0    -0.044   3.675   0.561   3.010
  579    8  6.0    -0.112   1.426   0.287   1.003
  580    6  4.0    -0.033   3.966   0.239   3.974
  581    8  6.0    -0.055   1.959   0.177   1.986
  582    6  4.0    -0.078   3.640   0.066   3.979
  583    7  5.0     0.026   3.747   0.388   3.004
  584    6  4.0    -0.018   4.312   0.240   3.992
  585    6  4.0    -0.043   3.581   0.564   3.010
  586    8  6.0    -0.112   1.565   0.291   1.003
  587    6  4.0    -0.038   4.012   0.115   3.983
  588    6  4.0    -0.000   2.838   0.593   2.995
  589    8  6.0    -0.097   1.288   0.270   1.001
  590    8  6.0    -0.097   1.222   0.270   1.001
  591    7  5.0     0.013   3.718   0.391   3.008
  592    6  4.0    -0.021   4.244   0.247   3.996
  593    6  4.0    -0.041   3.693   0.567   3.015
  594    8  6.0    -0.115   1.588   0.287   1.003
  595    6  4.0    -0.055   3.780   0.200   3.981
  596    8  6.0    -0.048   1.814   0.185   1.988
  597    7  5.0     0.013   3.735   0.398   3.009
  598    6  4.0    -0.018   4.306   0.248   3.994
  599    6  4.0    -0.041   3.657   0.560   3.010
  600    8  6.0    -0.115   1.489   0.287   1.003
  601    6  4.0    -0.052   4.096   0.118   3.985
  602    6  4.0    -0.039   3.843   0.119   3.979
  603    6  4.0    -0.004   2.822   0.590   2.995
  604    8  6.0    -0.099   1.265   0.269   1.001
  605    8  6.0    -0.117   1.439   0.269   1.001
  606    7  5.0     0.014   3.665   0.389   3.003
  607    6  4.0    -0.018   4.393   0.244   3.995
  608    6  4.0    -0.041   3.658   0.573   3.013
  609    8  6.0    -0.118   1.744   0.295   1.004
  610    6  4.0    -0.051   4.089   0.116   3.985
  611    6  4.0    -0.037   3.887   0.119   3.979
  612    6  4.0    -0.001   2.868   0.591   2.996
  613    8  6.0    -0.101   1.256   0.269   1.001
  614    8  6.0    -0.105   1.357   0.269   1.001
  615    7  5.0     0.015   3.772   0.397   3.007
  616    6  4.0    -0.021   4.321   0.249   3.999
  617    6  4.0    -0.043   3.578   0.564   3.011
  618    8  6.0    -0.113   1.495   0.290   1.004
  619    6  4.0    -0.053   4.081   0.123   3.988
  620    6  4.0    -0.039   3.917   0.129   3.984
  621    6  4.0    -0.000   2.809   0.602   2.998
  622    8  6.0    -0.094   1.267   0.273   1.001
  623    8  6.0    -0.088   1.224   0.271   1.001
  624    7  5.0     0.007   3.763   0.391   3.007
  625    6  4.0    -0.021   4.460   0.242   4.000
  626    6  4.0    -0.044   3.706   0.560   3.014
  627    8  6.0    -0.121   1.494   0.283   1.003
  628    6  4.0    -0.036   4.188   0.162   3.982
  629    6  4.0    -0.059   3.868   0.117   3.982
  630    6  4.0    -0.079   3.750   0.062   3.981
  631    6  4.0    -0.081   3.437   0.065   3.977
  632    7  5.0     0.008   3.763   0.391   3.006
  633    6  4.0    -0.021   4.261   0.244   3.993
  634    6  4.0    -0.043   3.526   0.565   3.009
  635    8  6.0    -0.115   1.484   0.292   1.004
  636    6  4.0    -0.057   4.000   0.115   3.984
  637    6  4.0    -0.060   3.904   0.118   3.980
  638    6  4.0    -0.059   3.863   0.192   3.986
  639    7  5.0    -0.006   3.302   0.389   3.017
  640    6  4.0    -0.080   3.291   0.664   3.005
  641    7  5.0    -0.056   3.017   0.301   3.017
  642    7  5.0    -0.059   2.940   0.295   3.017
  643    7  5.0     0.015   3.769   0.389   3.007
  644    6  4.0    -0.022   4.291   0.245   3.996
  645    6  4.0    -0.043   3.558   0.563   3.010
  646    8  6.0    -0.115   1.472   0.288   1.003
  647    6  4.0    -0.054   4.071   0.120   3.985
  648    6  4.0    -0.041   3.952   0.122   3.981
  649    6  4.0    -0.002   2.788   0.601   2.996
  650    8  6.0    -0.095   1.272   0.272   1.001
  651    8  6.0    -0.092   1.225   0.273   1.001
  652    7  5.0     0.013   3.675   0.389   3.008
  653    6  4.0    -0.021   4.098   0.244   3.990
  654    6  4.0    -0.042   3.612   0.558   3.012
  655    8  6.0    -0.112   1.529   0.285   1.003
  656    6  4.0    -0.081   3.627   0.062   3.981
  657    7  5.0     0.009   3.664   0.391   3.006
  658    6  4.0    -0.018   4.309   0.243   3.994
  659    6  4.0    -0.037   3.759   0.560   3.013
  660    8  6.0    -0.112   1.614   0.286   1.003
  661    6  4.0    -0.042   4.125   0.121   3.989
  662    6  4.0    -0.038   3.687   0.290   3.020
  663    6  4.0    -0.070   3.496   0.230   3.030
  664    6  4.0    -0.065   3.461   0.232   3.028
  665    6  4.0    -0.070   3.326   0.237   3.021
  666    6  4.0    -0.066   3.229   0.229   3.022
  667    6  4.0    -0.066   3.255   0.235   3.024
  668    7  5.0     0.013   3.705   0.392   3.004
  669    6  4.0    -0.020   4.271   0.242   3.995
  670    6  4.0    -0.042   3.569   0.569   3.008
  671    8  6.0    -0.095   1.415   0.295   1.004
  672    6  4.0    -0.056   4.073   0.116   3.985
  673    6  4.0    -0.058   3.852   0.121   3.981
  674    6  4.0    -0.058   3.910   0.199   3.990
  675    7  5.0    -0.007   3.353   0.396   3.021
  676    6  4.0    -0.079   3.344   0.677   3.007
  677    7  5.0    -0.054   3.063   0.304   3.021
  678    7  5.0    -0.051   2.978   0.302   3.019
  679    7  5.0     0.017   3.717   0.391   3.004
  680    6  4.0    -0.021   4.394   0.230   3.992
  681    6  4.0    -0.042   3.621   0.551   3.006
  682    8  6.0    -0.108   1.392   0.283   1.003
  683    6  4.0    -0.036   4.004   0.157   3.975
  684    6  4.0    -0.080   3.661   0.060   3.980
  685    6  4.0    -0.082   3.628   0.062   3.980
  686    7  5.0     0.018   3.711   0.385   3.003
  687    6  4.0    -0.019   4.333   0.241   3.995
  688    6  4.0    -0.047   3.533   0.555   3.009
  689    8  6.0    -0.122   1.494   0.281   1.003
  690    6  4.0    -0.044   4.125   0.125   3.990
  691    6  4.0    -0.042   3.666   0.294   3.025
  692    6  4.0    -0.071   3.454   0.235   3.030
  693    6  4.0    -0.067   3.451   0.236   3.030
  694    6  4.0    -0.071   3.275   0.236   3.023
  695    6  4.0    -0.068   3.229   0.237   3.023
  696    6  4.0    -0.069   3.226   0.233   3.026
  697    7  5.0     0.017   3.633   0.386   3.005
  698    6  4.0    -0.020   4.395   0.235   3.990
  699    6  4.0    -0.042   3.651   0.548   3.002
  700    8  6.0    -0.104   1.851   0.282   1.003
  701    6  4.0    -0.039   4.111   0.120   3.983
  702    6  4.0    -0.031   3.195   0.609   3.000
  703    8  6.0    -0.119   1.585   0.275   1.001
  704    8  6.0    -0.096   2.006   0.293   1.802
  705    7  5.0     0.009   3.579   0.383   3.002
  706    6  4.0    -0.021   4.271   0.238   3.987
  707    6  4.0    -0.042   3.762   0.566   3.009
  708    8  6.0    -0.101   1.423   0.292   1.004
  709    6  4.0    -0.058   4.103   0.112   3.983
  710    6  4.0    -0.057   3.894   0.118   3.980
  711    6  4.0    -0.060   3.815   0.119   3.980
  712    6  4.0    -0.083   3.688   0.170   3.977
  713    7  5.0     0.081   3.394   0.219   3.986
  714    7  5.0    -0.009   3.875   0.387   3.003
  715    6  4.0    -0.018   4.379   0.239   3.996
  716    6  4.0    -0.041   3.694   0.562   3.007
  717    8  6.0    -0.095   1.479   0.288   1.003
  718    6  4.0    -0.041   4.128   0.121   3.984
  719    6  4.0    -0.032   3.420   0.599   3.243
  720    8  6.0    -0.093   2.084   0.279   1.634
  721    8  6.0    -0.137   1.641   0.270   1.128
  722    7  5.0     0.013   3.622   0.394   3.001
  723    6  4.0    -0.039   3.976   0.199   3.992
  724    6  4.0    -0.039   3.403   0.570   3.015
  725    8  6.0    -0.098   1.397   0.288   1.005
  726    7  5.0     0.016   3.891   0.400   3.006
  727    6  4.0    -0.017   4.424   0.243   4.002
  728    6  4.0    -0.041   3.549   0.556   3.006
  729    8  6.0    -0.098   1.395   0.289   1.003
  730    6  4.0    -0.040   4.188   0.122   3.988
  731    6  4.0    -0.065   3.613   0.584   3.147
  732    8  6.0    -0.097   2.171   0.327   1.908
  733    7  5.0    -0.098   3.109   0.297   3.006
  734    7  5.0     0.010   3.577   0.386   2.999
  735    6  4.0    -0.039   3.932   0.194   3.994
  736    6  4.0    -0.042   3.261   0.561   3.005
  737    8  6.0    -0.108   1.366   0.284   1.003
  738    7  5.0     0.018   3.774   0.391   3.008
  739    6  4.0    -0.024   4.444   0.248   3.995
  740    6  4.0    -0.079   3.811   0.590   3.047
  741    8  6.0    -0.114   2.196   0.350   1.960
  742    6  4.0    -0.040   4.284   0.127   3.994
  743    6  4.0    -0.034   3.689   0.293   3.022
  744    6  4.0    -0.064   3.464   0.229   3.028
  745    6  4.0    -0.061   3.431   0.232   3.028
  746    6  4.0    -0.063   3.386   0.231   3.020
  747    6  4.0    -0.061   3.210   0.228   3.020
  748    6  4.0    -0.061   3.201   0.229   3.022
  749    7  5.0    -0.006   3.732   0.398   3.011
  750    6  4.0    -0.021   4.539   0.240   4.003
  751    6  4.0    -0.049   3.605   0.553   3.014
  752    8  6.0    -0.126   1.683   0.282   1.003
  753    6  4.0    -0.034   4.189   0.166   3.981
  754    6  4.0    -0.058   3.912   0.120   3.983
  755    6  4.0    -0.081   3.750   0.066   3.984
  756    6  4.0    -0.081   3.535   0.068   3.978
  757    7  5.0    -0.005   3.585   0.388   3.005
  758    6  4.0    -0.020   4.227   0.240   3.993
  759    6  4.0    -0.043   3.537   0.557   3.009
  760    8  6.0    -0.116   1.642   0.287   1.003
  761    6  4.0    -0.057   3.778   0.201   3.979
  762    8  6.0    -0.051   1.894   0.187   1.988
  763    7  5.0    -0.010   3.493   0.384   3.004
  764    6  4.0    -0.021   4.089   0.236   3.989
  765    6  4.0    -0.041   3.536   0.556   3.005
  766    8  6.0    -0.119   1.563   0.286   1.003
  767    6  4.0    -0.080   3.620   0.061   3.980
  768    7  5.0     0.006   3.594   0.386   3.004
  769    6  4.0    -0.021   4.091   0.240   3.990
  770    6  4.0    -0.042   3.552   0.556   3.011
  771    8  6.0    -0.116   1.521   0.283   1.003
  772    6  4.0    -0.081   3.616   0.063   3.982
  773    7  5.0     0.007   3.697   0.393   3.007
  774    6  4.0    -0.021   4.342   0.258   4.003
  775    6  4.0    -0.041   3.645   0.574   3.018
  776    8  6.0    -0.120   1.706   0.290   1.003
  777    6  4.0    -0.057   4.247   0.133   3.997
  778    6  4.0    -0.051   4.098   0.140   3.986
  779    6  4.0    -0.050   3.436   0.602   3.627
  780    8  6.0    -0.107   2.192   0.283   1.739
  781    8  6.0    -0.113   1.955   0.286   1.860
  782    7  5.0     0.010   3.730   0.396   3.010
  783    6  4.0    -0.021   4.345   0.249   3.996
  784    6  4.0    -0.042   3.677   0.559   3.008
  785    8  6.0    -0.119   1.615   0.287   1.003
  786    6  4.0    -0.056   4.227   0.116   3.992
  787    6  4.0    -0.037   3.925   0.172   3.977
  788    6  4.0    -0.081   3.679   0.065   3.983
  789    6  4.0    -0.083   3.679   0.066   3.984
  790    7  5.0     0.011   3.705   0.382   3.007
  791    6  4.0    -0.022   4.236   0.233   3.988
  792    6  4.0    -0.040   3.600   0.562   3.008
  793    8  6.0    -0.112   1.494   0.290   1.003
  794    6  4.0    -0.058   4.054   0.105   3.978
  795    6  4.0    -0.058   3.749   0.111   3.976
  796    6  4.0    -0.057   3.906   0.192   3.985
  797    7  5.0    -0.003   3.362   0.390   3.017
  798    6  4.0    -0.079   3.299   0.669   3.005
  799    7  5.0    -0.063   3.030   0.299   3.018
  800    7  5.0    -0.064   2.939   0.303   3.019
  801    7  5.0     0.012   3.628   0.387   3.004
  802    6  4.0    -0.019   4.280   0.241   3.990
  803    6  4.0    -0.037   3.718   0.556   3.012
  804    8  6.0    -0.108   1.643   0.282   1.003
  805    6  4.0    -0.047   4.089   0.124   3.985
  806    6  4.0    -0.055   3.829   0.386   3.219
  807    7  5.0     0.069   3.413   0.453   3.173
  808    6  4.0    -0.049   3.385   0.326   3.241
  809    6  4.0    -0.066   3.281   0.458   3.282
  810    7  5.0    -0.090   2.417   0.419   2.164
  811    7  5.0     0.013   3.750   0.389   3.004
  812    6  4.0    -0.021   4.430   0.237   3.996
  813    6  4.0    -0.043   3.703   0.560   3.010
  814    8  6.0    -0.115   1.637   0.287   1.003
  815    6  4.0    -0.035   4.031   0.161   3.977
  816    6  4.0    -0.080   3.710   0.065   3.982
  817    6  4.0    -0.082   3.675   0.064   3.982
  818    7  5.0     0.011   3.673   0.386   3.003
  819    6  4.0    -0.019   4.404   0.240   3.992
  820    6  4.0    -0.040   3.662   0.560   3.010
  821    8  6.0    -0.117   1.780   0.288   1.003
  822    6  4.0    -0.054   4.161   0.115   4.015
  823    6  4.0    -0.063   3.618   0.211   3.976
  824   16  6.0    -0.018   3.192   0.329   2.024
  825    6  4.0    -0.086   3.243   0.185   3.978
  826    7  5.0     0.019   3.684   0.386   3.004
  827    6  4.0    -0.022   4.353   0.230   3.990
  828    6  4.0    -0.047   3.835   0.556   3.007
  829    8  6.0    -0.115   1.587   0.286   1.003
  830    6  4.0    -0.034   3.886   0.233   3.970
  831    8  6.0    -0.055   1.934   0.175   1.986
  832    6  4.0    -0.080   3.786   0.065   3.978
  833    7  5.0     0.010   3.857   0.386   3.004
  834    6  4.0    -0.017   4.301   0.242   3.994
  835    6  4.0    -0.045   3.511   0.567   3.009
  836    8  6.0    -0.110   1.393   0.291   1.003
  837    6  4.0    -0.039   4.055   0.114   3.985
  838    6  4.0    -0.041   3.037   0.562   2.995
  839    8  6.0    -0.098   1.303   0.288   1.003
  840    7  5.0    -0.051   2.873   0.297   3.002
  841    7  5.0     0.019   3.970   0.391   3.007
  842    6  4.0    -0.021   4.301   0.241   3.991
  843    6  4.0    -0.044   3.430   0.555   3.012
  844    8  6.0    -0.102   1.385   0.285   1.003
  845    6  4.0    -0.053   4.194   0.112   3.987
  846    6  4.0    -0.038   3.906   0.164   3.974
  847    6  4.0    -0.082   3.602   0.063   3.982
  848    6  4.0    -0.081   3.620   0.062   3.980
  849    7  5.0     0.007   3.528   0.391   3.001
  850    6  4.0    -0.040   3.909   0.199   3.996
  851    6  4.0    -0.045   3.235   0.562   3.007
  852    8  6.0    -0.102   1.353   0.285   1.003
  853    7  5.0     0.021   3.590   0.391   3.005
  854    6  4.0    -0.017   4.356   0.243   3.996
  855    6  4.0    -0.045   3.508   0.562   3.011
  856    8  6.0    -0.113   1.528   0.287   1.003
  857    6  4.0    -0.049   4.121   0.117   3.985
  858    6  4.0    -0.038   3.967   0.123   3.980
  859    6  4.0    -0.002   2.871   0.598   2.997
  860    8  6.0    -0.092   1.287   0.273   1.001
  861    8  6.0    -0.093   1.222   0.270   1.001
  862    7  5.0     0.016   3.485   0.394   3.006
  863    6  4.0    -0.020   4.290   0.246   3.999
  864    6  4.0    -0.047   3.433   0.564   3.007
  865    8  6.0    -0.098   1.388   0.288   1.003
  866    6  4.0    -0.057   4.022   0.115   3.983
  867    6  4.0    -0.059   3.851   0.120   3.983
  868    6  4.0    -0.061   3.772   0.123   3.981
  869    6  4.0    -0.083   3.772   0.182   3.981
  870    7  5.0     0.079   3.422   0.228   3.988
  871    7  5.0     0.016   3.585   0.392   3.009
  872    6  4.0    -0.021   4.292   0.246   3.994
  873    6  4.0    -0.047   3.476   0.578   3.016
  874    8  6.0    -0.112   1.474   0.297   1.004
  875    6  4.0    -0.054   4.214   0.112   3.991
  876    6  4.0    -0.037   3.899   0.172   3.977
  877    6  4.0    -0.083   3.631   0.065   3.982
  878    6  4.0    -0.080   3.609   0.066   3.983
  879    7  5.0     0.017   3.663   0.395   3.008
  880    6  4.0    -0.021   4.394   0.244   3.997
  881    6  4.0    -0.044   3.598   0.556   3.013
  882    8  6.0    -0.115   1.567   0.281   1.003
  883    6  4.0    -0.033   3.964   0.239   3.977
  884    8  6.0    -0.052   2.069   0.176   1.986
  885    6  4.0    -0.082   3.589   0.063   3.978
  886    7  5.0     0.005   3.593   0.390   3.005
  887    6  4.0    -0.017   4.347   0.248   3.996
  888    6  4.0    -0.041   3.629   0.573   3.017
  889    8  6.0    -0.099   1.549   0.296   1.004
  890    6  4.0    -0.037   4.053   0.122   3.989
  891    6  4.0    -0.002   2.829   0.594   2.997
  892    8  6.0    -0.099   1.276   0.265   1.001
  893    8  6.0    -0.093   1.223   0.271   1.002
  894    7  5.0     0.012   3.655   0.393   3.006
  895    6  4.0    -0.019   4.324   0.246   3.996
  896    6  4.0    -0.041   3.608   0.563   3.009
  897    8  6.0    -0.112   1.513   0.290   1.003
  898    6  4.0    -0.052   4.085   0.118   3.986
  899    6  4.0    -0.038   3.858   0.122   3.980
  900    6  4.0     0.001   2.818   0.592   2.996
  901    8  6.0    -0.088   1.216   0.270   1.001
  902    8  6.0    -0.091   1.285   0.268   1.001
  903    7  5.0     0.010   3.666   0.390   3.005
  904    6  4.0    -0.021   4.253   0.244   3.992
  905    6  4.0    -0.043   3.568   0.564   3.012
  906    8  6.0    -0.116   1.532   0.289   1.004
  907    6  4.0    -0.055   4.044   0.115   3.983
  908    6  4.0    -0.042   3.876   0.118   3.979
  909    6  4.0    -0.005   2.783   0.594   2.995
  910    8  6.0    -0.112   1.369   0.271   1.001
  911    8  6.0    -0.092   1.217   0.271   1.001
  912    7  5.0     0.001   3.754   0.389   3.004
  913    6  4.0    -0.021   4.513   0.234   3.997
  914    6  4.0    -0.045   3.663   0.560   3.009
  915    8  6.0    -0.123   1.580   0.287   1.003
  916    6  4.0    -0.036   4.017   0.163   3.977
  917    6  4.0    -0.083   3.674   0.064   3.982
  918    6  4.0    -0.079   3.796   0.067   3.982
  919    7  5.0     0.021   3.786   0.386   3.006
  920    6  4.0    -0.018   4.374   0.246   3.997
  921    6  4.0    -0.043   3.620   0.563   3.016
  922    8  6.0    -0.117   1.539   0.285   1.003
  923    6  4.0    -0.037   4.102   0.125   3.989
  924    6  4.0     0.002   2.891   0.600   2.998
  925    8  6.0    -0.099   1.329   0.269   1.001
  926    8  6.0    -0.088   1.229   0.271   1.001
  927    7  5.0     0.010   3.777   0.395   3.008
  928    6  4.0    -0.021   4.274   0.247   3.995
  929    6  4.0    -0.042   3.526   0.560   3.008
  930    8  6.0    -0.111   1.454   0.287   1.003
  931    6  4.0    -0.054   4.042   0.111   3.982
  932    6  4.0    -0.040   3.873   0.114   3.978
  933    6  4.0    -0.001   2.759   0.595   2.995
  934    8  6.0    -0.092   1.213   0.270   1.001
  935    8  6.0    -0.094   1.288   0.272   1.001
  936    7  5.0     0.015   3.736   0.387   3.006
  937    6  4.0    -0.022   4.290   0.244   3.995
  938    6  4.0    -0.043   3.557   0.560   3.011
  939    8  6.0    -0.108   1.407   0.282   1.003
  940    6  4.0    -0.055   4.145   0.120   4.011
  941    6  4.0    -0.062   3.648   0.224   3.979
  942   16  6.0    -0.014   2.847   0.344   2.021
  943    6  4.0    -0.085   3.438   0.190   3.978
  944    7  5.0     0.008   3.718   0.394   3.006
  945    6  4.0    -0.020   4.492   0.237   3.995
  946    6  4.0    -0.043   3.684   0.550   3.006
  947    8  6.0    -0.117   1.522   0.287   1.003
  948    6  4.0    -0.036   4.186   0.161   3.980
  949    6  4.0    -0.060   3.879   0.116   3.980
  950    6  4.0    -0.079   3.767   0.063   3.981
  951    6  4.0    -0.082   3.523   0.066   3.977
  952    7  5.0     0.008   3.650   0.379   3.001
  953    6  4.0    -0.021   4.255   0.241   3.992
  954    6  4.0    -0.043   3.621   0.570   3.013
  955    8  6.0    -0.100   1.441   0.290   1.003
  956    6  4.0    -0.056   4.109   0.120   3.988
  957    6  4.0    -0.058   3.856   0.121   3.979
  958    6  4.0    -0.059   3.874   0.190   3.987
  959    7  5.0    -0.009   3.316   0.389   3.015
  960    6  4.0    -0.079   3.321   0.661   3.005
  961    7  5.0    -0.053   3.044   0.296   3.016
  962    7  5.0    -0.060   2.980   0.298   3.017
  963    7  5.0     0.011   3.686   0.398   3.008
  964    6  4.0    -0.020   4.261   0.248   3.994
  965    6  4.0    -0.043   3.626   0.559   3.008
  966    8  6.0    -0.110   1.459   0.287   1.003
  967    6  4.0    -0.053   4.086   0.121   3.987
  968    6  4.0    -0.037   3.973   0.124   3.981
  969    6  4.0    -0.002   2.800   0.590   2.997
  970    8  6.0    -0.096   1.266   0.266   1.001
  971    8  6.0    -0.091   1.214   0.269   1.001
  972    7  5.0     0.012   3.724   0.390   3.004
  973    6  4.0    -0.021   4.156   0.244   3.992
  974    6  4.0    -0.047   3.425   0.558   3.006
  975    8  6.0    -0.121   1.505   0.286   1.003
  976    6  4.0    -0.080   3.669   0.063   3.982
  977    7  5.0     0.017   3.587   0.385   3.003
  978    6  4.0    -0.019   4.467   0.237   3.991
  979    6  4.0    -0.043   3.667   0.554   3.002
  980    8  6.0    -0.098   1.698   0.286   1.003
  981    6  4.0    -0.041   4.213   0.125   3.986
  982    6  4.0    -0.036   3.352   0.612   3.020
  983    8  6.0    -0.095   2.140   0.305   1.893
  984    8  6.0    -0.113   1.512   0.271   1.001
  985    7  5.0     0.003   3.648   0.386   3.002
  986    6  4.0    -0.020   4.440   0.241   3.994
  987    6  4.0    -0.041   3.790   0.568   3.017
  988    8  6.0    -0.100   1.414   0.289   1.004
  989    6  4.0    -0.036   4.229   0.160   3.983
  990    6  4.0    -0.060   3.885   0.123   3.983
  991    6  4.0    -0.079   3.780   0.062   3.981
  992    6  4.0    -0.082   3.477   0.069   3.979
  993    7  5.0    -0.012   3.882   0.396   3.006
  994    6  4.0    -0.018   4.418   0.248   3.999
  995    6  4.0    -0.040   3.753   0.569   3.008
  996    8  6.0    -0.092   1.471   0.294   1.003
  997    6  4.0    -0.044   4.115   0.113   3.981
  998    6  4.0    -0.028   3.400   0.602   3.329
  999    8  6.0    -0.132   1.689   0.276   1.040
 1000    8  6.0    -0.087   2.266   0.296   1.868
 1001    7  5.0     0.014   3.618   0.391   3.001
 1002    6  4.0    -0.038   3.997   0.196   3.992
 1003    6  4.0    -0.037   3.369   0.562   3.010
 1004    8  6.0    -0.095   1.388   0.287   1.004
 1005    7  5.0     0.012   3.879   0.388   3.003
 1006    6  4.0    -0.018   4.419   0.237   3.996
 1007    6  4.0    -0.039   3.599   0.559   3.009
 1008    8  6.0    -0.096   1.400   0.289   1.004
 1009    6  4.0    -0.043   4.129   0.115   3.981
 1010    6  4.0    -0.032   3.349   0.595   3.199
 1011    8  6.0    -0.118   1.476   0.267   1.002
 1012    8  6.0    -0.093   2.178   0.293   1.865
 1013    7  5.0     0.010   3.570   0.390   3.000
 1014    6  4.0    -0.040   3.926   0.196   3.996
 1015    6  4.0    -0.047   3.259   0.561   3.003
 1016    8  6.0    -0.113   1.365   0.286   1.003
 1017    7  5.0     0.003   3.795   0.385   3.007
 1018    6  4.0    -0.023   4.349   0.243   3.992
 1019    6  4.0    -0.078   3.721   0.583   3.022
 1020    8  6.0    -0.105   2.150   0.335   1.913
 1021    6  4.0    -0.054   4.254   0.121   3.988
 1022    6  4.0    -0.040   4.005   0.124   3.985
 1023    6  4.0    -0.038   3.059   0.572   2.997
 1024    8  6.0    -0.100   1.273   0.292   1.004
 1025    7  5.0    -0.079   3.318   0.296   3.003
 1026    7  5.0    -0.014   3.648   0.390   3.004
 1027    6  4.0    -0.022   4.509   0.234   3.994
 1028    6  4.0    -0.047   3.628   0.562   3.013
 1029    8  6.0    -0.124   1.780   0.290   1.005
 1030    6  4.0    -0.034   4.054   0.165   3.979
 1031    6  4.0    -0.081   3.719   0.065   3.982
 1032    6  4.0    -0.082   3.663   0.066   3.983
 1033    7  5.0    -0.004   3.707   0.389   3.006
 1034    6  4.0    -0.020   4.429   0.240   3.997
 1035    6  4.0    -0.045   3.899   0.567   3.015
 1036    8  6.0    -0.120   1.769   0.288   1.004
 1037    6  4.0    -0.042   4.078   0.112   3.982
 1038    6  4.0    -0.041   3.195   0.571   2.995
 1039    8  6.0    -0.105   1.297   0.289   1.004
 1040    7  5.0    -0.057   3.748   0.303   3.006
 1041    7  5.0     0.006   3.544   0.396   3.004
 1042    6  4.0    -0.017   4.389   0.244   4.001
 1043    6  4.0    -0.039   3.736   0.562   3.011
 1044    8  6.0    -0.113   1.637   0.284   1.003
 1045    6  4.0    -0.042   4.102   0.120   3.988
 1046    6  4.0    -0.034   3.721   0.288   3.020
 1047    6  4.0    -0.066   3.499   0.232   3.032
 1048    6  4.0    -0.065   3.419   0.227   3.030
 1049    6  4.0    -0.071   3.387   0.236   3.022
 1050    6  4.0    -0.069   3.375   0.233   3.021
 1051    6  4.0    -0.041   3.471   0.404   3.028
 1052    8  6.0    -0.037   2.013   0.214   1.993
 1053    7  5.0     0.022   3.857   0.393   3.006
 1054    6  4.0    -0.020   4.330   0.243   3.996
 1055    6  4.0    -0.042   3.605   0.563   3.012
 1056    8  6.0    -0.118   1.513   0.286   1.003
 1057    6  4.0    -0.055   4.035   0.113   3.983
 1058    6  4.0    -0.041   3.803   0.114   3.977
 1059    6  4.0    -0.005   2.971   0.588   2.995
 1060    8  6.0    -0.102   1.441   0.270   1.001
 1061    8  6.0    -0.101   1.213   0.265   1.001
 1062    7  5.0     0.002   3.925   0.397   3.010
 1063    6  4.0    -0.021   4.347   0.256   4.002
 1064    6  4.0    -0.043   3.598   0.570   3.011
 1065    8  6.0    -0.114   1.485   0.292   1.003
 1066    6  4.0    -0.057   4.224   0.126   3.990
 1067    6  4.0    -0.048   4.093   0.129   3.984
 1068    6  4.0    -0.045   3.377   0.595   3.561
 1069    8  6.0    -0.107   1.990   0.280   1.738
 1070    8  6.0    -0.110   1.996   0.287   1.863
 1071    7  5.0     0.011   3.761   0.391   3.011
 1072    6  4.0    -0.019   4.311   0.244   3.993
 1073    6  4.0    -0.038   3.663   0.562   3.012
 1074    8  6.0    -0.113   1.597   0.286   1.003
 1075    6  4.0    -0.044   4.166   0.121   3.989
 1076    6  4.0    -0.041   3.666   0.287   3.017
 1077    6  4.0    -0.068   3.416   0.226   3.025
 1078    6  4.0    -0.070   3.422   0.223   3.025
 1079    6  4.0    -0.070   3.222   0.224   3.018
 1080    6  4.0    -0.070   3.240   0.224   3.017
 1081    6  4.0    -0.069   3.218   0.226   3.019
 1082    7  5.0     0.012   3.723   0.388   3.004
 1083    6  4.0    -0.020   4.434   0.236   3.996
 1084    6  4.0    -0.043   3.734   0.566   3.010
 1085    8  6.0    -0.095   1.476   0.293   1.004
 1086    6  4.0    -0.036   4.077   0.171   3.981
 1087    6  4.0    -0.079   3.717   0.066   3.984
 1088    6  4.0    -0.080   3.742   0.068   3.985
 1089    7  5.0     0.010   3.705   0.390   3.004
 1090    6  4.0    -0.019   4.387   0.237   3.995
 1091    6  4.0    -0.041   3.623   0.557   3.007
 1092    8  6.0    -0.099   1.387   0.286   1.003
 1093    6  4.0    -0.033   3.949   0.243   3.977
 1094    8  6.0    -0.053   1.953   0.177   1.986
 1095    6  4.0    -0.078   3.630   0.064   3.979
 1096    7  5.0     0.018   3.719   0.389   3.007
 1097    6  4.0    -0.023   4.380   0.243   3.999
 1098    6  4.0    -0.100   3.908   0.823   3.088
 1099    8  6.0    -0.041   1.952   0.332   1.594
 1100    6  4.0    -0.056   4.079   0.112   3.999
 1101    6  4.0    -0.060   3.549   0.206   3.974
 1102   16  6.0    -0.006   2.938   0.332   2.009
 1103    6  4.0    -0.082   3.430   0.193   3.979
 1104    7  5.0     0.157   4.108   0.695   3.592
 1105    6  4.0    -0.035   4.394   0.247   4.078
 1106    6  4.0    -0.072   2.934   0.328   2.994
 1107    8  6.0    -0.091   1.096   0.268   1.001
 1108    6  4.0    -0.059   4.084   0.119   4.011
 1109    6  4.0    -0.062   3.676   0.219   3.978
 1110   16  6.0    -0.012   2.762   0.304   2.013
 1111    6  4.0    -0.085   3.134   0.155   3.974
 1112   20 10.0     1.064   8.681   0.136   5.560
 1113   20 10.0     1.031  10.850   0.092   7.260
 1114   20 10.0     1.046   9.803   0.128   6.555
 1115   20 10.0     1.033  10.463   0.133   7.265
 1116    8  6.0    -0.092   1.997   0.021   2.181
 1117    8  6.0    -0.086   1.427   0.018   1.837
 1118    8  6.0    -0.029   2.024   0.028   2.535
 1119    8  6.0    -0.085   1.392   0.018   1.837
 1120    8  6.0    -0.086   1.490   0.019   1.837
 1121    8  6.0    -0.094   1.981   0.023   2.328
 1122    8  6.0    -0.064   2.012   0.026   2.454
 1123    1  1.0    -0.000   0.891   0.037   0.997
 1124    1  1.0    -0.001   0.913   0.037   0.997
 1125    1  1.0     0.002   0.907   0.037   0.997
 1126    1  1.0     0.039   0.962   0.003   0.994
 1127    1  1.0     0.038   0.938   0.003   0.994
 1128    1  1.0     0.049   0.947   0.045   0.995
 1129    1  1.0     0.039   0.826   0.003   0.994
 1130    1  1.0     0.039   0.831   0.003   0.994
 1131    1  1.0     0.046   0.861   0.003   0.994
 1132    1  1.0     0.033   1.054   0.037   0.997
 1133    1  1.0     0.059   0.985   0.003   0.994
 1134    1  1.0     0.043   0.907   0.003   0.994
 1135    1  1.0     0.050   0.912   0.003   0.994
 1136    1  1.0     0.064   0.915   0.003   0.994
 1137    1  1.0     0.051   0.898   0.003   0.994
 1138    1  1.0     0.040   1.029   0.037   0.997
 1139    1  1.0     0.070   1.003   0.003   0.994
 1140    1  1.0     0.048   0.907   0.003   0.994
 1141    1  1.0     0.049   0.904   0.003   0.994
 1142    1  1.0     0.067   0.909   0.003   0.994
 1143    1  1.0     0.055   0.900   0.003   0.994
 1144    1  1.0     0.045   1.032   0.037   0.997
 1145    1  1.0     0.065   0.970   0.003   0.994
 1146    1  1.0     0.050   0.904   0.003   0.994
 1147    1  1.0     0.035   0.926   0.003   0.994
 1148    1  1.0     0.041   0.917   0.003   0.994
 1149    1  1.0     0.045   0.922   0.003   0.994
 1150    1  1.0     0.059   0.892   0.037   0.997
 1151    1  1.0     0.045   0.901   0.037   0.997
 1152    1  1.0     0.021   1.408   0.037   1.031
 1153    1  1.0     0.043   1.006   0.003   0.994
 1154    1  1.0     0.052   0.985   0.003   0.994
 1155    1  1.0     0.034   0.910   0.003   0.994
 1156    1  1.0     0.039   0.909   0.003   0.994
 1157    1  1.0     0.041   0.829   0.003   0.994
 1158    1  1.0     0.048   0.861   0.003   0.994
 1159    1  1.0     0.039   0.834   0.003   0.994
 1160    1  1.0     0.035   0.827   0.003   0.994
 1161    1  1.0     0.034   0.865   0.003   0.994
 1162    1  1.0     0.078   1.379   0.004   1.586
 1163    1  1.0     0.055   1.065   0.037   0.997
 1164    1  1.0     0.050   0.986   0.003   0.994
 1165    1  1.0     0.057   0.834   0.003   0.994
 1166    1  1.0     0.049   0.832   0.003   0.994
 1167    1  1.0     0.068   0.843   0.003   0.994
 1168    1  1.0     0.055   1.053   0.037   0.997
 1169    1  1.0     0.063   0.988   0.003   0.994
 1170    1  1.0     0.059   0.919   0.003   0.994
 1171    1  1.0     0.060   0.922   0.003   0.994
 1172    1  1.0     0.066   0.922   0.003   0.994
 1173    1  1.0     0.065   0.916   0.003   0.994
 1174    1  1.0     0.058   1.051   0.037   0.997
 1175    1  1.0     0.051   0.994   0.003   0.994
 1176    1  1.0     0.046   0.918   0.003   0.994
 1177    1  1.0     0.050   0.926   0.003   0.994
 1178    1  1.0     0.060   0.929   0.003   0.995
 1179    1  1.0     0.055   0.933   0.003   0.995
 1180    1  1.0     0.057   0.909   0.003   0.995
 1181    1  1.0     0.057   0.908   0.003   0.995
 1182    1  1.0     0.061   0.937   0.003   0.995
 1183    1  1.0     0.056   1.061   0.037   0.997
 1184    1  1.0     0.057   0.989   0.003   0.994
 1185    1  1.0     0.048   0.922   0.003   0.994
 1186    1  1.0     0.053   0.924   0.003   0.994
 1187    1  1.0     0.057   1.002   0.003   0.994
 1188    1  1.0     0.051   0.938   0.003   0.994
 1189    1  1.0     0.040   0.910   0.003   0.994
 1190    1  1.0     0.039   0.907   0.003   0.994
 1191    1  1.0     0.035   0.903   0.003   0.994
 1192    1  1.0     0.038   0.895   0.003   0.994
 1193    1  1.0     0.003   0.891   0.037   0.997
 1194    1  1.0     0.002   0.886   0.037   0.997
 1195    1  1.0     0.004   0.891   0.037   0.997
 1196    1  1.0     0.055   1.040   0.037   0.997
 1197    1  1.0     0.055   1.001   0.003   0.994
 1198    1  1.0     0.060   0.921   0.003   0.994
 1199    1  1.0     0.059   0.918   0.003   0.994
 1200    1  1.0     0.063   0.935   0.003   0.994
 1201    1  1.0     0.052   0.913   0.003   0.994
 1202    1  1.0     0.057   1.057   0.037   0.997
 1203    1  1.0     0.049   0.985   0.003   0.994
 1204    1  1.0     0.041   0.833   0.003   0.994
 1205    1  1.0     0.044   0.832   0.003   0.994
 1206    1  1.0     0.047   0.841   0.003   0.994
 1207    1  1.0     0.057   1.091   0.037   0.997
 1208    1  1.0     0.058   0.986   0.003   0.994
 1209    1  1.0     0.057   0.920   0.003   0.994
 1210    1  1.0     0.054   0.954   0.003   0.994
 1211    1  1.0     0.070   0.915   0.003   0.995
 1212    1  1.0     0.068   0.943   0.003   0.995
 1213    1  1.0     0.070   0.906   0.003   0.995
 1214    1  1.0     0.068   0.905   0.003   0.995
 1215    1  1.0     0.074   0.913   0.003   0.995
 1216    1  1.0     0.059   1.047   0.037   0.997
 1217    1  1.0     0.058   0.984   0.003   0.994
 1218    1  1.0     0.053   0.875   0.003   0.994
 1219    1  1.0     0.050   0.866   0.003   0.994
 1220    1  1.0     0.064   0.939   0.045   0.995
 1221    1  1.0     0.056   1.052   0.037   0.997
 1222    1  1.0     0.055   0.979   0.003   0.994
 1223    1  1.0     0.044   0.912   0.003   0.994
 1224    1  1.0     0.055   0.923   0.003   0.994
 1225    1  1.0     0.061   1.065   0.003   0.994
 1226    1  1.0     0.043   0.831   0.003   0.994
 1227    1  1.0     0.043   0.832   0.003   0.994
 1228    1  1.0     0.039   0.834   0.003   0.994
 1229    1  1.0     0.044   0.830   0.003   0.994
 1230    1  1.0     0.041   0.834   0.003   0.994
 1231    1  1.0     0.043   0.834   0.003   0.994
 1232    1  1.0     0.056   1.047   0.037   0.997
 1233    1  1.0     0.057   1.000   0.003   0.994
 1234    1  1.0     0.044   0.926   0.003   0.994
 1235    1  1.0     0.049   0.929   0.003   0.994
 1236    1  1.0     0.056   0.918   0.003   0.995
 1237    1  1.0     0.071   0.917   0.003   0.995
 1238    1  1.0     0.052   0.908   0.003   0.995
 1239    1  1.0     0.061   0.908   0.003   0.995
 1240    1  1.0     0.058   0.905   0.003   0.995
 1241    1  1.0     0.059   1.102   0.037   0.997
 1242    1  1.0     0.030   1.092   0.003   0.994
 1243    1  1.0     0.064   0.913   0.003   0.994
 1244    1  1.0     0.052   0.914   0.003   0.994
 1245    1  1.0     0.047   1.052   0.037   0.997
 1246    1  1.0     0.059   1.051   0.003   0.994
 1247    1  1.0     0.048   0.920   0.003   0.994
 1248    1  1.0     0.043   0.914   0.003   0.994
 1249    1  1.0     0.036   0.910   0.003   0.994
 1250    1  1.0     0.046   0.916   0.003   0.994
 1251    1  1.0     0.048   0.938   0.003   0.994
 1252    1  1.0     0.040   0.913   0.003   0.994
 1253    1  1.0     0.034   0.895   0.003   0.994
 1254    1  1.0     0.042   0.907   0.003   0.994
 1255    1  1.0     0.020   0.961   0.037   0.997
 1256    1  1.0    -0.002   0.887   0.037   0.997
 1257    1  1.0     0.003   0.901   0.037   0.997
 1258    1  1.0     0.027   1.158   0.037   0.998
 1259    1  1.0     0.064   1.022   0.003   0.994
 1260    1  1.0     0.052   0.912   0.003   0.994
 1261    1  1.0     0.062   0.926   0.003   0.994
 1262    1  1.0     0.054   1.069   0.037   0.997
 1263    1  1.0     0.063   0.913   0.003   0.994
 1264    1  1.0     0.059   0.912   0.003   0.994
 1265    1  1.0     0.022   1.186   0.037   0.998
 1266    1  1.0     0.065   0.983   0.003   0.994
 1267    1  1.0     0.044   0.935   0.003   0.994
 1268    1  1.0     0.059   0.909   0.003   0.994
 1269    1  1.0     0.053   1.200   0.037   0.998
 1270    1  1.0     0.065   0.925   0.003   0.994
 1271    1  1.0     0.053   0.899   0.003   0.994
 1272    1  1.0     0.033   1.218   0.037   0.998
 1273    1  1.0     0.058   0.995   0.003   0.994
 1274    1  1.0     0.042   0.934   0.003   0.994
 1275    1  1.0     0.065   1.139   0.045   0.995
 1276    1  1.0     0.043   0.827   0.003   0.994
 1277    1  1.0     0.046   0.831   0.003   0.994
 1278    1  1.0     0.061   0.843   0.003   0.994
 1279    1  1.0     0.057   1.053   0.037   0.997
 1280    1  1.0     0.037   1.086   0.003   0.994
 1281    1  1.0     0.044   0.991   0.003   0.994
 1282    1  1.0     0.052   0.920   0.003   0.994
 1283    1  1.0     0.042   0.908   0.003   0.994
 1284    1  1.0     0.036   0.838   0.003   0.994
 1285    1  1.0     0.050   0.850   0.003   0.994
 1286    1  1.0     0.043   0.837   0.003   0.994
 1287    1  1.0     0.051   0.835   0.003   0.994
 1288    1  1.0     0.039   0.829   0.003   0.994
 1289    1  1.0     0.039   0.842   0.003   0.994
 1290    1  1.0     0.040   1.027   0.037   0.997
 1291    1  1.0     0.049   0.994   0.003   0.994
 1292    1  1.0     0.040   0.937   0.003   0.994
 1293    1  1.0     0.041   0.947   0.045   0.995
 1294    1  1.0     0.033   0.829   0.003   0.994
 1295    1  1.0     0.036   0.840   0.003   0.994
 1296    1  1.0     0.024   0.874   0.003   0.994
 1297    1  1.0     0.039   1.006   0.037   0.997
 1298    1  1.0     0.047   0.974   0.003   0.994
 1299    1  1.0     0.047   0.938   0.003   0.994
 1300    1  1.0     0.054   0.903   0.045   0.995
 1301    1  1.0     0.053   0.829   0.003   0.994
 1302    1  1.0     0.044   0.837   0.003   0.994
 1303    1  1.0     0.045   0.831   0.003   0.994
 1304    1  1.0     0.041   1.040   0.037   0.997
 1305    1  1.0     0.051   1.005   0.003   0.994
 1306    1  1.0     0.042   0.908   0.003   0.994
 1307    1  1.0     0.040   0.911   0.003   0.994
 1308    1  1.0     0.038   0.902   0.003   0.994
 1309    1  1.0     0.038   0.902   0.003   0.994
 1310    1  1.0     0.040   0.903   0.003   0.994
 1311    1  1.0     0.045   0.923   0.003   0.994
 1312    1  1.0     0.038   0.930   0.003   0.994
 1313    1  1.0     0.036   0.893   0.003   0.994
 1314    1  1.0     0.012   0.899   0.037   0.997
 1315    1  1.0     0.017   0.913   0.037   0.997
 1316    1  1.0     0.003   0.888   0.037   0.997
 1317    1  1.0     0.044   1.033   0.037   0.997
 1318    1  1.0     0.051   0.994   0.003   0.994
 1319    1  1.0     0.051   0.917   0.003   0.994
 1320    1  1.0     0.050   0.919   0.003   0.994
 1321    1  1.0     0.036   0.937   0.003   0.994
 1322    1  1.0     0.041   0.919   0.003   0.994
 1323    1  1.0     0.056   1.062   0.037   0.997
 1324    1  1.0     0.048   0.987   0.003   0.994
 1325    1  1.0     0.045   0.912   0.003   0.994
 1326    1  1.0     0.039   0.912   0.003   0.994
 1327    1  1.0     0.041   0.988   0.003   0.994
 1328    1  1.0     0.034   0.831   0.003   0.994
 1329    1  1.0     0.041   0.838   0.003   0.994
 1330    1  1.0     0.039   0.832   0.003   0.994
 1331    1  1.0     0.037   0.851   0.003   0.994
 1332    1  1.0     0.037   0.835   0.003   0.994
 1333    1  1.0     0.039   0.831   0.003   0.994
 1334    1  1.0     0.060   1.054   0.037   0.997
 1335    1  1.0     0.044   0.899   0.003   0.994
 1336    1  1.0     0.046   0.906   0.003   0.994
 1337    1  1.0     0.060   1.042   0.037   0.997
 1338    1  1.0     0.054   0.979   0.003   0.994
 1339    1  1.0     0.047   0.954   0.003   0.994
 1340    1  1.0     0.046   0.904   0.045   0.995
 1341    1  1.0     0.036   0.830   0.003   0.994
 1342    1  1.0     0.046   0.843   0.003   0.994
 1343    1  1.0     0.043   0.835   0.003   0.994
 1344    1  1.0     0.057   1.056   0.037   0.997
 1345    1  1.0     0.048   0.986   0.003   0.994
 1346    1  1.0     0.047   0.986   0.003   0.994
 1347    1  1.0     0.042   0.854   0.003   0.994
 1348    1  1.0     0.043   0.865   0.003   0.994
 1349    1  1.0     0.042   0.837   0.003   0.994
 1350    1  1.0     0.044   0.842   0.003   0.994
 1351    1  1.0     0.040   0.838   0.003   0.994
 1352    1  1.0     0.045   0.836   0.003   0.994
 1353    1  1.0     0.060   1.128   0.037   0.998
 1354    1  1.0     0.050   1.087   0.003   0.994
 1355    1  1.0     0.043   0.937   0.003   0.994
 1356    1  1.0     0.047   0.910   0.003   0.994
 1357    1  1.0     0.035   0.986   0.003   0.994
 1358    1  1.0     0.045   1.002   0.003   0.994
 1359    1  1.0     0.037   0.919   0.003   0.994
 1360    1  1.0     0.035   0.923   0.003   0.994
 1361    1  1.0     0.034   0.932   0.003   0.994
 1362    1  1.0     0.062   1.095   0.037   0.997
 1363    1  1.0     0.073   1.054   0.003   0.994
 1364    1  1.0     0.051   0.914   0.003   0.994
 1365    1  1.0     0.053   0.909   0.003   0.994
 1366    1  1.0     0.051   0.910   0.003   0.994
 1367    1  1.0     0.049   0.906   0.003   0.994
 1368    1  1.0     0.044   0.908   0.003   0.994
 1369    1  1.0     0.043   0.901   0.003   0.994
 1370    1  1.0     0.040   0.987   0.037   0.997
 1371    1  1.0     0.047   0.899   0.037   0.997
 1372    1  1.0     0.046   0.920   0.037   0.997
 1373    1  1.0     0.049   0.901   0.037   0.997
 1374    1  1.0     0.046   0.901   0.037   0.997
 1375    1  1.0     0.061   1.041   0.037   0.997
 1376    1  1.0     0.058   0.981   0.003   0.994
 1377    1  1.0     0.045   0.866   0.003   0.994
 1378    1  1.0     0.050   0.864   0.003   0.994
 1379    1  1.0     0.072   1.104   0.045   0.995
 1380    1  1.0     0.062   1.097   0.037   0.997
 1381    1  1.0     0.060   0.999   0.003   0.994
 1382    1  1.0     0.055   0.937   0.003   0.994
 1383    1  1.0     0.051   0.933   0.003   0.994
 1384    1  1.0     0.043   0.986   0.003   0.994
 1385    1  1.0     0.039   0.833   0.003   0.994
 1386    1  1.0     0.051   0.847   0.003   0.994
 1387    1  1.0     0.053   0.860   0.003   0.994
 1388    1  1.0     0.037   0.832   0.003   0.994
 1389    1  1.0     0.039   0.838   0.003   0.994
 1390    1  1.0     0.039   0.833   0.003   0.994
 1391    1  1.0     0.063   1.079   0.037   0.997
 1392    1  1.0     0.066   0.914   0.003   0.994
 1393    1  1.0     0.056   0.902   0.003   0.994
 1394    1  1.0     0.056   1.050   0.037   0.997
 1395    1  1.0     0.060   1.009   0.003   0.994
 1396    1  1.0     0.040   0.906   0.003   0.994
 1397    1  1.0     0.049   0.912   0.003   0.994
 1398    1  1.0     0.043   0.905   0.003   0.994
 1399    1  1.0     0.055   0.911   0.003   0.994
 1400    1  1.0     0.058   0.891   0.037   0.997
 1401    1  1.0     0.044   0.909   0.037   0.997
 1402    1  1.0     0.044   0.985   0.037   0.997
 1403    1  1.0     0.051   1.081   0.003   0.994
 1404    1  1.0     0.066   0.923   0.003   0.994
 1405    1  1.0     0.058   0.913   0.003   0.994
 1406    1  1.0     0.052   0.890   0.037   0.997
 1407    1  1.0     0.047   0.978   0.037   0.997
 1408    1  1.0     0.063   0.999   0.003   0.994
 1409    1  1.0     0.042   0.914   0.003   0.994
 1410    1  1.0     0.047   0.918   0.003   0.994
 1411    1  1.0     0.032   0.913   0.003   0.994
 1412    1  1.0     0.047   0.923   0.003   0.994
 1413    1  1.0     0.043   0.905   0.003   0.994
 1414    1  1.0     0.040   0.905   0.003   0.994
 1415    1  1.0     0.050   1.062   0.037   0.997
 1416    1  1.0     0.053   0.966   0.003   0.994
 1417    1  1.0     0.041   0.942   0.003   0.994
 1418    1  1.0     0.055   0.932   0.045   0.995
 1419    1  1.0     0.045   0.830   0.003   0.994
 1420    1  1.0     0.046   0.833   0.003   0.994
 1421    1  1.0     0.052   0.840   0.003   0.994
 1422    1  1.0     0.036   0.992   0.037   0.997
 1423    1  1.0     0.064   0.994   0.003   0.994
 1424    1  1.0     0.057   0.915   0.003   0.994
 1425    1  1.0     0.040   0.909   0.003   0.994
 1426    1  1.0     0.047   0.903   0.003   0.994
 1427    1  1.0     0.049   0.910   0.003   0.994
 1428    1  1.0     0.039   1.018   0.037   0.997
 1429    1  1.0     0.056   0.977   0.003   0.994
 1430    1  1.0     0.053   0.830   0.003   0.994
 1431    1  1.0     0.041   0.828   0.003   0.994
 1432    1  1.0     0.045   0.835   0.003   0.994
 1433    1  1.0     0.046   1.033   0.037   0.997
 1434    1  1.0     0.060   1.000   0.003   0.994
 1435    1  1.0     0.052   0.916   0.003   0.994
 1436    1  1.0     0.055   0.926   0.003   0.994
 1437    1  1.0     0.049   0.918   0.003   0.994
 1438    1  1.0     0.054   0.910   0.003   0.994
 1439    1  1.0     0.058   1.056   0.037   0.997
 1440    1  1.0     0.049   1.004   0.003   0.994
 1441    1  1.0     0.046   0.929   0.003   0.994
 1442    1  1.0     0.051   0.920   0.003   0.994
 1443    1  1.0     0.050   0.977   0.003   0.994
 1444    1  1.0     0.042   0.830   0.003   0.994
 1445    1  1.0     0.052   0.829   0.003   0.994
 1446    1  1.0     0.058   0.911   0.003   0.994
 1447    1  1.0     0.036   0.829   0.003   0.994
 1448    1  1.0     0.042   0.835   0.003   0.994
 1449    1  1.0     0.036   0.836   0.003   0.994
 1450    1  1.0     0.060   1.049   0.037   0.997
 1451    1  1.0     0.057   1.008   0.003   0.994
 1452    1  1.0     0.055   0.911   0.003   0.994
 1453    1  1.0     0.055   0.912   0.003   0.994
 1454    1  1.0     0.056   0.928   0.003   0.994
 1455    1  1.0     0.051   0.905   0.003   0.994
 1456    1  1.0     0.056   0.892   0.037   0.997
 1457    1  1.0     0.065   0.945   0.037   0.997
 1458    1  1.0     0.061   1.034   0.037   0.997
 1459    1  1.0     0.069   0.993   0.003   0.994
 1460    1  1.0     0.060   0.915   0.003   0.994
 1461    1  1.0     0.060   0.916   0.003   0.994
 1462    1  1.0     0.055   1.063   0.037   0.997
 1463    1  1.0     0.071   0.994   0.003   0.994
 1464    1  1.0     0.048   0.941   0.003   0.994
 1465    1  1.0     0.046   0.947   0.003   0.994
 1466    1  1.0     0.054   1.022   0.003   0.994
 1467    1  1.0     0.048   1.007   0.003   0.994
 1468    1  1.0     0.040   0.937   0.003   0.994
 1469    1  1.0     0.041   0.922   0.003   0.994
 1470    1  1.0     0.044   0.921   0.003   0.994
 1471    1  1.0     0.055   1.037   0.037   0.997
 1472    1  1.0     0.049   0.991   0.003   0.994
 1473    1  1.0     0.050   0.987   0.003   0.994
 1474    1  1.0     0.039   0.925   0.003   0.994
 1475    1  1.0     0.043   0.912   0.003   0.994
 1476    1  1.0     0.052   0.836   0.003   0.994
 1477    1  1.0     0.057   0.869   0.003   0.994
 1478    1  1.0     0.045   0.840   0.003   0.994
 1479    1  1.0     0.043   0.829   0.003   0.994
 1480    1  1.0     0.045   0.838   0.003   0.994
 1481    1  1.0     0.035   0.839   0.003   0.994
 1482    1  1.0     0.062   1.073   0.037   0.997
 1483    1  1.0     0.068   1.008   0.003   0.994
 1484    1  1.0     0.059   0.911   0.003   0.994
 1485    1  1.0     0.057   0.910   0.003   0.994
 1486    1  1.0     0.053   0.892   0.037   0.997
 1487    1  1.0     0.051   0.901   0.037   0.997
 1488    1  1.0     0.060   1.027   0.037   0.997
 1489    1  1.0     0.062   0.985   0.003   0.994
 1490    1  1.0     0.061   0.924   0.003   0.994
 1491    1  1.0     0.054   0.903   0.003   0.994
 1492    1  1.0     0.053   0.907   0.003   0.994
 1493    1  1.0     0.059   0.951   0.003   0.994
 1494    1  1.0     0.055   1.055   0.037   0.997
 1495    1  1.0     0.063   1.005   0.003   0.994
 1496    1  1.0     0.042   1.016   0.003   0.994
 1497    1  1.0     0.033   0.834   0.003   0.994
 1498    1  1.0     0.052   0.855   0.003   0.994
 1499    1  1.0     0.046   0.839   0.003   0.994
 1500    1  1.0     0.037   0.832   0.003   0.994
 1501    1  1.0     0.040   0.837   0.003   0.994
 1502    1  1.0     0.046   0.859   0.003   0.994
 1503    1  1.0     0.059   1.129   0.037   0.998
 1504    1  1.0     0.042   1.061   0.003   0.994
 1505    1  1.0     0.064   0.913   0.003   0.994
 1506    1  1.0     0.045   0.917   0.003   0.994
 1507    1  1.0     0.047   1.049   0.037   0.997
 1508    1  1.0     0.066   1.011   0.003   0.994
 1509    1  1.0     0.050   0.833   0.003   0.994
 1510    1  1.0     0.046   0.828   0.003   0.994
 1511    1  1.0     0.046   0.834   0.003   0.994
 1512    1  1.0     0.042   1.052   0.037   0.997
 1513    1  1.0     0.060   1.003   0.003   0.994
 1514    1  1.0     0.051   0.908   0.003   0.994
 1515    1  1.0     0.061   0.916   0.003   0.994
 1516    1  1.0     0.056   1.079   0.037   0.997
 1517    1  1.0     0.065   0.909   0.003   0.994
 1518    1  1.0     0.062   0.906   0.003   0.994
 1519    1  1.0     0.035   1.130   0.037   0.998
 1520    1  1.0     0.063   0.992   0.003   0.994
 1521    1  1.0     0.048   0.917   0.003   0.994
 1522    1  1.0     0.056   0.914   0.003   0.994
 1523    1  1.0     0.003   1.291   0.037   1.140
 1524    1  1.0     0.051   0.937   0.037   0.997
 1525    1  1.0     0.060   1.108   0.037   0.997
 1526    1  1.0     0.060   0.919   0.003   0.994
 1527    1  1.0     0.055   0.903   0.003   0.994
 1528    1  1.0     0.040   1.123   0.037   0.997
 1529    1  1.0     0.057   1.003   0.003   0.994
 1530    1  1.0     0.048   0.953   0.003   0.994
 1531    1  1.0     0.049   0.948   0.045   0.995
 1532    1  1.0     0.038   0.828   0.003   0.994
 1533    1  1.0     0.043   0.832   0.003   0.994
 1534    1  1.0     0.051   0.839   0.003   0.994
 1535    1  1.0     0.056   1.043   0.037   0.997
 1536    1  1.0     0.035   1.127   0.003   0.994
 1537    1  1.0     0.043   0.990   0.003   0.994
 1538    1  1.0     0.041   0.914   0.003   0.994
 1539    1  1.0     0.041   0.911   0.003   0.994
 1540    1  1.0     0.033   0.834   0.003   0.994
 1541    1  1.0     0.056   0.860   0.003   0.994
 1542    1  1.0     0.043   0.832   0.003   0.994
 1543    1  1.0     0.041   0.828   0.003   0.994
 1544    1  1.0     0.034   0.831   0.003   0.994
 1545    1  1.0     0.034   0.837   0.003   0.994
 1546    1  1.0     0.032   1.114   0.037   0.997
 1547    1  1.0     0.055   1.003   0.003   0.994
 1548    1  1.0     0.045   0.914   0.003   0.994
 1549    1  1.0     0.048   0.907   0.003   0.994
 1550    1  1.0     0.040   0.987   0.037   0.997
 1551    1  1.0     0.059   1.018   0.003   0.994
 1552    1  1.0     0.042   0.926   0.003   0.994
 1553    1  1.0     0.050   0.912   0.003   0.994
 1554    1  1.0     0.068   0.918   0.003   0.995
 1555    1  1.0     0.060   0.912   0.003   0.995
 1556    1  1.0     0.065   0.906   0.003   0.995
 1557    1  1.0     0.054   0.904   0.003   0.995
 1558    1  1.0     0.058   0.906   0.003   0.995
 1559    1  1.0     0.048   0.980   0.003   0.994
 1560    1  1.0     0.042   0.909   0.003   0.994
 1561    1  1.0     0.052   0.928   0.003   0.994
 1562    1  1.0     0.039   0.925   0.003   0.994
 1563    1  1.0     0.042   0.913   0.003   0.994
 1564    1  1.0     0.059   0.945   0.003   0.994
 1565    1  1.0     0.039   0.908   0.003   0.994
 1566    1  1.0     0.062   1.086   0.037   0.997
 1567    1  1.0     0.055   0.982   0.003   0.994
 1568    1  1.0     0.055   0.922   0.003   0.994
 1569    1  1.0     0.052   0.928   0.003   0.994
 1570    1  1.0     0.066   1.061   0.003   0.994
 1571    1  1.0     0.047   0.922   0.003   0.994
 1572    1  1.0     0.057   1.078   0.037   0.997
 1573    1  1.0     0.049   0.980   0.003   0.994
 1574    1  1.0     0.052   0.932   0.003   0.994
 1575    1  1.0     0.041   0.919   0.003   0.994
 1576    1  1.0     0.055   0.912   0.003   0.995
 1577    1  1.0     0.064   0.916   0.003   0.995
 1578    1  1.0     0.061   0.905   0.003   0.995
 1579    1  1.0     0.066   0.920   0.003   0.995
 1580    1  1.0     0.058   0.908   0.003   0.995
 1581    1  1.0     0.064   1.242   0.037   1.000
 1582    1  1.0     0.051   0.987   0.003   0.994
 1583    1  1.0     0.049   0.919   0.003   0.994
 1584    1  1.0     0.053   0.918   0.003   0.994
 1585    1  1.0     0.045   0.993   0.003   0.994
 1586    1  1.0     0.033   0.831   0.003   0.994
 1587    1  1.0     0.046   0.841   0.003   0.994
 1588    1  1.0     0.039   0.836   0.003   0.994
 1589    1  1.0     0.035   0.832   0.003   0.994
 1590    1  1.0     0.041   0.839   0.003   0.994
 1591    1  1.0     0.039   0.832   0.003   0.994
 1592    1  1.0     0.054   1.045   0.037   0.997
 1593    1  1.0     0.052   0.984   0.003   0.994
 1594    1  1.0     0.052   0.946   0.003   0.994
 1595    1  1.0     0.068   1.039   0.045   0.995
 1596    1  1.0     0.042   0.826   0.003   0.994
 1597    1  1.0     0.050   0.854   0.003   0.994
 1598    1  1.0     0.046   0.830   0.003   0.994
 1599    1  1.0     0.061   1.052   0.037   0.997
 1600    1  1.0     0.053   0.993   0.003   0.994
 1601    1  1.0     0.053   0.968   0.003   0.994
 1602    1  1.0     0.042   0.905   0.003   0.994
 1603    1  1.0     0.035   0.994   0.003   0.994
 1604    1  1.0     0.048   0.994   0.003   0.994
 1605    1  1.0     0.044   0.928   0.003   0.994
 1606    1  1.0     0.037   0.907   0.003   0.994
 1607    1  1.0     0.046   0.909   0.003   0.994
 1608    1  1.0     0.060   1.122   0.037   0.997
 1609    1  1.0     0.052   1.067   0.003   0.994
 1610    1  1.0     0.053   0.945   0.003   0.994
 1611    1  1.0     0.051   0.910   0.003   0.994
 1612    1  1.0     0.048   1.004   0.003   0.994
 1613    1  1.0     0.057   1.004   0.003   0.994
 1614    1  1.0     0.036   0.916   0.003   0.994
 1615    1  1.0     0.038   0.917   0.003   0.994
 1616    1  1.0     0.039   0.918   0.003   0.994
 1617    1  1.0     0.059   1.103   0.037   0.997
 1618    1  1.0     0.052   0.986   0.003   0.994
 1619    1  1.0     0.041   0.833   0.003   0.994
 1620    1  1.0     0.042   0.831   0.003   0.994
 1621    1  1.0     0.050   0.839   0.003   0.994
 1622    1  1.0     0.052   1.003   0.037   0.997
 1623    1  1.0     0.052   0.984   0.003   0.994
 1624    1  1.0     0.048   0.925   0.003   0.994
 1625    1  1.0     0.050   0.954   0.003   0.994
 1626    1  1.0     0.051   0.902   0.003   0.994
 1627    1  1.0     0.057   0.915   0.003   0.994
 1628    1  1.0     0.045   0.892   0.003   0.994
 1629    1  1.0     0.045   0.907   0.003   0.994
 1630    1  1.0     0.042   0.986   0.037   0.997
 1631    1  1.0     0.051   0.903   0.037   0.997
 1632    1  1.0     0.045   0.962   0.037   0.997
 1633    1  1.0     0.046   0.900   0.037   0.997
 1634    1  1.0     0.048   0.899   0.037   0.997
 1635    1  1.0     0.058   1.077   0.037   0.997
 1636    1  1.0     0.056   0.990   0.003   0.994
 1637    1  1.0     0.052   0.921   0.003   0.994
 1638    1  1.0     0.043   0.912   0.003   0.994
 1639    1  1.0     0.045   0.907   0.003   0.994
 1640    1  1.0     0.044   0.933   0.003   0.994
 1641    1  1.0     0.038   0.927   0.003   0.994
 1642    1  1.0     0.040   0.905   0.003   0.994
 1643    1  1.0     0.035   0.889   0.003   0.994
 1644    1  1.0     0.037   0.893   0.003   0.994
 1645    1  1.0    -0.000   0.894   0.037   0.997
 1646    1  1.0     0.000   0.900   0.037   0.997
 1647    1  1.0    -0.001   0.886   0.037   0.997
 1648    1  1.0     0.061   1.054   0.037   0.997
 1649    1  1.0     0.050   0.998   0.003   0.994
 1650    1  1.0     0.050   0.943   0.003   0.994
 1651    1  1.0     0.042   0.972   0.003   0.994
 1652    1  1.0     0.050   1.009   0.003   0.994
 1653    1  1.0     0.062   1.007   0.003   0.994
 1654    1  1.0     0.048   0.910   0.003   0.994
 1655    1  1.0     0.044   0.911   0.003   0.994
 1656    1  1.0     0.038   0.914   0.003   0.994
 1657    1  1.0     0.055   1.030   0.037   0.997
 1658    1  1.0     0.057   0.990   0.003   0.994
 1659    1  1.0     0.049   0.920   0.003   0.994
 1660    1  1.0     0.054   0.917   0.003   0.994
 1661    1  1.0     0.048   0.911   0.003   0.994
 1662    1  1.0     0.042   0.912   0.003   0.994
 1663    1  1.0     0.039   0.906   0.003   0.994
 1664    1  1.0     0.040   0.904   0.003   0.994
 1665    1  1.0     0.036   0.888   0.003   0.994
 1666    1  1.0     0.037   0.888   0.003   0.994
 1667    1  1.0     0.002   0.891   0.037   0.997
 1668    1  1.0     0.002   0.885   0.037   0.997
 1669    1  1.0    -0.000   0.882   0.037   0.997
 1670    1  1.0     0.061   1.023   0.037   0.997
 1671    1  1.0     0.062   0.995   0.003   0.994
 1672    1  1.0     0.061   0.912   0.003   0.994
 1673    1  1.0     0.058   0.909   0.003   0.994
 1674    1  1.0     0.058   1.053   0.037   0.997
 1675    1  1.0     0.057   0.974   0.003   0.994
 1676    1  1.0     0.054   0.952   0.003   0.994
 1677    1  1.0     0.066   1.007   0.045   0.995
 1678    1  1.0     0.043   0.828   0.003   0.994
 1679    1  1.0     0.057   0.853   0.003   0.994
 1680    1  1.0     0.049   0.832   0.003   0.994
 1681    1  1.0     0.065   1.096   0.037   0.997
 1682    1  1.0     0.066   0.991   0.003   0.994
 1683    1  1.0     0.060   0.907   0.003   0.994
 1684    1  1.0     0.059   0.910   0.003   0.994
 1685    1  1.0     0.058   1.110   0.037   0.997
 1686    1  1.0     0.059   0.976   0.003   0.994
 1687    1  1.0     0.050   0.868   0.003   0.994
 1688    1  1.0     0.051   0.874   0.003   0.994
 1689    1  1.0     0.065   0.958   0.045   0.995
 1690    1  1.0     0.059   1.111   0.037   0.997
 1691    1  1.0     0.061   0.988   0.003   0.994
 1692    1  1.0     0.054   0.915   0.003   0.994
 1693    1  1.0     0.062   0.925   0.003   0.994
 1694    1  1.0     0.057   0.916   0.003   0.994
 1695    1  1.0     0.050   0.903   0.003   0.994
 1696    1  1.0     0.058   1.016   0.037   0.997
 1697    1  1.0     0.068   1.025   0.003   0.994
 1698    1  1.0     0.054   0.909   0.003   0.994
 1699    1  1.0     0.055   0.909   0.003   0.994
 1700    1  1.0     0.067   0.918   0.003   0.994
 1701    1  1.0     0.056   0.902   0.003   0.994
 1702    1  1.0     0.061   1.056   0.037   0.997
 1703    1  1.0     0.065   1.003   0.003   0.994
 1704    1  1.0     0.062   0.924   0.003   0.994
 1705    1  1.0     0.056   0.915   0.003   0.994
 1706    1  1.0     0.063   0.926   0.003   0.994
 1707    1  1.0     0.062   0.926   0.003   0.994
 1708    1  1.0     0.057   1.051   0.037   0.997
 1709    1  1.0     0.052   0.981   0.003   0.994
 1710    1  1.0     0.052   0.989   0.003   0.994
 1711    1  1.0     0.051   0.925   0.003   0.994
 1712    1  1.0     0.041   0.910   0.003   0.994
 1713    1  1.0     0.037   0.834   0.003   0.994
 1714    1  1.0     0.048   0.848   0.003   0.994
 1715    1  1.0     0.042   0.833   0.003   0.994
 1716    1  1.0     0.044   0.826   0.003   0.994
 1717    1  1.0     0.048   0.829   0.003   0.994
 1718    1  1.0     0.041   0.834   0.003   0.994
 1719    1  1.0     0.056   1.039   0.037   0.997
 1720    1  1.0     0.054   0.996   0.003   0.994
 1721    1  1.0     0.050   0.913   0.003   0.994
 1722    1  1.0     0.057   0.910   0.003   0.994
 1723    1  1.0     0.057   0.939   0.003   0.994
 1724    1  1.0     0.053   0.928   0.003   0.994
 1725    1  1.0     0.046   0.902   0.003   0.994
 1726    1  1.0     0.051   0.905   0.003   0.994
 1727    1  1.0     0.048   1.008   0.037   0.997
 1728    1  1.0     0.050   0.901   0.037   0.997
 1729    1  1.0     0.049   0.920   0.037   0.997
 1730    1  1.0     0.050   0.898   0.037   0.997
 1731    1  1.0     0.056   0.900   0.037   0.997
 1732    1  1.0     0.058   1.042   0.037   0.997
 1733    1  1.0     0.055   0.985   0.003   0.994
 1734    1  1.0     0.057   0.913   0.003   0.994
 1735    1  1.0     0.060   0.917   0.003   0.994
 1736    1  1.0     0.070   1.074   0.003   0.994
 1737    1  1.0     0.052   0.919   0.003   0.994
 1738    1  1.0     0.056   1.053   0.037   0.997
 1739    1  1.0     0.053   0.976   0.003   0.994
 1740    1  1.0     0.043   0.828   0.003   0.994
 1741    1  1.0     0.046   0.827   0.003   0.994
 1742    1  1.0     0.051   0.835   0.003   0.994
 1743    1  1.0     0.056   1.053   0.037   0.997
 1744    1  1.0     0.058   0.978   0.003   0.994
 1745    1  1.0     0.052   0.922   0.003   0.994
 1746    1  1.0     0.050   0.917   0.003   0.994
 1747    1  1.0     0.070   0.944   0.003   0.995
 1748    1  1.0     0.066   0.916   0.003   0.995
 1749    1  1.0     0.071   0.912   0.003   0.995
 1750    1  1.0     0.070   0.906   0.003   0.995
 1751    1  1.0     0.077   0.919   0.003   0.995
 1752    1  1.0     0.058   1.043   0.037   0.997
 1753    1  1.0     0.055   1.005   0.003   0.994
 1754    1  1.0     0.051   0.925   0.003   0.994
 1755    1  1.0     0.054   0.915   0.003   0.994
 1756    1  1.0     0.052   0.912   0.003   0.994
 1757    1  1.0     0.043   0.910   0.003   0.994
 1758    1  1.0     0.044   0.920   0.003   0.994
 1759    1  1.0     0.043   0.905   0.003   0.994
 1760    1  1.0     0.041   0.990   0.037   0.997
 1761    1  1.0     0.051   0.902   0.037   0.997
 1762    1  1.0     0.045   0.928   0.037   0.997
 1763    1  1.0     0.065   0.927   0.037   0.997
 1764    1  1.0     0.048   0.902   0.037   0.997
 1765    1  1.0     0.058   1.031   0.037   0.997
 1766    1  1.0     0.058   0.982   0.003   0.994
 1767    1  1.0     0.053   0.981   0.003   0.994
 1768    1  1.0     0.038   0.827   0.003   0.994
 1769    1  1.0     0.048   0.845   0.003   0.994
 1770    1  1.0     0.043   0.831   0.003   0.994
 1771    1  1.0     0.042   0.828   0.003   0.994
 1772    1  1.0     0.043   0.832   0.003   0.994
 1773    1  1.0     0.055   0.855   0.003   0.994
 1774    1  1.0     0.058   1.018   0.037   0.997
 1775    1  1.0     0.055   1.004   0.003   0.994
 1776    1  1.0     0.044   0.922   0.003   0.994
 1777    1  1.0     0.048   0.926   0.003   0.994
 1778    1  1.0     0.058   0.917   0.003   0.995
 1779    1  1.0     0.072   0.924   0.003   0.995
 1780    1  1.0     0.058   0.964   0.003   0.995
 1781    1  1.0     0.061   0.909   0.003   0.995
 1782    1  1.0     0.060   0.908   0.003   0.995
 1783    1  1.0     0.063   1.097   0.037   0.997
 1784    1  1.0     0.041   1.046   0.003   0.994
 1785    1  1.0     0.064   0.912   0.003   0.994
 1786    1  1.0     0.055   0.909   0.003   0.994
 1787    1  1.0     0.054   1.093   0.037   0.997
 1788    1  1.0     0.058   1.000   0.003   0.994
 1789    1  1.0     0.044   0.959   0.003   0.994
 1790    1  1.0     0.038   0.906   0.003   0.994
 1791    1  1.0     0.049   0.924   0.003   0.994
 1792    1  1.0     0.040   0.906   0.003   0.994
 1793    1  1.0     0.040   0.907   0.003   0.994
 1794    1  1.0     0.046   0.913   0.003   0.994
 1795    1  1.0     0.039   0.892   0.003   0.994
 1796    1  1.0     0.041   0.888   0.003   0.994
 1797    1  1.0     0.006   0.884   0.037   0.997
 1798    1  1.0     0.002   0.883   0.037   0.997
 1799    1  1.0     0.004   0.894   0.037   0.997
 1800    1  1.0     0.046   1.252   0.037   0.998
 1801    1  1.0     0.058   0.999   0.003   0.994
 1802    1  1.0     0.045   0.913   0.003   0.994
 1803    1  1.0     0.057   0.910   0.003   0.994
 1804    1  1.0     0.066   1.248   0.037   0.998
 1805    1  1.0     0.062   0.908   0.003   0.994
 1806    1  1.0     0.062   0.912   0.003   0.994
 1807    1  1.0     0.028   1.227   0.037   0.998
 1808    1  1.0     0.065   1.019   0.003   0.994
 1809    1  1.0     0.052   0.918   0.003   0.994
 1810    1  1.0     0.055   0.912   0.003   0.994
 1811    1  1.0     0.037   1.012   0.037   0.998
 1812    1  1.0     0.057   0.908   0.037   0.997
 1813    1  1.0     0.062   1.184   0.037   0.998
 1814    1  1.0     0.066   0.916   0.003   0.994
 1815    1  1.0     0.053   0.900   0.003   0.994
 1816    1  1.0     0.031   1.181   0.037   0.998
 1817    1  1.0     0.061   1.001   0.003   0.994
 1818    1  1.0     0.046   0.938   0.003   0.994
 1819    1  1.0     0.036   0.997   0.003   0.994
 1820    1  1.0     0.058   0.922   0.003   0.995
 1821    1  1.0     0.073   0.917   0.003   0.995
 1822    1  1.0     0.061   1.037   0.003   0.995
 1823    1  1.0     0.072   0.905   0.003   0.995
 1824    1  1.0     0.072   0.905   0.003   0.995
 1825    1  1.0     0.065   1.200   0.037   0.999
 1826    1  1.0     0.035   1.065   0.003   0.994
 1827    1  1.0     0.045   0.990   0.003   0.994
 1828    1  1.0     0.052   0.930   0.003   0.994
 1829    1  1.0     0.044   0.913   0.003   0.994
 1830    1  1.0     0.034   0.839   0.003   0.994
 1831    1  1.0     0.049   0.844   0.003   0.994
 1832    1  1.0     0.045   0.837   0.003   0.994
 1833    1  1.0     0.051   0.841   0.003   0.994
 1834    1  1.0     0.039   0.833   0.003   0.994
 1835    1  1.0     0.038   0.840   0.003   0.994
 1836    1  1.0     0.031   1.038   0.037   0.997
 1837    1  1.0     0.052   1.003   0.003   0.994
 1838    1  1.0     0.037   0.884   0.003   0.994
 1839    1  1.0     0.045   0.866   0.003   0.994
 1840    1  1.0     0.034   0.948   0.045   0.995
 1841    1  1.0     0.038   0.992   0.037   0.997
 1842    1  1.0     0.048   0.979   0.003   0.994
 1843    1  1.0     0.050   0.835   0.003   0.994
 1844    1  1.0     0.044   0.827   0.003   0.994
 1845    1  1.0     0.049   0.831   0.003   0.994
 1846    1  1.0     0.039   1.006   0.037   0.997
 1847    1  1.0     0.055   0.984   0.003   0.994
 1848    1  1.0     0.047   0.830   0.003   0.994
 1849    1  1.0     0.043   0.828   0.003   0.994
 1850    1  1.0     0.042   0.833   0.003   0.994
 1851    1  1.0     0.045   1.009   0.037   0.997
 1852    1  1.0     0.051   0.999   0.003   0.994
 1853    1  1.0     0.055   0.938   0.003   0.994
 1854    1  1.0     0.049   0.939   0.003   0.994
 1855    1  1.0     0.037   0.930   0.003   0.994
 1856    1  1.0     0.039   0.947   0.003   0.994
 1857    1  1.0     0.058   1.100   0.037   0.997
 1858    1  1.0     0.050   0.990   0.003   0.994
 1859    1  1.0     0.048   0.919   0.003   0.994
 1860    1  1.0     0.039   0.915   0.003   0.994
 1861    1  1.0     0.044   0.996   0.003   0.994
 1862    1  1.0     0.037   0.831   0.003   0.994
 1863    1  1.0     0.044   0.840   0.003   0.994
 1864    1  1.0     0.039   0.835   0.003   0.994
 1865    1  1.0     0.033   0.873   0.003   0.994
 1866    1  1.0     0.035   0.836   0.003   0.994
 1867    1  1.0     0.037   0.832   0.003   0.994
 1868    1  1.0     0.060   1.100   0.037   0.997
 1869    1  1.0     0.048   0.968   0.003   0.994
 1870    1  1.0     0.049   0.926   0.003   0.994
 1871    1  1.0     0.047   0.913   0.003   0.994
 1872    1  1.0     0.049   0.898   0.003   0.994
 1873    1  1.0     0.045   0.900   0.003   0.994
 1874    1  1.0     0.052   0.898   0.003   0.994
 1875    1  1.0     0.052   0.906   0.003   0.994
 1876    1  1.0     0.043   1.008   0.037   0.997
 1877    1  1.0     0.046   0.900   0.037   0.998
 1878    1  1.0     0.046   0.918   0.037   0.997
 1879    1  1.0     0.047   0.902   0.037   0.997
 1880    1  1.0     0.047   0.902   0.037   0.997
 1881    1  1.0     0.057   1.086   0.037   0.997
 1882    1  1.0     0.054   0.991   0.003   0.994
 1883    1  1.0     0.052   0.919   0.003   0.994
 1884    1  1.0     0.044   0.911   0.003   0.994
 1885    1  1.0     0.025   0.961   0.037   0.997
 1886    1  1.0     0.058   0.878   0.003   0.995
 1887    1  1.0     0.063   0.872   0.003   0.995
 1888    1  1.0     0.058   1.144   0.037   0.998
 1889    1  1.0     0.055   0.987   0.003   0.994
 1890    1  1.0     0.047   0.982   0.003   0.994
 1891    1  1.0     0.044   0.832   0.003   0.994
 1892    1  1.0     0.046   0.858   0.003   0.994
 1893    1  1.0     0.043   0.835   0.003   0.994
 1894    1  1.0     0.054   0.833   0.003   0.994
 1895    1  1.0     0.043   0.834   0.003   0.994
 1896    1  1.0     0.051   0.861   0.003   0.994
 1897    1  1.0     0.059   1.049   0.037   0.997
 1898    1  1.0     0.052   1.095   0.003   0.994
 1899    1  1.0     0.054   0.955   0.003   0.994
 1900    1  1.0     0.057   0.918   0.003   0.994
 1901    1  1.0     0.036   1.002   0.003   0.994
 1902    1  1.0     0.048   1.012   0.003   0.994
 1903    1  1.0     0.043   0.931   0.003   0.994
 1904    1  1.0     0.038   0.933   0.003   0.994
 1905    1  1.0     0.034   0.988   0.003   0.994
 1906    1  1.0     0.058   1.042   0.037   0.997
 1907    1  1.0     0.062   0.982   0.003   0.994
 1908    1  1.0     0.045   0.934   0.003   0.994
 1909    1  1.0     0.058   0.917   0.045   0.995
 1910    1  1.0     0.044   0.828   0.003   0.994
 1911    1  1.0     0.064   0.916   0.003   0.994
 1912    1  1.0     0.055   0.864   0.003   0.994
 1913    1  1.0     0.060   1.053   0.037   0.997
 1914    1  1.0     0.061   0.999   0.003   0.994
 1915    1  1.0     0.055   0.922   0.003   0.994
 1916    1  1.0     0.061   0.908   0.003   0.994
 1917    1  1.0     0.054   0.893   0.037   0.997
 1918    1  1.0     0.049   0.902   0.037   0.997
 1919    1  1.0     0.066   1.178   0.037   0.997
 1920    1  1.0     0.059   0.999   0.003   0.994
 1921    1  1.0     0.051   0.916   0.003   0.994
 1922    1  1.0     0.055   0.916   0.003   0.994
 1923    1  1.0     0.062   1.074   0.003   0.994
 1924    1  1.0     0.037   0.832   0.003   0.994
 1925    1  1.0     0.041   0.830   0.003   0.994
 1926    1  1.0     0.041   0.833   0.003   0.994
 1927    1  1.0     0.039   0.828   0.003   0.994
 1928    1  1.0     0.042   0.832   0.003   0.994
 1929    1  1.0     0.051   0.835   0.003   0.994
 1930    1  1.0     0.061   1.143   0.037   0.997
 1931    1  1.0     0.064   0.915   0.003   0.994
 1932    1  1.0     0.052   0.900   0.003   0.994
 1933    1  1.0     0.064   1.155   0.037   0.998
 1934    1  1.0     0.071   1.034   0.003   0.994
 1935    1  1.0     0.051   0.930   0.003   0.994
 1936    1  1.0     0.055   0.910   0.003   0.994
 1937    1  1.0     0.052   0.917   0.003   0.994
 1938    1  1.0     0.042   0.956   0.003   0.994
 1939    1  1.0     0.047   0.990   0.037   0.997
 1940    1  1.0     0.050   1.039   0.003   0.994
 1941    1  1.0     0.049   0.912   0.003   0.994
 1942    1  1.0     0.048   0.914   0.003   0.994
 1943    1  1.0     0.045   0.918   0.003   0.994
 1944    1  1.0     0.041   0.908   0.003   0.994
 1945    1  1.0     0.038   0.909   0.003   0.994
 1946    1  1.0     0.039   0.912   0.003   0.994
 1947    1  1.0     0.040   0.896   0.003   0.994
 1948    1  1.0     0.041   0.898   0.003   0.994
 1949    1  1.0     0.002   0.894   0.037   0.997
 1950    1  1.0     0.003   0.888   0.037   0.997
 1951    1  1.0     0.002   0.894   0.037   0.997
 1952    1  1.0     0.044   0.999   0.037   0.997
 1953    1  1.0     0.064   0.996   0.003   0.994
 1954    1  1.0     0.043   0.919   0.003   0.994
 1955    1  1.0     0.043   0.929   0.003   0.994
 1956    1  1.0     0.056   1.014   0.003   0.994
 1957    1  1.0     0.035   0.833   0.003   0.994
 1958    1  1.0     0.037   0.832   0.003   0.994
 1959    1  1.0     0.033   0.846   0.003   0.994
 1960    1  1.0     0.050   0.832   0.003   0.994
 1961    1  1.0     0.044   0.836   0.003   0.994
 1962    1  1.0     0.059   0.833   0.003   0.994
 1963    1  1.0     0.051   1.050   0.037   0.997
 1964    1  1.0     0.054   0.993   0.003   0.994
 1965    1  1.0     0.044   0.940   0.003   0.994
 1966    1  1.0     0.057   0.949   0.045   0.995
 1967    1  1.0     0.047   0.826   0.003   0.994
 1968    1  1.0     0.045   0.829   0.003   0.994
 1969    1  1.0     0.052   0.835   0.003   0.994
 1970    1  1.0     0.043   0.998   0.037   0.997
 1971    1  1.0     0.063   0.990   0.003   0.994
 1972    1  1.0     0.067   0.919   0.003   0.994
 1973    1  1.0     0.055   0.916   0.003   0.994
 1974    1  1.0     0.039   1.012   0.037   0.997
 1975    1  1.0     0.072   0.996   0.003   0.994
 1976    1  1.0     0.044   0.913   0.003   0.994
 1977    1  1.0     0.055   0.920   0.003   0.994
 1978    1  1.0     0.069   0.922   0.003   0.994
 1979    1  1.0     0.057   0.904   0.003   0.994
 1980    1  1.0     0.045   1.023   0.037   0.997
 1981    1  1.0     0.063   1.001   0.003   0.994
 1982    1  1.0     0.053   0.909   0.003   0.994
 1983    1  1.0     0.051   0.913   0.003   0.994
 1984    1  1.0     0.045   0.923   0.003   0.994
 1985    1  1.0     0.058   0.908   0.003   0.994
 1986    1  1.0     0.053   1.028   0.037   0.997
 1987    1  1.0     0.044   1.121   0.003   0.994
 1988    1  1.0     0.043   0.984   0.003   0.994
 1989    1  1.0     0.038   0.839   0.003   0.994
 1990    1  1.0     0.032   0.836   0.003   0.994
 1991    1  1.0     0.046   0.841   0.003   0.994
 1992    1  1.0     0.047   0.833   0.003   0.994
 1993    1  1.0     0.058   0.850   0.003   0.994
 1994    1  1.0     0.053   0.852   0.003   0.994
 1995    1  1.0     0.060   1.040   0.037   0.997
 1996    1  1.0     0.063   0.993   0.003   0.994
 1997    1  1.0     0.056   0.925   0.003   0.994
 1998    1  1.0     0.066   0.936   0.003   0.994
 1999    1  1.0     0.056   1.046   0.037   0.997
 2000    1  1.0     0.057   0.998   0.003   0.994
 2001    1  1.0     0.060   0.905   0.003   0.994
 2002    1  1.0     0.063   0.910   0.003   0.994
 2003    1  1.0     0.060   0.923   0.003   0.994
 2004    1  1.0     0.051   0.929   0.003   0.994
 2005    1  1.0     0.054   1.027   0.037   0.997
 2006    1  1.0     0.061   0.989   0.003   0.994
 2007    1  1.0     0.046   0.942   0.003   0.994
 2008    1  1.0     0.044   0.946   0.003   0.994
 2009    1  1.0     0.057   1.046   0.003   0.994
 2010    1  1.0     0.049   1.003   0.003   0.994
 2011    1  1.0     0.032   0.940   0.003   0.994
 2012    1  1.0     0.037   1.049   0.003   0.994
 2013    1  1.0     0.034   1.002   0.003   0.994
 2014    1  1.0     0.056   1.071   0.037   0.997
 2015    1  1.0     0.049   0.991   0.003   0.994
 2016    1  1.0     0.051   0.989   0.003   0.994
 2017    1  1.0     0.040   0.909   0.003   0.994
 2018    1  1.0     0.051   0.946   0.003   0.994
 2019    1  1.0     0.050   0.831   0.003   0.994
 2020    1  1.0     0.053   0.855   0.003   0.994
 2021    1  1.0     0.044   0.836   0.003   0.994
 2022    1  1.0     0.040   0.827   0.003   0.994
 2023    1  1.0     0.044   0.833   0.003   0.994
 2024    1  1.0     0.036   0.836   0.003   0.994
 2025    1  1.0     0.059   1.071   0.037   0.997
 2026    1  1.0     0.054   0.993   0.003   0.994
 2027    1  1.0     0.051   0.932   0.003   0.994
 2028    1  1.0     0.053   0.915   0.003   0.994
 2029    1  1.0     0.055   0.921   0.003   0.994
 2030    1  1.0     0.044   0.912   0.003   0.994
 2031    1  1.0     0.046   0.905   0.003   0.994
 2032    1  1.0     0.044   0.898   0.003   0.994
 2033    1  1.0     0.043   0.987   0.037   0.997
 2034    1  1.0     0.054   0.898   0.037   0.997
 2035    1  1.0     0.049   0.920   0.037   0.997
 2036    1  1.0     0.054   0.902   0.037   0.997
 2037    1  1.0     0.051   0.899   0.037   0.997
 2038    1  1.0     0.058   1.050   0.037   0.997
 2039    1  1.0     0.060   0.993   0.003   0.994
 2040    1  1.0     0.063   0.921   0.003   0.994
 2041    1  1.0     0.056   0.912   0.003   0.994
 2042    1  1.0     0.059   0.913   0.003   0.994
 2043    1  1.0     0.056   0.983   0.003   0.994
 2044    1  1.0     0.060   1.032   0.037   0.997
 2045    1  1.0     0.057   1.020   0.003   0.994
 2046    1  1.0     0.046   0.831   0.003   0.994
 2047    1  1.0     0.038   0.839   0.003   0.994
 2048    1  1.0     0.047   0.833   0.003   0.994
 2049    1  1.0     0.061   1.060   0.037   0.997
 2050    1  1.0     0.031   1.154   0.003   0.994
 2051    1  1.0     0.065   0.915   0.003   0.994
 2052    1  1.0     0.048   0.924   0.003   0.994
 2053    1  1.0     0.051   1.066   0.037   0.997
 2054    1  1.0     0.060   0.997   0.003   0.994
 2055    1  1.0     0.042   0.988   0.003   0.994
 2056    1  1.0     0.046   0.918   0.003   0.994
 2057    1  1.0     0.044   0.914   0.003   0.994
 2058    1  1.0     0.039   0.837   0.003   0.994
 2059    1  1.0     0.052   0.855   0.003   0.994
 2060    1  1.0     0.048   0.832   0.003   0.994
 2061    1  1.0     0.038   0.830   0.003   0.994
 2062    1  1.0     0.038   0.833   0.003   0.994
 2063    1  1.0     0.039   0.840   0.003   0.994
 2064    1  1.0     0.039   1.192   0.037   0.997
 2065    1  1.0     0.060   1.010   0.003   0.994
 2066    1  1.0     0.044   0.913   0.003   0.994
 2067    1  1.0     0.058   0.901   0.003   0.994
 2068    1  1.0     0.062   1.143   0.037   0.997
 2069    1  1.0     0.064   0.909   0.003   0.994
 2070    1  1.0     0.065   0.914   0.003   0.994
 2071    1  1.0     0.022   1.334   0.037   1.010
 2072    1  1.0     0.067   1.016   0.003   0.994
 2073    1  1.0     0.054   0.922   0.003   0.994
 2074    1  1.0     0.063   0.904   0.003   0.994
 2075    1  1.0     0.055   1.144   0.037   0.997
 2076    1  1.0     0.066   0.924   0.003   0.994
 2077    1  1.0     0.056   0.901   0.003   0.994
 2078    1  1.0     0.037   1.208   0.037   0.998
 2079    1  1.0     0.053   0.985   0.003   0.994
 2080    1  1.0     0.051   0.951   0.003   0.994
 2081    1  1.0     0.049   0.927   0.003   0.994
 2082    1  1.0     0.065   0.919   0.003   0.994
 2083    1  1.0     0.058   0.916   0.003   0.994
 2084    1  1.0     0.032   1.143   0.037   0.997
 2085    1  1.0     0.041   0.965   0.037   0.997
 2086    1  1.0     0.060   1.120   0.037   0.998
 2087    1  1.0     0.034   1.099   0.003   0.994
 2088    1  1.0     0.042   0.990   0.003   0.994
 2089    1  1.0     0.035   0.831   0.003   0.994
 2090    1  1.0     0.055   0.853   0.003   0.994
 2091    1  1.0     0.043   0.837   0.003   0.994
 2092    1  1.0     0.036   0.832   0.003   0.994
 2093    1  1.0     0.043   0.836   0.003   0.994
 2094    1  1.0     0.039   0.839   0.003   0.994
 2095    1  1.0     0.029   1.106   0.037   0.997
 2096    1  1.0     0.059   1.008   0.003   0.994
 2097    1  1.0     0.045   0.916   0.003   0.994
 2098    1  1.0     0.059   0.902   0.003   0.994
 2099    1  1.0     0.043   0.985   0.037   0.997
 2100    1  1.0     0.064   1.204   0.037   0.998
 2101    1  1.0     0.045   0.992   0.037   0.997
 2102    1  1.0     0.061   1.009   0.003   0.994
 2103    1  1.0     0.059   0.920   0.003   0.994
 2104    1  1.0     0.051   0.908   0.003   0.994
 2105    1  1.0     0.068   0.920   0.003   0.995
 2106    1  1.0     0.076   0.914   0.003   0.995
 2107    1  1.0     0.061   0.909   0.003   0.995
 2108    1  1.0     0.068   0.908   0.003   0.995
 2109    1  1.0     0.073   1.098   0.045   0.995
 2110    1  1.0     0.063   1.162   0.037   0.997
 2111    1  1.0     0.057   0.993   0.003   0.994
 2112    1  1.0     0.045   0.906   0.003   0.994
 2113    1  1.0     0.053   0.911   0.003   0.994
 2114    1  1.0     0.051   0.904   0.003   0.994
 2115    1  1.0     0.052   0.899   0.003   0.994
 2116    1  1.0     0.038   1.285   0.037   1.001
 2117    1  1.0     0.051   0.998   0.003   0.994
 2118    1  1.0     0.056   0.929   0.003   0.994
 2119    1  1.0     0.047   0.939   0.003   0.994
 2120    1  1.0     0.044   0.950   0.003   0.994
 2121    1  1.0     0.042   0.918   0.003   0.994
 2122    1  1.0     0.058   1.075   0.037   0.997
 2123    1  1.0     0.053   0.976   0.003   0.994
 2124    1  1.0     0.057   0.939   0.003   0.994
 2125    1  1.0     0.046   0.918   0.003   0.994
 2126    1  1.0     0.062   0.913   0.003   0.995
 2127    1  1.0     0.056   0.911   0.003   0.995
 2128    1  1.0     0.064   0.904   0.003   0.995
 2129    1  1.0     0.062   0.905   0.003   0.995
 2130    1  1.0     0.062   0.904   0.003   0.995
 2131    1  1.0     0.057   1.081   0.037   0.997
 2132    1  1.0     0.053   0.991   0.003   0.994
 2133    1  1.0     0.052   0.989   0.003   0.994
 2134    1  1.0     0.045   0.832   0.003   0.994
 2135    1  1.0     0.055   0.855   0.003   0.994
 2136    1  1.0     0.047   0.837   0.003   0.994
 2137    1  1.0     0.051   0.837   0.003   0.994
 2138    1  1.0     0.041   0.838   0.003   0.994
 2139    1  1.0     0.058   0.846   0.003   0.994
 2140    1  1.0     0.056   1.043   0.037   0.997
 2141    1  1.0     0.061   0.986   0.003   0.994
 2142    1  1.0     0.048   0.943   0.003   0.994
 2143    1  1.0     0.060   0.926   0.045   0.995
 2144    1  1.0     0.040   0.827   0.003   0.994
 2145    1  1.0     0.055   0.850   0.003   0.994
 2146    1  1.0     0.050   0.831   0.003   0.994
 2147    1  1.0     0.061   1.054   0.037   0.997
 2148    1  1.0     0.062   1.020   0.003   0.994
 2149    1  1.0     0.047   0.907   0.003   0.994
 2150    1  1.0     0.043   0.932   0.003   0.994
 2151    1  1.0     0.046   0.992   0.003   0.994
 2152    1  1.0     0.038   0.987   0.003   0.994
 2153    1  1.0     0.054   0.951   0.003   0.994
 2154    1  1.0     0.044   0.941   0.003   0.994
 2155    1  1.0     0.045   0.966   0.003   0.994
 2156    1  1.0     0.034   1.231   0.037   1.001
 2157    1  1.0     0.057   1.087   0.003   0.994
 2158    1  1.0     0.068   0.849   0.003   0.995
 2159    1  1.0     0.044   0.934   0.003   0.994
 2160    1  1.0     0.047   0.943   0.003   0.994
 2161    1  1.0     0.043   1.023   0.003   0.994
 2162    1  1.0     0.041   1.005   0.003   0.994
 2163    1  1.0     0.042   0.910   0.003   0.994
 2164    1  1.0     0.042   0.911   0.003   0.994
 2165    1  1.0     0.042   0.911   0.003   0.994
 2166    1  1.0     0.034   0.740   0.009   0.919
 2167    1  1.0     0.015   0.875   0.009   0.919
 2168    1  1.0     0.044   0.647   0.009   0.919
 2169    1  1.0     0.046   0.654   0.009   0.919
 2170    1  1.0    -0.015   1.191   0.009   1.493
 2171    1  1.0     0.004   1.030   0.009   0.980
 2172    1  1.0     0.058   0.651   0.009   0.919
 2173    1  1.0     0.044   0.646   0.009   0.919
 2174    1  1.0     0.041   0.716   0.009   0.919
 2175    1  1.0     0.045   0.650   0.009   0.919
 2176    1  1.0     0.017   0.852   0.009   0.919
 2177    1  1.0     0.039   0.869   0.009   0.919
 2178    1  1.0     0.039   0.945   0.009   0.919
 2179    1  1.0     0.014   1.232   0.009   1.254
 computing Vecp ...
 WARNING: RUNNING ONLY THE FIRST ITERATION!!!
 PTB H matrix iteration                      1  done. Now solving ...

Total solve2                                 145.331106901 sec
* sygvd solver                               130.964114904 sec

nel: 6263, nel_calc:      6263.00000000
 nel in P=   6263.00000000007      required nel=                  6263
 idempotency deviation  0.174448712017919       9.999999776482582E-003
 Error: density matrix is not idempotent.
 Stupid simple implementation of the submatrix method:                     4                     2
 kmeans                     1   55688797903.0213        1.90700912475586     
 kmeans                    63   21726266995.7064        3.15494894981384     
 kmeans                    62   21492237521.7163        3.15506696701050     
 kmeans                    61   21982866184.9495        3.18440890312195     
 kmeans                    64   21837361928.4211        3.20226693153381     
 kmeans                    58   21106257748.4290        3.24253702163696     
 kmeans                    60   21417306609.1596        3.26071596145630     
 kmeans                    57   21151566049.0352        3.26256012916565     
 kmeans                    59   21711625032.5731        3.28062987327576     
 kmeans                    52   21289901656.6786        3.28387522697449     
 kmeans                    55   21510986493.4151        3.29845905303955     
 kmeans                    54   21476179018.7472        3.32952094078064     
 kmeans                    56   21416672016.5460        3.32981109619141     
 kmeans                    50   20395021722.2436        3.36188006401062     
 kmeans                    53   21395749106.3986        3.36407804489136     
 kmeans                    49   20662947196.0649        3.38179802894592     
 kmeans                    47   20786411546.0080        3.38356089591980     
 kmeans                    51   20864114241.3711        3.38489818572998     
 kmeans                    48   21017153342.1893        3.39012885093689     
 kmeans                    45   20865147007.7265        3.42277288436890     
 kmeans                    41   20288327537.2791        3.43368482589722     
 kmeans                    42   20857975099.4908        3.44066691398621     
 kmeans                    46   20444563370.5602        3.44080686569214     
 kmeans                    44   20720440288.0202        3.44984412193298     
 kmeans                    40   19872329643.0070        3.48048615455627     
 kmeans                    43   20168024417.9182        3.48700594902039     
 kmeans                    39   19574396139.2483        3.54004907608032     
 kmeans                    38   20078531038.6449        3.57978987693787     
 kmeans                    37   19621647766.2314        3.61278200149536     
 kmeans                    36   19751576854.8922        3.64302992820740     
 kmeans                    35   19241974763.4525        3.68452095985413     
 kmeans                     2   22881686501.3583        3.70414900779724     
 kmeans                    33   19202068680.3342        3.74520492553711     
 kmeans                    34   19212607209.7797        3.74553799629211     
 kmeans                    32   18868226784.9950        3.76595211029053     
 kmeans                    31   19128747834.7386        3.77472996711731     
 kmeans                    30   18813448741.4706        3.81348419189453     
 kmeans                    29   18513628655.7893        3.90571308135986     
 kmeans                    28   19137918620.8949        3.91283011436462     
 kmeans                     3   18957512452.7293        3.96452403068542     
 kmeans                    27   18289507675.8290        3.99312210083008     
 kmeans                    26   17964806866.2084        4.00338411331177     
 kmeans                    25   17996752864.3185        4.10249400138855     
 kmeans                    24   17655215527.9257        4.12845301628113     
 kmeans                     4   18666578868.1675        4.15722298622131     
 kmeans                    23   17568135966.9456        4.19342207908630     
 kmeans                    22   18127575704.3676        4.29279899597168     
 kmeans                    20   17238707559.3260        4.30866408348083     
 kmeans                    21   17192465276.6711        4.33122706413269     
 kmeans                    18   16621652490.2903        4.39747905731201     
 kmeans                    19   16289940918.8803        4.41642904281616     
 kmeans                    16   16485671107.2295        4.45452404022217     
 kmeans                     5   17383041731.7790        4.46362519264221     
 kmeans                    17   16186850936.0847        4.47369098663330     
 kmeans                     6   16916714370.2939        4.49089503288269     
 kmeans                    15   15961134592.4033        4.55342888832092     
 kmeans                    13   15901058414.5555        4.56403803825378     
 kmeans                    14   16183391202.7764        4.57089090347290     
 kmeans                     7   16492614475.8021        4.58111810684204     
 kmeans                     9   15506869915.5371        4.66672301292419     
 kmeans                     8   15968105292.7248        4.67574787139893     
 kmeans                    12   15719186588.8078        4.67565202713013     
 kmeans                    10   15272522851.1196        4.72354197502136     
 kmeans                    11   14987777146.4986        4.73655509948730     
 number of submatrices=                    11
 average sm dim=                  4511
 effort for full matrix ops=   55688797903.0213     
 sums of efforts for submatrices=   16193838684.1457     
 ratio  0.290791672543307     
 sm                     1                  4656   3.21719813346863     
 sm                     2                  3897   2.17570304870605     
 sm                     3                  5472   5.42932820320129     
 sm                     4                  4590   3.63533782958984     
 sm                     5                  4223   3.03693294525146     
 sm                     6                  3658   2.13181114196777     
 sm                     7                  3034   1.32908797264099     
 sm                     8                  6611   8.99577808380127     
 sm                     9                  4165   2.92492103576660     
 sm                    10                  4875   4.21288490295410     
 sm                    11                  4444   3.37988710403442     
 muiter                     1 mu  0.000000000000000E+000   17703.3287504845      of                  6263
 muiter                     2 mu  -5.00000000000000        23.9999965353025      of                  6263
 muiter                     3 mu  -2.50000000000000        2694.01086769579      of                  6263
 muiter                     4 mu  -1.25000000000000        7391.51185026392      of                  6263
 muiter                     5 mu  -1.87500000000000        6277.91433517560      of                  6263
 muiter                     6 mu  -2.18750000000000        4846.02240237728      of                  6263
 muiter                     7 mu  -2.03125000000000        5553.47409420155      of                  6263
 muiter                     8 mu  -1.95312500000000        6078.74931090484      of                  6263
 muiter                     9 mu  -1.91406250000000        6274.68365785222      of                  6263
 muiter                    10 mu  -1.93359375000000        6220.69470711305      of                  6263
 muiter                    11 mu  -1.92382812500000        6254.67602405094      of                  6263
 muiter                    12 mu  -1.91894531250000        6267.54703497828      of                  6263
 muiter                    13 mu  -1.92138671875000        6260.48362173643      of                  6263
 muiter                    14 mu  -1.92016601562500        6264.34932528305      of                  6263
 muiter                    15 mu  -1.92077636718750        6262.43938251111      of                  6263
 muiter                    16 mu  -1.92047119140625        6263.40989553623      of                  6263
 muiter                    17 mu  -1.92062377929688        6262.92739424161      of                  6263
 muiter                    18 mu  -1.92054748535156        6263.16948253391      of                  6263
 muiter                    19 mu  -1.92058563232422        6263.04862962341      of                  6263
 muiter                    20 mu  -1.92060470581055        6262.98805743030      of                  6263
 muiter                    21 mu  -1.92059516906738        6263.01835519189      of                  6263
 muiter                    22 mu  -1.92059993743896        6263.00320919114      of                  6263
 muiter                    23 mu  -1.92060232162476        6262.99563402619      of                  6263
 muiter                    24 mu  -1.92060112953186        6262.99942178810      of                  6263
 muiter                    25 mu  -1.92060053348541        6263.00131553455      of                  6263
 muiter                    26 mu  -1.92060083150864        6263.00036867255      of                  6263
 muiter                    27 mu  -1.92060098052025        6262.99989523313      of                  6263
 muiter                    28 mu  -1.92060090601444        6263.00013195354      of                  6263
 muiter                    29 mu  -1.92060094326735        6263.00001359351      of                  6263
 muiter                    30 mu  -1.92060096189380        6262.99995441337      of                  6263
 muiter                    31 mu  -1.92060095258057        6262.99998400345      of                  6263
 muiter                    32 mu  -1.92060094792396        6262.99999879848      of                  6263
 iteration of chemical potential converged
 final iteration to get density matrix

Submatrix                                     64.577227831 sec
* alloc and filter                             3.124207973 sec
* submatrix combination                        8.415921211 sec
* submatrix stats                              3.506474018 sec
* mu iter                                     48.282361031 sec
* submatrix construction                       0.296795845 sec
* submatrix matrix function                   44.456011772 sec
* submatrix eigendecomp                       41.748912096 sec
* submatrix fe                                 2.706159115 sec
* submatrix occ                                0.006806850 sec
* submatrix Nel                                0.002404928 sec
* submatrix final iter                         2.538774729 sec
* submatrix dealloc                            1.248034000 sec
*                                              0.000000000 sec
*                                              0.000000000 sec
*                                              0.000000000 sec
*                                              0.000000000 sec
*                                              0.000000000 sec
*                                              0.000000000 sec
*                                              0.000000000 sec
*                                              0.000000000 sec

 first elements Pref   1.05075203444893       0.285881872991086       7.929198625455287E-002 -2.312982327625910E-002  1.659384170276268E-003  0.582590925303850       1.203375124123215E-002  5.697678508266817E-004  3.532315073156078E-003  0.583653282818004     
 first elements P      1.05075203554158       0.285881873096012       7.929198630276456E-002 -2.312982079690154E-002  1.659384194990857E-003  0.582590931725180       1.203374959666667E-002  5.697678958465815E-004  3.532311150711121E-003  0.583653285064152     
 Sparsity of Pref:
   dimension                                   19875
   nonzero elements                        197548551
   sparsity                     0.500103131363475     
   average elements per column                  9939
 Sparsity of P:
   dimension                                   19875
   nonzero elements                         47907507
   sparsity                     0.121280030378545     
   average elements per column                  2410
 maximal deviation in density matrix  6.698598220718499E-002              40028605  0.000000000000000E+000 -6.698598220718499E-002
 MSE of density matrix  2.340018641801688E-007
 Inf-norm of density matrix  6.698598220718499E-002
 Tr(H Pref)=  -16756.2432074124     
 Tr(H P)=  -16756.2689672791     
 energy deviation abs(Tr(H P)-Tr(H Pref))= -2.575986671217834E-002
 energy deviation per atom abs(Tr(H P)-Tr(H Pref))/n= -1.182187549893453E-005
nel: 6263, nel_calc:      6263.00278305
 nel in P=   6263.00278304971      required nel=                  6263
 idempotency deviation  0.504517619064362       9.999999776482582E-003
 Error: density matrix is not idempotent.
 D4 dispersion energy      :     -0.530017

     ------  PTB results ------
  # element  Z   pop.                shell populations
    1     N   5.0  0.31788523       0.75158978  0.30468184  2.51523513  0.90281370  0.20779433
    2     C   4.0  0.01674482       0.63534874  0.26961088  2.01175582  0.69897081  0.36756893
    3     C   4.0  0.04197685       0.62034661  0.23511951  1.81679434  0.62429345  0.66146926
    4     O   6.0 -0.23609661       1.15590310  0.36239824  3.57194746  0.99472588  0.15112194
    5     C   4.0 -0.03016789       0.63090920  0.26969391  1.95696837  0.69682840  0.47576801
    6     O   6.0 -0.18753129       1.11563528  0.39891687  3.53348595  1.05014738  0.08934581
    7     C   4.0 -0.22316747       0.64934033  0.30056947  2.18606341  0.83096640  0.25622785
    8     N   5.0  0.12857791       0.79971266  0.29106587  2.68086660  0.88243917  0.21733779
    9     C   4.0 -0.01715507       0.62281150  0.26578280  1.99227172  0.71132420  0.42496485
   10     C   4.0 -0.02447803       0.63152343  0.24274945  1.83927757  0.64715070  0.66377688
   11     O   6.0 -0.32453373       1.15567529  0.43576333  3.59531045  1.05500385  0.08278081
   12     C   4.0 -0.15043561       0.63212216  0.28350011  2.12154269  0.77389124  0.33937941
   13     C   4.0 -0.15546585       0.64053029  0.28736821  2.13195229  0.78428666  0.31132841
   14     C   4.0 -0.09912570       0.63941640  0.24565184  1.79817468  0.65452668  0.76135610
   15     O   6.0 -0.45895257       1.17493677  0.44896775  3.66675198  1.08620882  0.08208724
   16     O   6.0 -0.44215996       1.17508829  0.45025930  3.64622128  1.08935687  0.08123422
   17     N   5.0  0.09891643       0.80237156  0.29232955  2.69571376  0.89225683  0.21841187
   18     C   4.0 -0.02739022       0.62106395  0.26419666  1.99996179  0.71059579  0.43157203
   19     C   4.0 -0.00552776       0.62319237  0.23867156  1.83884281  0.63760342  0.66721761
   20     O   6.0 -0.29985697       1.15819967  0.42188627  3.60304999  1.03248215  0.08423890
   21     C   4.0 -0.14436170       0.63103420  0.28273162  2.11893690  0.77078553  0.34087346
   22     C   4.0 -0.15118660       0.63711339  0.28522214  2.13343734  0.78158912  0.31382461
   23     C   4.0 -0.11164224       0.63440341  0.24556129  1.80363566  0.65900418  0.76903771
   24     O   6.0 -0.45854751       1.17267954  0.44666845  3.67457473  1.08185273  0.08277205
   25     O   6.0 -0.42324389       1.16842031  0.44580317  3.64852154  1.07894853  0.08155034
   26     N   5.0  0.11283632       0.79844946  0.28873047  2.70147729  0.87668014  0.22182633
   27     C   4.0  0.04312080       0.61810797  0.26042822  1.97735995  0.68170589  0.41927716
   28     C   4.0 -0.33107095       0.57795995  0.19683020  2.10439223  0.58119226  0.87069631
   29     O   6.0 -0.39149995       1.15112257  0.41117051  3.73154092  1.00703996  0.09062598
   30     C   4.0 -0.10584177       0.62624568  0.27784032  2.10515451  0.76614745  0.33045382
   31     C   4.0 -0.12512652       0.62858665  0.28058162  2.12009680  0.77478397  0.32107747
   32     C   4.0 -0.05096804       0.63320607  0.24379337  1.85247636  0.64996441  0.67152783
   33     O   6.0 -0.37980426       1.16017044  0.43901893  3.63062441  1.06426647  0.08572400
   34     N   5.0  0.07357146       0.81007093  0.31342235  2.70185298  0.94476372  0.15631856
   35     N   5.0  0.20551958       0.71098554  0.23592564  2.67837012  0.75717656  0.41202255
   36     C   4.0  0.06018795       0.61941087  0.26001182  1.98222995  0.69227988  0.38587953
   37     C   4.0 -0.00717696       0.62129688  0.23922312  1.83024633  0.64376579  0.67264483
   38     O   6.0 -0.28975770       1.15989983  0.41754296  3.59383535  1.03223720  0.08624235
   39     C   4.0 -0.10090394       0.62522292  0.26818046  2.07839441  0.73399834  0.39510781
   40     C   4.0 -0.17817330       0.63063163  0.27966818  2.14248574  0.77114697  0.35424078
   41     C   4.0 -0.20183644       0.64070451  0.29375499  2.16624528  0.83624132  0.26489033
   42     C   4.0 -0.19560464       0.63723612  0.28572890  2.21456480  0.79367401  0.26440081
   43     N   5.0  0.10577109       0.80108017  0.28928754  2.70366919  0.88169977  0.21849225
   44     C   4.0 -0.03491903       0.61880285  0.26446092  2.00466156  0.70988566  0.43710805
   45     C   4.0 -0.01686384       0.62726039  0.23971686  1.84044629  0.64394224  0.66549806
   46     O   6.0 -0.32132943       1.15844166  0.42955744  3.59752905  1.05216488  0.08363639
   47     C   4.0 -0.19121801       0.64182115  0.29541439  2.16599083  0.82773365  0.26025799
   48     N   5.0  0.11176228       0.79758030  0.28924948  2.69862354  0.88195240  0.22083199
   49     C   4.0 -0.02368756       0.61843139  0.26340306  1.99849367  0.70845096  0.43490849
   50     C   4.0 -0.01103416       0.62630141  0.23969568  1.83962113  0.64350314  0.66191280
   51     O   6.0 -0.29469856       1.15631866  0.42866284  3.57833409  1.04672009  0.08466288
   52     C   4.0 -0.14345120       0.62545305  0.27761906  2.12500197  0.76687528  0.34850184
   53     C   4.0 -0.16120223       0.63157201  0.27982429  2.14611286  0.77801475  0.32567833
   54     C   4.0 -0.10166471       0.63429499  0.24324195  1.80295169  0.65151697  0.76965910
   55     O   6.0 -0.44021735       1.17206776  0.44717154  3.65575719  1.08337277  0.08184809
   56     O   6.0 -0.45209366       1.17414057  0.44913957  3.65925586  1.08676469  0.08279296
   57     N   5.0  0.15209243       0.79814035  0.28987888  2.66435421  0.87743250  0.21810164
   58     C   4.0  0.00165637       0.61942798  0.26286423  1.98466837  0.70739940  0.42398365
   59     C   4.0  0.00813077       0.62384492  0.23866783  1.83012581  0.64304070  0.65618996
   60     O   6.0 -0.23733540       1.15479207  0.42132029  3.54629326  1.03052187  0.08440792
   61     C   4.0 -0.10133740       0.62233967  0.27328292  2.08996361  0.77617306  0.33957815
   62     C   4.0 -0.04766654       0.63316488  0.25476012  2.03252864  0.72275631  0.40445659
   63     C   4.0 -0.07159649       0.64789242  0.27432582  2.07159990  0.75355975  0.32421860
   64     C   4.0 -0.06291132       0.64621496  0.27403691  2.06507599  0.75393628  0.32364718
   65     C   4.0 -0.07512098       0.64781368  0.27659994  2.06309712  0.76227483  0.32533541
   66     C   4.0 -0.07431806       0.64966255  0.27694100  2.06080228  0.76247106  0.32444116
   67     C   4.0 -0.08102223       0.64867210  0.27633354  2.06736201  0.76399653  0.32465805
   68     N   5.0  0.16954119       0.79777730  0.28779793  2.65165442  0.87361744  0.21961172
   69     C   4.0 -0.00016992       0.61638927  0.26222244  1.98577827  0.70756663  0.42821330
   70     C   4.0  0.00433099       0.62438458  0.23819017  1.83302730  0.64240545  0.65766151
   71     O   6.0 -0.25517915       1.15545118  0.42969242  3.54414010  1.04261747  0.08327799
   72     C   4.0 -0.13366106       0.62546742  0.27711737  2.12101513  0.76698332  0.34307782
   73     C   4.0 -0.13914660       0.62141383  0.27531165  2.13269603  0.76426129  0.34546380
   74     C   4.0 -0.15252028       0.62946141  0.28177023  2.13502085  0.76813076  0.33813703
   75     C   4.0 -0.07990207       0.63840437  0.28337067  2.08179820  0.73449695  0.34183188
   76     N   5.0  0.31437041       0.75053191  0.30853876  2.51118225  0.90916747  0.20620920
   77     N   5.0  0.17397574       0.79740274  0.28864467  2.64508146  0.87532103  0.21957436
   78     C   4.0 -0.01306669       0.61697918  0.26222557  1.99305916  0.70832182  0.43248095
   79     C   4.0  0.03022556       0.62533760  0.23894247  1.82408804  0.64177732  0.63962901
   80     O   6.0 -0.23490490       1.16194415  0.42433771  3.52875733  1.03544900  0.08441670
   81     C   4.0 -0.13929009       0.62751532  0.27846795  2.12009442  0.76740257  0.34580982
   82     C   4.0 -0.15926374       0.63304573  0.28094071  2.14488620  0.77495937  0.32543173
   83     C   4.0 -0.10502302       0.63411003  0.24266738  1.80474532  0.65205909  0.77144120
   84     O   6.0 -0.45721217       1.17357075  0.44811028  3.66890740  1.08386862  0.08275511
   85     O   6.0 -0.43792264       1.17282403  0.44879174  3.64836121  1.08591953  0.08202614
   86     N   5.0  0.26980033       0.79901588  0.28937954  2.56153160  0.86327773  0.21699492
   87     C   4.0  0.00629370       0.61863464  0.26466587  1.98412001  0.70460579  0.42167999
   88     C   4.0  0.04212256       0.62537026  0.23884432  1.82082129  0.64353661  0.62930496
   89     O   6.0 -0.15231898       1.15253580  0.42930380  3.46393073  1.02446467  0.08208400
   90     C   4.0 -0.17618879       0.63878745  0.29235202  2.15640026  0.83157828  0.25707077
   91     N   5.0  0.33447294       0.79455423  0.28814414  2.51140541  0.85476369  0.21665959
   92     C   4.0  0.04604173       0.62121397  0.26333278  1.95419943  0.70903240  0.40617967
   93     C   4.0  0.04298529       0.62325251  0.23993897  1.80880487  0.64236519  0.64265317
   94     O   6.0 -0.22876445       1.15851700  0.42018035  3.53648078  1.02898285  0.08460346
   95     C   4.0 -0.09736265       0.62220436  0.27440849  2.08793432  0.77588607  0.33692941
   96     C   4.0 -0.04208978       0.63497961  0.25738618  2.02708626  0.72654292  0.39609482
   97     C   4.0 -0.07173234       0.65109193  0.27716526  2.06332767  0.75868210  0.32146537
   98     C   4.0 -0.05026696       0.64519209  0.27495691  2.05751491  0.75321232  0.31939074
   99     C   4.0 -0.07820656       0.64985365  0.27852464  2.06274045  0.76450297  0.32258486
  100     C   4.0 -0.05750662       0.64559382  0.27736431  2.05501336  0.76166144  0.31787369
  101     C   4.0 -0.07020823       0.64934403  0.27736828  2.05720794  0.76561141  0.32067657
  102     N   5.0  0.22266341       0.79621744  0.28923500  2.60332668  0.87116796  0.21738951
  103     C   4.0  0.00001660       0.62336057  0.26496986  1.99116993  0.70762438  0.41285866
  104     C   4.0 -0.00881622       0.62693626  0.24205713  1.83712894  0.64524762  0.65744627
  105     O   6.0 -0.26163731       1.15522790  0.43578020  3.53505898  1.05231217  0.08325807
  106     C   4.0 -0.06747683       0.63299549  0.28005603  2.00414723  0.72206928  0.42820880
  107     O   6.0 -0.19912165       1.10801303  0.40592694  3.53740072  1.05400470  0.09377625
  108     N   5.0  0.16995865       0.79852754  0.28896639  2.64569831  0.87605068  0.22079843
  109     C   4.0 -0.00191461       0.62157333  0.26534241  1.98227602  0.71156657  0.42115628
  110     C   4.0  0.07865759       0.62741524  0.23921941  1.80624115  0.63829337  0.61017324
  111     O   6.0 -0.20281462       1.15926290  0.42688578  3.49555135  1.03650311  0.08461149
  112     C   4.0 -0.13432901       0.63058418  0.27840254  2.11630410  0.77429770  0.33474050
  113     C   4.0 -0.13849071       0.61845917  0.26671231  2.10134661  0.74019511  0.41177752
  114     C   4.0 -0.20940435       0.64171743  0.29696518  2.17281395  0.83248116  0.26542662
  115     C   4.0 -0.22521067       0.64459032  0.29844564  2.18185449  0.83214661  0.26817361
  116     N   5.0  0.47020149       0.79936743  0.29014885  2.39620543  0.83484730  0.20922950
  117     C   4.0  0.09899937       0.62148350  0.26392573  1.91293931  0.70704323  0.39560886
  118     C   4.0  0.10345182       0.62278366  0.23713261  1.78431827  0.64135738  0.61095627
  119     O   6.0  0.01745580       1.15600443  0.42756388  3.31809449  1.00082135  0.08006006
  120     C   4.0 -0.08678245       0.62115377  0.27401203  2.07818443  0.77604507  0.33738715
  121     C   4.0 -0.02715300       0.63657039  0.25599220  2.01772988  0.72019711  0.39666341
  122     C   4.0 -0.05895721       0.64819813  0.27360198  2.06058615  0.75344162  0.32312933
  123     C   4.0 -0.05150366       0.65055984  0.27452880  2.05155349  0.75536430  0.31949723
  124     C   4.0 -0.07405090       0.65037400  0.27765784  2.06018764  0.76342726  0.32240417
  125     C   4.0 -0.07012621       0.65321916  0.27808520  2.05449378  0.76286155  0.32146651
  126     C   4.0 -0.07123968       0.65671682  0.28009051  2.05239272  0.76173790  0.32030172
  127     N   5.0  0.22591216       0.79185957  0.28806821  2.59625655  0.88180798  0.21609553
  128     C   4.0 -0.00009192       0.62175328  0.26442486  1.96978658  0.71710683  0.42702036
  129     C   4.0 -0.00252580       0.63343161  0.24324210  1.82444939  0.65025118  0.65115152
  130     O   6.0 -0.28420540       1.15702033  0.43247455  3.56655335  1.04441670  0.08374047
  131     C   4.0 -0.08511489       0.63008112  0.27816504  2.10093230  0.78053913  0.29539730
  132     C   4.0 -0.00406142       0.62006372  0.23937772  1.74383274  0.65192108  0.74886616
  133     O   6.0 -0.50692359       1.16849530  0.42294806  3.71475840  1.10913539  0.09158644
  134     O   6.0 -0.31419510       1.17435443  0.42735842  3.58902586  1.04677105  0.07668535
  135     N   5.0  0.14545537       0.80143207  0.29060823  2.65133739  0.89393595  0.21723099
  136     C   4.0 -0.02481252       0.62036878  0.26248282  2.00181776  0.70918322  0.43095994
  137     C   4.0 -0.01727302       0.62774825  0.24110320  1.83453953  0.64470449  0.66917754
  138     O   6.0 -0.33657793       1.15819728  0.43742946  3.60011220  1.05675194  0.08408705
  139     C   4.0 -0.13441987       0.62717825  0.27761742  2.11950511  0.76664856  0.34347052
  140     C   4.0 -0.14185872       0.62289745  0.27618754  2.13019902  0.76666600  0.34590872
  141     C   4.0 -0.16394635       0.62700802  0.27846095  2.15265483  0.76129067  0.34453188
  142     C   4.0 -0.07016478       0.63382626  0.27900833  2.08228624  0.73245387  0.34259009
  143     N   5.0  0.33136777       0.74610025  0.30293199  2.50756729  0.90581262  0.20622009
  144     N   5.0  0.11262675       0.79982132  0.29270256  2.68518484  0.89286095  0.21680360
  145     C   4.0 -0.01720471       0.62118828  0.26454005  1.98849839  0.70725513  0.43572287
  146     C   4.0 -0.03617594       0.63056785  0.24048553  1.85033256  0.63957152  0.67521848
  147     O   6.0 -0.34151353       1.15739572  0.43696770  3.60215831  1.05929375  0.08569806
  148     C   4.0 -0.13343919       0.63583487  0.28264576  2.12611210  0.77342667  0.31541978
  149     C   4.0 -0.08583447       0.62579823  0.24324869  1.78123796  0.66653010  0.76901950
  150     O   6.0 -0.41961147       1.17311692  0.44191632  3.63818872  1.08676159  0.07962792
  151     O   6.0 -0.44965136       1.16927350  0.44067794  3.64771140  1.10976321  0.08222532
  152     N   5.0  0.11463377       0.79588383  0.29386470  2.67687035  0.89889482  0.21985254
  153     C   4.0 -0.07611305       0.62638378  0.27787948  2.05317378  0.75179714  0.36687887
  154     C   4.0 -0.02489908       0.62669408  0.24192153  1.83998322  0.64517632  0.67112392
  155     O   6.0 -0.34195771       1.15824306  0.43866348  3.60093296  1.05996579  0.08415242
  156     N   5.0  0.10017014       0.80088121  0.29219219  2.69598424  0.89328709  0.21748513
  157     C   4.0 -0.01689824       0.62340873  0.26759970  1.98577398  0.71106046  0.42905536
  158     C   4.0 -0.03344581       0.63346505  0.24202146  1.84667575  0.64203459  0.66924895
  159     O   6.0 -0.35331515       1.15954292  0.43901280  3.60715353  1.06230083  0.08530507
  160     C   4.0 -0.10446047       0.63451689  0.28357410  2.10637099  0.77680983  0.30318866
  161     C   4.0 -0.02043130       0.62147760  0.23925120  1.75630146  0.65012673  0.75327431
  162     O   6.0 -0.50781717       1.16969585  0.41978255  3.71700335  1.10575739  0.09557803
  163     O   6.0 -0.29757917       1.17182422  0.43194017  3.56548452  1.05019936  0.07813091
  164     N   5.0  0.09933948       0.79711318  0.29159164  2.70442110  0.88742545  0.22010914
  165     C   4.0 -0.05406522       0.63103825  0.28029761  2.03658259  0.74689126  0.35925551
  166     C   4.0 -0.02512551       0.62599790  0.24077359  1.84316605  0.64522520  0.66996277
  167     O   6.0 -0.32736578       1.15368485  0.43359816  3.60016286  1.05584460  0.08407529
  168     N   5.0  0.10773944       0.79878491  0.28890377  2.69079369  0.89298737  0.22079081
  169     C   4.0  0.00636623       0.62597251  0.26497620  1.98237568  0.71393412  0.40637526
  170     C   4.0  0.02911476       0.61908162  0.23565522  1.81448799  0.64131735  0.66034306
  171     O   6.0 -0.44975196       1.15291512  0.42058244  3.69023168  1.09155068  0.09447204
  172     C   4.0 -0.00695181       0.63533139  0.26877147  1.93479198  0.70222576  0.46583121
  173     O   6.0 -0.23251982       1.11703122  0.39752731  3.56977391  1.05756176  0.09062562
  174     C   4.0 -0.21008194       0.64248723  0.29567584  2.18012965  0.83562392  0.25616530
  175     N   5.0  0.18745717       0.79047269  0.28730437  2.63955665  0.88069734  0.21451179
  176     C   4.0 -0.01208679       0.62063414  0.26081946  1.98907971  0.70824793  0.43330555
  177     C   4.0 -0.00276999       0.62969267  0.23962951  1.82678193  0.64426398  0.66240190
  178     O   6.0 -0.31677763       1.15634120  0.42642736  3.60856354  1.04153168  0.08391385
  179     C   4.0 -0.09829888       0.62153399  0.26427770  2.07909650  0.72900555  0.40438516
  180     C   4.0 -0.15321930       0.62917137  0.27632591  2.12785500  0.77601930  0.34384771
  181     C   4.0 -0.18759308       0.63677984  0.28749332  2.16438389  0.83240545  0.26653058
  182     C   4.0 -0.18929084       0.63696522  0.29030475  2.16335011  0.83483359  0.26383718
  183     N   5.0  0.12725153       0.79587829  0.28962052  2.68004066  0.88868123  0.21852777
  184     C   4.0 -0.01436038       0.62498903  0.26343057  1.99764436  0.71125846  0.41703796
  185     C   4.0 -0.01513404       0.62650234  0.23923667  1.83562964  0.64435467  0.66941072
  186     O   6.0 -0.30624334       1.15820825  0.42495167  3.59409845  1.04435420  0.08463077
  187     C   4.0 -0.02351983       0.63137347  0.26739094  1.94963002  0.70198877  0.47313663
  188     O   6.0 -0.19967253       1.11458862  0.39407295  3.55574310  1.04563823  0.08962963
  189     C   4.0 -0.20742415       0.64471579  0.29650664  2.17384332  0.83342400  0.25893440
  190     N   5.0  0.12024980       0.79839933  0.29025799  2.68866283  0.88418329  0.21824676
  191     C   4.0  0.01398027       0.62389892  0.26425269  1.97669232  0.71371135  0.40746445
  192     C   4.0 -0.00161394       0.62527633  0.23841073  1.83221710  0.64206611  0.66364369
  193     O   6.0 -0.27366631       1.16136968  0.41918391  3.57520628  1.03103763  0.08686881
  194     C   4.0 -0.01079900       0.63039547  0.26766729  1.94199753  0.70086728  0.46987142
  195     O   6.0 -0.22778487       1.11782944  0.40013492  3.56738698  1.05239290  0.09004062
  196     C   4.0 -0.19725873       0.64017969  0.29090402  2.17692751  0.83598366  0.25326385
  197     N   5.0  0.13630548       0.79833519  0.28870842  2.67698312  0.87995410  0.21971369
  198     C   4.0 -0.02107602       0.61979830  0.26279181  1.99611455  0.71149816  0.43087319
  199     C   4.0 -0.00723753       0.62368351  0.23765689  1.84151351  0.64244905  0.66193456
  200     O   6.0 -0.26674341       1.15381026  0.42766455  3.55600119  1.04402202  0.08524539
  201     C   4.0 -0.14484090       0.63095623  0.28092697  2.12359852  0.77329807  0.33606111
  202     C   4.0 -0.15236356       0.63003004  0.28304017  2.12768793  0.77208082  0.33952461
  203     C   4.0 -0.16074329       0.62892359  0.28168443  2.14028776  0.77163526  0.33821225
  204     C   4.0 -0.09132100       0.63704354  0.28227583  2.09868520  0.72878456  0.34453187
  205     N   5.0  0.31572957       0.74713707  0.30340534  2.51415157  0.91201010  0.20756634
  206     N   5.0  0.19203736       0.79562747  0.28748903  2.63271183  0.87096617  0.22116814
  207     C   4.0  0.00217503       0.61764181  0.26159370  1.98316211  0.70773961  0.42768775
  208     C   4.0  0.04021460       0.62506586  0.23876691  1.81923515  0.64198023  0.63473725
  209     O   6.0 -0.20109982       1.15619314  0.42408302  3.50661802  1.03033116  0.08387447
  210     C   4.0 -0.10935260       0.62504947  0.27502966  2.10254455  0.76909317  0.33763576
  211     C   4.0 -0.10860763       0.62825048  0.27802411  2.11178911  0.77624734  0.31429660
  212     C   4.0 -0.01941720       0.61756444  0.24189271  1.74866697  0.66729233  0.74400076
  213     O   6.0 -0.40338068       1.17276132  0.43090644  3.62018096  1.09962404  0.07990791
  214     O   6.0 -0.44162793       1.17477489  0.42850795  3.64058518  1.11030060  0.08745931
  215     N   5.0  0.30571925       0.79614186  0.28950217  2.53628027  0.85800681  0.21434963
  216     C   4.0  0.02546640       0.61865109  0.26278573  1.97066069  0.70854279  0.41389329
  217     C   4.0  0.03748062       0.62483394  0.23801355  1.81422621  0.64074622  0.64469946
  218     O   6.0 -0.20445245       1.15800774  0.41506761  3.52161491  1.02304804  0.08671414
  219     C   4.0 -0.12060274       0.62873024  0.27476141  2.10909796  0.77478641  0.33322673
  220     C   4.0 -0.12292112       0.61989063  0.26599246  2.08994359  0.73976111  0.40733333
  221     C   4.0 -0.19838072       0.63864297  0.29047531  2.17096329  0.83532608  0.26297309
  222     C   4.0 -0.19112071       0.63799804  0.28922936  2.16373271  0.83582479  0.26433581
  223     N   5.0  0.24062684       0.79427969  0.29088822  2.59219283  0.86945260  0.21255982
  224     C   4.0 -0.02345239       0.62690800  0.27698904  2.02052724  0.75007522  0.34895288
  225     C   4.0  0.00625353       0.62652272  0.24092326  1.82343394  0.64887345  0.65399311
  226     O   6.0 -0.28456049       1.16046703  0.42129752  3.57390809  1.04295218  0.08593567
  227     N   5.0  0.15751305       0.79861504  0.29089954  2.65194362  0.88517916  0.21584958
  228     C   4.0 -0.00181326       0.62454593  0.26490593  1.98821443  0.71089311  0.41325385
  229     C   4.0 -0.01618189       0.62430382  0.23943679  1.83667898  0.64640689  0.66935541
  230     O   6.0 -0.31387562       1.15543032  0.42720926  3.59693360  1.04895577  0.08534668
  231     C   4.0 -0.03711384       0.62658608  0.26460752  1.95847028  0.70232080  0.48512916
  232     O   6.0 -0.21688544       1.11649609  0.39963332  3.55478370  1.05480826  0.09116407
  233     C   4.0 -0.21318567       0.64321423  0.29581729  2.18155694  0.83390053  0.25869670
  234     N   5.0  0.14341201       0.79583442  0.29000232  2.66812056  0.88672814  0.21590255
  235     C   4.0 -0.00664439       0.62516230  0.26409376  1.98615366  0.70977665  0.42145801
  236     C   4.0  0.00003390       0.62228149  0.23824352  1.83436722  0.64016066  0.66491321
  237     O   6.0 -0.27225257       1.15990067  0.41207528  3.59087884  1.02028716  0.08911062
  238     C   4.0 -0.10554819       0.62057680  0.26526713  2.08145952  0.73538597  0.40285876
  239     C   4.0 -0.18954014       0.63881367  0.29043388  2.16544294  0.82683830  0.26801134
  240     C   4.0 -0.19343826       0.63618028  0.28832853  2.17249423  0.82895556  0.26747966
  241     N   5.0  0.14156909       0.79137069  0.28733176  2.68524587  0.87683642  0.21764617
  242     C   4.0 -0.02686746       0.61926460  0.26220825  1.99770653  0.71323380  0.43445428
  243     C   4.0 -0.01595056       0.62353110  0.23980819  1.83695835  0.64663275  0.66902017
  244     O   6.0 -0.31807703       1.15470612  0.42496738  3.61452663  1.03929654  0.08458037
  245     C   4.0 -0.14086393       0.62884760  0.27684721  2.11246508  0.78457922  0.33812481
  246     C   4.0 -0.23754301       0.65672779  0.29904521  2.04042047  0.87154344  0.36980610
  247     S   6.0  0.27638766       1.07661211  0.41624302  3.12206346  0.89775699  0.21093676
  248     C   4.0 -0.31858162       0.66392505  0.31500244  2.09333932  0.93739283  0.30892197
  249     N   5.0  0.12355017       0.79477078  0.28951794  2.69371206  0.88225526  0.21619381
  250     C   4.0 -0.01971921       0.61991096  0.26445600  1.99103528  0.71311453  0.43120243
  251     C   4.0 -0.02038187       0.62887633  0.24230565  1.84253722  0.64211771  0.66454495
  252     O   6.0 -0.33177712       1.15871692  0.43151826  3.60640025  1.04948935  0.08565235
  253     C   4.0 -0.13916323       0.63149810  0.28097120  2.12010658  0.77307495  0.33351240
  254     C   4.0 -0.15350547       0.63112879  0.27941307  2.13504201  0.77480385  0.33311775
  255     C   4.0 -0.09965827       0.62980604  0.28095490  2.05368358  0.74176618  0.39344757
  256     N   5.0  0.06189776       0.79225296  0.29661772  2.74766618  0.89936036  0.20220503
  257     C   4.0 -0.04511829       0.61677015  0.23095670  1.89824659  0.63941701  0.65972785
  258     N   5.0  0.06071876       0.79757011  0.30969054  2.74569923  0.94196436  0.14435701
  259     N   5.0  0.05934824       0.79684079  0.31115258  2.74597734  0.94134137  0.14533968
  260     N   5.0  0.10591679       0.80053800  0.29170126  2.70170391  0.88234934  0.21779070
  261     C   4.0 -0.02702598       0.62590271  0.26755324  2.00174540  0.71270546  0.41911916
  262     C   4.0 -0.03398820       0.62926364  0.24245331  1.84398454  0.64469767  0.67358904
  263     O   6.0 -0.34180548       1.15712321  0.43775040  3.59911990  1.06250831  0.08530366
  264     C   4.0 -0.06452058       0.63643950  0.28372055  1.99666953  0.72548795  0.42220305
  265     O   6.0 -0.20225083       1.10410655  0.39759308  3.56577885  1.04244328  0.09232908
  266     N   5.0  0.10059267       0.80036098  0.29070657  2.70845866  0.88292170  0.21695942
  267     C   4.0 -0.01952046       0.61984563  0.26476985  1.99482602  0.71111332  0.42896564
  268     C   4.0 -0.02780770       0.62782812  0.23993720  1.84842664  0.64059564  0.67102009
  269     O   6.0 -0.34097723       1.15744781  0.43456721  3.60654938  1.05727765  0.08513517
  270     C   4.0 -0.14825209       0.62998229  0.27519068  2.13383275  0.76934133  0.33990503
  271     C   4.0 -0.15132967       0.61848652  0.26806653  2.11183155  0.73302893  0.41991615
  272     C   4.0 -0.21769891       0.64049256  0.29411384  2.18181968  0.82987374  0.27139909
  273     C   4.0 -0.20789637       0.64246672  0.29536316  2.17320281  0.83048794  0.26637574
  274     N   5.0  0.10318423       0.79466808  0.29382497  2.70258993  0.88600194  0.21973085
  275     C   4.0 -0.07096002       0.63047725  0.28045830  2.05049074  0.74335296  0.36618077
  276     C   4.0 -0.03698160       0.62974036  0.24040073  1.84867197  0.64275740  0.67541114
  277     O   6.0 -0.34595831       1.15706742  0.43855128  3.60427034  1.06041819  0.08565109
  278     N   5.0  0.11424976       0.79900467  0.29124036  2.69014925  0.88891065  0.21644530
  279     C   4.0 -0.02828764       0.62042630  0.26413110  2.00170958  0.71134514  0.43067553
  280     C   4.0 -0.01010001       0.62613755  0.23772846  1.83748907  0.64139235  0.66735257
  281     O   6.0 -0.33785449       1.16142094  0.42536739  3.61920297  1.04582319  0.08604001
  282     C   4.0 -0.13088443       0.62869865  0.27874130  2.11363852  0.77241725  0.33738872
  283     C   4.0 -0.12304433       0.63136941  0.28164130  2.11883646  0.77494642  0.31625073
  284     C   4.0 -0.05670530       0.63399625  0.24540055  1.85347986  0.65294984  0.67087880
  285     O   6.0 -0.37343122       1.16111076  0.44232395  3.61274838  1.07185930  0.08538883
  286     N   5.0  0.06083351       0.80866957  0.31406930  2.71881753  0.93991056  0.15769953
  287     N   5.0  0.12323738       0.79694855  0.29123461  2.67986304  0.88764197  0.22107445
  288     C   4.0 -0.04637752       0.61642754  0.26019517  2.01853341  0.70638570  0.44483570
  289     C   4.0 -0.01216677       0.63012868  0.24012457  1.83749944  0.63622542  0.66818866
  290     O   6.0 -0.32548372       1.15975595  0.43621978  3.59004402  1.05536199  0.08410199
  291     C   4.0 -0.12249254       0.63656652  0.28232101  2.12239164  0.76988046  0.31133291
  292     C   4.0 -0.04649658       0.63256609  0.24131539  1.85036486  0.64546037  0.67678986
  293     O   6.0 -0.37335312       1.15998375  0.44286698  3.61313701  1.07038546  0.08697993
  294     N   5.0  0.08485576       0.80716985  0.30782139  2.70897847  0.93522704  0.15594748
  295     N   5.0  0.08802691       0.81429535  0.27703193  2.68770301  0.86060721  0.27233559
  296     C   4.0 -0.03563090       0.62690020  0.26443347  2.00729042  0.70542620  0.43158061
  297     C   4.0 -0.00905071       0.63428217  0.24450222  1.82765508  0.64758503  0.65502621
  298     O   6.0 -0.34721575       1.16266572  0.43956521  3.59517992  1.06781250  0.08199239
  299     C   4.0 -0.11693878       0.62850970  0.27907011  2.12152404  0.75560468  0.33223025
  300     C   4.0 -0.13433420       0.62503171  0.27716315  2.14408875  0.75368267  0.33436792
  301     C   4.0 -0.07383810       0.63058257  0.27768964  2.05638564  0.73233947  0.37684079
  302     N   5.0  0.11034050       0.79679972  0.29007685  2.69254714  0.89121643  0.21901936
  303     C   4.0 -0.01908423       0.62589949  0.26611552  2.00294584  0.70915194  0.41497144
  304     C   4.0 -0.01897465       0.62712938  0.23934762  1.83697814  0.64338437  0.67213514
  305     O   6.0 -0.31899634       1.15834725  0.42365900  3.60997295  1.04149994  0.08551720
  306     C   4.0 -0.03201156       0.62767625  0.26772758  1.95601910  0.70073906  0.47984957
  307     O   6.0 -0.19868189       1.11541951  0.39429331  3.55782056  1.04176125  0.08938726
  308     C   4.0 -0.22363915       0.64476681  0.29935265  2.19148791  0.82812154  0.25991024
  309     N   5.0  0.09479602       0.80097544  0.29211876  2.70485061  0.88934791  0.21791125
  310     C   4.0 -0.02033384       0.62273496  0.26519072  1.99155110  0.71211037  0.42874669
  311     C   4.0 -0.02072172       0.62833226  0.24103367  1.83735150  0.64555626  0.66844803
  312     O   6.0 -0.30231301       1.15590799  0.42893517  3.58113599  1.05209696  0.08423690
  313     C   4.0 -0.14510442       0.63067120  0.28234762  2.11723685  0.77335799  0.34149075
  314     C   4.0 -0.16211573       0.63812816  0.28491485  2.13800740  0.78150131  0.31956401
  315     C   4.0 -0.10627021       0.63370728  0.24492063  1.80146360  0.65833797  0.76784073
  316     O   6.0 -0.43465186       1.17020726  0.44577289  3.65539229  1.08238325  0.08089617
  317     O   6.0 -0.42991417       1.16878867  0.44217542  3.66638625  1.07042739  0.08213644
  318     N   5.0  0.08499717       0.80412114  0.29220000  2.70624006  0.89252922  0.21991242
  319     C   4.0 -0.03733125       0.62436754  0.26831284  2.00260687  0.71278583  0.42925818
  320     C   4.0 -0.03658952       0.62703103  0.23970583  1.84971523  0.64398591  0.67615151
  321     O   6.0 -0.30583744       1.15138042  0.43059909  3.58732986  1.05106801  0.08546005
  322     C   4.0 -0.20059163       0.64658970  0.30074602  2.16478235  0.83160412  0.25686945
  323     N   5.0  0.10025234       0.79869384  0.28948471  2.70439118  0.88645270  0.22072523
  324     C   4.0 -0.02269438       0.61923051  0.26350781  1.99824435  0.70879212  0.43291959
  325     C   4.0 -0.01754798       0.62439454  0.23867042  1.84054202  0.64286770  0.67107330
  326     O   6.0 -0.30614627       1.15510082  0.42226711  3.60310006  1.03927600  0.08640228
  327     C   4.0 -0.13952686       0.62658048  0.27759674  2.12581205  0.77037662  0.33916097
  328     C   4.0 -0.15730173       0.63370705  0.28200248  2.14431989  0.77732438  0.31994793
  329     C   4.0 -0.08784533       0.62919039  0.24040942  1.79765010  0.64899597  0.77159946
  330     O   6.0 -0.43693180       1.17306852  0.44719821  3.65061533  1.08351439  0.08253534
  331     O   6.0 -0.42380727       1.17458844  0.43111554  3.67454505  1.05937701  0.08418123
  332     N   5.0  0.11834249       0.79782099  0.28980803  2.69175476  0.88473767  0.21753607
  333     C   4.0 -0.01331679       0.61797374  0.26225322  1.99250126  0.70854191  0.43204664
  334     C   4.0 -0.01468547       0.62452549  0.23932634  1.83733416  0.64569792  0.66780157
  335     O   6.0 -0.29825804       1.15482521  0.42623991  3.58712578  1.04684299  0.08322415
  336     C   4.0 -0.13275998       0.62629735  0.27291486  2.11937267  0.77112275  0.34305235
  337     C   4.0 -0.12847765       0.62116361  0.26626495  2.09639174  0.73701005  0.40764731
  338     C   4.0 -0.18884762       0.64016753  0.29018623  2.16659391  0.82971162  0.26218833
  339     C   4.0 -0.18976094       0.63746196  0.28815603  2.16865873  0.83412385  0.26136037
  340     N   5.0  0.11557422       0.79617435  0.28898937  2.69565040  0.88343620  0.22017546
  341     C   4.0 -0.01798005       0.61859125  0.26214731  1.99466616  0.70940205  0.43317328
  342     C   4.0 -0.01226653       0.62607104  0.23962809  1.83870327  0.64181495  0.66604918
  343     O   6.0 -0.29722931       1.15574574  0.42304420  3.59182835  1.04106146  0.08554955
  344     C   4.0 -0.12790400       0.62711942  0.27945289  2.11217654  0.76934797  0.33980719
  345     C   4.0 -0.12535681       0.63035500  0.28160951  2.12038296  0.77219619  0.32081315
  346     C   4.0 -0.05935032       0.63204598  0.24353890  1.85814363  0.65074271  0.67487910
  347     O   6.0 -0.37423896       1.15695536  0.43862173  3.62803710  1.06367430  0.08695048
  348     N   5.0  0.09068582       0.80512238  0.30871251  2.69757229  0.94109198  0.15681502
  349     N   5.0  0.12647932       0.80119354  0.29077899  2.67903835  0.88606665  0.21644316
  350     C   4.0 -0.02408377       0.62330252  0.26616740  1.99486762  0.71188958  0.42785665
  351     C   4.0 -0.01379117       0.62779456  0.24025361  1.84005612  0.64456272  0.66112415
  352     O   6.0 -0.29955451       1.15709305  0.43199611  3.57298386  1.05357841  0.08390309
  353     C   4.0 -0.12660748       0.63685012  0.28260458  2.12105399  0.77906972  0.30702907
  354     C   4.0 -0.10083270       0.63428557  0.24388595  1.80030942  0.65262257  0.76972920
  355     O   6.0 -0.44197820       1.17344475  0.44817841  3.65072501  1.08727223  0.08235780
  356     O   6.0 -0.45225250       1.17308807  0.44680282  3.66941094  1.08060905  0.08234160
  357     N   5.0  0.15088643       0.79799217  0.28974271  2.66287535  0.88022119  0.21828215
  358     C   4.0 -0.00623502       0.62009591  0.26394546  1.98654300  0.71132806  0.42432259
  359     C   4.0  0.01070063       0.62647015  0.24023251  1.82890767  0.64425924  0.64942980
  360     O   6.0 -0.23990956       1.15543926  0.42864451  3.53354919  1.03819633  0.08408028
  361     C   4.0 -0.14937687       0.62859309  0.27672076  2.11533511  0.78575203  0.34297589
  362     C   4.0 -0.28246032       0.65383935  0.30007386  2.06819296  0.87253141  0.38782273
  363     S   6.0  0.30383744       1.06853545  0.41246048  3.09128702  0.90158236  0.22229725
  364     C   4.0 -0.34235409       0.67066985  0.32099596  2.10544002  0.93614283  0.30910543
  365     N   5.0  0.22244163       0.79797381  0.29057100  2.59849006  0.87489322  0.21563028
  366     C   4.0  0.02196771       0.62483937  0.26430693  1.97083545  0.70658593  0.41146462
  367     C   4.0  0.02234405       0.62442857  0.23945723  1.81577629  0.64363037  0.65436349
  368     O   6.0 -0.23574774       1.15989912  0.41672546  3.54470813  1.02846149  0.08595355
  369     C   4.0 -0.09141813       0.62270194  0.26553905  2.06994069  0.73592927  0.39730718
  370     C   4.0 -0.15633349       0.62470192  0.27473965  2.13424760  0.77309924  0.34954508
  371     C   4.0 -0.18655354       0.63555920  0.28780085  2.16521311  0.83047763  0.26750276
  372     C   4.0 -0.19657065       0.63592100  0.28759468  2.17428917  0.83109617  0.26766964
  373     N   5.0  0.16329401       0.79499424  0.28856203  2.65862733  0.87694407  0.21757833
  374     C   4.0 -0.01282670       0.61836255  0.26385522  1.99013197  0.71243478  0.42804217
  375     C   4.0 -0.03051386       0.62408918  0.24053481  1.84965318  0.64137512  0.67486156
  376     O   6.0 -0.28832163       1.15128076  0.43353981  3.56860960  1.04889882  0.08599265
  377     C   4.0 -0.09703596       0.63324702  0.28266540  2.09995639  0.77784762  0.30331952
  378     C   4.0 -0.03977749       0.63083261  0.24514134  1.84325427  0.65472066  0.66582860
  379     O   6.0 -0.35320840       1.15886068  0.43496010  3.62073183  1.05344984  0.08520595
  380     N   5.0  0.06868664       0.80627215  0.31211680  2.71288890  0.94248715  0.15754837
  381     N   5.0  0.12272573       0.79906225  0.29098773  2.68597937  0.88282764  0.21841729
  382     C   4.0 -0.01659217       0.62237394  0.26653868  1.99004847  0.71082444  0.42680664
  383     C   4.0 -0.01519644       0.63024449  0.24274898  1.83633482  0.64465493  0.66121321
  384     O   6.0 -0.31292189       1.15812492  0.43829510  3.57579148  1.05655107  0.08415932
  385     C   4.0 -0.14149230       0.62923610  0.28095484  2.12482160  0.76996745  0.33651230
  386     C   4.0 -0.15518947       0.63285792  0.28019214  2.14452964  0.77970456  0.31790522
  387     C   4.0 -0.09988107       0.63288587  0.24503246  1.79838914  0.65736565  0.76620795
  388     O   6.0 -0.45771488       1.17347622  0.44683990  3.67022693  1.08484185  0.08232998
  389     O   6.0 -0.42702563       1.17107987  0.44536597  3.64989197  1.07968944  0.08099838
  390     N   5.0  0.14916998       0.79694396  0.29100370  2.66265833  0.88203207  0.21819196
  391     C   4.0 -0.00036851       0.62623453  0.26481459  1.97915089  0.70971200  0.42045650
  392     C   4.0 -0.00143042       0.62992167  0.24117880  1.82955056  0.64365937  0.65712002
  393     O   6.0 -0.28749870       1.15737522  0.43363762  3.56573188  1.04779878  0.08295520
  394     C   4.0 -0.10856918       0.61958200  0.26436913  2.08432186  0.73072112  0.40957508
  395     C   4.0 -0.18516648       0.63311583  0.28585607  2.16636324  0.83169866  0.26813269
  396     C   4.0 -0.18391081       0.63612044  0.28958449  2.16969579  0.82168634  0.26682374
  397     N   5.0  0.13517651       0.79702926  0.28896415  2.67021841  0.89009416  0.21851751
  398     C   4.0 -0.02704180       0.62097025  0.26372379  1.99223995  0.71525542  0.43485238
  399     C   4.0 -0.03558884       0.62983209  0.24166508  1.84498191  0.64569379  0.67341597
  400     O   6.0 -0.32822186       1.15308666  0.43506733  3.59741759  1.05655068  0.08609960
  401     C   4.0 -0.09813458       0.63047326  0.27806136  2.10577947  0.78236283  0.30145766
  402     C   4.0 -0.04155952       0.62187684  0.24102010  1.75802410  0.66035253  0.76028596
  403     O   6.0 -0.50550382       1.17119396  0.43134168  3.70454180  1.11187616  0.08655023
  404     O   6.0 -0.35042077       1.16902530  0.43253702  3.61259663  1.05804899  0.07821282
  405     N   5.0  0.11473865       0.79949760  0.28970158  2.67632490  0.89770755  0.22202971
  406     C   4.0 -0.04799723       0.62139368  0.26642546  2.00886744  0.71661550  0.43469515
  407     C   4.0 -0.02206658       0.63071668  0.24363698  1.84068590  0.64403233  0.66299468
  408     O   6.0 -0.34139749       1.15874636  0.43868628  3.59848094  1.06134865  0.08413526
  409     C   4.0 -0.19547104       0.64479524  0.29854357  2.16435820  0.82980661  0.25796741
  410     N   5.0  0.09952680       0.80276078  0.29333007  2.69718987  0.89032516  0.21686732
  411     C   4.0 -0.03310999       0.62046307  0.26525086  2.00128949  0.71046524  0.43564133
  412     C   4.0 -0.04454690       0.62918043  0.24062221  1.85400772  0.64258637  0.67815017
  413     O   6.0 -0.34141024       1.15724826  0.43748191  3.60002542  1.06090996  0.08574470
  414     C   4.0 -0.11598917       0.63543797  0.28325415  2.11698365  0.77394594  0.30636746
  415     C   4.0 -0.06778903       0.62497550  0.24087854  1.77928206  0.65556085  0.76709208
  416     O   6.0 -0.48291237       1.16948533  0.43276718  3.69082856  1.10368273  0.08614857
  417     O   6.0 -0.39083429       1.16930413  0.44224960  3.62464309  1.07546470  0.07917278
  418     N   5.0  0.11032137       0.79489487  0.29253066  2.68694454  0.89474866  0.22055990
  419     C   4.0 -0.07245382       0.62742031  0.27856487  2.05217993  0.74968694  0.36460177
  420     C   4.0 -0.03263351       0.62506092  0.24203034  1.84664255  0.64508522  0.67381448
  421     O   6.0 -0.34355100       1.15669763  0.43754122  3.60630953  1.05796587  0.08503674
  422     N   5.0  0.10292281       0.80057782  0.29190695  2.69832861  0.88881874  0.21744506
  423     C   4.0 -0.01677836       0.62160939  0.26640266  1.99211597  0.70965895  0.42699139
  424     C   4.0 -0.03815039       0.63157248  0.24262759  1.84619176  0.64505327  0.67270528
  425     O   6.0 -0.34815740       1.15761209  0.43716609  3.60784864  1.06020495  0.08532562
  426     C   4.0 -0.08414664       0.62853497  0.28191766  2.09948230  0.77067786  0.30353384
  427     C   4.0 -0.00817475       0.61861289  0.24094005  1.82388985  0.65873909  0.66599287
  428     O   6.0 -0.40112071       1.16008282  0.41941592  3.64882755  1.08032179  0.09247264
  429     N   5.0  0.13918168       0.79896915  0.30774364  2.65350962  0.94548294  0.15511297
  430     N   5.0  0.10501729       0.79740888  0.29463729  2.68989706  0.89528230  0.21775718
  431     C   4.0 -0.06976880       0.63033998  0.27922115  2.04386175  0.75351335  0.36283257
  432     C   4.0 -0.02054745       0.62902617  0.24147062  1.83249032  0.64845215  0.66910818
  433     O   6.0 -0.32623886       1.15686929  0.43530720  3.59543371  1.05598000  0.08264866
  434     N   5.0  0.11279126       0.79675639  0.29100493  2.68719631  0.89537954  0.21687157
  435     C   4.0  0.00456340       0.62267530  0.26249430  1.98588574  0.71292339  0.41145787
  436     C   4.0  0.04056481       0.62268794  0.23839512  1.80353415  0.64491777  0.64990021
  437     O   6.0 -0.45143290       1.15707600  0.42137873  3.67954016  1.09880131  0.09463670
  438     C   4.0 -0.02686898       0.62849551  0.26401246  1.95271569  0.70289856  0.47874676
  439     O   6.0 -0.21430899       1.11769497  0.39569223  3.55878091  1.05186591  0.09027498
  440     C   4.0 -0.20966600       0.64299250  0.29488060  2.18108118  0.83384341  0.25686832
  441     N   5.0  0.18498350       0.79348224  0.29003355  2.63406938  0.88893679  0.20849453
  442     C   4.0 -0.00030208       0.62395060  0.26343811  1.97477019  0.71440163  0.42374155
  443     C   4.0 -0.00822660       0.62608951  0.24025324  1.83188069  0.64524688  0.66475628
  444     O   6.0 -0.31611377       1.15579629  0.42193922  3.62510693  1.02814347  0.08512786
  445     C   4.0 -0.08995721       0.62420166  0.26568204  2.07251459  0.73133326  0.39622566
  446     C   4.0 -0.15820291       0.62679458  0.27486965  2.13198227  0.77624135  0.34831506
  447     C   4.0 -0.18013580       0.63575768  0.28668270  2.16008991  0.83483669  0.26276882
  448     C   4.0 -0.19656822       0.63658482  0.29058480  2.16870981  0.83234206  0.26834673
  449     N   5.0  0.13691239       0.79649252  0.29066283  2.67041147  0.89112031  0.21440049
  450     C   4.0 -0.00396091       0.62170917  0.26457107  1.97886533  0.71520197  0.42361337
  451     C   4.0 -0.00012001       0.63007826  0.24207918  1.82535380  0.64631136  0.65629741
  452     O   6.0 -0.32258258       1.16124904  0.42434797  3.61131823  1.04195973  0.08370761
  453     C   4.0 -0.11842632       0.63639921  0.28109422  2.10943145  0.78303117  0.30847028
  454     C   4.0 -0.06892298       0.62684214  0.24191795  1.78879684  0.65092488  0.76044117
  455     O   6.0 -0.38788219       1.17993903  0.41927952  3.66827559  1.03446040  0.08592765
  456     O   6.0 -0.42958375       1.17366731  0.43923151  3.65969133  1.07435191  0.08264169
  457     N   5.0  0.13459540       0.79715580  0.29085675  2.67167133  0.88964126  0.21607946
  458     C   4.0 -0.01299781       0.61753505  0.26125458  1.98578906  0.71318182  0.43523729
  459     C   4.0  0.02722403       0.62518209  0.23865987  1.80833745  0.63278639  0.66781016
  460     O   6.0 -0.21805681       1.15823781  0.40341303  3.54422319  1.01935163  0.09283115
  461     C   4.0 -0.11148715       0.62491995  0.27790445  2.09507799  0.77092823  0.34265653
  462     C   4.0 -0.04446111       0.63629687  0.25725955  2.02671129  0.72597948  0.39821393
  463     C   4.0 -0.04995651       0.64882314  0.27481920  2.05278063  0.75629656  0.31723698
  464     C   4.0 -0.08246237       0.65492773  0.27778101  2.06390303  0.76363111  0.32221949
  465     C   4.0 -0.05573522       0.64747727  0.27699280  2.04979086  0.76420182  0.31727247
  466     C   4.0 -0.08469622       0.65065217  0.27947035  2.06768692  0.76522274  0.32166404
  467     C   4.0 -0.07346480       0.64768857  0.27799034  2.06431210  0.76228158  0.32119221
  468     N   5.0  0.09589844       0.81518918  0.27737206  2.69066417  0.85303348  0.26784266
  469     C   4.0 -0.02509730       0.62639618  0.26358488  2.00216001  0.70207284  0.43088339
  470     C   4.0  0.04761055       0.62607610  0.24025393  1.80885160  0.64181282  0.63539501
  471     O   6.0 -0.23508844       1.16124940  0.41714936  3.53771436  1.03152379  0.08745152
  472     C   4.0 -0.13450570       0.63052768  0.28235418  2.13011098  0.75264190  0.33887097
  473     C   4.0 -0.15216136       0.62964427  0.28264171  2.15145069  0.74824524  0.34017944
  474     C   4.0 -0.07019228       0.63127905  0.28042141  2.04988545  0.72794564  0.38066073
  475     N   5.0  0.29134593       0.79873359  0.29013300  2.54734296  0.85997760  0.21246692
  476     C   4.0  0.02977695       0.61951411  0.26415798  1.96493727  0.70708090  0.41453279
  477     C   4.0  0.08389445       0.62475669  0.23838133  1.80646724  0.64284575  0.60365454
  478     O   6.0 -0.06217062       1.15737259  0.43126434  3.37711823  1.01687944  0.07953601
  479     C   4.0 -0.12460325       0.62273407  0.27409762  2.11383277  0.76781680  0.34612199
  480     C   4.0 -0.11867295       0.62451625  0.27546161  2.12966663  0.76692829  0.32210018
  481     C   4.0 -0.04236584       0.61711872  0.24164820  1.75974256  0.66815682  0.75569955
  482     O   6.0 -0.41808964       1.17206836  0.42866281  3.64244020  1.09264830  0.08226998
  483     O   6.0 -0.42218485       1.17110944  0.43448642  3.64139533  1.09474510  0.08044856
  484     N   5.0  0.42969675       0.79391187  0.28736296  2.43066293  0.84214613  0.21621935
  485     C   4.0  0.06074171       0.61943799  0.26225078  1.94679826  0.70674679  0.40402447
  486     C   4.0  0.09058931       0.62440252  0.23919050  1.79010034  0.64125191  0.61446542
  487     O   6.0 -0.09566354       1.15921605  0.41812107  3.42464316  1.01025254  0.08343073
  488     C   4.0 -0.10124336       0.61857444  0.27224538  2.09349626  0.77586854  0.34105874
  489     C   4.0 -0.04419011       0.63244498  0.25626019  2.03152078  0.72502361  0.39894055
  490     C   4.0 -0.05758542       0.64978820  0.27647948  2.05665767  0.75718047  0.31747960
  491     C   4.0 -0.05897621       0.64502287  0.27468449  2.06305182  0.75390504  0.32231199
  492     C   4.0 -0.06934916       0.65031987  0.27851290  2.05436760  0.76580448  0.32034430
  493     C   4.0 -0.06692827       0.64395207  0.27642283  2.06367815  0.75891142  0.32396381
  494     C   4.0 -0.07688656       0.64854705  0.27730566  2.06325054  0.76544785  0.32233544
  495     N   5.0  0.33827839       0.79213661  0.28625265  2.51610965  0.85322028  0.21400242
  496     C   4.0  0.02857259       0.61918980  0.26284879  1.96768922  0.70922263  0.41247697
  497     C   4.0  0.03215133       0.62484747  0.23951936  1.81588328  0.64294535  0.64465322
  498     O   6.0 -0.22586057       1.15987349  0.42233586  3.52282310  1.03634855  0.08447957
  499     C   4.0 -0.13399548       0.62682122  0.27409232  2.12109077  0.77184084  0.34015033
  500     C   4.0 -0.13802463       0.61868888  0.26642913  2.10179698  0.73513922  0.41597041
  501     C   4.0 -0.20719149       0.63885790  0.28970447  2.17494297  0.83604196  0.26764419
  502     C   4.0 -0.21037487       0.64366806  0.29557705  2.17110741  0.83218443  0.26783792
  503     N   5.0  0.19554838       0.79452205  0.28871337  2.62554640  0.87531158  0.22035823
  504     C   4.0 -0.01073463       0.62470871  0.26373926  1.99538875  0.70763597  0.41926194
  505     C   4.0  0.00238752       0.62543762  0.24062476  1.83009571  0.64747036  0.65398404
  506     O   6.0 -0.27791145       1.15321815  0.43068358  3.56736004  1.04359481  0.08305487
  507     C   4.0 -0.02508666       0.62713331  0.26652104  1.95561379  0.69644611  0.47937241
  508     O   6.0 -0.21310060       1.11332476  0.39851475  3.55749559  1.05144614  0.09231936
  509     C   4.0 -0.19757576       0.64416319  0.29761857  2.16874039  0.83586395  0.25118966
  510     N   5.0  0.23206354       0.79714262  0.28910020  2.59034449  0.87359294  0.21775620
  511     C   4.0  0.00264319       0.62032199  0.26467609  1.98204213  0.70968738  0.42062921
  512     C   4.0  0.00851654       0.62837881  0.24099828  1.81998974  0.65068495  0.65143168
  513     O   6.0 -0.24012546       1.15906096  0.42570171  3.53148091  1.03993875  0.08394314
  514     C   4.0 -0.14237720       0.62880790  0.27709433  2.11894011  0.78015433  0.33738052
  515     C   4.0 -0.24920456       0.65408760  0.30195257  2.04248083  0.87345856  0.37722499
  516     S   6.0  0.26953533       1.08410430  0.41652951  3.12452513  0.90217882  0.20312691
  517     C   4.0 -0.30007053       0.66861778  0.31789568  2.07416356  0.94500715  0.29438636
  518     N   5.0  0.18781739       0.79452825  0.28882992  2.63667411  0.87329307  0.21885727
  519     C   4.0 -0.01329325       0.61997288  0.26336351  1.98891526  0.71502450  0.42601709
  520     C   4.0  0.00197589       0.62488168  0.23920259  1.83009785  0.64424747  0.65959451
  521     O   6.0 -0.27848360       1.15723264  0.42705625  3.56460023  1.04543826  0.08415622
  522     C   4.0 -0.13965195       0.62893927  0.27681071  2.11326933  0.78102188  0.33961076
  523     C   4.0 -0.24883389       0.65176308  0.29688826  2.04557413  0.87618333  0.37842509
  524     S   6.0  0.28244434       1.07287776  0.41205212  3.12226087  0.89514339  0.21522151
  525     C   4.0 -0.32852012       0.67011338  0.31752956  2.09300476  0.94109899  0.30677343
  526     N   5.0  0.15807146       0.79608852  0.28804103  2.65834564  0.87883413  0.22061923
  527     C   4.0 -0.03208491       0.61988062  0.26455861  2.00303453  0.71063088  0.43398027
  528     C   4.0 -0.01075777       0.62890947  0.23993935  1.83649385  0.64387563  0.66153948
  529     O   6.0 -0.31253396       1.15618157  0.42876032  3.59277034  1.05024561  0.08457612
  530     C   4.0 -0.19265553       0.64319491  0.29597893  2.16145849  0.83300292  0.25902026
  531     N   5.0  0.12707075       0.79902780  0.29104686  2.67903870  0.88652226  0.21729362
  532     C   4.0 -0.02258063       0.61975193  0.26409090  1.99714482  0.70846592  0.43312707
  533     C   4.0 -0.03087024       0.62585551  0.24032122  1.84405637  0.64645298  0.67418417
  534     O   6.0 -0.31856321       1.15478575  0.42824879  3.59482479  1.05533072  0.08537315
  535     C   4.0 -0.14112619       0.62985969  0.27953306  2.12364930  0.76909442  0.33898972
  536     C   4.0 -0.15453755       0.63439846  0.28387481  2.13207173  0.77413251  0.33006005
  537     C   4.0 -0.09252836       0.63181365  0.28413343  2.04987013  0.73935089  0.38736026
  538     N   5.0  0.05642959       0.79372758  0.29779345  2.74835616  0.90063033  0.20306290
  539     C   4.0 -0.04305231       0.61620063  0.23183037  1.90018171  0.63759941  0.65724019
  540     N   5.0  0.07250194       0.79243404  0.30798882  2.75204498  0.93011549  0.14491473
  541     N   5.0  0.04531392       0.80130845  0.31340283  2.74790281  0.94653517  0.14553682
  542     N   5.0  0.12220234       0.79630655  0.28952405  2.68665880  0.88636884  0.21893942
  543     C   4.0 -0.01663470       0.62087828  0.26514819  1.99128860  0.70976342  0.42955620
  544     C   4.0 -0.00448118       0.62646317  0.24054015  1.83217055  0.64241344  0.66289388
  545     O   6.0 -0.30407684       1.16205180  0.42015558  3.59527969  1.03998873  0.08660104
  546     C   4.0 -0.13736549       0.62639701  0.27748290  2.12294793  0.76989348  0.34064417
  547     C   4.0 -0.15530483       0.62737751  0.28007185  2.13686740  0.76675686  0.34423120
  548     C   4.0 -0.14936468       0.62783605  0.28098983  2.13557726  0.77038321  0.33457834
  549     C   4.0 -0.07915635       0.63931549  0.28608418  2.07999498  0.73352720  0.34023451
  550     N   5.0  0.32061007       0.75055093  0.30471390  2.51140290  0.90769753  0.20502467
  551     N   5.0  0.12640157       0.79684359  0.28919703  2.68372858  0.88517740  0.21865183
  552     C   4.0 -0.02139187       0.61842269  0.26242381  1.99934787  0.70798115  0.43321635
  553     C   4.0 -0.01126545       0.62481868  0.23901650  1.83723122  0.64120772  0.66899132
  554     O   6.0 -0.30487497       1.15758884  0.42021948  3.60002053  1.04024687  0.08679925
  555     C   4.0 -0.16079521       0.62809873  0.27645800  2.12579477  0.77742769  0.35301603
  556     C   4.0 -0.28622210       0.65169328  0.29992732  2.07130092  0.87252462  0.39077595
  557     S   6.0  0.27924865       1.07519877  0.41689959  3.10426152  0.91085681  0.21353465
  558     C   4.0 -0.31675941       0.67031175  0.32106975  2.09372878  0.93562290  0.29602624
  559     N   5.0  0.11692724       0.79789060  0.28929701  2.69085759  0.88681877  0.21820878
  560     C   4.0 -0.02267362       0.61868489  0.26384264  1.99763191  0.70948137  0.43303281
  561     C   4.0 -0.00428393       0.62486815  0.23853748  1.83629513  0.64094822  0.66363495
  562     O   6.0 -0.26000975       1.16001284  0.41754481  3.56208169  1.03262419  0.08774622
  563     C   4.0 -0.13876162       0.62690073  0.27822426  2.12411141  0.76987976  0.33964545
  564     C   4.0 -0.15409919       0.62733805  0.28045130  2.13246226  0.77019420  0.34365337
  565     C   4.0 -0.15794934       0.63237524  0.28422406  2.13422555  0.77269843  0.33442606
  566     C   4.0 -0.08634306       0.64372283  0.28819993  2.08149827  0.73848595  0.33443608
  567     N   5.0  0.31314724       0.75316334  0.31095541  2.50749004  0.91238904  0.20285494
  568     N   5.0  0.11918514       0.79703730  0.28994378  2.69333786  0.88270199  0.21779392
  569     C   4.0 -0.01532739       0.62006581  0.26461065  1.98514402  0.70997226  0.43553465
  570     C   4.0 -0.00533936       0.62587970  0.23912375  1.83426017  0.64149120  0.66458454
  571     O   6.0 -0.31064223       1.16102648  0.42273974  3.59347641  1.04666790  0.08673169
  572     C   4.0 -0.12937593       0.63754004  0.28382570  2.11952865  0.77948570  0.30899584
  573     C   4.0 -0.10143721       0.63429403  0.24351528  1.80274439  0.65331045  0.76757306
  574     O   6.0 -0.43659225       1.17053545  0.44432387  3.65971720  1.07912162  0.08289411
  575     O   6.0 -0.45020838       1.17445421  0.44855279  3.65928566  1.08527583  0.08263989
  576     N   5.0  0.11918338       0.79819775  0.29002157  2.68514931  0.88631645  0.22113155
  577     C   4.0 -0.01844031       0.62811440  0.26703578  1.99770004  0.71053100  0.41505909
  578     C   4.0 -0.03102731       0.62642467  0.24115497  1.84286731  0.64730889  0.67327147
  579     O   6.0 -0.32238528       1.15459156  0.43141815  3.59822989  1.05399108  0.08415461
  580     C   4.0 -0.02786141       0.62849724  0.26730341  1.95444286  0.69890246  0.47871544
  581     O   6.0 -0.21062320       1.11486208  0.39738357  3.55131793  1.05536601  0.09169360
  582     C   4.0 -0.20240048       0.64358521  0.29844430  2.17323601  0.83390856  0.25322640
  583     N   5.0  0.11086451       0.79692060  0.28931388  2.69861239  0.88488427  0.21940435
  584     C   4.0 -0.02889705       0.62191707  0.26592591  1.99545228  0.71349572  0.43210607
  585     C   4.0 -0.01892355       0.62615287  0.23966315  1.84107906  0.64270076  0.66932771
  586     O   6.0 -0.31435165       1.15601838  0.42531109  3.60482252  1.04258969  0.08560998
  587     C   4.0 -0.13077735       0.63812560  0.28373712  2.11967415  0.78178507  0.30745541
  588     C   4.0 -0.10206795       0.63440806  0.24516642  1.79817820  0.65672983  0.76758544
  589     O   6.0 -0.44848455       1.17235792  0.44704404  3.66435695  1.08261505  0.08211060
  590     O   6.0 -0.43178913       1.17164493  0.44697487  3.64727628  1.08403775  0.08185530
  591     N   5.0  0.11132857       0.79585385  0.28883860  2.69907004  0.88255340  0.22235555
  592     C   4.0 -0.03159079       0.62309766  0.26553372  2.01157689  0.70661451  0.42476802
  593     C   4.0 -0.01771951       0.62285906  0.23826599  1.84020257  0.64318742  0.67320447
  594     O   6.0 -0.31450533       1.15778685  0.42455673  3.60355604  1.04344931  0.08515641
  595     C   4.0 -0.06455056       0.63537765  0.28173184  2.00289130  0.72381680  0.42073298
  596     O   6.0 -0.20242083       1.10694015  0.40540621  3.54097760  1.05666694  0.09242993
  597     N   5.0  0.11992762       0.79374439  0.28753909  2.69544476  0.88045201  0.22289213
  598     C   4.0 -0.02174145       0.61943185  0.26388490  1.99869883  0.70687801  0.43284786
  599     C   4.0 -0.01785200       0.62671828  0.24102323  1.83849746  0.64519697  0.66641606
  600     O   6.0 -0.31109670       1.15644419  0.42623270  3.59528637  1.04869699  0.08443645
  601     C   4.0 -0.14084138       0.62637824  0.27853984  2.12181067  0.77020274  0.34390989
  602     C   4.0 -0.14231779       0.63303804  0.28225669  2.12982345  0.78132263  0.31587698
  603     C   4.0 -0.07733038       0.63403696  0.24302211  1.78805104  0.65096977  0.76125050
  604     O   6.0 -0.43819323       1.17377090  0.44656944  3.65382588  1.08272177  0.08130523
  605     O   6.0 -0.39739933       1.17548668  0.42783800  3.64561546  1.06215537  0.08630383
  606     N   5.0  0.11302343       0.79798096  0.29112083  2.69268137  0.88762388  0.21756953
  607     C   4.0 -0.02633265       0.61979699  0.26285273  1.99918824  0.70986804  0.43462664
  608     C   4.0 -0.00531311       0.62204319  0.23731729  1.83833152  0.63657856  0.67104255
  609     O   6.0 -0.28524480       1.16083610  0.41109884  3.59670210  1.02448538  0.09212238
  610     C   4.0 -0.14054427       0.62773275  0.28043464  2.12250280  0.76885006  0.34102402
  611     C   4.0 -0.14495241       0.63534302  0.28358987  2.13348490  0.77775265  0.31478198
  612     C   4.0 -0.09249873       0.63443470  0.24321897  1.79696161  0.65381207  0.76407138
  613     O   6.0 -0.43606876       1.17350924  0.44387573  3.65594447  1.08060694  0.08213239
  614     O   6.0 -0.44458853       1.17254472  0.44361374  3.67451727  1.07221869  0.08169411
  615     N   5.0  0.12941238       0.79591066  0.28799444  2.68681371  0.87896627  0.22090254
  616     C   4.0 -0.02285160       0.61727792  0.26268640  1.99729860  0.70951705  0.43607163
  617     C   4.0 -0.00554078       0.62570399  0.24012883  1.83733398  0.64265442  0.65971956
  618     O   6.0 -0.28882146       1.15512586  0.42858756  3.57474828  1.04571500  0.08464477
  619     C   4.0 -0.13717533       0.62615573  0.27823442  2.12196416  0.76622142  0.34459960
  620     C   4.0 -0.15806022       0.63092136  0.27897668  2.15010613  0.77307729  0.32497875
  621     C   4.0 -0.10890394       0.63265580  0.24161538  1.80975956  0.64920181  0.77567139
  622     O   6.0 -0.44978134       1.17211556  0.44719860  3.66460824  1.08276153  0.08309741
  623     O   6.0 -0.45000320       1.17341125  0.44944108  3.65944600  1.08490920  0.08279567
  624     N   5.0  0.15720778       0.79661745  0.28965741  2.65916777  0.87828970  0.21905989
  625     C   4.0 -0.00044169       0.62146872  0.26302522  1.98363149  0.70733929  0.42497697
  626     C   4.0  0.00251254       0.62539291  0.23960567  1.83030492  0.64610098  0.65608298
  627     O   6.0 -0.26478457       1.15670371  0.42613563  3.55812323  1.04073551  0.08308649
  628     C   4.0 -0.10113293       0.62162185  0.26556602  2.07703412  0.73507422  0.40183672
  629     C   4.0 -0.17428441       0.62982571  0.28012168  2.14267218  0.77184242  0.34982241
  630     C   4.0 -0.18380180       0.63798839  0.28935254  2.16495311  0.82985839  0.26164937
  631     C   4.0 -0.21473553       0.64333844  0.29617551  2.17619580  0.83261293  0.26641284
  632     N   5.0  0.16964001       0.79725176  0.28918952  2.64912683  0.87713072  0.21766116
  633     C   4.0  0.00545930       0.61900675  0.26352280  1.97700506  0.71150641  0.42349967
  634     C   4.0  0.01131638       0.62556279  0.23958446  1.82676691  0.64391936  0.65285010
  635     O   6.0 -0.23723951       1.15476274  0.42664352  3.53421557  1.03788039  0.08373728
  636     C   4.0 -0.11894935       0.62729216  0.27788323  2.10958856  0.77165459  0.33253080
  637     C   4.0 -0.13259478       0.62492895  0.27801445  2.12824315  0.76814929  0.33325894
  638     C   4.0 -0.09495474       0.62778038  0.27904838  2.05478096  0.73945028  0.39389475
  639     N   5.0  0.07882290       0.79046363  0.29391676  2.73546755  0.89817324  0.20315592
  640     C   4.0 -0.04390363       0.61831629  0.23039772  1.89912504  0.63760398  0.65846060
  641     N   5.0  0.04460272       0.79934627  0.31218010  2.75272828  0.94442406  0.14671856
  642     N   5.0  0.05015877       0.79915398  0.31248620  2.74951184  0.94401151  0.14467770
  643     N   5.0  0.15693029       0.79960060  0.28934291  2.65567726  0.88131487  0.21713407
  644     C   4.0 -0.00414591       0.61957175  0.26404619  1.98359209  0.71072215  0.42621373
  645     C   4.0  0.02164143       0.62638128  0.23949260  1.82618421  0.64383514  0.64246535
  646     O   6.0 -0.23460784       1.15736568  0.42833415  3.52569127  1.03963542  0.08358132
  647     C   4.0 -0.14170565       0.62747407  0.27946499  2.12204343  0.76973516  0.34298800
  648     C   4.0 -0.14028598       0.62853098  0.27792343  2.14435798  0.76890728  0.32056630
  649     C   4.0 -0.10763595       0.63195938  0.24295704  1.80482876  0.65333229  0.77455847
  650     O   6.0 -0.44218502       1.16997516  0.44553441  3.66462386  1.07956043  0.08249116
  651     O   6.0 -0.44364615       1.17164981  0.44701067  3.65869045  1.08323979  0.08305543
  652     N   5.0  0.24874634       0.79941392  0.29022288  2.57412654  0.86989051  0.21759980
  653     C   4.0  0.00050762       0.62338346  0.26731074  1.98206389  0.71100812  0.41572617
  654     C   4.0  0.04271234       0.62745345  0.24038357  1.81901431  0.64549455  0.62494179
  655     O   6.0 -0.17875940       1.15656257  0.42814142  3.48636532  1.02604386  0.08164624
  656     C   4.0 -0.18041655       0.64387548  0.29660285  2.15354460  0.83399484  0.25239878
  657     N   5.0  0.32973556       0.79572171  0.28918245  2.51156241  0.85824403  0.21555384
  658     C   4.0  0.03786679       0.62170035  0.26384944  1.95862758  0.70942879  0.40852706
  659     C   4.0  0.04452962       0.62529147  0.24024890  1.81309679  0.64317644  0.63365678
  660     O   6.0 -0.18689928       1.15936506  0.42178872  3.49538684  1.02667177  0.08368690
  661     C   4.0 -0.10262073       0.62255496  0.27474469  2.08896869  0.77761889  0.33873351
  662     C   4.0 -0.04373520       0.63374662  0.25653172  2.03079462  0.72458279  0.39807945
  663     C   4.0 -0.05255994       0.64447016  0.27426437  2.06151599  0.75142328  0.32088615
  664     C   4.0 -0.07178584       0.64996004  0.27586740  2.06483811  0.75709976  0.32402053
  665     C   4.0 -0.06494601       0.64205962  0.27519551  2.06503248  0.75840157  0.32425682
  666     C   4.0 -0.07223170       0.64988989  0.27800062  2.06048405  0.76240110  0.32145604
  667     C   4.0 -0.06744422       0.64697182  0.27582240  2.05949879  0.76139489  0.32375632
  668     N   5.0  0.25585834       0.79604220  0.28929362  2.57709283  0.86649248  0.21522054
  669     C   4.0  0.01187371       0.61993223  0.26402032  1.97372240  0.71279284  0.41765849
  670     C   4.0  0.00721178       0.62623698  0.24138926  1.83022520  0.64384316  0.65109363
  671     O   6.0 -0.21523352       1.15189850  0.43416616  3.50410438  1.04139218  0.08367230
  672     C   4.0 -0.13661087       0.62929559  0.27862635  2.12443328  0.77060121  0.33365444
  673     C   4.0 -0.15509448       0.63038516  0.28024676  2.13972008  0.76857992  0.33616256
  674     C   4.0 -0.10394129       0.62811446  0.28075022  2.06168509  0.73514991  0.39824162
  675     N   5.0  0.06821773       0.78982741  0.29485869  2.74743330  0.89468265  0.20498022
  676     C   4.0 -0.04536533       0.61421031  0.22884439  1.90596110  0.63687374  0.65947580
  677     N   5.0  0.06122091       0.79638565  0.30982679  2.75012410  0.93574587  0.14669669
  678     N   5.0  0.08597109       0.79305929  0.30944508  2.73125815  0.93396837  0.14629802
  679     N   5.0  0.20802476       0.79830831  0.29026297  2.60768998  0.87728465  0.21842933
  680     C   4.0  0.00248587       0.62762278  0.26692298  1.97339016  0.71433541  0.41524279
  681     C   4.0  0.01713305       0.63152468  0.24396560  1.82374471  0.64867960  0.63495236
  682     O   6.0 -0.24322524       1.15762949  0.43545139  3.52065456  1.04732931  0.08216050
  683     C   4.0 -0.11082525       0.62557900  0.27037609  2.07890689  0.74111514  0.39484813
  684     C   4.0 -0.20087846       0.64371079  0.29580241  2.16519529  0.83489513  0.26127483
  685     C   4.0 -0.21208576       0.64358878  0.29758906  2.17267996  0.83368126  0.26454670
  686     N   5.0  0.24915017       0.79933995  0.29158932  2.57631058  0.87033993  0.21327005
  687     C   4.0  0.02248917       0.62180388  0.26380336  1.96295458  0.71165192  0.41729709
  688     C   4.0  0.04788953       0.62876886  0.24120197  1.81531107  0.64461522  0.62221335
  689     O   6.0 -0.10227109       1.16050065  0.42943504  3.41365194  1.01832527  0.08035819
  690     C   4.0 -0.10086397       0.62127960  0.27401760  2.09025913  0.77615583  0.33915181
  691     C   4.0 -0.04529508       0.63674635  0.25571790  2.03084177  0.72221932  0.39976974
  692     C   4.0 -0.06073628       0.64785123  0.27382898  2.06387937  0.75250621  0.32267049
  693     C   4.0 -0.06323502       0.64917946  0.27352104  2.06077749  0.75583257  0.32392447
  694     C   4.0 -0.08013054       0.64973164  0.27637842  2.06219447  0.76466663  0.32715938
  695     C   4.0 -0.08247709       0.65277636  0.27718049  2.06336582  0.76266104  0.32649338
  696     C   4.0 -0.08917147       0.65493202  0.27888638  2.06812346  0.76348674  0.32374286
  697     N   5.0  0.22807697       0.79851770  0.28968790  2.59031534  0.87881523  0.21458684
  698     C   4.0  0.01063192       0.62341189  0.26515654  1.96775681  0.71735024  0.41569259
  699     C   4.0  0.03552739       0.63311183  0.24180296  1.80628467  0.64369585  0.63957731
  700     O   6.0 -0.26493264       1.16819096  0.41913578  3.56135178  1.02940395  0.08685018
  701     C   4.0 -0.09318588       0.63070363  0.27812561  2.10604954  0.78055505  0.29775205
  702     C   4.0 -0.01780456       0.62016571  0.23853643  1.75273925  0.65081497  0.75554820
  703     O   6.0 -0.31943081       1.17230380  0.42545217  3.59771550  1.04475179  0.07920755
  704     O   6.0 -0.51127769       1.16586137  0.42803794  3.71946836  1.11059740  0.08731263
  705     N   5.0  0.15188984       0.80044162  0.29049146  2.64819419  0.89387468  0.21510821
  706     C   4.0 -0.01832447       0.62248957  0.26451924  1.99539208  0.71102130  0.42490226
  707     C   4.0 -0.02996949       0.62569207  0.24316823  1.84211642  0.64409710  0.67489567
  708     O   6.0 -0.33131485       1.15398145  0.43462238  3.60329342  1.05428779  0.08512981
  709     C   4.0 -0.12194746       0.62711859  0.27630883  2.11776841  0.76703702  0.33371462
  710     C   4.0 -0.15020081       0.62507528  0.27876678  2.12492716  0.77700782  0.34442377
  711     C   4.0 -0.15914872       0.62938213  0.28094190  2.14092797  0.76998681  0.33790990
  712     C   4.0 -0.08333565       0.64273679  0.28696552  2.08297074  0.73623072  0.33443189
  713     N   5.0  0.31320459       0.75263011  0.30987293  2.50993031  0.91123873  0.20312333
  714     N   5.0  0.10908985       0.79708052  0.28948146  2.70677125  0.88078842  0.21678851
  715     C   4.0 -0.01928821       0.62264156  0.26581949  1.98652554  0.71224177  0.43205985
  716     C   4.0 -0.04249259       0.63069159  0.24342372  1.84593159  0.64522447  0.67722123
  717     O   6.0 -0.34653450       1.15795851  0.43658406  3.60584223  1.06035277  0.08579693
  718     C   4.0 -0.10868541       0.63367802  0.28309974  2.11071527  0.77666277  0.30452961
  719     C   4.0 -0.05571587       0.62321097  0.24373272  1.76246262  0.66655754  0.75975203
  720     O   6.0 -0.45490590       1.17710066  0.42827561  3.67306149  1.09191561  0.08455253
  721     O   6.0 -0.40829965       1.17242908  0.44227371  3.62174046  1.09444815  0.07740825
  722     N   5.0  0.11144456       0.79479134  0.29081765  2.69032329  0.89206070  0.22056246
  723     C   4.0 -0.06759324       0.62696254  0.27796635  2.04783863  0.75115333  0.36367239
  724     C   4.0 -0.02426612       0.62445581  0.24126950  1.84267318  0.64443222  0.67143541
  725     O   6.0 -0.34502918       1.15887582  0.43802497  3.60617018  1.05805942  0.08389879
  726     N   5.0  0.10574891       0.79484361  0.28967938  2.69893587  0.88807079  0.22272144
  727     C   4.0 -0.02423701       0.62098247  0.26577115  1.99333292  0.71243449  0.43171598
  728     C   4.0 -0.03187396       0.63385433  0.24362397  1.84106559  0.64516433  0.66816574
  729     O   6.0 -0.34441460       1.15667951  0.43751007  3.60404539  1.06057754  0.08560209
  730     C   4.0 -0.09039562       0.62951279  0.28201509  2.10152078  0.77429992  0.30304706
  731     C   4.0 -0.01035894       0.61859614  0.24086466  1.82289302  0.65799052  0.67001460
  732     O   6.0 -0.42849388       1.15639925  0.41790009  3.66993630  1.08799905  0.09625920
  733     N   5.0  0.11896053       0.80515414  0.31065139  2.67459166  0.93953502  0.15110725
  734     N   5.0  0.10047854       0.79849970  0.29400080  2.69864279  0.89191410  0.21646406
  735     C   4.0 -0.06049906       0.63079441  0.28019845  2.03853995  0.75069162  0.36027464
  736     C   4.0 -0.01895460       0.62804353  0.24150740  1.83467919  0.64814493  0.66657956
  737     O   6.0 -0.32733595       1.15690982  0.43608111  3.59278536  1.05944180  0.08211785
  738     N   5.0  0.11802564       0.79875112  0.28968310  2.67774951  0.89593822  0.21985241
  739     C   4.0  0.00168825       0.61821896  0.26230484  1.98327947  0.70714934  0.42735914
  740     C   4.0  0.03958678       0.61621827  0.23370856  1.81430328  0.63463147  0.66155165
  741     O   6.0 -0.45800696       1.14904928  0.41331998  3.69403017  1.09897390  0.10263364
  742     C   4.0 -0.11607622       0.62197310  0.27323481  2.09879130  0.77251443  0.34956258
  743     C   4.0 -0.04349172       0.63431454  0.25562274  2.03154987  0.72133136  0.40067321
  744     C   4.0 -0.04725229       0.64776945  0.27372488  2.05431592  0.75444590  0.31699613
  745     C   4.0 -0.07307362       0.65177351  0.27580726  2.06595993  0.75544459  0.32408833
  746     C   4.0 -0.04356166       0.64829516  0.27310330  2.04753059  0.75040387  0.32422874
  747     C   4.0 -0.08901469       0.65529931  0.27976739  2.06789809  0.76216087  0.32388903
  748     C   4.0 -0.08686834       0.65560275  0.27988291  2.06839150  0.76105061  0.32194057
  749     N   5.0  0.20140865       0.78894806  0.28584346  2.63771033  0.87348443  0.21260507
  750     C   4.0 -0.00440701       0.62237859  0.26237610  1.98146492  0.71057712  0.42761029
  751     C   4.0  0.01125799       0.63086331  0.24057868  1.82126364  0.64294593  0.65309045
  752     O   6.0 -0.31673063       1.16330087  0.41922614  3.61603487  1.03248653  0.08568223
  753     C   4.0 -0.09687355       0.61950529  0.26434198  2.07914370  0.73008417  0.40379841
  754     C   4.0 -0.15622266       0.62631065  0.27458239  2.13310862  0.77202824  0.35019278
  755     C   4.0 -0.18841402       0.63665760  0.28785983  2.16474462  0.83344421  0.26570777
  756     C   4.0 -0.19113480       0.63437229  0.28842530  2.16721177  0.83305728  0.26806815
  757     N   5.0  0.13595643       0.79880309  0.29062575  2.66301382  0.89550635  0.21609456
  758     C   4.0 -0.01506982       0.62471795  0.26433715  1.99595326  0.71541075  0.41465070
  759     C   4.0  0.00317056       0.63064224  0.24091561  1.82479215  0.64293250  0.65754694
  760     O   6.0 -0.30340917       1.15989840  0.42212623  3.59267628  1.04264301  0.08606525
  761     C   4.0 -0.06288177       0.63567019  0.28017139  1.99557412  0.72824973  0.42321634
  762     O   6.0 -0.19064441       1.10622251  0.39931500  3.54369563  1.04950425  0.09190702
  763     N   5.0  0.12662957       0.80260932  0.29200941  2.67358762  0.89105964  0.21410443
  764     C   4.0 -0.01555975       0.62378800  0.26628950  1.98410630  0.71881120  0.42256474
  765     C   4.0  0.00203998       0.63055646  0.24181156  1.82567179  0.64573304  0.65418716
  766     O   6.0 -0.28146704       1.15977526  0.42245919  3.57056534  1.04328060  0.08538665
  767     C   4.0 -0.17755632       0.64172369  0.29490003  2.15309286  0.83424887  0.25359087
  768     N   5.0  0.12863916       0.80360156  0.29249579  2.66921568  0.88936022  0.21668759
  769     C   4.0 -0.02746738       0.62465256  0.26793942  1.99436599  0.71502525  0.42548416
  770     C   4.0  0.00707514       0.62987524  0.24070013  1.82893836  0.64384492  0.64956621
  771     O   6.0 -0.28643018       1.16054332  0.42701104  3.56594205  1.04831639  0.08461737
  772     C   4.0 -0.19702698       0.64612669  0.30037042  2.16032130  0.83364064  0.25656794
  773     N   5.0  0.18119815       0.79845983  0.28970402  2.63497883  0.87786400  0.21779516
  774     C   4.0 -0.00458949       0.61520153  0.26026446  1.99307603  0.70419312  0.43185436
  775     C   4.0  0.03224966       0.62169027  0.23530503  1.82177937  0.63682960  0.65214607
  776     O   6.0 -0.22132299       1.16010129  0.41306812  3.53498399  1.02432936  0.08884023
  777     C   4.0 -0.12953000       0.61991715  0.27103162  2.12307173  0.76560569  0.34990381
  778     C   4.0 -0.11078903       0.62002093  0.27307200  2.12600523  0.76929143  0.32239944
  779     C   4.0 -0.00756314       0.61413699  0.23927858  1.74208134  0.66466372  0.74740250
  780     O   6.0 -0.39385996       1.18164396  0.41477910  3.63165140  1.07801268  0.08777283
  781     O   6.0 -0.40695557       1.17184138  0.42914081  3.62232089  1.10221013  0.08144235
  782     N   5.0  0.25282748       0.79307836  0.28735021  2.58440214  0.86435756  0.21798424
  783     C   4.0  0.01187034       0.61795646  0.26201877  1.97860593  0.70812540  0.42142311
  784     C   4.0  0.04184832       0.62633759  0.23974831  1.81284750  0.64174856  0.63746972
  785     O   6.0 -0.21873922       1.16046762  0.42066833  3.52845860  1.02584887  0.08329580
  786     C   4.0 -0.12398829       0.62643760  0.27325699  2.11392152  0.77056189  0.33981028
  787     C   4.0 -0.13045648       0.61843115  0.26428163  2.09680235  0.73682842  0.41411293
  788     C   4.0 -0.20125217       0.63950181  0.29078197  2.17049718  0.83411044  0.26636077
  789     C   4.0 -0.18230613       0.63779551  0.28811139  2.16710579  0.82396902  0.26532442
  790     N   5.0  0.27141735       0.79933530  0.28914300  2.55970484  0.86710489  0.21329463
  791     C   4.0  0.02777936       0.62421322  0.26625434  1.96325433  0.71408485  0.40441390
  792     C   4.0  0.01195858       0.62672222  0.24007313  1.81855983  0.64734732  0.65533893
  793     O   6.0 -0.30205377       1.15575683  0.42608356  3.58615243  1.04890874  0.08515220
  794     C   4.0 -0.12902100       0.63134909  0.27911699  2.11712193  0.77848268  0.32295031
  795     C   4.0 -0.12331238       0.62919819  0.28034732  2.11228502  0.77867588  0.32280597
  796     C   4.0 -0.10195834       0.62899548  0.27899793  2.05565643  0.74484143  0.39346707
  797     N   5.0  0.06481304       0.79251397  0.29521886  2.74677283  0.89699140  0.20368991
  798     C   4.0 -0.04549140       0.61705148  0.23016608  1.89992046  0.63636698  0.66198640
  799     N   5.0  0.05190675       0.79769927  0.31038433  2.75193501  0.94283968  0.14523496
  800     N   5.0  0.04675065       0.79867798  0.31170925  2.75316292  0.94292751  0.14677169
  801     N   5.0  0.17652201       0.79561865  0.28973514  2.63824373  0.88362262  0.21625785
  802     C   4.0 -0.00616242       0.62304062  0.26412824  1.98295438  0.71111350  0.42492568
  803     C   4.0  0.00206041       0.62647420  0.24042168  1.82868361  0.64358516  0.65877493
  804     O   6.0 -0.30784272       1.16438878  0.42120016  3.59785247  1.03891495  0.08548637
  805     C   4.0 -0.11109824       0.62199098  0.27876478  2.08352029  0.77973865  0.34708354
  806     C   4.0 -0.10386338       0.64639974  0.25470692  2.07112998  0.68923955  0.44238720
  807     N   5.0  0.12126819       0.78982908  0.29141060  2.62923294  0.88131458  0.28694462
  808     C   4.0 -0.10989011       0.66101599  0.27879655  2.07261002  0.72848928  0.36897827
  809     C   4.0 -0.06381900       0.65653300  0.27442759  2.03043962  0.66953240  0.43288638
  810     N   5.0 -0.21624001       0.92438769  0.36171532  2.77616471  0.94142720  0.21254509
  811     N   5.0  0.15070082       0.79299563  0.28823769  2.67217094  0.87753665  0.21835827
  812     C   4.0 -0.01490608       0.62493408  0.26417136  1.98939878  0.71129881  0.42510305
  813     C   4.0 -0.01601474       0.62671399  0.24024397  1.83563262  0.64544807  0.66797608
  814     O   6.0 -0.32972918       1.16278791  0.42010322  3.61590660  1.04256478  0.08836666
  815     C   4.0 -0.10045598       0.62192899  0.26645517  2.07621485  0.73627833  0.39957864
  816     C   4.0 -0.18923780       0.63676214  0.28867465  2.16660219  0.83238232  0.26481649
  817     C   4.0 -0.19550418       0.63871354  0.28921172  2.16911763  0.83336893  0.26509237
  818     N   5.0  0.12679994       0.79810762  0.29032609  2.68221480  0.88818088  0.21437066
  819     C   4.0 -0.01715602       0.62076235  0.26324010  1.98833722  0.71563007  0.42918628
  820     C   4.0  0.00573368       0.62401754  0.24020538  1.82385701  0.64527272  0.66091368
  821     O   6.0 -0.30042908       1.16171479  0.41362244  3.61056209  1.02581134  0.08871842
  822     C   4.0 -0.14074976       0.62929982  0.27650395  2.11341190  0.78474814  0.33678595
  823     C   4.0 -0.23491184       0.65342695  0.29686102  2.04099548  0.87156358  0.37206481
  824     S   6.0  0.30520174       1.06453180  0.40560901  3.11732095  0.88048813  0.22684836
  825     C   4.0 -0.35125992       0.66446835  0.31564701  2.12280869  0.92446679  0.32386908
  826     N   5.0  0.13366406       0.79532957  0.29033551  2.67891127  0.88590449  0.21585510
  827     C   4.0 -0.01243448       0.62899554  0.26676884  1.98952782  0.71550572  0.41163655
  828     C   4.0 -0.02158312       0.62854248  0.24313104  1.84187788  0.64397749  0.66405422
  829     O   6.0 -0.32468311       1.16049957  0.42681623  3.60768902  1.04294062  0.08673767
  830     C   4.0 -0.01486330       0.63147867  0.26872975  1.94324660  0.70251426  0.46889403
  831     O   6.0 -0.20876012       1.11751926  0.40170938  3.54341948  1.05704725  0.08906476
  832     C   4.0 -0.21084698       0.64214814  0.29246724  2.19109654  0.82731992  0.25781514
  833     N   5.0  0.11742626       0.79644805  0.29032090  2.70316863  0.87702644  0.21560972
  834     C   4.0 -0.01048639       0.62146586  0.26445666  1.98320973  0.71128273  0.43007141
  835     C   4.0 -0.02619613       0.62817073  0.23924902  1.84228361  0.64305672  0.67343605
  836     O   6.0 -0.34096485       1.15584159  0.43575498  3.60921097  1.05506304  0.08509427
  837     C   4.0 -0.09769760       0.63552171  0.28300849  2.09957474  0.77727965  0.30231301
  838     C   4.0 -0.04952951       0.63547426  0.24491374  1.84831536  0.65390338  0.66692276
  839     O   6.0 -0.35707579       1.15750349  0.44005910  3.60481930  1.06976929  0.08492461
  840     N   5.0  0.05594431       0.81088442  0.31367481  2.71533298  0.94564030  0.15852319
  841     N   5.0  0.10514994       0.79740781  0.28871515  2.70813507  0.87818789  0.22240414
  842     C   4.0 -0.02012776       0.62247008  0.26563689  1.99259776  0.71083152  0.42859151
  843     C   4.0 -0.01363821       0.63248992  0.24206732  1.83578247  0.64098260  0.66231590
  844     O   6.0 -0.34399495       1.15937710  0.43902984  3.59806132  1.06354663  0.08398006
  845     C   4.0 -0.14841968       0.63199145  0.27803129  2.12538302  0.77440983  0.33860410
  846     C   4.0 -0.13491998       0.62105608  0.26716143  2.09865314  0.74000441  0.40804493
  847     C   4.0 -0.20021169       0.64010316  0.29275382  2.16775888  0.83610526  0.26349058
  848     C   4.0 -0.22299952       0.64617985  0.29857266  2.17938471  0.83398046  0.26488184
  849     N   5.0  0.10406134       0.79543197  0.29444438  2.69992530  0.88899171  0.21714528
  850     C   4.0 -0.07174249       0.63222075  0.28083497  2.04683560  0.74660365  0.36524752
  851     C   4.0 -0.02851377       0.63365185  0.24108624  1.84387827  0.64316656  0.66673084
  852     O   6.0 -0.36169868       1.16150975  0.44055831  3.61043417  1.06478024  0.08441620
  853     N   5.0  0.12751640       0.79857218  0.28978300  2.67535257  0.88949573  0.21928012
  854     C   4.0 -0.03396828       0.62126535  0.26387551  2.00498861  0.70943169  0.43440711
  855     C   4.0 -0.01481158       0.62877363  0.24023399  1.83880526  0.64368834  0.66331037
  856     O   6.0 -0.32303022       1.15534663  0.42933854  3.60950100  1.04539132  0.08345272
  857     C   4.0 -0.14347607       0.62799227  0.27799019  2.12299061  0.77062520  0.34387779
  858     C   4.0 -0.13722375       0.63106441  0.27846217  2.13589931  0.77127153  0.32052634
  859     C   4.0 -0.11306893       0.63401270  0.24408303  1.80872589  0.65313703  0.77311028
  860     O   6.0 -0.45238505       1.17120707  0.44585413  3.67213678  1.07964328  0.08354379
  861     O   6.0 -0.43870604       1.17163026  0.44772568  3.65300691  1.08416563  0.08217755
  862     N   5.0  0.12147912       0.79943794  0.29106119  2.67592752  0.89216590  0.21992833
  863     C   4.0 -0.03697607       0.61962706  0.26303294  2.00549239  0.71256286  0.43626082
  864     C   4.0 -0.03034081       0.63054818  0.24139862  1.84526229  0.64499643  0.66813529
  865     O   6.0 -0.35340857       1.15792847  0.43786386  3.61101747  1.06122860  0.08537018
  866     C   4.0 -0.14280949       0.63232899  0.28174195  2.12704867  0.76779877  0.33389112
  867     C   4.0 -0.15931959       0.62652665  0.27940255  2.13522094  0.77382170  0.34434774
  868     C   4.0 -0.16349322       0.62907708  0.28331789  2.14218903  0.76741129  0.34149793
  869     C   4.0 -0.09774333       0.63945937  0.28566992  2.09610683  0.73213105  0.34437616
  870     N   5.0  0.30775472       0.75033444  0.30969059  2.51725751  0.90722972  0.20773301
  871     N   5.0  0.12343663       0.79901820  0.29100111  2.67936140  0.88996956  0.21721309
  872     C   4.0 -0.02025658       0.61999196  0.26340082  1.99944508  0.70934500  0.42807372
  873     C   4.0 -0.01948969       0.62493175  0.23680195  1.84167099  0.63971643  0.67636856
  874     O   6.0 -0.33340687       1.15249109  0.43212241  3.61332607  1.05010036  0.08536694
  875     C   4.0 -0.13281402       0.63122267  0.27433378  2.11953169  0.77031580  0.33741010
  876     C   4.0 -0.14101530       0.61865979  0.26500255  2.10713327  0.73640913  0.41381056
  877     C   4.0 -0.18418592       0.63597775  0.28814897  2.16668206  0.82810548  0.26527166
  878     C   4.0 -0.21602345       0.64141893  0.29341960  2.17956322  0.83255854  0.26906315
  879     N   5.0  0.11806954       0.79351199  0.28870386  2.69511151  0.88507327  0.21952983
  880     C   4.0 -0.02565262       0.62327784  0.26405209  2.00614071  0.71008202  0.42209996
  881     C   4.0 -0.01515299       0.62846571  0.23999760  1.83505476  0.64485283  0.66678210
  882     O   6.0 -0.32837425       1.16025925  0.42766908  3.60544789  1.05141833  0.08357970
  883     C   4.0 -0.02996564       0.63039720  0.26861632  1.95386821  0.70192973  0.47515418
  884     O   6.0 -0.20302771       1.11461961  0.39538381  3.55676019  1.04688856  0.08937554
  885     C   4.0 -0.22169584       0.64748305  0.30095300  2.18599820  0.83283965  0.25442194
  886     N   5.0  0.09922072       0.80036539  0.29175267  2.70081580  0.88923132  0.21861411
  887     C   4.0 -0.02807184       0.61988550  0.26398611  1.99979675  0.70878446  0.43561902
  888     C   4.0 -0.03425688       0.62329018  0.23799844  1.84798002  0.64359632  0.68139192
  889     O   6.0 -0.29554027       1.15059316  0.42560053  3.59067130  1.04340729  0.08526798
  890     C   4.0 -0.13283839       0.63604635  0.28227702  2.12503815  0.77644287  0.31303400
  891     C   4.0 -0.10255991       0.63466758  0.24279656  1.80273935  0.65174451  0.77061191
  892     O   6.0 -0.43896937       1.17367518  0.44822916  3.65182710  1.08466947  0.08056846
  893     O   6.0 -0.44982960       1.17424858  0.44888270  3.65746045  1.08624864  0.08298924
  894     N   5.0  0.09309351       0.79992670  0.29058900  2.70618695  0.88924745  0.22095639
  895     C   4.0 -0.03145488       0.61970967  0.26358441  2.00439596  0.70901431  0.43475053
  896     C   4.0 -0.02133658       0.62513697  0.23929389  1.84242946  0.64471883  0.66975743
  897     O   6.0 -0.30565157       1.15504181  0.42496386  3.59871817  1.04223320  0.08469453
  898     C   4.0 -0.15146696       0.62936163  0.28114185  2.12926942  0.76743004  0.34426403
  899     C   4.0 -0.15179037       0.63474655  0.28286964  2.14002252  0.77767070  0.31648097
  900     C   4.0 -0.10347589       0.63592356  0.24365641  1.80484754  0.65133974  0.76770864
  901     O   6.0 -0.44068065       1.17298234  0.44878215  3.65000784  1.08654696  0.08236137
  902     O   6.0 -0.45831804       1.17412901  0.44792470  3.67151916  1.08244574  0.08229943
  903     N   5.0  0.10599450       0.79862601  0.28971389  2.69619566  0.88959786  0.21987208
  904     C   4.0 -0.02445082       0.62027681  0.26416507  1.99574226  0.71112938  0.43313730
  905     C   4.0 -0.01387094       0.62519914  0.23977767  1.83777648  0.64476833  0.66634932
  906     O   6.0 -0.31857088       1.15708280  0.42544749  3.60608017  1.04491502  0.08504539
  907     C   4.0 -0.13305148       0.62921053  0.27877763  2.11423868  0.77230847  0.33851617
  908     C   4.0 -0.15690391       0.63655722  0.28307545  2.13995504  0.77855222  0.31876397
  909     C   4.0 -0.08816399       0.63205510  0.24317904  1.79534978  0.65331784  0.76426224
  910     O   6.0 -0.41575768       1.17111635  0.43654230  3.65975022  1.06620422  0.08214458
  911     O   6.0 -0.44120045       1.17427826  0.44838750  3.65111411  1.08519018  0.08223040
  912     N   5.0  0.11901185       0.79624897  0.29060921  2.69387800  0.88316536  0.21708661
  913     C   4.0  0.01409385       0.62327093  0.26152396  1.98372930  0.69732998  0.42005197
  914     C   4.0 -0.01361418       0.62636250  0.23958746  1.83584565  0.64385043  0.66796814
  915     O   6.0 -0.30285254       1.15993345  0.42071566  3.59298265  1.04298466  0.08623612
  916     C   4.0 -0.09416562       0.62071955  0.26532951  2.07239228  0.73630278  0.39942150
  917     C   4.0 -0.18297675       0.63673419  0.28716961  2.16330296  0.82985556  0.26591443
  918     C   4.0 -0.19878462       0.63617188  0.28735268  2.17987943  0.82649462  0.26888601
  919     N   5.0  0.10763527       0.79905397  0.28974488  2.70192784  0.88340774  0.21823029
  920     C   4.0 -0.02526318       0.62016428  0.26392841  1.99890304  0.70868641  0.43358104
  921     C   4.0 -0.01575074       0.62583244  0.23856463  1.83772850  0.64365557  0.66996961
  922     O   6.0 -0.31205658       1.15948272  0.42403421  3.59635532  1.04683077  0.08535357
  923     C   4.0 -0.12353938       0.63235694  0.27878872  2.12306094  0.77601340  0.31331937
  924     C   4.0 -0.10965899       0.62945729  0.24313848  1.80340683  0.65737961  0.77627677
  925     O   6.0 -0.43856865       1.17069829  0.44393712  3.66430056  1.07815775  0.08147493
  926     O   6.0 -0.44144624       1.17241156  0.44677064  3.65448797  1.08516851  0.08260756
  927     N   5.0  0.10293184       0.79645473  0.28817934  2.70766944  0.88293564  0.22182902
  928     C   4.0 -0.02980015       0.61943799  0.26371688  1.99776888  0.71252410  0.43635230
  929     C   4.0 -0.01754215       0.62769204  0.24048981  1.83880478  0.64475393  0.66580158
  930     O   6.0 -0.32499410       1.15735984  0.43029022  3.59748244  1.05509415  0.08476744
  931     C   4.0 -0.14138271       0.63152975  0.28220212  2.12059832  0.77379085  0.33326166
  932     C   4.0 -0.14824694       0.63644212  0.28232947  2.13495654  0.78079742  0.31372138
  933     C   4.0 -0.10083675       0.63517988  0.24403183  1.79831570  0.65310207  0.77020727
  934     O   6.0 -0.44334281       1.17282283  0.44781899  3.65392554  1.08661547  0.08215998
  935     O   6.0 -0.44506512       1.17118061  0.44599524  3.66507220  1.08023551  0.08258156
  936     N   5.0  0.11489036       0.80005550  0.29030398  2.69086576  0.88635251  0.21753190
  937     C   4.0 -0.01785123       0.62051344  0.26432225  1.99331003  0.71036014  0.42934536
  938     C   4.0 -0.01803316       0.62891912  0.24084699  1.83890516  0.64535937  0.66400252
  939     O   6.0 -0.32364097       1.15736699  0.43566006  3.58520675  1.06242564  0.08298153
  940     C   4.0 -0.14163339       0.62795794  0.27823740  2.11615741  0.77716468  0.34211595
  941     C   4.0 -0.28946669       0.65279657  0.30024198  2.07285851  0.87144718  0.39212246
  942     S   6.0  0.30794074       1.05809760  0.40615633  3.08641475  0.89953879  0.24185178
  943     C   4.0 -0.30954134       0.65636384  0.30592039  2.12600422  0.90333155  0.31792133
  944     N   5.0  0.12047729       0.79495060  0.28868294  2.68832678  0.88644698  0.22111541
  945     C   4.0 -0.01142717       0.62445396  0.26386693  1.98703027  0.70900773  0.42706829
  946     C   4.0 -0.01018992       0.63029563  0.24294394  1.82789195  0.64881222  0.66024618
  947     O   6.0 -0.29475402       1.15688813  0.42698288  3.58271360  1.04486814  0.08330127
  948     C   4.0 -0.10159777       0.62189561  0.26607162  2.07650280  0.73543930  0.40168844
  949     C   4.0 -0.15479989       0.62638134  0.27575386  2.13322282  0.77212480  0.34731708
  950     C   4.0 -0.19164310       0.63891852  0.29105717  2.16535145  0.83263983  0.26367614
  951     C   4.0 -0.19676883       0.63712543  0.28884003  2.17141050  0.83466104  0.26473183
  952     N   5.0  0.10930545       0.79964161  0.29120302  2.69430029  0.89137426  0.21417537
  953     C   4.0 -0.02007201       0.62025046  0.26446217  1.99283016  0.71153650  0.43099272
  954     C   4.0 -0.03415410       0.62532383  0.24064329  1.84880108  0.64464195  0.67474395
  955     O   6.0 -0.31446467       1.15383184  0.43432960  3.58949006  1.05203626  0.08477691
  956     C   4.0 -0.14668064       0.62696469  0.27746549  2.12983447  0.77061060  0.34180538
  957     C   4.0 -0.15709308       0.62952572  0.28070909  2.14194071  0.76867136  0.33624620
  958     C   4.0 -0.10544310       0.63053000  0.28285339  2.05757368  0.74148309  0.39300294
  959     N   5.0  0.06213604       0.79213738  0.29717031  2.74535745  0.90016416  0.20303465
  960     C   4.0 -0.04088725       0.61656606  0.23147094  1.89763194  0.63858905  0.65662925
  961     N   5.0  0.05756764       0.79657751  0.31061754  2.74879497  0.94256455  0.14387779
  962     N   5.0  0.05040083       0.79652160  0.31263205  2.75689542  0.93824318  0.14530690
  963     N   5.0  0.11022012       0.79481256  0.28918171  2.69832510  0.88480222  0.22265829
  964     C   4.0 -0.03015996       0.61989057  0.26443169  2.00149095  0.70735209  0.43699466
  965     C   4.0 -0.02727056       0.62886715  0.24213070  1.84210414  0.64539702  0.66877156
  966     O   6.0 -0.34357193       1.15667057  0.43344665  3.61902440  1.04993072  0.08449959
  967     C   4.0 -0.14528716       0.62654018  0.27830347  2.12594616  0.76824151  0.34625582
  968     C   4.0 -0.15086430       0.63128471  0.28087962  2.14255381  0.77154192  0.32460424
  969     C   4.0 -0.09591076       0.63531983  0.24384221  1.79932916  0.65226671  0.76515284
  970     O   6.0 -0.44120651       1.17352962  0.44820973  3.65344393  1.08514261  0.08088061
  971     O   6.0 -0.45216625       1.17490137  0.44996807  3.65682530  1.08811757  0.08235394
  972     N   5.0  0.11359317       0.79799777  0.29082760  2.69215846  0.88660300  0.21882000
  973     C   4.0 -0.02414412       0.62121981  0.26422563  1.99711770  0.71212484  0.42945614
  974     C   4.0 -0.00419821       0.63056207  0.24065924  1.83195299  0.64058097  0.66044295
  975     O   6.0 -0.31578664       1.15950954  0.42863727  3.59665811  1.04733804  0.08364368
  976     C   4.0 -0.17235711       0.64169019  0.29084608  2.15364140  0.83021599  0.25596344
  977     N   5.0  0.12000949       0.80205238  0.29133621  2.67214972  0.89730319  0.21714902
  978     C   4.0 -0.02127974       0.62176657  0.26436329  1.98467815  0.71787719  0.43259454
  979     C   4.0 -0.00078885       0.63206631  0.24234802  1.82513207  0.64464457  0.65659788
  980     O   6.0 -0.32063866       1.16120911  0.42847329  3.60252953  1.04307023  0.08535651
  981     C   4.0 -0.10774677       0.63022208  0.27790710  2.11783594  0.77681693  0.30496471
  982     C   4.0 -0.03488855       0.61821753  0.23907143  1.76008731  0.65424031  0.76327197
  983     O   6.0 -0.50695567       1.16783130  0.42280254  3.72430050  1.10076705  0.09125428
  984     O   6.0 -0.33479384       1.17029035  0.43371344  3.60390747  1.04982808  0.07705451
  985     N   5.0  0.12304560       0.79952329  0.29055545  2.67438984  0.89448911  0.21799671
  986     C   4.0 -0.02463337       0.62193769  0.26328981  1.99940282  0.70858213  0.43142091
  987     C   4.0 -0.03791907       0.62371296  0.24095976  1.84808534  0.64541923  0.67974178
  988     O   6.0 -0.33666575       1.15525579  0.43538734  3.60491884  1.05632469  0.08477908
  989     C   4.0 -0.10859815       0.62284040  0.26611948  2.07905227  0.73701970  0.40356629
  990     C   4.0 -0.17686433       0.62628990  0.27869418  2.14899397  0.76938270  0.35350357
  991     C   4.0 -0.21086629       0.64426750  0.29803982  2.17553550  0.82900003  0.26402345
  992     C   4.0 -0.21580448       0.64144588  0.29514149  2.18055201  0.82757095  0.27109417
  993     N   5.0  0.10892854       0.79412407  0.28904167  2.70609635  0.88025260  0.22155677
  994     C   4.0 -0.03329952       0.62001073  0.26460996  2.00334865  0.71040185  0.43492833
  995     C   4.0 -0.05258410       0.62768990  0.24292256  1.84755743  0.64526388  0.68915034
  996     O   6.0 -0.33537923       1.15482569  0.43570518  3.60094428  1.05755270  0.08635138
  997     C   4.0 -0.09366987       0.63667029  0.28480971  2.09759879  0.78009096  0.29450012
  998     C   4.0 -0.02259646       0.62173152  0.24185720  1.75366479  0.65683183  0.74851112
  999     O   6.0 -0.31932889       1.17452669  0.43139970  3.56871295  1.06615672  0.07853283
 1000     O   6.0 -0.47487620       1.18168676  0.41856650  3.69362998  1.08975571  0.09123726
 1001     N   5.0  0.10059002       0.79535007  0.29335698  2.69423962  0.89753810  0.21892521
 1002     C   4.0 -0.07746068       0.62759000  0.27915770  2.04996789  0.75527778  0.36546731
 1003     C   4.0 -0.01866067       0.62637788  0.24264640  1.83472687  0.64670119  0.66820834
 1004     O   6.0 -0.34473930       1.15925694  0.43872449  3.60319245  1.05992812  0.08363731
 1005     N   5.0  0.10702620       0.79721457  0.29129791  2.69045472  0.89439902  0.21960758
 1006     C   4.0 -0.03188462       0.62348449  0.26727805  1.99498415  0.71574934  0.43038859
 1007     C   4.0 -0.03663814       0.63205886  0.24296023  1.84287268  0.64516746  0.67357892
 1008     O   6.0 -0.34102670       1.15726137  0.43748650  3.60237563  1.05871868  0.08518452
 1009     C   4.0 -0.10964612       0.63716871  0.28505710  2.10657805  0.78185575  0.29898652
 1010     C   4.0 -0.04670087       0.62396532  0.24293579  1.76131010  0.66122660  0.75726306
 1011     O   6.0 -0.37597600       1.17244184  0.44071567  3.61074948  1.07571700  0.07635200
 1012     O   6.0 -0.48846119       1.17919016  0.42359015  3.69819617  1.09720650  0.09027820
 1013     N   5.0  0.10122816       0.79629683  0.29458216  2.69642311  0.89357284  0.21789690
 1014     C   4.0 -0.06709011       0.63128167  0.27982119  2.04311579  0.74972163  0.36314982
 1015     C   4.0 -0.02251530       0.62931526  0.24218646  1.83504903  0.64774437  0.66822018
 1016     O   6.0 -0.33238185       1.15741849  0.43678036  3.59670913  1.05884388  0.08262998
 1017     N   5.0  0.11045877       0.80037868  0.29077840  2.68770158  0.89444140  0.21624117
 1018     C   4.0  0.00949484       0.61773801  0.26253536  1.98019797  0.70962675  0.42040707
 1019     C   4.0  0.04497451       0.61918801  0.23469280  1.80842304  0.63508712  0.65763452
 1020     O   6.0 -0.45204187       1.14890206  0.41832855  3.69130695  1.09545422  0.09805010
 1021     C   4.0 -0.13475500       0.62686551  0.27410653  2.12691784  0.76272669  0.34413843
 1022     C   4.0 -0.12171096       0.63022709  0.27959520  2.11864698  0.77363817  0.31960353
 1023     C   4.0 -0.03495835       0.62859470  0.24096015  1.84389693  0.64668931  0.67481726
 1024     O   6.0 -0.36778897       1.15876091  0.44106933  3.61362171  1.06833825  0.08599877
 1025     N   5.0  0.10699898       0.79813266  0.30223215  2.71856534  0.91685596  0.15721491
 1026     N   5.0  0.18790662       0.79202998  0.28870764  2.63726622  0.88439757  0.20969198
 1027     C   4.0 -0.00707881       0.62445253  0.26327327  1.98092908  0.71286282  0.42556112
 1028     C   4.0  0.01989880       0.62732780  0.23938884  1.82022208  0.63915288  0.65400960
 1029     O   6.0 -0.27844151       1.15963924  0.41188774  3.59629834  1.02111667  0.08949953
 1030     C   4.0 -0.10449838       0.62070119  0.26582164  2.08350509  0.73109034  0.40338012
 1031     C   4.0 -0.18394260       0.63606620  0.28770003  2.16209495  0.83355390  0.26452753
 1032     C   4.0 -0.19710509       0.63783002  0.28938591  2.16782480  0.83510768  0.26695666
 1033     N   5.0  0.14850633       0.79639322  0.28959987  2.65987641  0.89078146  0.21484272
 1034     C   4.0 -0.00070839       0.61868399  0.26336938  1.98526436  0.71180949  0.42158117
 1035     C   4.0 -0.00091358       0.62478513  0.23941888  1.82792038  0.64051448  0.66827472
 1036     O   6.0 -0.30051610       1.15855777  0.41944304  3.61463022  1.02267760  0.08520747
 1037     C   4.0 -0.08648546       0.63477081  0.28138468  2.08907694  0.77945045  0.30180259
 1038     C   4.0 -0.03686275       0.62797081  0.24255799  1.84108311  0.65236716  0.67288368
 1039     O   6.0 -0.36409509       1.15882468  0.43809369  3.61405277  1.06832123  0.08480272
 1040     N   5.0  0.11323889       0.79575741  0.29576394  2.71417838  0.91270712  0.16835425
 1041     N   5.0  0.14805833       0.79484683  0.28979188  2.66657424  0.88554916  0.21517956
 1042     C   4.0  0.02220688       0.61807656  0.26237848  1.95607787  0.71085781  0.43040239
 1043     C   4.0  0.00773170       0.62471825  0.23927195  1.82843405  0.64178950  0.65805455
 1044     O   6.0 -0.24583539       1.15961230  0.42082590  3.54803312  1.03321323  0.08415085
 1045     C   4.0 -0.04999162       0.62577367  0.27928603  2.07126439  0.77225372  0.30141382
 1046     C   4.0  0.27035287       0.63634664  0.25753462  1.78604838  0.65968491  0.39003258
 1047     C   4.0  0.05655126       0.64698964  0.27408183  2.00230265  0.74101873  0.27905590
 1048     C   4.0  0.04366275       0.65204471  0.27703580  2.00474375  0.74464193  0.27787105
 1049     C   4.0  0.12002941       0.64426076  0.27547595  1.96070695  0.72162570  0.27790123
 1050     C   4.0  0.11007154       0.65024072  0.27706984  1.96202260  0.72101179  0.27958351
 1051     C   4.0  0.29234629       0.62697250  0.24890432  1.74221709  0.64106716  0.44849264
 1052     O   6.0  0.33999093       1.09929156  0.38657212  3.08510506  0.99779892  0.09124140
 1053     N   5.0  0.13748258       0.79642838  0.28792152  2.68132651  0.87642342  0.22041759
 1054     C   4.0 -0.01803284       0.62030756  0.26456496  1.99319011  0.71026102  0.42970918
 1055     C   4.0  0.00219055       0.62489456  0.23913179  1.83170062  0.64262979  0.65945268
 1056     O   6.0 -0.29597080       1.15873623  0.42609707  3.58050406  1.04619867  0.08443478
 1057     C   4.0 -0.13920281       0.63107610  0.28234300  2.11596215  0.77220857  0.33761299
 1058     C   4.0 -0.15623354       0.63933790  0.28688782  2.13358831  0.78279802  0.31362148
 1059     C   4.0 -0.09482002       0.63478047  0.24609546  1.79702446  0.65527913  0.76164050
 1060     O   6.0 -0.41596893       1.17266607  0.43946916  3.65794706  1.06265643  0.08323020
 1061     O   6.0 -0.43444237       1.17264616  0.44812527  3.64723337  1.08570611  0.08073145
 1062     N   5.0  0.16362738       0.79193532  0.28511831  2.67990017  0.85825741  0.22116140
 1063     C   4.0 -0.00912234       0.61568671  0.26076058  1.99265969  0.70520216  0.43481320
 1064     C   4.0  0.00592476       0.62426114  0.23850933  1.83272189  0.64273819  0.65584469
 1065     O   6.0 -0.25711904       1.15513968  0.42812338  3.54696238  1.04261088  0.08428271
 1066     C   4.0 -0.12478233       0.62160087  0.27322045  2.12127340  0.76700029  0.34168733
 1067     C   4.0 -0.10369051       0.62364739  0.27478898  2.11476308  0.77519709  0.31529397
 1068     C   4.0 -0.00033634       0.61805260  0.24122144  1.73673171  0.66494080  0.73938978
 1069     O   6.0 -0.40825372       1.17906535  0.42420605  3.62621486  1.09503147  0.08373600
 1070     O   6.0 -0.41670397       1.17511725  0.42706648  3.63248301  1.09952888  0.08250836
 1071     N   5.0  0.21350019       0.79697448  0.28771526  2.61236352  0.87094980  0.21849675
 1072     C   4.0  0.01245590       0.62190199  0.26413924  1.97289300  0.70985882  0.41875106
 1073     C   4.0  0.01721212       0.62636405  0.23951103  1.82137799  0.64206342  0.65347138
 1074     O   6.0 -0.27322458       1.16148198  0.42180076  3.56189883  1.04180434  0.08623867
 1075     C   4.0 -0.10337993       0.62116218  0.27354065  2.09136593  0.77905267  0.33825850
 1076     C   4.0 -0.04525913       0.63404679  0.25763762  2.02981681  0.72714470  0.39661321
 1077     C   4.0 -0.06333056       0.64972550  0.27559027  2.05810636  0.76062454  0.31928389
 1078     C   4.0 -0.06104363       0.65124381  0.27761358  2.05673498  0.75914223  0.31630903
 1079     C   4.0 -0.07118015       0.65125060  0.27853274  2.05490881  0.76806042  0.31842758
 1080     C   4.0 -0.07406344       0.65188318  0.27973026  2.05387872  0.77020937  0.31836189
 1081     C   4.0 -0.07818994       0.65218592  0.27917004  2.05835861  0.76893348  0.31954191
 1082     N   5.0  0.16479085       0.79476589  0.28887275  2.65441191  0.88066867  0.21648993
 1083     C   4.0 -0.00873439       0.62365878  0.26360318  1.98573440  0.71085276  0.42488527
 1084     C   4.0 -0.03102896       0.62658942  0.24204960  1.84476596  0.64559546  0.67202851
 1085     O   6.0 -0.30823074       1.15274751  0.43209383  3.58649588  1.05148622  0.08540730
 1086     C   4.0 -0.12118719       0.61894494  0.26587597  2.09260529  0.73377939  0.40998160
 1087     C   4.0 -0.20920236       0.64179564  0.29656723  2.17390466  0.82915863  0.26777620
 1088     C   4.0 -0.20008843       0.63603479  0.28918147  2.17458743  0.83138809  0.26889666
 1089     N   5.0  0.11575641       0.79547197  0.29039583  2.69349164  0.88534656  0.21953760
 1090     C   4.0 -0.02562890       0.62629169  0.26567402  1.99968642  0.71119864  0.42277812
 1091     C   4.0 -0.01935333       0.62966859  0.24269217  1.83532000  0.64529517  0.66637740
 1092     O   6.0 -0.33874479       1.15714133  0.43744311  3.60147238  1.05856460  0.08412337
 1093     C   4.0 -0.03231035       0.62731171  0.26620471  1.95780128  0.69922802  0.48176463
 1094     O   6.0 -0.21555895       1.11744153  0.40036821  3.54866004  1.05791864  0.09117052
 1095     C   4.0 -0.20415297       0.64521599  0.29898104  2.17405975  0.83435729  0.25153890
 1096     N   5.0  0.13736887       0.79616153  0.28978649  2.67284322  0.88808349  0.21575640
 1097     C   4.0  0.02661515       0.61517382  0.26393646  1.96515149  0.70228547  0.42683762
 1098     C   4.0 -0.11327187       0.59325689  0.21823333  2.01660305  0.58252087  0.70265772
 1099     O   6.0 -0.51170537       1.17888772  0.41019475  3.81316841  0.98909259  0.12036190
 1100     C   4.0 -0.14480030       0.63027078  0.27870777  2.11964560  0.78428458  0.33189158
 1101     C   4.0 -0.25219631       0.65682417  0.30315217  2.04256141  0.87490532  0.37475324
 1102     S   6.0  0.28775397       1.06346011  0.40998355  3.11374629  0.89485145  0.23020464
 1103     C   4.0 -0.36957016       0.65827835  0.31309202  2.13645220  0.93068519  0.33106240
 1104     N   5.0  0.16195147       0.73360234  0.25266233  2.67305672  0.78934091  0.38938622
 1105     C   4.0 -0.01590187       0.62124157  0.26385862  2.01142943  0.70389748  0.41547478
 1106     C   4.0  0.17797938       0.67078865  0.28906929  1.77305987  0.64613196  0.44297084
 1107     O   6.0 -0.20661477       1.16442215  0.45482513  3.44139612  1.06836241  0.07760895
 1108     C   4.0 -0.16786793       0.63193476  0.28022152  2.13259578  0.78002468  0.34309119
 1109     C   4.0 -0.29220585       0.65436292  0.30070654  2.06909299  0.87952998  0.38851343
 1110     S   6.0  0.29776845       1.07924724  0.41698107  3.08450103  0.91140422  0.21009799
 1111     C   4.0 -0.33747363       0.67597866  0.32592833  2.09769869  0.93803325  0.29983470
 1112     Ca 10.0  1.50798936       1.58143914  0.18293262  0.32777497  5.71323252  0.49185732  0.19477408
 1113     Ca 10.0  1.48700274       1.58557856  0.18213405  0.31468967  5.71312463  0.54113583  0.17633452
 1114     Ca 10.0  1.50117081       1.57958508  0.18241437  0.31430387  5.71236730  0.51800554  0.19215304
 1115     Ca 10.0  1.49309703       1.58156669  0.18145014  0.30502558  5.71074033  0.52222027  0.20589996
 1116     O   6.0 -0.39133130       1.20026314  0.44004357  3.50920701  1.20617902  0.03563856
 1117     O   6.0 -0.43706456       1.19050264  0.46025240  3.55108035  1.20142508  0.03380409
 1118     O   6.0 -0.33046451       1.19987094  0.44605768  3.41560709  1.22714585  0.04178294
 1119     O   6.0 -0.43983472       1.19447351  0.45924968  3.54721332  1.20494041  0.03395781
 1120     O   6.0 -0.45127402       1.19584417  0.45663735  3.56569541  1.19793516  0.03516192
 1121     O   6.0 -0.41771193       1.19119501  0.45371750  3.52679932  1.21266752  0.03333257
 1122     O   6.0 -0.41346338       1.18776083  0.44810981  3.53668535  1.20471567  0.03619173
 1123     H   1.0  0.19115466       0.58207232  0.09007166  0.13670137
 1124     H   1.0  0.18804669       0.57968670  0.09011645  0.14215016
 1125     H   1.0  0.18575731       0.58370960  0.09633294  0.13420015
 1126     H   1.0  0.10840209       0.64218414  0.12861533  0.12079844
 1127     H   1.0  0.10011678       0.65504920  0.13454798  0.11028603
 1128     H   1.0  0.14073033       0.52523923  0.10124829  0.23278214
 1129     H   1.0  0.08827626       0.66122174  0.12347131  0.12703069
 1130     H   1.0  0.08701981       0.66170454  0.12318477  0.12809088
 1131     H   1.0  0.07943035       0.66342521  0.12808232  0.12906213
 1132     H   1.0  0.14879315       0.56713718  0.10706922  0.17700046
 1133     H   1.0  0.10426322       0.64690781  0.13840334  0.11042563
 1134     H   1.0  0.08477770       0.66324556  0.12881398  0.12316276
 1135     H   1.0  0.08367309       0.66060942  0.13130845  0.12440903
 1136     H   1.0  0.07967062       0.66081220  0.13382459  0.12569259
 1137     H   1.0  0.10035639       0.64835602  0.12292878  0.12835882
 1138     H   1.0  0.14521186       0.56599599  0.11407512  0.17471703
 1139     H   1.0  0.09700799       0.64962107  0.14239383  0.11097712
 1140     H   1.0  0.08436411       0.66148233  0.13199234  0.12216122
 1141     H   1.0  0.08387724       0.66155046  0.13039598  0.12417632
 1142     H   1.0  0.08299920       0.66058218  0.13460857  0.12181005
 1143     H   1.0  0.09890983       0.64835668  0.12457066  0.12816284
 1144     H   1.0  0.14262505       0.56525570  0.11944793  0.17267132
 1145     H   1.0  0.09645823       0.64992398  0.14347754  0.11014025
 1146     H   1.0  0.09514034       0.65435314  0.13138086  0.11912566
 1147     H   1.0  0.07889444       0.66159767  0.13116744  0.12834045
 1148     H   1.0  0.08964581       0.65784788  0.13071658  0.12178973
 1149     H   1.0  0.07974490       0.66026819  0.13184996  0.12813695
 1150     H   1.0  0.15465293       0.56889397  0.10109501  0.17535809
 1151     H   1.0  0.15355914       0.57084960  0.10181386  0.17377740
 1152     H   1.0  0.19272251       0.54835951  0.11428538  0.14463260
 1153     H   1.0  0.10817590       0.64687657  0.14060093  0.10434659
 1154     H   1.0  0.07922810       0.66036719  0.13966088  0.12074383
 1155     H   1.0  0.07660902       0.66844058  0.13280135  0.12214905
 1156     H   1.0  0.08522900       0.66093296  0.13002095  0.12381710
 1157     H   1.0  0.08524957       0.66112864  0.12761186  0.12600992
 1158     H   1.0  0.07882260       0.66248035  0.13168126  0.12701578
 1159     H   1.0  0.08119201       0.66080481  0.13450934  0.12349384
 1160     H   1.0  0.08314413       0.65815848  0.12842628  0.13027110
 1161     H   1.0  0.06992904       0.66304612  0.13018177  0.13684307
 1162     H   1.0 -0.14661754       0.59283853  0.11817551  0.43560350
 1163     H   1.0  0.12518519       0.56469864  0.12214375  0.18797242
 1164     H   1.0  0.09686884       0.65617967  0.13715608  0.10979540
 1165     H   1.0  0.09309977       0.65623057  0.12613349  0.12453617
 1166     H   1.0  0.08514720       0.65969527  0.12835766  0.12679987
 1167     H   1.0  0.07012372       0.66582894  0.13694751  0.12709983
 1168     H   1.0  0.12361174       0.56756622  0.12391521  0.18490683
 1169     H   1.0  0.09770360       0.65139598  0.14120138  0.10969905
 1170     H   1.0  0.09379995       0.65390205  0.13263139  0.11966661
 1171     H   1.0  0.07922870       0.66130430  0.14006242  0.11940458
 1172     H   1.0  0.07567384       0.65492141  0.13875295  0.13065180
 1173     H   1.0  0.07997200       0.66000259  0.13750623  0.12251918
 1174     H   1.0  0.12246312       0.56714094  0.12455361  0.18584234
 1175     H   1.0  0.09506307       0.65114290  0.14246608  0.11132795
 1176     H   1.0  0.09712685       0.64786476  0.13630910  0.11869929
 1177     H   1.0  0.07820454       0.66164726  0.14206682  0.11808138
 1178     H   1.0  0.08049175       0.64684194  0.13988440  0.13278191
 1179     H   1.0  0.07523364       0.65248585  0.14242090  0.12985961
 1180     H   1.0  0.08068279       0.64755332  0.14164586  0.13011802
 1181     H   1.0  0.08257560       0.64425665  0.14244591  0.13072184
 1182     H   1.0  0.07198334       0.65054607  0.14504421  0.13242638
 1183     H   1.0  0.12302417       0.56788117  0.12498763  0.18410703
 1184     H   1.0  0.10106861       0.64844370  0.14299928  0.10748841
 1185     H   1.0  0.09230432       0.65580571  0.13299330  0.11889668
 1186     H   1.0  0.07400657       0.66440272  0.13879108  0.12279962
 1187     H   1.0  0.03919597       0.65785319  0.13871610  0.16423475
 1188     H   1.0  0.07814415       0.66224045  0.13623232  0.12338309
 1189     H   1.0  0.08394865       0.66323048  0.13191345  0.12090742
 1190     H   1.0  0.08048899       0.66384256  0.13432464  0.12134381
 1191     H   1.0  0.08547372       0.66663879  0.12831625  0.11957123
 1192     H   1.0  0.08935671       0.66373360  0.12973137  0.11717831
 1193     H   1.0  0.18625045       0.58448696  0.09282004  0.13644255
 1194     H   1.0  0.19050124       0.58146214  0.09023658  0.13780003
 1195     H   1.0  0.18648819       0.58356237  0.09346703  0.13648240
 1196     H   1.0  0.13367417       0.56707650  0.12481368  0.17443565
 1197     H   1.0  0.10157865       0.65015775  0.14000289  0.10826071
 1198     H   1.0  0.08915111       0.65579778  0.13476942  0.12028169
 1199     H   1.0  0.08003748       0.66216749  0.13809058  0.11970445
 1200     H   1.0  0.06824150       0.66408819  0.13701850  0.13065181
 1201     H   1.0  0.09231421       0.65185392  0.13042346  0.12540841
 1202     H   1.0  0.12647208       0.56600338  0.12298120  0.18454334
 1203     H   1.0  0.10168714       0.65200460  0.13412800  0.11218026
 1204     H   1.0  0.08976407       0.65546149  0.13176093  0.12301352
 1205     H   1.0  0.08320286       0.65964079  0.13143268  0.12572367
 1206     H   1.0  0.07273584       0.66482478  0.14014919  0.12229019
 1207     H   1.0  0.11509118       0.56681597  0.12488666  0.19320618
 1208     H   1.0  0.10620702       0.64181173  0.14375462  0.10822664
 1209     H   1.0  0.07606715       0.66142070  0.14310336  0.11940878
 1210     H   1.0  0.07530147       0.65787470  0.13958117  0.12724265
 1211     H   1.0  0.07803079       0.64723068  0.14424528  0.13049324
 1212     H   1.0  0.07327851       0.64813274  0.14545196  0.13313679
 1213     H   1.0  0.07375482       0.64905620  0.14506665  0.13212233
 1214     H   1.0  0.07475043       0.64567703  0.15015255  0.12941999
 1215     H   1.0  0.07314931       0.64915234  0.14619285  0.13150550
 1216     H   1.0  0.12427627       0.56694901  0.12572099  0.18305373
 1217     H   1.0  0.10032940       0.64774019  0.14087988  0.11105053
 1218     H   1.0  0.06724997       0.67434573  0.14110234  0.11730196
 1219     H   1.0  0.09146599       0.65685403  0.13817817  0.11350181
 1220     H   1.0  0.15244075       0.52358198  0.09720831  0.22676896
 1221     H   1.0  0.13244503       0.56766367  0.12469118  0.17520012
 1222     H   1.0  0.09962669       0.64903098  0.14015807  0.11118426
 1223     H   1.0  0.08936759       0.65672207  0.13346325  0.12044710
 1224     H   1.0  0.07928613       0.66013181  0.13789375  0.12268831
 1225     H   1.0  0.04562362       0.65926498  0.13740714  0.15770426
 1226     H   1.0  0.08549753       0.66030312  0.12811765  0.12608170
 1227     H   1.0  0.08062682       0.66278034  0.12982672  0.12676611
 1228     H   1.0  0.08082302       0.66647285  0.12787230  0.12483183
 1229     H   1.0  0.08390206       0.66348362  0.12551402  0.12710030
 1230     H   1.0  0.08130488       0.66545355  0.12780084  0.12544073
 1231     H   1.0  0.08291648       0.66382992  0.12662540  0.12662820
 1232     H   1.0  0.14624234       0.56748086  0.12516503  0.16111177
 1233     H   1.0  0.10121751       0.64940280  0.14011125  0.10926844
 1234     H   1.0  0.09066664       0.65498710  0.13721906  0.11712720
 1235     H   1.0  0.08047730       0.66117454  0.14237243  0.11597574
 1236     H   1.0  0.08115938       0.64668477  0.14477824  0.12737761
 1237     H   1.0  0.07796460       0.64770645  0.14542381  0.12890513
 1238     H   1.0  0.07965956       0.65079069  0.14080232  0.12874742
 1239     H   1.0  0.08480792       0.64465380  0.14042041  0.13011787
 1240     H   1.0  0.08375616       0.64693820  0.13811098  0.13119465
 1241     H   1.0  0.10467335       0.56518275  0.12231459  0.20782931
 1242     H   1.0  0.07455456       0.66244239  0.15180357  0.11119948
 1243     H   1.0  0.08988590       0.64800662  0.14071792  0.12138956
 1244     H   1.0  0.09612761       0.64391428  0.13924406  0.12071404
 1245     H   1.0  0.12897658       0.56508893  0.12343486  0.18249964
 1246     H   1.0  0.08883438       0.65391517  0.13452798  0.12272247
 1247     H   1.0  0.09213176       0.65695524  0.13114797  0.11976504
 1248     H   1.0  0.08004186       0.66271108  0.13611308  0.12113398
 1249     H   1.0  0.08783224       0.65775299  0.13303174  0.12138303
 1250     H   1.0  0.07923801       0.66276634  0.13864712  0.11934852
 1251     H   1.0  0.08051041       0.65921754  0.13188061  0.12839144
 1252     H   1.0  0.08275940       0.66260362  0.13301820  0.12161879
 1253     H   1.0  0.08645822       0.66567767  0.13098167  0.11688245
 1254     H   1.0  0.08433419       0.66104203  0.13592969  0.11869408
 1255     H   1.0  0.14516634       0.58179313  0.10179345  0.17124708
 1256     H   1.0  0.18481299       0.58205640  0.09569293  0.13743768
 1257     H   1.0  0.18314164       0.58531398  0.09529180  0.13625258
 1258     H   1.0  0.11983266       0.57475233  0.13270357  0.17271144
 1259     H   1.0  0.10734641       0.64258021  0.13327117  0.11680221
 1260     H   1.0  0.09389751       0.65682387  0.12861961  0.12065900
 1261     H   1.0  0.09602931       0.64985889  0.13021904  0.12389275
 1262     H   1.0  0.12485184       0.56709313  0.12024205  0.18781297
 1263     H   1.0  0.09475655       0.65732205  0.12897390  0.11894750
 1264     H   1.0  0.10783982       0.64415973  0.12857489  0.11942555
 1265     H   1.0  0.10813823       0.57708097  0.13746454  0.17731627
 1266     H   1.0  0.10466156       0.64641982  0.13585094  0.11306768
 1267     H   1.0  0.09695071       0.64766330  0.13150510  0.12388089
 1268     H   1.0  0.09963300       0.65192819  0.12935832  0.11908050
 1269     H   1.0  0.06060223       0.56702834  0.12623656  0.24613287
 1270     H   1.0  0.09784473       0.65187293  0.13337916  0.11690318
 1271     H   1.0  0.09970015       0.65164387  0.13117115  0.11748483
 1272     H   1.0  0.09754390       0.57692492  0.13087171  0.19465947
 1273     H   1.0  0.09440479       0.64505976  0.14467466  0.11586079
 1274     H   1.0  0.09114457       0.65746921  0.14238349  0.10900274
 1275     H   1.0  0.04632550       0.52510315  0.11048938  0.31808197
 1276     H   1.0  0.08204425       0.66008681  0.13024521  0.12762373
 1277     H   1.0  0.08037029       0.65902722  0.13459241  0.12601008
 1278     H   1.0  0.07332839       0.66566592  0.13469224  0.12631345
 1279     H   1.0  0.12336335       0.56001246  0.12269209  0.19393211
 1280     H   1.0  0.07528773       0.66066414  0.14946298  0.11458515
 1281     H   1.0  0.07711800       0.66079170  0.14172465  0.12036566
 1282     H   1.0  0.06903277       0.66546792  0.14113042  0.12436889
 1283     H   1.0  0.07179601       0.66603678  0.14073099  0.12143622
 1284     H   1.0  0.08035758       0.66017365  0.13380723  0.12566154
 1285     H   1.0  0.07244036       0.66419494  0.13799119  0.12537351
 1286     H   1.0  0.07407375       0.66283911  0.13957343  0.12351371
 1287     H   1.0  0.07306280       0.66092479  0.13862708  0.12738532
 1288     H   1.0  0.07488722       0.66502476  0.13585791  0.12423011
 1289     H   1.0  0.06921906       0.67038918  0.13362269  0.12676907
 1290     H   1.0  0.12488754       0.56849879  0.12477478  0.18183890
 1291     H   1.0  0.09900845       0.64531577  0.14228880  0.11338698
 1292     H   1.0  0.09578532       0.65468311  0.14064623  0.10888534
 1293     H   1.0  0.13925970       0.52606195  0.10469194  0.22998641
 1294     H   1.0  0.08310280       0.66286075  0.12691158  0.12712487
 1295     H   1.0  0.08262667       0.66438729  0.12604380  0.12694224
 1296     H   1.0  0.06991445       0.66786814  0.13774966  0.12446776
 1297     H   1.0  0.14566903       0.56593513  0.11895680  0.16943903
 1298     H   1.0  0.10447825       0.64304805  0.14367835  0.10879535
 1299     H   1.0  0.08365236       0.66273260  0.14172341  0.11189163
 1300     H   1.0  0.15738679       0.51971018  0.09409588  0.22880715
 1301     H   1.0  0.07135424       0.66389745  0.13593726  0.12881105
 1302     H   1.0  0.07355776       0.66100597  0.13885403  0.12658224
 1303     H   1.0  0.07471039       0.66370165  0.13650903  0.12507892
 1304     H   1.0  0.13774253       0.56746858  0.12282898  0.17195991
 1305     H   1.0  0.09292742       0.65594876  0.13995729  0.11116652
 1306     H   1.0  0.09111345       0.65872836  0.12858312  0.12157507
 1307     H   1.0  0.08262534       0.66305119  0.13347438  0.12084909
 1308     H   1.0  0.08848417       0.66111571  0.12733446  0.12306567
 1309     H   1.0  0.08796960       0.65974343  0.13014925  0.12213773
 1310     H   1.0  0.08685691       0.66039735  0.12946989  0.12327585
 1311     H   1.0  0.08039185       0.66154689  0.13659087  0.12147039
 1312     H   1.0  0.08568042       0.66553169  0.12832148  0.12046640
 1313     H   1.0  0.09004593       0.66420859  0.12694113  0.11880435
 1314     H   1.0  0.17837869       0.57800269  0.10370366  0.13991496
 1315     H   1.0  0.17642219       0.58281326  0.10270113  0.13806342
 1316     H   1.0  0.18822008       0.58173299  0.09219977  0.13784717
 1317     H   1.0  0.13513402       0.56787968  0.12375357  0.17323274
 1318     H   1.0  0.09983464       0.64957678  0.14218812  0.10840046
 1319     H   1.0  0.08219045       0.65829045  0.13970368  0.11981543
 1320     H   1.0  0.07840745       0.66201818  0.14265895  0.11691542
 1321     H   1.0  0.09249217       0.65216327  0.12883213  0.12651243
 1322     H   1.0  0.08476726       0.66191828  0.13546179  0.11785267
 1323     H   1.0  0.12117971       0.56559724  0.12346995  0.18975311
 1324     H   1.0  0.10504187       0.64505321  0.14131296  0.10859197
 1325     H   1.0  0.07138583       0.66501296  0.14246450  0.12113671
 1326     H   1.0  0.08078641       0.65884495  0.13940981  0.12095883
 1327     H   1.0  0.07421713       0.66490632  0.14137515  0.11950139
 1328     H   1.0  0.07238419       0.66460079  0.13199261  0.13102241
 1329     H   1.0  0.06766523       0.66411734  0.14161506  0.12660237
 1330     H   1.0  0.07863757       0.66207606  0.13547769  0.12380869
 1331     H   1.0  0.06992096       0.66688156  0.13667202  0.12652546
 1332     H   1.0  0.07959600       0.66271555  0.13466419  0.12302425
 1333     H   1.0  0.07328544       0.66196221  0.13953350  0.12521884
 1334     H   1.0  0.11647503       0.56494272  0.12484278  0.19373947
 1335     H   1.0  0.09522384       0.65085620  0.13893960  0.11498036
 1336     H   1.0  0.09046127       0.65569431  0.14017354  0.11367088
 1337     H   1.0  0.11928973       0.56616563  0.12437052  0.19017413
 1338     H   1.0  0.08969891       0.65489554  0.14485304  0.11055251
 1339     H   1.0  0.07338912       0.66783911  0.14639814  0.11237362
 1340     H   1.0  0.15507357       0.52131003  0.09555479  0.22806161
 1341     H   1.0  0.08445422       0.66087198  0.12829989  0.12637391
 1342     H   1.0  0.08540379       0.65704811  0.13181335  0.12573475
 1343     H   1.0  0.08050319       0.66458517  0.12964515  0.12526648
 1344     H   1.0  0.11394833       0.56532991  0.12460080  0.19612096
 1345     H   1.0  0.09198030       0.65573192  0.14273776  0.10955002
 1346     H   1.0  0.07852439       0.65947163  0.14362513  0.11837885
 1347     H   1.0  0.07947336       0.66233820  0.12993313  0.12825531
 1348     H   1.0  0.07040858       0.66563022  0.13573390  0.12822730
 1349     H   1.0  0.07967585       0.66354543  0.13251801  0.12426071
 1350     H   1.0  0.07385904       0.66455609  0.13326575  0.12831913
 1351     H   1.0  0.07394786       0.66684616  0.13536714  0.12383884
 1352     H   1.0  0.07121241       0.66379577  0.13725822  0.12773361
 1353     H   1.0  0.08571951       0.56018287  0.12306742  0.23103020
 1354     H   1.0  0.07114980       0.65954310  0.14980547  0.11950163
 1355     H   1.0  0.07853453       0.66272962  0.13917395  0.11956189
 1356     H   1.0  0.08102106       0.65736061  0.14179321  0.11982512
 1357     H   1.0  0.06887170       0.66567826  0.14056891  0.12488113
 1358     H   1.0  0.07111128       0.66315943  0.14299899  0.12273030
 1359     H   1.0  0.08142729       0.65924037  0.13342264  0.12590970
 1360     H   1.0  0.05781905       0.67514348  0.13739391  0.12964356
 1361     H   1.0  0.05854011       0.67445606  0.13209192  0.13491191
 1362     H   1.0  0.09467568       0.56264418  0.12336644  0.21931370
 1363     H   1.0  0.07114470       0.65242416  0.14058752  0.13584362
 1364     H   1.0  0.08812422       0.65809023  0.13298686  0.12079868
 1365     H   1.0  0.07741676       0.66303033  0.13887624  0.12067667
 1366     H   1.0  0.07684825       0.66066653  0.14078017  0.12170506
 1367     H   1.0  0.08270579       0.65856332  0.13590582  0.12282507
 1368     H   1.0  0.08641038       0.66696620  0.12987036  0.11675306
 1369     H   1.0  0.09566194       0.66103017  0.12852389  0.11478400
 1370     H   1.0  0.15657018       0.56196868  0.10513474  0.17632639
 1371     H   1.0  0.15990037       0.56212312  0.10088986  0.17708664
 1372     H   1.0  0.14970605       0.56584060  0.10278032  0.18167303
 1373     H   1.0  0.16022626       0.56055552  0.10163398  0.17758425
 1374     H   1.0  0.15571732       0.56432879  0.10128669  0.17866720
 1375     H   1.0  0.12053481       0.56382740  0.12366977  0.19196803
 1376     H   1.0  0.10657808       0.64402664  0.13585955  0.11353574
 1377     H   1.0  0.08120402       0.66707289  0.13489540  0.11682769
 1378     H   1.0  0.09755076       0.65746105  0.13238497  0.11260322
 1379     H   1.0  0.04194013       0.52331710  0.11052580  0.32421697
 1380     H   1.0  0.11660270       0.56471169  0.12516767  0.19351794
 1381     H   1.0  0.10409770       0.64526278  0.13776842  0.11287111
 1382     H   1.0  0.08393362       0.65670067  0.13312037  0.12624534
 1383     H   1.0  0.07462885       0.66199720  0.13951196  0.12386199
 1384     H   1.0  0.08868484       0.65955973  0.13138565  0.12036978
 1385     H   1.0  0.08604119       0.66202176  0.12581517  0.12612189
 1386     H   1.0  0.07916819       0.66409242  0.13004510  0.12669429
 1387     H   1.0  0.06621933       0.66326183  0.13626888  0.13424996
 1388     H   1.0  0.08828692       0.66045135  0.12566388  0.12559785
 1389     H   1.0  0.07899259       0.66480595  0.13341264  0.12278882
 1390     H   1.0  0.08654317       0.66183662  0.12538935  0.12623086
 1391     H   1.0  0.11393416       0.56549096  0.11540860  0.20516628
 1392     H   1.0  0.10244576       0.65129685  0.12960380  0.11665358
 1393     H   1.0  0.10910568       0.64852178  0.12524867  0.11712387
 1394     H   1.0  0.12433667       0.56645012  0.12236948  0.18684373
 1395     H   1.0  0.09099435       0.65528774  0.14014043  0.11357748
 1396     H   1.0  0.08868255       0.65909308  0.13139471  0.12082966
 1397     H   1.0  0.08138037       0.66128337  0.13679275  0.12054351
 1398     H   1.0  0.10418250       0.64653814  0.12541048  0.12386888
 1399     H   1.0  0.08622305       0.66082621  0.13502569  0.11792504
 1400     H   1.0  0.15303629       0.56874007  0.10073180  0.17749184
 1401     H   1.0  0.15410928       0.57042390  0.10063705  0.17482977
 1402     H   1.0  0.16087413       0.56132483  0.10965388  0.16814715
 1403     H   1.0  0.08838778       0.65263391  0.13662890  0.12234941
 1404     H   1.0  0.09286646       0.65077716  0.13148405  0.12487233
 1405     H   1.0  0.10095011       0.64726257  0.12993747  0.12184985
 1406     H   1.0  0.15161489       0.56806684  0.10495389  0.17536439
 1407     H   1.0  0.13363773       0.56567359  0.10824107  0.19244760
 1408     H   1.0  0.07966338       0.65305859  0.13861731  0.12866073
 1409     H   1.0  0.09587728       0.65054023  0.13289014  0.12069236
 1410     H   1.0  0.08425038       0.65283966  0.14102295  0.12188701
 1411     H   1.0  0.08649977       0.65430093  0.13545467  0.12374463
 1412     H   1.0  0.08470409       0.65566427  0.13987252  0.11975913
 1413     H   1.0  0.08955601       0.65336186  0.13823889  0.11884324
 1414     H   1.0  0.08853060       0.65889335  0.13537575  0.11720030
 1415     H   1.0  0.10637725       0.56952763  0.12068206  0.20341307
 1416     H   1.0  0.10523979       0.64289415  0.13722338  0.11464268
 1417     H   1.0  0.10077678       0.65476584  0.13627355  0.10818383
 1418     H   1.0  0.14993601       0.52322614  0.10208240  0.22475545
 1419     H   1.0  0.08728964       0.66132003  0.12357596  0.12781437
 1420     H   1.0  0.09093242       0.65839267  0.12397868  0.12669623
 1421     H   1.0  0.08366831       0.66373259  0.12782475  0.12477435
 1422     H   1.0  0.14945323       0.56641096  0.11340310  0.17073271
 1423     H   1.0  0.09620775       0.65240031  0.14223178  0.10916016
 1424     H   1.0  0.09230740       0.65485334  0.13259010  0.12024915
 1425     H   1.0  0.08347615       0.66262841  0.13107389  0.12282154
 1426     H   1.0  0.09671712       0.64983422  0.12568633  0.12776233
 1427     H   1.0  0.08120442       0.66428697  0.13248780  0.12202081
 1428     H   1.0  0.14242746       0.56782156  0.11644121  0.17330977
 1429     H   1.0  0.09855328       0.65308523  0.13691747  0.11144402
 1430     H   1.0  0.09495272       0.65665090  0.12368980  0.12470658
 1431     H   1.0  0.08559187       0.66310722  0.12398555  0.12731536
 1432     H   1.0  0.07917745       0.66651487  0.12948614  0.12482154
 1433     H   1.0  0.12176849       0.56931883  0.12264180  0.18627088
 1434     H   1.0  0.09615124       0.65350473  0.14128155  0.10906248
 1435     H   1.0  0.09337714       0.65270072  0.13464431  0.11927782
 1436     H   1.0  0.06938315       0.66519302  0.14373697  0.12168686
 1437     H   1.0  0.08774148       0.65365720  0.13330920  0.12529212
 1438     H   1.0  0.09143028       0.65448684  0.13022709  0.12385579
 1439     H   1.0  0.11088722       0.56685150  0.12374959  0.19851169
 1440     H   1.0  0.09138082       0.65509832  0.14198804  0.11153282
 1441     H   1.0  0.08535727       0.65854549  0.13814472  0.11795251
 1442     H   1.0  0.07512569       0.66248149  0.14106286  0.12132996
 1443     H   1.0  0.07439385       0.66290677  0.14204353  0.12065585
 1444     H   1.0  0.07738108       0.66389841  0.13206242  0.12665809
 1445     H   1.0  0.07615316       0.66463500  0.13266164  0.12655020
 1446     H   1.0  0.04217442       0.66002589  0.13454747  0.16325221
 1447     H   1.0  0.06810741       0.66654110  0.13781488  0.12753661
 1448     H   1.0  0.07158348       0.66588682  0.13901134  0.12351836
 1449     H   1.0  0.07152029       0.66267532  0.13714939  0.12865499
 1450     H   1.0  0.11684774       0.56644624  0.12408467  0.19262134
 1451     H   1.0  0.09237536       0.65517396  0.14364763  0.10880306
 1452     H   1.0  0.08251342       0.65961504  0.13670196  0.12116958
 1453     H   1.0  0.08253670       0.65792787  0.13798255  0.12155288
 1454     H   1.0  0.07731074       0.66849864  0.13374518  0.12044545
 1455     H   1.0  0.09939690       0.64927709  0.12732984  0.12399616
 1456     H   1.0  0.14916748       0.56725138  0.10934798  0.17423316
 1457     H   1.0  0.11611673       0.57150042  0.11215623  0.20022662
 1458     H   1.0  0.12468096       0.56890571  0.12515143  0.18126190
 1459     H   1.0  0.08906164       0.65373427  0.14402038  0.11318371
 1460     H   1.0  0.10238378       0.64301038  0.13019070  0.12441514
 1461     H   1.0  0.07772558       0.65819138  0.13924022  0.12484282
 1462     H   1.0  0.11454918       0.56734872  0.12342712  0.19467499
 1463     H   1.0  0.09255456       0.65168196  0.14431846  0.11144502
 1464     H   1.0  0.08471113       0.65589410  0.14084408  0.11855069
 1465     H   1.0  0.07084134       0.66709381  0.14383753  0.11822732
 1466     H   1.0  0.06228035       0.66604668  0.13994730  0.13172567
 1467     H   1.0  0.07668890       0.66306859  0.13747990  0.12276260
 1468     H   1.0  0.07050560       0.66493148  0.13651809  0.12804484
 1469     H   1.0  0.06996574       0.67045951  0.13165985  0.12791491
 1470     H   1.0  0.06907344       0.67423034  0.12828478  0.12841144
 1471     H   1.0  0.12218670       0.56804407  0.12546793  0.18430131
 1472     H   1.0  0.09485217       0.65266091  0.14119729  0.11128963
 1473     H   1.0  0.07743327       0.66006374  0.14344378  0.11905921
 1474     H   1.0  0.07260784       0.66683400  0.13465086  0.12590731
 1475     H   1.0  0.07135344       0.66430616  0.14090446  0.12343594
 1476     H   1.0  0.07398095       0.66132182  0.13606851  0.12862872
 1477     H   1.0  0.07577107       0.66077977  0.13642812  0.12702104
 1478     H   1.0  0.07128842       0.66597456  0.13835649  0.12438053
 1479     H   1.0  0.07671275       0.66173720  0.13642511  0.12512494
 1480     H   1.0  0.07205444       0.66507012  0.13735445  0.12552100
 1481     H   1.0  0.07006320       0.66834760  0.13474774  0.12684146
 1482     H   1.0  0.10953627       0.56570482  0.12483027  0.19992864
 1483     H   1.0  0.09339665       0.65258676  0.14234766  0.11166892
 1484     H   1.0  0.10020365       0.64680159  0.13033511  0.12265965
 1485     H   1.0  0.08182815       0.65832412  0.13845672  0.12139101
 1486     H   1.0  0.14859115       0.56966841  0.10570654  0.17603390
 1487     H   1.0  0.15153001       0.56966496  0.10323813  0.17556691
 1488     H   1.0  0.12977606       0.56612015  0.12378021  0.18032359
 1489     H   1.0  0.10225966       0.64831263  0.13625635  0.11317136
 1490     H   1.0  0.08041641       0.66044641  0.13757375  0.12156344
 1491     H   1.0  0.08929227       0.65872508  0.12963507  0.12234758
 1492     H   1.0  0.09293601       0.64837217  0.13313138  0.12556044
 1493     H   1.0  0.06203262       0.66222405  0.14080095  0.13494238
 1494     H   1.0  0.12441906       0.56734097  0.12418836  0.18405161
 1495     H   1.0  0.09745743       0.64798635  0.14376776  0.11078846
 1496     H   1.0  0.07449573       0.66566283  0.13830137  0.12154007
 1497     H   1.0  0.07865775       0.65952784  0.13771212  0.12410229
 1498     H   1.0  0.07044943       0.66248155  0.13942800  0.12764102
 1499     H   1.0  0.07309927       0.66619623  0.13663952  0.12406499
 1500     H   1.0  0.08328088       0.65984350  0.13222957  0.12464605
 1501     H   1.0  0.07108052       0.66580445  0.13443762  0.12867742
 1502     H   1.0  0.06469284       0.66493028  0.12983888  0.14053799
 1503     H   1.0  0.08501639       0.56547320  0.12155650  0.22795391
 1504     H   1.0  0.07244907       0.66612226  0.14869492  0.11273375
 1505     H   1.0  0.08478676       0.65452695  0.14082925  0.11985704
 1506     H   1.0  0.09528914       0.64356661  0.13908781  0.12205644
 1507     H   1.0  0.13367572       0.56784326  0.12392333  0.17455769
 1508     H   1.0  0.09605138       0.65529120  0.13732722  0.11133019
 1509     H   1.0  0.08945359       0.66020906  0.12528412  0.12505323
 1510     H   1.0  0.08884795       0.65895021  0.12678708  0.12541476
 1511     H   1.0  0.07403611       0.66697735  0.13358246  0.12540409
 1512     H   1.0  0.13736871       0.56651807  0.12254653  0.17356669
 1513     H   1.0  0.10561234       0.64622390  0.13345635  0.11470741
 1514     H   1.0  0.09651965       0.65442789  0.12809397  0.12095849
 1515     H   1.0  0.10575264       0.64119643  0.12835974  0.12469119
 1516     H   1.0  0.13428374       0.56454057  0.12003639  0.18113930
 1517     H   1.0  0.09434021       0.65841067  0.12918358  0.11806555
 1518     H   1.0  0.10645817       0.64531559  0.12924318  0.11898306
 1519     H   1.0  0.12072232       0.57210267  0.13167469  0.17550032
 1520     H   1.0  0.10856699       0.64236110  0.13464446  0.11442744
 1521     H   1.0  0.10201163       0.64977050  0.12825976  0.11995811
 1522     H   1.0  0.11143345       0.64028341  0.12721770  0.12106545
 1523     H   1.0  0.09717207       0.58711755  0.13235131  0.18335907
 1524     H   1.0  0.17273262       0.55831480  0.10211368  0.16683890
 1525     H   1.0  0.10231031       0.56635654  0.11983740  0.21149574
 1526     H   1.0  0.09920403       0.65069318  0.13029332  0.11980947
 1527     H   1.0  0.10155338       0.65146393  0.12844042  0.11854227
 1528     H   1.0  0.10818569       0.57352263  0.12653361  0.19175807
 1529     H   1.0  0.10372546       0.63887358  0.14403956  0.11336141
 1530     H   1.0  0.09215520       0.65503883  0.14479220  0.10801377
 1531     H   1.0  0.14500365       0.52477676  0.10394900  0.22627060
 1532     H   1.0  0.08018332       0.66208971  0.13099484  0.12673213
 1533     H   1.0  0.08045346       0.66000569  0.13384058  0.12570027
 1534     H   1.0  0.07552123       0.66617137  0.13214880  0.12615859
 1535     H   1.0  0.11978399       0.56271505  0.12283438  0.19466657
 1536     H   1.0  0.06309509       0.66499150  0.15171313  0.12020028
 1537     H   1.0  0.07489868       0.66194296  0.14203453  0.12112384
 1538     H   1.0  0.07040390       0.66607893  0.14038725  0.12312993
 1539     H   1.0  0.07102267       0.66615206  0.14171696  0.12110832
 1540     H   1.0  0.07451826       0.66170287  0.13778035  0.12599852
 1541     H   1.0  0.06817980       0.66289520  0.14198710  0.12693790
 1542     H   1.0  0.06914437       0.66580963  0.14066063  0.12438537
 1543     H   1.0  0.07243186       0.66382134  0.13670684  0.12703996
 1544     H   1.0  0.07451869       0.66678089  0.13464233  0.12405809
 1545     H   1.0  0.07210110       0.67004776  0.13372244  0.12412870
 1546     H   1.0  0.11227113       0.57220548  0.13071275  0.18481063
 1547     H   1.0  0.09103767       0.64963931  0.14334695  0.11597607
 1548     H   1.0  0.07730459       0.66273314  0.13710436  0.12285791
 1549     H   1.0  0.09931723       0.64446568  0.13213700  0.12408008
 1550     H   1.0  0.14863276       0.56352669  0.11894856  0.16889200
 1551     H   1.0  0.09143719       0.65609366  0.14402218  0.10844697
 1552     H   1.0  0.07717515       0.66735655  0.13406283  0.12140547
 1553     H   1.0  0.09273284       0.65364176  0.13258211  0.12104328
 1554     H   1.0  0.07881746       0.64736712  0.14558136  0.12823405
 1555     H   1.0  0.08110555       0.64815593  0.13921641  0.13152212
 1556     H   1.0  0.07755853       0.64632523  0.14760268  0.12851356
 1557     H   1.0  0.07602542       0.64838022  0.14346890  0.13212545
 1558     H   1.0  0.07456333       0.64736295  0.14819056  0.12988317
 1559     H   1.0  0.09818515       0.65143597  0.13820706  0.11217182
 1560     H   1.0  0.09152916       0.65281576  0.13134705  0.12430803
 1561     H   1.0  0.08974534       0.65479594  0.13658015  0.11887857
 1562     H   1.0  0.09153416       0.65620524  0.13186978  0.12039082
 1563     H   1.0  0.09365997       0.65037042  0.13072218  0.12524743
 1564     H   1.0  0.07521790       0.66019821  0.13599083  0.12859306
 1565     H   1.0  0.08651702       0.65775079  0.13326187  0.12247032
 1566     H   1.0  0.11388082       0.56603843  0.12589945  0.19418130
 1567     H   1.0  0.10593223       0.64448392  0.14150381  0.10808004
 1568     H   1.0  0.08629690       0.65592659  0.13817692  0.11959960
 1569     H   1.0  0.07452247       0.66406375  0.14324400  0.11816978
 1570     H   1.0  0.03742454       0.64062905  0.13398638  0.18796002
 1571     H   1.0  0.08552898       0.65865910  0.13662083  0.11919108
 1572     H   1.0  0.12819642       0.56624991  0.12532127  0.18023241
 1573     H   1.0  0.10840050       0.64129972  0.14357343  0.10672634
 1574     H   1.0  0.07561768       0.66350830  0.14404155  0.11683247
 1575     H   1.0  0.08450514       0.65630651  0.14024290  0.11894545
 1576     H   1.0  0.07949752       0.64546692  0.14589070  0.12914486
 1577     H   1.0  0.07578275       0.64805371  0.14790994  0.12825361
 1578     H   1.0  0.08002996       0.64480001  0.14498912  0.13018091
 1579     H   1.0  0.06477317       0.64786726  0.15030657  0.13705300
 1580     H   1.0  0.07511310       0.64772111  0.14646567  0.13070012
 1581     H   1.0  0.04897277       0.55935627  0.12104253  0.27062843
 1582     H   1.0  0.10176805       0.64668673  0.14210632  0.10943889
 1583     H   1.0  0.07432644       0.66492093  0.13990751  0.12084513
 1584     H   1.0  0.07933053       0.65978134  0.14000161  0.12088652
 1585     H   1.0  0.08515042       0.65911424  0.13672948  0.11900586
 1586     H   1.0  0.07521015       0.66617763  0.13255383  0.12605838
 1587     H   1.0  0.07754811       0.66208941  0.13516654  0.12519594
 1588     H   1.0  0.07621031       0.66322881  0.13684048  0.12372040
 1589     H   1.0  0.08425807       0.66301572  0.12660268  0.12612353
 1590     H   1.0  0.07792695       0.66653526  0.13155968  0.12397811
 1591     H   1.0  0.08427865       0.66300511  0.12670150  0.12601473
 1592     H   1.0  0.12918318       0.56639653  0.12172833  0.18269195
 1593     H   1.0  0.09917039       0.64702296  0.14233848  0.11146816
 1594     H   1.0  0.08292198       0.66431046  0.14242066  0.11034690
 1595     H   1.0  0.08809042       0.51911283  0.09840354  0.29439321
 1596     H   1.0  0.08562832       0.66086698  0.12664026  0.12686445
 1597     H   1.0  0.08535361       0.65818512  0.12946019  0.12700108
 1598     H   1.0  0.07956461       0.66230881  0.13186145  0.12626513
 1599     H   1.0  0.13105154       0.56655878  0.12576978  0.17661990
 1600     H   1.0  0.09982539       0.65254825  0.13918303  0.10844332
 1601     H   1.0  0.06415732       0.66625792  0.14486410  0.12472066
 1602     H   1.0  0.08247458       0.65813172  0.13664702  0.12274668
 1603     H   1.0  0.07137205       0.66755694  0.13298240  0.12808860
 1604     H   1.0  0.07914614       0.65939206  0.13947125  0.12199055
 1605     H   1.0  0.06890467       0.66275442  0.14204517  0.12629575
 1606     H   1.0  0.06612397       0.67427742  0.13240471  0.12719389
 1607     H   1.0  0.05866769       0.67158312  0.14258665  0.12716255
 1608     H   1.0  0.09127085       0.56367654  0.12582785  0.21922477
 1609     H   1.0  0.07459446       0.65640283  0.15368454  0.11531817
 1610     H   1.0  0.07983480       0.66003633  0.13999265  0.12013622
 1611     H   1.0  0.08107931       0.65793484  0.14144847  0.11953737
 1612     H   1.0  0.07546830       0.65837914  0.14288212  0.12327044
 1613     H   1.0  0.06817977       0.66161275  0.14741901  0.12278848
 1614     H   1.0  0.08036629       0.66244864  0.13132004  0.12586503
 1615     H   1.0  0.06542416       0.67382103  0.13397837  0.12677645
 1616     H   1.0  0.06374055       0.67474586  0.13382843  0.12768516
 1617     H   1.0  0.10340647       0.56490266  0.12208853  0.20960234
 1618     H   1.0  0.09774261       0.65235013  0.14032005  0.10958722
 1619     H   1.0  0.09014324       0.65962309  0.12612557  0.12410810
 1620     H   1.0  0.08415792       0.65980130  0.13061666  0.12542411
 1621     H   1.0  0.07754629       0.66551691  0.13373864  0.12319816
 1622     H   1.0  0.14063285       0.56511933  0.12100632  0.17324150
 1623     H   1.0  0.09537269       0.65473330  0.13908550  0.11080851
 1624     H   1.0  0.07942757       0.66030973  0.13676532  0.12349738
 1625     H   1.0  0.07814354       0.66130745  0.13285656  0.12769244
 1626     H   1.0  0.08068479       0.66123468  0.13451958  0.12356095
 1627     H   1.0  0.08719649       0.65486842  0.13479054  0.12314454
 1628     H   1.0  0.10291422       0.65559846  0.12507211  0.11641521
 1629     H   1.0  0.09079691       0.66518742  0.12879449  0.11522118
 1630     H   1.0  0.15842581       0.56280285  0.10151450  0.17725683
 1631     H   1.0  0.14995836       0.56279135  0.10709795  0.18015233
 1632     H   1.0  0.13984703       0.56210881  0.10791519  0.19012897
 1633     H   1.0  0.16194577       0.56422609  0.09570481  0.17812333
 1634     H   1.0  0.15845396       0.56624144  0.09538586  0.17991874
 1635     H   1.0  0.11010887       0.56575567  0.12200611  0.20212935
 1636     H   1.0  0.09588917       0.65336972  0.13961199  0.11112911
 1637     H   1.0  0.07301848       0.66570002  0.14075950  0.12052200
 1638     H   1.0  0.08486686       0.65826654  0.13480023  0.12206637
 1639     H   1.0  0.08384126       0.65986425  0.13431761  0.12197688
 1640     H   1.0  0.07718886       0.66526496  0.13482253  0.12272364
 1641     H   1.0  0.07446512       0.66419238  0.14125918  0.12008332
 1642     H   1.0  0.09413162       0.65435028  0.13038510  0.12113300
 1643     H   1.0  0.09522679       0.65807635  0.12773837  0.11895850
 1644     H   1.0  0.09124916       0.66193891  0.12882678  0.11798516
 1645     H   1.0  0.18383557       0.58333045  0.09761547  0.13521851
 1646     H   1.0  0.17821434       0.58524048  0.09617262  0.14037256
 1647     H   1.0  0.18872187       0.58262450  0.09053190  0.13812174
 1648     H   1.0  0.11696050       0.56470597  0.12395506  0.19437848
 1649     H   1.0  0.09537045       0.65519708  0.14024125  0.10919121
 1650     H   1.0  0.07653292       0.66293818  0.14132723  0.11920167
 1651     H   1.0  0.07707672       0.66400647  0.13790517  0.12101164
 1652     H   1.0  0.07411876       0.66377085  0.13910893  0.12300146
 1653     H   1.0  0.07918449       0.65810281  0.14076138  0.12195133
 1654     H   1.0  0.08057225       0.65956926  0.13383998  0.12601851
 1655     H   1.0  0.07018596       0.67337424  0.12819654  0.12824326
 1656     H   1.0  0.06033128       0.67586643  0.13537964  0.12842265
 1657     H   1.0  0.12836717       0.56649566  0.12282871  0.18230845
 1658     H   1.0  0.09567212       0.65361118  0.14106677  0.10964993
 1659     H   1.0  0.09233637       0.65623569  0.13165325  0.11977468
 1660     H   1.0  0.07909226       0.66228765  0.13820466  0.12041542
 1661     H   1.0  0.08057568       0.66281462  0.13533683  0.12127287
 1662     H   1.0  0.08395397       0.66314977  0.13190205  0.12099420
 1663     H   1.0  0.08363850       0.66402590  0.13005087  0.12228473
 1664     H   1.0  0.08397463       0.66254467  0.13213941  0.12134129
 1665     H   1.0  0.09174288       0.66228694  0.12736633  0.11860384
 1666     H   1.0  0.08983757       0.66435999  0.12647635  0.11932610
 1667     H   1.0  0.18720009       0.58381319  0.09264903  0.13633769
 1668     H   1.0  0.18628091       0.58517396  0.09109178  0.13745334
 1669     H   1.0  0.19062030       0.58251810  0.08877985  0.13808175
 1670     H   1.0  0.13095142       0.56475991  0.12494814  0.17934052
 1671     H   1.0  0.09781974       0.65287042  0.13982107  0.10948878
 1672     H   1.0  0.09260141       0.65392077  0.13299422  0.12048360
 1673     H   1.0  0.08644812       0.65520835  0.13596030  0.12238324
 1674     H   1.0  0.12042740       0.56728375  0.12322214  0.18906671
 1675     H   1.0  0.09614818       0.65022236  0.14252807  0.11110139
 1676     H   1.0  0.07067793       0.66826212  0.14297661  0.11808334
 1677     H   1.0  0.09238013       0.52193308  0.10188812  0.28379867
 1678     H   1.0  0.08767289       0.66068220  0.12532322  0.12632169
 1679     H   1.0  0.09163146       0.65430474  0.12857200  0.12549180
 1680     H   1.0  0.08239470       0.66280454  0.12921669  0.12558407
 1681     H   1.0  0.09634904       0.56514686  0.12392743  0.21457667
 1682     H   1.0  0.09237575       0.65254313  0.14405067  0.11103045
 1683     H   1.0  0.10240782       0.64322585  0.12911581  0.12525052
 1684     H   1.0  0.07965473       0.66004992  0.13847591  0.12181945
 1685     H   1.0  0.09060253       0.56557840  0.11994857  0.22387050
 1686     H   1.0  0.09460502       0.65308297  0.14071892  0.11159309
 1687     H   1.0  0.09842223       0.65544730  0.13406897  0.11206150
 1688     H   1.0  0.07495667       0.67258656  0.13825704  0.11419973
 1689     H   1.0  0.11972748       0.52658260  0.09921692  0.25447301
 1690     H   1.0  0.09692543       0.56500566  0.12024295  0.21782596
 1691     H   1.0  0.09318616       0.65518653  0.14147371  0.11015360
 1692     H   1.0  0.07591540       0.66288292  0.13769382  0.12350785
 1693     H   1.0  0.07498536       0.65994650  0.13833030  0.12673785
 1694     H   1.0  0.07557273       0.66503656  0.13757414  0.12181658
 1695     H   1.0  0.09757962       0.64624780  0.12945376  0.12671881
 1696     H   1.0  0.12921389       0.56690961  0.12446577  0.17941073
 1697     H   1.0  0.08464881       0.65369868  0.14307255  0.11857997
 1698     H   1.0  0.07799071       0.66143835  0.13770209  0.12286885
 1699     H   1.0  0.08336877       0.65789527  0.13582085  0.12291511
 1700     H   1.0  0.08162796       0.65833795  0.13562666  0.12440743
 1701     H   1.0  0.09784022       0.64722520  0.12740451  0.12753007
 1702     H   1.0  0.11820633       0.56632572  0.12512569  0.19034225
 1703     H   1.0  0.09512130       0.65470088  0.14113173  0.10904610
 1704     H   1.0  0.09201226       0.65452242  0.13428448  0.11918084
 1705     H   1.0  0.07888749       0.66195899  0.13886920  0.12028432
 1706     H   1.0  0.08045826       0.65362334  0.13308468  0.13283371
 1707     H   1.0  0.08149625       0.66125661  0.13663352  0.12061363
 1708     H   1.0  0.11931795       0.56687409  0.12423589  0.18957207
 1709     H   1.0  0.10048845       0.64794946  0.14269619  0.10886591
 1710     H   1.0  0.08114939       0.65822089  0.14380586  0.11682386
 1711     H   1.0  0.07138222       0.66633958  0.13389827  0.12837993
 1712     H   1.0  0.08085611       0.66430360  0.13247733  0.12236296
 1713     H   1.0  0.07477616       0.66574097  0.13268924  0.12679364
 1714     H   1.0  0.07242081       0.66310334  0.13826871  0.12620714
 1715     H   1.0  0.07779919       0.66284460  0.13511683  0.12423939
 1716     H   1.0  0.08534652       0.66222709  0.12473663  0.12768976
 1717     H   1.0  0.07988815       0.66445172  0.13010134  0.12555879
 1718     H   1.0  0.07673753       0.66839170  0.12819681  0.12667396
 1719     H   1.0  0.13206541       0.56737155  0.12486728  0.17569577
 1720     H   1.0  0.09937003       0.65026647  0.14229991  0.10806360
 1721     H   1.0  0.08815816       0.65661502  0.13542935  0.11979746
 1722     H   1.0  0.07481300       0.66342771  0.14128900  0.12047029
 1723     H   1.0  0.06157697       0.66265339  0.14195552  0.13381412
 1724     H   1.0  0.07762024       0.66395664  0.13610485  0.12231826
 1725     H   1.0  0.08328722       0.66675383  0.13308375  0.11687520
 1726     H   1.0  0.07926660       0.66709739  0.13711070  0.11652531
 1727     H   1.0  0.14239439       0.56529802  0.11721276  0.17509482
 1728     H   1.0  0.16110426       0.56502110  0.09472274  0.17915190
 1729     H   1.0  0.15626230       0.56523424  0.09787274  0.18063072
 1730     H   1.0  0.15841554       0.56458592  0.09649521  0.18050332
 1731     H   1.0  0.15334793       0.56387055  0.10305930  0.17972222
 1732     H   1.0  0.12710162       0.56767535  0.12480086  0.18042217
 1733     H   1.0  0.09860818       0.65179431  0.14142035  0.10817716
 1734     H   1.0  0.09176667       0.65488261  0.13288452  0.12046620
 1735     H   1.0  0.07611724       0.66266781  0.14058210  0.12063285
 1736     H   1.0  0.01922169       0.64124626  0.13452120  0.20501085
 1737     H   1.0  0.07567780       0.66664237  0.13277952  0.12490030
 1738     H   1.0  0.12944960       0.56808734  0.12201462  0.18044844
 1739     H   1.0  0.10354055       0.64797443  0.13791831  0.11056671
 1740     H   1.0  0.08844880       0.65892738  0.12893812  0.12368570
 1741     H   1.0  0.08277642       0.66190517  0.12876157  0.12655684
 1742     H   1.0  0.07294780       0.66561198  0.13709298  0.12434724
 1743     H   1.0  0.12433667       0.56627929  0.12397342  0.18541062
 1744     H   1.0  0.10299905       0.64274335  0.14552154  0.10873606
 1745     H   1.0  0.07798518       0.66226351  0.14183953  0.11791177
 1746     H   1.0  0.08031367       0.65765524  0.14134905  0.12068204
 1747     H   1.0  0.07118733       0.64910030  0.14560564  0.13410673
 1748     H   1.0  0.07948076       0.64750695  0.14321674  0.12979554
 1749     H   1.0  0.07454165       0.64505488  0.15152118  0.12888229
 1750     H   1.0  0.07640043       0.64829522  0.14392184  0.13138251
 1751     H   1.0  0.07061438       0.64822328  0.14715403  0.13400830
 1752     H   1.0  0.12365085       0.56615758  0.12497859  0.18521298
 1753     H   1.0  0.10160124       0.64872110  0.14109100  0.10858665
 1754     H   1.0  0.08784946       0.65750992  0.13473262  0.11990800
 1755     H   1.0  0.07364998       0.66468966  0.14046694  0.12119342
 1756     H   1.0  0.07858347       0.66046333  0.13919798  0.12175522
 1757     H   1.0  0.09096843       0.65519738  0.13263690  0.12119729
 1758     H   1.0  0.09190194       0.66300011  0.12655815  0.11853979
 1759     H   1.0  0.09424387       0.66214746  0.12896152  0.11464715
 1760     H   1.0  0.15786310       0.56114304  0.10621922  0.17477464
 1761     H   1.0  0.16172872       0.56207156  0.09902620  0.17717352
 1762     H   1.0  0.14987722       0.56491190  0.09922530  0.18598558
 1763     H   1.0  0.13938285       0.56274462  0.10506494  0.19280759
 1764     H   1.0  0.15121199       0.56583458  0.10364061  0.17931282
 1765     H   1.0  0.12956620       0.56769305  0.12559113  0.17714962
 1766     H   1.0  0.09931971       0.64858848  0.14175498  0.11033683
 1767     H   1.0  0.07959962       0.65851432  0.14124070  0.12064536
 1768     H   1.0  0.08327756       0.66167116  0.12857579  0.12647549
 1769     H   1.0  0.07711398       0.66452795  0.13183711  0.12652095
 1770     H   1.0  0.07949512       0.66385114  0.13092977  0.12572397
 1771     H   1.0  0.08405905       0.66161972  0.12719376  0.12712746
 1772     H   1.0  0.07930925       0.66637158  0.12869267  0.12562649
 1773     H   1.0  0.06732366       0.66378319  0.13043144  0.13846170
 1774     H   1.0  0.13497582       0.56688464  0.12643889  0.17170066
 1775     H   1.0  0.09527399       0.65362674  0.14235109  0.10874818
 1776     H   1.0  0.09279047       0.65283525  0.13736361  0.11701067
 1777     H   1.0  0.08168118       0.66058922  0.14221725  0.11551235
 1778     H   1.0  0.08043844       0.64672071  0.14516680  0.12767405
 1779     H   1.0  0.07672421       0.64662832  0.14618836  0.13045911
 1780     H   1.0  0.06544209       0.65041339  0.14887676  0.13526776
 1781     H   1.0  0.08423404       0.64631754  0.13909721  0.13035121
 1782     H   1.0  0.08151327       0.64718944  0.13918023  0.13211706
 1783     H   1.0  0.10552282       0.56570327  0.12411729  0.20465662
 1784     H   1.0  0.08580054       0.65339434  0.14909215  0.11171296
 1785     H   1.0  0.08524683       0.65165353  0.14202444  0.12107520
 1786     H   1.0  0.09561686       0.64300609  0.13976665  0.12161040
 1787     H   1.0  0.11016241       0.56263161  0.12034076  0.20686521
 1788     H   1.0  0.09181891       0.65647012  0.13898188  0.11272909
 1789     H   1.0  0.06089744       0.66082388  0.13534050  0.14293818
 1790     H   1.0  0.08398748       0.65913564  0.13551635  0.12136053
 1791     H   1.0  0.07593117       0.66503596  0.13774656  0.12128631
 1792     H   1.0  0.08710923       0.65638393  0.13456731  0.12193953
 1793     H   1.0  0.08357941       0.66182977  0.13381454  0.12077628
 1794     H   1.0  0.08215639       0.66393673  0.13320993  0.12069695
 1795     H   1.0  0.08893067       0.66442138  0.12782191  0.11882605
 1796     H   1.0  0.08905187       0.66246468  0.12963182  0.11885163
 1797     H   1.0  0.18728102       0.58341569  0.09256580  0.13673749
 1798     H   1.0  0.18754135       0.58431858  0.08922079  0.13891928
 1799     H   1.0  0.18636565       0.58437067  0.09323101  0.13603266
 1800     H   1.0  0.05084246       0.56222373  0.12512934  0.26180447
 1801     H   1.0  0.10445050       0.64551401  0.13533396  0.11470153
 1802     H   1.0  0.08715306       0.66127658  0.12954420  0.12202616
 1803     H   1.0  0.10756303       0.64133269  0.12725271  0.12385157
 1804     H   1.0  0.05590298       0.56144863  0.11988563  0.26276276
 1805     H   1.0  0.09371889       0.65831143  0.12940995  0.11855973
 1806     H   1.0  0.10452844       0.64521444  0.13114747  0.11910965
 1807     H   1.0  0.09946008       0.57597220  0.13796945  0.18659827
 1808     H   1.0  0.10608434       0.64388388  0.13456689  0.11546489
 1809     H   1.0  0.10326088       0.64501679  0.13022226  0.12150007
 1810     H   1.0  0.10478127       0.64625907  0.12838067  0.12057899
 1811     H   1.0  0.13591331       0.57258666  0.11265514  0.17884490
 1812     H   1.0  0.16749962       0.56310982  0.09914804  0.17024253
 1813     H   1.0  0.04905209       0.56488824  0.12219187  0.26386780
 1814     H   1.0  0.09813824       0.65193450  0.13202368  0.11790358
 1815     H   1.0  0.10002246       0.65187573  0.13030408  0.11779772
 1816     H   1.0  0.10846908       0.57771027  0.12981065  0.18401000
 1817     H   1.0  0.09368671       0.65168643  0.14469749  0.10992937
 1818     H   1.0  0.08894110       0.65759993  0.13327406  0.12018491
 1819     H   1.0  0.07319081       0.66689563  0.14279307  0.11712048
 1820     H   1.0  0.08081754       0.64569283  0.14597471  0.12751492
 1821     H   1.0  0.08223484       0.64794117  0.14022404  0.12959995
 1822     H   1.0  0.07431086       0.62137890  0.12818475  0.17612549
 1823     H   1.0  0.08464990       0.64718872  0.13500556  0.13315582
 1824     H   1.0  0.08460438       0.64794457  0.13425961  0.13319144
 1825     H   1.0  0.04978894       0.55368853  0.11885958  0.27766296
 1826     H   1.0  0.08002187       0.66005081  0.14954709  0.11038024
 1827     H   1.0  0.07764345       0.66124552  0.14111896  0.11999207
 1828     H   1.0  0.06940813       0.66617125  0.14008214  0.12433849
 1829     H   1.0  0.07456791       0.66509056  0.13973160  0.12060992
 1830     H   1.0  0.08030838       0.66016454  0.13349330  0.12603378
 1831     H   1.0  0.07321317       0.66426915  0.13786544  0.12465224
 1832     H   1.0  0.07522749       0.66167027  0.13961385  0.12348839
 1833     H   1.0  0.07328548       0.66003454  0.13942869  0.12725129
 1834     H   1.0  0.07333702       0.66550374  0.13717781  0.12398143
 1835     H   1.0  0.06985009       0.66941762  0.13542765  0.12530464
 1836     H   1.0  0.13106973       0.57021445  0.12511697  0.17359885
 1837     H   1.0  0.09818036       0.64501137  0.14199953  0.11480874
 1838     H   1.0  0.07289280       0.67317557  0.13639873  0.11753289
 1839     H   1.0  0.09130005       0.65804738  0.13804843  0.11260415
 1840     H   1.0  0.13714752       0.53076172  0.10493726  0.22715350
 1841     H   1.0  0.15037259       0.56426036  0.11601865  0.16934839
 1842     H   1.0  0.08809168       0.65679049  0.14464667  0.11047115
 1843     H   1.0  0.07999349       0.66055739  0.13048565  0.12896347
 1844     H   1.0  0.07796109       0.66170627  0.13380592  0.12652673
 1845     H   1.0  0.07723486       0.66641629  0.13164136  0.12470750
 1846     H   1.0  0.14698855       0.56649446  0.11757696  0.16894003
 1847     H   1.0  0.09735115       0.65293401  0.13822134  0.11149349
 1848     H   1.0  0.09104531       0.65834653  0.12603527  0.12457288
 1849     H   1.0  0.08517610       0.66248894  0.12568572  0.12664924
 1850     H   1.0  0.07982775       0.66553319  0.13089393  0.12374514
 1851     H   1.0  0.13957366       0.56660295  0.12357316  0.17025023
 1852     H   1.0  0.09997708       0.64964974  0.14245452  0.10791866
 1853     H   1.0  0.09003204       0.65425903  0.13855371  0.11715522
 1854     H   1.0  0.07738926       0.66187042  0.14243637  0.11830395
 1855     H   1.0  0.09768061       0.64613795  0.13554023  0.12064120
 1856     H   1.0  0.08029728       0.65190440  0.13408953  0.13370879
 1857     H   1.0  0.10774904       0.56441414  0.12320697  0.20462985
 1858     H   1.0  0.10321753       0.64602673  0.14198433  0.10877141
 1859     H   1.0  0.07328781       0.66314620  0.14296268  0.12060331
 1860     H   1.0  0.07989324       0.66111606  0.13928762  0.11970308
 1861     H   1.0  0.07855886       0.66028845  0.14245319  0.11869949
 1862     H   1.0  0.07902848       0.66232759  0.13255830  0.12608564
 1863     H   1.0  0.06839975       0.66644275  0.13883364  0.12632385
 1864     H   1.0  0.08020820       0.66249204  0.13397570  0.12332406
 1865     H   1.0  0.07114908       0.65446955  0.12566711  0.14871426
 1866     H   1.0  0.07812611       0.66456574  0.13442208  0.12288607
 1867     H   1.0  0.07605701       0.66201353  0.13830522  0.12362424
 1868     H   1.0  0.10272508       0.56646073  0.12389537  0.20691882
 1869     H   1.0  0.09625732       0.64939266  0.14560011  0.10874991
 1870     H   1.0  0.06928308       0.67006785  0.13854703  0.12210204
 1871     H   1.0  0.07356409       0.66046089  0.13828173  0.12769328
 1872     H   1.0  0.08758715       0.65761155  0.13262330  0.12217800
 1873     H   1.0  0.08570186       0.65615100  0.13770793  0.12043921
 1874     H   1.0  0.08025942       0.66589755  0.13434508  0.11949795
 1875     H   1.0  0.07867845       0.66631591  0.13895948  0.11604616
 1876     H   1.0  0.15268524       0.56317824  0.10916840  0.17496813
 1877     H   1.0  0.15663657       0.56453061  0.10019661  0.17863621
 1878     H   1.0  0.15253348       0.56366068  0.10317907  0.18062676
 1879     H   1.0  0.15856533       0.56368160  0.09817658  0.17957649
 1880     H   1.0  0.16002101       0.56275451  0.09868378  0.17854070
 1881     H   1.0  0.10658767       0.56704038  0.12206809  0.20430386
 1882     H   1.0  0.09009086       0.65750420  0.14174706  0.11065788
 1883     H   1.0  0.09080621       0.65568113  0.13776185  0.11575081
 1884     H   1.0  0.09032848       0.65561867  0.13319221  0.12086064
 1885     H   1.0  0.16488038       0.56424624  0.10829940  0.16257398
 1886     H   1.0  0.08643504       0.62979078  0.14617719  0.13759699
 1887     H   1.0  0.09791763       0.62838721  0.14059952  0.13309564
 1888     H   1.0  0.07529005       0.56186223  0.12194443  0.24090329
 1889     H   1.0  0.09139336       0.65405923  0.14443555  0.11011186
 1890     H   1.0  0.08085432       0.65895265  0.14337310  0.11681993
 1891     H   1.0  0.07473087       0.66248792  0.13780376  0.12497744
 1892     H   1.0  0.07221749       0.66684318  0.13384610  0.12709323
 1893     H   1.0  0.07743373       0.66158456  0.13596593  0.12501579
 1894     H   1.0  0.07376168       0.66233039  0.13676292  0.12714501
 1895     H   1.0  0.07419892       0.66410369  0.13606577  0.12563163
 1896     H   1.0  0.06146745       0.66302842  0.13719054  0.13831359
 1897     H   1.0  0.12047330       0.56356508  0.12403580  0.19192583
 1898     H   1.0  0.07182112       0.66160417  0.15086055  0.11571416
 1899     H   1.0  0.06840824       0.66297257  0.14233083  0.12628837
 1900     H   1.0  0.07243191       0.65878493  0.14409597  0.12468719
 1901     H   1.0  0.07864393       0.65828079  0.14091396  0.12216131
 1902     H   1.0  0.05794996       0.66665721  0.14507587  0.13031696
 1903     H   1.0  0.08610437       0.65862173  0.13059033  0.12468357
 1904     H   1.0  0.06968442       0.67140025  0.13184273  0.12707260
 1905     H   1.0  0.04427697       0.67059207  0.12999411  0.15513685
 1906     H   1.0  0.11603478       0.56482249  0.12365965  0.19548308
 1907     H   1.0  0.08974474       0.65270323  0.14489780  0.11265424
 1908     H   1.0  0.09147377       0.65378213  0.14479437  0.10994972
 1909     H   1.0  0.15322326       0.52293515  0.09807423  0.22576736
 1910     H   1.0  0.07736302       0.66440725  0.13069640  0.12753333
 1911     H   1.0  0.04028556       0.65317249  0.13660815  0.16993379
 1912     H   1.0  0.07084003       0.66539747  0.13363968  0.13012283
 1913     H   1.0  0.12126178       0.56388754  0.12514961  0.18970108
 1914     H   1.0  0.10013397       0.64832014  0.13942492  0.11212097
 1915     H   1.0  0.09354863       0.65423679  0.13129117  0.12092341
 1916     H   1.0  0.08965105       0.65543276  0.13711929  0.11779690
 1917     H   1.0  0.15251688       0.56988829  0.10077638  0.17681844
 1918     H   1.0  0.15358420       0.57086784  0.10030554  0.17524242
 1919     H   1.0  0.10618624       0.56467462  0.12300524  0.20613391
 1920     H   1.0  0.10136430       0.64688390  0.13692476  0.11482703
 1921     H   1.0  0.08639435       0.65783226  0.13335480  0.12241858
 1922     H   1.0  0.07773848       0.66056848  0.13832013  0.12337291
 1923     H   1.0  0.04368766       0.65535539  0.13832690  0.16263005
 1924     H   1.0  0.08051198       0.66226625  0.13134064  0.12588112
 1925     H   1.0  0.07942374       0.66123962  0.13495961  0.12437703
 1926     H   1.0  0.08061485       0.66524684  0.12961699  0.12452132
 1927     H   1.0  0.08460507       0.66269910  0.12604269  0.12665313
 1928     H   1.0  0.08147867       0.66469949  0.12774284  0.12607899
 1929     H   1.0  0.07612663       0.66664952  0.12789178  0.12933207
 1930     H   1.0  0.08535930       0.56578952  0.11483850  0.23401269
 1931     H   1.0  0.10164811       0.65182561  0.12935704  0.11716924
 1932     H   1.0  0.10572885       0.65023184  0.12570815  0.11833117
 1933     H   1.0  0.07362446       0.56157029  0.11953937  0.24526589
 1934     H   1.0  0.08617048       0.65756893  0.14147978  0.11478081
 1935     H   1.0  0.07015154       0.66392982  0.14187774  0.12404090
 1936     H   1.0  0.08514060       0.65738958  0.13519609  0.12227372
 1937     H   1.0  0.07750162       0.66385406  0.13883685  0.11980747
 1938     H   1.0  0.08606736       0.64009541  0.12304915  0.15078808
 1939     H   1.0  0.15354318       0.56452996  0.11339520  0.16853166
 1940     H   1.0  0.09173278       0.65904546  0.13956922  0.10965254
 1941     H   1.0  0.09208232       0.65641993  0.13090365  0.12059410
 1942     H   1.0  0.08075708       0.66421348  0.13369359  0.12133585
 1943     H   1.0  0.08243570       0.66076487  0.13612871  0.12067072
 1944     H   1.0  0.08697631       0.65880501  0.13170949  0.12250919
 1945     H   1.0  0.09226360       0.65829068  0.12728131  0.12216441
 1946     H   1.0  0.08742993       0.66212183  0.12923096  0.12121728
 1947     H   1.0  0.09260008       0.66314697  0.12571558  0.11853736
 1948     H   1.0  0.09552487       0.66033262  0.12665984  0.11748267
 1949     H   1.0  0.18897349       0.58362269  0.09137954  0.13602427
 1950     H   1.0  0.19164548       0.58193099  0.08836318  0.13806035
 1951     H   1.0  0.18862228       0.58360541  0.09130740  0.13646491
 1952     H   1.0  0.15446924       0.56196564  0.11563370  0.16793142
 1953     H   1.0  0.09047778       0.65216029  0.14337298  0.11398895
 1954     H   1.0  0.08250401       0.65901297  0.13840932  0.12007370
 1955     H   1.0  0.07924805       0.66256660  0.13830823  0.11987712
 1956     H   1.0  0.07349904       0.66403574  0.14127183  0.12119340
 1957     H   1.0  0.07527967       0.66513211  0.13399637  0.12559186
 1958     H   1.0  0.08105762       0.66041344  0.13493417  0.12359477
 1959     H   1.0  0.06942307       0.66845495  0.13272779  0.12939420
 1960     H   1.0  0.08000885       0.66324431  0.13011898  0.12662787
 1961     H   1.0  0.07726608       0.66564578  0.13298756  0.12410059
 1962     H   1.0  0.08117246       0.66051930  0.13139904  0.12690921
 1963     H   1.0  0.10474513       0.56761080  0.12204934  0.20559473
 1964     H   1.0  0.10503775       0.64300913  0.13775668  0.11419645
 1965     H   1.0  0.09937643       0.65488935  0.13709266  0.10864156
 1966     H   1.0  0.14059913       0.52478015  0.10289430  0.23172642
 1967     H   1.0  0.08517244       0.66196758  0.12431250  0.12854748
 1968     H   1.0  0.08931815       0.65900856  0.12447001  0.12720328
 1969     H   1.0  0.08110057       0.66401631  0.12928915  0.12559398
 1970     H   1.0  0.15086474       0.56526572  0.11335422  0.17051533
 1971     H   1.0  0.09512127       0.65231937  0.14145394  0.11110542
 1972     H   1.0  0.10779817       0.63946563  0.12904730  0.12368889
 1973     H   1.0  0.08401775       0.65943193  0.13518113  0.12136918
 1974     H   1.0  0.14297151       0.56693900  0.11756401  0.17252548
 1975     H   1.0  0.09564972       0.65243703  0.14218898  0.10972427
 1976     H   1.0  0.08141338       0.66423154  0.13289380  0.12146128
 1977     H   1.0  0.08027149       0.66075724  0.13427407  0.12469720
 1978     H   1.0  0.08153584       0.65915489  0.13671063  0.12259864
 1979     H   1.0  0.10057797       0.64596808  0.12572774  0.12772620
 1980     H   1.0  0.12948033       0.56959593  0.12281688  0.17810686
 1981     H   1.0  0.09425858       0.65478605  0.14096749  0.10998788
 1982     H   1.0  0.09234389       0.65363687  0.13421027  0.11980896
 1983     H   1.0  0.07140628       0.66583008  0.14261781  0.12014583
 1984     H   1.0  0.08279844       0.65707898  0.13007627  0.13004631
 1985     H   1.0  0.08214757       0.66174525  0.13331325  0.12279393
 1986     H   1.0  0.12005804       0.56731665  0.12427657  0.18834874
 1987     H   1.0  0.05918724       0.63197726  0.13148624  0.17734926
 1988     H   1.0  0.09052237       0.65338206  0.13967666  0.11641891
 1989     H   1.0  0.07578316       0.66595018  0.13362516  0.12464150
 1990     H   1.0  0.07484823       0.66584063  0.13353211  0.12577904
 1991     H   1.0  0.06830995       0.66828519  0.13856634  0.12483851
 1992     H   1.0  0.07687836       0.66114026  0.13668895  0.12529243
 1993     H   1.0  0.06022309       0.67075181  0.14019687  0.12882823
 1994     H   1.0  0.06822349       0.66429645  0.13715892  0.13032115
 1995     H   1.0  0.12265457       0.56769568  0.12689601  0.18275375
 1996     H   1.0  0.09157490       0.65150470  0.14525889  0.11166152
 1997     H   1.0  0.09654423       0.64940023  0.13116126  0.12289428
 1998     H   1.0  0.07083058       0.65480322  0.14137012  0.13299608
 1999     H   1.0  0.12540006       0.56695002  0.12489117  0.18275874
 2000     H   1.0  0.09188617       0.65679741  0.14141925  0.10989717
 2001     H   1.0  0.08915700       0.65556788  0.13363256  0.12164256
 2002     H   1.0  0.07493932       0.66194957  0.14139998  0.12171112
 2003     H   1.0  0.07466120       0.65531296  0.13889667  0.13112917
 2004     H   1.0  0.07606389       0.66253030  0.12858309  0.13282271
 2005     H   1.0  0.13044605       0.56740463  0.12412322  0.17802610
 2006     H   1.0  0.09532906       0.65298361  0.14234561  0.10934173
 2007     H   1.0  0.09083998       0.65340924  0.13656427  0.11918650
 2008     H   1.0  0.07414902       0.66591454  0.14017932  0.11975713
 2009     H   1.0  0.04537663       0.67247427  0.13798422  0.14416489
 2010     H   1.0  0.08192976       0.65824276  0.13698989  0.12283758
 2011     H   1.0  0.07176353       0.65842658  0.13875459  0.13105529
 2012     H   1.0  0.03726121       0.64873087  0.12987643  0.18413148
 2013     H   1.0  0.04513555       0.66505051  0.13103297  0.15878097
 2014     H   1.0  0.10945953       0.56679016  0.12385290  0.19989740
 2015     H   1.0  0.09153160       0.65512389  0.14269140  0.11065311
 2016     H   1.0  0.08029980       0.65896159  0.14112535  0.11961325
 2017     H   1.0  0.07419204       0.66712219  0.13548149  0.12320428
 2018     H   1.0  0.05795271       0.66293973  0.13789126  0.14121630
 2019     H   1.0  0.07930984       0.66049385  0.13328578  0.12691053
 2020     H   1.0  0.07770386       0.66221672  0.13357744  0.12650198
 2021     H   1.0  0.07312985       0.66495013  0.13781939  0.12410063
 2022     H   1.0  0.07569147       0.66248965  0.13674301  0.12507587
 2023     H   1.0  0.07054047       0.66651630  0.13754480  0.12539843
 2024     H   1.0  0.07290568       0.66533005  0.13503335  0.12673092
 2025     H   1.0  0.10292435       0.56679416  0.12247911  0.20780239
 2026     H   1.0  0.09343062       0.65623659  0.14105329  0.10927950
 2027     H   1.0  0.08977873       0.65729290  0.13335088  0.11957749
 2028     H   1.0  0.07772295       0.66377294  0.13846274  0.12004137
 2029     H   1.0  0.07127806       0.66384518  0.13664499  0.12823177
 2030     H   1.0  0.09321168       0.65410763  0.13161165  0.12106904
 2031     H   1.0  0.08928151       0.66546661  0.12739046  0.11786143
 2032     H   1.0  0.09644562       0.66119480  0.12716012  0.11519946
 2033     H   1.0  0.15904556       0.56142086  0.10333005  0.17620353
 2034     H   1.0  0.15868254       0.56189704  0.10130431  0.17811611
 2035     H   1.0  0.15043788       0.56483376  0.10346784  0.18126052
 2036     H   1.0  0.15752314       0.56270456  0.10161775  0.17815455
 2037     H   1.0  0.15872755       0.56283987  0.09906134  0.17937125
 2038     H   1.0  0.12390931       0.56535739  0.12165456  0.18907874
 2039     H   1.0  0.09763802       0.65244597  0.13729921  0.11261680
 2040     H   1.0  0.07618244       0.66196060  0.14143646  0.12042050
 2041     H   1.0  0.08585352       0.65858310  0.13294773  0.12261565
 2042     H   1.0  0.08185666       0.65972996  0.13533016  0.12308323
 2043     H   1.0  0.07527721       0.65499264  0.12946939  0.14026076
 2044     H   1.0  0.13293090       0.56579036  0.12457228  0.17670646
 2045     H   1.0  0.09532711       0.65111238  0.13904500  0.11451551
 2046     H   1.0  0.08462683       0.65572226  0.13555691  0.12409401
 2047     H   1.0  0.07297993       0.66440135  0.13042535  0.13219337
 2048     H   1.0  0.07506759       0.66645575  0.13559131  0.12288535
 2049     H   1.0  0.12141376       0.56940567  0.12322022  0.18596034
 2050     H   1.0  0.07204060       0.66442800  0.15014249  0.11338892
 2051     H   1.0  0.08643573       0.65331709  0.13979271  0.12045446
 2052     H   1.0  0.09781584       0.64131027  0.13679615  0.12407774
 2053     H   1.0  0.11562644       0.56544906  0.12043496  0.19848954
 2054     H   1.0  0.09578787       0.65408885  0.13924484  0.11087843
 2055     H   1.0  0.08131251       0.66136789  0.14035317  0.11696643
 2056     H   1.0  0.08161999       0.66212016  0.13226934  0.12399051
 2057     H   1.0  0.08387199       0.66330421  0.13082875  0.12199504
 2058     H   1.0  0.08567773       0.66359484  0.12274134  0.12798608
 2059     H   1.0  0.08245541       0.66276497  0.12716287  0.12761675
 2060     H   1.0  0.08422105       0.66279566  0.12745836  0.12552492
 2061     H   1.0  0.08442475       0.66436887  0.12503089  0.12617549
 2062     H   1.0  0.08136917       0.66320813  0.13044925  0.12497345
 2063     H   1.0  0.07796701       0.66951299  0.12470409  0.12781591
 2064     H   1.0  0.08665612       0.56544179  0.12481373  0.22308837
 2065     H   1.0  0.10566220       0.64545661  0.13463297  0.11424822
 2066     H   1.0  0.09717042       0.65233707  0.13019206  0.12030045
 2067     H   1.0  0.10842051       0.64241517  0.12568016  0.12348416
 2068     H   1.0  0.09561595       0.56553227  0.12238523  0.21646655
 2069     H   1.0  0.09412321       0.65761042  0.12830055  0.11996582
 2070     H   1.0  0.10394758       0.64498711  0.12947765  0.12158767
 2071     H   1.0  0.07143506       0.58034998  0.13952070  0.20869425
 2072     H   1.0  0.10254411       0.64688355  0.13476734  0.11580501
 2073     H   1.0  0.09842402       0.64563954  0.13181007  0.12412637
 2074     H   1.0  0.10435455       0.64490122  0.12829070  0.12245354
 2075     H   1.0  0.07989202       0.56871122  0.12359285  0.22780391
 2076     H   1.0  0.09947235       0.65015978  0.13087080  0.11949707
 2077     H   1.0  0.10117148       0.65105313  0.12871893  0.11905646
 2078     H   1.0  0.09074183       0.57544100  0.12684651  0.20697066
 2079     H   1.0  0.09709829       0.64831573  0.14484572  0.10974026
 2080     H   1.0  0.07454498       0.65585852  0.13629578  0.13330072
 2081     H   1.0  0.07839601       0.66381973  0.13750371  0.12028054
 2082     H   1.0  0.08993328       0.65453047  0.13465253  0.12088373
 2083     H   1.0  0.09194909       0.64840168  0.13617705  0.12347219
 2084     H   1.0  0.07857972       0.55809253  0.11528145  0.24804630
 2085     H   1.0  0.12943442       0.56476539  0.11657298  0.18922720
 2086     H   1.0  0.08573607       0.55874658  0.12070344  0.23481391
 2087     H   1.0  0.07073081       0.66567260  0.14992940  0.11366719
 2088     H   1.0  0.07719083       0.66226506  0.13934149  0.12120262
 2089     H   1.0  0.07998065       0.65992075  0.13528314  0.12481545
 2090     H   1.0  0.06883097       0.66161561  0.14131902  0.12823440
 2091     H   1.0  0.07121951       0.66640908  0.13828394  0.12408748
 2092     H   1.0  0.08135378       0.65859193  0.13500166  0.12505263
 2093     H   1.0  0.07211567       0.66471028  0.13930811  0.12386594
 2094     H   1.0  0.07093017       0.66768968  0.13608398  0.12529617
 2095     H   1.0  0.11411608       0.57224858  0.12761176  0.18602358
 2096     H   1.0  0.09306908       0.64770919  0.14412761  0.11509412
 2097     H   1.0  0.08262830       0.65904343  0.13658993  0.12173834
 2098     H   1.0  0.10114485       0.64396328  0.13322301  0.12166886
 2099     H   1.0  0.13883010       0.55244917  0.11387476  0.19484597
 2100     H   1.0  0.09656559       0.55703670  0.11662841  0.22976930
 2101     H   1.0  0.15196210       0.56216514  0.11774470  0.16812806
 2102     H   1.0  0.08942492       0.65810746  0.14475068  0.10771693
 2103     H   1.0  0.08222722       0.66307867  0.13860060  0.11609351
 2104     H   1.0  0.11953516       0.62920880  0.13065965  0.12059638
 2105     H   1.0  0.08804064       0.64549178  0.14269412  0.12377347
 2106     H   1.0  0.08502524       0.64823508  0.14009470  0.12664498
 2107     H   1.0  0.08733368       0.64464396  0.14658611  0.12143625
 2108     H   1.0  0.09388747       0.64268363  0.14102708  0.12240182
 2109     H   1.0  0.10257604       0.51917446  0.10799837  0.27025113
 2110     H   1.0  0.09054814       0.56289893  0.12262925  0.22392368
 2111     H   1.0  0.09724359       0.65150791  0.14124866  0.10999984
 2112     H   1.0  0.09320743       0.65445769  0.12965946  0.12267543
 2113     H   1.0  0.07769370       0.66551763  0.13610741  0.12068126
 2114     H   1.0  0.08086285       0.66261023  0.13320340  0.12332352
 2115     H   1.0  0.09636452       0.64889860  0.12606749  0.12866938
 2116     H   1.0  0.07895701       0.55532420  0.11309130  0.25262749
 2117     H   1.0  0.09969408       0.65093231  0.14118144  0.10819217
 2118     H   1.0  0.08153281       0.65460271  0.14063831  0.12322618
 2119     H   1.0  0.07396897       0.66433376  0.14312300  0.11857427
 2120     H   1.0  0.08546918       0.64722371  0.13446999  0.13283712
 2121     H   1.0  0.08623769       0.65773016  0.13679375  0.11923840
 2122     H   1.0  0.11930669       0.56644839  0.12557353  0.18867139
 2123     H   1.0  0.09667655       0.64891982  0.14572868  0.10867495
 2124     H   1.0  0.07044598       0.66188228  0.14360289  0.12406885
 2125     H   1.0  0.08064095       0.65691680  0.14219445  0.12024781
 2126     H   1.0  0.07680793       0.64726472  0.14630692  0.12962043
 2127     H   1.0  0.07860385       0.64780593  0.14449601  0.12909421
 2128     H   1.0  0.07311344       0.64875937  0.14650846  0.13161874
 2129     H   1.0  0.07901888       0.64418662  0.14595729  0.13083721
 2130     H   1.0  0.07610518       0.64747417  0.14498380  0.13143685
 2131     H   1.0  0.10716812       0.56593269  0.12411468  0.20278451
 2132     H   1.0  0.09567960       0.65190774  0.14332917  0.10908349
 2133     H   1.0  0.08169131       0.65974349  0.13981281  0.11875239
 2134     H   1.0  0.08882128       0.66091239  0.12464368  0.12562265
 2135     H   1.0  0.08102255       0.66346723  0.12840591  0.12710431
 2136     H   1.0  0.08285036       0.66268706  0.13018852  0.12427405
 2137     H   1.0  0.08154940       0.65991628  0.13257526  0.12595906
 2138     H   1.0  0.07482628       0.66622770  0.13476889  0.12417713
 2139     H   1.0  0.07292371       0.66130459  0.13725047  0.12852123
 2140     H   1.0  0.11693032       0.56525248  0.12255058  0.19526661
 2141     H   1.0  0.09564195       0.65077180  0.14152731  0.11205894
 2142     H   1.0  0.08006078       0.66482490  0.14363234  0.11148198
 2143     H   1.0  0.14056497       0.52242738  0.09682607  0.24018158
 2144     H   1.0  0.08208141       0.66553688  0.12557600  0.12680570
 2145     H   1.0  0.09169805       0.65395427  0.12721045  0.12713723
 2146     H   1.0  0.08165620       0.66438293  0.12780581  0.12615505
 2147     H   1.0  0.12480059       0.56481826  0.12439602  0.18598513
 2148     H   1.0  0.09578327       0.64884275  0.14606246  0.10931152
 2149     H   1.0  0.08455921       0.65622044  0.13877174  0.12044861
 2150     H   1.0  0.07501562       0.66358423  0.13841109  0.12298906
 2151     H   1.0  0.07781347       0.66270876  0.13746768  0.12201009
 2152     H   1.0  0.08056751       0.66297323  0.13257211  0.12388715
 2153     H   1.0  0.07356890       0.65699452  0.13333528  0.13610130
 2154     H   1.0  0.06527633       0.67300320  0.13373560  0.12798487
 2155     H   1.0  0.05859292       0.67154944  0.13601549  0.13384215
 2156     H   1.0  0.11657475       0.56916517  0.12040454  0.19385554
 2157     H   1.0  0.08865460       0.64381737  0.13753149  0.12999655
 2158     H   1.0  0.07262059       0.65766603  0.15503621  0.11467717
 2159     H   1.0  0.08940299       0.65633065  0.13323246  0.12103390
 2160     H   1.0  0.07939115       0.66128039  0.13963841  0.11969004
 2161     H   1.0  0.07162838       0.66486704  0.14015514  0.12334944
 2162     H   1.0  0.07419808       0.66304529  0.13919938  0.12355725
 2163     H   1.0  0.08436228       0.66183317  0.12751912  0.12628544
 2164     H   1.0  0.06741663       0.67483401  0.12803143  0.12971792
 2165     H   1.0  0.06944416       0.67398781  0.12767653  0.12889150
 2166     H   1.0  0.24161319       0.48031873  0.11702338  0.16104470
 2167     H   1.0  0.21598040       0.49434173  0.12126282  0.16841505
 2168     H   1.0  0.22680299       0.49688035  0.10537916  0.17093749
 2169     H   1.0  0.23205642       0.49328870  0.10762559  0.16702930
 2170     H   1.0  0.14841308       0.52315027  0.15126663  0.17717002
 2171     H   1.0  0.19428436       0.50203788  0.12339079  0.18028696
 2172     H   1.0  0.22614146       0.49251318  0.11074514  0.17060022
 2173     H   1.0  0.22546632       0.49847513  0.10649101  0.16956754
 2174     H   1.0  0.21334746       0.49372751  0.10787944  0.18504560
 2175     H   1.0  0.23569654       0.49275666  0.10288708  0.16865972
 2176     H   1.0  0.23400845       0.48974204  0.11202930  0.16422021
 2177     H   1.0  0.25117453       0.45667359  0.09835205  0.19379982
 2178     H   1.0  0.18770439       0.45942023  0.10647236  0.24640302
 2179     H   1.0  0.09965745       0.51523429  0.14253205  0.24257620
 largest Wiberg (=(PS)*(SP)) bond orders for each atom
           total WBO             WBO to atom > 0.05 ...
     1  N    3.31036988    C    2  0.93855838    H 1124  0.82091107    H 1125  0.81997558    H 1123  0.80619863
     2  C    3.78698450    C    3  0.99203968    C    5  0.97411142    N    1  0.93855838    H 1126  0.87122275
     3  C    3.92604826    O    4  1.46058396    N    8  1.41396821    C    2  0.99203968
     4  O    1.64641501    C    3  1.46058396    N    8  0.07315338    H 1162  0.06815591
     5  C    3.82716187    C    7  1.02611169    C    2  0.97411142    O    6  0.94874987    H 1127  0.88069797
     6  O    1.69191495    C    5  0.94874987    H 1128  0.71557752
     7  C    3.72380048    C    5  1.02611169    H 1130  0.90317924    H 1131  0.89998963    H 1129  0.89497391
     8  N    3.19773717    C    3  1.41396821    C    9  0.95834953    H 1132  0.85856556    O    4  0.07315338
     9  C    3.86718623    C   12  1.01522957    C   10  0.97817685    N    8  0.95834953    H 1133  0.86842875
    10  C    3.95940785    O   11  1.61451463    N   17  1.38276081    C    9  0.97817685
    11  O    1.75191169    C   10  1.61451463    N   17  0.08978903
    12  C    3.82440391    C   13  1.02774852    C    9  1.01522957    H 1134  0.89184256    H 1135  0.88706864
    13  C    3.79935374    C   12  1.02774852    C   14  0.96573073    H 1136  0.89554877    H 1137  0.87174336
    14  C    3.97125701    O   16  1.51895851    O   15  1.50438009    C   13  0.96573073
    15  O    1.66188317    C   14  1.50438009    O   16  0.12311440
    16  O    1.68876405    C   14  1.51895851    O   15  0.12311440
    17  N    3.19231271    C   10  1.38276081    C   18  0.96205921    H 1138  0.84685931    O   11  0.08978903
    18  C    3.88317732    C   21  1.01481319    C   19  0.98622582    N   17  0.96205921    H 1139  0.88437284
    19  C    3.95916268    O   20  1.60438109    N   26  1.38887829    C   18  0.98622582
    20  O    1.70249938    C   19  1.60438109    N   26  0.08236319
    21  C    3.82405637    C   22  1.02238261    C   18  1.01481319    H 1140  0.89002163    H 1141  0.88853532
    22  C    3.79659265    C   21  1.02238261    C   23  0.97086472    H 1142  0.89295745    H 1143  0.87460926
    23  C    3.97646358    O   25  1.53432134    O   24  1.50357475    C   22  0.97086472
    24  O    1.65387081    C   23  1.50357475    O   25  0.12121561
    25  O    1.68276494    C   23  1.53432134    O   24  0.12121561
    26  N    3.16449305    C   19  1.38887829    C   27  0.97433038    H 1144  0.84779368    O   20  0.08236319
    27  C    3.81445570    C   30  1.02035510    N   26  0.97433038    C   28  0.88003818    H 1145  0.86932121
    28  C    4.25598845    N   35  2.09060198    O   29  1.37205171    C   27  0.88003818
    29  O    1.44239865    C   28  1.37205171    H 1152  0.05570095
    30  C    3.79727180    C   31  1.03124846    C   27  1.02035510    H 1147  0.89693517    H 1146  0.87604733
    31  C    3.80882099    C   30  1.03124846    C   32  1.01730645    H 1149  0.90288653    H 1148  0.89904798
    32  C    3.98175951    O   33  1.58306073    N   34  1.39908916    C   31  1.01730645
    33  O    1.71690594    C   32  1.58306073    N   34  0.09427182
    34  N    3.17057322    C   32  1.39908916    H 1151  0.83692435    H 1150  0.83346465    O   33  0.09427182
    35  N    3.73975980    C   28  2.09060198    C   36  0.92517333    H 1152  0.79425283
    36  C    3.78697351    C   37  0.97937998    C   39  0.96747029    N   35  0.92517333    H 1153  0.87334230
    37  C    3.96566623    O   38  1.59768687    N   43  1.38668007    C   36  0.97937998
    38  O    1.69346112    C   37  1.59768687    N   43  0.08328886
    39  C    3.87694684    C   41  1.02688260    C   40  1.00240409    C   36  0.96747029    H 1154  0.88904331
    40  C    3.82248219    C   42  1.05791878    C   39  1.00240409    H 1155  0.89104967    H 1156  0.88734806
    41  C    3.71529025    C   39  1.02688260    H 1158  0.90596881    H 1157  0.90109342    H 1159  0.89553262
    42  C    3.69553927    C   40  1.05791878    H 1161  0.91573184    H 1160  0.89518984    H 1162  0.85772156
    43  N    3.16584970    C   37  1.38668007    C   44  0.95972797    H 1163  0.84861685    O   38  0.08328886
    44  C    3.88881821    C   47  1.03577614    C   45  0.98205471    N   43  0.95972797    H 1164  0.88991760
    45  C    3.95793028    O   46  1.59920107    N   48  1.38794044    C   44  0.98205471
    46  O    1.70806195    C   45  1.59920107    N   48  0.08492260
    47  C    3.72690635    C   44  1.03577614    H 1167  0.91084611    H 1165  0.89971747    H 1166  0.89828512
    48  N    3.18171328    C   45  1.38794044    C   49  0.96556355    H 1168  0.85922884    O   46  0.08492260
    49  C    3.88859353    C   52  1.01147961    C   50  0.97582732    N   48  0.96556355    H 1169  0.88726324
    50  C    3.94663329    O   51  1.59843417    N   57  1.37317583    C   49  0.97582732
    51  O    1.73049523    C   50  1.59843417    N   57  0.07249429
    52  C    3.83264475    C   53  1.04117591    C   49  1.01147961    H 1171  0.89468902    H 1170  0.88766782
    53  C    3.81680591    C   52  1.04117591    C   54  0.96896764    H 1173  0.90428647    H 1172  0.88968731
    54  C    3.97874423    O   55  1.51693858    O   56  1.50783807    C   53  0.96896764
    55  O    1.67657420    C   54  1.51693858    O   56  0.12234082
    56  O    1.67659617    C   54  1.50783807    O   55  0.12234082
    57  N    3.18738170    C   50  1.37317583    C   58  0.95932353    H 1174  0.85666658    O   51  0.07249429
    58  C    3.85502111    C   61  1.01286519    C   59  0.96677751    N   57  0.95932353    H 1175  0.89592204
    59  C    3.91758150    O   60  1.59841492    N   68  1.35246621    C   58  0.96677751
    60  O    1.73963410    C   59  1.59841492    N   68  0.06276596
    61  C    3.81591869    C   58  1.01286519    C   62  1.00906384    H 1177  0.89904979    H 1176  0.86484294
    62  C    3.88579795    C   63  1.38846285    C   64  1.38262888    C   61  1.00906384    C   67  0.05407342
    63  C    3.83186839    C   65  1.41715773    C   62  1.38846285    H 1178  0.91034047    C   66  0.05807662
    64  C    3.83128775    C   66  1.41605537    C   62  1.38262888    H 1179  0.91714681    C   65  0.05831672
    65  C    3.83448271    C   63  1.41715773    C   67  1.41394655    H 1180  0.90389385    C   64  0.05831672
    66  C    3.83583519    C   64  1.41605537    C   67  1.41130325    H 1181  0.89569958    C   63  0.05807662
    67  C    3.83812720    C   65  1.41394655    C   66  1.41130325    H 1182  0.91082019    C   62  0.05407342
    68  N    3.18503737    C   59  1.35246621    C   69  0.96245025    H 1183  0.85783380    O   60  0.06276596
    69  C    3.86283156    C   72  1.00936683    C   70  0.96889414    N   68  0.96245025    H 1184  0.88108005
    70  C    3.93117192    O   71  1.60535883    N   77  1.34533879    C   69  0.96889414
    71  O    1.77738209    C   70  1.60535883    N   77  0.06524677
    72  C    3.82097995    C   73  1.03582159    C   69  1.00936683    H 1186  0.90012710    H 1185  0.88870131
    73  C    3.82057910    C   72  1.03582159    C   74  1.01816526    H 1187  0.90097906    H 1188  0.89843080
    74  C    3.81612167    C   75  1.04788340    C   73  1.01816526    H 1189  0.89834290    H 1190  0.89443810
    75  C    3.72971827    C   74  1.04788340    N   76  0.93533197    H 1191  0.90928417    H 1192  0.90376214
    76  N    3.37488489    C   75  0.93533197    H 1193  0.82051078    H 1195  0.81772687    H 1194  0.81140260
    77  N    3.21878213    C   70  1.34533879    C   78  0.96972734    H 1196  0.85247990    O   71  0.06524677
    78  C    3.89134316    C   81  1.00956038    C   79  0.97131254    N   77  0.96972734    H 1197  0.88598056
    79  C    3.91247410    O   80  1.58785197    N   86  1.31745317    C   78  0.97131254
    80  O    1.77770871    C   79  1.58785197
    81  C    3.82931820    C   82  1.03413277    C   78  1.00956038    H 1199  0.89824933    H 1198  0.88925967
    82  C    3.81771177    C   81  1.03413277    C   83  0.97404840    H 1200  0.90806850    H 1201  0.88306560
    83  C    3.98495422    O   85  1.51931695    O   84  1.50244568    C   82  0.97404840
    84  O    1.66129657    C   83  1.50244568    O   85  0.12270930
    85  O    1.68840997    C   83  1.51931695    O   84  0.12270930
    86  N    3.24858602    C   79  1.31745317    C   87  0.95270071    H 1202  0.84569497
    87  C    3.85005080    C   90  1.03962573    N   86  0.95270071    C   88  0.94236297    H 1203  0.89440255
    88  C    3.88754100    O   89  1.61703987    N   91  1.29508678    C   87  0.94236297
    89  O    1.87036091    C   88  1.61703987
    90  C    3.71350229    C   87  1.03962573    H 1206  0.90909466    H 1205  0.90156768    H 1204  0.89473754
    91  N    3.24982824    C   88  1.29508678    C   92  0.95616201    H 1207  0.85099511
    92  C    3.81424368    C   95  0.99699311    N   91  0.95616201    C   93  0.93252262    H 1208  0.86973269
    93  C    3.89758476    O   94  1.58281487    N  102  1.33936026    C   92  0.93252262
    94  O    1.77519968    C   93  1.58281487    N  102  0.06140296
    95  C    3.81364805    C   96  1.00877867    C   92  0.99699311    H 1209  0.90423208    H 1210  0.89655585
    96  C    3.87343292    C   97  1.38157603    C   98  1.37967010    C   95  1.00877867    C  101  0.05395296
    97  C    3.83552456    C   99  1.40847362    C   96  1.38157603    H 1211  0.90917095    C  100  0.05809191
    98  C    3.81283079    C  100  1.41857108    C   96  1.37967010    H 1212  0.91543155    C   99  0.05769959
    99  C    3.83536978    C  101  1.41161425    C   97  1.40847362    H 1213  0.91400713    C   98  0.05769959
   100  C    3.81155800    C   98  1.41857108    C  101  1.40329244    H 1214  0.90773172    C   97  0.05809191
   101  C    3.82652916    C   99  1.41161425    C  100  1.40329244    H 1215  0.91352271    C   96  0.05395296
   102  N    3.25953872    C   93  1.33936026    C  103  0.96179158    H 1216  0.85372412    O   94  0.06140296
   103  C    3.85490554    C  106  0.98901383    C  104  0.96373169    N  102  0.96179158    H 1217  0.87850238
   104  C    3.96114221    O  105  1.61446028    N  108  1.35962538    C  103  0.96373169
   105  O    1.84471793    C  104  1.61446028    N  108  0.07158346
   106  C    3.75120766    C  103  0.98901383    O  107  0.97283928    H 1218  0.90824564    H 1219  0.89265225
   107  O    1.72317003    C  106  0.97283928    H 1220  0.73319820
   108  N    3.24689747    C  104  1.35962538    C  109  0.96446438    H 1221  0.85589001    O  105  0.07158346
   109  C    3.87385172    C  112  1.01271185    N  108  0.96446438    C  110  0.95891303    H 1222  0.88284637
   110  C    3.84111755    O  111  1.60911669    N  116  1.21310591    C  109  0.95891303
   111  O    1.77747143    C  110  1.60911669    O  119  0.05007558
   112  C    3.80838282    C  109  1.01271185    C  113  1.00194774    H 1224  0.89149827    H 1223  0.88750491
   113  C    3.91749119    C  115  1.02141646    C  114  1.02003136    C  112  1.00194774    H 1225  0.90179797
   114  C    3.73416438    C  113  1.02003136    H 1228  0.91286098    H 1227  0.90458230    H 1226  0.90086840
   115  C    3.74362551    C  113  1.02141646    H 1230  0.90964674    H 1229  0.90326751    H 1231  0.90261009
   116  N    3.33425989    C  110  1.21310591    C  117  0.99986895    H 1232  0.84133443    O  119  0.14435044
   117  C    3.79941374    N  116  0.99986895    C  120  0.98531524    H 1233  0.90067198    C  118  0.84980303
   118  C    3.85664728    O  119  1.59805647    N  127  1.33865303    C  117  0.84980303
   119  O    2.06528883    C  118  1.59805647    N  116  0.14435044    N  127  0.08078948    O  111  0.05007558
   120  C    3.81605665    C  121  1.01147380    C  117  0.98531524    H 1235  0.90946716    H 1234  0.89422106
   121  C    3.87696760    C  123  1.36515369    C  122  1.36195444    C  120  1.01147380
   122  C    3.81941671    C  124  1.43450534    C  121  1.36195444    H 1236  0.90585489    C  125  0.05254439
   123  C    3.82252615    C  125  1.41208187    C  121  1.36515369    H 1237  0.90758153    C  124  0.05648753
   124  C    3.82908300    C  122  1.43450534    C  126  1.39111071    H 1238  0.91529971    C  123  0.05648753
   125  C    3.83649113    C  123  1.41208187    C  126  1.39637739    H 1239  0.89914025    C  122  0.05254439
   126  C    3.82969378    C  125  1.39637739    C  124  1.39111071    H 1240  0.90253443
   127  N    3.23651995    C  118  1.33865303    C  128  0.94832120    H 1241  0.85874516    O  119  0.08078948
   128  C    3.86408867    C  131  1.01622677    C  129  0.95508241    N  127  0.94832120    H 1242  0.90005909
   129  C    3.93195631    O  130  1.59599056    N  135  1.37187757    C  128  0.95508241
   130  O    1.80609947    C  129  1.59599056    N  135  0.08139575
   131  C    3.74292123    C  128  1.01622677    C  132  0.97380016    H 1243  0.88360416    H 1244  0.87058654
   132  C    3.86154927    O  134  1.52702310    O  133  1.36669502    C  131  0.97380016
   133  O    1.61596845    C  132  1.36669502    Ca1112  0.12359252    O  134  0.09809075
   134  O    1.68298090    C  132  1.52702310    O  133  0.09809075
   135  N    3.21162909    C  129  1.37187757    C  136  0.96682051    H 1245  0.84310584    O  130  0.08139575
   136  C    3.89153570    C  139  1.01110025    C  137  0.98408843    N  135  0.96682051    H 1246  0.90001414
   137  C    3.95957644    O  138  1.60099055    N  144  1.37029910    C  136  0.98408843
   138  O    1.76110080    C  137  1.60099055    N  144  0.08535941
   139  C    3.82154661    C  140  1.03221969    C  136  1.01110025    H 1248  0.89139800    H 1247  0.88984062
   140  C    3.81654872    C  139  1.03221969    C  141  1.02799728    H 1250  0.89376195    H 1249  0.88300536
   141  C    3.82044403    C  142  1.05822734    C  140  1.02799728    H 1251  0.90846501    H 1252  0.90119174
   142  C    3.73097697    C  141  1.05822734    N  143  0.93688666    H 1253  0.90810858    H 1254  0.90732717
   143  N    3.35816888    C  142  0.93688666    H 1257  0.83201167    H 1255  0.82451627    H 1256  0.81249081
   144  N    3.19540813    C  137  1.37029910    C  145  0.97692063    H 1258  0.85956892    O  138  0.08535941
   145  C    3.90622159    C  148  1.00155308    C  146  0.98697011    N  144  0.97692063    H 1259  0.87288708
   146  C    3.98330753    O  147  1.60306052    N  152  1.39468072    C  145  0.98697011
   147  O    1.76077163    C  146  1.60306052    N  152  0.08644537
   148  C    3.79172753    C  145  1.00155308    C  149  0.99727296    H 1260  0.88371009    H 1261  0.87680434
   149  C    3.96040126    O  150  1.50917415    O  151  1.44742926    C  148  0.99727296
   150  O    1.69232692    C  149  1.50917415    O  151  0.11770270
   151  O    1.68541465    C  149  1.44742926    O  150  0.11770270    Ca1112  0.09773277
   152  N    3.23826018    C  146  1.39468072    C  153  0.99593008    H 1262  0.84830377    O  147  0.08644537
   153  C    3.81999102    C  154  1.01258147    N  152  0.99593008    H 1263  0.89455437    H 1264  0.86940027
   154  C    3.96759157    O  155  1.59468369    N  156  1.37559663    C  153  1.01258147
   155  O    1.75812641    C  154  1.59468369    N  156  0.08545308
   156  N    3.19583087    C  154  1.37559663    C  157  0.96566081    H 1265  0.86328094    O  155  0.08545308
   157  C    3.88543964    C  160  1.00070800    C  158  0.97696588    N  156  0.96566081    H 1266  0.87815541
   158  C    3.97790811    O  159  1.59899865    N  164  1.40332230    C  157  0.97696588
   159  O    1.75618792    C  158  1.59899865    N  164  0.08905071
   160  C    3.77454609    C  157  1.00070800    C  161  0.97940067    H 1268  0.88130794    H 1267  0.86673489
   161  C    3.90533849    O  163  1.54482278    O  162  1.37850336    C  160  0.97940067
   162  O    1.62683419    C  161  1.37850336    Ca1112  0.13526435    O  163  0.10028124
   163  O    1.74263862    C  161  1.54482278    O  162  0.10028124
   164  N    3.20337882    C  158  1.40332230    C  165  0.98788799    H 1269  0.86359802    O  159  0.08905071
   165  C    3.79515557    C  166  0.99197234    N  164  0.98788799    H 1270  0.90017625    H 1271  0.87560926
   166  C    3.94211786    O  167  1.60509490    N  168  1.37665839    C  165  0.99197234
   167  O    1.74736196    C  166  1.60509490    N  168  0.08563933
   168  N    3.19172868    C  166  1.37665839    C  169  0.96351186    H 1272  0.87913257    O  167  0.08563933
   169  C    3.82918341    C  170  0.98688821    N  168  0.96351186    C  172  0.94086301    H 1273  0.88944464
   170  C    3.90572424    O  171  1.48205458    N  175  1.42073572    C  169  0.98688821
   171  O    1.68671274    C  170  1.48205458    Ca1112  0.08967593    N  175  0.07229777
   172  C    3.77782103    C  174  1.02256469    C  169  0.94086301    O  173  0.91981887    H 1274  0.88729636
   173  O    1.67281092    C  172  0.91981887    H 1275  0.72337755
   174  C    3.73370015    C  172  1.02256469    H 1278  0.92005191    H 1276  0.90485125    H 1277  0.89975461
   175  N    3.21342939    C  170  1.42073572    C  176  0.95684572    H 1279  0.83769726    O  171  0.07229777
   176  C    3.87825072    C  179  0.97575912    C  177  0.96943124    N  175  0.95684572    H 1280  0.92169897
   177  C    3.92413020    O  178  1.59559616    N  183  1.37533574    C  176  0.96943124
   178  O    1.69586662    C  177  1.59559616    N  183  0.08439649
   179  C    3.87673117    C  181  1.02621373    C  180  0.99681746    C  176  0.97575912    H 1281  0.90037959
   180  C    3.81078808    C  182  1.03885541    C  179  0.99681746    H 1282  0.90625905    H 1283  0.90352280
   181  C    3.72065738    C  179  1.02621373    H 1285  0.90852133    H 1286  0.90788516    H 1284  0.90451913
   182  C    3.72494438    C  180  1.03885541    H 1289  0.92959437    H 1288  0.91105119    H 1287  0.90903490
   183  N    3.19345058    C  177  1.37533574    C  184  0.96939243    H 1290  0.85512024    O  178  0.08439649
   184  C    3.85685694    C  185  0.98463164    N  183  0.96939243    C  187  0.95939640    H 1291  0.89101754
   185  C    3.94382858    O  186  1.59677145    N  190  1.37079815    C  184  0.98463164
   186  O    1.69453323    C  185  1.59677145    N  190  0.07857790
   187  C    3.80738814    C  189  1.02456228    C  184  0.95939640    O  188  0.93480116    H 1292  0.88860209
   188  O    1.66707257    C  187  0.93480116    H 1293  0.75436139
   189  C    3.73450944    C  187  1.02456228    H 1296  0.91346674    H 1295  0.90706512    H 1294  0.90583549
   190  N    3.17147373    C  185  1.37079815    C  191  0.96067754    H 1297  0.85023685    O  186  0.07857790
   191  C    3.82850300    C  192  0.97979076    C  194  0.96640911    N  190  0.96067754    H 1298  0.87348550
   192  C    3.93068751    O  193  1.58712939    N  197  1.36162912    C  191  0.97979076
   193  O    1.69507951    C  192  1.58712939    N  197  0.06866459
   194  C    3.79242898    C  196  1.02162576    C  191  0.96640911    O  195  0.92920604    H 1299  0.89277436
   195  O    1.64250793    C  194  0.92920604    H 1300  0.71411232
   196  C    3.71611122    C  194  1.02162576    H 1303  0.92279568    H 1301  0.91533035    H 1302  0.91234732
   197  N    3.16850902    C  192  1.36162912    C  198  0.96901511    H 1304  0.85574506    O  193  0.06866459
   198  C    3.88037726    C  201  1.01948903    C  199  0.97208173    N  197  0.96901511    H 1305  0.89766288
   199  C    3.93368120    O  200  1.60492662    N  206  1.35524092    C  198  0.97208173
   200  O    1.74562577    C  199  1.60492662    N  206  0.06068808
   201  C    3.81363032    C  202  1.02709741    C  198  1.01948903    H 1307  0.89226773    H 1306  0.89028905
   202  C    3.82085800    C  201  1.02709741    C  203  1.02062163    H 1308  0.88913918    H 1309  0.88361158
   203  C    3.82043042    C  204  1.05939684    C  202  1.02062163    H 1311  0.89084972    H 1310  0.88939945
   204  C    3.75313999    C  203  1.05939684    N  205  0.95078043    H 1312  0.91444528    H 1313  0.90689045
   205  N    3.35252815    C  204  0.95078043    H 1315  0.82283897    H 1316  0.82030705    H 1314  0.80379813
   206  N    3.17991210    C  199  1.35524092    C  207  0.95892017    H 1317  0.85109184    O  200  0.06068808
   207  C    3.85605014    C  210  1.00926694    C  208  0.96260302    N  206  0.95892017    H 1318  0.88182159
   208  C    3.87003165    O  209  1.59352346    N  215  1.29978894    C  207  0.96260302
   209  O    1.74027338    C  208  1.59352346
   210  C    3.79215050    C  211  1.02354905    C  207  1.00926694    H 1320  0.89631060    H 1319  0.89044330
   211  C    3.78318226    C  210  1.02354905    C  212  0.98983040    H 1322  0.89609352    H 1321  0.88964873
   212  C    3.90134531    O  213  1.43706568    O  214  1.41699052    C  211  0.98983040    Ca1112  0.06969910
   213  O    1.69459422    C  212  1.43706568    Ca1112  0.14801999    O  214  0.11464310
   214  O    1.71602659    C  212  1.41699052    Ca1112  0.17144547    O  213  0.11464310
   215  N    3.15343151    C  208  1.29978894    C  216  0.95022164    H 1323  0.84723552
   216  C    3.81612993    C  219  1.00936865    C  217  0.95808687    N  215  0.95022164    H 1324  0.87562474
   217  C    3.87774183    O  218  1.56609853    N  223  1.33416004    C  216  0.95808687
   218  O    1.70732864    C  217  1.56609853    N  223  0.05825284
   219  C    3.78797998    C  216  1.00936865    C  220  0.99920212    H 1325  0.90200495    H 1326  0.88831610
   220  C    3.89068001    C  221  1.02194789    C  222  1.02156848    C  219  0.99920212    H 1327  0.89789507
   221  C    3.71396089    C  220  1.02194789    H 1328  0.92229390    H 1330  0.91080280    H 1329  0.90934014
   222  C    3.71856207    C  220  1.02156848    H 1331  0.91500645    H 1332  0.90913372    H 1333  0.90155418
   223  N    3.16830684    C  217  1.33416004    C  224  0.97475751    H 1334  0.84914148    O  218  0.05825284
   224  C    3.75379125    C  225  0.98984129    N  223  0.97475751    H 1336  0.89717166    H 1335  0.89068880
   225  C    3.91641995    O  226  1.56351240    N  227  1.36488945    C  224  0.98984129
   226  O    1.69291192    C  225  1.56351240    N  227  0.07642930
   227  N    3.17597895    C  225  1.36488945    C  228  0.95665832    H 1337  0.85058307    O  226  0.07642930
   228  C    3.85007606    C  231  0.98078997    C  229  0.97799650    N  227  0.95665832    H 1338  0.89066715
   229  C    3.95910175    O  230  1.59508975    N  234  1.38663551    C  228  0.97799650
   230  O    1.72082649    C  229  1.59508975    N  234  0.08426269
   231  C    3.82243226    C  233  1.02965145    C  228  0.98078997    O  232  0.93075839    H 1339  0.89650647
   232  O    1.65897051    C  231  0.93075839    H 1340  0.71199299
   233  C    3.73298064    C  231  1.02965145    H 1343  0.91188013    H 1341  0.89917482    H 1342  0.89497700
   234  N    3.17619677    C  229  1.38663551    C  235  0.95592880    H 1344  0.85004993    O  230  0.08426269
   235  C    3.85584343    C  236  0.98220573    C  238  0.96940298    N  234  0.95592880    H 1345  0.89328031
   236  C    3.94194703    O  237  1.55399316    N  241  1.40006519    C  235  0.98220573
   237  O    1.70143796    C  236  1.55399316    N  241  0.07638284
   238  C    3.87845979    C  240  1.03195911    C  239  1.02856291    C  235  0.96940298    H 1346  0.89063762
   239  C    3.72578840    C  238  1.02856291    H 1348  0.91126842    H 1349  0.90980344    H 1347  0.90485839
   240  C    3.72040634    C  238  1.03195911    H 1351  0.91991478    H 1352  0.91568891    H 1350  0.91391546
   241  N    3.16189295    C  236  1.40006519    C  242  0.96096381    H 1353  0.84818829    O  237  0.07638284
   242  C    3.89251951    C  245  1.01885441    C  243  0.98482388    N  241  0.96096381    H 1354  0.89663305
   243  C    3.95445569    O  244  1.58957413    N  249  1.38350377    C  242  0.98482388
   244  O    1.69377713    C  243  1.58957413    N  249  0.08292299
   245  C    3.79499158    C  242  1.01885441    C  246  0.99756002    H 1355  0.90023994    H 1356  0.89217279
   246  C    3.83660920    S  247  1.07843599    C  245  0.99756002    H 1357  0.88109888    H 1358  0.88069563
   247  S    2.20794744    C  248  1.13400846    C  246  1.07843599
   248  C    3.80163650    S  247  1.13400846    H 1361  0.89877917    H 1360  0.89212740    H 1359  0.88367494
   249  N    3.16238125    C  243  1.38350377    C  250  0.96405619    H 1362  0.85184779    O  244  0.08292299
   250  C    3.89012768    C  253  1.00690085    C  251  0.98028993    N  249  0.96405619    H 1363  0.89662746
   251  C    3.96305551    O  252  1.59265477    N  260  1.39714931    C  250  0.98028993
   252  O    1.72912812    C  251  1.59265477    N  260  0.08569872
   253  C    3.80564184    C  254  1.02650050    C  250  1.00690085    H 1365  0.89529830    H 1364  0.89277819
   254  C    3.80673184    C  255  1.03965237    C  253  1.02650050    H 1366  0.89352220    H 1367  0.88787534
   255  C    3.83770107    C  254  1.03965237    N  256  0.99382819    H 1368  0.90942818    H 1369  0.90104229
   256  N    3.14920110    C  257  1.34414546    C  255  0.99382819    H 1370  0.84251609
   257  C    4.11445617    N  258  1.38769725    N  259  1.38510486    N  256  1.34414546
   258  N    3.04310864    C  257  1.38769725    H 1372  0.83962469    H 1371  0.82889732
   259  N    3.05962096    C  257  1.38510486    H 1374  0.83805427    H 1373  0.82757060
   260  N    3.16911699    C  251  1.39714931    C  261  0.96267014    H 1375  0.84533590    O  252  0.08569872
   261  C    3.87274035    C  264  0.98931484    C  262  0.98296742    N  260  0.96267014    H 1376  0.87447343
   262  C    3.98084097    O  263  1.60898943    N  266  1.39297726    C  261  0.98296742
   263  O    1.76536054    C  262  1.60898943    N  266  0.08783505
   264  C    3.75309599    C  261  0.98931484    O  265  0.98017278    H 1378  0.89000565    H 1377  0.88544896
   265  O    1.67705738    C  264  0.98017278    H 1379  0.71549098
   266  N    3.16209510    C  262  1.39297726    C  267  0.97136689    H 1380  0.85156938    O  263  0.08783505
   267  C    3.89091607    C  270  1.02383487    C  268  0.98132521    N  266  0.97136689    H 1381  0.87604135
   268  C    3.97491488    O  269  1.60743779    N  274  1.39365390    C  267  0.98132521
   269  O    1.74747675    C  268  1.60743779    N  274  0.08739951
   270  C    3.81535112    C  267  1.02383487    C  271  1.00913610    H 1383  0.89363426    H 1382  0.88574032
   271  C    3.92763702    C  272  1.03420855    C  273  1.02159480    C  270  1.00913610    H 1384  0.88350074
   272  C    3.74032828    C  271  1.03420855    H 1386  0.90659617    H 1387  0.90325107    H 1385  0.89964652
   273  C    3.72279074    C  271  1.02159480    H 1390  0.89962088    H 1389  0.89672992    H 1388  0.89661109
   274  N    3.22111364    C  268  1.39365390    C  275  0.99671018    H 1391  0.85209933    O  269  0.08739951
   275  C    3.81586507    C  276  1.00295235    N  274  0.99671018    H 1392  0.88485934    H 1393  0.87700012
   276  C    3.97664960    O  277  1.60033419    N  278  1.38360414    C  275  1.00295235
   277  O    1.76087300    C  276  1.60033419    N  278  0.08670997
   278  N    3.19099900    C  276  1.38360414    C  279  0.96328620    H 1394  0.85204046    O  277  0.08670997
   279  C    3.89490588    C  282  1.01926203    C  280  0.98265440    N  278  0.96328620    H 1395  0.90381556
   280  C    3.94897068    O  281  1.59474338    N  287  1.36862011    C  279  0.98265440
   281  O    1.68711166    C  280  1.59474338    N  287  0.08340778
   282  C    3.81191343    C  283  1.03099597    C  279  1.01926203    H 1396  0.88836485    H 1397  0.88534673
   283  C    3.79799752    C  282  1.03099597    C  284  1.01290487    H 1399  0.89016761    H 1398  0.86600527
   284  C    3.99042645    O  285  1.59458971    N  286  1.39522529    C  283  1.01290487
   285  O    1.74531075    C  284  1.59458971    N  286  0.09591751
   286  N    3.14045774    C  284  1.39522529    H 1401  0.83494944    H 1400  0.83196417    O  285  0.09591751
   287  N    3.22445703    C  280  1.36862011    C  288  0.97549766    H 1402  0.82845857    O  281  0.08340778
   288  C    3.92104481    C  291  1.03209604    C  289  0.99351476    N  287  0.97549766    H 1403  0.92327172
   289  C    3.96039726    O  290  1.60218411    N  295  1.36159000    C  288  0.99351476
   290  O    1.76704646    C  289  1.60218411    N  295  0.08462602
   291  C    3.80013405    C  288  1.03209604    C  292  1.00069082    H 1404  0.88150019    H 1405  0.87296157
   292  C    3.98778548    O  293  1.58912912    N  294  1.40634782    C  291  1.00069082
   293  O    1.75443454    C  292  1.58912912    N  294  0.09538243
   294  N    3.11540947    C  292  1.40634782    H 1407  0.84444409    H 1406  0.83263847    O  293  0.09538243
   295  N    3.28119736    C  289  1.36159000    C  301  0.94991040    C  296  0.94692830    O  290  0.08462602
   296  C    3.87294573    C  299  1.01044141    C  297  0.97573369    N  295  0.94692830    H 1408  0.89223839
   297  C    3.94070155    O  298  1.60663105    N  302  1.37267807    C  296  0.97573369
   298  O    1.75134584    C  297  1.60663105    N  302  0.08899373
   299  C    3.77548461    C  300  1.02873085    C  296  1.01044141    H 1409  0.88043706    H 1410  0.87537167
   300  C    3.77089081    C  301  1.04603678    C  299  1.02873085    H 1412  0.89239009    H 1411  0.88187079
   301  C    3.77047092    C  300  1.04603678    N  295  0.94991040    H 1414  0.88998245    H 1413  0.88263019
   302  N    3.18572710    C  297  1.37267807    C  303  0.96663289    H 1415  0.85760027    O  298  0.08899373
   303  C    3.86134758    C  304  0.98375735    C  306  0.96832336    N  302  0.96663289    H 1416  0.87525320
   304  C    3.96014263    O  305  1.60547538    N  309  1.37134672    C  303  0.98375735
   305  O    1.69249167    C  304  1.60547538    N  309  0.08344808
   306  C    3.83405605    C  308  1.03389667    C  303  0.96832336    O  307  0.94061279    H 1417  0.88454367
   307  O    1.65760096    C  306  0.94061279    H 1418  0.72677231
   308  C    3.73675605    C  306  1.03389667    H 1421  0.90804040    H 1419  0.89950005    H 1420  0.89700290
   309  N    3.18145114    C  304  1.37134672    C  310  0.96140515    H 1422  0.84357386    O  305  0.08344808
   310  C    3.87405636    C  313  1.01463560    C  311  0.97445253    N  309  0.96140515    H 1423  0.88352131
   311  C    3.96344851    O  312  1.61373252    N  318  1.37763048    C  310  0.97445253
   312  O    1.73508694    C  311  1.61373252    N  318  0.08630448
   313  C    3.82871744    C  314  1.02835255    C  310  1.01463560    H 1425  0.89495698    H 1424  0.88355681
   314  C    3.80959724    C  313  1.02835255    C  315  0.96794369    H 1427  0.90217092    H 1426  0.87497935
   315  C    3.96358742    O  317  1.52124960    O  316  1.52005738    C  314  0.96794369
   316  O    1.66800944    C  315  1.52005738    O  317  0.12434538
   317  O    1.65060654    C  315  1.52124960    O  316  0.12434538
   318  N    3.18776339    C  311  1.37763048    C  319  0.95843604    H 1428  0.84831426    O  312  0.08630448
   319  C    3.87856058    C  322  1.02818530    C  320  0.97521974    N  318  0.95843604    H 1429  0.88412260
   320  C    3.98016731    O  321  1.62331833    N  323  1.38849885    C  319  0.97521974
   321  O    1.75611553    C  320  1.62331833    N  323  0.08684620
   322  C    3.72419002    C  319  1.02818530    H 1432  0.90804549    H 1431  0.90173693    H 1430  0.89525183
   323  N    3.18124665    C  320  1.38849885    C  324  0.96042591    H 1433  0.85447807    O  321  0.08684620
   324  C    3.88527424    C  327  1.01767655    C  325  0.98056477    N  323  0.96042591    H 1434  0.88856256
   325  C    3.95783527    O  326  1.59730761    N  332  1.38725363    C  324  0.98056477
   326  O    1.69610831    C  325  1.59730761    N  332  0.08339249
   327  C    3.81888214    C  328  1.03997420    C  324  1.01767655    H 1436  0.90467113    H 1435  0.88286093
   328  C    3.81016169    C  327  1.03997420    C  329  0.97706723    H 1438  0.88798635    H 1437  0.88663766
   329  C    3.97010383    O  330  1.51645587    O  331  1.48827326    C  328  0.97706723
   330  O    1.68705452    C  329  1.51645587    O  331  0.11205702
   331  O    1.58510246    C  329  1.48827326    O  330  0.11205702
   332  N    3.17151553    C  325  1.38725363    C  333  0.95560504    H 1439  0.85620384    O  326  0.08339249
   333  C    3.87398119    C  336  1.02000199    C  334  0.98188296    N  332  0.95560504    H 1440  0.89709087
   334  C    3.94599600    O  335  1.60339667    N  340  1.37382610    C  333  0.98188296
   335  O    1.70914655    C  334  1.60339667    N  340  0.08200217
   336  C    3.81135306    C  333  1.02000199    C  337  1.00929984    H 1442  0.89996182    H 1441  0.89246169
   337  C    3.89004032    C  339  1.01910742    C  338  1.01214644    C  336  1.00929984    H 1443  0.89406472
   338  C    3.72166894    C  337  1.01214644    H 1446  0.91590200    H 1445  0.90647775    H 1444  0.90540788
   339  C    3.70504276    C  337  1.01910742    H 1448  0.91629737    H 1449  0.91479473    H 1447  0.91350041
   340  N    3.17378064    C  334  1.37382610    C  341  0.96981596    H 1450  0.85848809    O  335  0.08200217
   341  C    3.87886127    C  344  1.01170454    C  342  0.97791233    N  340  0.96981596    H 1451  0.89514162
   342  C    3.94364692    O  343  1.59720400    N  349  1.38011374    C  341  0.97791233
   343  O    1.70854934    C  342  1.59720400    N  349  0.07730056
   344  C    3.81570057    C  345  1.02368679    C  341  1.01170454    H 1452  0.89266045    H 1453  0.88954950
   345  C    3.81276251    C  344  1.02368679    C  346  1.00409101    H 1454  0.91435966    H 1455  0.87789252
   346  C    3.98013137    O  347  1.59135888    N  348  1.41121192    C  345  1.00409101
   347  O    1.72786503    C  346  1.59135888    N  348  0.09539463
   348  N    3.15110638    C  346  1.41121192    H 1457  0.84531942    H 1456  0.83002487    O  347  0.09539463
   349  N    3.17285047    C  342  1.38011374    C  350  0.95467483    H 1458  0.86038224    O  343  0.07730056
   350  C    3.88489708    C  353  1.01886341    C  351  0.97620268    N  349  0.95467483    H 1459  0.89725788
   351  C    3.94253638    O  352  1.60127724    N  357  1.36898044    C  350  0.97620268
   352  O    1.73079368    C  351  1.60127724    N  357  0.07323666
   353  C    3.78954725    C  350  1.01886341    C  354  0.96929249    H 1461  0.90053579    H 1460  0.87479114
   354  C    3.97357165    O  355  1.51230574    O  356  1.50842077    C  353  0.96929249
   355  O    1.68584818    C  354  1.51230574    O  356  0.12090408
   356  O    1.66041694    C  354  1.50842077    O  355  0.12090408
   357  N    3.16965803    C  351  1.36898044    C  358  0.95327973    H 1462  0.85918785    O  352  0.07323666
   358  C    3.85449126    C  361  1.00836500    C  359  0.96799035    N  357  0.95327973    H 1463  0.89217959
   359  C    3.89810195    O  360  1.61210923    N  365  1.32005014    C  358  0.96799035
   360  O    1.74833969    C  359  1.61210923    N  365  0.05160481
   361  C    3.80634600    C  358  1.00836500    C  362  1.00049292    H 1465  0.91154978    H 1464  0.89383431
   362  C    3.87897272    S  363  1.10307329    C  361  1.00049292    H 1466  0.89077052    H 1467  0.87997072
   363  S    2.25728966    C  364  1.12621690    C  362  1.10307329
   364  C    3.82468169    S  363  1.12621690    H 1470  0.89307675    H 1468  0.89070780    H 1469  0.88169941
   365  N    3.13116404    C  359  1.32005014    C  366  0.96072166    H 1471  0.85511163    O  360  0.05160481
   366  C    3.81576037    C  369  0.96633489    N  365  0.96072166    C  367  0.95746223    H 1472  0.89973986
   367  C    3.89363293    O  368  1.56971918    N  373  1.36104263    C  366  0.95746223
   368  O    1.68270640    C  367  1.56971918    N  373  0.06887098
   369  C    3.87845362    C  371  1.03052457    C  370  1.00257463    C  366  0.96633489    H 1473  0.89485645
   370  C    3.82215033    C  372  1.05769024    C  369  1.00257463    H 1474  0.91236639    H 1475  0.90187254
   371  C    3.72705071    C  369  1.03052457    H 1478  0.91524962    H 1477  0.90859454    H 1476  0.90475199
   372  C    3.72315400    C  370  1.05769024    H 1481  0.92303190    H 1480  0.91424272    H 1479  0.90327072
   373  N    3.14872808    C  367  1.36104263    C  374  0.96940629    H 1482  0.85744922    O  368  0.06887098
   374  C    3.87357582    C  377  1.00892332    C  375  0.97229174    N  373  0.96940629    H 1483  0.89022818
   375  C    3.96530570    O  376  1.62139130    N  381  1.37897055    C  374  0.97229174
   376  O    1.79082979    C  375  1.62139130    N  381  0.08111584
   377  C    3.77734352    C  374  1.00892332    C  378  0.99015928    H 1485  0.89827087    H 1484  0.88174603
   378  C    3.96358608    O  379  1.59127200    N  380  1.39399640    C  377  0.99015928
   379  O    1.71422966    C  378  1.59127200    N  380  0.09315627
   380  N    3.15700892    C  378  1.39399640    H 1486  0.84068328    H 1487  0.83956933    O  379  0.09315627
   381  N    3.17195432    C  375  1.37897055    C  382  0.96355385    H 1488  0.85257015    O  376  0.08111584
   382  C    3.88013543    C  385  1.00444790    C  383  0.96779493    N  381  0.96355385    H 1489  0.88074552
   383  C    3.94840340    O  384  1.60822950    N  390  1.36925255    C  382  0.96779493
   384  O    1.76787536    C  383  1.60822950    N  390  0.07380407
   385  C    3.82661240    C  386  1.03815908    C  382  1.00444790    H 1490  0.90003634    H 1491  0.89053149
   386  C    3.80619335    C  385  1.03815908    C  387  0.97448759    H 1493  0.92775572    H 1492  0.88220301
   387  C    3.96008761    O  389  1.52157880    O  388  1.49716911    C  386  0.97448759
   388  O    1.65519749    C  387  1.49716911    O  389  0.12183187
   389  O    1.68066603    C  387  1.52157880    O  388  0.12183187
   390  N    3.17621017    C  383  1.36925255    C  391  0.97054553    H 1494  0.86267179    O  384  0.07380407
   391  C    3.84792859    N  390  0.97054553    C  394  0.95973364    C  392  0.95921085    H 1495  0.89787502
   392  C    3.92208466    O  393  1.59724855    N  397  1.37069139    C  391  0.95921085
   393  O    1.74870104    C  392  1.59724855    N  397  0.08265799
   394  C    3.88684297    C  395  1.03600665    C  396  1.02839430    C  391  0.95973364    H 1496  0.90732902
   395  C    3.72631027    C  394  1.03600665    H 1499  0.91711692    H 1498  0.90860455    H 1497  0.89790524
   396  C    3.72621012    C  394  1.02839430    H 1502  0.92296696    H 1501  0.92224655    H 1500  0.90074708
   397  N    3.18808354    C  392  1.37069139    C  398  0.95512552    H 1503  0.86572012    O  393  0.08265799
   398  C    3.88102956    C  401  1.01357715    C  399  0.97753531    N  397  0.95512552    H 1504  0.91202927
   399  C    3.96645117    O  400  1.62034627    N  405  1.37651749    C  398  0.97753531
   400  O    1.77250421    C  399  1.62034627    N  405  0.08522861
   401  C    3.75619712    C  398  1.01357715    C  402  0.98222885    H 1505  0.89708612    H 1506  0.86544312
   402  C    3.90296197    O  404  1.54853120    O  403  1.38551055    C  401  0.98222885
   403  O    1.62057016    C  402  1.38551055    O  404  0.10347782    Ca1113  0.10130518
   404  O    1.67247225    C  402  1.54853120    O  403  0.10347782
   405  N    3.21650061    C  399  1.37651749    C  406  0.96980814    H 1507  0.84969960    O  400  0.08522861
   406  C    3.90142984    C  409  1.02567889    C  407  0.98128557    N  405  0.96980814    H 1508  0.89220721
   407  C    3.95858009    O  408  1.60690447    N  410  1.37988780    C  406  0.98128557
   408  O    1.76175556    C  407  1.60690447    N  410  0.09099434
   409  C    3.72182140    C  406  1.02567889    H 1511  0.91131002    H 1509  0.90589243    H 1510  0.89570051
   410  N    3.18378989    C  407  1.37988780    C  411  0.97494306    H 1512  0.84153075    O  408  0.09099434
   411  C    3.91041559    C  414  1.01097500    C  412  0.99112262    N  410  0.97494306    H 1513  0.86994507
   412  C    3.99819490    O  413  1.60541634    N  418  1.40126382    C  411  0.99112262
   413  O    1.76520140    C  412  1.60541634    N  418  0.08674304
   414  C    3.77850156    C  411  1.01097500    C  415  0.98588249    H 1514  0.88247178    H 1515  0.86365769
   415  C    3.93572530    O  417  1.54259797    O  416  1.42725492    C  414  0.98588249
   416  O    1.64745764    C  415  1.42725492    O  417  0.11160570    Ca1113  0.09305590
   417  O    1.71053668    C  415  1.54259797    O  416  0.11160570
   418  N    3.23188074    C  412  1.40126382    C  419  0.99297132    H 1516  0.84815468    O  413  0.08674304
   419  C    3.81068961    C  420  1.00884495    N  418  0.99297132    H 1517  0.89529171    H 1518  0.87025592
   420  C    3.97329639    O  421  1.60107541    N  422  1.38452212    C  419  1.00884495
   421  O    1.75708880    C  420  1.60107541    N  422  0.08617983
   422  N    3.19037375    C  420  1.38452212    C  423  0.96783262    H 1519  0.85513601    O  421  0.08617983
   423  C    3.88508269    C  426  1.01106563    C  424  0.97952736    N  422  0.96783262    H 1520  0.87155567
   424  C    3.98100514    O  425  1.60197030    N  430  1.39368379    C  423  0.97952736
   425  O    1.75459223    C  424  1.60197030    N  430  0.08768039
   426  C    3.76795305    C  427  1.01935245    C  423  1.01106563    H 1521  0.87353284    H 1522  0.85748744
   427  C    3.96443302    O  428  1.48408984    N  429  1.43049261    C  426  1.01935245
   428  O    1.70823681    C  427  1.48408984    Ca1113  0.11921785    N  429  0.08678716
   429  N    3.15847184    C  427  1.43049261    H 1523  0.87087180    H 1524  0.80532090    O  428  0.08678716
   430  N    3.22004289    C  424  1.39368379    C  431  0.98972868    H 1525  0.86036403    O  425  0.08768039
   431  C    3.80804405    C  432  0.99476316    N  430  0.98972868    H 1526  0.89007577    H 1527  0.88128707
   432  C    3.94995291    O  433  1.60211548    N  434  1.37202934    C  431  0.99476316
   433  O    1.74670404    C  432  1.60211548    N  434  0.08444090
   434  N    3.19212306    C  432  1.37202934    C  435  0.96431920    H 1528  0.87176373    O  433  0.08444090
   435  C    3.84522605    C  436  0.97758315    C  438  0.96901965    N  434  0.96431920    H 1529  0.87561973
   436  C    3.89701861    O  437  1.47608297    N  441  1.41265672    C  435  0.97758315
   437  O    1.69213813    C  436  1.47608297    Ca1113  0.09604993    N  441  0.07461148
   438  C    3.80069632    C  440  1.02400596    C  435  0.96901965    O  439  0.92470747    H 1530  0.89256247
   439  O    1.66744741    C  438  0.92470747    H 1531  0.73598456
   440  C    3.73218724    C  438  1.02400596    H 1534  0.91974404    H 1532  0.90911593    H 1533  0.90371719
   441  N    3.19629039    C  436  1.41265672    C  442  0.94901254    H 1535  0.84022881    O  437  0.07461148
   442  C    3.86492152    C  443  0.97574140    C  445  0.96255675    N  441  0.94901254    H 1536  0.92456333
   443  C    3.93180472    O  444  1.59318392    N  449  1.38079999    C  442  0.97574140
   444  O    1.67987970    C  443  1.59318392    N  449  0.08394772
   445  C    3.86170288    C  447  1.02238320    C  446  1.00429397    C  442  0.96255675    H 1537  0.90273393
   446  C    3.81763464    C  448  1.04637671    C  445  1.00429397    H 1538  0.90441469    H 1539  0.90236260
   447  C    3.71264203    C  445  1.02238320    H 1542  0.91623576    H 1541  0.91212341    H 1540  0.90637068
   448  C    3.72754929    C  446  1.04637671    H 1545  0.92616193    H 1543  0.91823260    H 1544  0.91718014
   449  N    3.19483190    C  443  1.38079999    C  450  0.95594096    H 1546  0.85975347    O  444  0.08394772
   450  C    3.86655622    C  453  1.00881907    C  451  0.97365067    N  449  0.95594096    H 1547  0.89052833
   451  C    3.92013950    O  452  1.58304461    N  457  1.36001902    C  450  0.97365067
   452  O    1.67719632    C  451  1.58304461    N  457  0.07476310
   453  C    3.78668772    C  450  1.00881907    C  454  0.98938979    H 1548  0.89802997    H 1549  0.87434711
   454  C    3.93211080    O  456  1.50837926    O  455  1.47389717    C  453  0.98938979
   455  O    1.58645897    C  454  1.47389717    O  456  0.10806005
   456  O    1.65689052    C  454  1.50837926    O  455  0.10806005
   457  N    3.19396357    C  451  1.36001902    C  458  0.96174878    H 1550  0.84239132    O  452  0.07476310
   458  C    3.87561282    C  461  1.00613056    C  459  0.97749953    N  457  0.96174878    H 1551  0.89269336
   459  C    3.91475224    O  460  1.55784249    N  468  1.32943085    C  458  0.97749953
   460  O    1.69870646    C  459  1.55784249    N  468  0.06549549
   461  C    3.83183225    C  462  1.00761021    C  458  1.00613056    H 1552  0.91733111    H 1553  0.87546654
   462  C    3.88710962    C  463  1.38094167    C  464  1.37986446    C  461  1.00761021    C  467  0.05347666
   463  C    3.81106620    C  465  1.40511209    C  462  1.38094167    H 1554  0.90587061    C  466  0.05897933
   464  C    3.84366935    C  466  1.41480475    C  462  1.37986446    H 1555  0.90299848    C  465  0.05825994
   465  C    3.80768785    C  467  1.41316893    C  463  1.40511209    H 1556  0.90417601    C  464  0.05825994
   466  C    3.83692204    C  467  1.41800297    C  464  1.41480475    H 1557  0.90599239    C  463  0.05897933
   467  C    3.82059906    C  466  1.41800297    C  465  1.41316893    H 1558  0.90495429    C  462  0.05347666
   468  N    3.24059319    C  459  1.32943085    C  474  0.95459869    C  469  0.94982621    O  460  0.06549549
   469  C    3.86778015    C  472  1.00345721    C  470  0.97756719    N  468  0.94982621    H 1559  0.87569607
   470  C    3.89120640    O  471  1.57073540    N  475  1.29150561    C  469  0.97756719
   471  O    1.69692831    C  470  1.57073540
   472  C    3.79755490    C  473  1.02564912    C  469  1.00345721    H 1561  0.89014430    H 1560  0.87635640
   473  C    3.80125839    C  474  1.03186104    C  472  1.02564912    H 1562  0.89200830    H 1563  0.87637560
   474  C    3.79279924    C  473  1.03186104    N  468  0.95459869    H 1564  0.89906993    H 1565  0.89711733
   475  N    3.24155681    C  470  1.29150561    C  476  0.96145891    H 1566  0.85154972    O  478  0.07005322
   476  C    3.83573436    C  479  1.00429919    N  475  0.96145891    C  477  0.92924538    H 1567  0.88065749
   477  C    3.85970493    O  478  1.61236423    N  484  1.26031204    C  476  0.92924538
   478  O    1.98793187    C  477  1.61236423    N  475  0.07005322    N  484  0.05258626
   479  C    3.80977670    C  480  1.03799315    C  476  1.00429919    H 1569  0.90195809    H 1568  0.88808660
   480  C    3.80046263    C  479  1.03799315    C  481  0.98780648    H 1571  0.89199971    H 1570  0.87867706
   481  C    3.91146498    O  483  1.45355222    O  482  1.43479818    C  480  0.98780648    Ca1113  0.05607258
   482  O    1.66513020    C  481  1.43479818    Ca1113  0.12874959    O  483  0.11524158
   483  O    1.67501546    C  481  1.45355222    O  482  0.11524158    Ca1113  0.10235882
   484  N    3.43930314    C  477  1.26031204    C  485  0.95730327    H 1572  0.84479941    O  487  0.08106700    O  478  0.05258626
   485  C    3.81817058    C  488  1.00570748    N  484  0.95730327    C  486  0.91261050    H 1573  0.87118995
   486  C    3.85532274    O  487  1.58070003    N  495  1.29714999    C  485  0.91261050
   487  O    1.90181156    C  486  1.58070003    N  484  0.08106700    N  495  0.05590103
   488  C    3.81943346    C  489  1.01670439    C  485  1.00570748    H 1574  0.91164638    H 1575  0.88698625
   489  C    3.87398517    C  490  1.38238777    C  491  1.38111294    C  488  1.01670439    C  494  0.05360002
   490  C    3.81417916    C  492  1.40282610    C  489  1.38238777    H 1576  0.90143831    C  493  0.05747056
   491  C    3.81837794    C  493  1.42073000    C  489  1.38111294    H 1577  0.90983751    C  492  0.05731781
   492  C    3.82498583    C  494  1.41048314    C  490  1.40282610    H 1578  0.90292613    C  491  0.05731781
   493  C    3.82094273    C  491  1.42073000    C  494  1.41049700    H 1579  0.91224663    C  490  0.05747056
   494  C    3.83092616    C  493  1.41049700    C  492  1.41048314    H 1580  0.90800633    C  489  0.05360002
   495  N    3.29755960    C  486  1.29714999    C  496  0.94843146    H 1581  0.85314272    O  487  0.05590103
   496  C    3.84006469    C  499  1.01637610    N  495  0.94843146    C  497  0.94795774    H 1582  0.87601497
   497  C    3.91623404    O  498  1.57608656    N  503  1.35457000    C  496  0.94795774
   498  O    1.80310852    C  497  1.57608656    N  503  0.07298765
   499  C    3.80855959    C  496  1.01637610    C  500  1.00672030    H 1583  0.90273831    H 1584  0.89033676
   500  C    3.91158789    C  501  1.02929080    C  502  1.02042595    C  499  1.00672030    H 1585  0.88665155
   501  C    3.71099378    C  500  1.02929080    H 1586  0.91088971    H 1587  0.90765349    H 1588  0.90510883
   502  C    3.73561152    C  500  1.02042595    H 1590  0.90489249    H 1591  0.90223811    H 1589  0.90173560
   503  N    3.24447000    C  497  1.35457000    C  504  0.96589436    H 1592  0.85007028    O  498  0.07298765
   504  C    3.86546100    C  507  0.97408208    C  505  0.97310316    N  503  0.96589436    H 1593  0.87525210
   505  C    3.93781029    O  506  1.60660558    N  510  1.33747700    C  504  0.97310316
   506  O    1.77222883    C  505  1.60660558    N  510  0.05662454
   507  C    3.81349123    C  509  1.02119746    C  504  0.97408208    O  508  0.92928333    H 1594  0.89603640
   508  O    1.66148939    C  507  0.92928333    H 1595  0.71891526
   509  C    3.72389382    C  507  1.02119746    H 1598  0.90763590    H 1596  0.90103111    H 1597  0.89945892
   510  N    3.24488661    C  505  1.33747700    C  511  0.96184374    H 1599  0.85045387    O  506  0.05662454
   511  C    3.85639249    C  514  1.01203540    N  510  0.96184374    C  512  0.95245959    H 1600  0.89199151
   512  C    3.92435309    O  513  1.58396588    N  518  1.35533605    C  511  0.95245959
   513  O    1.76877442    C  512  1.58396588    N  518  0.06735844
   514  C    3.80075071    C  511  1.01203540    C  515  0.99880195    H 1601  0.91261170    H 1602  0.89498737
   515  C    3.86623795    S  516  1.08828243    C  514  0.99880195    H 1603  0.88698519    H 1604  0.88058815
   516  S    2.15950593    C  517  1.10532921    C  515  1.08828243
   517  C    3.79457566    S  516  1.10532921    H 1605  0.89756800    H 1606  0.89617163    H 1607  0.88883880
   518  N    3.17832328    C  512  1.35533605    C  519  0.96253980    H 1608  0.85492095    O  513  0.06735844
   519  C    3.87712925    C  522  1.01199029    C  520  0.96743026    N  518  0.96253980    H 1609  0.89897258
   520  C    3.92469483    O  521  1.58674798    N  526  1.36495136    C  519  0.96743026
   521  O    1.72498099    C  520  1.58674798    N  526  0.07355552
   522  C    3.79528817    C  519  1.01199029    C  523  0.99402981    H 1610  0.89984728    H 1611  0.89610536
   523  C    3.85900034    S  524  1.09848519    C  522  0.99402981    H 1613  0.88552151    H 1612  0.87647866
   524  S    2.18837807    C  525  1.12083067    C  523  1.09848519
   525  C    3.81236382    S  524  1.12083067    H 1616  0.88891433    H 1614  0.88835967    H 1615  0.88613627
   526  N    3.18102443    C  520  1.36495136    C  527  0.95852077    H 1617  0.85918940    O  521  0.07355552
   527  C    3.87502494    C  530  1.03340490    C  528  0.97557094    N  526  0.95852077    H 1618  0.88529396
   528  C    3.94503224    O  529  1.59406774    N  531  1.37694863    C  527  0.97557094
   529  O    1.71581656    C  528  1.59406774    N  531  0.08347974
   530  C    3.72274398    C  527  1.03340490    H 1621  0.91217330    H 1619  0.90231598    H 1620  0.89527285
   531  N    3.17651620    C  528  1.37694863    C  532  0.95946532    H 1622  0.84200604    O  529  0.08347974
   532  C    3.87932341    C  535  1.01496842    C  533  0.97867706    N  531  0.95946532    H 1623  0.88362218
   533  C    3.97068885    O  534  1.60943770    N  542  1.38869169    C  532  0.97867706
   534  O    1.73289641    C  533  1.60943770    N  542  0.08402008
   535  C    3.81854228    C  536  1.03358117    C  532  1.01496842    H 1624  0.91283847    H 1625  0.90504166
   536  C    3.80807755    C  535  1.03358117    C  537  1.02427926    H 1626  0.89420241    H 1627  0.88318570
   537  C    3.82360398    C  536  1.02427926    N  538  0.98912600    H 1629  0.90751373    H 1628  0.88973258
   538  N    3.15725602    C  539  1.34795036    C  537  0.98912600    H 1630  0.84287226
   539  C    4.12070983    N  540  1.40579101    N  541  1.37150116    N  538  1.34795036
   540  N    3.01856449    C  539  1.40579101    H 1632  0.84776629    H 1631  0.83603215
   541  N    3.06597740    C  539  1.37150116    H 1634  0.84136564    H 1633  0.83019043
   542  N    3.18076813    C  533  1.38869169    C  543  0.96097973    H 1635  0.85501862    O  534  0.08402008
   543  C    3.87446327    C  546  1.00565001    C  544  0.97668938    N  542  0.96097973    H 1636  0.88301069
   544  C    3.94498536    O  545  1.56846261    N  551  1.39489245    C  543  0.97668938
   545  O    1.67097252    C  544  1.56846261    N  551  0.08125847
   546  C    3.80787046    C  547  1.03524175    C  543  1.00565001    H 1637  0.90331583    H 1638  0.88771125
   547  C    3.82674678    C  546  1.03524175    C  548  1.02332140    H 1640  0.90994678    H 1639  0.89064580
   548  C    3.81563078    C  549  1.04201659    C  547  1.02332140    H 1641  0.89969126    H 1642  0.88450756
   549  C    3.74308532    C  548  1.04201659    N  550  0.93764299    H 1644  0.90368417    H 1643  0.89542113
   550  N    3.35098145    C  549  0.93764299    H 1646  0.82365380    H 1647  0.81762972    H 1645  0.81154343
   551  N    3.18835061    C  544  1.39489245    C  552  0.96220789    H 1648  0.84994058    O  545  0.08125847
   552  C    3.88094991    C  555  1.01277208    C  553  0.98406231    N  551  0.96220789    H 1649  0.89067929
   553  C    3.95340460    O  554  1.58658004    N  559  1.38788420    C  552  0.98406231
   554  O    1.69234749    C  553  1.58658004    N  559  0.08344508
   555  C    3.82007303    C  552  1.01277208    C  556  1.00690631    H 1650  0.90076770    H 1651  0.89938555
   556  C    3.87864341    S  557  1.10645643    C  555  1.00690631    H 1652  0.87701279    H 1653  0.87541253
   557  S    2.24575259    C  556  1.10645643    C  558  1.10307756
   558  C    3.79277841    S  557  1.10307756    H 1656  0.89767769    H 1655  0.89666125    H 1654  0.88663677
   559  N    3.17974188    C  553  1.38788420    C  560  0.96067533    H 1657  0.84933570    O  554  0.08344508
   560  C    3.88997078    C  563  1.01293313    C  561  0.99010682    N  559  0.96067533    H 1658  0.88554469
   561  C    3.96338379    O  562  1.56678648    N  568  1.39634581    C  560  0.99010682
   562  O    1.64778897    C  561  1.56678648    N  568  0.08160247
   563  C    3.81306500    C  564  1.03216024    C  560  1.01293313    H 1660  0.89392469    H 1659  0.88725883
   564  C    3.82224942    C  563  1.03216024    C  565  1.01537759    H 1662  0.89423135    H 1661  0.89002711
   565  C    3.82008123    C  566  1.04181940    C  564  1.01537759    H 1663  0.89576601    H 1664  0.88870126
   566  C    3.72985460    C  565  1.04181940    N  567  0.92930698    H 1666  0.90335698    H 1665  0.89671777
   567  N    3.36834354    C  566  0.92930698    H 1668  0.81760344    H 1667  0.81447459    H 1669  0.81060791
   568  N    3.18317688    C  561  1.39634581    C  569  0.96576233    H 1670  0.84721042    O  562  0.08160247
   569  C    3.89065626    C  572  1.00812167    C  570  0.97249219    N  568  0.96576233    H 1671  0.88832742
   570  C    3.95465385    O  571  1.57915457    N  576  1.39260284    C  569  0.97249219
   571  O    1.68573875    C  570  1.57915457    N  576  0.07730499
   572  C    3.78388934    C  569  1.00812167    C  573  0.96557253    H 1672  0.89226206    H 1673  0.88932133
   573  C    3.97769842    O  574  1.52050306    O  575  1.50624470    C  572  0.96557253
   574  O    1.66717183    C  573  1.52050306    O  575  0.11865268
   575  O    1.67184604    C  573  1.50624470    O  574  0.11865268
   576  N    3.18701498    C  570  1.39260284    C  577  0.96235122    H 1674  0.85525415    O  571  0.07730499
   577  C    3.85932551    C  578  0.98068662    C  580  0.96472372    N  576  0.96235122    H 1675  0.88542130
   578  C    3.97490110    O  579  1.61099949    N  583  1.38979436    C  577  0.98068662
   579  O    1.73847030    C  578  1.61099949    N  583  0.08750140
   580  C    3.81960984    C  582  1.02678226    C  577  0.96472372    O  581  0.93452634    H 1676  0.90473630
   581  O    1.66158053    C  580  0.93452634    H 1677  0.70975134
   582  C    3.72914683    C  580  1.02678226    H 1680  0.90758107    H 1678  0.89949902    H 1679  0.89326750
   583  N    3.18085607    C  578  1.38979436    C  584  0.96272917    H 1681  0.85859847    O  579  0.08750140
   584  C    3.89195545    C  587  1.01536693    C  585  0.97672167    N  583  0.96272917    H 1682  0.89097136
   585  C    3.96297510    O  586  1.60109747    N  591  1.38756624    C  584  0.97672167
   586  O    1.71035654    C  585  1.60109747    N  591  0.08466377
   587  C    3.78694091    C  584  1.01536693    C  588  0.96549528    H 1684  0.90169010    H 1683  0.87285136
   588  C    3.97089438    O  590  1.51485786    O  589  1.51206540    C  587  0.96549528
   589  O    1.66737403    C  588  1.51206540    O  590  0.12106467
   590  O    1.67921669    C  588  1.51485786    O  589  0.12106467
   591  N    3.18335048    C  585  1.38756624    C  592  0.96017027    H 1685  0.86005854    O  586  0.08466377
   592  C    3.87860792    C  595  0.99877240    C  593  0.98461170    N  591  0.96017027    H 1686  0.88603641
   593  C    3.97867162    O  594  1.59454509    N  597  1.39305653    C  592  0.98461170
   594  O    1.69880963    C  593  1.59454509    N  597  0.08461659
   595  C    3.74760741    C  592  0.99877240    O  596  0.96330283    H 1688  0.90525527    H 1687  0.88936490
   596  O    1.70724443    C  595  0.96330283    H 1689  0.73325131
   597  N    3.19256141    C  593  1.39305653    C  598  0.96653410    H 1690  0.85842898    O  594  0.08461659
   598  C    3.87928241    C  601  1.01535052    C  599  0.97710587    N  597  0.96653410    H 1691  0.88837635
   599  C    3.95550047    O  600  1.60650731    N  606  1.37889162    C  598  0.97710587
   600  O    1.71058570    C  599  1.60650731    N  606  0.08275718
   601  C    3.82894895    C  602  1.03328980    C  598  1.01535052    H 1693  0.89927770    H 1692  0.89891727
   602  C    3.80301414    C  601  1.03328980    C  603  0.96941906    H 1694  0.90814389    H 1695  0.87672980
   603  C    3.94565222    O  604  1.51472042    O  605  1.47096013    C  602  0.96941906
   604  O    1.67359880    C  603  1.51472042    O  605  0.11158032
   605  O    1.58421198    C  603  1.47096013    O  604  0.11158032
   606  N    3.17553588    C  599  1.37889162    C  607  0.96556448    H 1696  0.85209465    O  600  0.08275718
   607  C    3.88962292    C  610  1.01518867    C  608  0.98133564    N  606  0.96556448    H 1697  0.89276340
   608  C    3.94242909    O  609  1.57812685    N  615  1.38342918    C  607  0.98133564
   609  O    1.67772671    C  608  1.57812685    N  615  0.07299128
   610  C    3.82093565    C  611  1.02843927    C  607  1.01518867    H 1698  0.89496100    H 1699  0.88942684
   611  C    3.80608402    C  610  1.02843927    C  612  0.97233771    H 1700  0.89526736    H 1701  0.87857591
   612  C    3.96200189    O  613  1.50833168    O  614  1.50786375    C  611  0.97233771
   613  O    1.64595531    C  612  1.50833168    O  614  0.11818159
   614  O    1.64474683    C  612  1.50786375    O  613  0.11818159
   615  N    3.17635477    C  608  1.38342918    C  616  0.96849520    H 1702  0.85506461    O  609  0.07299128
   616  C    3.88983925    C  619  1.01308193    C  617  0.97282676    N  615  0.96849520    H 1703  0.89326263
   617  C    3.93516493    O  618  1.59980824    N  624  1.36756929    C  616  0.97282676
   618  O    1.72449665    C  617  1.59980824    N  624  0.07036761
   619  C    3.83131003    C  620  1.03341737    C  616  1.01308193    H 1705  0.89516381    H 1704  0.89153260
   620  C    3.81648089    C  619  1.03341737    C  621  0.97997982    H 1707  0.90502360    H 1706  0.88609586
   621  C    3.98808671    O  623  1.51159919    O  622  1.51062881    C  620  0.97997982
   622  O    1.67087789    C  621  1.51062881    O  623  0.12135729
   623  O    1.67712892    C  621  1.51159919    O  622  0.12135729
   624  N    3.16708258    C  617  1.36756929    C  625  0.96168371    H 1708  0.85475325    O  618  0.07036761
   625  C    3.85457656    C  628  0.97726150    C  626  0.96877526    N  624  0.96168371    H 1709  0.88149989
   626  C    3.92478055    O  627  1.59568933    N  632  1.35951975    C  625  0.96877526
   627  O    1.72560634    C  626  1.59568933    N  632  0.06654685
   628  C    3.88947793    C  630  1.02501032    C  629  1.00737761    C  625  0.97726150    H 1710  0.88842519
   629  C    3.83672045    C  631  1.03891317    C  628  1.00737761    H 1711  0.90416392    H 1712  0.90002461
   630  C    3.71273328    C  628  1.02501032    H 1713  0.90987792    H 1715  0.90943598    H 1714  0.90624161
   631  C    3.73896273    C  629  1.03891317    H 1718  0.91187900    H 1716  0.90495994    H 1717  0.90367314
   632  N    3.18738558    C  626  1.35951975    C  633  0.96340406    H 1719  0.85328702    O  627  0.06654685
   633  C    3.85400968    C  636  1.00730310    N  632  0.96340406    C  634  0.95658002    H 1720  0.88257454
   634  C    3.92740490    O  635  1.59819220    N  643  1.36075695    C  633  0.95658002
   635  O    1.77635241    C  634  1.59819220    N  643  0.06897285
   636  C    3.80080483    C  637  1.02076408    C  633  1.00730310    H 1722  0.89839345    H 1721  0.88930064
   637  C    3.80523029    C  638  1.03944491    C  636  1.02076408    H 1723  0.90681657    H 1724  0.90472097
   638  C    3.82376451    C  637  1.03944491    N  639  0.98437825    H 1725  0.90593907    H 1726  0.90386857
   639  N    3.14934307    C  640  1.36027382    C  638  0.98437825    H 1727  0.85626218
   640  C    4.11080412    N  641  1.37881105    N  642  1.36936255    N  639  1.36027382
   641  N    3.07080561    C  640  1.37881105    H 1728  0.84182531    H 1729  0.83944081
   642  N    3.05799153    C  640  1.36936255    H 1730  0.84300354    H 1731  0.83236673
   643  N    3.23304018    C  634  1.36075695    C  644  0.96019557    H 1732  0.85644975    O  635  0.06897285
   644  C    3.87768837    C  647  1.01541037    C  645  0.96049309    N  643  0.96019557    H 1733  0.88739684
   645  C    3.91944776    O  646  1.60415877    N  652  1.32293063    C  644  0.96049309
   646  O    1.79613729    C  645  1.60415877
   647  C    3.82774993    C  648  1.03385869    C  644  1.01541037    H 1735  0.89945256    H 1734  0.88894613
   648  C    3.80713059    C  647  1.03385869    C  649  0.97537941    H 1737  0.91615073    H 1736  0.89031158
   649  C    3.97754661    O  650  1.51271857    O  651  1.51043508    C  648  0.97537941
   650  O    1.66408504    C  649  1.51271857    O  651  0.12030011
   651  O    1.67743192    C  649  1.51043508    O  650  0.12030011
   652  N    3.27395738    C  645  1.32293063    C  653  0.95129170    H 1738  0.85008304
   653  C    3.84946067    C  656  1.02123050    C  654  0.95376454    N  652  0.95129170    H 1739  0.88073982
   654  C    3.89813226    O  655  1.60364930    N  657  1.29517720    C  653  0.95376454
   655  O    1.86679660    C  654  1.60364930
   656  C    3.71398239    C  653  1.02123050    H 1742  0.91034288    H 1741  0.90626177    H 1740  0.89881113
   657  N    3.31478392    C  654  1.29517720    C  658  0.95196493    H 1743  0.84429325
   658  C    3.82535374    C  661  0.99560032    N  657  0.95196493    C  659  0.94436107    H 1744  0.87052180
   659  C    3.90066478    O  660  1.58127602    N  668  1.32239315    C  658  0.94436107
   660  O    1.83845608    C  659  1.58127602    N  668  0.05646437
   661  C    3.81825313    C  662  1.01239165    C  658  0.99560032    H 1745  0.90584270    H 1746  0.88826758
   662  C    3.87886835    C  663  1.38172311    C  664  1.38131309    C  661  1.01239165    C  667  0.05227275
   663  C    3.81750698    C  665  1.41950543    C  662  1.38172311    H 1747  0.91624439    C  666  0.05856296
   664  C    3.83962039    C  666  1.41577039    C  662  1.38131309    H 1748  0.90708484    C  665  0.05544776
   665  C    3.82327402    C  667  1.42175085    C  663  1.41950543    H 1749  0.90870038    C  664  0.05544776
   666  C    3.83290993    C  664  1.41577039    C  667  1.39764213    H 1750  0.91058147    C  663  0.05856296
   667  C    3.83098282    C  665  1.42175085    C  666  1.39764213    H 1751  0.91290631    C  662  0.05227275
   668  N    3.27384106    C  659  1.32239315    C  669  0.96150901    H 1752  0.84828174    O  660  0.05646437
   669  C    3.86335131    C  672  1.01202785    N  668  0.96150901    C  670  0.94704726    H 1753  0.87929257
   670  C    3.96117354    O  671  1.62037635    N  679  1.33462674    C  669  0.94704726
   671  O    1.91400313    C  670  1.62037635    N  679  0.06244539
   672  C    3.81674678    C  673  1.02724984    C  669  1.01202785    H 1755  0.90145791    H 1754  0.89517678
   673  C    3.80915084    C  674  1.03747977    C  672  1.02724984    H 1756  0.89227146    H 1757  0.88574791
   674  C    3.84487551    C  673  1.03747977    N  675  0.99907429    H 1758  0.91573646    H 1759  0.90027954
   675  N    3.12196095    C  676  1.34232889    C  674  0.99907429    H 1760  0.84124042
   676  C    4.11835798    N  677  1.39082284    N  678  1.38681458    N  675  1.34232889
   677  N    3.06075072    C  676  1.39082284    H 1762  0.84634353    H 1761  0.83031284
   678  N    3.07161054    C  676  1.38681458    H 1764  0.85123987    H 1763  0.84284210
   679  N    3.27317849    C  670  1.33462674    C  680  0.96120237    H 1765  0.85089354    O  671  0.06244539
   680  C    3.86084216    C  683  0.97671951    N  679  0.96120237    C  681  0.94665561    H 1766  0.88531058
   681  C    3.90935184    O  682  1.60149482    N  686  1.33410675    C  680  0.94665561
   682  O    1.85466127    C  681  1.60149482    N  686  0.05415037
   683  C    3.88031231    C  685  1.01568166    C  684  1.01458340    C  680  0.97671951    H 1767  0.89001384
   684  C    3.72722253    C  683  1.01458340    H 1770  0.91017601    H 1769  0.90281715    H 1768  0.89969333
   685  C    3.74151942    C  683  1.01568166    H 1772  0.91378831    H 1773  0.90832020    H 1771  0.90157619
   686  N    3.25282269    C  681  1.33410675    C  687  0.94972821    H 1774  0.84675005    O  689  0.06697660    O  682  0.05415037
   687  C    3.84225940    C  690  1.00122112    C  688  0.95673911    N  686  0.94972821    H 1775  0.89795909
   688  C    3.87112855    O  689  1.57974382    N  697  1.32672681    C  687  0.95673911
   689  O    1.83747003    C  688  1.57974382    N  686  0.06697660    N  697  0.05780596
   690  C    3.81705666    C  691  1.01567576    C  687  1.00122112    H 1777  0.90444690    H 1776  0.88505224
   691  C    3.88168618    C  693  1.37777564    C  692  1.37664690    C  690  1.01567576    C  696  0.05541428
   692  C    3.82469537    C  694  1.42288661    C  691  1.37664690    H 1778  0.90337909    C  695  0.05739921
   693  C    3.83437652    C  695  1.41843007    C  691  1.37777564    H 1779  0.90595325    C  694  0.05589070
   694  C    3.85001495    C  692  1.42288661    C  696  1.40637580    H 1780  0.91088986    C  693  0.05589070
   695  C    3.84627221    C  693  1.41843007    C  696  1.40285940    H 1781  0.90057675    C  692  0.05739921
   696  C    3.84577432    C  694  1.40637580    C  695  1.40285940    H 1782  0.90444334    C  691  0.05541428
   697  N    3.13754856    C  688  1.32672681    C  698  0.95299382    H 1783  0.85816838    O  689  0.05780596
   698  C    3.84766474    C  701  1.01538961    N  697  0.95299382    C  699  0.94068631    H 1784  0.89010702
   699  C    3.90495014    O  700  1.53916281    N  705  1.39252358    C  698  0.94068631
   700  O    1.74194495    C  699  1.53916281    N  705  0.07877840
   701  C    3.75196405    C  698  1.01538961    C  702  0.97481845    H 1785  0.89184859    H 1786  0.87074315
   702  C    3.87040858    O  703  1.51972273    O  704  1.39300189    C  701  0.97481845
   703  O    1.67855058    C  702  1.51972273    O  704  0.10089406
   704  O    1.60513577    C  702  1.39300189    O  703  0.10089406    Ca1114  0.08025247
   705  N    3.20476940    C  699  1.39252358    C  706  0.94835523    H 1787  0.84347091    O  700  0.07877840
   706  C    3.86742488    C  709  1.01483689    C  707  0.98615243    N  705  0.94835523    H 1788  0.88671912
   707  C    3.97225379    O  708  1.61701064    N  714  1.38044264    C  706  0.98615243
   708  O    1.76687232    C  707  1.61701064    N  714  0.08847512
   709  C    3.79248421    C  710  1.02901317    C  706  1.01483689    H 1789  0.91435160    H 1790  0.88582670
   710  C    3.82827565    C  711  1.03110543    C  709  1.02901317    H 1791  0.89964180    H 1792  0.88354918
   711  C    3.81278407    C  712  1.04373686    C  710  1.03110543    H 1794  0.89970867    H 1793  0.88792364
   712  C    3.73248298    C  711  1.04373686    N  713  0.92860328    H 1795  0.90634416    H 1796  0.90132307
   713  N    3.37050315    C  712  0.92860328    H 1799  0.81925890    H 1798  0.81830651    H 1797  0.81318194
   714  N    3.15860704    C  707  1.38044264    C  715  0.97366071    H 1800  0.84823981    O  708  0.08847512
   715  C    3.88985253    C  718  1.00551875    C  716  0.97899901    N  714  0.97366071    H 1801  0.86787034
   716  C    3.99258877    O  717  1.59911261    N  722  1.40129422    C  715  0.97899901
   717  O    1.75999913    C  716  1.59911261    N  722  0.08607164
   718  C    3.77070978    C  715  1.00551875    C  719  0.99356410    H 1802  0.89559057    H 1803  0.86120701
   719  C    3.93172894    O  721  1.49437863    O  720  1.41518913    C  718  0.99356410
   720  O    1.64460369    C  719  1.41518913    O  721  0.11373749    Ca1114  0.10680891
   721  O    1.71029913    C  719  1.49437863    O  720  0.11373749    Ca1114  0.06179770
   722  N    3.21600728    C  716  1.40129422    C  723  0.99122714    H 1804  0.85498146    O  717  0.08607164
   723  C    3.81052428    C  724  1.01131974    N  722  0.99122714    H 1805  0.89270578    H 1806  0.87062491
   724  C    3.96571255    O  725  1.59324053    N  726  1.37924784    C  723  1.01131974
   725  O    1.74941271    C  724  1.59324053    N  726  0.08392044
   726  N    3.20735610    C  724  1.37924784    C  727  0.98674239    H 1807  0.86807548    O  725  0.08392044
   727  C    3.89483914    C  730  1.00739269    N  726  0.98674239    C  728  0.97152527    H 1808  0.87590301
   728  C    3.97027627    O  729  1.60550698    N  734  1.39181996    C  727  0.97152527
   729  O    1.76079946    C  728  1.60550698    N  734  0.08788976
   730  C    3.76886105    C  731  1.02000045    C  727  1.00739269    H 1810  0.87027829    H 1809  0.86487645
   731  C    3.95804475    O  732  1.47805880    N  733  1.43583005    C  730  1.02000045
   732  O    1.70295218    C  731  1.47805880    Ca1114  0.11713497    N  733  0.08376671
   733  N    3.14585856    C  731  1.43583005    H 1811  0.83343188    H 1812  0.81562414    O  732  0.08376671
   734  N    3.20223774    C  728  1.39181996    C  735  0.98721541    H 1813  0.85564844    O  729  0.08788976
   735  C    3.80544863    C  736  0.99413196    N  734  0.98721541    H 1814  0.89568080    H 1815  0.88066022
   736  C    3.94675374    O  737  1.60277331    N  738  1.37053560    C  735  0.99413196
   737  O    1.74663264    C  736  1.60277331    N  738  0.08525052
   738  N    3.21451672    C  736  1.37053560    C  739  0.95592323    H 1816  0.87830336    O  737  0.08525052
   739  C    3.86098075    C  742  1.00210370    C  740  0.97252479    N  738  0.95592323    H 1817  0.90253698
   740  C    3.89287855    O  741  1.46859154    N  749  1.42497722    C  739  0.97252479
   741  O    1.69405358    C  740  1.46859154    Ca1114  0.10089543    N  749  0.07080171
   742  C    3.84827620    C  743  1.02382718    C  739  1.00210370    H 1819  0.91407659    H 1818  0.89433651
   743  C    3.89258894    C  745  1.38395902    C  744  1.36975257    C  742  1.02382718    C  748  0.05471845
   744  C    3.82395985    C  746  1.42149518    C  743  1.36975257    H 1820  0.89951914    C  747  0.05928974
   745  C    3.84549546    C  747  1.41148738    C  743  1.38395902    H 1821  0.90436789    C  746  0.05606235
   746  C    3.83153444    C  744  1.42149518    C  748  1.40486980    H 1822  0.91424287    C  745  0.05606235
   747  C    3.85589075    C  745  1.41148738    C  748  1.40258079    H 1823  0.90423770    C  744  0.05928974
   748  C    3.85573952    C  746  1.40486980    C  747  1.40258079    H 1824  0.90470116    C  743  0.05471845
   749  N    3.20091843    C  740  1.42497722    C  750  0.94337405    H 1825  0.83098817    O  741  0.07080171
   750  C    3.86372039    C  753  0.97701510    C  751  0.96629904    N  749  0.94337405    H 1826  0.91543993
   751  C    3.90741515    O  752  1.55932346    N  757  1.38620625    C  750  0.96629904
   752  O    1.65137666    C  751  1.55932346    N  757  0.08095921
   753  C    3.87927327    C  755  1.02736469    C  754  1.00073517    C  750  0.97701510    H 1827  0.90154297
   754  C    3.81960466    C  756  1.04897026    C  753  1.00073517    H 1828  0.90721061    H 1829  0.90208197
   755  C    3.71688918    C  753  1.02736469    H 1831  0.90927813    H 1832  0.90658602    H 1830  0.90580370
   756  C    3.72806941    C  754  1.04897026    H 1835  0.92488057    H 1834  0.91433504    H 1833  0.90690768
   757  N    3.21149062    C  751  1.38620625    C  758  0.95505473    H 1836  0.85353107    O  752  0.08095921
   758  C    3.85130899    C  761  0.99676626    C  759  0.97413993    N  757  0.95505473    H 1837  0.89150501
   759  C    3.91748908    O  760  1.58497524    N  763  1.35806214    C  758  0.97413993
   760  O    1.68041942    C  759  1.58497524    N  763  0.07542556
   761  C    3.74738705    C  758  0.99676626    O  762  0.96985845    H 1838  0.90378163    H 1839  0.89304952
   762  O    1.69268264    C  761  0.96985845    H 1840  0.74298098
   763  N    3.18180570    C  759  1.35806214    C  764  0.95285408    H 1841  0.84262146    O  760  0.07542556
   764  C    3.85439922    C  767  1.02481342    C  765  0.96483740    N  763  0.95285408    H 1842  0.89213138
   765  C    3.92383870    O  766  1.58693512    N  768  1.36180317    C  764  0.96483740
   766  O    1.70011340    C  765  1.58693512    N  768  0.07273938
   767  C    3.71304455    C  764  1.02481342    H 1845  0.92362197    H 1843  0.91005497    H 1844  0.90329074
   768  N    3.18877812    C  765  1.36180317    C  769  0.95386156    H 1846  0.84839280    O  766  0.07273938
   769  C    3.86920064    C  772  1.02324558    C  770  0.97143050    N  768  0.95386156    H 1847  0.88579296
   770  C    3.92023960    O  771  1.57840872    N  773  1.35806635    C  769  0.97143050
   771  O    1.70558756    C  770  1.57840872    N  773  0.06494498
   772  C    3.72773348    C  769  1.02324558    H 1850  0.91002622    H 1849  0.90392252    H 1848  0.90098026
   773  N    3.18147666    C  770  1.35806635    C  774  0.95798701    H 1851  0.84549167    O  771  0.06494498
   774  C    3.86888450    C  777  1.01603716    C  775  0.97111638    N  773  0.95798701    H 1852  0.88532479
   775  C    3.88696469    O  776  1.56323215    N  782  1.33072733    C  774  0.97111638
   776  O    1.67749035    C  775  1.56323215
   777  C    3.81562242    C  778  1.05185295    C  774  1.01603716    H 1854  0.89817987    H 1853  0.88346083
   778  C    3.79474886    C  777  1.05185295    C  779  0.99821885    H 1856  0.90070533    H 1855  0.87239235
   779  C    3.89628306    O  781  1.42814372    O  780  1.40285881    C  778  0.99821885    Ca1114  0.07045096
   780  O    1.64608752    C  779  1.40285881    Ca1114  0.12610980    O  781  0.11129194
   781  O    1.70965355    C  779  1.42814372    Ca1114  0.15614003    O  780  0.11129194
   782  N    3.16596004    C  775  1.33072733    C  783  0.95676665    H 1857  0.85336419
   783  C    3.83263581    C  786  1.01401329    C  784  0.95677300    N  782  0.95676665    H 1858  0.87674109
   784  C    3.86481295    O  785  1.59132956    N  790  1.31065354    C  783  0.95677300
   785  O    1.71246063    C  784  1.59132956
   786  C    3.79711357    C  783  1.01401329    C  787  1.00249838    H 1859  0.89979674    H 1860  0.89195933
   787  C    3.89995982    C  789  1.02503832    C  788  1.02298969    C  786  1.00249838    H 1861  0.88907036
   788  C    3.72337802    C  787  1.02298969    H 1863  0.91270864    H 1864  0.90803500    H 1862  0.90590468
   789  C    3.71020181    C  787  1.02503832    H 1865  0.92611677    H 1866  0.91052126    H 1867  0.90459199
   790  N    3.13685123    C  784  1.31065354    C  791  0.94494312    H 1868  0.85510484
   791  C    3.81143638    C  794  1.01218736    N  790  0.94494312    C  792  0.93949783    H 1869  0.88479182
   792  C    3.90271800    O  793  1.59856832    N  801  1.35623895    C  791  0.93949783
   793  O    1.70951039    C  792  1.59856832    N  801  0.07420879
   794  C    3.79536562    C  795  1.02141759    C  791  1.01218736    H 1870  0.92034993    H 1871  0.89507993
   795  C    3.78437611    C  796  1.03718300    C  794  1.02141759    H 1872  0.89056303    H 1873  0.88549890
   796  C    3.82376992    C  795  1.03718300    N  797  0.98846526    H 1875  0.90633034    H 1874  0.90239789
   797  N    3.14539880    C  798  1.35654885    C  796  0.98846526    H 1876  0.85793239
   798  C    4.11188167    N  799  1.38057310    N  800  1.37641076    N  797  1.35654885
   799  N    3.04307454    C  798  1.38057310    H 1877  0.84106927    H 1878  0.83368513
   800  N    3.06555638    C  798  1.37641076    H 1879  0.83758474    H 1880  0.83179008
   801  N    3.17586334    C  792  1.35623895    C  802  0.95406306    H 1881  0.85863765    O  793  0.07420879
   802  C    3.85824355    C  805  0.99262981    C  803  0.97872981    N  801  0.95406306    H 1882  0.89196367
   803  C    3.94029091    O  804  1.56826478    N  811  1.38582002    C  802  0.97872981
   804  O    1.70079453    C  803  1.56826478    N  811  0.08273282
   805  C    3.83928837    C  806  1.06703617    C  802  0.99262981    H 1883  0.88604247    H 1884  0.87979825
   806  C    3.87505064    C  808  1.58550132    N  807  1.17610911    C  805  1.06703617
   807  N    3.43631248    C  809  1.37666316    C  806  1.17610911    H 1885  0.81363988    N  810  0.05667871
   808  C    3.81753321    C  806  1.58550132    N  810  1.22224439    H 1886  0.89624808    C  809  0.05439466
   809  C    3.85947344    N  810  1.46182841    N  807  1.37666316    H 1887  0.90392864    C  808  0.05439466
   810  N    2.82483741    C  809  1.46182841    C  808  1.22224439    N  807  0.05667871
   811  N    3.17417145    C  803  1.38582002    C  812  0.96153726    H 1888  0.85756361    O  804  0.08273282
   812  C    3.86473230    C  813  0.98619560    C  815  0.96505085    N  811  0.96153726    H 1889  0.89170889
   813  C    3.95001285    O  814  1.57330114    N  818  1.39099476    C  812  0.98619560
   814  O    1.68079814    C  813  1.57330114    N  818  0.08304580
   815  C    3.87193118    C  816  1.02817529    C  817  1.02554485    C  812  0.96505085    H 1890  0.88972078
   816  C    3.72296768    C  815  1.02817529    H 1892  0.91675585    H 1893  0.91146745    H 1891  0.90450056
   817  C    3.72509287    C  815  1.02554485    H 1895  0.91220285    H 1896  0.91173995    H 1894  0.90368343
   818  N    3.16832423    C  813  1.39099476    C  819  0.95557645    H 1897  0.84739844    O  814  0.08304580
   819  C    3.88347949    C  822  1.01597513    C  820  0.97790605    N  818  0.95557645    H 1898  0.90552467
   820  C    3.93011984    O  821  1.55199567    N  826  1.38497673    C  819  0.97790605
   821  O    1.65335943    C  820  1.55199567    N  826  0.08038614
   822  C    3.80058183    C  819  1.01597513    C  823  0.99822573    H 1899  0.90455478    H 1900  0.89830578
   823  C    3.84012658    S  824  1.08206258    C  822  0.99822573    H 1902  0.88765783    H 1901  0.87521055
   824  S    2.23484114    C  825  1.17189322    C  823  1.08206258
   825  C    3.83969951    S  824  1.17189322    H 1905  0.91096407    H 1903  0.88626632    H 1904  0.88357312
   826  N    3.17221098    C  820  1.38497673    C  827  0.96154879    H 1906  0.85012763    O  821  0.08038614
   827  C    3.85533380    C  828  0.98904252    N  826  0.96154879    C  830  0.95247897    H 1907  0.88495491
   828  C    3.96803870    O  829  1.58592412    N  833  1.40593553    C  827  0.98904252
   829  O    1.71096955    C  828  1.58592412    N  833  0.08561459
   830  C    3.78779305    C  832  1.03391725    C  827  0.95247897    O  831  0.92762407    H 1908  0.88250350
   831  O    1.68306274    C  830  0.92762407    H 1909  0.72458242
   832  C    3.73065817    C  830  1.03391725    H 1912  0.92199126    H 1910  0.90681253    H 1911  0.90640892
   833  N    3.16348341    C  828  1.40593553    C  834  0.96716893    H 1913  0.84739539    O  829  0.08561459
   834  C    3.88947618    C  837  1.00587261    C  835  0.97493554    N  833  0.96716893    H 1914  0.87758299
   835  C    3.97111439    O  836  1.60322171    N  841  1.39815414    C  834  0.97493554
   836  O    1.74698493    C  835  1.60322171    N  841  0.08668092
   837  C    3.76928871    C  834  1.00587261    C  838  0.99384639    H 1915  0.89251011    H 1916  0.88595960
   838  C    3.97213924    O  839  1.60204674    N  840  1.38769582    C  837  0.99384639
   839  O    1.74813780    C  838  1.60204674    N  840  0.09475662
   840  N    3.16005639    C  838  1.38769582    H 1918  0.83741699    H 1917  0.83550006    O  839  0.09475662
   841  N    3.17958777    C  835  1.39815414    C  842  0.97354585    H 1919  0.86590331    O  836  0.08668092
   842  C    3.88586817    C  845  1.01454045    N  841  0.97354585    C  843  0.97141270    H 1920  0.88495294
   843  C    3.95588474    O  844  1.60285260    N  849  1.38181015    C  842  0.97141270
   844  O    1.75906075    C  843  1.60285260    N  849  0.08861210
   845  C    3.81254942    C  842  1.01454045    C  846  1.00492420    H 1921  0.88846443    H 1922  0.88726947
   846  C    3.90755240    C  847  1.02068395    C  848  1.01620604    C  845  1.00492420    H 1923  0.89586707
   847  C    3.71822328    C  846  1.02068395    H 1926  0.91245358    H 1924  0.90182709    H 1925  0.89765043
   848  C    3.73354909    C  846  1.01620604    H 1928  0.90892521    H 1929  0.90830106    H 1927  0.89775488
   849  N    3.20928247    C  843  1.38181015    C  850  0.99762782    H 1930  0.86009411    O  844  0.08861210
   850  C    3.81626151    C  851  0.99916686    N  849  0.99762782    H 1931  0.88858174    H 1932  0.87655396
   851  C    3.96468964    O  852  1.58345808    N  853  1.38336117    C  850  0.99916686
   852  O    1.74354780    C  851  1.58345808    N  853  0.08574294
   853  N    3.21371654    C  851  1.38336117    C  854  0.96082485    H 1933  0.85297470    O  852  0.08574294
   854  C    3.89367559    C  857  1.01589649    C  855  0.97848404    N  853  0.96082485    H 1934  0.91599924
   855  C    3.94352948    O  856  1.61037062    N  862  1.37310397    C  854  0.97848404
   856  O    1.72319703    C  855  1.61037062    N  862  0.08850744
   857  C    3.82573469    C  858  1.03671538    C  854  1.01589649    H 1935  0.89365602    H 1936  0.89023418
   858  C    3.79375523    C  857  1.03671538    C  859  0.98175988    H 1937  0.90511499    H 1938  0.89441804
   859  C    3.97682023    O  861  1.51926917    O  860  1.50754476    C  858  0.98175988
   860  O    1.65909440    C  859  1.50754476    O  861  0.12098247
   861  O    1.68046423    C  859  1.51926917    O  860  0.12098247
   862  N    3.22444911    C  855  1.37310397    C  863  0.96705131    H 1939  0.84017164    O  856  0.08850744
   863  C    3.89734953    C  866  1.01351726    C  864  0.97919815    N  862  0.96705131    H 1940  0.90687679
   864  C    3.96550274    O  865  1.60466861    N  871  1.39246721    C  863  0.97919815
   865  O    1.75286837    C  864  1.60466861    N  871  0.09252132
   866  C    3.81232196    C  867  1.03129739    C  863  1.01351726    H 1942  0.90116818    H 1941  0.88447456
   867  C    3.82314309    C  866  1.03129739    C  868  1.02865123    H 1943  0.88883405    H 1944  0.88117285
   868  C    3.83168818    C  869  1.05607267    C  867  1.02865123    H 1946  0.88945545    H 1945  0.88351282
   869  C    3.73944819    C  868  1.05607267    N  870  0.94293125    H 1947  0.90046395    H 1948  0.89594059
   870  N    3.37159513    C  869  0.94293125    H 1951  0.81436764    H 1949  0.81389922    H 1950  0.80844463
   871  N    3.20975503    C  864  1.39246721    C  872  0.95582527    H 1952  0.83449109    O  865  0.09252132
   872  C    3.87799381    C  875  1.01235415    C  873  0.98327617    N  871  0.95582527    H 1953  0.90041717
   873  C    3.96016468    O  874  1.61732947    N  879  1.37152824    C  872  0.98327617
   874  O    1.72950802    C  873  1.61732947    N  879  0.08345306
   875  C    3.80417028    C  872  1.01235415    C  876  1.00969142    H 1955  0.89689601    H 1954  0.88795588
   876  C    3.91399730    C  877  1.03007188    C  878  1.02563911    C  875  1.00969142    H 1956  0.89796885
   877  C    3.70970191    C  876  1.03007188    H 1959  0.92615299    H 1957  0.91032197    H 1958  0.90184756
   878  C    3.73601798    C  876  1.02563911    H 1961  0.90859026    H 1960  0.90425614    H 1962  0.90151874
   879  N    3.18528100    C  873  1.37152824    C  880  0.97496187    H 1963  0.85108096    O  874  0.08345306
   880  C    3.87689420    C  881  0.98410809    N  879  0.97496187    C  883  0.97269913    H 1964  0.88114575
   881  C    3.95785338    O  882  1.59978301    N  886  1.37705414    C  880  0.98410809
   882  O    1.69604343    C  881  1.59978301    N  886  0.08609376
   883  C    3.82467625    C  885  1.01926151    C  880  0.97269913    O  884  0.94068271    H 1965  0.88687382
   884  O    1.66679451    C  883  0.94068271    H 1966  0.74621694
   885  C    3.73232398    C  883  1.01926151    H 1969  0.90851540    H 1967  0.90177387    H 1968  0.89881648
   886  N    3.19118531    C  881  1.37705414    C  887  0.96167848    H 1970  0.84405029    O  882  0.08609376
   887  C    3.89218777    C  890  1.01588004    C  888  0.98633048    N  886  0.96167848    H 1971  0.88903669
   888  C    3.98232580    O  889  1.62627662    N  894  1.37000685    C  887  0.98633048
   889  O    1.75185507    C  888  1.62627662    N  894  0.08306557
   890  C    3.79706096    C  887  1.01588004    C  891  0.97545949    H 1973  0.90483726    H 1972  0.86593890
   891  C    3.98403001    O  892  1.51807730    O  893  1.50393394    C  890  0.97545949
   892  O    1.67461489    C  891  1.51807730    O  893  0.12326745
   893  O    1.67956850    C  891  1.50393394    O  892  0.12326745
   894  N    3.18884230    C  888  1.37000685    C  895  0.96827962    H 1974  0.85022776    O  889  0.08306557
   895  C    3.88944315    C  898  1.01685948    C  896  0.98086994    N  894  0.96827962    H 1975  0.88747419
   896  C    3.96243663    O  897  1.61287987    N  903  1.38407464    C  895  0.98086994
   897  O    1.71427517    C  896  1.61287987    N  903  0.08673980
   898  C    3.83391687    C  899  1.03682665    C  895  1.01685948    H 1977  0.89581970    H 1976  0.89500818
   899  C    3.80700296    C  898  1.03682665    C  900  0.97266522    H 1978  0.89577254    H 1979  0.87368417
   900  C    3.97658880    O  901  1.52084678    O  902  1.50443920    C  899  0.97266522
   901  O    1.68945399    C  900  1.52084678    O  902  0.12158786
   902  O    1.65657876    C  900  1.50443920    O  901  0.12158786
   903  N    3.18600942    C  896  1.38407464    C  904  0.96515688    H 1980  0.85527324    O  897  0.08673980
   904  C    3.88581153    C  907  1.00814699    C  905  0.97841818    N  903  0.96515688    H 1981  0.88907230
   905  C    3.95345510    O  906  1.59260325    N  912  1.39023192    C  904  0.97841818
   906  O    1.70311335    C  905  1.59260325    N  912  0.08644577
   907  C    3.81299931    C  908  1.03499170    C  904  1.00814699    H 1983  0.90106344    H 1982  0.88365451
   908  C    3.80867813    C  907  1.03499170    C  909  0.96953124    H 1985  0.90219623    H 1984  0.90141501
   909  C    3.96762969    O  911  1.51408550    O  910  1.49959879    C  908  0.96953124
   910  O    1.62264851    C  909  1.49959879    O  911  0.11479576
   911  O    1.68367085    C  909  1.51408550    O  910  0.11479576
   912  N    3.16783656    C  905  1.39023192    C  913  0.96296926    H 1986  0.85629199    O  906  0.08644577
   913  C    3.84960832    C  914  0.98617220    C  916  0.96391002    N  912  0.96296926    H 1987  0.90043776
   914  C    3.94806242    O  915  1.58602757    N  919  1.38502180    C  913  0.98617220
   915  O    1.68455020    C  914  1.58602757    N  919  0.08312481
   916  C    3.87059673    C  918  1.03900878    C  917  1.02742743    C  913  0.96391002    H 1988  0.87809981
   917  C    3.71793524    C  916  1.02742743    H 1991  0.92100502    H 1989  0.91001328    H 1990  0.90926384
   918  C    3.73433150    C  916  1.03900878    H 1993  0.92847521    H 1994  0.92303374    H 1992  0.90499946
   919  N    3.16351201    C  914  1.38502180    C  920  0.96159743    H 1995  0.86207643    O  915  0.08312481
   920  C    3.88818060    C  923  1.01968944    C  921  0.98321474    N  919  0.96159743    H 1996  0.89018169
   921  C    3.95594335    O  922  1.58770117    N  927  1.38399085    C  920  0.98321474
   922  O    1.68854487    C  921  1.58770117    N  927  0.08308003
   923  C    3.80087960    C  920  1.01968944    C  924  0.98037542    H 1998  0.90038402    H 1997  0.88635613
   924  C    3.97609306    O  925  1.51038847    O  926  1.50842209    C  923  0.98037542
   925  O    1.65359827    C  924  1.51038847    O  926  0.12097115
   926  O    1.68264199    C  924  1.50842209    O  925  0.12097115
   927  N    3.17658679    C  921  1.38399085    C  928  0.97403726    H 1999  0.85740369    O  922  0.08308003
   928  C    3.89850423    C  931  1.00917541    C  929  0.97774178    N  927  0.97403726    H 2000  0.89171040
   929  C    3.95676401    O  930  1.59046916    N  936  1.39246061    C  928  0.97774178
   930  O    1.71554023    C  929  1.59046916    N  936  0.08657987
   931  C    3.81278835    C  932  1.02897530    C  928  1.00917541    H 2002  0.89870831    H 2001  0.88995124
   932  C    3.80028384    C  931  1.02897530    C  933  0.96894221    H 2004  0.91113513    H 2003  0.89535111
   933  C    3.97387154    O  935  1.51211235    O  934  1.51132394    C  932  0.96894221
   934  O    1.67759955    C  933  1.51132394    O  935  0.12014762
   935  O    1.66699463    C  933  1.51211235    O  934  0.12014762
   936  N    3.18016657    C  929  1.39246061    C  937  0.95430405    H 2005  0.85632573    O  930  0.08657987
   937  C    3.87356846    C  940  1.01233027    C  938  0.97426791    N  936  0.95430405    H 2006  0.89181210
   938  C    3.95144177    O  939  1.59833547    N  944  1.38619489    C  937  0.97426791
   939  O    1.75007940    C  938  1.59833547    N  944  0.08759306
   940  C    3.81038665    C  937  1.01233027    C  941  0.99887500    H 2008  0.90749710    H 2007  0.88808679
   941  C    3.88912601    S  942  1.09817662    C  940  0.99887500    H 2009  0.89586265    H 2010  0.87646840
   942  S    2.30713646    C  943  1.17002039    C  941  1.09817662
   943  C    3.79196996    S  942  1.17002039    H 2013  0.91676063    H 2012  0.90505926    H 2011  0.89620812
   944  N    3.18546017    C  938  1.38619489    C  945  0.96420882    H 2014  0.85945149    O  939  0.08759306
   945  C    3.86026207    C  948  0.98035264    C  946  0.97314359    N  944  0.96420882    H 2015  0.89960498
   946  C    3.93800837    O  947  1.60556498    N  952  1.36963566    C  945  0.97314359
   947  O    1.72326480    C  946  1.60556498    N  952  0.08455254
   948  C    3.89062793    C  950  1.02461296    C  949  1.00342276    C  945  0.98035264    H 2016  0.89373005
   949  C    3.82238321    C  951  1.05235159    C  948  1.00342276    H 2017  0.90541602    H 2018  0.90527557
   950  C    3.72337922    C  948  1.02461296    H 2021  0.90963438    H 2020  0.90797754    H 2019  0.90396189
   951  C    3.71986897    C  949  1.05235159    H 2024  0.91813236    H 2023  0.91475448    H 2022  0.90295960
   952  N    3.15753033    C  946  1.36963566    C  953  0.96077199    H 2025  0.85792628    O  947  0.08455254
   953  C    3.87960217    C  956  1.00940099    C  954  0.98175407    N  952  0.96077199    H 2026  0.89102582
   954  C    3.97542942    O  955  1.61987124    N  963  1.38412431    C  953  0.98175407
   955  O    1.76933335    C  954  1.61987124    N  963  0.08678977
   956  C    3.82544223    C  957  1.04416794    C  953  1.00940099    H 2028  0.89761891    H 2027  0.89409461
   957  C    3.81862060    C  956  1.04416794    C  958  1.02784787    H 2029  0.89758886    H 2030  0.88426911
   958  C    3.83750603    C  957  1.02784787    N  959  0.99800656    H 2031  0.90775414    H 2032  0.89950793
   959  N    3.15846078    C  960  1.34688805    C  958  0.99800656    H 2033  0.83931593
   960  C    4.11335132    N  961  1.38908258    N  962  1.38240934    N  959  1.34688805
   961  N    3.04314173    C  960  1.38908258    H 2035  0.84187820    H 2034  0.83287506
   962  N    3.04863843    C  960  1.38240934    H 2036  0.84196631    H 2037  0.84065082
   963  N    3.19067141    C  954  1.38412431    C  964  0.97542870    H 2038  0.85081122    O  955  0.08678977
   964  C    3.89623964    C  967  1.00619771    C  965  0.97633687    N  963  0.97542870    H 2039  0.88231500
   965  C    3.97024165    O  966  1.59698673    N  972  1.40236464    C  964  0.97633687
   966  O    1.73605200    C  965  1.59698673    N  972  0.08801304
   967  C    3.82489336    C  968  1.04254978    C  964  1.00619771    H 2040  0.89661867    H 2041  0.89143933
   968  C    3.82086948    C  967  1.04254978    C  969  0.97078033    H 2043  0.90435993    H 2042  0.90235921
   969  C    3.97748624    O  970  1.51508810    O  971  1.50696565    C  968  0.97078033
   970  O    1.67519042    C  969  1.51508810    O  971  0.12361038
   971  O    1.67804389    C  969  1.50696565    O  970  0.12361038
   972  N    3.19525464    C  965  1.40236464    C  973  0.96711300    H 2044  0.85386297    O  966  0.08801304
   973  C    3.88277931    C  976  1.02756889    C  974  0.97591825    N  972  0.96711300    H 2045  0.89778150
   974  C    3.94033835    O  975  1.59127387    N  977  1.37567505    C  973  0.97591825
   975  O    1.71123997    C  974  1.59127387    N  977  0.08229180
   976  C    3.70537924    C  973  1.02756889    H 2047  0.91599365    H 2048  0.91453892    H 2046  0.89165880
   977  N    3.20295238    C  974  1.37567505    C  978  0.96249897    H 2049  0.86413590    O  975  0.08229180
   978  C    3.89013909    C  981  1.02087020    C  979  0.97182210    N  977  0.96249897    H 2050  0.89796710
   979  C    3.94046746    O  980  1.58133347    N  985  1.38773119    C  978  0.97182210
   980  O    1.72997271    C  979  1.58133347    N  985  0.08483171
   981  C    3.76308827    C  978  1.02087020    C  982  0.98727302    H 2051  0.89138732    H 2052  0.86264409
   982  C    3.90323480    O  984  1.54489099    O  983  1.38804928    C  981  0.98727302
   983  O    1.61285735    C  982  1.38804928    Ca1115  0.10465851    O  984  0.09935583
   984  O    1.69717910    C  982  1.54489099    O  983  0.09935583
   985  N    3.19577165    C  979  1.38773119    C  986  0.96742547    H 2053  0.84538232    O  980  0.08483171
   986  C    3.88625312    C  987  0.99316195    C  989  0.97347955    N  985  0.96742547    H 2054  0.88403241
   987  C    3.98649763    O  988  1.61281847    N  993  1.38888165    C  986  0.99316195
   988  O    1.75955010    C  987  1.61281847    N  993  0.08784531
   989  C    3.90147980    C  991  1.02494399    C  990  1.01527699    C  986  0.97347955    H 2055  0.88824605
   990  C    3.83752915    C  992  1.05415913    C  989  1.01527699    H 2057  0.89635457    H 2056  0.89319390
   991  C    3.73158582    C  989  1.02494399    H 2060  0.90436102    H 2058  0.90297713    H 2059  0.89975519
   992  C    3.73579112    C  990  1.05415913    H 2063  0.91891949    H 2061  0.89993231    H 2062  0.89678556
   993  N    3.17764905    C  987  1.38888165    C  994  0.98356479    H 2064  0.84815320    O  988  0.08784531
   994  C    3.89939487    C  997  1.00772496    C  995  0.99043687    N  993  0.98356479    H 2065  0.86835953
   995  C    4.00904713    O  996  1.61118732    N 1001  1.38501025    C  994  0.99043687
   996  O    1.77249111    C  995  1.61118732    N 1001  0.08357320
   997  C    3.75520004    C  994  1.00772496    C  998  0.97596421    H 2066  0.87603318    H 2067  0.86131094
   998  C    3.90534397    O  999  1.51061649    O 1000  1.37255694    C  997  0.97596421
   999  O    1.75405758    C  998  1.51061649    O 1000  0.10533332
  1000  O    1.61165574    C  998  1.37255694    Ca1115  0.11971226    O  999  0.10533332
  1001  N    3.20985405    C  995  1.38501025    C 1002  0.99607381    H 2068  0.85294620    O  996  0.08357320
  1002  C    3.82144488    C 1003  1.00982165    N 1001  0.99607381    H 2069  0.89184880    H 2070  0.87153179
  1003  C    3.96347338    O 1004  1.59277862    N 1005  1.37294355    C 1002  1.00982165
  1004  O    1.75324205    C 1003  1.59277862    N 1005  0.08364605
  1005  N    3.20906003    C 1003  1.37294355    C 1006  0.97944379    H 2071  0.87693368    O 1004  0.08364605
  1006  C    3.89681421    C 1009  1.00330294    C 1007  0.97990489    N 1005  0.97944379    H 2072  0.87902076
  1007  C    3.98301384    O 1008  1.60946641    N 1013  1.38738253    C 1006  0.97990489
  1008  O    1.76399206    C 1007  1.60946641    N 1013  0.08659443
  1009  C    3.76890072    C 1006  1.00330294    C 1010  0.98263449    H 2074  0.86921901    H 2073  0.86747168
  1010  C    3.93259140    O 1011  1.55110117    O 1012  1.37709516    C 1009  0.98263449
  1011  O    1.71144220    C 1010  1.55110117    O 1012  0.10770441
  1012  O    1.61063543    C 1010  1.37709516    Ca1115  0.11572440    O 1011  0.10770441
  1013  N    3.21454489    C 1007  1.38738253    C 1014  0.99086855    H 2075  0.85873493    O 1008  0.08659443
  1014  C    3.80927404    C 1015  0.99607580    N 1013  0.99086855    H 2076  0.89237472    H 2077  0.87816434
  1015  C    3.95320363    O 1016  1.60007892    N 1017  1.37730786    C 1014  0.99607580
  1016  O    1.74824299    C 1015  1.60007892    N 1017  0.08723821
  1017  N    3.19482734    C 1015  1.37730786    C 1018  0.94524357    H 2078  0.87679120    O 1016  0.08723821
  1018  C    3.84793927    C 1021  1.01271429    C 1019  0.96914730    N 1017  0.94524357    H 2079  0.88577734
  1019  C    3.88808354    O 1020  1.49017424    N 1026  1.41082299    C 1018  0.96914730
  1020  O    1.69322572    C 1019  1.49017424    Ca1115  0.07908318    N 1026  0.07261683
  1021  C    3.81605388    C 1022  1.04318103    C 1018  1.01271429    H 2080  0.90977871    H 2081  0.90794363
  1022  C    3.80782098    C 1021  1.04318103    C 1023  0.99371492    H 2082  0.89411543    H 2083  0.87513134
  1023  C    3.96473841    O 1024  1.58233585    N 1025  1.41053179    C 1022  0.99371492
  1024  O    1.74455865    C 1023  1.58233585    N 1025  0.09276160
  1025  N    3.05435028    C 1023  1.41053179    H 2084  0.87858568    H 2085  0.84654337    O 1024  0.09276160
  1026  N    3.19686377    C 1019  1.41082299    C 1027  0.94945842    H 2086  0.83780231    O 1020  0.07261683
  1027  C    3.86828978    C 1028  0.97162111    C 1030  0.96884826    N 1026  0.94945842    H 2087  0.92256591
  1028  C    3.90318889    O 1029  1.55201132    N 1033  1.37389914    C 1027  0.97162111
  1029  O    1.66006890    C 1028  1.55201132    N 1033  0.07363694
  1030  C    3.87186849    C 1032  1.02808421    C 1031  1.02460249    C 1027  0.96884826    H 2088  0.90087158
  1031  C    3.71964898    C 1030  1.02460249    H 2091  0.91563227    H 2090  0.90736172    H 2089  0.90214151
  1032  C    3.72497222    C 1030  1.02808421    H 2094  0.91376553    H 2093  0.91206014    H 2092  0.90328617
  1033  N    3.19889548    C 1028  1.37389914    C 1034  0.96283508    H 2095  0.86164287    O 1029  0.07363694
  1034  C    3.86893870    C 1037  1.01204914    C 1035  0.98801642    N 1033  0.96283508    H 2096  0.88608915
  1035  C    3.93633928    O 1036  1.57917465    N 1041  1.37900403    C 1034  0.98801642
  1036  O    1.67769776    C 1035  1.57917465    N 1041  0.07260821
  1037  C    3.77364499    C 1034  1.01204914    C 1038  0.99804587    H 2097  0.89243710    H 2098  0.87398023
  1038  C    3.96273637    O 1039  1.57926088    N 1040  1.41619841    C 1037  0.99804587
  1039  O    1.73225567    C 1038  1.57926088    N 1040  0.08754918
  1040  N    3.03108612    C 1038  1.41619841    H 2100  0.87760450    H 2099  0.86898025    O 1039  0.08754918
  1041  N    3.18741031    C 1035  1.37900403    C 1042  0.95652697    H 2101  0.83992103    O 1036  0.07260821
  1042  C    3.85548036    C 1043  0.96905677    C 1045  0.96817983    N 1041  0.95652697    H 2102  0.89695249
  1043  C    3.92549443    O 1044  1.57853230    N 1053  1.37596182    C 1042  0.96905677
  1044  O    1.72234004    C 1043  1.57853230    N 1053  0.06957481
  1045  C    3.77258418    C 1046  1.02185835    C 1042  0.96817983    H 2103  0.90673640    H 2104  0.83857937
  1046  C    3.72545623    C 1048  1.18578834    C 1047  1.18457385    C 1045  1.02185835    O 1052  0.09074385    C 1050  0.08059182    C 1049  0.07924766
  1047  C    3.74488741    C 1049  1.54608592    C 1046  1.18457385    H 2105  0.89818609    O 1052  0.05943636
  1048  C    3.76130189    C 1050  1.54054119    C 1046  1.18578834    H 2106  0.90193093    O 1052  0.06542352
  1049  C    3.71128905    C 1047  1.54608592    C 1051  1.13168187    H 2107  0.89881574    C 1046  0.07924766
  1050  C    3.73373572    C 1048  1.54054119    C 1051  1.13064145    H 2108  0.89606200    C 1046  0.08059182
  1051  C    3.67221611    O 1052  1.29497328    C 1049  1.13168187    C 1050  1.13064145
  1052  O    2.28493531    C 1051  1.29497328    H 2109  0.68255276    C 1046  0.09074385    C 1048  0.06542352    C 1047  0.05943636
  1053  N    3.16753491    C 1043  1.37596182    C 1054  0.96374388    H 2110  0.86103329    O 1044  0.06957481
  1054  C    3.87879802    C 1057  1.01818700    C 1055  0.97104069    N 1053  0.96374388    H 2111  0.88219714
  1055  C    3.93501674    O 1056  1.58372281    N 1062  1.37903694    C 1054  0.97104069
  1056  O    1.68171245    C 1055  1.58372281    N 1062  0.07147647
  1057  C    3.82177269    C 1054  1.01818700    C 1058  1.01689533    H 2113  0.90164347    H 2112  0.88302387
  1058  C    3.80663977    C 1057  1.01689533    C 1059  0.97260542    H 2114  0.90072297    H 2115  0.87702658
  1059  C    3.97017505    O 1061  1.52515983    O 1060  1.50204425    C 1058  0.97260542
  1060  O    1.65284800    C 1059  1.50204425    O 1061  0.11668620
  1061  O    1.68083748    C 1059  1.52515983    O 1060  0.11668620
  1062  N    3.12282183    C 1055  1.37903694    C 1063  0.96546357    H 2116  0.88301212    O 1056  0.07147647
  1063  C    3.87232336    C 1066  1.01548994    C 1064  0.97255091    N 1062  0.96546357    H 2117  0.88272245
  1064  C    3.90347011    O 1065  1.60026029    N 1071  1.34076269    C 1063  0.97255091
  1065  O    1.70716312    C 1064  1.60026029    N 1071  0.05652045
  1066  C    3.81111097    C 1067  1.04426221    C 1063  1.01548994    H 2119  0.90588484    H 2118  0.88811918
  1067  C    3.79098263    C 1066  1.04426221    C 1068  0.99034325    H 2120  0.89190384    H 2121  0.88738367
  1068  C    3.87635153    O 1070  1.41860657    O 1069  1.41267843    C 1067  0.99034325    Ca1115  0.06070907
  1069  O    1.65400696    C 1068  1.41267843    Ca1115  0.12936387    O 1070  0.11077926
  1070  O    1.69252669    C 1068  1.41860657    Ca1115  0.16467039    O 1069  0.11077926
  1071  N    3.11206554    C 1064  1.34076269    C 1072  0.95090063    H 2122  0.85441531    O 1065  0.05652045
  1072  C    3.82450903    C 1075  1.00187240    C 1073  0.96274056    N 1071  0.95090063    H 2123  0.88386423
  1073  C    3.89678535    O 1074  1.56615965    N 1082  1.36725475    C 1072  0.96274056
  1074  O    1.67429456    C 1073  1.56615965    N 1082  0.07251039
  1075  C    3.81795608    C 1076  1.01657271    C 1072  1.00187240    H 2124  0.90992214    H 2125  0.88846796
  1076  C    3.87687747    C 1077  1.38476939    C 1078  1.37813339    C 1075  1.01657271    C 1081  0.05463469
  1077  C    3.82320384    C 1079  1.40944839    C 1076  1.38476939    H 2126  0.90458776    C 1080  0.05783865
  1078  C    3.82032555    C 1080  1.40760396    C 1076  1.37813339    H 2127  0.90671254    C 1079  0.05980337
  1079  C    3.82661518    C 1077  1.40944839    C 1081  1.40615320    H 2128  0.90870356    C 1078  0.05980337
  1080  C    3.82987189    C 1078  1.40760396    C 1081  1.40473438    H 2129  0.90376778    C 1077  0.05783865
  1081  C    3.83260003    C 1079  1.40615320    C 1080  1.40473438    H 2130  0.90716400    C 1076  0.05463469
  1082  N    3.14015529    C 1073  1.36725475    C 1083  0.96034059    H 2131  0.85801487    O 1074  0.07251039
  1083  C    3.85635304    C 1086  0.97800227    C 1084  0.97273512    N 1082  0.96034059    H 2132  0.88492147
  1084  C    3.96076217    O 1085  1.61422068    N 1089  1.38506806    C 1083  0.97273512
  1085  O    1.76898792    C 1084  1.61422068    N 1089  0.08407926
  1086  C    3.90482288    C 1088  1.03485755    C 1087  1.02395475    C 1083  0.97800227    H 2133  0.89205268
  1087  C    3.74389933    C 1086  1.02395475    H 2135  0.90658993    H 2136  0.90326954    H 2134  0.90086832
  1088  C    3.72849151    C 1086  1.03485755    H 2138  0.91204332    H 2139  0.90614206    H 2137  0.90370069
  1089  N    3.16581341    C 1084  1.38506806    C 1090  0.96788541    H 2140  0.84961410    O 1085  0.08407926
  1090  C    3.87606839    C 1093  0.97663425    C 1091  0.97416932    N 1089  0.96788541    H 2141  0.88335665
  1091  C    3.96474534    O 1092  1.60837269    N 1096  1.38008164    C 1090  0.97416932
  1092  O    1.76080582    C 1091  1.60837269    N 1096  0.08442938
  1093  C    3.81943767    C 1095  1.02381571    C 1090  0.97663425    O 1094  0.93330519    H 2142  0.89179985
  1094  O    1.66126549    C 1093  0.93330519    H 2143  0.70878052
  1095  C    3.72538616    C 1093  1.02381571    H 2146  0.91035076    H 2144  0.90317386    H 2145  0.89417449
  1096  N    3.19186144    C 1091  1.38008164    C 1097  0.96343129    H 2147  0.84893407    O 1092  0.08442938
  1097  C    3.87158451    C 1100  1.01544303    N 1096  0.96343129    C 1098  0.96261443    H 2148  0.89115791
  1098  C    4.00745259    N 1104  1.83580492    O 1099  1.24636472    C 1097  0.96261443
  1099  O    1.38910282    C 1098  1.24636472    N 1104  0.06034128    H 2156  0.05578706
  1100  C    3.78569124    C 1097  1.01544303    C 1101  0.99529148    H 2150  0.89795784    H 2149  0.88897468
  1101  C    3.85546867    S 1102  1.07567430    C 1100  0.99529148    H 2151  0.88024456    H 2152  0.87146456
  1102  S    2.25933901    C 1103  1.18210000    C 1101  1.07567430
  1103  C    3.84624392    S 1102  1.18210000    H 2155  0.90885439    H 2153  0.90334828    H 2154  0.89574912
  1104  N    3.60350264    C 1098  1.83580492    C 1105  0.95204308    H 2156  0.81738809    O 1099  0.06034128
  1105  C    3.87231778    C 1108  1.00568114    C 1106  0.96193355    N 1104  0.95204308    H 2157  0.89542509
  1106  C    3.62077543    O 1107  1.78173391    C 1105  0.96193355    H 2158  0.88756110
  1107  O    1.89192361    C 1106  1.78173391
  1108  C    3.80978977    C 1109  1.00657025    C 1105  1.00568114    H 2160  0.89352299    H 2159  0.88598027
  1109  C    3.87747007    S 1110  1.10438100    C 1108  1.00657025    H 2161  0.88264758    H 2162  0.87958358
  1110  S    2.23696981    C 1109  1.10438100    C 1111  1.10065365
  1111  C    3.81197598    S 1110  1.10065365    H 2165  0.89189288    H 2164  0.89128826    H 2163  0.88589397
  1112  Ca   1.15600716    O  214  0.17144547    O  213  0.14801999    O  162  0.13526435    O  133  0.12359252    O  151  0.09773277    O  171  0.08967593    C  212  0.06969910
  1113  Ca   1.28644548    O 1118  0.14736500    O  482  0.12874959    O  428  0.11921785    O  483  0.10235882    O  403  0.10130518    O 1116  0.10114042    O  437  0.09604993    O  416  0.09305590    C  481  0.05607258
  1114  Ca   1.18288273    O  781  0.15614003    O  780  0.12610980    O  732  0.11713497    O  720  0.10680891    O  741  0.10089543    O 1121  0.08291766    O  704  0.08025247    C  779  0.07045096    O  721  0.06179770
  1115  Ca   1.23203947    O 1070  0.16467039    O 1069  0.12936387    O 1000  0.11971226    O 1012  0.11572440    O  983  0.10465851    O 1122  0.08305079    O 1020  0.07908318    C 1068  0.06070907
  1116  O    1.45984627    H 2167  0.73479275    H 2166  0.68319780    Ca1113  0.10114042
  1117  O    1.42168886    H 2168  0.74797675    H 2169  0.73111495
  1118  O    1.62062563    H 2170  0.77426032    H 2171  0.75333075    Ca1113  0.14736500
  1119  O    1.42103493    H 2173  0.73778262    H 2172  0.72581550
  1120  O    1.41084038    H 2175  0.73231229    H 2174  0.72439352
  1121  O    1.40423322    H 2176  0.71633461    H 2177  0.67569745    Ca1114  0.08291766
  1122  O    1.44680973    H 2179  0.75082551    H 2178  0.66334343    Ca1115  0.08305079
  1123  H    0.75513081    N    1  0.80619863
  1124  H    0.73676361    N    1  0.82091107
  1125  H    0.74933335    N    1  0.81997558
  1126  H    0.83167438    C    2  0.87122275
  1127  H    0.86423013    C    5  0.88069797
  1128  H    0.67746990    O    6  0.71557752
  1129  H    0.86541801    C    7  0.89497391
  1130  H    0.86484596    C    7  0.90317924
  1131  H    0.84381704    C    7  0.89998963
  1132  H    0.78591808    N    8  0.85856556
  1133  H    0.84482660    C    9  0.86842875
  1134  H    0.86204466    C   12  0.89184256
  1135  H    0.85697309    C   12  0.88706864
  1136  H    0.85388007    C   13  0.89554877
  1137  H    0.87032374    C   13  0.87174336
  1138  H    0.82026340    N   17  0.84685931
  1139  H    0.84526404    C   18  0.88437284
  1140  H    0.85936154    C   21  0.89002163
  1141  H    0.86666287    C   21  0.88853532
  1142  H    0.85568455    C   22  0.89295745
  1143  H    0.87303830    C   22  0.87460926
  1144  H    0.79896707    N   26  0.84779368
  1145  H    0.84695487    C   27  0.86932121
  1146  H    0.84713677    C   30  0.87604733
  1147  H    0.81832609    C   30  0.89693517
  1148  H    0.85343119    C   31  0.89904798
  1149  H    0.81629111    C   31  0.90288653
  1150  H    0.84633939    N   34  0.83346465
  1151  H    0.83012739    N   34  0.83692435
  1152  H    0.72803466    N   35  0.79425283    O   29  0.05570095
  1153  H    0.82614761    C   36  0.87334230
  1154  H    0.85041079    C   39  0.88904331
  1155  H    0.83741818    C   40  0.89104967
  1156  H    0.85912173    C   40  0.88734806
  1157  H    0.86427353    C   41  0.90109342
  1158  H    0.84052935    C   41  0.90596881
  1159  H    0.84996350    C   41  0.89553262
  1160  H    0.86146370    C   42  0.89518984
  1161  H    0.82064252    C   42  0.91573184
  1162  H    0.94599067    C   42  0.85772156    O    4  0.06815591
  1163  H    0.83318110    N   43  0.84861685
  1164  H    0.85254529    C   44  0.88991760
  1165  H    0.87181737    C   47  0.89971747
  1166  H    0.87012234    C   47  0.89828512
  1167  H    0.85423273    C   47  0.91084611
  1168  H    0.83203757    N   48  0.85922884
  1169  H    0.86083042    C   49  0.88726324
  1170  H    0.86324451    C   52  0.88766782
  1171  H    0.85682953    C   52  0.89468902
  1172  H    0.85242351    C   53  0.88968731
  1173  H    0.87178729    C   53  0.90428647
  1174  H    0.83733501    N   57  0.85666658
  1175  H    0.83837173    C   58  0.89592204
  1176  H    0.84556211    C   61  0.86484294
  1177  H    0.85001683    C   61  0.89904979
  1178  H    0.88562989    C   63  0.91034047
  1179  H    0.87873372    C   64  0.91714681
  1180  H    0.90108344    C   65  0.90389385
  1181  H    0.91028245    C   66  0.89569958
  1182  H    0.90497007    C   67  0.91082019
  1183  H    0.84023208    N   68  0.85783380
  1184  H    0.84929184    C   69  0.88108005
  1185  H    0.85903563    C   72  0.88870131
  1186  H    0.85557697    C   72  0.90012710
  1187  H    0.85559342    C   73  0.90097906
  1188  H    0.84986482    C   73  0.89843080
  1189  H    0.86802687    C   74  0.89834290
  1190  H    0.85891130    C   74  0.89443810
  1191  H    0.83503769    C   75  0.90928417
  1192  H    0.85376300    C   75  0.90376214
  1193  H    0.77457758    N   76  0.82051078
  1194  H    0.77026134    N   76  0.81140260
  1195  H    0.77279085    N   76  0.81772687
  1196  H    0.83047962    N   77  0.85247990
  1197  H    0.85246585    C   78  0.88598056
  1198  H    0.86269885    C   81  0.88925967
  1199  H    0.85735092    C   81  0.89824933
  1200  H    0.85150228    C   82  0.90806850
  1201  H    0.87202026    C   82  0.88306560
  1202  H    0.83252886    N   86  0.84569497
  1203  H    0.84388286    C   87  0.89440255
  1204  H    0.85965149    C   90  0.89473754
  1205  H    0.86923338    C   90  0.90156768
  1206  H    0.84659889    C   90  0.90909466
  1207  H    0.84315419    N   91  0.85099511
  1208  H    0.85414651    C   92  0.86973269
  1209  H    0.86048584    C   95  0.90423208
  1210  H    0.84922461    C   95  0.89655585
  1211  H    0.91595960    C   97  0.90917095
  1212  H    0.89970556    C   98  0.91543155
  1213  H    0.91199383    C   99  0.91400713
  1214  H    0.90617566    C  100  0.90773172
  1215  H    0.91255209    C  101  0.91352271
  1216  H    0.84293311    N  102  0.85372412
  1217  H    0.85445948    C  103  0.87850238
  1218  H    0.86075012    C  106  0.90824564
  1219  H    0.86650753    C  106  0.89265225
  1220  H    0.72598106    O  107  0.73319820
  1221  H    0.82788715    N  108  0.85589001
  1222  H    0.85776034    C  109  0.88284637
  1223  H    0.85922316    C  112  0.88750491
  1224  H    0.84481326    C  112  0.89149827
  1225  H    0.85993042    C  113  0.90179797
  1226  H    0.86901847    C  114  0.90086840
  1227  H    0.84221333    C  114  0.90458230
  1228  H    0.87405212    C  114  0.91286098
  1229  H    0.87097452    C  115  0.90326751
  1230  H    0.87196927    C  115  0.90964674
  1231  H    0.85867015    C  115  0.90261009
  1232  H    0.83012317    N  116  0.84133443
  1233  H    0.84151704    C  117  0.90067198
  1234  H    0.84332966    C  120  0.89422106
  1235  H    0.84848382    C  120  0.90946716
  1236  H    0.89667573    C  122  0.90585489
  1237  H    0.89896307    C  123  0.90758153
  1238  H    0.89801701    C  124  0.91529971
  1239  H    0.91369089    C  125  0.89914025
  1240  H    0.91974439    C  126  0.90253443
  1241  H    0.85189922    N  127  0.85874516
  1242  H    0.87880431    C  128  0.90005909
  1243  H    0.85487591    C  131  0.88360416
  1244  H    0.85093321    C  131  0.87058654
  1245  H    0.82460352    N  135  0.84310584
  1246  H    0.82819157    C  136  0.90001414
  1247  H    0.86266335    C  139  0.88984062
  1248  H    0.84853595    C  139  0.89139800
  1249  H    0.85806398    C  140  0.88300536
  1250  H    0.83484448    C  140  0.89376195
  1251  H    0.83952086    C  141  0.90846501
  1252  H    0.87417411    C  141  0.90119174
  1253  H    0.85620437    C  142  0.90810858
  1254  H    0.82839016    C  142  0.90732717
  1255  H    0.76316443    N  143  0.82451627
  1256  H    0.76272931    N  143  0.81249081
  1257  H    0.77997879    N  143  0.83201167
  1258  H    0.86111101    N  144  0.85956892
  1259  H    0.85355012    C  145  0.87288708
  1260  H    0.85768720    C  148  0.88371009
  1261  H    0.85670612    C  148  0.87680434
  1262  H    0.82923597    N  152  0.84830377
  1263  H    0.85818570    C  153  0.89455437
  1264  H    0.83708500    C  153  0.86940027
  1265  H    0.87624868    N  156  0.86328094
  1266  H    0.85917784    C  157  0.87815541
  1267  H    0.85807565    C  160  0.86673489
  1268  H    0.85706034    C  160  0.88130794
  1269  H    0.89762362    N  164  0.86359802
  1270  H    0.86013691    C  165  0.90017625
  1271  H    0.84530046    C  165  0.87560926
  1272  H    0.88514331    N  168  0.87913257
  1273  H    0.84520741    C  169  0.88944464
  1274  H    0.85428946    C  172  0.88729636
  1275  H    0.78928762    O  173  0.72337755
  1276  H    0.87592490    C  174  0.90485125
  1277  H    0.85368623    C  174  0.89975461
  1278  H    0.86531331    C  174  0.92005191
  1279  H    0.83184972    N  175  0.83769726
  1280  H    0.86823107    C  176  0.92169897
  1281  H    0.85435315    C  179  0.90037959
  1282  H    0.86241786    C  180  0.90625905
  1283  H    0.86663230    C  180  0.90352280
  1284  H    0.85018420    C  181  0.90451913
  1285  H    0.85232153    C  181  0.90852133
  1286  H    0.86058930    C  181  0.90788516
  1287  H    0.86023743    C  182  0.90903490
  1288  H    0.86573505    C  182  0.91105119
  1289  H    0.84340251    C  182  0.92959437
  1290  H    0.82998505    N  183  0.85512024
  1291  H    0.85937214    C  184  0.89101754
  1292  H    0.86539167    C  187  0.88860209
  1293  H    0.69476092    O  188  0.75436139
  1294  H    0.87707696    C  189  0.90583549
  1295  H    0.83569359    C  189  0.90706512
  1296  H    0.86661992    C  189  0.91346674
  1297  H    0.82260293    N  190  0.85023685
  1298  H    0.84871713    C  191  0.87348550
  1299  H    0.86086738    C  194  0.89277436
  1300  H    0.71977505    O  195  0.71411232
  1301  H    0.86105129    C  196  0.91533035
  1302  H    0.83823246    C  196  0.91234732
  1303  H    0.85858052    C  196  0.92279568
  1304  H    0.82604676    N  197  0.85574506
  1305  H    0.83750780    C  198  0.89766288
  1306  H    0.85072969    C  201  0.89028905
  1307  H    0.85121350    C  201  0.89226773
  1308  H    0.86971179    C  202  0.88913918
  1309  H    0.84853244    C  202  0.88361158
  1310  H    0.86795554    C  203  0.88939945
  1311  H    0.84681777    C  203  0.89084972
  1312  H    0.82591442    C  204  0.91444528
  1313  H    0.87106552    C  204  0.90689045
  1314  H    0.75216609    N  205  0.80379813
  1315  H    0.76648074    N  205  0.82283897
  1316  H    0.77189748    N  205  0.82030705
  1317  H    0.82050036    N  206  0.85109184
  1318  H    0.85341628    C  207  0.88182159
  1319  H    0.83647153    C  210  0.89044330
  1320  H    0.84926112    C  210  0.89631060
  1321  H    0.82269359    C  211  0.88964873
  1322  H    0.84869237    C  211  0.89609352
  1323  H    0.83478398    N  215  0.84723552
  1324  H    0.83568364    C  216  0.87562474
  1325  H    0.85006775    C  219  0.90200495
  1326  H    0.85163334    C  219  0.88831610
  1327  H    0.86477506    C  220  0.89789507
  1328  H    0.84666339    C  221  0.92229390
  1329  H    0.84533057    C  221  0.90934014
  1330  H    0.86475505    C  221  0.91080280
  1331  H    0.85565178    C  222  0.91500645
  1332  H    0.86080266    C  222  0.90913372
  1333  H    0.85507512    C  222  0.90155418
  1334  H    0.84479908    N  223  0.84914148
  1335  H    0.84923917    C  224  0.89068880
  1336  H    0.83564959    C  224  0.89717166
  1337  H    0.83604376    N  227  0.85058307
  1338  H    0.86038568    C  228  0.89066715
  1339  H    0.85399438    C  231  0.89650647
  1340  H    0.71295672    O  232  0.71199299
  1341  H    0.86597997    C  233  0.89917482
  1342  H    0.85632467    C  233  0.89497700
  1343  H    0.87414071    C  233  0.91188013
  1344  H    0.83414182    N  234  0.85004993
  1345  H    0.85726364    C  235  0.89328031
  1346  H    0.86061664    C  238  0.89063762
  1347  H    0.84042933    C  239  0.90485839
  1348  H    0.83630708    C  239  0.91126842
  1349  H    0.86836957    C  239  0.90980344
  1350  H    0.83065938    C  240  0.91391546
  1351  H    0.86070045    C  240  0.91991478
  1352  H    0.83945904    C  240  0.91568891
  1353  H    0.84656541    N  241  0.84818829
  1354  H    0.87596425    C  242  0.89663305
  1355  H    0.84935327    C  245  0.90023994
  1356  H    0.85620507    C  245  0.89217279
  1357  H    0.85044788    C  246  0.88109888
  1358  H    0.84781502    C  246  0.88069563
  1359  H    0.86089423    C  248  0.88367494
  1360  H    0.83523723    C  248  0.89212740
  1361  H    0.81962223    C  248  0.89877917
  1362  H    0.84521767    N  249  0.85184779
  1363  H    0.85146095    C  250  0.89662746
  1364  H    0.86308047    C  253  0.89277819
  1365  H    0.85647813    C  253  0.89529830
  1366  H    0.85085401    C  254  0.89352220
  1367  H    0.85381716    C  254  0.88787534
  1368  H    0.84321243    C  255  0.90942818
  1369  H    0.85944715    C  255  0.90104229
  1370  H    0.82862524    N  256  0.84251609
  1371  H    0.82220425    N  258  0.82889732
  1372  H    0.81969134    N  258  0.83962469
  1373  H    0.83114273    N  259  0.82757060
  1374  H    0.83650870    N  259  0.83805427
  1375  H    0.82545073    N  260  0.84533590
  1376  H    0.86260273    C  261  0.87447343
  1377  H    0.85823882    C  264  0.88544896
  1378  H    0.86515761    C  264  0.89000565
  1379  H    0.75994792    O  265  0.71549098
  1380  H    0.83380844    N  266  0.85156938
  1381  H    0.85091223    C  267  0.87604135
  1382  H    0.83917993    C  270  0.88574032
  1383  H    0.83302724    C  270  0.89363426
  1384  H    0.87357826    C  271  0.88350074
  1385  H    0.86439266    C  272  0.89964652
  1386  H    0.85214903    C  272  0.90659617
  1387  H    0.83825649    C  272  0.90325107
  1388  H    0.86487784    C  273  0.89661109
  1389  H    0.84403912    C  273  0.89672992
  1390  H    0.86662514    C  273  0.89962088
  1391  H    0.83796216    N  274  0.85209933
  1392  H    0.85646561    C  275  0.88485934
  1393  H    0.85567730    C  275  0.87700012
  1394  H    0.82919004    N  278  0.85204046
  1395  H    0.85441037    C  279  0.90381556
  1396  H    0.84823228    C  282  0.88836485
  1397  H    0.83955695    C  282  0.88534673
  1398  H    0.86218551    C  283  0.86600527
  1399  H    0.83986307    C  283  0.89016761
  1400  H    0.84206599    N  286  0.83196417
  1401  H    0.82353094    N  286  0.83494944
  1402  H    0.81620862    N  287  0.82845857
  1403  H    0.81465928    C  288  0.92327172
  1404  H    0.86201452    C  291  0.88150019
  1405  H    0.86110930    C  291  0.87296157
  1406  H    0.83228928    N  294  0.83263847
  1407  H    0.80158049    N  294  0.84444409
  1408  H    0.84922622    C  296  0.89223839
  1409  H    0.86809415    C  299  0.88043706
  1410  H    0.84687643    C  299  0.87537167
  1411  H    0.83551874    C  300  0.88187079
  1412  H    0.85527936    C  300  0.89239009
  1413  H    0.83988395    C  301  0.88263019
  1414  H    0.85361739    C  301  0.88998245
  1415  H    0.83328439    N  302  0.85760027
  1416  H    0.86339243    C  303  0.87525320
  1417  H    0.85794704    C  306  0.88454367
  1418  H    0.68564730    O  307  0.72677231
  1419  H    0.87427650    C  308  0.89950005
  1420  H    0.86897858    C  308  0.89700290
  1421  H    0.85489714    C  308  0.90804040
  1422  H    0.81439827    N  309  0.84357386
  1423  H    0.84267626    C  310  0.88352131
  1424  H    0.85665074    C  313  0.88355681
  1425  H    0.86830659    C  313  0.89495698
  1426  H    0.87368534    C  314  0.87497935
  1427  H    0.86451817    C  314  0.90217092
  1428  H    0.82775541    N  318  0.84831426
  1429  H    0.86292432    C  319  0.88412260
  1430  H    0.86828570    C  322  0.89525183
  1431  H    0.87428895    C  322  0.90173693
  1432  H    0.86174514    C  322  0.90804549
  1433  H    0.83189351    N  323  0.85447807
  1434  H    0.85361600    C  324  0.88856256
  1435  H    0.85544695    C  327  0.88286093
  1436  H    0.84764461    C  327  0.90467113
  1437  H    0.86193765    C  328  0.88663766
  1438  H    0.86592060    C  328  0.88798635
  1439  H    0.84083932    N  332  0.85620384
  1440  H    0.84553096    C  333  0.89709087
  1441  H    0.83900256    C  336  0.89246169
  1442  H    0.85212493    C  336  0.89996182
  1443  H    0.86775402    C  337  0.89406472
  1444  H    0.85373860    C  338  0.90540788
  1445  H    0.85883411    C  338  0.90647775
  1446  H    0.86185840    C  338  0.91590200
  1447  H    0.83841470    C  339  0.91350041
  1448  H    0.84480804    C  339  0.91629737
  1449  H    0.84778181    C  339  0.91479473
  1450  H    0.84147072    N  340  0.85848809
  1451  H    0.84503953    C  341  0.89514162
  1452  H    0.86456798    C  344  0.89266045
  1453  H    0.86293407    C  344  0.88954950
  1454  H    0.85305567    C  345  0.91435966
  1455  H    0.87281350    C  345  0.87789252
  1456  H    0.83691346    N  348  0.83002487
  1457  H    0.84419398    N  348  0.84531942
  1458  H    0.83999696    N  349  0.86038224
  1459  H    0.86120944    C  350  0.89725788
  1460  H    0.86796339    C  353  0.87479114
  1461  H    0.85702685    C  353  0.90053579
  1462  H    0.83687992    N  357  0.85918785
  1463  H    0.85647467    C  358  0.89217959
  1464  H    0.85571420    C  361  0.89383431
  1465  H    0.85531684    C  361  0.91154978
  1466  H    0.85608529    C  362  0.89077052
  1467  H    0.86290299    C  362  0.87997072
  1468  H    0.86789445    C  364  0.89070780
  1469  H    0.85668429    C  364  0.88169941
  1470  H    0.86503678    C  364  0.89307675
  1471  H    0.83947978    N  365  0.85511163
  1472  H    0.83328222    C  366  0.89973986
  1473  H    0.87107497    C  369  0.89485645
  1474  H    0.84032666    C  370  0.91236639
  1475  H    0.85210992    C  370  0.90187254
  1476  H    0.85416715    C  371  0.90475199
  1477  H    0.85575544    C  371  0.90859454
  1478  H    0.84323851    C  371  0.91524962
  1479  H    0.85709242    C  372  0.90327072
  1480  H    0.85424209    C  372  0.91424272
  1481  H    0.83788008    C  372  0.92303190
  1482  H    0.85171769    N  373  0.85744922
  1483  H    0.84870029    C  374  0.89022818
  1484  H    0.87036025    C  377  0.88174603
  1485  H    0.86030814    C  377  0.89827087
  1486  H    0.84419750    N  380  0.84068328
  1487  H    0.83880084    N  380  0.83956933
  1488  H    0.83245520    N  381  0.85257015
  1489  H    0.86230035    C  382  0.88074552
  1490  H    0.85930774    C  385  0.90003634
  1491  H    0.86551000    C  385  0.89053149
  1492  H    0.86901155    C  386  0.88220301
  1493  H    0.83633931    C  386  0.92775572
  1494  H    0.84355951    N  390  0.86267179
  1495  H    0.86457871    C  391  0.89787502
  1496  H    0.84507183    C  394  0.90732902
  1497  H    0.84650877    C  395  0.89790524
  1498  H    0.84951258    C  395  0.90860455
  1499  H    0.84851989    C  395  0.91711692
  1500  H    0.85582441    C  396  0.90074708
  1501  H    0.84575013    C  396  0.92224655
  1502  H    0.82865002    C  396  0.92296696
  1503  H    0.85980240    N  397  0.86572012
  1504  H    0.86896020    C  398  0.91202927
  1505  H    0.85045744    C  401  0.89708612
  1506  H    0.84870058    C  401  0.86544312
  1507  H    0.81779728    N  405  0.84969960
  1508  H    0.86019648    C  406  0.89220721
  1509  H    0.87528318    C  409  0.90589243
  1510  H    0.86628641    C  409  0.89570051
  1511  H    0.85836035    C  409  0.91131002
  1512  H    0.82353197    N  410  0.84153075
  1513  H    0.85518901    C  411  0.86994507
  1514  H    0.85863089    C  414  0.88247178
  1515  H    0.85814653    C  414  0.86365769
  1516  H    0.82574657    N  418  0.84815468
  1517  H    0.85947172    C  419  0.89529171
  1518  H    0.83834470    C  419  0.87025592
  1519  H    0.85581930    N  422  0.85513601
  1520  H    0.85700142    C  423  0.87155567
  1521  H    0.85542084    C  426  0.87353284
  1522  H    0.85229524    C  426  0.85748744
  1523  H    0.87256261    N  429  0.87087180
  1524  H    0.79439337    N  429  0.80532090
  1525  H    0.85238845    N  430  0.86036403
  1526  H    0.85711244    C  431  0.89007577
  1527  H    0.85040726    C  431  0.88128707
  1528  H    0.85767193    N  434  0.87176373
  1529  H    0.84796015    C  435  0.87561973
  1530  H    0.84864612    C  438  0.89256247
  1531  H    0.71823439    O  439  0.73598456
  1532  H    0.87034003    C  440  0.90911593
  1533  H    0.84360818    C  440  0.90371719
  1534  H    0.87283596    C  440  0.91974404
  1535  H    0.82363079    N  441  0.84022881
  1536  H    0.87361579    C  442  0.92456333
  1537  H    0.85216833    C  445  0.90273393
  1538  H    0.85534723    C  446  0.90441469
  1539  H    0.86344514    C  446  0.90236260
  1540  H    0.84289779    C  447  0.90637068
  1541  H    0.84694992    C  447  0.91212341
  1542  H    0.85281159    C  447  0.91623576
  1543  H    0.84615030    C  448  0.91823260
  1544  H    0.85811155    C  448  0.91718014
  1545  H    0.84719043    C  448  0.92616193
  1546  H    0.86377121    N  449  0.85975347
  1547  H    0.85691110    C  450  0.89052833
  1548  H    0.85455725    C  453  0.89802997
  1549  H    0.85930904    C  453  0.87434711
  1550  H    0.82494839    N  457  0.84239132
  1551  H    0.84203149    C  458  0.89269336
  1552  H    0.84473167    C  461  0.91733111
  1553  H    0.86131082    C  461  0.87546654
  1554  H    0.89729311    C  463  0.90587061
  1555  H    0.91296159    C  464  0.90299848
  1556  H    0.89732667    C  465  0.90417601
  1557  H    0.90655797    C  466  0.90599239
  1558  H    0.89778028    C  467  0.90495429
  1559  H    0.85467618    C  469  0.87569607
  1560  H    0.86852508    C  472  0.87635640
  1561  H    0.86770164    C  472  0.89014430
  1562  H    0.87265545    C  473  0.89200830
  1563  H    0.87438941    C  473  0.87637560
  1564  H    0.85453849    C  474  0.89906993
  1565  H    0.83974860    C  474  0.89711733
  1566  H    0.84278258    N  475  0.85154972
  1567  H    0.86026127    C  476  0.88065749
  1568  H    0.84739375    C  479  0.88808660
  1569  H    0.84624001    C  479  0.90195809
  1570  H    0.88722763    C  480  0.87867706
  1571  H    0.85972867    C  480  0.89199971
  1572  H    0.83420048    N  484  0.84479941
  1573  H    0.85431610    C  485  0.87118995
  1574  H    0.85143135    C  488  0.91164638
  1575  H    0.84641629    C  488  0.88698625
  1576  H    0.90632323    C  490  0.90143831
  1577  H    0.90051101    C  491  0.90983751
  1578  H    0.91452329    C  492  0.90292613
  1579  H    0.90318994    C  493  0.91224663
  1580  H    0.91042742    C  494  0.90800633
  1581  H    0.88099333    N  495  0.85314272
  1582  H    0.84603595    C  496  0.87601497
  1583  H    0.84806048    C  499  0.90273831
  1584  H    0.85340328    C  499  0.89033676
  1585  H    0.87262578    C  500  0.88665155
  1586  H    0.85274823    C  501  0.91088971
  1587  H    0.83730794    C  501  0.90765349
  1588  H    0.84962190    C  501  0.90510883
  1589  H    0.86957770    C  502  0.90173560
  1590  H    0.85158977    C  502  0.90489249
  1591  H    0.86708533    C  502  0.90223811
  1592  H    0.83286525    N  503  0.85007028
  1593  H    0.86400164    C  504  0.87525210
  1594  H    0.86224487    C  507  0.89603640
  1595  H    0.72303676    O  508  0.71891526
  1596  H    0.87427104    C  509  0.90103111
  1597  H    0.84096233    C  509  0.89945892
  1598  H    0.87555573    C  509  0.90763590
  1599  H    0.83539120    N  510  0.85045387
  1600  H    0.85734008    C  511  0.89199151
  1601  H    0.85998558    C  514  0.91261170
  1602  H    0.85396458    C  514  0.89498737
  1603  H    0.83536267    C  515  0.88698519
  1604  H    0.87044139    C  515  0.88058815
  1605  H    0.87100008    C  517  0.89756800
  1606  H    0.85773051    C  517  0.89617163
  1607  H    0.85203350    C  517  0.88883880
  1608  H    0.85847410    N  518  0.85492095
  1609  H    0.88544512    C  519  0.89897258
  1610  H    0.86118027    C  522  0.89984728
  1611  H    0.86433414    C  522  0.89610536
  1612  H    0.85808521    C  523  0.87647866
  1613  H    0.87151675    C  523  0.88552151
  1614  H    0.86458015    C  525  0.88835967
  1615  H    0.85244919    C  525  0.88613627
  1616  H    0.85154266    C  525  0.88891433
  1617  H    0.84996567    N  526  0.85918940
  1618  H    0.85975643    C  527  0.88529396
  1619  H    0.87078239    C  530  0.90231598
  1620  H    0.86367270    C  530  0.89527285
  1621  H    0.85830119    C  530  0.91217330
  1622  H    0.82061167    N  531  0.84200604
  1623  H    0.85659227    C  532  0.88362218
  1624  H    0.83099072    C  535  0.91283847
  1625  H    0.85981093    C  535  0.90504166
  1626  H    0.87128548    C  536  0.89420241
  1627  H    0.85733062    C  536  0.88318570
  1628  H    0.85993935    C  537  0.88973258
  1629  H    0.85478690    C  537  0.90751373
  1630  H    0.83114008    N  538  0.84287226
  1631  H    0.81091111    N  540  0.83603215
  1632  H    0.78925078    N  540  0.84776629
  1633  H    0.83290175    N  541  0.83019043
  1634  H    0.84318412    N  541  0.84136564
  1635  H    0.83990475    N  542  0.85501862
  1636  H    0.85831873    C  543  0.88301069
  1637  H    0.84388108    C  546  0.90331583
  1638  H    0.86142534    C  546  0.88771125
  1639  H    0.86749565    C  547  0.89064580
  1640  H    0.84310526    C  547  0.90994678
  1641  H    0.86313930    C  548  0.89969126
  1642  H    0.86588418    C  548  0.88450756
  1643  H    0.87183567    C  549  0.89542113
  1644  H    0.87432189    C  549  0.90368417
  1645  H    0.76012904    N  550  0.81154343
  1646  H    0.75107471    N  550  0.82365380
  1647  H    0.77104552    N  550  0.81762972
  1648  H    0.83402432    N  551  0.84994058
  1649  H    0.84806860    C  552  0.89067929
  1650  H    0.86096220    C  555  0.90076770
  1651  H    0.84440490    C  555  0.89938555
  1652  H    0.85917361    C  556  0.87701279
  1653  H    0.85602120    C  556  0.87541253
  1654  H    0.86044548    C  558  0.88663677
  1655  H    0.86675585    C  558  0.89666125
  1656  H    0.83759597    C  558  0.89767769
  1657  H    0.82387868    N  559  0.84933570
  1658  H    0.85567529    C  560  0.88554469
  1659  H    0.85725847    C  563  0.88725883
  1660  H    0.84857794    C  563  0.89392469
  1661  H    0.84878645    C  564  0.89002711
  1662  H    0.86252716    C  564  0.89423135
  1663  H    0.86858866    C  565  0.89576601
  1664  H    0.85624226    C  565  0.88870126
  1665  H    0.86052831    C  566  0.89671777
  1666  H    0.86681272    C  566  0.90335698
  1667  H    0.76868324    N  567  0.81447459
  1668  H    0.77313056    N  567  0.81760344
  1669  H    0.76907771    N  567  0.81060791
  1670  H    0.82521257    N  568  0.84721042
  1671  H    0.85719336    C  569  0.88832742
  1672  H    0.86593243    C  572  0.89226206
  1673  H    0.86542260    C  572  0.88932133
  1674  H    0.83795413    N  576  0.85525415
  1675  H    0.86608971    C  577  0.88542130
  1676  H    0.85791116    C  580  0.90473630
  1677  H    0.71952111    O  581  0.70975134
  1678  H    0.87349820    C  582  0.89949902
  1679  H    0.85509658    C  582  0.89326750
  1680  H    0.87585290    C  582  0.90758107
  1681  H    0.85189787    N  583  0.85859847
  1682  H    0.86035435    C  584  0.89097136
  1683  H    0.86929742    C  587  0.87285136
  1684  H    0.86308593    C  587  0.90169010
  1685  H    0.84884039    N  591  0.86005854
  1686  H    0.86678944    C  592  0.88603641
  1687  H    0.86394584    C  595  0.88936490
  1688  H    0.85072576    C  595  0.90525527
  1689  H    0.72341870    O  596  0.73325131
  1690  H    0.84986665    N  597  0.85842898
  1691  H    0.85532094    C  598  0.88837635
  1692  H    0.85685458    C  601  0.89891727
  1693  H    0.85599991    C  601  0.89927770
  1694  H    0.86067508    C  602  0.90814389
  1695  H    0.87250950    C  602  0.87672980
  1696  H    0.83154255    N  606  0.85209465
  1697  H    0.85202039    C  607  0.89276340
  1698  H    0.86346277    C  610  0.89496100
  1699  H    0.86511471    C  610  0.88942684
  1700  H    0.86097431    C  611  0.89526736
  1701  H    0.87713288    C  611  0.87857591
  1702  H    0.83495263    N  615  0.85506461
  1703  H    0.85032034    C  616  0.89326263
  1704  H    0.86539181    C  619  0.89153260
  1705  H    0.85872414    C  619  0.89516381
  1706  H    0.85586965    C  620  0.88609586
  1707  H    0.86347920    C  620  0.90502360
  1708  H    0.82545662    N  624  0.85475325
  1709  H    0.85681986    C  625  0.88149989
  1710  H    0.86425107    C  628  0.88842519
  1711  H    0.85047172    C  629  0.90416392
  1712  H    0.87056296    C  629  0.90002461
  1713  H    0.83509422    C  630  0.90987792
  1714  H    0.83514551    C  630  0.90624161
  1715  H    0.85941334    C  630  0.90943598
  1716  H    0.87670528    C  631  0.90495994
  1717  H    0.86049142    C  631  0.90367314
  1718  H    0.85532497    C  631  0.91187900
  1719  H    0.82979411    N  632  0.85328702
  1720  H    0.84353175    C  633  0.88257454
  1721  H    0.86079459    C  636  0.88930064
  1722  H    0.85844691    C  636  0.89839345
  1723  H    0.84915838    C  637  0.90681657
  1724  H    0.85576520    C  637  0.90472097
  1725  H    0.86712635    C  638  0.90593907
  1726  H    0.85895674    C  638  0.90386857
  1727  H    0.82765895    N  639  0.85626218
  1728  H    0.84354248    N  641  0.84182531
  1729  H    0.83014436    N  641  0.83944081
  1730  H    0.84704076    N  642  0.84300354
  1731  H    0.82981830    N  642  0.83236673
  1732  H    0.83719778    N  643  0.85644975
  1733  H    0.85611039    C  644  0.88739684
  1734  H    0.86731397    C  647  0.88894613
  1735  H    0.85823761    C  647  0.89945256
  1736  H    0.87893587    C  648  0.89031158
  1737  H    0.84303495    C  648  0.91615073
  1738  H    0.82873146    N  652  0.85008304
  1739  H    0.86911668    C  653  0.88073982
  1740  H    0.86182153    C  656  0.89881113
  1741  H    0.87461708    C  656  0.90626177
  1742  H    0.85405967    C  656  0.91034288
  1743  H    0.83525287    N  657  0.84429325
  1744  H    0.86260498    C  658  0.87052180
  1745  H    0.85697323    C  661  0.90584270
  1746  H    0.85409065    C  661  0.88826758
  1747  H    0.90157589    C  663  0.91624439
  1748  H    0.91331304    C  664  0.90708484
  1749  H    0.90492729    C  665  0.90870038
  1750  H    0.91145204    C  666  0.91058147
  1751  H    0.91179237    C  667  0.91290631
  1752  H    0.83825901    N  668  0.84828174
  1753  H    0.84417983    C  669  0.87929257
  1754  H    0.86175407    C  672  0.89517678
  1755  H    0.85212916    C  672  0.90145791
  1756  H    0.85732946    C  673  0.89227146
  1757  H    0.86270395    C  673  0.88574791
  1758  H    0.84792839    C  674  0.91573646
  1759  H    0.85996586    C  674  0.90027954
  1760  H    0.82586860    N  675  0.84124042
  1761  H    0.82923503    N  677  0.83031284
  1762  H    0.81873087    N  677  0.84634353
  1763  H    0.83742551    N  678  0.84284210
  1764  H    0.82468326    N  678  0.85123987
  1765  H    0.83070917    N  679  0.85089354
  1766  H    0.86376493    C  680  0.88531058
  1767  H    0.86787133    C  683  0.89001384
  1768  H    0.86625186    C  684  0.89969333
  1769  H    0.84076635    C  684  0.90281715
  1770  H    0.87265178    C  684  0.91017601
  1771  H    0.87114204    C  685  0.90157619
  1772  H    0.87473515    C  685  0.91378831
  1773  H    0.84927137    C  685  0.90832020
  1774  H    0.83148676    N  686  0.84675005
  1775  H    0.84349142    C  687  0.89795909
  1776  H    0.84845046    C  690  0.88505224
  1777  H    0.85092638    C  690  0.90444690
  1778  H    0.89347655    C  692  0.90337909
  1779  H    0.89666420    C  693  0.90595325
  1780  H    0.91533345    C  694  0.91088986
  1781  H    0.91099329    C  695  0.90057675
  1782  H    0.92242184    C  696  0.90444334
  1783  H    0.85363881    N  697  0.85816838
  1784  H    0.87094515    C  698  0.89010702
  1785  H    0.86013635    C  701  0.89184859
  1786  H    0.85675031    C  701  0.87074315
  1787  H    0.84939935    N  705  0.84347091
  1788  H    0.85069542    C  706  0.88671912
  1789  H    0.81525268    C  709  0.91435160
  1790  H    0.84860273    C  709  0.88582670
  1791  H    0.85389033    C  710  0.89964180
  1792  H    0.86007651    C  710  0.88354918
  1793  H    0.85298212    C  711  0.88792364
  1794  H    0.85343750    C  711  0.89970867
  1795  H    0.86804937    C  712  0.90634416
  1796  H    0.86568238    C  712  0.90132307
  1797  H    0.76776440    N  713  0.81318194
  1798  H    0.77541748    N  713  0.81830651
  1799  H    0.76907258    N  713  0.81925890
  1800  H    0.88117060    N  714  0.84823981
  1801  H    0.85392836    C  715  0.86787034
  1802  H    0.83354898    C  718  0.89559057
  1803  H    0.85703658    C  718  0.86120701
  1804  H    0.89164049    N  722  0.85498146
  1805  H    0.85929769    C  723  0.89270578
  1806  H    0.83473351    C  723  0.87062491
  1807  H    0.87725046    N  726  0.86807548
  1808  H    0.85302179    C  727  0.87590301
  1809  H    0.85410417    C  730  0.86487645
  1810  H    0.85501452    C  730  0.87027829
  1811  H    0.82269486    N  733  0.83343188
  1812  H    0.81254686    N  733  0.81562414
  1813  H    0.90769558    N  734  0.85564844
  1814  H    0.86113776    C  735  0.89568080
  1815  H    0.84713595    C  735  0.88066022
  1816  H    0.88209184    N  738  0.87830336
  1817  H    0.85184942    C  739  0.90253698
  1818  H    0.82488315    C  742  0.89433651
  1819  H    0.85757033    C  742  0.91407659
  1820  H    0.90134113    C  744  0.89951914
  1821  H    0.90738762    C  745  0.90436789
  1822  H    0.88165858    C  746  0.91424287
  1823  H    0.92257628    C  747  0.90423770
  1824  H    0.92271676    C  748  0.90470116
  1825  H    0.88720491    N  749  0.83098817
  1826  H    0.87002634    C  750  0.91543993
  1827  H    0.85486684    C  753  0.90154297
  1828  H    0.85550201    C  754  0.90721061
  1829  H    0.86517864    C  754  0.90208197
  1830  H    0.84759584    C  755  0.90580370
  1831  H    0.85549326    C  755  0.90927813
  1832  H    0.86160312    C  755  0.90658602
  1833  H    0.85617546    C  756  0.90690768
  1834  H    0.85951107    C  756  0.91433504
  1835  H    0.84601770    C  756  0.92488057
  1836  H    0.83155232    N  757  0.85353107
  1837  H    0.86606464    C  758  0.89150501
  1838  H    0.85723166    C  761  0.90378163
  1839  H    0.86504413    C  761  0.89304952
  1840  H    0.72009202    O  762  0.74298098
  1841  H    0.82589492    N  763  0.84262146
  1842  H    0.85675828    C  764  0.89213138
  1843  H    0.83750784    C  767  0.91005497
  1844  H    0.85620607    C  767  0.90329074
  1845  H    0.87901214    C  767  0.92362197
  1846  H    0.83414010    N  768  0.84839280
  1847  H    0.86443038    C  769  0.88579296
  1848  H    0.87362371    C  772  0.90098026
  1849  H    0.87600701    C  772  0.90392252
  1850  H    0.86879379    C  772  0.91002622
  1851  H    0.82723487    N  773  0.84549167
  1852  H    0.85477193    C  774  0.88532479
  1853  H    0.83956831    C  777  0.88346083
  1854  H    0.84391217    C  777  0.89817987
  1855  H    0.84940759    C  778  0.87239235
  1856  H    0.81511704    C  778  0.90070533
  1857  H    0.84437100    N  782  0.85336419
  1858  H    0.84175808    C  783  0.87674109
  1859  H    0.85343044    C  786  0.89979674
  1860  H    0.84572441    C  786  0.89195933
  1861  H    0.87182062    C  787  0.88907036
  1862  H    0.86939018    C  788  0.90590468
  1863  H    0.83857312    C  788  0.91270864
  1864  H    0.86445109    C  788  0.90803500
  1865  H    0.82554000    C  789  0.92611677
  1866  H    0.85791175    C  789  0.91052126
  1867  H    0.84644617    C  789  0.90459199
  1868  H    0.84962961    N  790  0.85510484
  1869  H    0.84894429    C  791  0.88479182
  1870  H    0.84224003    C  794  0.92034993
  1871  H    0.84082253    C  794  0.89507993
  1872  H    0.86450767    C  795  0.89056303
  1873  H    0.84746589    C  795  0.88549890
  1874  H    0.86379332    C  796  0.90239789
  1875  H    0.85385032    C  796  0.90633034
  1876  H    0.82946937    N  797  0.85793239
  1877  H    0.83369755    N  799  0.84106927
  1878  H    0.81744154    N  799  0.83368513
  1879  H    0.84142596    N  800  0.83758474
  1880  H    0.83230620    N  800  0.83179008
  1881  H    0.84241475    N  801  0.85863765
  1882  H    0.85817584    C  802  0.89196367
  1883  H    0.83839086    C  805  0.88604247
  1884  H    0.85708907    C  805  0.87979825
  1885  H    0.81160468    N  807  0.81363988
  1886  H    0.90957528    C  808  0.89624808
  1887  H    0.92182529    C  809  0.90392864
  1888  H    0.85726346    N  811  0.85756361
  1889  H    0.86198785    C  812  0.89170889
  1890  H    0.86293440    C  815  0.88972078
  1891  H    0.84377149    C  816  0.90450056
  1892  H    0.83593256    C  816  0.91675585
  1893  H    0.86981558    C  816  0.91146745
  1894  H    0.84311456    C  817  0.90368343
  1895  H    0.86810727    C  817  0.91220285
  1896  H    0.84709243    C  817  0.91173995
  1897  H    0.84067718    N  818  0.84739844
  1898  H    0.87390788    C  819  0.90552467
  1899  H    0.85329333    C  822  0.90455478
  1900  H    0.85311925    C  822  0.89830578
  1901  H    0.84383162    C  823  0.87521055
  1902  H    0.84376497    C  823  0.88765783
  1903  H    0.86331731    C  825  0.88626632
  1904  H    0.85569339    C  825  0.88357312
  1905  H    0.81440425    C  825  0.91096407
  1906  H    0.83525425    N  826  0.85012763
  1907  H    0.85561874    C  827  0.88495491
  1908  H    0.85600614    C  830  0.88250350
  1909  H    0.71878484    O  831  0.72458242
  1910  H    0.86239703    C  832  0.90681253
  1911  H    0.86403500    C  832  0.90640892
  1912  H    0.86044245    C  832  0.92199126
  1913  H    0.81797740    N  833  0.84739539
  1914  H    0.86095277    C  834  0.87758299
  1915  H    0.85666621    C  837  0.89251011
  1916  H    0.84564262    C  837  0.88595960
  1917  H    0.84841934    N  840  0.83550006
  1918  H    0.83595658    N  840  0.83741699
  1919  H    0.85130223    N  841  0.86590331
  1920  H    0.85108327    C  842  0.88495294
  1921  H    0.85638330    C  845  0.88846443
  1922  H    0.84467505    C  845  0.88726947
  1923  H    0.86887754    C  846  0.89586707
  1924  H    0.84277170    C  847  0.90182709
  1925  H    0.84804010    C  847  0.89765043
  1926  H    0.86910285    C  847  0.91245358
  1927  H    0.86472480    C  848  0.89775488
  1928  H    0.87286925    C  848  0.90892521
  1929  H    0.85156486    C  848  0.90830106
  1930  H    0.86108275    N  849  0.86009411
  1931  H    0.85556678    C  850  0.88858174
  1932  H    0.85617444    C  850  0.87655396
  1933  H    0.86981779    N  853  0.85297470
  1934  H    0.85520317    C  854  0.91599924
  1935  H    0.85819147    C  857  0.89365602
  1936  H    0.86618967    C  857  0.89023418
  1937  H    0.84535786    C  858  0.90511499
  1938  H    0.82581695    C  858  0.89441804
  1939  H    0.81753540    N  862  0.84017164
  1940  H    0.83834231    C  863  0.90687679
  1941  H    0.85949989    C  866  0.88447456
  1942  H    0.85302605    C  866  0.90116818
  1943  H    0.84791551    C  867  0.88883405
  1944  H    0.84216516    C  867  0.88117285
  1945  H    0.86303414    C  868  0.88351282
  1946  H    0.86372769    C  868  0.88945545
  1947  H    0.85414106    C  869  0.90046395
  1948  H    0.85788819    C  869  0.89594059
  1949  H    0.76597051    N  870  0.81389922
  1950  H    0.76652236    N  870  0.80844463
  1951  H    0.76958005    N  870  0.81436764
  1952  H    0.80834235    N  871  0.83449109
  1953  H    0.85731026    C  872  0.90041717
  1954  H    0.84007737    C  875  0.88795588
  1955  H    0.84085146    C  875  0.89689601
  1956  H    0.85937105    C  876  0.89796885
  1957  H    0.84011458    C  877  0.91032197
  1958  H    0.84206890    C  877  0.90184756
  1959  H    0.82356409    C  877  0.92615299
  1960  H    0.86864986    C  878  0.90425614
  1961  H    0.86293840    C  878  0.90859026
  1962  H    0.86571297    C  878  0.90151874
  1963  H    0.83914786    N  879  0.85108096
  1964  H    0.85871193    C  880  0.88114575
  1965  H    0.85973960    C  883  0.88687382
  1966  H    0.68256329    O  884  0.74621694
  1967  H    0.87686156    C  885  0.90177387
  1968  H    0.87068418    C  885  0.89881648
  1969  H    0.86129857    C  885  0.90851540
  1970  H    0.81975969    N  886  0.84405029
  1971  H    0.84827686    C  887  0.88903669
  1972  H    0.86244033    C  890  0.86593890
  1973  H    0.87052355    C  890  0.90483726
  1974  H    0.82981634    N  894  0.85022776
  1975  H    0.85623052    C  895  0.88747419
  1976  H    0.85876530    C  898  0.89500818
  1977  H    0.86361745    C  898  0.89581970
  1978  H    0.85457680    C  899  0.89577254
  1979  H    0.87274424    C  899  0.87368417
  1980  H    0.82763414    N  903  0.85527324
  1981  H    0.85821730    C  904  0.88907230
  1982  H    0.85701109    C  907  0.88365451
  1983  H    0.84907740    C  907  0.90106344
  1984  H    0.84040407    C  908  0.90141501
  1985  H    0.86935143    C  908  0.90219623
  1986  H    0.82913349    N  912  0.85629199
  1987  H    0.82702316    C  913  0.90043776
  1988  H    0.85543273    C  916  0.87809981
  1989  H    0.83770199    C  917  0.91001328
  1990  H    0.83395056    C  917  0.90926384
  1991  H    0.84558427    C  917  0.92100502
  1992  H    0.85635357    C  918  0.90499946
  1993  H    0.84745087    C  918  0.92847521
  1994  H    0.84078158    C  918  0.92303374
  1995  H    0.84610275    N  919  0.86207643
  1996  H    0.86077949    C  920  0.89018169
  1997  H    0.85652178    C  923  0.88635613
  1998  H    0.86019526    C  923  0.90038402
  1999  H    0.83169789    N  927  0.85740369
  2000  H    0.86059790    C  928  0.89171040
  2001  H    0.86873781    C  931  0.88995124
  2002  H    0.85907257    C  931  0.89870831
  2003  H    0.85213911    C  932  0.89535111
  2004  H    0.84864432    C  932  0.91113513
  2005  H    0.83322100    N  936  0.85632573
  2006  H    0.86148775    C  937  0.89181210
  2007  H    0.86622135    C  940  0.88808679
  2008  H    0.84994294    C  940  0.90749710
  2009  H    0.85477632    C  941  0.89586265
  2010  H    0.86432175    C  941  0.87646840
  2011  H    0.83418692    C  943  0.89620812
  2012  H    0.83001688    C  943  0.90505926
  2013  H    0.80417697    C  943  0.91676063
  2014  H    0.84593064    N  944  0.85945149
  2015  H    0.84731406    C  945  0.89960498
  2016  H    0.86883948    C  948  0.89373005
  2017  H    0.84902825    C  949  0.90541602
  2018  H    0.85305578    C  949  0.90527557
  2019  H    0.85810363    C  950  0.90396189
  2020  H    0.85914284    C  950  0.90797754
  2021  H    0.84668388    C  950  0.90963438
  2022  H    0.85489863    C  951  0.90295960
  2023  H    0.85215956    C  951  0.91475448
  2024  H    0.84893543    C  951  0.91813236
  2025  H    0.84838988    N  952  0.85792628
  2026  H    0.84939614    C  953  0.89102582
  2027  H    0.85740697    C  956  0.89409461
  2028  H    0.85097646    C  956  0.89761891
  2029  H    0.85036880    C  957  0.89758886
  2030  H    0.86151561    C  957  0.88426911
  2031  H    0.85531893    C  958  0.90775414
  2032  H    0.85749960    C  958  0.89950793
  2033  H    0.82612676    N  959  0.83931593
  2034  H    0.82695744    N  961  0.83287506
  2035  H    0.81738525    N  961  0.84187820
  2036  H    0.82072540    N  962  0.84196631
  2037  H    0.83717710    N  962  0.84065082
  2038  H    0.82725034    N  963  0.85081122
  2039  H    0.86396591    C  964  0.88231500
  2040  H    0.85077760    C  967  0.89661867
  2041  H    0.86591928    C  967  0.89143933
  2042  H    0.87451835    C  968  0.90235921
  2043  H    0.82847821    C  968  0.90435993
  2044  H    0.83389188    N  972  0.85386297
  2045  H    0.85250873    C  973  0.89778150
  2046  H    0.85817833    C  976  0.89165880
  2047  H    0.83666808    C  976  0.91599365
  2048  H    0.85239170    C  976  0.91453892
  2049  H    0.83966793    N  977  0.86413590
  2050  H    0.87809512    C  978  0.89796710
  2051  H    0.85451857    C  981  0.89138732
  2052  H    0.84539680    C  981  0.86264409
  2053  H    0.82407476    N  985  0.84538232
  2054  H    0.85427984    C  986  0.88403241
  2055  H    0.84648237    C  989  0.88824605
  2056  H    0.83486076    C  990  0.89319390
  2057  H    0.86577254    C  990  0.89635457
  2058  H    0.84831615    C  991  0.90297713
  2059  H    0.85269731    C  991  0.89975519
  2060  H    0.86827671    C  991  0.90436102
  2061  H    0.84872449    C  992  0.89993231
  2062  H    0.85333004    C  992  0.89678556
  2063  H    0.85614572    C  992  0.91891949
  2064  H    0.84752282    N  993  0.84815320
  2065  H    0.84785219    C  994  0.86835953
  2066  H    0.83684822    C  997  0.87603318
  2067  H    0.85511618    C  997  0.86131094
  2068  H    0.85158546    N 1001  0.85294620
  2069  H    0.85750915    C 1002  0.89184880
  2070  H    0.83355796    C 1002  0.87153179
  2071  H    0.90146692    N 1005  0.87693368
  2072  H    0.85309013    C 1006  0.87902076
  2073  H    0.85864067    C 1009  0.86747168
  2074  H    0.85697036    C 1009  0.86921901
  2075  H    0.88180623    N 1013  0.85873493
  2076  H    0.85719557    C 1014  0.89237472
  2077  H    0.85579135    C 1014  0.87816434
  2078  H    0.88369105    N 1017  0.87679120
  2079  H    0.84920782    C 1018  0.88577734
  2080  H    0.83200510    C 1021  0.90977871
  2081  H    0.85828624    C 1021  0.90794363
  2082  H    0.86620633    C 1022  0.89411543
  2083  H    0.86087753    C 1022  0.87513134
  2084  H    0.85609608    N 1025  0.87858568
  2085  H    0.80179250    N 1025  0.84654337
  2086  H    0.85468998    N 1026  0.83780231
  2087  H    0.87221829    C 1027  0.92256591
  2088  H    0.85226061    C 1030  0.90087158
  2089  H    0.85656333    C 1031  0.90214151
  2090  H    0.84933639    C 1031  0.90736172
  2091  H    0.85294814    C 1031  0.91563227
  2092  H    0.86233395    C 1032  0.90328617
  2093  H    0.86078307    C 1032  0.91206014
  2094  H    0.84631509    C 1032  0.91376553
  2095  H    0.85497100    N 1033  0.86164287
  2096  H    0.85219908    C 1034  0.88608915
  2097  H    0.84690970    C 1037  0.89243710
  2098  H    0.85650863    C 1037  0.87398023
  2099  H    0.77944554    N 1040  0.86898025
  2100  H    0.86162691    N 1040  0.87760450
  2101  H    0.82103197    N 1041  0.83992103
  2102  H    0.84949904    C 1042  0.89695249
  2103  H    0.86314871    C 1045  0.90673640
  2104  H    0.86086102    C 1045  0.83857937
  2105  H    0.89205519    C 1047  0.89818609
  2106  H    0.90312760    C 1048  0.90193093
  2107  H    0.88461521    C 1049  0.89881574
  2108  H    0.90201622    C 1050  0.89606200
  2109  H    0.69627662    O 1052  0.68255276
  2110  H    0.88224082    N 1053  0.86103329
  2111  H    0.85707719    C 1054  0.88219714
  2112  H    0.86490854    C 1057  0.88302387
  2113  H    0.85799973    C 1057  0.90164347
  2114  H    0.87117288    C 1058  0.90072297
  2115  H    0.87713051    C 1058  0.87702658
  2116  H    0.82807955    N 1062  0.88301212
  2117  H    0.84849634    C 1063  0.88272245
  2118  H    0.84281711    C 1066  0.88811918
  2119  H    0.84182613    C 1066  0.90588484
  2120  H    0.82029239    C 1067  0.89190384
  2121  H    0.83422422    C 1067  0.88738367
  2122  H    0.83756985    N 1071  0.85441531
  2123  H    0.85160040    C 1072  0.88386423
  2124  H    0.85313614    C 1075  0.90992214
  2125  H    0.84466544    C 1075  0.88846796
  2126  H    0.90708565    C 1077  0.90458776
  2127  H    0.90206849    C 1078  0.90671254
  2128  H    0.90622101    C 1079  0.90870356
  2129  H    0.92038202    C 1080  0.90376778
  2130  H    0.91690299    C 1081  0.90716400
  2131  H    0.83896290    N 1082  0.85801487
  2132  H    0.85696044    C 1083  0.88492147
  2133  H    0.86788563    C 1086  0.89205268
  2134  H    0.87006466    C 1087  0.90086832
  2135  H    0.86250641    C 1087  0.90658993
  2136  H    0.86539641    C 1087  0.90326954
  2137  H    0.86089844    C 1088  0.90370069
  2138  H    0.84490676    C 1088  0.91204332
  2139  H    0.84637568    C 1088  0.90614206
  2140  H    0.82948211    N 1089  0.84961410
  2141  H    0.86248347    C 1090  0.88335665
  2142  H    0.85899709    C 1093  0.89179985
  2143  H    0.69217915    O 1094  0.70878052
  2144  H    0.85833147    C 1095  0.90317386
  2145  H    0.85380334    C 1095  0.89417449
  2146  H    0.87603234    C 1095  0.91035076
  2147  H    0.82888660    N 1096  0.84893407
  2148  H    0.86476133    C 1097  0.89115791
  2149  H    0.85047142    C 1100  0.88897468
  2150  H    0.84510065    C 1100  0.89795784
  2151  H    0.85503337    C 1101  0.88024456
  2152  H    0.85138809    C 1101  0.87146456
  2153  H    0.83768549    C 1103  0.90334828
  2154  H    0.84367873    C 1103  0.89574912
  2155  H    0.83024593    C 1103  0.90885439
  2156  H    0.79061487    N 1104  0.81738809    O 1099  0.05578706
  2157  H    0.85642025    C 1105  0.89542509
  2158  H    0.90070754    C 1106  0.88756110
  2159  H    0.86154151    C 1108  0.88598027
  2160  H    0.85895373    C 1108  0.89352299
  2161  H    0.84550189    C 1109  0.88264758
  2162  H    0.85900225    C 1109  0.87958358
  2163  H    0.86596803    C 1111  0.88589397
  2164  H    0.86771015    C 1111  0.89128826
  2165  H    0.86598940    C 1111  0.89189288
  2166  H    0.68393859    O 1116  0.68319780
  2167  H    0.71939954    O 1116  0.73479275
  2168  H    0.73917548    O 1117  0.74797675
  2169  H    0.73140412    O 1117  0.73111495
  2170  H    0.82701798    O 1118  0.77426032
  2171  H    0.74557429    O 1118  0.75333075
  2172  H    0.73912365    O 1119  0.72581550
  2173  H    0.74861100    O 1119  0.73778262
  2174  H    0.70699060    O 1120  0.72439352
  2175  H    0.75040620    O 1120  0.73231229
  2176  H    0.72145919    O 1121  0.71633461
  2177  H    0.64507443    O 1121  0.67569745
  2178  H    0.66824805    O 1122  0.66334343
  2179  H    0.87464022    O 1122  0.75082551
dipole moment  X         Y          Z
       70.147624      223.227529     -159.162598  total     (au/Debye)      :   282.9911   719.3067
second moment  X^2       Y^2        Z^2
    -4581.751335    12259.849479     6829.623595  average   (au)            :  4835.9072
cpu  time for all   10 h 14 m 19.2 s
wall time for all    0 h 11 m 33.0 s
