 
       ==============================================
       |                 P T B                      |
       |                S.Grimme                    |
       |          Universitaet Bonn, MCTC           |
       ==============================================
       Version 3.7, Do 28. Apr 14:28:45 CEST 2022
 
       Cite work conducted with this code as
       S. Grimme, M. Mueller, A. Hansen, unpublished.
 
 filter  1.000000000000000E-003
 ../../../../.atompara                                                                                                                                                                                                                                           
          =========================
          reading ... ../../../../systems/1nx2.xyz
          =========================
 basis read done.
 ncao                  26604
 nsao                  25194
 npr                   69992
 basis setup done. Ndim                 25194
 coreat                   1410
 cncao                    1466
 cnsao                    1466
 cnpr                     8796
 
 nalpha                   3925
 nbeta                    3924
 ntotal                   7849
 nopen                       1
cpu  time for startup and initial S   10.22 s
wall time for startup and initial S   10.00 s
               -----------------------
               |      PTB  model      |
               | SG, MM, AH 2020-2022 |
               -----------------------
 prop :                     1
 PA setup with Mull-Loew partitioning   0.333333 ...
 done.
EEQ done. sum q :   -0.000
    atom   Zeff  qEEQ  mod   srCN   noHCN   CN(EEQ)
    1    7  5.0     0.095   3.660   0.225   3.991
    2    6  4.0    -0.049   4.130   0.229   3.981
    3    6  4.0    -0.049   3.503   0.564   3.010
    4    8  6.0    -0.118   1.486   0.288   1.003
    5    6  4.0    -0.055   4.169   0.118   3.985
    6    6  4.0    -0.041   3.856   0.122   3.980
    7    6  4.0    -0.006   2.891   0.602   2.997
    8    8  6.0    -0.110   1.495   0.273   1.001
    9    8  6.0    -0.107   1.256   0.274   1.001
   10    7  5.0    -0.009   3.576   0.391   3.005
   11    6  4.0    -0.021   4.258   0.245   3.993
   12    6  4.0    -0.041   3.579   0.564   3.011
   13    8  6.0    -0.112   1.511   0.288   1.003
   14    6  4.0    -0.055   4.101   0.118   3.986
   15    6  4.0    -0.041   3.838   0.121   3.980
   16    6  4.0    -0.004   2.780   0.595   2.996
   17    8  6.0    -0.097   1.213   0.271   1.001
   18    8  6.0    -0.100   1.301   0.270   1.001
   19    7  5.0     0.003   3.670   0.392   3.005
   20    6  4.0    -0.021   4.455   0.241   4.000
   21    6  4.0    -0.042   3.732   0.565   3.013
   22    8  6.0    -0.115   1.462   0.287   1.003
   23    6  4.0    -0.036   4.091   0.169   3.982
   24    6  4.0    -0.079   3.713   0.064   3.983
   25    6  4.0    -0.080   3.671   0.068   3.985
   26    7  5.0     0.005   3.828   0.396   3.006
   27    6  4.0    -0.020   4.303   0.246   3.994
   28    6  4.0    -0.044   3.538   0.563   3.011
   29    8  6.0    -0.119   1.482   0.289   1.004
   30    6  4.0    -0.060   3.975   0.110   3.982
   31    6  4.0    -0.060   3.850   0.109   3.975
   32    6  4.0    -0.058   4.182   0.185   3.983
   33    7  5.0     0.003   3.429   0.386   3.014
   34    6  4.0    -0.078   3.336   0.660   3.004
   35    7  5.0    -0.067   3.057   0.296   3.015
   36    7  5.0    -0.055   2.932   0.297   3.016
   37    7  5.0     0.009   3.659   0.392   3.004
   38    6  4.0    -0.018   4.358   0.247   3.997
   39    6  4.0    -0.043   3.578   0.565   3.014
   40    8  6.0    -0.116   1.552   0.289   1.004
   41    6  4.0    -0.053   4.036   0.117   3.985
   42    6  4.0    -0.042   3.870   0.120   3.984
   43    6  4.0    -0.042   3.098   0.564   2.996
   44    8  6.0    -0.109   1.301   0.284   1.003
   45    7  5.0    -0.063   2.871   0.299   3.003
   46    7  5.0     0.008   3.701   0.390   3.007
   47    6  4.0    -0.018   4.357   0.244   4.000
   48    6  4.0    -0.039   3.717   0.568   3.012
   49    8  6.0    -0.110   1.554   0.290   1.003
   50    6  4.0    -0.042   4.100   0.122   3.989
   51    6  4.0    -0.036   3.698   0.294   3.023
   52    6  4.0    -0.065   3.456   0.233   3.031
   53    6  4.0    -0.065   3.443   0.235   3.031
   54    6  4.0    -0.067   3.264   0.233   3.023
   55    6  4.0    -0.068   3.261   0.235   3.023
   56    6  4.0    -0.067   3.256   0.235   3.025
   57    7  5.0     0.012   3.744   0.395   3.011
   58    6  4.0    -0.022   4.293   0.248   3.993
   59    6  4.0    -0.042   3.639   0.559   3.011
   60    8  6.0    -0.115   1.437   0.287   1.003
   61    6  4.0    -0.056   4.178   0.126   3.992
   62    6  4.0    -0.058   3.866   0.127   3.982
   63    6  4.0    -0.059   3.928   0.193   3.991
   64    7  5.0    -0.015   3.363   0.388   3.016
   65    6  4.0    -0.078   3.287   0.659   3.006
   66    7  5.0    -0.064   3.025   0.296   3.016
   67    7  5.0    -0.072   2.927   0.295   3.015
   68    7  5.0     0.011   3.730   0.387   3.005
   69    6  4.0    -0.021   4.246   0.242   3.991
   70    6  4.0    -0.042   3.565   0.561   3.010
   71    8  6.0    -0.115   1.565   0.290   1.003
   72    6  4.0    -0.057   4.103   0.113   3.983
   73    6  4.0    -0.060   3.812   0.113   3.978
   74    6  4.0    -0.060   3.869   0.192   3.986
   75    7  5.0    -0.012   3.407   0.394   3.019
   76    6  4.0    -0.079   3.313   0.669   3.005
   77    7  5.0    -0.064   3.025   0.299   3.017
   78    7  5.0    -0.060   2.941   0.301   3.020
   79    7  5.0     0.013   3.672   0.385   3.004
   80    6  4.0    -0.021   4.293   0.237   3.990
   81    6  4.0    -0.042   3.695   0.564   3.013
   82    8  6.0    -0.116   1.583   0.290   1.004
   83    6  4.0    -0.056   4.187   0.111   3.987
   84    6  4.0    -0.036   3.896   0.169   3.976
   85    6  4.0    -0.081   3.646   0.064   3.983
   86    6  4.0    -0.083   3.576   0.066   3.984
   87    7  5.0     0.011   3.681   0.397   3.006
   88    6  4.0    -0.017   4.363   0.250   4.001
   89    6  4.0    -0.036   3.800   0.569   3.015
   90    8  6.0    -0.111   1.682   0.291   1.004
   91    6  4.0    -0.043   4.159   0.124   3.992
   92    6  4.0    -0.038   3.769   0.292   3.022
   93    6  4.0    -0.068   3.468   0.231   3.028
   94    6  4.0    -0.067   3.480   0.232   3.029
   95    6  4.0    -0.068   3.258   0.229   3.021
   96    6  4.0    -0.068   3.243   0.232   3.021
   97    6  4.0    -0.066   3.280   0.230   3.023
   98    7  5.0     0.015   3.716   0.393   3.008
   99    6  4.0    -0.020   4.136   0.249   3.995
  100    6  4.0    -0.041   3.587   0.569   3.012
  101    8  6.0    -0.103   1.408   0.290   1.004
  102    6  4.0    -0.081   3.630   0.065   3.983
  103    7  5.0     0.016   3.720   0.396   3.008
  104    6  4.0    -0.020   4.266   0.244   3.993
  105    6  4.0    -0.039   3.645   0.564   3.009
  106    8  6.0    -0.102   1.399   0.290   1.004
  107    6  4.0    -0.054   4.031   0.112   3.982
  108    6  4.0    -0.039   3.881   0.116   3.981
  109    6  4.0    -0.040   3.079   0.554   2.995
  110    8  6.0    -0.114   1.295   0.279   1.003
  111    7  5.0    -0.056   2.912   0.296   3.001
  112    7  5.0     0.021   3.707   0.391   3.004
  113    6  4.0    -0.020   4.336   0.248   3.995
  114    6  4.0    -0.044   3.558   0.565   3.010
  115    8  6.0    -0.110   1.440   0.287   1.003
  116    6  4.0    -0.056   4.203   0.113   3.990
  117    6  4.0    -0.038   3.855   0.168   3.976
  118    6  4.0    -0.083   3.598   0.064   3.983
  119    6  4.0    -0.080   3.675   0.065   3.983
  120    7  5.0     0.005   3.696   0.389   3.005
  121    6  4.0    -0.027   4.335   0.244   3.994
  122    6  4.0    -0.065   3.922   0.569   3.180
  123    8  6.0    -0.130   2.154   0.374   1.996
  124    6  4.0    -0.080   3.789   0.063   3.982
  125    7  5.0     0.012   3.498   0.400   3.003
  126    6  4.0    -0.042   3.998   0.201   4.002
  127    6  4.0    -0.046   3.343   0.568   3.001
  128    8  6.0    -0.107   1.474   0.287   1.003
  129    7  5.0    -0.000   3.563   0.395   3.008
  130    6  4.0    -0.018   4.327   0.246   3.990
  131    6  4.0    -0.044   3.538   0.571   3.012
  132    8  6.0    -0.108   1.401   0.294   1.005
  133    6  4.0    -0.040   4.067   0.117   3.987
  134    6  4.0    -0.004   2.867   0.593   2.996
  135    8  6.0    -0.097   1.221   0.274   1.001
  136    8  6.0    -0.095   1.313   0.265   1.001
  137    7  5.0    -0.008   3.797   0.390   3.004
  138    6  4.0    -0.018   4.406   0.242   3.999
  139    6  4.0    -0.042   3.699   0.564   3.006
  140    8  6.0    -0.103   1.450   0.287   1.003
  141    6  4.0    -0.041   4.099   0.119   3.984
  142    6  4.0    -0.037   3.369   0.604   3.184
  143    8  6.0    -0.149   1.888   0.275   1.008
  144    8  6.0    -0.107   2.147   0.313   1.951
  145    7  5.0    -0.000   3.795   0.395   3.008
  146    6  4.0    -0.019   4.327   0.247   3.994
  147    6  4.0    -0.046   3.524   0.566   3.008
  148    8  6.0    -0.114   1.441   0.290   1.004
  149    6  4.0    -0.049   4.193   0.120   4.023
  150    6  4.0    -0.061   3.648   0.239   3.982
  151   16  6.0    -0.012   2.742   0.320   2.027
  152    6  4.0    -0.085   3.139   0.150   3.973
  153    7  5.0     0.004   3.879   0.397   3.015
  154    6  4.0    -0.023   4.380   0.247   3.996
  155    6  4.0    -0.079   3.795   0.574   3.037
  156    8  6.0    -0.108   2.203   0.331   1.947
  157    6  4.0    -0.052   4.073   0.113   3.981
  158    6  4.0    -0.039   3.841   0.119   3.979
  159    6  4.0    -0.008   2.888   0.605   2.996
  160    8  6.0    -0.119   1.528   0.276   1.001
  161    8  6.0    -0.117   1.364   0.276   1.001
  162    7  5.0    -0.011   3.636   0.394   3.006
  163    6  4.0    -0.021   4.558   0.242   4.001
  164    6  4.0    -0.047   3.650   0.568   3.009
  165    8  6.0    -0.120   1.562   0.292   1.003
  166    6  4.0    -0.034   4.033   0.163   3.978
  167    6  4.0    -0.080   3.728   0.062   3.981
  168    6  4.0    -0.083   3.659   0.065   3.984
  169    7  5.0    -0.005   3.692   0.390   3.007
  170    6  4.0    -0.021   4.269   0.246   3.994
  171    6  4.0    -0.041   3.620   0.573   3.015
  172    8  6.0    -0.115   1.664   0.294   1.004
  173    6  4.0    -0.058   3.894   0.206   3.983
  174    8  6.0    -0.053   1.972   0.190   1.989
  175    7  5.0    -0.011   3.584   0.393   3.008
  176    6  4.0    -0.020   4.149   0.248   3.995
  177    6  4.0    -0.043   3.571   0.566   3.011
  178    8  6.0    -0.120   1.540   0.291   1.004
  179    6  4.0    -0.081   3.691   0.068   3.984
  180    7  5.0     0.004   3.691   0.393   3.006
  181    6  4.0    -0.020   4.416   0.247   3.999
  182    6  4.0    -0.043   3.729   0.563   3.016
  183    8  6.0    -0.112   1.531   0.286   1.003
  184    6  4.0    -0.035   3.982   0.247   3.981
  185    8  6.0    -0.057   1.946   0.177   1.986
  186    6  4.0    -0.080   3.670   0.066   3.980
  187    7  5.0     0.003   3.739   0.392   3.007
  188    6  4.0    -0.021   4.277   0.245   3.996
  189    6  4.0    -0.042   3.582   0.571   3.013
  190    8  6.0    -0.114   1.445   0.295   1.004
  191    6  4.0    -0.058   4.083   0.112   3.982
  192    6  4.0    -0.053   3.957   0.117   3.979
  193    6  4.0    -0.045   3.408   0.598   3.816
  194    8  6.0    -0.126   1.991   0.315   1.964
  195    8  6.0    -0.113   2.120   0.298   1.915
  196    7  5.0     0.009   3.697   0.392   3.006
  197    6  4.0    -0.021   4.342   0.242   3.996
  198    6  4.0    -0.043   3.710   0.562   3.011
  199    8  6.0    -0.119   1.614   0.288   1.003
  200    6  4.0    -0.057   4.209   0.114   3.990
  201    6  4.0    -0.038   3.933   0.169   3.977
  202    6  4.0    -0.082   3.670   0.066   3.984
  203    6  4.0    -0.084   3.572   0.062   3.981
  204    7  5.0     0.008   3.711   0.395   3.006
  205    6  4.0    -0.021   4.370   0.246   3.995
  206    6  4.0    -0.042   3.706   0.560   3.013
  207    8  6.0    -0.111   1.546   0.285   1.003
  208    6  4.0    -0.054   4.222   0.116   4.014
  209    6  4.0    -0.059   3.694   0.217   3.977
  210   16  6.0    -0.012   3.076   0.323   2.023
  211    6  4.0    -0.085   3.169   0.175   3.977
  212    7  5.0     0.024   3.714   0.395   3.005
  213    6  4.0    -0.017   4.369   0.252   3.999
  214    6  4.0    -0.043   3.564   0.565   3.015
  215    8  6.0    -0.115   1.485   0.285   1.004
  216    6  4.0    -0.041   4.069   0.118   3.987
  217    6  4.0    -0.040   3.096   0.568   2.997
  218    8  6.0    -0.109   1.356   0.289   1.004
  219    7  5.0    -0.055   2.867   0.296   3.002
  220    7  5.0     0.006   3.645   0.393   3.004
  221    6  4.0    -0.020   4.500   0.233   3.997
  222    6  4.0    -0.043   3.694   0.562   3.009
  223    8  6.0    -0.120   1.615   0.291   1.004
  224    6  4.0    -0.036   4.140   0.161   3.976
  225    6  4.0    -0.058   3.907   0.117   3.983
  226    6  4.0    -0.081   3.786   0.067   3.983
  227    6  4.0    -0.083   3.492   0.065   3.977
  228    7  5.0     0.006   3.695   0.389   3.003
  229    6  4.0    -0.020   4.308   0.241   3.993
  230    6  4.0    -0.044   3.571   0.564   3.013
  231    8  6.0    -0.122   1.579   0.290   1.004
  232    6  4.0    -0.057   4.193   0.111   3.988
  233    6  4.0    -0.038   3.870   0.174   3.977
  234    6  4.0    -0.082   3.628   0.067   3.986
  235    6  4.0    -0.082   3.661   0.067   3.985
  236    7  5.0     0.016   3.693   0.390   3.005
  237    6  4.0    -0.018   4.387   0.246   4.000
  238    6  4.0    -0.045   3.642   0.574   3.015
  239    8  6.0    -0.118   1.526   0.292   1.004
  240    6  4.0    -0.040   4.083   0.122   3.989
  241    6  4.0    -0.040   3.112   0.576   2.998
  242    8  6.0    -0.122   1.697   0.293   1.007
  243    7  5.0    -0.050   2.924   0.296   3.003
  244    7  5.0     0.006   3.744   0.399   3.009
  245    6  4.0    -0.020   4.286   0.248   3.998
  246    6  4.0    -0.043   3.648   0.572   3.015
  247    8  6.0    -0.120   1.605   0.294   1.004
  248    6  4.0    -0.056   4.093   0.117   3.984
  249    6  4.0    -0.057   3.901   0.119   3.979
  250    6  4.0    -0.062   3.782   0.119   3.980
  251    6  4.0    -0.083   3.760   0.174   3.977
  252    7  5.0     0.073   3.409   0.221   3.987
  253    7  5.0     0.013   3.777   0.397   3.005
  254    6  4.0    -0.020   4.456   0.243   4.000
  255    6  4.0    -0.045   3.619   0.559   3.011
  256    8  6.0    -0.115   1.485   0.288   1.004
  257    6  4.0    -0.035   4.055   0.166   3.980
  258    6  4.0    -0.079   3.718   0.064   3.983
  259    6  4.0    -0.082   3.715   0.066   3.984
  260    7  5.0     0.003   3.736   0.384   3.002
  261    6  4.0    -0.019   4.459   0.238   4.000
  262    6  4.0    -0.043   3.722   0.570   3.013
  263    8  6.0    -0.107   1.648   0.293   1.004
  264    6  4.0    -0.035   4.070   0.172   3.983
  265    6  4.0    -0.083   3.704   0.069   3.984
  266    6  4.0    -0.080   3.841   0.068   3.984
  267    7  5.0     0.004   3.743   0.390   3.005
  268    6  4.0    -0.020   4.374   0.237   3.994
  269    6  4.0    -0.045   3.790   0.566   3.009
  270    8  6.0    -0.110   1.444   0.291   1.004
  271    6  4.0    -0.033   3.931   0.240   3.975
  272    8  6.0    -0.052   1.943   0.177   1.986
  273    6  4.0    -0.078   3.643   0.065   3.979
  274    7  5.0     0.005   3.801   0.391   3.006
  275    6  4.0    -0.020   4.250   0.243   3.993
  276    6  4.0    -0.045   3.540   0.561   3.013
  277    8  6.0    -0.104   1.421   0.286   1.003
  278    6  4.0    -0.056   4.057   0.120   3.989
  279    6  4.0    -0.058   3.936   0.121   3.979
  280    6  4.0    -0.059   3.882   0.191   3.988
  281    7  5.0    -0.017   3.263   0.389   3.016
  282    6  4.0    -0.079   3.341   0.666   3.005
  283    7  5.0    -0.055   3.230   0.300   3.018
  284    7  5.0    -0.071   2.932   0.298   3.018
  285    7  5.0     0.032   3.839   0.395   3.007
  286    6  4.0    -0.017   4.435   0.248   3.997
  287    6  4.0    -0.048   3.669   0.555   3.009
  288    8  6.0    -0.108   1.625   0.289   1.003
  289    6  4.0    -0.038   4.139   0.127   3.987
  290    6  4.0    -0.023   3.728   0.388   3.225
  291    7  5.0    -0.079   2.659   0.417   2.178
  292    6  4.0    -0.082   3.475   0.328   3.244
  293    6  4.0    -0.071   3.266   0.459   3.286
  294    7  5.0     0.056   3.191   0.457   3.165
  295    7  5.0     0.052   3.989   0.465   3.038
  296    6  4.0    -0.020   4.531   0.241   4.031
  297    6  4.0    -0.047   3.687   0.564   3.007
  298    8  6.0    -0.102   1.399   0.288   1.003
  299    6  4.0    -0.054   4.133   0.128   4.037
  300    6  4.0    -0.056   4.030   0.135   4.032
  301    6  4.0    -0.060   4.196   0.193   4.037
  302    7  5.0     0.013   3.989   0.392   3.007
  303    6  4.0    -0.017   4.298   0.243   3.994
  304    6  4.0    -0.043   3.526   0.558   3.009
  305    8  6.0    -0.110   1.377   0.285   1.003
  306    6  4.0    -0.039   4.015   0.119   3.984
  307    6  4.0    -0.003   2.942   0.597   2.996
  308    8  6.0    -0.109   1.474   0.270   1.001
  309    8  6.0    -0.114   1.320   0.272   1.001
  310    7  5.0     0.033   3.803   0.391   3.011
  311    6  4.0    -0.022   4.305   0.247   3.993
  312    6  4.0    -0.044   3.514   0.572   3.017
  313    8  6.0    -0.105   1.505   0.293   1.004
  314    6  4.0    -0.053   4.226   0.115   3.990
  315    6  4.0    -0.036   3.860   0.172   3.977
  316    6  4.0    -0.082   3.606   0.065   3.984
  317    6  4.0    -0.081   3.667   0.067   3.984
  318    7  5.0     0.023   3.512   0.394   3.008
  319    6  4.0    -0.020   4.323   0.247   3.996
  320    6  4.0    -0.044   3.665   0.568   3.012
  321    8  6.0    -0.120   1.585   0.290   1.003
  322    6  4.0    -0.056   4.064   0.115   3.984
  323    6  4.0    -0.059   3.774   0.116   3.978
  324    6  4.0    -0.059   3.859   0.114   3.977
  325    6  4.0    -0.082   3.726   0.163   3.974
  326    7  5.0     0.073   3.411   0.215   3.985
  327    7  5.0     0.001   3.666   0.393   3.005
  328    6  4.0    -0.020   4.433   0.246   3.997
  329    6  4.0    -0.050   3.722   0.569   3.016
  330    8  6.0    -0.111   1.452   0.289   1.003
  331    6  4.0    -0.029   4.053   0.243   3.980
  332    8  6.0    -0.055   2.375   0.176   1.986
  333    6  4.0    -0.078   3.698   0.067   3.980
  334    7  5.0    -0.006   3.997   0.397   3.013
  335    6  4.0    -0.017   4.340   0.246   3.996
  336    6  4.0    -0.039   3.514   0.558   3.012
  337    8  6.0    -0.097   1.367   0.287   1.003
  338    6  4.0    -0.041   4.048   0.112   3.980
  339    6  4.0    -0.030   3.304   0.593   3.172
  340    8  6.0    -0.117   2.196   0.347   1.989
  341    8  6.0    -0.134   1.448   0.270   1.002
  342    7  5.0     0.023   3.591   0.390   3.002
  343    6  4.0    -0.041   3.912   0.198   3.993
  344    6  4.0    -0.045   3.254   0.565   3.006
  345    8  6.0    -0.104   1.494   0.289   1.003
  346    7  5.0     0.018   3.571   0.390   3.006
  347    6  4.0    -0.019   4.316   0.243   3.994
  348    6  4.0    -0.042   3.505   0.566   3.014
  349    8  6.0    -0.112   1.598   0.291   1.004
  350    6  4.0    -0.042   4.152   0.122   3.989
  351    6  4.0    -0.044   3.648   0.293   3.022
  352    6  4.0    -0.070   3.452   0.235   3.030
  353    6  4.0    -0.072   3.443   0.231   3.030
  354    6  4.0    -0.071   3.262   0.236   3.023
  355    6  4.0    -0.073   3.262   0.231   3.022
  356    6  4.0    -0.072   3.244   0.235   3.024
  357    7  5.0     0.015   3.371   0.396   3.003
  358    6  4.0    -0.042   3.925   0.200   3.997
  359    6  4.0    -0.042   3.396   0.564   3.007
  360    8  6.0    -0.113   1.600   0.287   1.003
  361    7  5.0    -0.005   3.581   0.391   3.004
  362    6  4.0    -0.019   4.580   0.241   3.997
  363    6  4.0    -0.043   3.792   0.565   3.013
  364    8  6.0    -0.119   1.614   0.290   1.004
  365    6  4.0    -0.036   4.223   0.165   3.981
  366    6  4.0    -0.057   3.918   0.116   3.982
  367    6  4.0    -0.080   3.821   0.066   3.984
  368    6  4.0    -0.082   3.514   0.065   3.977
  369    7  5.0     0.008   3.790   0.393   3.006
  370    6  4.0    -0.018   4.312   0.246   3.997
  371    6  4.0    -0.043   3.578   0.559   3.009
  372    8  6.0    -0.111   1.454   0.286   1.003
  373    6  4.0    -0.041   3.992   0.115   3.982
  374    6  4.0    -0.006   2.836   0.589   2.995
  375    8  6.0    -0.101   1.247   0.267   1.001
  376    8  6.0    -0.101   1.216   0.270   1.001
  377    7  5.0     0.008   3.655   0.388   3.004
  378    6  4.0    -0.021   4.411   0.239   3.996
  379    6  4.0    -0.044   3.735   0.566   3.012
  380    8  6.0    -0.121   1.534   0.292   1.004
  381    6  4.0    -0.035   3.979   0.247   3.978
  382    8  6.0    -0.057   1.975   0.178   1.987
  383    6  4.0    -0.079   3.728   0.069   3.981
  384    7  5.0     0.007   3.833   0.394   3.006
  385    6  4.0    -0.018   4.372   0.248   4.032
  386    6  4.0    -0.045   3.588   0.564   3.013
  387    8  6.0    -0.122   1.549   0.288   1.004
  388    6  4.0    -0.063   3.645   0.220   3.983
  389   16  6.0    -0.030   3.061   0.246   2.029
  390    7  5.0     0.006   3.822   0.396   3.009
  391    6  4.0    -0.020   4.325   0.247   4.001
  392    6  4.0    -0.043   3.568   0.561   3.014
  393    8  6.0    -0.113   1.465   0.286   1.003
  394    6  4.0    -0.057   4.042   0.119   3.985
  395    6  4.0    -0.058   3.958   0.127   3.984
  396    6  4.0    -0.057   3.945   0.205   3.991
  397    7  5.0    -0.010   3.334   0.398   3.019
  398    6  4.0    -0.078   3.321   0.663   3.007
  399    7  5.0    -0.064   2.930   0.299   3.017
  400    7  5.0    -0.068   3.034   0.294   3.015
  401    7  5.0     0.017   3.720   0.396   3.008
  402    6  4.0    -0.019   4.259   0.248   3.996
  403    6  4.0    -0.039   3.631   0.566   3.012
  404    8  6.0    -0.112   1.476   0.293   1.004
  405    6  4.0    -0.053   3.779   0.201   3.981
  406    8  6.0    -0.047   1.915   0.186   1.988
  407    7  5.0     0.011   3.681   0.389   3.004
  408    6  4.0    -0.022   4.252   0.241   3.992
  409    6  4.0    -0.043   3.550   0.569   3.012
  410    8  6.0    -0.117   1.463   0.294   1.004
  411    6  4.0    -0.056   4.096   0.115   4.015
  412    6  4.0    -0.065   3.553   0.216   3.977
  413   16  6.0    -0.023   2.879   0.318   2.023
  414    6  4.0    -0.086   3.230   0.172   3.977
  415    7  5.0     0.008   3.674   0.391   3.004
  416    6  4.0    -0.020   4.425   0.234   3.996
  417    6  4.0    -0.043   3.723   0.562   3.010
  418    8  6.0    -0.116   1.566   0.289   1.003
  419    6  4.0    -0.037   4.018   0.157   3.976
  420    6  4.0    -0.079   3.716   0.061   3.980
  421    6  4.0    -0.082   3.635   0.061   3.980
  422    7  5.0     0.008   3.634   0.390   3.005
  423    6  4.0    -0.019   4.137   0.246   3.995
  424    6  4.0    -0.040   3.648   0.575   3.016
  425    8  6.0    -0.100   1.476   0.292   1.004
  426    6  4.0    -0.079   3.656   0.062   3.982
  427    7  5.0     0.011   3.739   0.407   3.009
  428    6  4.0    -0.019   4.459   0.244   4.001
  429    6  4.0    -0.043   3.659   0.563   3.005
  430    8  6.0    -0.108   1.385   0.291   1.004
  431    6  4.0    -0.035   4.064   0.174   3.980
  432    6  4.0    -0.078   3.812   0.070   3.983
  433    6  4.0    -0.082   3.657   0.072   3.986
  434    7  5.0     0.012   3.769   0.384   3.003
  435    6  4.0    -0.021   4.392   0.239   3.990
  436    6  4.0    -0.047   3.463   0.561   3.008
  437    8  6.0    -0.121   1.460   0.288   1.003
  438    6  4.0    -0.052   4.230   0.120   4.029
  439    6  4.0    -0.063   3.570   0.225   3.978
  440   16  6.0    -0.015   3.076   0.319   2.033
  441    6  4.0    -0.086   3.308   0.164   3.975
  442    7  5.0     0.020   3.627   0.388   3.005
  443    6  4.0    -0.020   4.480   0.238   3.991
  444    6  4.0    -0.044   3.620   0.559   3.005
  445    8  6.0    -0.105   1.539   0.286   1.003
  446    6  4.0    -0.044   4.223   0.118   3.984
  447    6  4.0    -0.032   3.402   0.604   3.080
  448    8  6.0    -0.118   2.212   0.356   1.992
  449    8  6.0    -0.133   1.949   0.273   1.002
  450    7  5.0     0.002   3.667   0.391   3.005
  451    6  4.0    -0.020   4.238   0.248   3.992
  452    6  4.0    -0.044   3.548   0.565   3.014
  453    8  6.0    -0.107   1.388   0.288   1.004
  454    6  4.0    -0.055   3.774   0.203   3.983
  455    8  6.0    -0.051   1.812   0.188   1.988
  456    7  5.0     0.001   3.898   0.390   3.005
  457    6  4.0    -0.018   4.412   0.247   4.000
  458    6  4.0    -0.042   3.782   0.570   3.012
  459    8  6.0    -0.103   1.579   0.288   1.003
  460    6  4.0    -0.043   4.102   0.116   3.983
  461    6  4.0    -0.018   3.468   0.600   3.374
  462    8  6.0    -0.117   2.258   0.368   1.995
  463    8  6.0    -0.136   1.821   0.273   1.028
  464    7  5.0     0.011   3.892   0.397   3.007
  465    6  4.0    -0.019   4.521   0.248   3.997
  466    6  4.0    -0.039   3.711   0.565   3.010
  467    8  6.0    -0.105   1.535   0.290   1.004
  468    6  4.0    -0.026   4.087   0.250   3.981
  469    8  6.0    -0.039   2.170   0.181   1.987
  470    6  4.0    -0.079   3.621   0.065   3.980
  471    7  5.0     0.003   4.133   0.394   3.012
  472    6  4.0    -0.022   4.513   0.244   3.997
  473    6  4.0    -0.045   3.634   0.563   3.019
  474    8  6.0    -0.105   1.379   0.287   1.003
  475    6  4.0    -0.050   4.269   0.244   4.001
  476    8  6.0    -0.024   2.834   0.223   2.949
  477    6  4.0    -0.086   3.849   0.065   3.981
  478    7  5.0     0.001   3.799   0.395   3.005
  479    6  4.0    -0.041   3.947   0.200   3.998
  480    6  4.0    -0.046   3.331   0.566   3.009
  481    8  6.0    -0.115   1.368   0.287   1.003
  482    7  5.0     0.006   3.795   0.392   3.006
  483    6  4.0    -0.022   4.355   0.244   3.996
  484    6  4.0    -0.075   3.755   0.571   3.052
  485    8  6.0    -0.104   2.200   0.352   1.984
  486    6  4.0    -0.056   4.105   0.114   3.984
  487    6  4.0    -0.058   3.928   0.116   3.979
  488    6  4.0    -0.062   3.872   0.119   3.980
  489    6  4.0    -0.086   3.839   0.181   3.979
  490    7  5.0     0.080   3.464   0.227   3.988
  491    7  5.0    -0.012   3.700   0.398   3.007
  492    6  4.0    -0.021   4.495   0.248   3.995
  493    6  4.0    -0.044   3.554   0.562   3.011
  494    8  6.0    -0.117   1.605   0.289   1.003
  495    6  4.0    -0.054   4.231   0.114   3.993
  496    6  4.0    -0.039   3.911   0.175   3.978
  497    6  4.0    -0.083   3.600   0.069   3.986
  498    6  4.0    -0.081   3.718   0.066   3.985
  499    7  5.0     0.009   3.605   0.395   3.012
  500    6  4.0    -0.042   3.972   0.202   3.995
  501    6  4.0    -0.040   3.451   0.560   3.020
  502    8  6.0    -0.108   1.682   0.282   1.004
  503    7  5.0    -0.001   3.444   0.393   3.003
  504    6  4.0    -0.017   4.371   0.246   3.999
  505    6  4.0    -0.036   3.713   0.568   3.013
  506    8  6.0    -0.110   1.653   0.292   1.004
  507    6  4.0    -0.042   4.138   0.123   3.991
  508    6  4.0    -0.036   3.723   0.297   3.021
  509    6  4.0    -0.066   3.490   0.232   3.031
  510    6  4.0    -0.066   3.432   0.230   3.031
  511    6  4.0    -0.070   3.254   0.231   3.023
  512    6  4.0    -0.071   3.324   0.230   3.022
  513    6  4.0    -0.071   3.264   0.236   3.022
  514    7  5.0     0.010   3.634   0.389   3.004
  515    6  4.0    -0.019   4.353   0.242   3.997
  516    6  4.0    -0.042   3.614   0.568   3.012
  517    8  6.0    -0.112   1.591   0.290   1.004
  518    6  4.0    -0.055   4.048   0.115   3.983
  519    6  4.0    -0.041   3.824   0.116   3.979
  520    6  4.0    -0.005   2.836   0.600   2.995
  521    8  6.0    -0.109   1.227   0.274   1.001
  522    8  6.0    -0.106   1.307   0.275   1.001
  523    7  5.0     0.007   3.741   0.396   3.008
  524    6  4.0    -0.021   4.303   0.249   4.000
  525    6  4.0    -0.042   3.618   0.567   3.012
  526    8  6.0    -0.119   1.480   0.291   1.004
  527    6  4.0    -0.057   4.151   0.120   3.986
  528    6  4.0    -0.050   4.182   0.123   3.981
  529    6  4.0    -0.035   3.405   0.598   3.748
  530    8  6.0    -0.109   2.125   0.326   1.976
  531    8  6.0    -0.093   1.852   0.280   1.758
  532    7  5.0     0.007   3.701   0.392   3.006
  533    6  4.0    -0.018   4.330   0.247   3.996
  534    6  4.0    -0.038   3.687   0.560   3.013
  535    8  6.0    -0.113   1.646   0.283   1.003
  536    6  4.0    -0.042   4.158   0.125   3.992
  537    6  4.0    -0.038   3.719   0.294   3.023
  538    6  4.0    -0.070   3.433   0.234   3.030
  539    6  4.0    -0.067   3.477   0.231   3.029
  540    6  4.0    -0.072   3.225   0.233   3.022
  541    6  4.0    -0.069   3.240   0.232   3.022
  542    6  4.0    -0.069   3.238   0.233   3.023
  543    7  5.0     0.016   3.725   0.395   3.007
  544    6  4.0    -0.021   4.292   0.247   3.996
  545    6  4.0    -0.041   3.717   0.561   3.012
  546    8  6.0    -0.110   1.544   0.286   1.003
  547    6  4.0    -0.057   4.100   0.114   3.984
  548    6  4.0    -0.057   3.898   0.115   3.980
  549    6  4.0    -0.061   3.758   0.120   3.979
  550    6  4.0    -0.083   3.839   0.175   3.979
  551    7  5.0     0.082   3.449   0.220   3.986
  552    7  5.0     0.009   3.688   0.392   3.007
  553    6  4.0    -0.018   4.307   0.244   3.994
  554    6  4.0    -0.036   3.660   0.556   3.009
  555    8  6.0    -0.101   1.484   0.283   1.003
  556    6  4.0    -0.042   4.103   0.118   3.987
  557    6  4.0    -0.035   3.643   0.285   3.016
  558    6  4.0    -0.064   3.408   0.222   3.028
  559    6  4.0    -0.062   3.482   0.230   3.031
  560    6  4.0    -0.064   3.320   0.225   3.020
  561    6  4.0    -0.063   3.405   0.235   3.021
  562    6  4.0    -0.031   3.395   0.401   3.024
  563    8  6.0    -0.028   1.959   0.211   1.992
  564    7  5.0     0.015   3.651   0.388   3.005
  565    6  4.0    -0.021   4.334   0.247   3.995
  566    6  4.0    -0.042   3.694   0.568   3.012
  567    8  6.0    -0.121   1.600   0.286   1.003
  568    6  4.0    -0.057   4.232   0.113   3.991
  569    6  4.0    -0.037   3.920   0.171   3.977
  570    6  4.0    -0.081   3.678   0.065   3.985
  571    6  4.0    -0.083   3.585   0.066   3.984
  572    7  5.0     0.007   3.697   0.397   3.008
  573    6  4.0    -0.018   4.321   0.247   3.995
  574    6  4.0    -0.040   3.655   0.565   3.010
  575    8  6.0    -0.110   1.504   0.290   1.004
  576    6  4.0    -0.042   4.165   0.136   3.990
  577    6  4.0    -0.041   3.874   0.302   3.119
  578    6  4.0    -0.081   3.537   0.323   3.211
  579    6  4.0    -0.016   4.081   0.312   3.182
  580    7  5.0     0.039   3.314   0.417   3.105
  581    6  4.0    -0.034   3.997   0.409   3.214
  582    6  4.0    -0.073   3.390   0.230   3.019
  583    6  4.0    -0.076   3.340   0.243   3.016
  584    6  4.0    -0.072   3.233   0.228   3.024
  585    6  4.0    -0.070   3.236   0.238   3.032
  586    7  5.0     0.022   3.720   0.393   3.007
  587    6  4.0    -0.018   4.353   0.248   3.998
  588    6  4.0    -0.044   3.610   0.564   3.013
  589    8  6.0    -0.116   1.510   0.288   1.003
  590    6  4.0    -0.040   4.062   0.117   3.987
  591    6  4.0    -0.040   3.069   0.571   2.996
  592    8  6.0    -0.106   1.339   0.290   1.004
  593    7  5.0    -0.053   2.874   0.300   3.003
  594    7  5.0     0.016   3.726   0.389   3.007
  595    6  4.0    -0.018   4.451   0.246   3.996
  596    6  4.0    -0.040   3.656   0.567   3.016
  597    8  6.0    -0.108   1.637   0.292   1.004
  598    6  4.0    -0.039   4.131   0.121   3.990
  599    6  4.0    -0.036   3.081   0.574   2.997
  600    8  6.0    -0.092   1.306   0.291   1.004
  601    7  5.0    -0.045   3.041   0.299   3.003
  602    7  5.0     0.010   3.750   0.392   3.004
  603    6  4.0    -0.020   4.460   0.242   4.000
  604    6  4.0    -0.043   3.731   0.565   3.012
  605    8  6.0    -0.118   1.604   0.288   1.003
  606    6  4.0    -0.036   4.183   0.161   3.980
  607    6  4.0    -0.060   3.901   0.122   3.984
  608    6  4.0    -0.079   3.800   0.063   3.983
  609    6  4.0    -0.083   3.498   0.069   3.978
  610    7  5.0     0.012   3.702   0.390   3.007
  611    6  4.0    -0.021   4.276   0.245   3.996
  612    6  4.0    -0.043   3.674   0.566   3.012
  613    8  6.0    -0.114   1.417   0.287   1.003
  614    6  4.0    -0.057   4.047   0.114   3.983
  615    6  4.0    -0.057   3.859   0.115   3.979
  616    6  4.0    -0.061   3.732   0.116   3.978
  617    6  4.0    -0.083   3.731   0.169   3.976
  618    7  5.0     0.077   3.389   0.218   3.985
  619    7  5.0     0.010   3.718   0.396   3.008
  620    6  4.0    -0.021   4.277   0.249   3.995
  621    6  4.0    -0.044   3.634   0.565   3.013
  622    8  6.0    -0.119   1.438   0.288   1.003
  623    6  4.0    -0.056   4.144   0.120   3.988
  624    6  4.0    -0.057   3.875   0.120   3.980
  625    6  4.0    -0.061   3.764   0.117   3.980
  626    6  4.0    -0.083   3.785   0.173   3.977
  627    7  5.0     0.078   3.410   0.221   3.987
  628    7  5.0     0.015   3.820   0.396   3.007
  629    6  4.0    -0.019   4.379   0.250   3.999
  630    6  4.0    -0.046   3.554   0.571   3.012
  631    8  6.0    -0.121   1.578   0.294   1.004
  632    6  4.0    -0.044   4.061   0.121   3.984
  633    6  4.0    -0.045   3.832   0.286   3.113
  634    6  4.0    -0.086   3.573   0.326   3.209
  635    6  4.0    -0.015   4.055   0.306   3.178
  636    7  5.0     0.035   3.315   0.419   3.105
  637    6  4.0    -0.034   3.989   0.405   3.208
  638    6  4.0    -0.073   3.359   0.226   3.017
  639    6  4.0    -0.072   3.346   0.239   3.014
  640    6  4.0    -0.070   3.276   0.223   3.022
  641    6  4.0    -0.065   3.272   0.236   3.028
  642    7  5.0     0.010   3.739   0.392   3.008
  643    6  4.0    -0.021   4.289   0.245   3.997
  644    6  4.0    -0.043   3.653   0.563   3.012
  645    8  6.0    -0.119   1.478   0.288   1.003
  646    6  4.0    -0.054   4.070   0.118   3.985
  647    6  4.0    -0.041   3.921   0.121   3.984
  648    6  4.0    -0.043   3.024   0.570   2.997
  649    8  6.0    -0.110   1.297   0.290   1.004
  650    7  5.0    -0.061   2.866   0.298   3.003
  651    7  5.0     0.007   3.687   0.391   3.007
  652    6  4.0    -0.020   4.127   0.248   3.994
  653    6  4.0    -0.041   3.570   0.570   3.013
  654    8  6.0    -0.114   1.475   0.290   1.004
  655    6  4.0    -0.081   3.631   0.065   3.983
  656    7  5.0     0.010   3.744   0.398   3.008
  657    6  4.0    -0.021   4.469   0.244   4.000
  658    6  4.0    -0.044   3.745   0.572   3.011
  659    8  6.0    -0.117   1.604   0.292   1.004
  660    6  4.0    -0.036   4.199   0.165   3.981
  661    6  4.0    -0.059   3.868   0.120   3.983
  662    6  4.0    -0.079   3.806   0.066   3.982
  663    6  4.0    -0.082   3.490   0.068   3.978
  664    7  5.0     0.009   3.712   0.394   3.008
  665    6  4.0    -0.018   4.291   0.244   3.994
  666    6  4.0    -0.038   3.685   0.566   3.012
  667    8  6.0    -0.110   1.430   0.289   1.003
  668    6  4.0    -0.043   4.124   0.117   3.987
  669    6  4.0    -0.040   3.643   0.288   3.019
  670    6  4.0    -0.067   3.471   0.230   3.033
  671    6  4.0    -0.071   3.531   0.237   3.035
  672    6  4.0    -0.070   3.383   0.235   3.023
  673    6  4.0    -0.070   3.429   0.243   3.025
  674    6  4.0    -0.037   3.439   0.409   3.031
  675    8  6.0    -0.033   2.088   0.214   1.993
  676    7  5.0     0.010   3.787   0.394   3.007
  677    6  4.0    -0.021   4.310   0.250   3.999
  678    6  4.0    -0.044   3.549   0.566   3.011
  679    8  6.0    -0.101   1.407   0.288   1.003
  680    6  4.0    -0.057   4.080   0.120   3.987
  681    6  4.0    -0.060   3.928   0.125   3.983
  682    6  4.0    -0.060   3.852   0.124   3.983
  683    6  4.0    -0.084   3.752   0.176   3.978
  684    7  5.0     0.088   3.464   0.222   3.988
  685    7  5.0     0.012   3.684   0.393   3.006
  686    6  4.0    -0.020   4.270   0.247   3.994
  687    6  4.0    -0.041   3.628   0.565   3.015
  688    8  6.0    -0.107   1.395   0.288   1.004
  689    6  4.0    -0.053   4.079   0.117   3.985
  690    6  4.0    -0.040   3.911   0.119   3.982
  691    6  4.0    -0.042   3.022   0.559   2.996
  692    8  6.0    -0.105   1.297   0.287   1.003
  693    7  5.0    -0.055   2.919   0.292   3.002
  694    7  5.0     0.015   3.796   0.397   3.006
  695    6  4.0    -0.019   4.384   0.255   4.002
  696    6  4.0    -0.049   3.545   0.576   3.013
  697    8  6.0    -0.121   1.547   0.295   1.004
  698    6  4.0    -0.042   4.158   0.130   3.994
  699    6  4.0    -0.040   3.699   0.301   3.024
  700    6  4.0    -0.067   3.538   0.233   3.031
  701    6  4.0    -0.066   3.464   0.234   3.032
  702    6  4.0    -0.069   3.310   0.231   3.023
  703    6  4.0    -0.064   3.290   0.233   3.023
  704    6  4.0    -0.067   3.252   0.234   3.023
  705    7  5.0     0.019   3.661   0.396   3.017
  706    6  4.0    -0.021   4.542   0.247   4.001
  707    6  4.0    -0.043   3.748   0.561   3.018
  708    8  6.0    -0.106   1.641   0.286   1.003
  709    6  4.0    -0.042   4.200   0.119   3.984
  710    6  4.0    -0.031   3.328   0.593   3.048
  711    8  6.0    -0.112   2.114   0.330   1.981
  712    8  6.0    -0.115   1.465   0.269   1.001
  713    7  5.0    -0.000   3.795   0.390   3.004
  714    6  4.0    -0.020   4.416   0.237   3.993
  715    6  4.0    -0.045   3.572   0.562   3.009
  716    8  6.0    -0.107   1.381   0.288   1.004
  717    6  4.0    -0.036   4.054   0.166   3.980
  718    6  4.0    -0.082   3.647   0.067   3.985
  719    6  4.0    -0.081   3.790   0.065   3.983
  720    7  5.0     0.001   3.861   0.391   3.004
  721    6  4.0    -0.018   4.376   0.242   3.995
  722    6  4.0    -0.042   3.692   0.564   3.008
  723    8  6.0    -0.098   1.494   0.290   1.003
  724    6  4.0    -0.041   4.096   0.117   3.983
  725    6  4.0    -0.026   3.366   0.598   3.254
  726    8  6.0    -0.124   2.211   0.352   1.991
  727    8  6.0    -0.139   1.485   0.271   1.010
  728    7  5.0     0.012   3.811   0.391   3.005
  729    6  4.0    -0.017   4.424   0.246   3.995
  730    6  4.0    -0.038   3.638   0.564   3.010
  731    8  6.0    -0.099   1.447   0.287   1.003
  732    6  4.0    -0.052   4.143   0.121   3.988
  733    6  4.0    -0.057   4.046   0.121   3.981
  734    6  4.0    -0.058   3.983   0.190   3.987
  735    7  5.0     0.000   3.279   0.388   3.016
  736    6  4.0    -0.079   3.347   0.661   3.005
  737    7  5.0    -0.060   3.107   0.297   3.016
  738    7  5.0    -0.058   2.925   0.296   3.016
  739    7  5.0     0.008   3.975   0.392   3.010
  740    6  4.0    -0.022   4.338   0.247   3.995
  741    6  4.0    -0.043   3.678   0.564   3.017
  742    8  6.0    -0.107   1.385   0.288   1.003
  743    6  4.0    -0.074   4.089   0.200   4.027
  744    8  6.0    -0.018   2.648   0.213   2.899
  745    7  5.0     0.006   3.793   0.395   3.007
  746    6  4.0    -0.041   3.940   0.202   3.999
  747    6  4.0    -0.046   3.360   0.568   3.009
  748    8  6.0    -0.125   1.591   0.288   1.003
  749    7  5.0     0.013   3.869   0.393   3.008
  750    6  4.0    -0.023   4.482   0.241   3.993
  751    6  4.0    -0.078   3.830   0.568   3.026
  752    8  6.0    -0.103   2.188   0.322   1.929
  753    6  4.0    -0.032   3.991   0.240   3.977
  754    8  6.0    -0.049   2.096   0.176   1.986
  755    6  4.0    -0.080   3.636   0.067   3.979
  756    7  5.0    -0.002   3.665   0.397   3.011
  757    6  4.0    -0.021   4.664   0.246   4.002
  758    6  4.0    -0.043   3.735   0.567   3.020
  759    8  6.0    -0.114   1.560   0.286   1.003
  760    6  4.0    -0.033   4.178   0.161   3.979
  761    6  4.0    -0.059   3.869   0.119   3.982
  762    6  4.0    -0.079   3.799   0.063   3.981
  763    6  4.0    -0.081   3.570   0.067   3.978
  764    7  5.0    -0.020   3.659   0.401   3.006
  765    6  4.0    -0.039   4.022   0.206   4.003
  766    6  4.0    -0.043   3.358   0.572   3.005
  767    8  6.0    -0.115   1.658   0.289   1.003
  768    7  5.0     0.004   3.506   0.397   3.010
  769    6  4.0    -0.021   4.210   0.247   3.990
  770    6  4.0    -0.044   3.575   0.565   3.011
  771    8  6.0    -0.114   1.392   0.290   1.004
  772    6  4.0    -0.055   3.778   0.205   3.983
  773    8  6.0    -0.051   1.794   0.190   1.988
  774    7  5.0    -0.000   3.660   0.389   3.003
  775    6  4.0    -0.020   4.225   0.240   3.994
  776    6  4.0    -0.046   3.500   0.568   3.011
  777    8  6.0    -0.111   1.412   0.291   1.004
  778    6  4.0    -0.054   3.748   0.199   3.979
  779    8  6.0    -0.052   1.835   0.186   1.988
  780    7  5.0     0.003   3.841   0.395   3.008
  781    6  4.0    -0.021   4.286   0.248   3.998
  782    6  4.0    -0.045   3.483   0.565   3.012
  783    8  6.0    -0.114   1.448   0.289   1.003
  784    6  4.0    -0.054   4.118   0.120   3.988
  785    6  4.0    -0.052   4.022   0.124   3.980
  786    6  4.0    -0.046   3.445   0.609   3.836
  787    8  6.0    -0.122   2.381   0.319   1.972
  788    8  6.0    -0.105   1.908   0.300   1.895
  789    7  5.0     0.001   3.636   0.389   3.004
  790    6  4.0    -0.021   4.373   0.242   3.989
  791    6  4.0    -0.047   3.749   0.548   3.009
  792    8  6.0    -0.116   1.615   0.287   1.003
  793    6  4.0    -0.057   4.286   0.115   3.992
  794    6  4.0    -0.036   3.941   0.176   3.979
  795    6  4.0    -0.080   3.740   0.066   3.987
  796    6  4.0    -0.082   3.648   0.069   3.986
  797    7  5.0     0.051   3.983   0.461   3.036
  798    6  4.0    -0.019   4.566   0.244   4.033
  799    6  4.0    -0.039   3.586   0.562   3.012
  800    8  6.0    -0.104   1.526   0.286   1.003
  801    6  4.0    -0.053   4.154   0.127   4.036
  802    6  4.0    -0.057   3.970   0.133   4.030
  803    6  4.0    -0.060   4.222   0.191   4.033
  804    7  5.0     0.012   3.493   0.397   3.004
  805    6  4.0    -0.041   3.939   0.202   3.999
  806    6  4.0    -0.040   3.448   0.565   3.007
  807    8  6.0    -0.107   1.513   0.287   1.003
  808    7  5.0     0.022   3.638   0.390   3.007
  809    6  4.0    -0.021   4.154   0.251   3.995
  810    6  4.0    -0.043   3.587   0.567   3.013
  811    8  6.0    -0.117   1.493   0.289   1.003
  812    6  4.0    -0.081   3.674   0.069   3.985
  813    7  5.0     0.007   3.740   0.396   3.007
  814    6  4.0    -0.019   4.371   0.249   3.996
  815    6  4.0    -0.043   3.629   0.562   3.010
  816    8  6.0    -0.117   1.654   0.288   1.003
  817    6  4.0    -0.044   4.127   0.123   3.990
  818    6  4.0    -0.043   3.645   0.294   3.023
  819    6  4.0    -0.069   3.536   0.232   3.032
  820    6  4.0    -0.072   3.420   0.237   3.032
  821    6  4.0    -0.073   3.310   0.235   3.024
  822    6  4.0    -0.073   3.269   0.238   3.025
  823    6  4.0    -0.072   3.293   0.239   3.026
  824    7  5.0     0.013   3.716   0.390   3.006
  825    6  4.0    -0.020   4.278   0.243   3.995
  826    6  4.0    -0.044   3.635   0.566   3.012
  827    8  6.0    -0.104   1.465   0.289   1.004
  828    6  4.0    -0.052   4.030   0.110   3.980
  829    6  4.0    -0.038   3.849   0.115   3.978
  830    6  4.0    -0.000   2.787   0.590   2.995
  831    8  6.0    -0.100   1.225   0.269   1.001
  832    8  6.0    -0.095   1.279   0.268   1.001
  833    7  5.0     0.016   3.798   0.394   3.009
  834    6  4.0    -0.019   4.153   0.251   3.997
  835    6  4.0    -0.044   3.593   0.564   3.014
  836    8  6.0    -0.106   1.378   0.289   1.003
  837    6  4.0    -0.079   3.689   0.068   3.985
  838    7  5.0     0.008   3.865   0.390   3.006
  839    6  4.0    -0.019   4.147   0.247   3.994
  840    6  4.0    -0.042   3.462   0.563   3.014
  841    8  6.0    -0.103   1.386   0.288   1.003
  842    6  4.0    -0.079   3.650   0.064   3.983
  843    7  5.0     0.019   3.556   0.394   3.002
  844    6  4.0    -0.041   3.922   0.201   3.997
  845    6  4.0    -0.044   3.263   0.570   3.009
  846    8  6.0    -0.103   1.366   0.290   1.004
  847    7  5.0     0.031   3.633   0.394   3.006
  848    6  4.0    -0.019   4.330   0.246   3.997
  849    6  4.0    -0.049   3.434   0.568   3.013
  850    8  6.0    -0.113   1.449   0.291   1.004
  851    6  4.0    -0.040   4.121   0.121   3.989
  852    6  4.0    -0.039   3.684   0.295   3.022
  853    6  4.0    -0.065   3.457   0.233   3.031
  854    6  4.0    -0.065   3.458   0.234   3.031
  855    6  4.0    -0.065   3.245   0.234   3.023
  856    6  4.0    -0.065   3.241   0.232   3.023
  857    6  4.0    -0.065   3.233   0.236   3.024
  858    7  5.0     0.008   3.540   0.395   3.007
  859    6  4.0    -0.018   4.338   0.250   4.001
  860    6  4.0    -0.047   3.460   0.567   3.012
  861    8  6.0    -0.107   1.421   0.289   1.003
  862    6  4.0    -0.045   4.071   0.126   3.986
  863    6  4.0    -0.058   3.777   0.387   3.224
  864    7  5.0     0.066   3.436   0.453   3.172
  865    6  4.0    -0.051   3.364   0.328   3.240
  866    6  4.0    -0.068   3.264   0.459   3.285
  867    7  5.0    -0.080   2.416   0.419   2.166
  868    7  5.0     0.024   3.629   0.392   3.010
  869    6  4.0    -0.022   4.324   0.248   3.993
  870    6  4.0    -0.046   3.471   0.570   3.015
  871    8  6.0    -0.102   1.480   0.293   1.004
  872    6  4.0    -0.057   4.246   0.115   3.992
  873    6  4.0    -0.038   3.899   0.173   3.977
  874    6  4.0    -0.083   3.596   0.067   3.985
  875    6  4.0    -0.081   3.669   0.066   3.985
  876    7  5.0     0.025   3.619   0.392   3.006
  877    6  4.0    -0.017   4.329   0.243   3.996
  878    6  4.0    -0.039   3.614   0.564   3.010
  879    8  6.0    -0.107   1.696   0.289   1.003
  880    6  4.0    -0.040   4.086   0.120   3.988
  881    6  4.0    -0.041   3.226   0.573   2.997
  882    8  6.0    -0.118   1.703   0.291   1.004
  883    7  5.0    -0.067   2.897   0.298   3.003
  884    7  5.0    -0.004   3.506   0.390   3.004
  885    6  4.0    -0.019   4.279   0.242   3.993
  886    6  4.0    -0.036   3.808   0.566   3.011
  887    8  6.0    -0.108   1.566   0.290   1.004
  888    6  4.0    -0.054   4.046   0.114   3.983
  889    6  4.0    -0.038   3.867   0.117   3.978
  890    6  4.0    -0.000   2.965   0.584   2.995
  891    8  6.0    -0.102   1.297   0.266   1.001
  892    8  6.0    -0.104   1.280   0.265   1.001
  893    7  5.0     0.029   3.710   0.394   3.006
  894    6  4.0    -0.019   4.343   0.250   3.998
  895    6  4.0    -0.041   3.666   0.564   3.013
  896    8  6.0    -0.111   1.466   0.289   1.004
  897    6  4.0    -0.046   4.065   0.129   3.987
  898    6  4.0    -0.054   3.796   0.389   3.228
  899    7  5.0     0.066   3.445   0.454   3.173
  900    6  4.0    -0.049   3.351   0.329   3.242
  901    6  4.0    -0.070   3.265   0.458   3.288
  902    7  5.0    -0.086   2.416   0.420   2.167
  903    7  5.0     0.008   3.729   0.392   3.005
  904    6  4.0    -0.020   4.364   0.244   3.995
  905    6  4.0    -0.045   3.582   0.568   3.011
  906    8  6.0    -0.123   1.585   0.295   1.004
  907    6  4.0    -0.057   4.171   0.110   3.986
  908    6  4.0    -0.039   3.804   0.167   3.975
  909    6  4.0    -0.082   3.669   0.062   3.983
  910    6  4.0    -0.081   3.754   0.067   3.983
  911    7  5.0     0.014   3.678   0.385   3.003
  912    6  4.0    -0.019   4.316   0.240   3.993
  913    6  4.0    -0.044   3.594   0.563   3.012
  914    8  6.0    -0.121   1.573   0.287   1.003
  915    6  4.0    -0.043   4.079   0.117   3.986
  916    6  4.0    -0.042   3.597   0.286   3.016
  917    6  4.0    -0.070   3.453   0.227   3.031
  918    6  4.0    -0.065   3.422   0.228   3.030
  919    6  4.0    -0.072   3.362   0.233   3.022
  920    6  4.0    -0.067   3.380   0.231   3.022
  921    6  4.0    -0.039   3.410   0.403   3.026
  922    8  6.0    -0.033   1.938   0.211   1.992
  923    7  5.0     0.014   3.717   0.391   3.006
  924    6  4.0    -0.019   4.239   0.246   3.996
  925    6  4.0    -0.042   3.613   0.573   3.013
  926    8  6.0    -0.113   1.511   0.293   1.004
  927    6  4.0    -0.054   3.744   0.196   3.979
  928    8  6.0    -0.048   1.807   0.182   1.987
  929    7  5.0     0.016   3.739   0.397   3.012
  930    6  4.0    -0.021   4.343   0.244   3.995
  931    6  4.0    -0.040   3.806   0.560   3.012
  932    8  6.0    -0.111   1.536   0.288   1.003
  933    6  4.0    -0.055   4.115   0.117   4.008
  934    6  4.0    -0.059   3.576   0.214   3.976
  935   16  6.0    -0.014   3.100   0.304   2.014
  936    6  4.0    -0.087   3.174   0.160   3.975
  937    7  5.0     0.013   3.825   0.389   3.004
  938    6  4.0    -0.020   4.532   0.240   3.998
  939    6  4.0    -0.042   3.747   0.563   3.010
  940    8  6.0    -0.119   1.709   0.289   1.004
  941    6  4.0    -0.036   4.231   0.167   3.982
  942    6  4.0    -0.060   3.911   0.122   3.983
  943    6  4.0    -0.080   3.842   0.067   3.983
  944    6  4.0    -0.082   3.593   0.071   3.979
  945    7  5.0     0.006   3.709   0.389   3.004
  946    6  4.0    -0.020   4.516   0.235   3.995
  947    6  4.0    -0.042   3.750   0.562   3.013
  948    8  6.0    -0.103   1.560   0.287   1.003
  949    6  4.0    -0.035   4.198   0.161   3.980
  950    6  4.0    -0.059   3.897   0.125   3.985
  951    6  4.0    -0.079   3.792   0.064   3.982
  952    6  4.0    -0.082   3.681   0.072   3.980
  953    7  5.0     0.013   3.698   0.394   3.005
  954    6  4.0    -0.019   4.275   0.247   3.996
  955    6  4.0    -0.040   3.543   0.568   3.011
  956    8  6.0    -0.094   1.376   0.291   1.004
  957    6  4.0    -0.057   4.034   0.114   3.982
  958    6  4.0    -0.058   3.784   0.114   3.978
  959    6  4.0    -0.059   3.845   0.192   3.985
  960    7  5.0    -0.007   3.300   0.393   3.016
  961    6  4.0    -0.078   3.329   0.665   3.005
  962    7  5.0    -0.065   3.051   0.296   3.016
  963    7  5.0    -0.057   2.951   0.300   3.018
  964    7  5.0     0.017   3.624   0.391   3.004
  965    6  4.0    -0.020   4.297   0.242   3.993
  966    6  4.0    -0.042   3.579   0.570   3.010
  967    8  6.0    -0.110   1.549   0.296   1.004
  968    6  4.0    -0.057   4.011   0.114   3.984
  969    6  4.0    -0.055   4.015   0.116   3.978
  970    6  4.0    -0.058   3.926   0.190   3.986
  971    7  5.0    -0.010   3.277   0.390   3.017
  972    6  4.0    -0.079   3.337   0.670   3.005
  973    7  5.0    -0.049   3.108   0.301   3.019
  974    7  5.0    -0.062   2.934   0.300   3.018
  975    7  5.0     0.017   3.696   0.390   3.003
  976    6  4.0    -0.019   4.307   0.241   3.995
  977    6  4.0    -0.048   3.415   0.570   3.013
  978    8  6.0    -0.112   1.465   0.291   1.004
  979    6  4.0    -0.042   4.165   0.119   3.989
  980    6  4.0    -0.042   3.674   0.287   3.017
  981    6  4.0    -0.070   3.531   0.229   3.028
  982    6  4.0    -0.068   3.436   0.225   3.031
  983    6  4.0    -0.071   3.398   0.227   3.021
  984    6  4.0    -0.070   3.376   0.233   3.020
  985    6  4.0    -0.039   3.391   0.394   3.024
  986    8  6.0    -0.038   1.941   0.207   1.992
  987    7  5.0     0.033   3.635   0.394   3.006
  988    6  4.0    -0.019   4.290   0.246   3.997
  989    6  4.0    -0.044   3.477   0.571   3.015
  990    8  6.0    -0.089   1.456   0.293   1.004
  991    6  4.0    -0.054   3.835   0.204   3.982
  992    8  6.0    -0.054   1.890   0.189   1.988
  993    7  5.0     0.027   3.683   0.392   3.005
  994    6  4.0    -0.017   4.352   0.241   3.996
  995    6  4.0    -0.036   3.699   0.556   3.005
  996    8  6.0    -0.101   1.722   0.283   1.003
  997    6  4.0    -0.040   4.060   0.119   3.984
  998    6  4.0    -0.004   3.006   0.603   2.997
  999    8  6.0    -0.110   1.236   0.272   1.001
 1000    8  6.0    -0.112   1.891   0.274   1.002
 1001    7  5.0     0.010   3.675   0.390   3.005
 1002    6  4.0    -0.018   4.343   0.246   3.993
 1003    6  4.0    -0.042   3.583   0.569   3.017
 1004    8  6.0    -0.100   1.383   0.288   1.004
 1005    6  4.0    -0.052   4.092   0.119   3.988
 1006    6  4.0    -0.040   3.886   0.125   3.981
 1007    6  4.0    -0.001   2.830   0.590   2.997
 1008    8  6.0    -0.093   1.328   0.268   1.001
 1009    8  6.0    -0.093   1.208   0.265   1.001
 1010    7  5.0     0.010   3.609   0.398   3.003
 1011    6  4.0    -0.040   3.939   0.202   4.000
 1012    6  4.0    -0.041   3.306   0.566   3.010
 1013    8  6.0    -0.098   1.363   0.286   1.003
 1014    7  5.0     0.017   3.580   0.393   3.004
 1015    6  4.0    -0.042   3.924   0.198   3.997
 1016    6  4.0    -0.047   3.297   0.564   3.006
 1017    8  6.0    -0.111   1.381   0.287   1.003
 1018    7  5.0     0.034   3.726   0.387   3.005
 1019    6  4.0    -0.018   4.329   0.242   3.994
 1020    6  4.0    -0.048   3.432   0.562   3.008
 1021    8  6.0    -0.122   1.805   0.288   1.006
 1022    6  4.0    -0.039   4.095   0.118   3.988
 1023    6  4.0    -0.039   3.086   0.567   2.996
 1024    8  6.0    -0.108   1.316   0.288   1.004
 1025    7  5.0    -0.044   2.865   0.297   3.003
 1026    7  5.0     0.007   3.497   0.389   3.006
 1027    6  4.0    -0.021   4.279   0.244   3.992
 1028    6  4.0    -0.046   3.537   0.569   3.016
 1029    8  6.0    -0.115   1.570   0.294   1.004
 1030    6  4.0    -0.051   4.131   0.119   4.016
 1031    6  4.0    -0.063   3.609   0.223   3.978
 1032   16  6.0    -0.018   3.108   0.312   2.021
 1033    6  4.0    -0.086   3.213   0.159   3.975
 1034    7  5.0     0.015   3.661   0.394   3.007
 1035    6  4.0    -0.017   4.396   0.246   3.999
 1036    6  4.0    -0.039   3.670   0.566   3.009
 1037    8  6.0    -0.113   1.628   0.288   1.003
 1038    6  4.0    -0.052   4.206   0.120   3.983
 1039    6  4.0    -0.033   3.577   0.614   3.825
 1040    8  6.0    -0.093   2.172   0.288   1.761
 1041    8  6.0    -0.142   2.061   0.373   1.996
 1042    7  5.0     0.002   3.554   0.394   3.004
 1043    6  4.0    -0.018   4.336   0.244   3.993
 1044    6  4.0    -0.039   3.640   0.564   3.014
 1045    8  6.0    -0.114   1.602   0.291   1.004
 1046    6  4.0    -0.042   4.138   0.124   3.991
 1047    6  4.0    -0.039   3.698   0.293   3.022
 1048    6  4.0    -0.069   3.467   0.229   3.028
 1049    6  4.0    -0.069   3.435   0.234   3.030
 1050    6  4.0    -0.072   3.247   0.228   3.020
 1051    6  4.0    -0.072   3.240   0.235   3.022
 1052    6  4.0    -0.071   3.249   0.231   3.023
 1053    7  5.0     0.005   3.706   0.391   3.004
 1054    6  4.0    -0.019   4.390   0.244   3.999
 1055    6  4.0    -0.040   3.713   0.568   3.012
 1056    8  6.0    -0.119   1.581   0.292   1.004
 1057    6  4.0    -0.049   4.174   0.119   3.983
 1058    6  4.0    -0.036   3.624   0.612   3.840
 1059    8  6.0    -0.106   2.267   0.319   1.959
 1060    8  6.0    -0.099   2.005   0.307   1.938
 1061    7  5.0    -0.001   4.028   0.390   3.006
 1062    6  4.0    -0.020   4.503   0.243   3.998
 1063    6  4.0    -0.043   3.585   0.564   3.010
 1064    8  6.0    -0.113   1.533   0.287   1.003
 1065    6  4.0    -0.046   4.251   0.119   3.988
 1066    6  4.0    -0.057   3.505   0.574   3.187
 1067    8  6.0    -0.121   1.470   0.291   1.005
 1068    7  5.0    -0.050   3.866   0.341   3.975
 1069    7  5.0     0.010   3.725   0.395   3.009
 1070    6  4.0    -0.019   4.382   0.243   3.992
 1071    6  4.0    -0.038   3.632   0.555   3.008
 1072    8  6.0    -0.110   1.447   0.283   1.003
 1073    6  4.0    -0.043   4.191   0.122   3.990
 1074    6  4.0    -0.040   3.731   0.292   3.020
 1075    6  4.0    -0.070   3.526   0.230   3.030
 1076    6  4.0    -0.070   3.446   0.233   3.029
 1077    6  4.0    -0.073   3.256   0.231   3.020
 1078    6  4.0    -0.072   3.228   0.230   3.021
 1079    6  4.0    -0.071   3.220   0.231   3.023
 1080    7  5.0     0.011   3.680   0.390   3.003
 1081    6  4.0    -0.020   4.484   0.237   3.994
 1082    6  4.0    -0.043   3.699   0.564   3.015
 1083    8  6.0    -0.120   1.599   0.289   1.004
 1084    6  4.0    -0.036   4.189   0.161   3.980
 1085    6  4.0    -0.059   3.905   0.117   3.982
 1086    6  4.0    -0.080   3.794   0.065   3.982
 1087    6  4.0    -0.082   3.546   0.066   3.977
 1088    7  5.0     0.005   3.676   0.391   3.004
 1089    6  4.0    -0.019   4.255   0.242   3.997
 1090    6  4.0    -0.042   3.581   0.558   3.009
 1091    8  6.0    -0.115   1.462   0.284   1.003
 1092    6  4.0    -0.055   3.769   0.204   3.979
 1093    8  6.0    -0.050   1.886   0.191   1.989
 1094    7  5.0     0.018   3.686   0.390   3.006
 1095    6  4.0    -0.018   4.347   0.246   4.012
 1096    6  4.0    -0.041   3.767   0.574   3.014
 1097    8  6.0    -0.119   1.684   0.296   1.004
 1098    6  4.0    -0.058   3.672   0.204   3.980
 1099   16  6.0    -0.025   2.809   0.232   2.006
 1100    7  5.0     0.006   3.701   0.390   3.005
 1101    6  4.0    -0.020   4.318   0.239   3.992
 1102    6  4.0    -0.042   3.602   0.567   3.010
 1103    8  6.0    -0.115   1.650   0.293   1.004
 1104    6  4.0    -0.057   4.175   0.109   3.986
 1105    6  4.0    -0.036   3.850   0.169   3.976
 1106    6  4.0    -0.081   3.598   0.063   3.982
 1107    6  4.0    -0.080   3.689   0.068   3.986
 1108    7  5.0     0.014   3.736   0.391   3.008
 1109    6  4.0    -0.021   4.460   0.239   3.999
 1110    6  4.0    -0.042   3.747   0.574   3.014
 1111    8  6.0    -0.114   1.452   0.293   1.004
 1112    6  4.0    -0.037   4.043   0.161   3.977
 1113    6  4.0    -0.080   3.712   0.064   3.982
 1114    6  4.0    -0.083   3.718   0.064   3.982
 1115    7  5.0     0.007   3.734   0.396   3.009
 1116    6  4.0    -0.021   4.294   0.251   3.997
 1117    6  4.0    -0.043   3.640   0.569   3.013
 1118    8  6.0    -0.120   1.593   0.289   1.003
 1119    6  4.0    -0.057   4.130   0.127   3.996
 1120    6  4.0    -0.057   4.055   0.130   3.983
 1121    6  4.0    -0.058   3.984   0.203   3.996
 1122    7  5.0    -0.016   3.306   0.399   3.020
 1123    6  4.0    -0.079   3.392   0.669   3.008
 1124    7  5.0    -0.059   3.342   0.300   3.018
 1125    7  5.0    -0.056   2.997   0.296   3.016
 1126    7  5.0     0.011   3.721   0.397   3.009
 1127    6  4.0    -0.021   4.324   0.246   3.994
 1128    6  4.0    -0.042   3.663   0.558   3.010
 1129    8  6.0    -0.115   1.538   0.283   1.003
 1130    6  4.0    -0.056   4.258   0.118   3.995
 1131    6  4.0    -0.037   3.911   0.182   3.980
 1132    6  4.0    -0.081   3.666   0.068   3.987
 1133    6  4.0    -0.081   3.646   0.071   3.990
 1134    7  5.0     0.008   3.699   0.391   3.006
 1135    6  4.0    -0.017   4.315   0.244   3.995
 1136    6  4.0    -0.037   3.707   0.569   3.012
 1137    8  6.0    -0.111   1.516   0.293   1.004
 1138    6  4.0    -0.038   4.045   0.116   3.984
 1139    6  4.0    -0.001   2.922   0.605   2.995
 1140    8  6.0    -0.103   1.251   0.273   1.001
 1141    8  6.0    -0.116   1.486   0.280   1.001
 1142    7  5.0     0.019   3.687   0.392   3.006
 1143    6  4.0    -0.021   4.141   0.249   3.994
 1144    6  4.0    -0.043   3.570   0.569   3.014
 1145    8  6.0    -0.116   1.516   0.291   1.004
 1146    6  4.0    -0.081   3.680   0.064   3.983
 1147    7  5.0     0.007   3.794   0.394   3.006
 1148    6  4.0    -0.020   4.465   0.245   3.998
 1149    6  4.0    -0.043   3.566   0.567   3.012
 1150    8  6.0    -0.112   1.452   0.291   1.004
 1151    6  4.0    -0.054   4.072   0.118   4.012
 1152    6  4.0    -0.063   3.583   0.217   3.977
 1153   16  6.0    -0.014   3.016   0.322   2.021
 1154    6  4.0    -0.085   3.189   0.174   3.977
 1155    7  5.0     0.020   3.723   0.396   3.010
 1156    6  4.0    -0.020   4.312   0.243   3.996
 1157    6  4.0    -0.043   3.610   0.562   3.013
 1158    8  6.0    -0.115   1.535   0.290   1.004
 1159    6  4.0    -0.044   4.095   0.118   3.987
 1160    6  4.0    -0.040   3.598   0.288   3.018
 1161    6  4.0    -0.067   3.419   0.230   3.029
 1162    6  4.0    -0.068   3.424   0.229   3.027
 1163    6  4.0    -0.068   3.211   0.231   3.020
 1164    6  4.0    -0.070   3.234   0.227   3.020
 1165    6  4.0    -0.068   3.204   0.231   3.022
 1166    7  5.0     0.006   3.672   0.388   3.003
 1167    6  4.0    -0.020   4.268   0.241   3.995
 1168    6  4.0    -0.042   3.605   0.574   3.012
 1169    8  6.0    -0.116   1.551   0.295   1.004
 1170    6  4.0    -0.057   4.035   0.114   3.983
 1171    6  4.0    -0.059   3.789   0.112   3.977
 1172    6  4.0    -0.058   3.844   0.188   3.984
 1173    7  5.0    -0.002   3.351   0.390   3.015
 1174    6  4.0    -0.079   3.312   0.662   3.005
 1175    7  5.0    -0.060   3.033   0.298   3.017
 1176    7  5.0    -0.063   2.984   0.296   3.017
 1177    7  5.0     0.013   3.685   0.399   3.008
 1178    6  4.0    -0.021   4.134   0.250   3.996
 1179    6  4.0    -0.043   3.610   0.567   3.018
 1180    8  6.0    -0.116   1.468   0.288   1.004
 1181    6  4.0    -0.081   3.630   0.063   3.982
 1182    7  5.0     0.010   3.686   0.397   3.008
 1183    6  4.0    -0.018   4.357   0.249   4.003
 1184    6  4.0    -0.040   3.721   0.568   3.014
 1185    8  6.0    -0.109   1.527   0.289   1.004
 1186    6  4.0    -0.043   4.131   0.125   3.991
 1187    6  4.0    -0.038   3.677   0.293   3.022
 1188    6  4.0    -0.069   3.439   0.233   3.030
 1189    6  4.0    -0.064   3.471   0.230   3.029
 1190    6  4.0    -0.070   3.252   0.233   3.022
 1191    6  4.0    -0.066   3.224   0.232   3.021
 1192    6  4.0    -0.067   3.238   0.233   3.023
 1193    7  5.0     0.009   3.727   0.398   3.007
 1194    6  4.0    -0.020   4.295   0.251   3.998
 1195    6  4.0    -0.043   3.651   0.574   3.016
 1196    8  6.0    -0.106   1.525   0.297   1.005
 1197    6  4.0    -0.058   4.024   0.116   3.986
 1198    6  4.0    -0.059   3.837   0.118   3.981
 1199    6  4.0    -0.060   3.782   0.119   3.981
 1200    6  4.0    -0.083   3.693   0.173   3.978
 1201    7  5.0     0.079   3.406   0.220   3.987
 1202    7  5.0     0.005   3.723   0.393   3.006
 1203    6  4.0    -0.019   4.262   0.247   3.998
 1204    6  4.0    -0.043   3.600   0.570   3.011
 1205    8  6.0    -0.111   1.395   0.293   1.004
 1206    6  4.0    -0.054   3.746   0.203   3.980
 1207    8  6.0    -0.048   1.872   0.188   1.988
 1208    7  5.0     0.011   3.825   0.392   3.006
 1209    6  4.0    -0.020   4.339   0.244   3.994
 1210    6  4.0    -0.048   3.447   0.569   3.009
 1211    8  6.0    -0.108   1.385   0.292   1.004
 1212    6  4.0    -0.055   4.206   0.113   3.990
 1213    6  4.0    -0.037   3.828   0.172   3.977
 1214    6  4.0    -0.080   3.678   0.066   3.983
 1215    6  4.0    -0.083   3.595   0.066   3.985
 1216    7  5.0     0.016   3.681   0.392   3.009
 1217    6  4.0    -0.017   4.306   0.241   3.992
 1218    6  4.0    -0.041   3.540   0.557   3.007
 1219    8  6.0    -0.097   1.562   0.288   1.003
 1220    6  4.0    -0.032   4.085   0.121   3.985
 1221    6  4.0     0.003   2.977   0.608   2.997
 1222    8  6.0    -0.115   1.569   0.273   1.001
 1223    8  6.0    -0.107   1.302   0.277   1.002
 1224    7  5.0     0.004   3.576   0.382   3.002
 1225    6  4.0    -0.019   4.277   0.237   3.989
 1226    6  4.0    -0.043   3.493   0.562   3.009
 1227    8  6.0    -0.100   1.374   0.286   1.003
 1228    6  4.0    -0.057   4.041   0.114   3.983
 1229    6  4.0    -0.059   3.859   0.114   3.978
 1230    6  4.0    -0.059   3.793   0.114   3.978
 1231    6  4.0    -0.084   3.706   0.172   3.977
 1232    7  5.0     0.081   3.461   0.221   3.986
 1233    7  5.0     0.022   3.767   0.393   3.005
 1234    6  4.0    -0.018   4.334   0.242   3.994
 1235    6  4.0    -0.044   3.434   0.550   3.009
 1236    8  6.0    -0.095   1.379   0.281   1.002
 1237    6  4.0    -0.038   3.993   0.115   3.982
 1238    6  4.0    -0.002   2.818   0.588   2.995
 1239    8  6.0    -0.093   1.206   0.268   1.001
 1240    8  6.0    -0.092   1.318   0.268   1.001
 1241    7  5.0     0.017   3.439   0.389   3.001
 1242    6  4.0    -0.039   3.919   0.198   3.995
 1243    6  4.0    -0.040   3.322   0.564   3.005
 1244    8  6.0    -0.095   1.352   0.285   1.003
 1245    7  5.0     0.015   3.753   0.391   3.004
 1246    6  4.0    -0.020   4.382   0.240   3.993
 1247    6  4.0    -0.041   3.536   0.560   3.015
 1248    8  6.0    -0.102   1.393   0.287   1.003
 1249    6  4.0    -0.032   3.966   0.241   3.980
 1250    8  6.0    -0.042   2.079   0.177   1.986
 1251    6  4.0    -0.081   3.584   0.061   3.978
 1252    7  5.0     0.012   3.490   0.394   3.001
 1253    6  4.0    -0.041   3.902   0.196   3.996
 1254    6  4.0    -0.047   3.275   0.559   3.006
 1255    8  6.0    -0.109   1.372   0.285   1.003
 1256    7  5.0     0.022   3.618   0.390   3.005
 1257    6  4.0    -0.021   4.300   0.248   3.998
 1258    6  4.0    -0.049   3.471   0.572   3.018
 1259    8  6.0    -0.104   1.446   0.291   1.003
 1260    6  4.0    -0.051   4.129   0.127   3.993
 1261    6  4.0    -0.040   3.995   0.134   3.988
 1262    6  4.0    -0.041   3.064   0.580   3.000
 1263    8  6.0    -0.099   1.294   0.291   1.004
 1264    7  5.0    -0.047   2.890   0.303   3.005
 1265    7  5.0     0.017   3.674   0.396   3.014
 1266    6  4.0    -0.022   4.446   0.242   3.999
 1267    6  4.0    -0.049   3.564   0.562   3.020
 1268    8  6.0    -0.111   1.468   0.282   1.003
 1269    6  4.0    -0.034   4.180   0.164   3.980
 1270    6  4.0    -0.057   3.972   0.119   3.982
 1271    6  4.0    -0.080   3.778   0.067   3.983
 1272    6  4.0    -0.083   3.486   0.067   3.978
 1273    7  5.0     0.007   3.507   0.394   3.011
 1274    6  4.0    -0.021   4.254   0.245   3.994
 1275    6  4.0    -0.049   3.519   0.569   3.013
 1276    8  6.0    -0.105   1.456   0.296   1.004
 1277    6  4.0    -0.051   4.031   0.115   3.984
 1278    6  4.0    -0.040   3.884   0.118   3.982
 1279    6  4.0    -0.041   3.009   0.562   2.996
 1280    8  6.0    -0.098   1.289   0.285   1.003
 1281    7  5.0    -0.049   2.858   0.297   3.002
 1282    7  5.0     0.008   3.581   0.388   3.003
 1283    6  4.0    -0.019   4.473   0.241   4.000
 1284    6  4.0    -0.048   3.554   0.564   3.014
 1285    8  6.0    -0.108   1.445   0.289   1.003
 1286    6  4.0    -0.032   4.096   0.169   3.983
 1287    6  4.0    -0.081   3.682   0.065   3.983
 1288    6  4.0    -0.079   3.761   0.066   3.984
 1289    7  5.0     0.027   3.662   0.393   3.010
 1290    6  4.0    -0.019   4.300   0.245   3.996
 1291    6  4.0    -0.038   3.626   0.563   3.015
 1292    8  6.0    -0.111   1.670   0.287   1.004
 1293    6  4.0    -0.040   4.055   0.116   3.986
 1294    6  4.0    -0.040   3.192   0.579   2.996
 1295    8  6.0    -0.114   1.525   0.295   1.005
 1296    7  5.0    -0.041   2.956   0.302   3.004
 1297    7  5.0    -0.003   3.556   0.396   3.003
 1298    6  4.0    -0.020   4.478   0.237   3.995
 1299    6  4.0    -0.043   3.714   0.567   3.009
 1300    8  6.0    -0.120   1.573   0.294   1.004
 1301    6  4.0    -0.036   4.175   0.161   3.979
 1302    6  4.0    -0.057   3.956   0.134   3.987
 1303    6  4.0    -0.081   3.747   0.065   3.984
 1304    6  4.0    -0.082   3.516   0.081   3.982
 1305    7  5.0     0.008   3.763   0.389   3.004
 1306    6  4.0    -0.020   4.301   0.242   3.998
 1307    6  4.0    -0.042   3.542   0.565   3.010
 1308    8  6.0    -0.113   1.463   0.288   1.004
 1309    6  4.0    -0.058   4.082   0.111   3.980
 1310    6  4.0    -0.042   3.910   0.115   3.982
 1311    6  4.0    -0.041   2.983   0.558   2.994
 1312    8  6.0    -0.102   1.254   0.283   1.003
 1313    7  5.0    -0.051   2.940   0.296   3.001
 1314    7  5.0     0.012   3.747   0.389   3.008
 1315    6  4.0    -0.023   4.266   0.240   3.994
 1316    6  4.0    -0.043   3.573   0.559   3.009
 1317    8  6.0    -0.117   1.582   0.289   1.003
 1318    6  4.0    -0.055   4.060   0.120   3.986
 1319    6  4.0    -0.041   3.914   0.126   3.982
 1320    6  4.0    -0.005   2.838   0.599   2.997
 1321    8  6.0    -0.110   1.446   0.270   1.001
 1322    8  6.0    -0.099   1.225   0.272   1.001
 1323    7  5.0     0.006   3.643   0.387   3.004
 1324    6  4.0    -0.018   4.283   0.239   3.991
 1325    6  4.0    -0.037   3.676   0.558   3.007
 1326    8  6.0    -0.117   1.603   0.288   1.003
 1327    6  4.0    -0.043   4.103   0.121   3.985
 1328    6  4.0    -0.042   3.832   0.289   3.113
 1329    6  4.0    -0.084   3.494   0.324   3.216
 1330    6  4.0    -0.015   4.062   0.309   3.180
 1331    7  5.0     0.038   3.308   0.419   3.104
 1332    6  4.0    -0.034   3.987   0.405   3.211
 1333    6  4.0    -0.072   3.347   0.221   3.016
 1334    6  4.0    -0.075   3.332   0.237   3.014
 1335    6  4.0    -0.070   3.205   0.219   3.020
 1336    6  4.0    -0.068   3.218   0.235   3.026
 1337    7  5.0     0.011   3.694   0.387   3.004
 1338    6  4.0    -0.022   4.328   0.243   3.991
 1339    6  4.0    -0.043   3.545   0.561   3.009
 1340    8  6.0    -0.116   1.591   0.287   1.003
 1341    6  4.0    -0.057   4.194   0.115   3.990
 1342    6  4.0    -0.039   3.882   0.170   3.977
 1343    6  4.0    -0.082   3.576   0.064   3.984
 1344    6  4.0    -0.082   3.670   0.066   3.985
 1345    7  5.0     0.014   3.668   0.393   3.008
 1346    6  4.0    -0.019   4.330   0.245   3.995
 1347    6  4.0    -0.039   3.708   0.569   3.013
 1348    8  6.0    -0.103   1.454   0.293   1.004
 1349    6  4.0    -0.055   4.120   0.115   3.984
 1350    6  4.0    -0.040   3.952   0.120   3.983
 1351    6  4.0    -0.038   3.081   0.566   2.996
 1352    8  6.0    -0.101   1.269   0.287   1.004
 1353    7  5.0    -0.052   2.957   0.297   3.002
 1354    7  5.0     0.011   3.724   0.395   3.006
 1355    6  4.0    -0.020   4.325   0.249   3.995
 1356    6  4.0    -0.042   3.479   0.571   3.010
 1357    8  6.0    -0.105   1.383   0.295   1.004
 1358    6  4.0    -0.057   4.227   0.116   3.993
 1359    6  4.0    -0.037   3.897   0.179   3.979
 1360    6  4.0    -0.082   3.600   0.070   3.986
 1361    6  4.0    -0.082   3.645   0.067   3.986
 1362    7  5.0     0.010   3.677   0.389   3.002
 1363    6  4.0    -0.019   4.385   0.239   3.995
 1364    6  4.0    -0.043   3.501   0.567   3.013
 1365    8  6.0    -0.107   1.420   0.289   1.004
 1366    6  4.0    -0.032   3.970   0.243   3.979
 1367    8  6.0    -0.051   2.020   0.175   1.986
 1368    6  4.0    -0.082   3.639   0.068   3.980
 1369    7  5.0     0.015   3.703   0.395   3.005
 1370    6  4.0    -0.019   4.437   0.249   3.997
 1371    6  4.0    -0.045   3.531   0.568   3.014
 1372    8  6.0    -0.108   1.464   0.293   1.004
 1373    6  4.0    -0.053   4.159   0.119   4.018
 1374    6  4.0    -0.061   3.584   0.220   3.978
 1375   16  6.0    -0.012   2.954   0.316   2.024
 1376    6  4.0    -0.085   3.165   0.166   3.976
 1377    7  5.0     0.012   3.569   0.388   3.006
 1378    6  4.0    -0.017   4.351   0.242   3.997
 1379    6  4.0    -0.044   3.533   0.566   3.010
 1380    8  6.0    -0.103   1.466   0.291   1.003
 1381    6  4.0    -0.038   4.126   0.118   3.986
 1382    6  4.0    -0.035   3.637   0.286   3.018
 1383    6  4.0    -0.060   3.409   0.231   3.031
 1384    6  4.0    -0.067   3.464   0.226   3.031
 1385    6  4.0    -0.066   3.385   0.235   3.022
 1386    6  4.0    -0.067   3.340   0.232   3.021
 1387    6  4.0    -0.036   3.400   0.402   3.027
 1388    8  6.0    -0.034   1.996   0.211   1.992
 1389    7  5.0     0.022   3.663   0.393   3.009
 1390    6  4.0    -0.020   4.186   0.246   3.989
 1391    6  4.0    -0.004   3.082   0.601   3.002
 1392    8  6.0    -0.100   1.328   0.271   1.001
 1393    6  4.0    -0.051   3.919   0.200   3.982
 1394    8  6.0    -0.044   2.034   0.185   1.988
 1395    8  6.0    -0.122   1.820   0.278   1.002
 1396   20 10.0     1.009   9.360   0.314   8.802
 1397   20 10.0     1.042  12.989   0.520   9.626
 1398   20 10.0     1.039   9.375   0.282   6.993
 1399   20 10.0     1.028  10.252   0.276   7.615
 1400    8  6.0    -0.086   2.074   0.061   2.795
 1401    8  6.0    -0.084   1.526   0.018   1.837
 1402    8  6.0     0.016   2.162   0.059   2.790
 1403    8  6.0    -0.084   1.555   0.018   1.837
 1404    8  6.0    -0.074   1.403   0.018   1.837
 1405    8  6.0    -0.087   1.448   0.018   1.837
 1406    8  6.0    -0.091   1.563   0.018   1.837
 1407    8  6.0    -0.089   1.350   0.018   1.837
 1408    8  6.0    -0.085   1.347   0.018   1.837
 1409    8  6.0    -0.069   1.320   0.018   1.837
 1410    8  6.0    -0.078   1.374   0.018   1.837
 1411    1  1.0    -0.004   0.893   0.037   0.997
 1412    1  1.0     0.004   0.894   0.037   0.997
 1413    1  1.0     0.005   0.903   0.037   0.997
 1414    1  1.0     0.038   0.976   0.003   0.994
 1415    1  1.0     0.040   1.199   0.003   0.995
 1416    1  1.0     0.043   0.914   0.003   0.994
 1417    1  1.0     0.048   0.907   0.003   0.994
 1418    1  1.0     0.048   0.918   0.003   0.994
 1419    1  1.0     0.036   1.002   0.037   0.997
 1420    1  1.0     0.053   0.991   0.003   0.994
 1421    1  1.0     0.055   0.914   0.003   0.994
 1422    1  1.0     0.053   0.919   0.003   0.994
 1423    1  1.0     0.048   0.913   0.003   0.994
 1424    1  1.0     0.049   0.907   0.003   0.994
 1425    1  1.0     0.037   1.008   0.037   0.997
 1426    1  1.0     0.052   0.991   0.003   0.994
 1427    1  1.0     0.049   0.992   0.003   0.994
 1428    1  1.0     0.041   0.831   0.003   0.994
 1429    1  1.0     0.049   0.853   0.003   0.994
 1430    1  1.0     0.042   0.835   0.003   0.994
 1431    1  1.0     0.047   0.833   0.003   0.994
 1432    1  1.0     0.040   0.838   0.003   0.994
 1433    1  1.0     0.045   0.838   0.003   0.994
 1434    1  1.0     0.043   1.057   0.037   0.997
 1435    1  1.0     0.050   1.000   0.003   0.994
 1436    1  1.0     0.043   0.904   0.003   0.994
 1437    1  1.0     0.045   0.908   0.003   0.994
 1438    1  1.0     0.040   0.908   0.003   0.994
 1439    1  1.0     0.040   0.897   0.003   0.994
 1440    1  1.0     0.034   1.168   0.003   0.995
 1441    1  1.0     0.043   0.951   0.003   0.994
 1442    1  1.0     0.056   1.087   0.037   0.997
 1443    1  1.0     0.046   0.898   0.037   0.997
 1444    1  1.0     0.043   0.927   0.037   0.997
 1445    1  1.0     0.047   0.899   0.037   0.997
 1446    1  1.0     0.053   0.899   0.037   0.997
 1447    1  1.0     0.054   1.005   0.037   0.997
 1448    1  1.0     0.063   1.021   0.003   0.994
 1449    1  1.0     0.055   0.916   0.003   0.994
 1450    1  1.0     0.046   0.909   0.003   0.994
 1451    1  1.0     0.046   0.904   0.003   0.994
 1452    1  1.0     0.045   0.918   0.003   0.994
 1453    1  1.0     0.051   0.893   0.037   0.997
 1454    1  1.0     0.043   0.904   0.037   0.997
 1455    1  1.0     0.060   1.041   0.037   0.997
 1456    1  1.0     0.054   0.986   0.003   0.994
 1457    1  1.0     0.052   0.924   0.003   0.994
 1458    1  1.0     0.049   0.911   0.003   0.994
 1459    1  1.0     0.060   0.916   0.003   0.995
 1460    1  1.0     0.061   0.917   0.003   0.995
 1461    1  1.0     0.068   0.911   0.003   0.995
 1462    1  1.0     0.061   0.916   0.003   0.995
 1463    1  1.0     0.066   0.911   0.003   0.995
 1464    1  1.0     0.054   1.053   0.037   0.997
 1465    1  1.0     0.055   0.981   0.003   0.994
 1466    1  1.0     0.052   0.929   0.003   0.994
 1467    1  1.0     0.048   0.954   0.003   0.994
 1468    1  1.0     0.050   0.928   0.003   0.994
 1469    1  1.0     0.040   0.910   0.003   0.994
 1470    1  1.0     0.049   0.910   0.003   0.994
 1471    1  1.0     0.042   0.899   0.003   0.994
 1472    1  1.0     0.040   1.002   0.037   0.997
 1473    1  1.0     0.047   0.898   0.037   0.997
 1474    1  1.0     0.048   0.922   0.037   0.997
 1475    1  1.0     0.047   0.898   0.037   0.997
 1476    1  1.0     0.043   0.898   0.037   0.997
 1477    1  1.0     0.055   1.031   0.037   0.997
 1478    1  1.0     0.052   0.987   0.003   0.994
 1479    1  1.0     0.052   0.937   0.003   0.994
 1480    1  1.0     0.053   0.909   0.003   0.994
 1481    1  1.0     0.050   0.904   0.003   0.994
 1482    1  1.0     0.041   0.908   0.003   0.994
 1483    1  1.0     0.040   0.893   0.003   0.994
 1484    1  1.0     0.041   0.920   0.003   0.994
 1485    1  1.0     0.049   1.004   0.037   0.997
 1486    1  1.0     0.047   0.900   0.037   0.997
 1487    1  1.0     0.044   0.917   0.037   0.997
 1488    1  1.0     0.047   0.901   0.037   0.997
 1489    1  1.0     0.053   0.901   0.037   0.997
 1490    1  1.0     0.060   1.075   0.037   0.997
 1491    1  1.0     0.053   0.981   0.003   0.994
 1492    1  1.0     0.053   0.918   0.003   0.994
 1493    1  1.0     0.044   0.910   0.003   0.994
 1494    1  1.0     0.048   0.994   0.003   0.994
 1495    1  1.0     0.037   0.830   0.003   0.994
 1496    1  1.0     0.052   0.837   0.003   0.994
 1497    1  1.0     0.040   0.835   0.003   0.994
 1498    1  1.0     0.038   0.832   0.003   0.994
 1499    1  1.0     0.038   0.836   0.003   0.994
 1500    1  1.0     0.041   0.832   0.003   0.994
 1501    1  1.0     0.060   1.065   0.037   0.997
 1502    1  1.0     0.055   0.989   0.003   0.994
 1503    1  1.0     0.053   0.926   0.003   0.994
 1504    1  1.0     0.047   0.913   0.003   0.994
 1505    1  1.0     0.070   0.925   0.003   0.995
 1506    1  1.0     0.064   0.915   0.003   0.995
 1507    1  1.0     0.067   0.906   0.003   0.995
 1508    1  1.0     0.065   0.907   0.003   0.995
 1509    1  1.0     0.071   0.907   0.003   0.995
 1510    1  1.0     0.055   1.034   0.037   0.997
 1511    1  1.0     0.055   0.987   0.003   0.994
 1512    1  1.0     0.047   0.831   0.003   0.994
 1513    1  1.0     0.043   0.829   0.003   0.994
 1514    1  1.0     0.051   0.835   0.003   0.994
 1515    1  1.0     0.060   1.095   0.037   0.997
 1516    1  1.0     0.058   0.985   0.003   0.994
 1517    1  1.0     0.061   0.921   0.003   0.994
 1518    1  1.0     0.044   0.902   0.003   0.994
 1519    1  1.0     0.046   0.900   0.003   0.994
 1520    1  1.0     0.050   0.920   0.003   0.994
 1521    1  1.0     0.045   0.896   0.037   0.997
 1522    1  1.0     0.051   0.902   0.037   0.997
 1523    1  1.0     0.060   1.073   0.037   0.997
 1524    1  1.0     0.057   1.015   0.003   0.994
 1525    1  1.0     0.044   0.922   0.003   0.994
 1526    1  1.0     0.047   0.914   0.003   0.994
 1527    1  1.0     0.053   0.985   0.003   0.994
 1528    1  1.0     0.034   0.832   0.003   0.994
 1529    1  1.0     0.040   0.831   0.003   0.994
 1530    1  1.0     0.036   0.835   0.003   0.994
 1531    1  1.0     0.038   0.831   0.003   0.994
 1532    1  1.0     0.038   0.835   0.003   0.994
 1533    1  1.0     0.044   0.852   0.003   0.994
 1534    1  1.0     0.063   1.141   0.037   0.998
 1535    1  1.0     0.033   1.126   0.003   0.994
 1536    1  1.0     0.048   0.931   0.003   0.994
 1537    1  1.0     0.053   0.829   0.003   0.994
 1538    1  1.0     0.056   0.832   0.003   0.994
 1539    1  1.0     0.062   1.011   0.037   0.997
 1540    1  1.0     0.041   0.935   0.003   0.994
 1541    1  1.0     0.055   0.903   0.003   0.994
 1542    1  1.0     0.044   1.045   0.037   0.997
 1543    1  1.0     0.070   1.024   0.003   0.994
 1544    1  1.0     0.057   0.911   0.003   0.994
 1545    1  1.0     0.042   0.910   0.003   0.994
 1546    1  1.0     0.022   1.087   0.037   0.997
 1547    1  1.0     0.059   1.009   0.003   0.994
 1548    1  1.0     0.045   0.909   0.003   0.994
 1549    1  1.0     0.056   0.908   0.003   0.994
 1550    1  1.0     0.054   1.100   0.037   0.997
 1551    1  1.0     0.048   1.032   0.003   0.994
 1552    1  1.0     0.053   0.941   0.003   0.994
 1553    1  1.0     0.059   0.954   0.003   0.994
 1554    1  1.0     0.055   1.038   0.003   0.994
 1555    1  1.0     0.047   1.011   0.003   0.994
 1556    1  1.0     0.045   0.907   0.003   0.994
 1557    1  1.0     0.047   0.908   0.003   0.994
 1558    1  1.0     0.051   0.908   0.003   0.994
 1559    1  1.0     0.031   1.210   0.037   0.998
 1560    1  1.0     0.057   0.998   0.003   0.994
 1561    1  1.0     0.057   0.924   0.003   0.994
 1562    1  1.0     0.046   0.912   0.003   0.994
 1563    1  1.0     0.060   0.903   0.003   0.994
 1564    1  1.0     0.059   0.917   0.003   0.994
 1565    1  1.0     0.060   1.095   0.037   0.998
 1566    1  1.0     0.038   1.123   0.003   0.994
 1567    1  1.0     0.043   0.980   0.003   0.994
 1568    1  1.0     0.035   0.829   0.003   0.994
 1569    1  1.0     0.055   0.853   0.003   0.994
 1570    1  1.0     0.044   0.835   0.003   0.994
 1571    1  1.0     0.044   0.832   0.003   0.994
 1572    1  1.0     0.041   0.837   0.003   0.994
 1573    1  1.0     0.045   0.839   0.003   0.994
 1574    1  1.0     0.031   1.153   0.037   0.997
 1575    1  1.0     0.046   0.987   0.003   0.994
 1576    1  1.0     0.023   0.938   0.003   0.994
 1577    1  1.0     0.037   0.871   0.003   0.994
 1578    1  1.0     0.035   0.950   0.045   0.995
 1579    1  1.0     0.034   0.996   0.037   0.997
 1580    1  1.0     0.049   0.989   0.003   0.994
 1581    1  1.0     0.045   0.837   0.003   0.994
 1582    1  1.0     0.037   0.832   0.003   0.994
 1583    1  1.0     0.038   0.837   0.003   0.994
 1584    1  1.0     0.039   1.010   0.037   0.997
 1585    1  1.0     0.051   0.990   0.003   0.994
 1586    1  1.0     0.038   0.947   0.003   0.994
 1587    1  1.0     0.044   0.904   0.045   0.995
 1588    1  1.0     0.036   0.828   0.003   0.994
 1589    1  1.0     0.049   0.856   0.003   0.994
 1590    1  1.0     0.043   0.833   0.003   0.994
 1591    1  1.0     0.045   1.030   0.037   0.997
 1592    1  1.0     0.052   0.993   0.003   0.994
 1593    1  1.0     0.049   0.909   0.003   0.994
 1594    1  1.0     0.049   0.922   0.003   0.994
 1595    1  1.0     0.035   0.917   0.003   0.994
 1596    1  1.0     0.043   0.908   0.003   0.994
 1597    1  1.0     0.059   1.078   0.037   0.997
 1598    1  1.0     0.046   0.988   0.003   0.994
 1599    1  1.0     0.048   0.916   0.003   0.994
 1600    1  1.0     0.038   0.912   0.003   0.994
 1601    1  1.0     0.046   1.003   0.003   0.994
 1602    1  1.0     0.032   0.832   0.003   0.994
 1603    1  1.0     0.038   0.839   0.003   0.994
 1604    1  1.0     0.033   0.837   0.003   0.994
 1605    1  1.0     0.032   0.829   0.003   0.994
 1606    1  1.0     0.034   0.833   0.003   0.994
 1607    1  1.0     0.038   0.829   0.003   0.994
 1608    1  1.0     0.058   1.082   0.037   0.997
 1609    1  1.0     0.051   1.040   0.003   0.994
 1610    1  1.0     0.051   0.946   0.003   0.994
 1611    1  1.0     0.044   1.027   0.003   0.994
 1612    1  1.0     0.059   1.031   0.003   0.994
 1613    1  1.0     0.052   1.015   0.003   0.994
 1614    1  1.0     0.040   0.924   0.003   0.994
 1615    1  1.0     0.043   0.926   0.003   0.994
 1616    1  1.0     0.049   0.926   0.003   0.994
 1617    1  1.0     0.060   1.042   0.037   0.997
 1618    1  1.0     0.066   1.028   0.003   0.994
 1619    1  1.0     0.049   0.911   0.003   0.994
 1620    1  1.0     0.050   0.915   0.003   0.994
 1621    1  1.0     0.050   0.892   0.037   0.997
 1622    1  1.0     0.043   0.901   0.037   0.997
 1623    1  1.0     0.054   1.004   0.037   0.997
 1624    1  1.0     0.050   1.012   0.003   0.994
 1625    1  1.0     0.038   0.978   0.003   0.994
 1626    1  1.0     0.044   0.919   0.003   0.994
 1627    1  1.0     0.033   0.912   0.003   0.994
 1628    1  1.0     0.034   0.833   0.003   0.994
 1629    1  1.0     0.054   0.850   0.003   0.994
 1630    1  1.0     0.043   0.856   0.003   0.994
 1631    1  1.0     0.033   0.826   0.003   0.994
 1632    1  1.0     0.041   0.840   0.003   0.994
 1633    1  1.0     0.034   0.829   0.003   0.994
 1634    1  1.0     0.059   1.069   0.037   0.997
 1635    1  1.0     0.051   1.007   0.003   0.994
 1636    1  1.0     0.052   0.927   0.003   0.994
 1637    1  1.0     0.051   0.912   0.003   0.994
 1638    1  1.0     0.044   0.990   0.003   0.994
 1639    1  1.0     0.032   0.834   0.003   0.994
 1640    1  1.0     0.039   0.836   0.003   0.994
 1641    1  1.0     0.046   0.839   0.003   0.994
 1642    1  1.0     0.034   0.833   0.003   0.994
 1643    1  1.0     0.038   0.837   0.003   0.994
 1644    1  1.0     0.038   0.839   0.003   0.994
 1645    1  1.0     0.061   1.058   0.037   0.997
 1646    1  1.0     0.058   1.013   0.003   0.994
 1647    1  1.0     0.053   0.915   0.003   0.994
 1648    1  1.0     0.051   0.921   0.003   0.994
 1649    1  1.0     0.061   0.911   0.037   0.997
 1650    1  1.0     0.047   0.902   0.037   0.997
 1651    1  1.0     0.056   1.042   0.037   0.997
 1652    1  1.0     0.053   0.988   0.003   0.994
 1653    1  1.0     0.050   0.915   0.003   0.994
 1654    1  1.0     0.043   0.920   0.003   0.994
 1655    1  1.0     0.047   0.929   0.003   0.994
 1656    1  1.0     0.042   0.907   0.003   0.994
 1657    1  1.0     0.036   0.908   0.003   0.994
 1658    1  1.0     0.034   0.905   0.003   0.994
 1659    1  1.0     0.033   0.891   0.003   0.994
 1660    1  1.0     0.038   0.899   0.003   0.994
 1661    1  1.0    -0.001   0.884   0.037   0.997
 1662    1  1.0     0.000   0.899   0.037   0.997
 1663    1  1.0     0.001   0.886   0.037   0.997
 1664    1  1.0     0.059   1.049   0.037   0.997
 1665    1  1.0     0.055   1.024   0.003   0.994
 1666    1  1.0     0.049   0.981   0.003   0.994
 1667    1  1.0     0.039   0.831   0.003   0.994
 1668    1  1.0     0.052   0.854   0.003   0.994
 1669    1  1.0     0.041   0.835   0.003   0.994
 1670    1  1.0     0.037   0.832   0.003   0.994
 1671    1  1.0     0.037   0.837   0.003   0.994
 1672    1  1.0     0.054   0.899   0.003   0.994
 1673    1  1.0     0.056   1.061   0.037   0.997
 1674    1  1.0     0.053   0.993   0.003   0.994
 1675    1  1.0     0.047   0.997   0.003   0.994
 1676    1  1.0     0.036   0.844   0.003   0.994
 1677    1  1.0     0.040   0.834   0.003   0.994
 1678    1  1.0     0.051   0.853   0.003   0.994
 1679    1  1.0     0.040   0.834   0.003   0.994
 1680    1  1.0     0.055   0.867   0.003   0.994
 1681    1  1.0     0.049   0.857   0.003   0.994
 1682    1  1.0     0.052   1.026   0.037   0.997
 1683    1  1.0     0.058   0.985   0.003   0.994
 1684    1  1.0     0.048   0.939   0.003   0.994
 1685    1  1.0     0.062   0.932   0.045   0.995
 1686    1  1.0     0.042   0.827   0.003   0.994
 1687    1  1.0     0.052   0.853   0.003   0.994
 1688    1  1.0     0.049   0.831   0.003   0.994
 1689    1  1.0     0.053   1.022   0.037   0.997
 1690    1  1.0     0.054   0.983   0.003   0.994
 1691    1  1.0     0.051   0.919   0.003   0.994
 1692    1  1.0     0.054   0.924   0.003   0.994
 1693    1  1.0     0.044   0.927   0.003   0.994
 1694    1  1.0     0.044   0.909   0.003   0.994
 1695    1  1.0     0.038   0.905   0.003   0.994
 1696    1  1.0     0.042   0.901   0.003   0.994
 1697    1  1.0     0.039   0.988   0.037   0.997
 1698    1  1.0     0.045   0.907   0.037   0.997
 1699    1  1.0     0.057   1.007   0.037   0.997
 1700    1  1.0     0.045   0.900   0.037   0.997
 1701    1  1.0     0.046   0.899   0.037   0.997
 1702    1  1.0     0.070   1.201   0.037   0.997
 1703    1  1.0     0.065   1.023   0.003   0.994
 1704    1  1.0     0.060   0.919   0.003   0.994
 1705    1  1.0     0.054   0.923   0.003   0.994
 1706    1  1.0     0.067   0.882   0.003   0.995
 1707    1  1.0     0.061   0.872   0.003   0.995
 1708    1  1.0     0.058   0.970   0.003   0.994
 1709    1  1.0     0.042   0.919   0.003   0.994
 1710    1  1.0     0.050   0.921   0.003   0.994
 1711    1  1.0     0.040   0.915   0.003   0.994
 1712    1  1.0     0.045   0.929   0.003   0.994
 1713    1  1.0     0.048   0.912   0.003   0.994
 1714    1  1.0     0.051   0.907   0.003   0.994
 1715    1  1.0     0.060   1.152   0.037   0.997
 1716    1  1.0     0.056   0.981   0.003   0.994
 1717    1  1.0     0.047   0.904   0.003   0.994
 1718    1  1.0     0.058   0.913   0.003   0.994
 1719    1  1.0     0.067   1.167   0.037   0.997
 1720    1  1.0     0.054   0.998   0.003   0.994
 1721    1  1.0     0.049   0.920   0.003   0.994
 1722    1  1.0     0.059   0.925   0.003   0.994
 1723    1  1.0     0.052   0.987   0.003   0.994
 1724    1  1.0     0.046   0.832   0.003   0.994
 1725    1  1.0     0.042   0.833   0.003   0.994
 1726    1  1.0     0.053   0.839   0.003   0.994
 1727    1  1.0     0.038   0.834   0.003   0.994
 1728    1  1.0     0.048   0.840   0.003   0.994
 1729    1  1.0     0.048   0.837   0.003   0.994
 1730    1  1.0     0.050   1.013   0.037   0.997
 1731    1  1.0     0.051   0.997   0.003   0.994
 1732    1  1.0     0.050   0.924   0.003   0.994
 1733    1  1.0     0.048   0.912   0.003   0.994
 1734    1  1.0     0.041   0.905   0.003   0.994
 1735    1  1.0     0.043   0.903   0.003   0.994
 1736    1  1.0     0.038   0.900   0.003   0.994
 1737    1  1.0     0.045   0.996   0.003   0.994
 1738    1  1.0     0.037   0.891   0.003   0.994
 1739    1  1.0     0.036   0.884   0.003   0.994
 1740    1  1.0     0.002   0.884   0.037   0.997
 1741    1  1.0    -0.003   0.882   0.037   0.997
 1742    1  1.0     0.003   0.889   0.037   0.997
 1743    1  1.0     0.047   1.003   0.037   0.997
 1744    1  1.0     0.042   1.010   0.003   0.994
 1745    1  1.0     0.045   0.939   0.003   0.994
 1746    1  1.0     0.053   1.108   0.045   0.995
 1747    1  1.0     0.040   0.829   0.003   0.994
 1748    1  1.0     0.059   0.846   0.003   0.994
 1749    1  1.0     0.056   0.843   0.003   0.994
 1750    1  1.0     0.034   1.203   0.037   0.998
 1751    1  1.0     0.058   0.987   0.003   0.994
 1752    1  1.0     0.039   0.903   0.003   0.994
 1753    1  1.0     0.060   0.905   0.003   0.994
 1754    1  1.0     0.050   1.265   0.037   0.998
 1755    1  1.0     0.061   0.915   0.003   0.994
 1756    1  1.0     0.044   0.904   0.003   0.994
 1757    1  1.0     0.063   1.222   0.037   1.000
 1758    1  1.0     0.056   1.007   0.003   0.994
 1759    1  1.0     0.047   0.971   0.003   0.994
 1760    1  1.0     0.057   0.923   0.003   0.994
 1761    1  1.0     0.068   0.917   0.003   0.995
 1762    1  1.0     0.056   0.916   0.003   0.995
 1763    1  1.0     0.055   0.937   0.003   0.995
 1764    1  1.0     0.059   0.906   0.003   0.995
 1765    1  1.0     0.059   0.908   0.003   0.995
 1766    1  1.0     0.044   1.100   0.037   0.998
 1767    1  1.0     0.041   0.899   0.003   0.994
 1768    1  1.0     0.052   0.913   0.003   0.994
 1769    1  1.0     0.036   1.000   0.037   0.997
 1770    1  1.0     0.051   1.027   0.003   0.994
 1771    1  1.0     0.038   0.993   0.003   0.994
 1772    1  1.0     0.044   0.930   0.003   0.994
 1773    1  1.0     0.036   0.905   0.003   0.994
 1774    1  1.0     0.042   0.833   0.003   0.994
 1775    1  1.0     0.043   0.837   0.003   0.994
 1776    1  1.0     0.053   0.886   0.003   0.994
 1777    1  1.0     0.037   0.826   0.003   0.994
 1778    1  1.0     0.046   0.841   0.003   0.994
 1779    1  1.0     0.039   0.831   0.003   0.994
 1780    1  1.0     0.044   1.014   0.037   0.997
 1781    1  1.0     0.060   0.997   0.003   0.994
 1782    1  1.0     0.057   0.905   0.003   0.994
 1783    1  1.0     0.051   0.909   0.003   0.994
 1784    1  1.0     0.045   1.001   0.037   0.997
 1785    1  1.0     0.052   0.983   0.003   0.994
 1786    1  1.0     0.048   0.948   0.003   0.994
 1787    1  1.0     0.047   0.921   0.045   0.995
 1788    1  1.0     0.040   0.830   0.003   0.994
 1789    1  1.0     0.044   0.869   0.003   0.994
 1790    1  1.0     0.042   0.838   0.003   0.994
 1791    1  1.0     0.057   1.054   0.037   0.997
 1792    1  1.0     0.048   1.048   0.003   0.994
 1793    1  1.0     0.049   1.003   0.003   0.994
 1794    1  1.0     0.050   1.002   0.003   0.994
 1795    1  1.0     0.045   0.792   0.086   0.996
 1796    1  1.0     0.060   1.063   0.037   0.997
 1797    1  1.0     0.050   0.994   0.003   0.994
 1798    1  1.0     0.048   0.910   0.003   0.994
 1799    1  1.0     0.052   0.919   0.003   0.994
 1800    1  1.0     0.044   0.933   0.003   0.994
 1801    1  1.0     0.040   0.920   0.003   0.994
 1802    1  1.0     0.046   0.912   0.003   0.994
 1803    1  1.0     0.039   0.938   0.003   0.994
 1804    1  1.0     0.042   0.991   0.037   0.997
 1805    1  1.0     0.047   0.899   0.037   0.997
 1806    1  1.0     0.048   0.900   0.037   0.997
 1807    1  1.0     0.046   0.897   0.037   0.997
 1808    1  1.0     0.041   0.920   0.037   0.997
 1809    1  1.0     0.057   1.048   0.037   0.997
 1810    1  1.0     0.065   0.988   0.003   0.994
 1811    1  1.0     0.055   0.877   0.003   0.994
 1812    1  1.0     0.052   0.864   0.003   0.994
 1813    1  1.0     0.078   1.082   0.045   0.995
 1814    1  1.0     0.056   1.046   0.037   0.997
 1815    1  1.0     0.051   0.992   0.003   0.994
 1816    1  1.0     0.040   0.957   0.003   0.994
 1817    1  1.0     0.043   0.936   0.003   0.994
 1818    1  1.0     0.046   0.999   0.003   0.994
 1819    1  1.0     0.038   0.996   0.003   0.994
 1820    1  1.0     0.038   0.925   0.003   0.994
 1821    1  1.0     0.037   0.933   0.003   0.994
 1822    1  1.0     0.036   0.930   0.003   0.994
 1823    1  1.0     0.058   1.060   0.037   0.997
 1824    1  1.0     0.048   0.991   0.003   0.994
 1825    1  1.0     0.048   0.978   0.003   0.994
 1826    1  1.0     0.044   0.828   0.003   0.994
 1827    1  1.0     0.053   0.857   0.003   0.994
 1828    1  1.0     0.044   0.833   0.003   0.994
 1829    1  1.0     0.042   0.836   0.003   0.994
 1830    1  1.0     0.037   0.833   0.003   0.994
 1831    1  1.0     0.045   0.836   0.003   0.994
 1832    1  1.0     0.057   1.043   0.037   0.997
 1833    1  1.0     0.058   0.990   0.003   0.994
 1834    1  1.0     0.065   0.832   0.003   0.994
 1835    1  1.0     0.051   0.827   0.003   0.994
 1836    1  1.0     0.056   0.832   0.003   0.994
 1837    1  1.0     0.055   1.044   0.037   0.997
 1838    1  1.0     0.061   1.021   0.003   0.994
 1839    1  1.0     0.050   1.017   0.003   0.994
 1840    1  1.0     0.039   0.835   0.003   0.994
 1841    1  1.0     0.047   0.844   0.003   0.994
 1842    1  1.0     0.049   0.864   0.003   0.994
 1843    1  1.0     0.035   0.837   0.003   0.994
 1844    1  1.0     0.041   0.841   0.003   0.994
 1845    1  1.0     0.040   0.842   0.003   0.994
 1846    1  1.0     0.060   1.034   0.037   0.997
 1847    1  1.0     0.059   1.068   0.003   0.994
 1848    1  1.0     0.043   0.974   0.003   0.994
 1849    1  1.0     0.046   0.914   0.003   0.994
 1850    1  1.0     0.035   0.998   0.003   0.994
 1851    1  1.0     0.045   1.003   0.003   0.994
 1852    1  1.0     0.042   0.931   0.003   0.994
 1853    1  1.0     0.047   0.923   0.003   0.994
 1854    1  1.0     0.048   0.933   0.003   0.994
 1855    1  1.0     0.063   1.067   0.037   0.997
 1856    1  1.0     0.029   1.204   0.003   0.995
 1857    1  1.0     0.063   0.914   0.003   0.994
 1858    1  1.0     0.048   0.925   0.003   0.994
 1859    1  1.0     0.049   1.038   0.037   0.997
 1860    1  1.0     0.063   1.000   0.003   0.994
 1861    1  1.0     0.052   0.870   0.003   0.994
 1862    1  1.0     0.045   0.871   0.003   0.994
 1863    1  1.0     0.056   0.922   0.045   0.995
 1864    1  1.0     0.038   1.122   0.037   0.997
 1865    1  1.0     0.060   1.009   0.003   0.994
 1866    1  1.0     0.049   0.905   0.003   0.994
 1867    1  1.0     0.057   0.909   0.003   0.994
 1868    1  1.0     0.054   1.109   0.037   0.997
 1869    1  1.0     0.061   1.040   0.003   0.994
 1870    1  1.0     0.054   0.941   0.003   0.994
 1871    1  1.0     0.083   1.018   0.045   0.995
 1872    1  1.0     0.050   0.827   0.003   0.994
 1873    1  1.0     0.052   0.831   0.003   0.994
 1874    1  1.0     0.059   0.843   0.003   0.994
 1875    1  1.0     0.024   1.373   0.037   1.011
 1876    1  1.0     0.064   0.984   0.003   0.994
 1877    1  1.0     0.059   0.958   0.003   0.994
 1878    1  1.0     0.005   1.498   0.045   1.671
 1879    1  1.0     0.045   0.881   0.003   0.994
 1880    1  1.0     0.049   0.833   0.003   0.994
 1881    1  1.0     0.047   0.993   0.003   0.994
 1882    1  1.0     0.061   1.284   0.037   0.998
 1883    1  1.0     0.060   0.916   0.003   0.994
 1884    1  1.0     0.055   0.902   0.003   0.994
 1885    1  1.0     0.042   1.145   0.037   0.997
 1886    1  1.0     0.051   1.010   0.003   0.994
 1887    1  1.0     0.049   0.922   0.003   0.994
 1888    1  1.0     0.054   0.920   0.003   0.994
 1889    1  1.0     0.049   0.925   0.003   0.994
 1890    1  1.0     0.045   0.907   0.003   0.994
 1891    1  1.0     0.029   0.929   0.003   0.994
 1892    1  1.0     0.031   0.955   0.003   0.994
 1893    1  1.0     0.050   1.024   0.003   0.994
 1894    1  1.0     0.044   0.895   0.003   0.994
 1895    1  1.0     0.004   0.898   0.037   0.997
 1896    1  1.0     0.003   0.887   0.037   0.997
 1897    1  1.0    -0.001   0.893   0.037   0.997
 1898    1  1.0     0.057   1.082   0.037   0.997
 1899    1  1.0     0.033   1.187   0.003   0.994
 1900    1  1.0     0.044   0.917   0.003   0.994
 1901    1  1.0     0.046   0.914   0.003   0.994
 1902    1  1.0     0.041   0.990   0.003   0.994
 1903    1  1.0     0.032   0.834   0.003   0.994
 1904    1  1.0     0.034   0.834   0.003   0.994
 1905    1  1.0     0.036   0.839   0.003   0.994
 1906    1  1.0     0.041   0.833   0.003   0.994
 1907    1  1.0     0.039   0.838   0.003   0.994
 1908    1  1.0     0.037   0.865   0.003   0.994
 1909    1  1.0     0.028   1.200   0.037   0.998
 1910    1  1.0     0.045   0.909   0.003   0.994
 1911    1  1.0     0.054   0.914   0.003   0.994
 1912    1  1.0     0.037   0.986   0.037   0.997
 1913    1  1.0     0.067   1.013   0.003   0.994
 1914    1  1.0     0.043   0.924   0.003   0.994
 1915    1  1.0     0.046   0.914   0.003   0.994
 1916    1  1.0     0.071   0.941   0.003   0.995
 1917    1  1.0     0.068   0.915   0.003   0.995
 1918    1  1.0     0.068   0.909   0.003   0.995
 1919    1  1.0     0.057   0.923   0.003   0.995
 1920    1  1.0     0.057   0.908   0.003   0.995
 1921    1  1.0     0.037   0.992   0.037   0.997
 1922    1  1.0     0.066   1.013   0.003   0.994
 1923    1  1.0     0.056   0.912   0.003   0.994
 1924    1  1.0     0.039   0.906   0.003   0.994
 1925    1  1.0     0.047   0.900   0.003   0.994
 1926    1  1.0     0.046   0.909   0.003   0.994
 1927    1  1.0     0.043   1.061   0.037   0.997
 1928    1  1.0     0.052   0.986   0.003   0.994
 1929    1  1.0     0.046   0.913   0.003   0.994
 1930    1  1.0     0.049   0.928   0.003   0.994
 1931    1  1.0     0.033   1.204   0.003   1.000
 1932    1  1.0     0.047   0.912   0.003   0.994
 1933    1  1.0     0.059   1.068   0.037   0.997
 1934    1  1.0     0.052   0.992   0.003   0.994
 1935    1  1.0     0.058   0.926   0.003   0.994
 1936    1  1.0     0.046   0.917   0.003   0.994
 1937    1  1.0     0.054   0.917   0.003   0.995
 1938    1  1.0     0.067   0.915   0.003   0.995
 1939    1  1.0     0.053   0.908   0.003   0.995
 1940    1  1.0     0.065   0.909   0.003   0.995
 1941    1  1.0     0.061   0.908   0.003   0.995
 1942    1  1.0     0.063   1.123   0.037   0.998
 1943    1  1.0     0.054   0.988   0.003   0.994
 1944    1  1.0     0.054   0.916   0.003   0.994
 1945    1  1.0     0.046   0.907   0.003   0.994
 1946    1  1.0     0.046   0.907   0.003   0.994
 1947    1  1.0     0.051   0.933   0.003   0.994
 1948    1  1.0     0.037   0.904   0.003   0.994
 1949    1  1.0     0.048   0.910   0.003   0.994
 1950    1  1.0     0.049   0.935   0.003   0.994
 1951    1  1.0     0.036   0.892   0.003   0.994
 1952    1  1.0     0.017   0.889   0.037   0.997
 1953    1  1.0     0.003   0.894   0.037   0.997
 1954    1  1.0    -0.002   0.884   0.037   0.997
 1955    1  1.0     0.059   1.083   0.037   0.997
 1956    1  1.0     0.057   0.984   0.003   0.994
 1957    1  1.0     0.052   0.921   0.003   0.994
 1958    1  1.0     0.049   0.910   0.003   0.994
 1959    1  1.0     0.064   0.910   0.003   0.995
 1960    1  1.0     0.062   0.970   0.003   0.995
 1961    1  1.0     0.068   0.903   0.003   0.995
 1962    1  1.0     0.074   0.911   0.003   0.995
 1963    1  1.0     0.080   1.050   0.045   0.995
 1964    1  1.0     0.054   1.044   0.037   0.997
 1965    1  1.0     0.054   0.990   0.003   0.994
 1966    1  1.0     0.048   0.917   0.003   0.994
 1967    1  1.0     0.039   0.914   0.003   0.994
 1968    1  1.0     0.044   0.996   0.003   0.994
 1969    1  1.0     0.032   0.832   0.003   0.994
 1970    1  1.0     0.043   0.839   0.003   0.994
 1971    1  1.0     0.036   0.838   0.003   0.994
 1972    1  1.0     0.032   0.832   0.003   0.994
 1973    1  1.0     0.034   0.836   0.003   0.994
 1974    1  1.0     0.035   0.832   0.003   0.994
 1975    1  1.0     0.061   1.144   0.037   0.998
 1976    1  1.0     0.056   0.998   0.003   0.994
 1977    1  1.0     0.057   0.929   0.003   0.994
 1978    1  1.0     0.055   0.929   0.003   0.994
 1979    1  1.0     0.070   0.881   0.003   0.995
 1980    1  1.0     0.028   0.945   0.037   0.997
 1981    1  1.0     0.064   0.905   0.003   0.995
 1982    1  1.0     0.058   0.906   0.003   0.995
 1983    1  1.0     0.054   0.909   0.003   0.995
 1984    1  1.0     0.054   0.914   0.003   0.995
 1985    1  1.0     0.061   1.063   0.037   0.997
 1986    1  1.0     0.064   1.001   0.003   0.994
 1987    1  1.0     0.051   0.911   0.003   0.994
 1988    1  1.0     0.052   0.916   0.003   0.994
 1989    1  1.0     0.051   0.894   0.037   0.997
 1990    1  1.0     0.044   0.903   0.037   0.997
 1991    1  1.0     0.060   1.048   0.037   0.997
 1992    1  1.0     0.051   1.052   0.003   0.994
 1993    1  1.0     0.065   0.934   0.003   0.994
 1994    1  1.0     0.062   0.921   0.003   0.994
 1995    1  1.0     0.053   0.894   0.037   0.997
 1996    1  1.0     0.037   0.972   0.037   0.997
 1997    1  1.0     0.059   1.079   0.037   0.997
 1998    1  1.0     0.051   1.001   0.003   0.994
 1999    1  1.0     0.052   0.979   0.003   0.994
 2000    1  1.0     0.049   0.935   0.003   0.994
 2001    1  1.0     0.034   0.916   0.003   0.994
 2002    1  1.0     0.037   0.843   0.003   0.994
 2003    1  1.0     0.053   0.851   0.003   0.994
 2004    1  1.0     0.039   0.835   0.003   0.994
 2005    1  1.0     0.032   0.829   0.003   0.994
 2006    1  1.0     0.037   0.832   0.003   0.994
 2007    1  1.0     0.033   0.844   0.003   0.994
 2008    1  1.0     0.059   1.045   0.037   0.997
 2009    1  1.0     0.054   0.982   0.003   0.994
 2010    1  1.0     0.052   0.912   0.003   0.994
 2011    1  1.0     0.044   0.910   0.003   0.994
 2012    1  1.0     0.043   0.909   0.003   0.994
 2013    1  1.0     0.048   0.914   0.003   0.994
 2014    1  1.0     0.037   0.904   0.003   0.994
 2015    1  1.0     0.042   0.904   0.003   0.994
 2016    1  1.0     0.039   0.888   0.003   0.994
 2017    1  1.0     0.036   0.894   0.003   0.994
 2018    1  1.0     0.001   0.881   0.037   0.997
 2019    1  1.0     0.006   0.891   0.037   0.997
 2020    1  1.0     0.002   0.884   0.037   0.997
 2021    1  1.0     0.058   1.065   0.037   0.997
 2022    1  1.0     0.053   0.994   0.003   0.994
 2023    1  1.0     0.051   0.927   0.003   0.994
 2024    1  1.0     0.042   0.915   0.003   0.994
 2025    1  1.0     0.043   0.907   0.003   0.994
 2026    1  1.0     0.047   0.915   0.003   0.994
 2027    1  1.0     0.037   0.907   0.003   0.994
 2028    1  1.0     0.039   0.902   0.003   0.994
 2029    1  1.0     0.040   0.890   0.003   0.994
 2030    1  1.0     0.038   0.907   0.003   0.994
 2031    1  1.0     0.001   0.889   0.037   0.997
 2032    1  1.0     0.002   0.887   0.037   0.997
 2033    1  1.0     0.004   0.889   0.037   0.997
 2034    1  1.0     0.064   1.095   0.037   0.997
 2035    1  1.0     0.052   1.012   0.003   0.994
 2036    1  1.0     0.045   0.911   0.003   0.994
 2037    1  1.0     0.050   0.915   0.003   0.994
 2038    1  1.0     0.054   0.888   0.003   0.995
 2039    1  1.0     0.030   0.947   0.037   0.997
 2040    1  1.0     0.060   0.902   0.003   0.995
 2041    1  1.0     0.069   0.905   0.003   0.995
 2042    1  1.0     0.058   0.927   0.003   0.995
 2043    1  1.0     0.070   0.913   0.003   0.995
 2044    1  1.0     0.061   1.084   0.037   0.997
 2045    1  1.0     0.049   0.982   0.003   0.994
 2046    1  1.0     0.056   0.916   0.003   0.994
 2047    1  1.0     0.053   0.914   0.003   0.994
 2048    1  1.0     0.047   0.910   0.003   0.994
 2049    1  1.0     0.046   0.924   0.003   0.994
 2050    1  1.0     0.052   0.893   0.037   0.997
 2051    1  1.0     0.042   0.903   0.037   0.997
 2052    1  1.0     0.054   1.025   0.037   0.997
 2053    1  1.0     0.052   0.986   0.003   0.994
 2054    1  1.0     0.048   0.831   0.003   0.994
 2055    1  1.0     0.043   0.829   0.003   0.994
 2056    1  1.0     0.051   0.835   0.003   0.994
 2057    1  1.0     0.052   1.024   0.037   0.997
 2058    1  1.0     0.055   0.994   0.003   0.994
 2059    1  1.0     0.047   0.991   0.003   0.994
 2060    1  1.0     0.049   0.917   0.003   0.994
 2061    1  1.0     0.043   0.913   0.003   0.994
 2062    1  1.0     0.043   0.840   0.003   0.994
 2063    1  1.0     0.049   0.857   0.003   0.994
 2064    1  1.0     0.047   0.838   0.003   0.994
 2065    1  1.0     0.045   0.829   0.003   0.994
 2066    1  1.0     0.038   0.832   0.003   0.994
 2067    1  1.0     0.044   0.841   0.003   0.994
 2068    1  1.0     0.059   1.090   0.037   0.997
 2069    1  1.0     0.056   0.983   0.003   0.994
 2070    1  1.0     0.053   0.922   0.003   0.994
 2071    1  1.0     0.051   0.921   0.003   0.994
 2072    1  1.0     0.064   0.916   0.003   0.995
 2073    1  1.0     0.076   0.997   0.003   0.995
 2074    1  1.0     0.070   0.909   0.003   0.995
 2075    1  1.0     0.070   0.916   0.003   0.995
 2076    1  1.0     0.071   1.091   0.045   0.995
 2077    1  1.0     0.053   1.028   0.037   0.997
 2078    1  1.0     0.057   0.997   0.003   0.994
 2079    1  1.0     0.047   0.921   0.003   0.994
 2080    1  1.0     0.048   0.915   0.003   0.994
 2081    1  1.0     0.050   0.931   0.003   0.994
 2082    1  1.0     0.040   0.927   0.003   0.994
 2083    1  1.0     0.042   0.914   0.003   0.994
 2084    1  1.0     0.049   0.917   0.003   0.994
 2085    1  1.0     0.038   0.892   0.003   0.994
 2086    1  1.0     0.036   0.894   0.003   0.994
 2087    1  1.0     0.008   0.890   0.037   0.997
 2088    1  1.0    -0.000   0.884   0.037   0.997
 2089    1  1.0     0.016   0.909   0.037   0.997
 2090    1  1.0     0.058   1.055   0.037   0.997
 2091    1  1.0     0.057   0.991   0.003   0.994
 2092    1  1.0     0.055   0.919   0.003   0.994
 2093    1  1.0     0.056   0.911   0.003   0.994
 2094    1  1.0     0.050   0.905   0.003   0.994
 2095    1  1.0     0.057   0.931   0.003   0.994
 2096    1  1.0     0.053   0.891   0.037   0.997
 2097    1  1.0     0.050   0.901   0.037   0.997
 2098    1  1.0     0.058   1.053   0.037   0.997
 2099    1  1.0     0.066   1.053   0.003   0.994
 2100    1  1.0     0.053   0.936   0.003   0.994
 2101    1  1.0     0.047   0.922   0.003   0.994
 2102    1  1.0     0.070   0.933   0.003   0.995
 2103    1  1.0     0.066   0.917   0.003   0.995
 2104    1  1.0     0.065   0.920   0.003   0.995
 2105    1  1.0     0.066   0.908   0.003   0.995
 2106    1  1.0     0.062   0.908   0.003   0.995
 2107    1  1.0     0.058   1.020   0.037   0.997
 2108    1  1.0     0.029   1.171   0.003   0.994
 2109    1  1.0     0.065   0.915   0.003   0.994
 2110    1  1.0     0.047   0.922   0.003   0.994
 2111    1  1.0     0.051   1.094   0.037   0.997
 2112    1  1.0     0.058   1.011   0.003   0.994
 2113    1  1.0     0.048   0.987   0.003   0.994
 2114    1  1.0     0.041   0.833   0.003   0.994
 2115    1  1.0     0.046   0.832   0.003   0.994
 2116    1  1.0     0.050   0.841   0.003   0.994
 2117    1  1.0     0.038   0.831   0.003   0.994
 2118    1  1.0     0.044   0.848   0.003   0.994
 2119    1  1.0     0.044   0.840   0.003   0.994
 2120    1  1.0     0.038   1.111   0.037   0.997
 2121    1  1.0     0.058   0.999   0.003   0.994
 2122    1  1.0     0.044   0.907   0.003   0.994
 2123    1  1.0     0.059   0.908   0.003   0.994
 2124    1  1.0     0.058   1.087   0.037   0.997
 2125    1  1.0     0.056   1.013   0.003   0.994
 2126    1  1.0     0.051   0.914   0.003   0.994
 2127    1  1.0     0.061   0.915   0.003   0.994
 2128    1  1.0     0.040   0.927   0.003   0.994
 2129    1  1.0     0.058   0.920   0.003   0.994
 2130    1  1.0     0.051   0.927   0.003   0.994
 2131    1  1.0     0.044   0.899   0.003   0.994
 2132    1  1.0     0.052   0.985   0.037   0.997
 2133    1  1.0     0.048   0.899   0.037   0.997
 2134    1  1.0     0.044   0.962   0.037   0.997
 2135    1  1.0     0.048   0.899   0.037   0.997
 2136    1  1.0     0.050   0.898   0.037   0.997
 2137    1  1.0     0.027   1.235   0.037   0.998
 2138    1  1.0     0.064   0.977   0.003   0.994
 2139    1  1.0     0.034   1.008   0.003   0.994
 2140    1  1.0     0.049   0.884   0.003   0.994
 2141    1  1.0    -0.038   1.466   0.045   1.724
 2142    1  1.0     0.058   1.152   0.037   0.997
 2143    1  1.0     0.060   0.913   0.003   0.994
 2144    1  1.0     0.060   0.900   0.003   0.994
 2145    1  1.0     0.040   1.189   0.037   0.997
 2146    1  1.0     0.055   1.036   0.003   0.994
 2147    1  1.0     0.052   0.943   0.003   0.994
 2148    1  1.0     0.041   1.031   0.045   0.995
 2149    1  1.0     0.041   0.828   0.003   0.994
 2150    1  1.0     0.041   0.832   0.003   0.994
 2151    1  1.0     0.053   0.843   0.003   0.994
 2152    1  1.0     0.058   1.049   0.037   0.997
 2153    1  1.0     0.035   1.126   0.003   0.994
 2154    1  1.0     0.046   0.983   0.003   0.994
 2155    1  1.0     0.045   0.908   0.003   0.994
 2156    1  1.0     0.055   0.916   0.003   0.994
 2157    1  1.0     0.035   0.830   0.003   0.994
 2158    1  1.0     0.056   0.855   0.003   0.994
 2159    1  1.0     0.044   0.840   0.003   0.994
 2160    1  1.0     0.052   0.833   0.003   0.994
 2161    1  1.0     0.040   0.838   0.003   0.994
 2162    1  1.0     0.039   0.853   0.003   0.994
 2163    1  1.0     0.025   1.494   0.037   1.008
 2164    1  1.0     0.030   0.928   0.003   0.994
 2165    1  1.0     0.058   0.924   0.003   0.994
 2166    1  1.0     0.046   1.019   0.037   0.997
 2167    1  1.0     0.055   0.991   0.003   0.994
 2168    1  1.0     0.045   0.874   0.003   0.994
 2169    1  1.0     0.048   0.873   0.003   0.994
 2170    1  1.0     0.057   0.916   0.045   0.995
 2171    1  1.0     0.042   0.991   0.037   0.997
 2172    1  1.0     0.058   1.010   0.003   0.994
 2173    1  1.0     0.043   0.866   0.003   0.994
 2174    1  1.0     0.049   0.866   0.003   0.994
 2175    1  1.0     0.056   0.924   0.045   0.995
 2176    1  1.0     0.058   1.118   0.037   0.997
 2177    1  1.0     0.060   0.997   0.003   0.994
 2178    1  1.0     0.053   0.914   0.003   0.994
 2179    1  1.0     0.050   0.931   0.003   0.994
 2180    1  1.0     0.041   0.931   0.003   0.994
 2181    1  1.0     0.044   0.915   0.003   0.994
 2182    1  1.0     0.052   1.066   0.037   0.997
 2183    1  1.0     0.048   1.014   0.003   0.994
 2184    1  1.0     0.042   0.936   0.003   0.994
 2185    1  1.0     0.044   0.916   0.003   0.994
 2186    1  1.0     0.054   1.002   0.003   0.994
 2187    1  1.0     0.045   0.861   0.003   0.994
 2188    1  1.0     0.040   0.838   0.003   0.994
 2189    1  1.0     0.036   0.838   0.003   0.994
 2190    1  1.0     0.037   0.835   0.003   0.994
 2191    1  1.0     0.034   0.880   0.003   0.994
 2192    1  1.0     0.039   0.834   0.003   0.994
 2193    1  1.0     0.058   0.981   0.003   0.994
 2194    1  1.0     0.052   0.909   0.003   0.994
 2195    1  1.0     0.049   0.930   0.003   0.994
 2196    1  1.0     0.047   0.925   0.003   0.994
 2197    1  1.0     0.043   0.913   0.003   0.994
 2198    1  1.0     0.052   0.907   0.003   0.994
 2199    1  1.0     0.045   0.927   0.003   0.994
 2200    1  1.0     0.045   0.993   0.037   0.997
 2201    1  1.0     0.045   0.901   0.003   0.994
 2202    1  1.0     0.062   0.908   0.003   0.994
 2203    1  1.0     0.057   1.036   0.037   0.997
 2204    1  1.0     0.058   0.991   0.003   0.994
 2205    1  1.0     0.041   0.835   0.003   0.994
 2206    1  1.0     0.042   0.833   0.003   0.994
 2207    1  1.0     0.046   0.840   0.003   0.994
 2208    1  1.0     0.058   1.092   0.037   0.997
 2209    1  1.0     0.055   1.010   0.003   0.994
 2210    1  1.0     0.053   0.931   0.003   0.994
 2211    1  1.0     0.053   0.918   0.003   0.994
 2212    1  1.0     0.062   0.936   0.003   0.995
 2213    1  1.0     0.056   0.918   0.003   0.995
 2214    1  1.0     0.059   0.910   0.003   0.995
 2215    1  1.0     0.052   0.912   0.003   0.995
 2216    1  1.0     0.057   0.973   0.003   0.995
 2217    1  1.0     0.059   1.047   0.037   0.997
 2218    1  1.0     0.064   0.994   0.003   0.994
 2219    1  1.0     0.062   0.905   0.003   0.994
 2220    1  1.0     0.066   0.914   0.003   0.994
 2221    1  1.0     0.057   0.915   0.003   0.994
 2222    1  1.0     0.056   0.909   0.003   0.994
 2223    1  1.0     0.062   1.062   0.037   0.997
 2224    1  1.0     0.060   0.984   0.003   0.994
 2225    1  1.0     0.047   0.834   0.003   0.994
 2226    1  1.0     0.052   0.841   0.003   0.994
 2227    1  1.0     0.054   0.842   0.003   0.994
 2228    1  1.0     0.063   1.083   0.037   0.997
 2229    1  1.0     0.053   0.994   0.003   0.994
 2230    1  1.0     0.046   0.832   0.003   0.994
 2231    1  1.0     0.039   0.829   0.003   0.994
 2232    1  1.0     0.052   0.838   0.003   0.994
 2233    1  1.0     0.062   1.095   0.037   0.997
 2234    1  1.0     0.065   0.920   0.003   0.994
 2235    1  1.0     0.053   0.901   0.003   0.994
 2236    1  1.0     0.059   1.076   0.037   0.997
 2237    1  1.0     0.059   1.031   0.003   0.994
 2238    1  1.0     0.043   0.915   0.003   0.994
 2239    1  1.0     0.054   0.922   0.003   0.994
 2240    1  1.0     0.064   0.917   0.003   0.995
 2241    1  1.0     0.070   0.925   0.003   0.995
 2242    1  1.0     0.062   0.908   0.003   0.995
 2243    1  1.0     0.067   0.908   0.003   0.995
 2244    1  1.0     0.068   0.911   0.003   0.995
 2245    1  1.0     0.042   0.988   0.037   0.997
 2246    1  1.0     0.057   1.024   0.003   0.994
 2247    1  1.0     0.056   0.918   0.003   0.994
 2248    1  1.0     0.053   0.920   0.003   0.994
 2249    1  1.0     0.029   0.962   0.037   0.997
 2250    1  1.0     0.069   0.878   0.003   0.995
 2251    1  1.0     0.065   0.872   0.003   0.995
 2252    1  1.0     0.047   1.001   0.037   0.997
 2253    1  1.0     0.052   0.993   0.003   0.994
 2254    1  1.0     0.038   0.922   0.003   0.994
 2255    1  1.0     0.060   0.927   0.003   0.994
 2256    1  1.0     0.045   0.990   0.003   0.994
 2257    1  1.0     0.032   0.833   0.003   0.994
 2258    1  1.0     0.042   0.835   0.003   0.994
 2259    1  1.0     0.035   0.837   0.003   0.994
 2260    1  1.0     0.035   0.833   0.003   0.994
 2261    1  1.0     0.036   0.837   0.003   0.994
 2262    1  1.0     0.046   0.840   0.003   0.994
 2263    1  1.0     0.042   0.996   0.037   0.997
 2264    1  1.0     0.056   1.008   0.003   0.994
 2265    1  1.0     0.045   0.914   0.003   0.994
 2266    1  1.0     0.046   0.913   0.003   0.994
 2267    1  1.0     0.048   0.897   0.037   0.997
 2268    1  1.0     0.047   0.903   0.037   0.997
 2269    1  1.0     0.036   0.999   0.037   0.997
 2270    1  1.0     0.051   0.993   0.003   0.994
 2271    1  1.0     0.052   0.917   0.003   0.994
 2272    1  1.0     0.038   0.902   0.003   0.994
 2273    1  1.0     0.049   0.901   0.003   0.994
 2274    1  1.0     0.054   0.910   0.003   0.994
 2275    1  1.0     0.045   1.000   0.037   0.997
 2276    1  1.0     0.069   1.004   0.003   0.994
 2277    1  1.0     0.048   0.922   0.003   0.994
 2278    1  1.0     0.051   0.919   0.003   0.994
 2279    1  1.0     0.025   0.963   0.037   0.997
 2280    1  1.0     0.069   0.878   0.003   0.995
 2281    1  1.0     0.058   0.872   0.003   0.995
 2282    1  1.0     0.062   1.098   0.037   0.998
 2283    1  1.0     0.049   1.017   0.003   0.994
 2284    1  1.0     0.040   0.918   0.003   0.994
 2285    1  1.0     0.046   0.915   0.003   0.994
 2286    1  1.0     0.035   0.977   0.003   0.994
 2287    1  1.0     0.037   0.829   0.003   0.994
 2288    1  1.0     0.034   0.831   0.003   0.994
 2289    1  1.0     0.037   0.843   0.003   0.994
 2290    1  1.0     0.038   0.833   0.003   0.994
 2291    1  1.0     0.046   0.843   0.003   0.994
 2292    1  1.0     0.054   0.898   0.003   0.994
 2293    1  1.0     0.063   1.080   0.037   0.997
 2294    1  1.0     0.053   1.002   0.003   0.994
 2295    1  1.0     0.048   0.917   0.003   0.994
 2296    1  1.0     0.053   0.919   0.003   0.994
 2297    1  1.0     0.058   0.916   0.003   0.995
 2298    1  1.0     0.069   0.915   0.003   0.995
 2299    1  1.0     0.064   0.909   0.003   0.995
 2300    1  1.0     0.075   0.908   0.003   0.995
 2301    1  1.0     0.067   0.943   0.045   0.995
 2302    1  1.0     0.061   1.060   0.037   0.997
 2303    1  1.0     0.056   0.988   0.003   0.994
 2304    1  1.0     0.049   0.868   0.003   0.994
 2305    1  1.0     0.054   0.868   0.003   0.994
 2306    1  1.0     0.071   0.935   0.045   0.995
 2307    1  1.0     0.056   1.036   0.037   0.997
 2308    1  1.0     0.056   0.984   0.003   0.994
 2309    1  1.0     0.050   0.976   0.003   0.994
 2310    1  1.0     0.041   0.906   0.003   0.994
 2311    1  1.0     0.037   0.993   0.003   0.994
 2312    1  1.0     0.045   0.998   0.003   0.994
 2313    1  1.0     0.035   0.914   0.003   0.994
 2314    1  1.0     0.036   0.915   0.003   0.994
 2315    1  1.0     0.040   0.917   0.003   0.994
 2316    1  1.0     0.056   1.066   0.037   0.997
 2317    1  1.0     0.050   1.001   0.003   0.994
 2318    1  1.0     0.048   0.995   0.003   0.994
 2319    1  1.0     0.036   0.908   0.003   0.994
 2320    1  1.0     0.049   0.941   0.003   0.994
 2321    1  1.0     0.037   0.834   0.003   0.994
 2322    1  1.0     0.044   0.857   0.003   0.994
 2323    1  1.0     0.042   0.869   0.003   0.994
 2324    1  1.0     0.033   0.830   0.003   0.994
 2325    1  1.0     0.038   0.878   0.003   0.994
 2326    1  1.0     0.039   0.854   0.003   0.994
 2327    1  1.0     0.057   1.076   0.037   0.997
 2328    1  1.0     0.052   1.007   0.003   0.994
 2329    1  1.0     0.049   0.980   0.003   0.994
 2330    1  1.0     0.041   0.912   0.003   0.994
 2331    1  1.0     0.047   0.923   0.003   0.994
 2332    1  1.0     0.041   0.831   0.003   0.994
 2333    1  1.0     0.053   0.851   0.003   0.994
 2334    1  1.0     0.044   0.846   0.003   0.994
 2335    1  1.0     0.036   0.846   0.003   0.994
 2336    1  1.0     0.044   0.844   0.003   0.994
 2337    1  1.0     0.037   0.848   0.003   0.994
 2338    1  1.0     0.059   1.050   0.037   0.997
 2339    1  1.0     0.060   1.006   0.003   0.994
 2340    1  1.0     0.050   0.923   0.003   0.994
 2341    1  1.0     0.056   0.916   0.003   0.994
 2342    1  1.0     0.046   0.908   0.003   0.994
 2343    1  1.0     0.045   0.903   0.003   0.994
 2344    1  1.0     0.042   0.893   0.003   0.994
 2345    1  1.0     0.043   0.927   0.003   0.994
 2346    1  1.0     0.042   0.990   0.037   0.997
 2347    1  1.0     0.045   0.899   0.037   0.997
 2348    1  1.0     0.044   0.918   0.037   0.997
 2349    1  1.0     0.049   0.901   0.037   0.997
 2350    1  1.0     0.049   0.900   0.037   0.997
 2351    1  1.0     0.060   1.039   0.037   0.997
 2352    1  1.0     0.062   1.018   0.003   0.994
 2353    1  1.0     0.048   0.908   0.003   0.994
 2354    1  1.0     0.041   0.906   0.003   0.994
 2355    1  1.0     0.064   0.944   0.003   0.994
 2356    1  1.0     0.045   0.906   0.003   0.994
 2357    1  1.0     0.040   0.897   0.003   0.994
 2358    1  1.0     0.052   0.911   0.003   0.994
 2359    1  1.0     0.040   0.986   0.037   0.997
 2360    1  1.0     0.049   0.901   0.037   0.997
 2361    1  1.0     0.064   1.006   0.037   0.997
 2362    1  1.0     0.047   0.900   0.037   0.997
 2363    1  1.0     0.048   0.900   0.037   0.997
 2364    1  1.0     0.062   1.147   0.037   0.998
 2365    1  1.0     0.070   1.042   0.003   0.994
 2366    1  1.0     0.052   0.925   0.003   0.994
 2367    1  1.0     0.044   0.925   0.003   0.994
 2368    1  1.0     0.066   0.917   0.003   0.995
 2369    1  1.0     0.067   0.913   0.003   0.995
 2370    1  1.0     0.060   0.905   0.003   0.995
 2371    1  1.0     0.064   0.908   0.003   0.995
 2372    1  1.0     0.050   0.938   0.045   0.995
 2373    1  1.0     0.063   1.043   0.037   0.997
 2374    1  1.0     0.057   1.013   0.003   0.994
 2375    1  1.0     0.054   0.876   0.003   0.994
 2376    1  1.0     0.059   0.880   0.003   0.994
 2377    1  1.0     0.046   0.916   0.045   0.995
 2378    1  1.0     0.067   1.229   0.037   1.000
 2379    1  1.0     0.057   1.003   0.003   0.994
 2380    1  1.0     0.047   0.907   0.003   0.994
 2381    1  1.0     0.046   0.910   0.003   0.994
 2382    1  1.0     0.036   1.024   0.037   0.997
 2383    1  1.0     0.074   1.000   0.003   0.994
 2384    1  1.0     0.061   0.916   0.003   0.994
 2385    1  1.0     0.045   0.913   0.003   0.994
 2386    1  1.0     0.051   0.910   0.003   0.994
 2387    1  1.0     0.048   0.926   0.003   0.994
 2388    1  1.0     0.057   1.033   0.037   0.997
 2389    1  1.0     0.052   0.902   0.003   0.994
 2390    1  1.0     0.062   0.921   0.003   0.994
 2391    1  1.0     0.068   1.163   0.037   0.998
 2392    1  1.0     0.058   0.910   0.003   0.994
 2393    1  1.0     0.046   0.898   0.003   0.994
 2394    1  1.0     0.067   1.219   0.037   0.998
 2395    1  1.0     0.063   1.019   0.003   0.994
 2396    1  1.0     0.050   0.909   0.003   0.994
 2397    1  1.0     0.067   0.941   0.003   0.994
 2398    1  1.0     0.055   0.892   0.037   0.997
 2399    1  1.0     0.052   0.902   0.037   0.997
 2400    1  1.0     0.058   1.054   0.037   0.997
 2401    1  1.0     0.051   1.015   0.003   0.994
 2402    1  1.0     0.051   0.945   0.003   0.994
 2403    1  1.0     0.039   0.947   0.003   0.994
 2404    1  1.0     0.050   1.011   0.003   0.994
 2405    1  1.0     0.052   1.007   0.003   0.994
 2406    1  1.0     0.036   0.914   0.003   0.994
 2407    1  1.0     0.042   0.932   0.003   0.994
 2408    1  1.0     0.036   0.918   0.003   0.994
 2409    1  1.0     0.041   1.118   0.037   0.997
 2410    1  1.0     0.052   1.009   0.003   0.994
 2411    1  1.0     0.036   0.917   0.003   0.994
 2412    1  1.0     0.049   0.931   0.003   0.994
 2413    1  1.0     0.053   1.073   0.037   0.997
 2414    1  1.0     0.062   1.028   0.003   0.994
 2415    1  1.0     0.045   0.924   0.003   0.994
 2416    1  1.0     0.050   0.916   0.003   0.994
 2417    1  1.0     0.074   0.922   0.003   0.995
 2418    1  1.0     0.059   0.917   0.003   0.995
 2419    1  1.0     0.058   0.906   0.003   0.995
 2420    1  1.0     0.057   0.909   0.003   0.995
 2421    1  1.0     0.062   0.907   0.003   0.995
 2422    1  1.0     0.040   1.013   0.037   0.997
 2423    1  1.0     0.060   1.012   0.003   0.994
 2424    1  1.0     0.052   0.910   0.003   0.994
 2425    1  1.0     0.056   0.916   0.003   0.994
 2426    1  1.0     0.040   1.155   0.037   0.998
 2427    1  1.0     0.056   1.003   0.003   0.994
 2428    1  1.0     0.057   0.918   0.003   0.994
 2429    1  1.0     0.048   0.940   0.003   0.994
 2430    1  1.0    -0.036   1.518   0.037   1.879
 2431    1  1.0     0.008   1.454   0.037   1.266
 2432    1  1.0     0.057   1.080   0.037   0.997
 2433    1  1.0     0.056   1.082   0.003   0.994
 2434    1  1.0     0.054   0.926   0.003   0.994
 2435    1  1.0     0.046   0.922   0.003   0.994
 2436    1  1.0     0.063   0.916   0.003   0.995
 2437    1  1.0     0.058   0.936   0.003   0.995
 2438    1  1.0     0.066   0.910   0.003   0.995
 2439    1  1.0     0.054   0.907   0.003   0.995
 2440    1  1.0     0.058   0.906   0.003   0.995
 2441    1  1.0     0.057   1.071   0.037   0.997
 2442    1  1.0     0.053   1.005   0.003   0.994
 2443    1  1.0     0.046   0.983   0.003   0.994
 2444    1  1.0     0.044   0.909   0.003   0.994
 2445    1  1.0     0.056   0.921   0.003   0.994
 2446    1  1.0     0.034   0.831   0.003   0.994
 2447    1  1.0     0.046   0.860   0.003   0.994
 2448    1  1.0     0.038   0.841   0.003   0.994
 2449    1  1.0     0.044   0.833   0.003   0.994
 2450    1  1.0     0.036   0.835   0.003   0.994
 2451    1  1.0     0.039   0.836   0.003   0.994
 2452    1  1.0     0.056   1.027   0.037   0.997
 2453    1  1.0     0.050   1.009   0.003   0.994
 2454    1  1.0     0.037   0.871   0.003   0.994
 2455    1  1.0     0.046   0.869   0.003   0.994
 2456    1  1.0     0.066   0.986   0.045   0.995
 2457    1  1.0     0.061   1.070   0.037   0.997
 2458    1  1.0     0.060   1.003   0.003   0.994
 2459    1  1.0     0.053   0.994   0.003   0.994
 2460    1  1.0     0.057   0.998   0.003   0.994
 2461    1  1.0     0.034   0.776   0.086   0.996
 2462    1  1.0     0.056   1.031   0.037   0.997
 2463    1  1.0     0.049   1.014   0.003   0.994
 2464    1  1.0     0.058   0.919   0.003   0.994
 2465    1  1.0     0.053   0.909   0.003   0.994
 2466    1  1.0     0.050   0.984   0.003   0.994
 2467    1  1.0     0.045   0.831   0.003   0.994
 2468    1  1.0     0.050   0.830   0.003   0.994
 2469    1  1.0     0.045   0.835   0.003   0.994
 2470    1  1.0     0.047   0.834   0.003   0.994
 2471    1  1.0     0.043   0.844   0.003   0.994
 2472    1  1.0     0.040   0.841   0.003   0.994
 2473    1  1.0     0.057   1.042   0.037   0.997
 2474    1  1.0     0.053   0.980   0.003   0.994
 2475    1  1.0     0.047   0.982   0.003   0.994
 2476    1  1.0     0.036   0.832   0.003   0.994
 2477    1  1.0     0.046   0.853   0.003   0.994
 2478    1  1.0     0.042   0.836   0.003   0.994
 2479    1  1.0     0.035   0.853   0.003   0.994
 2480    1  1.0     0.036   0.836   0.003   0.994
 2481    1  1.0     0.050   0.870   0.003   0.994
 2482    1  1.0     0.056   1.052   0.037   0.997
 2483    1  1.0     0.047   0.990   0.003   0.994
 2484    1  1.0     0.052   0.931   0.003   0.994
 2485    1  1.0     0.043   0.922   0.003   0.994
 2486    1  1.0     0.041   0.967   0.003   0.994
 2487    1  1.0     0.047   0.923   0.003   0.994
 2488    1  1.0     0.041   0.909   0.003   0.994
 2489    1  1.0     0.043   0.920   0.003   0.994
 2490    1  1.0     0.039   0.988   0.037   0.998
 2491    1  1.0     0.066   1.117   0.037   0.998
 2492    1  1.0     0.044   0.962   0.037   0.997
 2493    1  1.0     0.060   0.980   0.037   0.997
 2494    1  1.0     0.047   0.898   0.037   0.997
 2495    1  1.0     0.061   1.136   0.037   0.998
 2496    1  1.0     0.050   0.990   0.003   0.994
 2497    1  1.0     0.047   0.923   0.003   0.994
 2498    1  1.0     0.043   0.924   0.003   0.994
 2499    1  1.0     0.049   0.993   0.003   0.994
 2500    1  1.0     0.035   0.834   0.003   0.994
 2501    1  1.0     0.042   0.839   0.003   0.994
 2502    1  1.0     0.035   0.839   0.003   0.994
 2503    1  1.0     0.035   0.836   0.003   0.994
 2504    1  1.0     0.036   0.844   0.003   0.994
 2505    1  1.0     0.043   0.837   0.003   0.994
 2506    1  1.0     0.060   1.121   0.037   0.998
 2507    1  1.0     0.058   0.982   0.003   0.994
 2508    1  1.0     0.060   0.912   0.003   0.994
 2509    1  1.0     0.050   0.905   0.003   0.994
 2510    1  1.0     0.058   1.032   0.037   0.997
 2511    1  1.0     0.058   1.001   0.003   0.994
 2512    1  1.0     0.047   0.831   0.003   0.994
 2513    1  1.0     0.044   0.830   0.003   0.994
 2514    1  1.0     0.048   0.834   0.003   0.994
 2515    1  1.0     0.061   1.084   0.037   0.997
 2516    1  1.0     0.055   1.110   0.003   0.994
 2517    1  1.0     0.047   0.932   0.003   0.994
 2518    1  1.0     0.047   0.909   0.003   0.994
 2519    1  1.0     0.039   0.992   0.003   0.994
 2520    1  1.0     0.048   1.012   0.003   0.994
 2521    1  1.0     0.045   0.923   0.003   0.994
 2522    1  1.0     0.045   0.930   0.003   0.994
 2523    1  1.0     0.039   0.926   0.003   0.994
 2524    1  1.0     0.058   1.062   0.037   0.997
 2525    1  1.0     0.062   0.987   0.003   0.994
 2526    1  1.0     0.048   0.925   0.003   0.994
 2527    1  1.0     0.054   0.925   0.003   0.994
 2528    1  1.0     0.061   0.915   0.003   0.995
 2529    1  1.0     0.070   0.918   0.003   0.995
 2530    1  1.0     0.064   0.906   0.003   0.995
 2531    1  1.0     0.055   0.905   0.003   0.995
 2532    1  1.0     0.062   0.906   0.003   0.995
 2533    1  1.0     0.057   1.047   0.037   0.997
 2534    1  1.0     0.050   0.999   0.003   0.994
 2535    1  1.0     0.047   0.915   0.003   0.994
 2536    1  1.0     0.054   0.911   0.003   0.994
 2537    1  1.0     0.055   0.908   0.003   0.994
 2538    1  1.0     0.039   0.901   0.003   0.994
 2539    1  1.0     0.046   0.891   0.003   0.994
 2540    1  1.0     0.042   0.929   0.003   0.994
 2541    1  1.0     0.062   1.050   0.037   0.997
 2542    1  1.0     0.050   0.900   0.037   0.997
 2543    1  1.0     0.044   0.920   0.037   0.997
 2544    1  1.0     0.050   0.909   0.037   0.997
 2545    1  1.0     0.053   0.900   0.037   0.997
 2546    1  1.0     0.059   1.066   0.037   0.997
 2547    1  1.0     0.051   0.988   0.003   0.994
 2548    1  1.0     0.041   0.830   0.003   0.994
 2549    1  1.0     0.044   0.828   0.003   0.994
 2550    1  1.0     0.049   0.833   0.003   0.994
 2551    1  1.0     0.058   1.022   0.037   0.997
 2552    1  1.0     0.054   0.994   0.003   0.994
 2553    1  1.0     0.053   0.925   0.003   0.994
 2554    1  1.0     0.049   0.921   0.003   0.994
 2555    1  1.0     0.059   0.916   0.003   0.995
 2556    1  1.0     0.069   0.916   0.003   0.995
 2557    1  1.0     0.060   0.908   0.003   0.995
 2558    1  1.0     0.073   0.907   0.003   0.995
 2559    1  1.0     0.072   0.911   0.003   0.995
 2560    1  1.0     0.056   1.060   0.037   0.997
 2561    1  1.0     0.058   1.003   0.003   0.994
 2562    1  1.0     0.047   0.912   0.003   0.994
 2563    1  1.0     0.048   0.916   0.003   0.994
 2564    1  1.0     0.047   0.917   0.003   0.994
 2565    1  1.0     0.042   0.907   0.003   0.994
 2566    1  1.0     0.037   0.908   0.003   0.994
 2567    1  1.0     0.039   0.911   0.003   0.994
 2568    1  1.0     0.039   0.892   0.003   0.994
 2569    1  1.0     0.038   0.889   0.003   0.994
 2570    1  1.0     0.005   0.883   0.037   0.997
 2571    1  1.0     0.002   0.894   0.037   0.997
 2572    1  1.0     0.002   0.886   0.037   0.997
 2573    1  1.0     0.059   1.064   0.037   0.997
 2574    1  1.0     0.050   0.998   0.003   0.994
 2575    1  1.0     0.044   0.868   0.003   0.994
 2576    1  1.0     0.048   0.866   0.003   0.994
 2577    1  1.0     0.064   0.929   0.045   0.995
 2578    1  1.0     0.061   1.053   0.037   0.997
 2579    1  1.0     0.059   1.016   0.003   0.994
 2580    1  1.0     0.048   0.933   0.003   0.994
 2581    1  1.0     0.050   0.930   0.003   0.994
 2582    1  1.0     0.046   0.985   0.003   0.994
 2583    1  1.0     0.041   0.832   0.003   0.994
 2584    1  1.0     0.048   0.842   0.003   0.994
 2585    1  1.0     0.048   0.836   0.003   0.994
 2586    1  1.0     0.036   0.832   0.003   0.994
 2587    1  1.0     0.040   0.837   0.003   0.994
 2588    1  1.0     0.034   0.833   0.003   0.994
 2589    1  1.0     0.065   1.087   0.037   0.997
 2590    1  1.0     0.065   0.990   0.003   0.994
 2591    1  1.0     0.065   0.916   0.003   0.994
 2592    1  1.0     0.055   0.911   0.003   0.994
 2593    1  1.0     0.044   1.001   0.037   0.997
 2594    1  1.0     0.059   1.000   0.003   0.994
 2595    1  1.0     0.048   0.916   0.003   0.994
 2596    1  1.0     0.051   0.906   0.003   0.994
 2597    1  1.0     0.042   0.911   0.003   0.994
 2598    1  1.0     0.052   0.908   0.003   0.994
 2599    1  1.0     0.048   0.902   0.003   0.994
 2600    1  1.0     0.045   0.919   0.003   0.994
 2601    1  1.0     0.038   0.891   0.003   0.994
 2602    1  1.0     0.036   0.886   0.003   0.994
 2603    1  1.0     0.005   0.888   0.037   0.997
 2604    1  1.0     0.001   0.884   0.037   0.997
 2605    1  1.0     0.003   0.897   0.037   0.997
 2606    1  1.0     0.046   1.014   0.037   0.997
 2607    1  1.0     0.075   1.005   0.003   0.994
 2608    1  1.0     0.062   0.908   0.003   0.994
 2609    1  1.0     0.052   0.907   0.003   0.994
 2610    1  1.0     0.060   1.060   0.037   0.997
 2611    1  1.0     0.064   0.907   0.003   0.994
 2612    1  1.0     0.060   0.902   0.003   0.994
 2613    1  1.0     0.056   1.078   0.037   0.997
 2614    1  1.0     0.063   0.990   0.003   0.994
 2615    1  1.0     0.054   0.939   0.003   0.994
 2616    1  1.0     0.072   1.026   0.045   0.995
 2617    1  1.0     0.048   0.824   0.003   0.994
 2618    1  1.0     0.048   0.827   0.003   0.994
 2619    1  1.0     0.047   0.835   0.003   0.994
 2620    1  1.0     0.059   1.032   0.037   0.997
 2621    1  1.0     0.064   0.913   0.003   0.994
 2622    1  1.0     0.053   0.897   0.003   0.994
 2623    1  1.0     0.057   1.030   0.037   0.997
 2624    1  1.0     0.051   1.007   0.003   0.994
 2625    1  1.0     0.058   0.929   0.003   0.994
 2626    1  1.0     0.055   0.923   0.003   0.994
 2627    1  1.0     0.055   0.928   0.003   0.994
 2628    1  1.0     0.062   0.924   0.003   0.994
 2629    1  1.0     0.056   0.895   0.037   0.997
 2630    1  1.0     0.048   0.906   0.037   0.997
 2631    1  1.0     0.043   1.002   0.037   0.997
 2632    1  1.0     0.058   0.997   0.003   0.994
 2633    1  1.0     0.041   0.991   0.003   0.994
 2634    1  1.0     0.050   0.926   0.003   0.994
 2635    1  1.0     0.044   0.918   0.003   0.994
 2636    1  1.0     0.046   0.842   0.003   0.994
 2637    1  1.0     0.052   0.835   0.003   0.994
 2638    1  1.0     0.059   0.849   0.003   0.994
 2639    1  1.0     0.037   0.828   0.003   0.994
 2640    1  1.0     0.034   0.831   0.003   0.994
 2641    1  1.0     0.041   0.843   0.003   0.994
 2642    1  1.0     0.047   0.995   0.037   0.997
 2643    1  1.0     0.054   0.999   0.003   0.994
 2644    1  1.0     0.062   0.912   0.003   0.994
 2645    1  1.0     0.054   0.911   0.003   0.994
 2646    1  1.0     0.046   0.917   0.003   0.994
 2647    1  1.0     0.059   0.907   0.003   0.994
 2648    1  1.0     0.056   0.893   0.037   0.997
 2649    1  1.0     0.046   0.902   0.037   0.997
 2650    1  1.0     0.044   0.986   0.037   0.997
 2651    1  1.0     0.066   1.023   0.003   0.994
 2652    1  1.0     0.045   0.992   0.003   0.994
 2653    1  1.0     0.033   0.831   0.003   0.994
 2654    1  1.0     0.049   0.831   0.003   0.994
 2655    1  1.0     0.046   0.845   0.003   0.994
 2656    1  1.0     0.036   0.832   0.003   0.994
 2657    1  1.0     0.044   0.842   0.003   0.994
 2658    1  1.0     0.056   0.849   0.003   0.994
 2659    1  1.0     0.060   1.082   0.037   0.997
 2660    1  1.0     0.053   0.997   0.003   0.994
 2661    1  1.0     0.044   0.914   0.003   0.994
 2662    1  1.0     0.046   0.907   0.003   0.994
 2663    1  1.0     0.056   0.897   0.037   0.997
 2664    1  1.0     0.050   0.905   0.037   0.997
 2665    1  1.0     0.035   0.996   0.037   0.997
 2666    1  1.0     0.051   1.010   0.003   0.994
 2667    1  1.0     0.039   0.981   0.003   0.994
 2668    1  1.0     0.047   0.938   0.003   0.994
 2669    1  1.0     0.036   0.923   0.003   0.994
 2670    1  1.0     0.039   0.832   0.003   0.994
 2671    1  1.0     0.040   0.833   0.003   0.994
 2672    1  1.0     0.043   0.854   0.003   0.994
 2673    1  1.0     0.035   0.838   0.003   0.994
 2674    1  1.0     0.041   0.847   0.003   0.994
 2675    1  1.0     0.039   0.842   0.003   0.994
 2676    1  1.0     0.048   1.012   0.037   0.997
 2677    1  1.0     0.053   1.007   0.003   0.994
 2678    1  1.0     0.046   0.915   0.003   0.994
 2679    1  1.0     0.054   0.907   0.003   0.994
 2680    1  1.0     0.048   0.910   0.003   0.994
 2681    1  1.0     0.045   0.909   0.003   0.994
 2682    1  1.0     0.055   0.892   0.037   0.997
 2683    1  1.0     0.043   0.930   0.037   0.997
 2684    1  1.0     0.058   1.056   0.037   0.997
 2685    1  1.0     0.052   0.974   0.003   0.994
 2686    1  1.0     0.047   0.911   0.003   0.994
 2687    1  1.0     0.052   0.922   0.003   0.994
 2688    1  1.0     0.056   0.935   0.003   0.994
 2689    1  1.0     0.050   0.914   0.003   0.994
 2690    1  1.0     0.057   1.089   0.037   0.997
 2691    1  1.0     0.052   0.982   0.003   0.994
 2692    1  1.0     0.053   0.923   0.003   0.994
 2693    1  1.0     0.048   0.910   0.003   0.994
 2694    1  1.0     0.054   0.882   0.003   0.995
 2695    1  1.0     0.029   0.946   0.037   0.997
 2696    1  1.0     0.060   0.901   0.003   0.995
 2697    1  1.0     0.062   0.904   0.003   0.995
 2698    1  1.0     0.060   0.904   0.003   0.995
 2699    1  1.0     0.062   0.913   0.003   0.995
 2700    1  1.0     0.057   1.062   0.037   0.997
 2701    1  1.0     0.050   1.014   0.003   0.994
 2702    1  1.0     0.044   0.920   0.003   0.994
 2703    1  1.0     0.048   0.913   0.003   0.994
 2704    1  1.0     0.045   0.989   0.003   0.994
 2705    1  1.0     0.036   0.831   0.003   0.994
 2706    1  1.0     0.039   0.830   0.003   0.994
 2707    1  1.0     0.038   0.835   0.003   0.994
 2708    1  1.0     0.036   0.832   0.003   0.994
 2709    1  1.0     0.038   0.837   0.003   0.994
 2710    1  1.0     0.039   0.841   0.003   0.994
 2711    1  1.0     0.058   1.035   0.037   0.997
 2712    1  1.0     0.059   0.976   0.003   0.994
 2713    1  1.0     0.051   0.912   0.003   0.994
 2714    1  1.0     0.044   0.912   0.003   0.994
 2715    1  1.0     0.058   0.930   0.003   0.994
 2716    1  1.0     0.044   0.904   0.003   0.994
 2717    1  1.0     0.054   0.893   0.037   0.997
 2718    1  1.0     0.043   0.918   0.037   0.997
 2719    1  1.0     0.060   1.098   0.037   0.997
 2720    1  1.0     0.057   1.017   0.003   0.994
 2721    1  1.0     0.046   0.926   0.003   0.994
 2722    1  1.0     0.049   0.920   0.003   0.994
 2723    1  1.0     0.044   0.997   0.003   0.994
 2724    1  1.0     0.035   0.835   0.003   0.994
 2725    1  1.0     0.041   0.835   0.003   0.994
 2726    1  1.0     0.035   0.839   0.003   0.994
 2727    1  1.0     0.038   0.833   0.003   0.994
 2728    1  1.0     0.038   0.838   0.003   0.994
 2729    1  1.0     0.042   0.836   0.003   0.994
 2730    1  1.0     0.059   1.073   0.037   0.997
 2731    1  1.0     0.058   1.016   0.003   0.994
 2732    1  1.0     0.051   0.947   0.003   0.994
 2733    1  1.0     0.065   0.969   0.045   0.995
 2734    1  1.0     0.052   0.835   0.003   0.994
 2735    1  1.0     0.042   0.833   0.003   0.994
 2736    1  1.0     0.052   0.840   0.003   0.994
 2737    1  1.0     0.059   1.071   0.037   0.998
 2738    1  1.0     0.065   1.087   0.003   0.994
 2739    1  1.0     0.046   0.942   0.003   0.994
 2740    1  1.0     0.053   0.925   0.003   0.994
 2741    1  1.0     0.038   0.997   0.003   0.994
 2742    1  1.0     0.047   0.999   0.003   0.994
 2743    1  1.0     0.044   0.918   0.003   0.994
 2744    1  1.0     0.039   0.919   0.003   0.994
 2745    1  1.0     0.044   0.920   0.003   0.994
 2746    1  1.0     0.057   1.006   0.037   0.997
 2747    1  1.0     0.056   1.014   0.003   0.994
 2748    1  1.0     0.070   0.927   0.003   0.994
 2749    1  1.0     0.056   0.910   0.003   0.994
 2750    1  1.0     0.077   0.915   0.003   0.995
 2751    1  1.0     0.064   0.916   0.003   0.995
 2752    1  1.0     0.074   0.909   0.003   0.995
 2753    1  1.0     0.067   0.907   0.003   0.995
 2754    1  1.0     0.075   1.123   0.045   0.995
 2755    1  1.0     0.066   1.065   0.037   0.997
 2756    1  1.0     0.053   0.973   0.003   0.994
 2757    1  1.0     0.055   0.871   0.003   0.994
 2758    1  1.0     0.042   0.893   0.003   0.994
 2759    1  1.0     0.075   0.932   0.045   0.995
 2760    1  1.0     0.001   0.898   0.009   0.919
 2761    1  1.0     0.010   1.217   0.009   0.996
 2762    1  1.0     0.038   1.094   0.009   0.924
 2763    1  1.0     0.044   0.646   0.009   0.919
 2764    1  1.0    -0.178   1.547   0.137   1.919
 2765    1  1.0     0.034   1.165   0.009   0.936
 2766    1  1.0     0.036   0.678   0.009   0.919
 2767    1  1.0     0.046   0.664   0.009   0.919
 2768    1  1.0     0.050   0.676   0.009   0.919
 2769    1  1.0     0.036   0.740   0.009   0.919
 2770    1  1.0     0.041   0.695   0.009   0.919
 2771    1  1.0     0.045   0.652   0.009   0.919
 2772    1  1.0     0.056   0.651   0.009   0.919
 2773    1  1.0     0.048   0.666   0.009   0.919
 2774    1  1.0     0.044   0.646   0.009   0.919
 2775    1  1.0     0.040   0.661   0.009   0.919
 2776    1  1.0     0.038   0.647   0.009   0.919
 2777    1  1.0     0.027   0.678   0.009   0.919
 2778    1  1.0     0.054   0.658   0.009   0.919
 2779    1  1.0     0.047   0.652   0.009   0.919
 2780    1  1.0     0.033   0.672   0.009   0.919
 2781    1  1.0     0.036   0.672   0.009   0.919
 2782    1  1.0     0.024   0.957   0.037   0.997
 computing Vecp ...
 WARNING: RUNNING ONLY THE FIRST ITERATION!!!
 PTB H matrix iteration                      1  done. Now solving ...

Total solve2                                 274.376193047 sec
* sygvd solver                               247.697493792 sec

nel: 7849, nel_calc:      7849.00000000
 nel in P=   7848.99999999999      required nel=                  7849
 idempotency deviation   1.47785993539315       9.999999776482582E-003
 Error: density matrix is not idempotent.
 Stupid simple implementation of the submatrix method:                     3                     2
 number of submatrices=                     1
 average sm dim=                 25194
 effort for full matrix ops=   100749479829.840     
 sums of efforts for submatrices=   100749479829.840     
 ratio   1.00000000000000     
 sm                     1                 25194   246.378000020981     
 muiter                     1 mu  0.000000000000000E+000   22061.9099463498      of                  7849
 muiter                     2 mu  -5.00000000000000        24.0000000000004      of                  7849
 muiter                     3 mu  -2.50000000000000        3200.30207649154      of                  7849
 muiter                     4 mu  -1.25000000000000        9044.46278865137      of                  7849
 muiter                     5 mu  -1.87500000000000        7807.95034205917      of                  7849
 muiter                     6 mu  -1.56250000000000        7853.99981876144      of                  7849
 muiter                     7 mu  -1.71875000000000        7848.00000000003      of                  7849
 muiter                     8 mu  -1.64062500000000        7848.00000000003      of                  7849
 muiter                     9 mu  -1.60156250000000        7851.18288390279      of                  7849
 muiter                    10 mu  -1.62109375000000        7848.00000020010      of                  7849
 muiter                    11 mu  -1.61132812500000        7848.00580949823      of                  7849
 muiter                    12 mu  -1.60644531250000        7848.67372127828      of                  7849
 muiter                    13 mu  -1.60400390625000        7849.93744189608      of                  7849
 muiter                    14 mu  -1.60522460937500        7849.33891028592      of                  7849
 muiter                    15 mu  -1.60583496093750        7848.99600191347      of                  7849
 muiter                    16 mu  -1.60552978515625        7849.16831031938      of                  7849
 muiter                    17 mu  -1.60568237304688        7849.08195642313      of                  7849
 muiter                    18 mu  -1.60575866699219        7849.03887359791      of                  7849
 muiter                    19 mu  -1.60579681396484        7849.01740429272      of                  7849
 muiter                    20 mu  -1.60581588745117        7849.00669385081      of                  7849
 muiter                    21 mu  -1.60582542419434        7849.00134545822      of                  7849
 muiter                    22 mu  -1.60583019256592        7848.99867306601      of                  7849
 muiter                    23 mu  -1.60582780838013        7849.00000910889      of                  7849
 iteration of chemical potential converged
 final iteration to get density matrix

Submatrix                                    310.854986906 sec
* alloc and filter                             5.141180038 sec
* submatrix combination                        0.000650883 sec
* submatrix stats                              1.774549961 sec
* mu iter                                    301.923073053 sec
* submatrix construction                       0.527318954 sec
* submatrix matrix function                  276.506225109 sec
* submatrix eigendecomp                      249.384754181 sec
* submatrix fe                                27.121361017 sec
* submatrix occ                                0.002499342 sec
* submatrix Nel                                0.000912905 sec
* submatrix final iter                        23.021404982 sec
* submatrix dealloc                            2.015368938 sec
*                                              0.000000000 sec
*                                              0.000000000 sec
*                                              0.000000000 sec
*                                              0.000000000 sec
*                                              0.000000000 sec
*                                              0.000000000 sec
*                                              0.000000000 sec
*                                              0.000000000 sec

 first elements Pref   1.04763886842560       0.280754880065540       7.647974299342614E-002 -2.715668231819318E-003  2.411194740265837E-003  0.587783040133891      -2.751033054967665E-002 -3.798367717968276E-004 -1.647745739078306E-004  0.576557416970677     
 first elements P      1.04763886842559       0.280754880065538       7.647974299342583E-002 -2.715668231822446E-003  2.411194740265290E-003  0.587783040133890      -2.751033054968116E-002 -3.798367717976164E-004 -1.647745739092797E-004  0.576557416970675     
 Sparsity of Pref:
   dimension                                   25194
   nonzero elements                        317678594
   sparsity                     0.500488037863884     
   average elements per column                 12609
 Sparsity of P:
   dimension                                   25194
   nonzero elements                        317674336
   sparsity                     0.500481329580400     
   average elements per column                 12609
 maximal deviation in density matrix  7.066724319948287E-002             165010861  0.329156554041610       0.399823797241093     
 MSE of density matrix  6.842934478618170E-009
 Inf-norm of density matrix  7.066724319948287E-002
 Tr(H Pref)=  -20721.5041337245     
 Tr(H P)=  -20721.5044733932     
 energy deviation abs(Tr(H P)-Tr(H Pref))= -3.396686552150641E-004
 energy deviation per atom abs(Tr(H P)-Tr(H Pref))/n= -1.220951312778807E-007
nel: 7849, nel_calc:      7849.00000911
 nel in P=   7849.00000910888      required nel=                  7849
 idempotency deviation   1.23491721175541       9.999999776482582E-003
 Error: density matrix is not idempotent.
 D4 dispersion energy      :     -0.678243

     ------  PTB results ------
  # element  Z   pop.                shell populations
    1     N   5.0  0.32458096       0.75121373  0.30477864  2.50602585  0.90716061  0.20624021
    2     C   4.0 -0.01250686       0.62976462  0.26924941  2.02284682  0.70291346  0.38773256
    3     C   4.0 -0.01839586       0.62580514  0.23915528  1.84196395  0.64355882  0.66791268
    4     O   6.0 -0.32773805       1.15402138  0.43106452  3.60525310  1.05358797  0.08381108
    5     C   4.0 -0.10247067       0.62468028  0.27518705  2.12141556  0.74174558  0.33944222
    6     C   4.0 -0.14078027       0.63419324  0.28226417  2.13200420  0.77526957  0.31704909
    7     C   4.0 -0.08929661       0.62879640  0.24189956  1.79828984  0.65124831  0.76906250
    8     O   6.0 -0.44023805       1.17674041  0.43574810  3.68473566  1.05839738  0.08461650
    9     O   6.0 -0.40662402       1.16769183  0.44369483  3.63832533  1.07563809  0.08127395
   10     N   5.0  0.10540868       0.80041182  0.29163280  2.69377267  0.89131737  0.21745665
   11     C   4.0 -0.02531215       0.62082630  0.26525274  1.99570143  0.71123771  0.43229396
   12     C   4.0 -0.01769757       0.62598354  0.23946226  1.83880931  0.64406122  0.66938124
   13     O   6.0 -0.30493308       1.15666687  0.42836019  3.58400774  1.05165356  0.08424470
   14     C   4.0 -0.15488283       0.62954426  0.28136194  2.13034081  0.77182449  0.34181133
   15     C   4.0 -0.16357848       0.63785499  0.28462234  2.14312780  0.77833949  0.31963385
   16     C   4.0 -0.09735084       0.63600475  0.24269484  1.79985029  0.64921376  0.76958721
   17     O   6.0 -0.44883003       1.17461193  0.44963318  3.65373182  1.08836216  0.08249095
   18     O   6.0 -0.44438664       1.17212844  0.44736296  3.66304731  1.08005026  0.08179767
   19     N   5.0  0.10158160       0.79958695  0.29040280  2.69800127  0.88983548  0.22059191
   20     C   4.0 -0.01919186       0.62248605  0.26326200  1.99597985  0.70653759  0.43092637
   21     C   4.0 -0.02931232       0.62480122  0.23996803  1.84231848  0.64689137  0.67533323
   22     O   6.0 -0.30016579       1.15331221  0.42886326  3.58421159  1.05057243  0.08320632
   23     C   4.0 -0.12796333       0.61994255  0.26577303  2.09353662  0.73741345  0.41129769
   24     C   4.0 -0.20099540       0.64106584  0.29350889  2.17033446  0.83173960  0.26434661
   25     C   4.0 -0.22205216       0.64109051  0.29683295  2.18197328  0.83162917  0.27052625
   26     N   5.0  0.09565007       0.79873252  0.28752771  2.71338791  0.88108930  0.22361249
   27     C   4.0 -0.02752644       0.62037224  0.26395869  1.99681401  0.71196271  0.43441878
   28     C   4.0 -0.01774912       0.62677550  0.24027137  1.83848721  0.64558512  0.66662991
   29     O   6.0 -0.31472200       1.15536344  0.42806163  3.60140216  1.04598334  0.08391142
   30     C   4.0 -0.13363188       0.63300228  0.28235611  2.11199385  0.77487344  0.33140620
   31     C   4.0 -0.15776166       0.63668555  0.28566024  2.13307399  0.77298918  0.32935270
   32     C   4.0 -0.05455351       0.62612301  0.27312085  2.05177337  0.71866046  0.38487582
   33     N   5.0  0.06823540       0.79253793  0.29460096  2.74480754  0.89587465  0.20394352
   34     C   4.0 -0.03971152       0.61911654  0.23148468  1.89467025  0.63809502  0.65634502
   35     N   5.0  0.05433777       0.79987657  0.30975598  2.74879342  0.94323000  0.14400626
   36     N   5.0  0.03929713       0.80189240  0.31407911  2.75269663  0.94643044  0.14560428
   37     N   5.0  0.10892764       0.79853368  0.29082769  2.69651240  0.88690424  0.21829435
   38     C   4.0 -0.02772099       0.61984020  0.26275623  1.99793762  0.71149944  0.43568750
   39     C   4.0 -0.01796012       0.62573290  0.23930083  1.84102929  0.64212580  0.66977130
   40     O   6.0 -0.31080213       1.15722728  0.42497420  3.59799528  1.04476908  0.08583629
   41     C   4.0 -0.12851915       0.62878764  0.28044623  2.11177540  0.77053471  0.33697518
   42     C   4.0 -0.13388539       0.63353562  0.28280759  2.12194830  0.77574950  0.31984437
   43     C   4.0 -0.05364804       0.63394457  0.24525367  1.85164207  0.65266387  0.67014386
   44     O   6.0 -0.37404044       1.15951991  0.44057065  3.61943483  1.06999540  0.08451964
   45     N   5.0  0.06569962       0.81033653  0.31248477  2.70666403  0.94630876  0.15850629
   46     N   5.0  0.11478447       0.79919356  0.29089969  2.69156319  0.88516590  0.21839318
   47     C   4.0 -0.01352979       0.62221038  0.26443273  1.98904985  0.70863441  0.42920242
   48     C   4.0 -0.02492465       0.62600458  0.23905990  1.84150690  0.64263062  0.67572266
   49     O   6.0 -0.29171081       1.15551794  0.42416117  3.58170068  1.04500592  0.08532511
   50     C   4.0 -0.11639409       0.62486559  0.27781463  2.09598756  0.77475956  0.34296675
   51     C   4.0 -0.05886757       0.63473105  0.25647449  2.04123545  0.72365092  0.40277565
   52     C   4.0 -0.07482269       0.65068299  0.27474529  2.06933761  0.75541066  0.32464616
   53     C   4.0 -0.07405681       0.64894491  0.27414072  2.06822485  0.75651102  0.32623531
   54     C   4.0 -0.06167050       0.64730883  0.27592355  2.05508846  0.76188385  0.32146581
   55     C   4.0 -0.06144655       0.64528483  0.27481860  2.05808336  0.75963463  0.32362513
   56     C   4.0 -0.05613798       0.64633167  0.27472293  2.05509931  0.75984733  0.32013674
   57     N   5.0  0.10302009       0.79695141  0.28792766  2.70402145  0.88514549  0.22293390
   58     C   4.0 -0.01461977       0.61858380  0.26304805  1.99490923  0.70654340  0.43153529
   59     C   4.0 -0.01978140       0.62843782  0.24089332  1.83794194  0.64568484  0.66682348
   60     O   6.0 -0.31114028       1.15490007  0.43000349  3.58878446  1.05356380  0.08388845
   61     C   4.0 -0.14465296       0.62359154  0.27416822  2.13605022  0.76692714  0.34391583
   62     C   4.0 -0.13556288       0.62505215  0.28001359  2.13409930  0.76443405  0.33196378
   63     C   4.0 -0.10218920       0.62946135  0.28023571  2.05817991  0.73862596  0.39568627
   64     N   5.0  0.05838427       0.79464024  0.29625767  2.74888206  0.89889205  0.20294372
   65     C   4.0 -0.03652729       0.62027478  0.23115435  1.89265633  0.63761835  0.65482348
   66     N   5.0  0.05034184       0.80007279  0.31164569  2.74838197  0.94544914  0.14410857
   67     N   5.0  0.04602192       0.80026323  0.31196535  2.75041157  0.94681320  0.14452474
   68     N   5.0  0.09871561       0.79958272  0.29020211  2.70461577  0.88864565  0.21823813
   69     C   4.0 -0.02281065       0.62167007  0.26537636  1.99203908  0.71291056  0.43081457
   70     C   4.0 -0.01182394       0.62746370  0.23977375  1.83577377  0.64289618  0.66591655
   71     O   6.0 -0.31842625       1.15876377  0.42400125  3.60065103  1.04812148  0.08688872
   72     C   4.0 -0.14117073       0.63074106  0.27925462  2.12365443  0.77462478  0.33289585
   73     C   4.0 -0.14472479       0.63278830  0.28288001  2.13119179  0.77394989  0.32391480
   74     C   4.0 -0.09821979       0.63268703  0.28234997  2.05786294  0.73398153  0.39133831
   75     N   5.0  0.06521440       0.78937083  0.29457229  2.75153667  0.89342567  0.20588013
   76     C   4.0 -0.04833867       0.61781174  0.23025028  1.90013057  0.63716321  0.66298287
   77     N   5.0  0.03884050       0.80081427  0.31305379  2.75810492  0.94377723  0.14540929
   78     N   5.0  0.04567028       0.80062532  0.31314906  2.75118923  0.94325754  0.14610855
   79     N   5.0  0.11977273       0.79883814  0.29062277  2.68638474  0.88803738  0.21634424
   80     C   4.0 -0.01531874       0.62241393  0.26577523  1.98830289  0.71240589  0.42642080
   81     C   4.0 -0.01818716       0.62626141  0.24000449  1.83946759  0.64332718  0.66912649
   82     O   6.0 -0.31156692       1.15593338  0.42139798  3.60470772  1.04319024  0.08633760
   83     C   4.0 -0.13372701       0.62884307  0.27718633  2.11792761  0.77275510  0.33701490
   84     C   4.0 -0.13076024       0.61921251  0.26630491  2.09585881  0.73858777  0.41079624
   85     C   4.0 -0.21410953       0.64209050  0.29406828  2.17591619  0.83457589  0.26745867
   86     C   4.0 -0.20007143       0.64080679  0.29333100  2.16694760  0.83359301  0.26539302
   87     N   5.0  0.12524810       0.79414678  0.28844672  2.68818188  0.88333145  0.22064507
   88     C   4.0 -0.01170813       0.61834961  0.26198086  1.99153280  0.70607546  0.43376940
   89     C   4.0 -0.01365276       0.62469292  0.23830818  1.83421576  0.64009888  0.67633702
   90     O   6.0 -0.29257750       1.15777051  0.41579944  3.58977342  1.04023793  0.08899619
   91     C   4.0 -0.10740463       0.61951292  0.27383366  2.09493178  0.77645975  0.34266652
   92     C   4.0 -0.04949452       0.63136727  0.25597677  2.03707248  0.72328475  0.40179325
   93     C   4.0 -0.04991052       0.64575613  0.27389213  2.05668628  0.75404577  0.31953021
   94     C   4.0 -0.07982028       0.64720470  0.27579963  2.07513058  0.75602330  0.32566207
   95     C   4.0 -0.05000697       0.64427674  0.27581471  2.05045956  0.76137404  0.31808192
   96     C   4.0 -0.08786050       0.64810324  0.27786213  2.07115239  0.76427735  0.32646539
   97     C   4.0 -0.06850746       0.64581120  0.27702779  2.06325620  0.76110002  0.32131224
   98     N   5.0  0.10528070       0.79634190  0.28904507  2.70614886  0.88299453  0.22018895
   99     C   4.0 -0.03822538       0.61990583  0.26506695  2.00543195  0.71223679  0.43558385
  100     C   4.0 -0.03397357       0.62748414  0.24029946  1.84880346  0.64248446  0.67490204
  101     O   6.0 -0.32701386       1.15475619  0.43467915  3.59350193  1.05910486  0.08497174
  102     C   4.0 -0.19321403       0.64407665  0.29772493  2.16044796  0.83265269  0.25831180
  103     N   5.0  0.10944746       0.79486823  0.28866360  2.69980448  0.88481265  0.22240358
  104     C   4.0 -0.03127034       0.62174034  0.26602161  2.00028652  0.71092445  0.43229742
  105     C   4.0 -0.03786790       0.62910146  0.24241154  1.84889352  0.64599681  0.67146457
  106     O   6.0 -0.33565035       1.15429223  0.43527782  3.60182238  1.05875978  0.08549815
  107     C   4.0 -0.13141446       0.62985438  0.28066596  2.11406451  0.77337861  0.33345099
  108     C   4.0 -0.12804412       0.63405603  0.28505549  2.11578172  0.77895670  0.31419418
  109     C   4.0 -0.04329815       0.63513392  0.24506111  1.84491599  0.65710461  0.66108251
  110     O   6.0 -0.37565759       1.16161716  0.44054878  3.61674619  1.07339802  0.08334744
  111     N   5.0  0.07984199       0.80636740  0.31236565  2.70382220  0.94062167  0.15698110
  112     N   5.0  0.12325447       0.79429090  0.28932154  2.68852621  0.88492587  0.21968100
  113     C   4.0 -0.02537601       0.61779988  0.26250690  1.99777591  0.71087222  0.43642110
  114     C   4.0 -0.02061180       0.62678546  0.24005860  1.84092540  0.64363594  0.66920640
  115     O   6.0 -0.32971246       1.15723574  0.43536508  3.58809841  1.06514639  0.08386684
  116     C   4.0 -0.12738438       0.62786847  0.27484441  2.11475235  0.77290337  0.33701577
  117     C   4.0 -0.13439935       0.61974698  0.26556745  2.09867036  0.73888059  0.41153396
  118     C   4.0 -0.18364931       0.63628149  0.28852910  2.16228628  0.83333756  0.26321488
  119     C   4.0 -0.20479778       0.63902384  0.29186946  2.17672801  0.82858938  0.26858709
  120     N   5.0  0.12681811       0.79394442  0.28930867  2.69182634  0.88254985  0.21555261
  121     C   4.0 -0.00990783       0.61652964  0.26314479  1.98156416  0.71850629  0.43016294
  122     C   4.0  0.05462204       0.62233597  0.23851544  1.80226600  0.63764432  0.64461623
  123     O   6.0 -0.46950793       1.16569757  0.41289482  3.65858126  1.12229618  0.11003810
  124     C   4.0 -0.14909485       0.63464224  0.28914553  2.14153910  0.83082676  0.25294122
  125     N   5.0  0.18442724       0.79040092  0.29203531  2.63362223  0.88907152  0.21044278
  126     C   4.0 -0.06415479       0.62685430  0.27724138  2.04997230  0.74704549  0.36304133
  127     C   4.0 -0.02276786       0.62807357  0.24134010  1.83928859  0.64614664  0.66791895
  128     O   6.0 -0.33078977       1.15862620  0.43471190  3.59601116  1.05752569  0.08391481
  129     N   5.0  0.10250358       0.79977667  0.29000691  2.69240111  0.89466751  0.22064422
  130     C   4.0 -0.04523025       0.62023389  0.26401535  2.00769562  0.71308006  0.44020533
  131     C   4.0 -0.03178339       0.62394977  0.24069408  1.84565705  0.64519656  0.67628594
  132     O   6.0 -0.33568846       1.15403855  0.43477008  3.60642457  1.05507204  0.08538323
  133     C   4.0 -0.13689852       0.63827902  0.28354180  2.12522501  0.77849483  0.31135786
  134     C   4.0 -0.10170303       0.63379359  0.24463233  1.80122310  0.65363805  0.76841596
  135     O   6.0 -0.43441463       1.17168701  0.44748828  3.64805865  1.08435330  0.08282739
  136     O   6.0 -0.45443699       1.17400134  0.44768974  3.67017329  1.08127218  0.08130044
  137     N   5.0  0.10615534       0.80155456  0.29269946  2.69379461  0.88759381  0.21820223
  138     C   4.0 -0.02608642       0.62213087  0.26569813  1.99748117  0.71098848  0.42978777
  139     C   4.0 -0.03859705       0.62756670  0.24184014  1.84501892  0.64571039  0.67846090
  140     O   6.0 -0.32362001       1.15599239  0.43568632  3.58875334  1.05918220  0.08400577
  141     C   4.0 -0.09642402       0.63484728  0.28356925  2.10219193  0.77627604  0.29953953
  142     C   4.0  0.01297629       0.62065482  0.23834693  1.74350339  0.64560640  0.73891217
  143     O   6.0 -0.29340862       1.18295455  0.41647327  3.56559169  1.04430044  0.08408867
  144     O   6.0 -0.47389711       1.17406106  0.42246324  3.68019843  1.10584968  0.09132469
  145     N   5.0  0.10554473       0.79687053  0.28897932  2.69748628  0.88813207  0.22298707
  146     C   4.0 -0.01813850       0.61606377  0.26029316  1.99923396  0.71247841  0.43006919
  147     C   4.0 -0.01438005       0.62342441  0.24040313  1.83129936  0.64657897  0.67267417
  148     O   6.0 -0.31760585       1.15404546  0.43256524  3.59830260  1.04975066  0.08294189
  149     C   4.0 -0.16922939       0.63325918  0.28123769  2.13110858  0.77651143  0.34711251
  150     C   4.0 -0.31410819       0.65217644  0.29895070  2.09405297  0.87006119  0.39886689
  151     S   6.0  0.27480521       1.07591856  0.41482013  3.11163187  0.90366215  0.21916208
  152     C   4.0 -0.33255053       0.67731220  0.32680887  2.09572154  0.93422759  0.29848034
  153     N   5.0  0.11543829       0.79427719  0.28874904  2.69090956  0.88823310  0.22239282
  154     C   4.0  0.00477401       0.61594963  0.26218945  1.98239976  0.71121778  0.42346937
  155     C   4.0  0.05020639       0.61782944  0.23502477  1.80770457  0.63746750  0.65176733
  156     O   6.0 -0.47482370       1.15704930  0.41554791  3.70463705  1.09905475  0.09853469
  157     C   4.0 -0.13199807       0.62963229  0.27730554  2.11407483  0.77586898  0.33511642
  158     C   4.0 -0.14194753       0.63488704  0.28124142  2.13186717  0.78064582  0.31330609
  159     C   4.0 -0.08225355       0.62916166  0.24083605  1.78964972  0.65390682  0.76869930
  160     O   6.0 -0.41544491       1.16982973  0.43474472  3.66997218  1.05909586  0.08180243
  161     O   6.0 -0.43956518       1.17014539  0.44181713  3.66504252  1.08006799  0.08249214
  162     N   5.0  0.20519892       0.78982204  0.28770897  2.62435383  0.88156447  0.21135178
  163     C   4.0 -0.01243929       0.62116742  0.26108149  1.99116188  0.70878552  0.43024298
  164     C   4.0 -0.01505920       0.62627447  0.23949799  1.83340102  0.64427061  0.67161510
  165     O   6.0 -0.30346240       1.15398884  0.42343068  3.60216069  1.03805676  0.08582543
  166     C   4.0 -0.09452129       0.62096268  0.26548719  2.07773060  0.73221402  0.39812680
  167     C   4.0 -0.18004156       0.63601357  0.28836438  2.15678328  0.83705024  0.26183008
  168     C   4.0 -0.19007732       0.63621503  0.28757092  2.16505939  0.83421347  0.26701852
  169     N   5.0  0.12653450       0.79590994  0.28826016  2.67811489  0.89152375  0.21965676
  170     C   4.0 -0.01419246       0.62079740  0.26273498  2.00114715  0.71125977  0.41825317
  171     C   4.0 -0.01886188       0.62482482  0.23803608  1.84008348  0.64037043  0.67554707
  172     O   6.0 -0.30862204       1.15632010  0.42121020  3.60732007  1.03697512  0.08679656
  173     C   4.0 -0.03546439       0.62955445  0.27678365  1.99022275  0.71556117  0.42334237
  174     O   6.0 -0.17615456       1.10545993  0.39390737  3.54418373  1.04069078  0.09191275
  175     N   5.0  0.10473200       0.79871148  0.29014805  2.70232290  0.88615245  0.21793313
  176     C   4.0 -0.01860607       0.61766177  0.26289666  1.99404919  0.71264173  0.43135672
  177     C   4.0 -0.01389730       0.62741137  0.24007596  1.83571130  0.64313920  0.66755947
  178     O   6.0 -0.29322219       1.15433502  0.42352903  3.58716762  1.04290327  0.08528724
  179     C   4.0 -0.17224523       0.63411105  0.28886828  2.15537548  0.83413555  0.25975488
  180     N   5.0  0.09960936       0.79912150  0.29006764  2.70188856  0.88929844  0.22001449
  181     C   4.0 -0.01215138       0.61976850  0.26213717  1.99613953  0.70998690  0.42411929
  182     C   4.0 -0.01797588       0.62421447  0.23899135  1.83988595  0.64437762  0.67050649
  183     O   6.0 -0.31601387       1.15569413  0.42633638  3.60108972  1.04854378  0.08434986
  184     C   4.0 -0.03896560       0.62676573  0.26598883  1.96362102  0.69644825  0.48614177
  185     O   6.0 -0.22434706       1.11688137  0.40230474  3.55633646  1.05685556  0.09196893
  186     C   4.0 -0.20782346       0.64377779  0.29517147  2.17836726  0.83317968  0.25732726
  187     N   5.0  0.11656630       0.79682100  0.28910470  2.69562745  0.88325065  0.21862990
  188     C   4.0 -0.01619511       0.62046057  0.26407623  1.99066126  0.71101323  0.42998382
  189     C   4.0 -0.02911690       0.62588936  0.23929448  1.84558493  0.64416324  0.67418489
  190     O   6.0 -0.31805824       1.15222919  0.42972282  3.59754968  1.05288336  0.08567320
  191     C   4.0 -0.11653271       0.62682593  0.27790710  2.10843247  0.77542308  0.32794413
  192     C   4.0 -0.10005984       0.62921607  0.28013828  2.10258996  0.78644331  0.30167221
  193     C   4.0  0.01484034       0.61703300  0.24239415  1.72911260  0.66203760  0.73458232
  194     O   6.0 -0.45162562       1.18073738  0.42541480  3.65160370  1.10499761  0.08887214
  195     O   6.0 -0.39926646       1.18108082  0.41954178  3.62706661  1.08688435  0.08469291
  196     N   5.0  0.12463324       0.79505783  0.28864872  2.68773115  0.88510093  0.21882813
  197     C   4.0 -0.00841311       0.61862546  0.26258180  1.98630804  0.71170808  0.42918973
  198     C   4.0 -0.00816230       0.62678730  0.24010006  1.83235335  0.64287245  0.66604913
  199     O   6.0 -0.30349953       1.15689683  0.42013597  3.60126150  1.03969291  0.08551232
  200     C   4.0 -0.12208581       0.62616485  0.27383786  2.11176914  0.77203108  0.33828287
  201     C   4.0 -0.11998026       0.61820221  0.26413149  2.09276390  0.73491733  0.40996533
  202     C   4.0 -0.19087566       0.63531274  0.28711796  2.16408807  0.83608298  0.26827391
  203     C   4.0 -0.17764335       0.63625777  0.28776947  2.15344220  0.83948368  0.26069023
  204     N   5.0  0.12375388       0.79293698  0.28789556  2.69013375  0.88500610  0.22027373
  205     C   4.0 -0.01694774       0.61779553  0.26238829  1.99251509  0.71261321  0.43163563
  206     C   4.0 -0.01405803       0.62618893  0.24035400  1.83585423  0.64357506  0.66808581
  207     O   6.0 -0.31086652       1.15786159  0.42465448  3.59267259  1.05070391  0.08497395
  208     C   4.0 -0.15208596       0.62818307  0.27568904  2.11840898  0.78500894  0.34479594
  209     C   4.0 -0.25526463       0.64854127  0.29751483  2.05242217  0.87525913  0.38152724
  210     S   6.0  0.30865852       1.06580257  0.40885958  3.10642022  0.88732800  0.22293111
  211     C   4.0 -0.35042724       0.66751730  0.31684995  2.11406815  0.93589109  0.31610074
  212     N   5.0  0.11382458       0.79448736  0.28872031  2.69769281  0.88494375  0.22033119
  213     C   4.0 -0.03391748       0.61705393  0.26203284  2.00230384  0.71146432  0.44106256
  214     C   4.0 -0.01722911       0.62551403  0.23892407  1.84217477  0.64353953  0.66707671
  215     O   6.0 -0.33771161       1.15860033  0.42929396  3.61167109  1.05369982  0.08444641
  216     C   4.0 -0.09729991       0.63230425  0.28143984  2.10105634  0.77470088  0.30779860
  217     C   4.0 -0.04400846       0.63221240  0.24319793  1.84785533  0.65058227  0.67016053
  218     O   6.0 -0.38188117       1.15920711  0.43897232  3.63237679  1.06558239  0.08574256
  219     N   5.0  0.07301233       0.80628222  0.31217444  2.70719337  0.94434762  0.15699001
  220     N   5.0  0.12750749       0.79612356  0.29092574  2.68011004  0.88770127  0.21763189
  221     C   4.0 -0.01643106       0.62616968  0.26446685  1.98761117  0.71234776  0.42583559
  222     C   4.0 -0.01403578       0.62698615  0.23972051  1.83834791  0.64260630  0.66637491
  223     O   6.0 -0.32557617       1.15932024  0.41932973  3.61941814  1.03978929  0.08771877
  224     C   4.0 -0.09369545       0.62207383  0.26583406  2.07149220  0.73342420  0.40087117
  225     C   4.0 -0.14989777       0.62559658  0.27496633  2.12983388  0.77350675  0.34599424
  226     C   4.0 -0.18619815       0.63394445  0.28671533  2.16707039  0.83173212  0.26673585
  227     C   4.0 -0.21023506       0.64069825  0.29203859  2.17283314  0.83628613  0.26837894
  228     N   5.0  0.13070602       0.79429382  0.28978398  2.68520808  0.88400328  0.21600481
  229     C   4.0 -0.00871437       0.61965305  0.26368505  1.98389119  0.71279292  0.42869217
  230     C   4.0 -0.00468283       0.62520397  0.23923248  1.83280945  0.64295548  0.66448145
  231     O   6.0 -0.31125584       1.15722394  0.42117813  3.60700452  1.04006654  0.08578270
  232     C   4.0 -0.12133246       0.62731922  0.27418587  2.10945106  0.77499071  0.33538561
  233     C   4.0 -0.13026604       0.61625540  0.26332423  2.09841752  0.73602611  0.41624277
  234     C   4.0 -0.18141868       0.63128442  0.28648680  2.15946853  0.83779880  0.26638013
  235     C   4.0 -0.19668074       0.63735664  0.28937140  2.16832721  0.83299811  0.26862738
  236     N   5.0  0.12273119       0.79507285  0.28983083  2.69264221  0.88373476  0.21598815
  237     C   4.0 -0.01099700       0.61761540  0.26249141  1.99059993  0.70792907  0.43236119
  238     C   4.0 -0.02120564       0.62303263  0.23766209  1.84599930  0.64085828  0.67365334
  239     O   6.0 -0.32033292       1.15444219  0.42511857  3.60947108  1.04552901  0.08577207
  240     C   4.0 -0.09283427       0.62973225  0.27964112  2.10048151  0.77247606  0.31050332
  241     C   4.0 -0.01285069       0.62503022  0.23902810  1.83620435  0.64374013  0.66884789
  242     O   6.0 -0.29799981       1.16033328  0.41223192  3.60390031  1.02957273  0.09196157
  243     N   5.0  0.09565524       0.80090398  0.30915296  2.69745111  0.94133386  0.15550285
  244     N   5.0  0.11535357       0.79474133  0.28890383  2.69991231  0.88044363  0.22064533
  245     C   4.0 -0.02027213       0.61950314  0.26406685  1.99721831  0.70644376  0.43304008
  246     C   4.0 -0.02025537       0.62460095  0.23755984  1.84271818  0.64087938  0.67449702
  247     O   6.0 -0.34290315       1.15920949  0.42120206  3.63466942  1.03955984  0.08826233
  248     C   4.0 -0.13656934       0.62646955  0.27727321  2.12470090  0.77231821  0.33580746
  249     C   4.0 -0.14327429       0.62460214  0.27874237  2.12793869  0.77038103  0.34161006
  250     C   4.0 -0.16631332       0.63028836  0.28267941  2.14126450  0.77063762  0.34144343
  251     C   4.0 -0.07548601       0.64003891  0.28494379  2.08150202  0.73468129  0.33432000
  252     N   5.0  0.31607646       0.75165486  0.30898094  2.50959700  0.90993047  0.20376026
  253     N   5.0  0.12877910       0.79404444  0.28871465  2.68613029  0.88232654  0.22000499
  254     C   4.0 -0.02453127       0.62178367  0.26173377  1.99547517  0.71098520  0.43455345
  255     C   4.0 -0.01859304       0.62760264  0.24095879  1.83895916  0.64443856  0.66663388
  256     O   6.0 -0.33456042       1.15417409  0.42945430  3.61809599  1.04853821  0.08429783
  257     C   4.0 -0.10827690       0.62148851  0.26679641  2.08248389  0.73416245  0.40334564
  258     C   4.0 -0.20136927       0.64096332  0.29453138  2.16675723  0.83346102  0.26565633
  259     C   4.0 -0.19937913       0.63825303  0.29054686  2.17139709  0.83061191  0.26857023
  260     N   5.0  0.12388212       0.79710597  0.29087505  2.68912351  0.88485050  0.21416285
  261     C   4.0 -0.00766662       0.62152845  0.26237881  1.98585474  0.70998606  0.42791855
  262     C   4.0 -0.01839323       0.62430292  0.23841007  1.84460211  0.63842644  0.67265169
  263     O   6.0 -0.29726535       1.15807652  0.42319453  3.59064627  1.03826192  0.08708611
  264     C   4.0 -0.10955501       0.61699271  0.26360121  2.08525664  0.73376571  0.40993874
  265     C   4.0 -0.18190948       0.63293332  0.28780809  2.16867876  0.82504356  0.26744575
  266     C   4.0 -0.19933102       0.63563073  0.28798893  2.18117148  0.82378787  0.27075201
  267     N   5.0  0.10613928       0.79615664  0.29005328  2.70413923  0.88417298  0.21933858
  268     C   4.0 -0.02344589       0.62601370  0.26536575  1.99982482  0.71080542  0.42143621
  269     C   4.0 -0.03787028       0.62553459  0.24175704  1.84716797  0.64539950  0.67801119
  270     O   6.0 -0.34258003       1.15400994  0.43336287  3.61502469  1.05478603  0.08539651
  271     C   4.0 -0.03016339       0.62918502  0.26781023  1.95644116  0.69770867  0.47901832
  272     O   6.0 -0.21125306       1.11617684  0.40078568  3.54597640  1.05746877  0.09084536
  273     C   4.0 -0.21099477       0.64588487  0.30030623  2.17567849  0.83557719  0.25354798
  274     N   5.0  0.10539240       0.79918897  0.29042271  2.70558906  0.88210562  0.21730125
  275     C   4.0 -0.01751130       0.62118900  0.26530915  1.98960155  0.71028405  0.43112754
  276     C   4.0 -0.02257322       0.62895948  0.24090515  1.84157759  0.64402433  0.66710667
  277     O   6.0 -0.35252684       1.15837932  0.43620226  3.61451375  1.05868816  0.08474335
  278     C   4.0 -0.13933397       0.62542439  0.27747741  2.12584531  0.77088968  0.33969717
  279     C   4.0 -0.15809146       0.63073111  0.28115734  2.14396149  0.76459593  0.33764559
  280     C   4.0 -0.09203654       0.62889647  0.27950191  2.05311430  0.74058419  0.38993966
  281     N   5.0  0.06280674       0.79409534  0.29794431  2.74140519  0.90147716  0.20227127
  282     C   4.0 -0.04298768       0.61878085  0.23028125  1.89769757  0.63639131  0.65983670
  283     N   5.0  0.06354453       0.79513991  0.30648428  2.75281423  0.93515658  0.14686046
  284     N   5.0  0.03843921       0.80215174  0.31332040  2.75337869  0.94700950  0.14570046
  285     N   5.0  0.12486141       0.79558653  0.28747255  2.68637079  0.88187826  0.22383047
  286     C   4.0 -0.02459459       0.61675400  0.26186970  1.99987710  0.71178137  0.43431244
  287     C   4.0  0.01244359       0.62444580  0.24004181  1.82197112  0.63787153  0.66322615
  288     O   6.0 -0.27253925       1.15764225  0.42425972  3.56942225  1.03788143  0.08333361
  289     C   4.0 -0.11837553       0.62009519  0.27531973  2.09398222  0.78176638  0.34721201
  290     C   4.0 -0.13838455       0.64701855  0.25561774  2.06977266  0.70379810  0.46217750
  291     N   5.0 -0.26440481       0.93259382  0.35586917  2.83501732  0.92603981  0.21488468
  292     C   4.0 -0.08030232       0.65307397  0.27557012  2.09072554  0.71238421  0.34854848
  293     C   4.0 -0.07235816       0.65691465  0.27238032  2.03718257  0.67006199  0.43581863
  294     N   5.0  0.16882942       0.77657491  0.29359111  2.58278614  0.89068273  0.28753569
  295     N   5.0  0.06990299       0.81467664  0.27734610  2.71031833  0.85651758  0.27123836
  296     C   4.0 -0.02435596       0.62514687  0.26451570  2.00466037  0.70057851  0.42945451
  297     C   4.0 -0.03652754       0.62627810  0.24202397  1.84978628  0.64218281  0.67625637
  298     O   6.0 -0.32446464       1.15564990  0.43698388  3.58703315  1.06041324  0.08438446
  299     C   4.0 -0.13850223       0.62987769  0.28288725  2.13563710  0.75026189  0.33983830
  300     C   4.0 -0.16498294       0.62868881  0.28256509  2.16149116  0.74772264  0.34451525
  301     C   4.0 -0.08999100       0.63153636  0.28139046  2.06505978  0.72826411  0.38374029
  302     N   5.0  0.08345745       0.80154300  0.28991765  2.72469705  0.87795094  0.22243391
  303     C   4.0 -0.01670539       0.62172765  0.26614127  1.98674315  0.70916055  0.43293278
  304     C   4.0 -0.02646171       0.63123500  0.24089977  1.84362620  0.64342104  0.66727970
  305     O   6.0 -0.32932911       1.15631175  0.43604699  3.59363425  1.05957711  0.08375902
  306     C   4.0 -0.12859245       0.63712931  0.28407589  2.12227780  0.77638766  0.30872180
  307     C   4.0 -0.07868665       0.62950766  0.24079555  1.79471266  0.65010567  0.76356510
  308     O   6.0 -0.41588233       1.17482495  0.43672940  3.66271067  1.05919486  0.08242244
  309     O   6.0 -0.41449855       1.17055893  0.43783483  3.65415478  1.07092863  0.08102138
  310     N   5.0  0.11954707       0.79778385  0.28827107  2.68649125  0.88356242  0.22434435
  311     C   4.0 -0.01553161       0.61753368  0.26271954  1.99498188  0.70778537  0.43251113
  312     C   4.0 -0.01494915       0.62661386  0.23724444  1.84279424  0.63854168  0.66975493
  313     O   6.0 -0.33317910       1.15435195  0.43056852  3.61006486  1.05269954  0.08549424
  314     C   4.0 -0.14023280       0.62706208  0.27386403  2.12704641  0.77297194  0.33928834
  315     C   4.0 -0.13544003       0.61691457  0.26426634  2.10178167  0.73586486  0.41661259
  316     C   4.0 -0.18152119       0.63581896  0.28861463  2.16131240  0.83172444  0.26405076
  317     C   4.0 -0.19232013       0.63396090  0.28681886  2.17173862  0.83144620  0.26835554
  318     N   5.0  0.12728046       0.79761451  0.28927261  2.67530233  0.89166689  0.21886320
  319     C   4.0 -0.02699718       0.61797792  0.26294085  2.00472832  0.70665412  0.43469597
  320     C   4.0 -0.01978178       0.62381035  0.23771909  1.84140354  0.64436607  0.67248272
  321     O   6.0 -0.30588090       1.15584576  0.42158425  3.60168648  1.04068795  0.08607647
  322     C   4.0 -0.12833860       0.62566757  0.27706179  2.11988968  0.77185419  0.33386537
  323     C   4.0 -0.14640895       0.62730342  0.28224099  2.12402552  0.77207112  0.34076789
  324     C   4.0 -0.15240854       0.62960929  0.28257522  2.13796228  0.76652735  0.33573440
  325     C   4.0 -0.06347432       0.63994032  0.28379437  2.07113183  0.73893364  0.32967416
  326     N   5.0  0.33688615       0.75051272  0.30355784  2.49226260  0.91669136  0.20008932
  327     N   5.0  0.11768475       0.79438835  0.29023066  2.69293588  0.88415638  0.22060397
  328     C   4.0 -0.01931433       0.61837262  0.26031157  2.00422025  0.71055308  0.42585681
  329     C   4.0 -0.02104244       0.62289804  0.23912521  1.84431559  0.64126073  0.67344287
  330     O   6.0 -0.34979399       1.15529513  0.43482268  3.62110984  1.05346614  0.08510020
  331     C   4.0 -0.00560584       0.62404460  0.26357895  1.94597554  0.69181612  0.48019063
  332     O   6.0 -0.14281468       1.11943948  0.38184887  3.53480470  1.01513124  0.09159039
  333     C   4.0 -0.19233713       0.63963437  0.29301050  2.17315239  0.83294928  0.25359059
  334     N   5.0  0.11068466       0.79657406  0.28767592  2.70528424  0.87653828  0.22324285
  335     C   4.0 -0.01807137       0.62179452  0.26609945  1.99273670  0.70766261  0.42977808
  336     C   4.0 -0.02667447       0.63414282  0.24118960  1.84416437  0.63983662  0.66734106
  337     O   6.0 -0.35534097       1.15891981  0.43960732  3.60546875  1.06563640  0.08570869
  338     C   4.0 -0.10095531       0.63764358  0.28563249  2.09881157  0.78204340  0.29682428
  339     C   4.0 -0.00093045       0.62626326  0.24262223  1.74118215  0.65063681  0.74022601
  340     O   6.0 -0.50827573       1.18414378  0.41762099  3.69143486  1.11295465  0.10212145
  341     O   6.0 -0.38354597       1.17378783  0.44320351  3.60612667  1.08496577  0.07546220
  342     N   5.0  0.11774156       0.79549199  0.29018825  2.68834001  0.88909075  0.21914744
  343     C   4.0 -0.06080603       0.62756819  0.27783257  2.04458964  0.74965596  0.36115967
  344     C   4.0 -0.01996399       0.62992471  0.24052101  1.83970910  0.64453046  0.66527870
  345     O   6.0 -0.35815393       1.15725243  0.43461516  3.61831737  1.06301454  0.08495443
  346     N   5.0  0.12767227       0.79460645  0.28788537  2.68924409  0.88258860  0.21800323
  347     C   4.0 -0.01867485       0.62177140  0.26345453  1.99029523  0.70967349  0.43348020
  348     C   4.0 -0.01066077       0.62925839  0.23846041  1.83851272  0.63948958  0.66493967
  349     O   6.0 -0.34568866       1.15882075  0.42641187  3.62418079  1.04942763  0.08684762
  350     C   4.0 -0.10628044       0.62128484  0.27450982  2.09191221  0.77813891  0.34043467
  351     C   4.0 -0.05732432       0.63401198  0.25600886  2.04078943  0.72585624  0.40065781
  352     C   4.0 -0.06915608       0.64547503  0.27385312  2.06785530  0.75595862  0.32601402
  353     C   4.0 -0.05836726       0.64515895  0.27444652  2.06230700  0.75470190  0.32175289
  354     C   4.0 -0.06540671       0.64400488  0.27447233  2.06335014  0.75830829  0.32527107
  355     C   4.0 -0.05357169       0.64416569  0.27627793  2.05397671  0.76031990  0.31883145
  356     C   4.0 -0.06083173       0.64537126  0.27574164  2.05647236  0.76193538  0.32131109
  357     N   5.0  0.13495265       0.79050940  0.29043087  2.67750210  0.88966775  0.21693723
  358     C   4.0 -0.06267892       0.62838906  0.27881196  2.04423529  0.74854651  0.36269610
  359     C   4.0 -0.01651360       0.62809628  0.24065915  1.83633935  0.64673799  0.66468082
  360     O   6.0 -0.31983045       1.15718520  0.42827907  3.60365200  1.04742604  0.08328813
  361     N   5.0  0.09466638       0.79927284  0.29138115  2.70104432  0.89519241  0.21844290
  362     C   4.0 -0.02434283       0.62014312  0.26110733  1.99567717  0.71283844  0.43457678
  363     C   4.0 -0.01806350       0.62307632  0.23838590  1.84251440  0.64248712  0.67159976
  364     O   6.0 -0.29176977       1.15419865  0.42084730  3.59565699  1.03648400  0.08458283
  365     C   4.0 -0.11144820       0.62048340  0.26668561  2.08412254  0.73347545  0.40668121
  366     C   4.0 -0.15570928       0.62657684  0.27812254  2.13876826  0.76565906  0.34658257
  367     C   4.0 -0.21738846       0.64051515  0.29553699  2.18537247  0.82482964  0.27113421
  368     C   4.0 -0.19977041       0.63763839  0.29026112  2.17125309  0.83604757  0.26457024
  369     N   5.0  0.09640900       0.79872608  0.28987586  2.71290076  0.88118702  0.22090128
  370     C   4.0 -0.02716416       0.61929804  0.26432949  1.99041796  0.71308613  0.44003255
  371     C   4.0 -0.02552011       0.62781906  0.24136019  1.84262794  0.64638476  0.66732816
  372     O   6.0 -0.31749087       1.15548098  0.43183577  3.59169900  1.05435744  0.08411767
  373     C   4.0 -0.13047247       0.63789678  0.28491071  2.11836696  0.78107296  0.30822507
  374     C   4.0 -0.09931263       0.63641423  0.24601948  1.79903418  0.65578258  0.76206215
  375     O   6.0 -0.45516013       1.17397368  0.44842511  3.66397309  1.08690771  0.08188053
  376     O   6.0 -0.45139001       1.17395365  0.44904685  3.65844786  1.08753428  0.08240737
  377     N   5.0  0.10525169       0.80013764  0.29150087  2.69244653  0.89073637  0.21992690
  378     C   4.0 -0.01115708       0.62375993  0.26418832  1.99739420  0.70779462  0.41802001
  379     C   4.0 -0.02208414       0.62314403  0.23957592  1.83883607  0.64525101  0.67527711
  380     O   6.0 -0.29617354       1.15207314  0.42361924  3.59641540  1.03969979  0.08436596
  381     C   4.0 -0.02520903       0.62425745  0.26415282  1.95683432  0.69944374  0.48052070
  382     O   6.0 -0.20902627       1.11454892  0.39816847  3.55571246  1.05056012  0.09003630
  383     C   4.0 -0.17451892       0.63178945  0.28736582  2.16910595  0.82859847  0.25765923
  384     N   5.0  0.10393041       0.79692519  0.28930596  2.70350605  0.88621554  0.22011686
  385     C   4.0 -0.03222264       0.61989284  0.26252642  1.98969638  0.72217835  0.43792864
  386     C   4.0 -0.00712057       0.62566203  0.23947029  1.83629394  0.64057080  0.66512351
  387     O   6.0 -0.30014039       1.15703976  0.42306903  3.59090626  1.04445907  0.08466626
  388     C   4.0 -0.23181258       0.64932007  0.29674870  2.02425611  0.88800016  0.37348755
  389     S   6.0  0.20184367       1.08054364  0.42387772  3.18865013  0.95143278  0.15365207
  390     N   5.0  0.10629440       0.79495478  0.28799599  2.71202296  0.87747806  0.22125380
  391     C   4.0 -0.01812641       0.61784810  0.26298791  1.99290258  0.71060337  0.43378446
  392     C   4.0 -0.01812940       0.62773305  0.24021959  1.84130919  0.64273287  0.66613469
  393     O   6.0 -0.32379146       1.15764022  0.42990249  3.59537458  1.05588478  0.08498938
  394     C   4.0 -0.13085050       0.62680697  0.27865684  2.12281489  0.76599009  0.33658170
  395     C   4.0 -0.15286589       0.62444729  0.27452928  2.14332443  0.76923391  0.34133098
  396     C   4.0 -0.08736422       0.62207347  0.27394235  2.06170684  0.73113039  0.39851117
  397     N   5.0  0.07129477       0.79009575  0.29513603  2.74499178  0.89289364  0.20558803
  398     C   4.0 -0.04145391       0.61949086  0.23103634  1.89721084  0.63600031  0.65771557
  399     N   5.0  0.03740539       0.80100554  0.31392053  2.75520641  0.94608617  0.14637597
  400     N   5.0  0.04620023       0.80123591  0.31195754  2.75129163  0.94554880  0.14376589
  401     N   5.0  0.11467861       0.79567820  0.28905177  2.69109559  0.88580608  0.22368974
  402     C   4.0 -0.02979611       0.62171006  0.26406142  2.01049799  0.70830941  0.42521723
  403     C   4.0 -0.02841204       0.62646264  0.23962362  1.84330177  0.64407167  0.67495234
  404     O   6.0 -0.31531657       1.15391064  0.42634243  3.59716213  1.05180302  0.08609835
  405     C   4.0 -0.05580907       0.63125199  0.28001162  1.99718028  0.72239734  0.42496783
  406     O   6.0 -0.18041767       1.10153520  0.39929515  3.54133534  1.04605246  0.09219952
  407     N   5.0  0.11477975       0.79663157  0.29001808  2.69375062  0.88678661  0.21803337
  408     C   4.0 -0.00622005       0.62071449  0.26387870  1.98339653  0.71315214  0.42507819
  409     C   4.0 -0.01908411       0.62659025  0.23941572  1.83915383  0.64281695  0.67110737
  410     O   6.0 -0.31191805       1.15210903  0.42869964  3.59563112  1.05096003  0.08451822
  411     C   4.0 -0.14173109       0.62892437  0.27591154  2.10725987  0.78836983  0.34126548
  412     C   4.0 -0.25473455       0.65093255  0.29728448  2.04806846  0.87800631  0.38044274
  413     S   6.0  0.32143468       1.06553304  0.40972805  3.08348793  0.89858000  0.22123630
  414     C   4.0 -0.31350964       0.65721524  0.30971593  2.09754723  0.93796682  0.31106441
  415     N   5.0  0.11474944       0.79598856  0.28963780  2.69283277  0.88844427  0.21834715
  416     C   4.0 -0.00814687       0.62380356  0.26369905  1.98384088  0.71129499  0.42550838
  417     C   4.0 -0.02358127       0.62633228  0.24064700  1.83960277  0.64590277  0.67109644
  418     O   6.0 -0.31955805       1.15539312  0.42537874  3.61031020  1.04389763  0.08457836
  419     C   4.0 -0.10115425       0.62380075  0.26777723  2.07746089  0.73701872  0.39509666
  420     C   4.0 -0.19246675       0.63816398  0.29059634  2.16155845  0.83801700  0.26413098
  421     C   4.0 -0.18183733       0.63642752  0.28845114  2.15855390  0.83548361  0.26292116
  422     N   5.0  0.11289264       0.79614443  0.28993255  2.69635773  0.88592264  0.21875002
  423     C   4.0 -0.03333737       0.61882991  0.26379913  2.00356299  0.71244788  0.43469746
  424     C   4.0 -0.04203867       0.62425327  0.23947339  1.85639042  0.64378615  0.67813544
  425     O   6.0 -0.31786435       1.15208745  0.43139520  3.60147119  1.04724458  0.08566593
  426     C   4.0 -0.17355384       0.63806611  0.29227868  2.15235126  0.83563133  0.25522647
  427     N   5.0  0.11569272       0.79043269  0.28692257  2.70152968  0.87876034  0.22666200
  428     C   4.0 -0.01355572       0.62262011  0.26215413  1.99645716  0.70531262  0.42701170
  429     C   4.0 -0.03335076       0.62783498  0.24277306  1.84351057  0.64503407  0.67419808
  430     O   6.0 -0.33075442       1.15442026  0.43547669  3.59921837  1.05675846  0.08488064
  431     C   4.0 -0.10316070       0.61716551  0.26304477  2.09091842  0.72526596  0.40676603
  432     C   4.0 -0.18528428       0.63122684  0.28642198  2.16796201  0.82651965  0.27315379
  433     C   4.0 -0.19169844       0.63176072  0.28677762  2.17025644  0.82879633  0.27410734
  434     N   5.0  0.11124685       0.79723674  0.29175442  2.69807631  0.88603067  0.21565500
  435     C   4.0 -0.01052986       0.62017035  0.26327929  1.98616832  0.71328397  0.42762792
  436     C   4.0 -0.00884491       0.62895584  0.24023300  1.83225602  0.64227389  0.66512616
  437     O   6.0 -0.32735101       1.15503800  0.43074790  3.60688925  1.05076060  0.08391527
  438     C   4.0 -0.13736700       0.62443757  0.27363220  2.11682332  0.77697937  0.34549454
  439     C   4.0 -0.25613064       0.64859611  0.29546779  2.05070972  0.87414840  0.38720861
  440     S   6.0  0.29523123       1.06393266  0.40989891  3.11673033  0.89411342  0.22009345
  441     C   4.0 -0.31248853       0.66164631  0.31219944  2.09803939  0.93185914  0.30874426
  442     N   5.0  0.12662196       0.79894733  0.29012585  2.67208356  0.89475414  0.21746716
  443     C   4.0 -0.01448434       0.61964059  0.26390955  1.97889489  0.71789697  0.43414234
  444     C   4.0 -0.00977883       0.63045192  0.24114895  1.83410519  0.64380854  0.66026422
  445     O   6.0 -0.32580209       1.15649664  0.43250084  3.60137844  1.05130821  0.08411795
  446     C   4.0 -0.08424441       0.62855804  0.27774391  2.10148925  0.78016433  0.29628889
  447     C   4.0  0.06046403       0.61456561  0.23664881  1.72232658  0.63405775  0.73193722
  448     O   6.0 -0.49446833       1.18040490  0.40887251  3.69332528  1.10795990  0.10390573
  449     O   6.0 -0.24129884       1.17826545  0.40894729  3.57149386  1.00160280  0.08098944
  450     N   5.0  0.11321440       0.79707760  0.29030305  2.68764204  0.89118960  0.22057331
  451     C   4.0 -0.03520295       0.62114900  0.26432127  2.01202470  0.70989099  0.42781699
  452     C   4.0 -0.02185828       0.62626201  0.24068718  1.84201193  0.64167589  0.67122128
  453     O   6.0 -0.34337465       1.15742683  0.43689099  3.60602474  1.05853659  0.08449549
  454     C   4.0 -0.06991694       0.63482308  0.28158084  2.00374150  0.72171932  0.42805219
  455     O   6.0 -0.19265881       1.10766900  0.40515363  3.53236169  1.05556995  0.09190455
  456     N   5.0  0.10785638       0.79896182  0.29201362  2.69751143  0.88503459  0.21862216
  457     C   4.0 -0.02256436       0.61882997  0.26454854  1.99854618  0.70841844  0.43222123
  458     C   4.0 -0.03479727       0.62498939  0.23956001  1.84924924  0.64178172  0.67921691
  459     O   6.0 -0.34100617       1.15904760  0.43164212  3.61813295  1.04619914  0.08598436
  460     C   4.0 -0.09156949       0.63507611  0.28399724  2.09742838  0.77823362  0.29683415
  461     C   4.0  0.02907427       0.61688685  0.23957108  1.73513758  0.64123130  0.73809892
  462     O   6.0 -0.50404960       1.18548536  0.40932453  3.70592296  1.09790400  0.10541275
  463     O   6.0 -0.29472056       1.17773211  0.42183480  3.56101978  1.05428684  0.07984704
  464     N   5.0  0.12514852       0.79377085  0.28794187  2.68745250  0.88229558  0.22339068
  465     C   4.0 -0.01552112       0.61667299  0.25997281  2.01041716  0.70510423  0.42335393
  466     C   4.0 -0.00864442       0.62348050  0.23964711  1.83612108  0.63992678  0.66946896
  467     O   6.0 -0.33983534       1.15753162  0.43226230  3.62183166  1.04294935  0.08526041
  468     C   4.0 -0.05157980       0.62760442  0.26608241  1.97662491  0.69280796  0.48846011
  469     O   6.0 -0.25579210       1.12041998  0.39925206  3.59228587  1.04831880  0.09551539
  470     C   4.0 -0.20183612       0.64289242  0.29730567  2.17764288  0.83222844  0.25176671
  471     N   5.0  0.12011784       0.79230016  0.28781685  2.69433469  0.87962323  0.22580722
  472     C   4.0  0.00253437       0.62120479  0.26552266  1.99013036  0.70803826  0.41256956
  473     C   4.0 -0.03490522       0.62896276  0.24109893  1.85056591  0.64093043  0.67334720
  474     O   6.0 -0.35104023       1.15771174  0.43808681  3.60642290  1.06309864  0.08572013
  475     C   4.0  0.01590146       0.62118143  0.26634622  1.92830729  0.69808915  0.47017445
  476     O   6.0 -0.24227223       1.12860239  0.37958798  3.55034280  1.07811293  0.10562614
  477     C   4.0 -0.19830462       0.64152569  0.29572433  2.17266446  0.83376303  0.25462710
  478     N   5.0  0.10175355       0.79682219  0.29005858  2.71333563  0.87707698  0.22095306
  479     C   4.0 -0.04748626       0.63048512  0.28059393  2.03492296  0.74347056  0.35801369
  480     C   4.0 -0.02502518       0.62980556  0.24032483  1.84315866  0.64382927  0.66790686
  481     O   6.0 -0.33569955       1.15723240  0.43717998  3.59760213  1.06025997  0.08342507
  482     N   5.0  0.10657589       0.79984158  0.28987604  2.69204730  0.89322016  0.21843903
  483     C   4.0  0.00882920       0.61637557  0.26191249  1.98126394  0.70933981  0.42227899
  484     C   4.0  0.07173444       0.61765957  0.23527324  1.79472512  0.63549766  0.64510997
  485     O   6.0 -0.46816751       1.16152418  0.41200295  3.68543863  1.10509092  0.10411083
  486     C   4.0 -0.13414238       0.62875134  0.27564251  2.12010825  0.77152789  0.33811240
  487     C   4.0 -0.14982885       0.62617993  0.27842832  2.13870752  0.77060370  0.33590939
  488     C   4.0 -0.12787373       0.62232810  0.27602187  2.12813640  0.77067946  0.33070790
  489     C   4.0 -0.07750906       0.63460487  0.28035992  2.09147966  0.72696422  0.34410038
  490     N   5.0  0.31704435       0.74879634  0.30618981  2.51356602  0.90669850  0.20770498
  491     N   5.0  0.19857967       0.78747779  0.28720376  2.63267618  0.88165003  0.21241257
  492     C   4.0 -0.01485083       0.61470979  0.25998428  1.99176443  0.71118355  0.43720877
  493     C   4.0  0.00595133       0.62633109  0.23922309  1.82598692  0.64292549  0.65958208
  494     O   6.0 -0.29976523       1.15736091  0.42148805  3.59706295  1.03785267  0.08600065
  495     C   4.0 -0.11748902       0.62587684  0.27296281  2.11146593  0.76978320  0.33740024
  496     C   4.0 -0.13178258       0.61575997  0.26265833  2.10329705  0.73315813  0.41690910
  497     C   4.0 -0.18151191       0.63272041  0.28549746  2.16048139  0.83515798  0.26765468
  498     C   4.0 -0.18640914       0.63369912  0.28582102  2.16758406  0.83078329  0.26852165
  499     N   5.0  0.13373314       0.79074252  0.28930649  2.67301536  0.89469859  0.21850390
  500     C   4.0 -0.04559324       0.62801528  0.27922392  2.03336173  0.74969946  0.35529285
  501     C   4.0 -0.01036376       0.62876326  0.24041946  1.83658713  0.64449291  0.66010100
  502     O   6.0 -0.33243454       1.16276193  0.42445266  3.61346638  1.04697326  0.08478031
  503     N   5.0  0.10800087       0.79879844  0.29199928  2.68952346  0.89351165  0.21816630
  504     C   4.0 -0.02236388       0.61875355  0.26199439  1.99233288  0.71282677  0.43645629
  505     C   4.0 -0.01567464       0.62417579  0.23922320  1.83524930  0.64245826  0.67456809
  506     O   6.0 -0.28665057       1.15679300  0.41816393  3.58695519  1.03760219  0.08713627
  507     C   4.0 -0.12038269       0.62473029  0.27773806  2.09918272  0.77300644  0.34572517
  508     C   4.0 -0.05034852       0.63335896  0.25565329  2.03538233  0.72260371  0.40335023
  509     C   4.0 -0.04886514       0.64748621  0.27361187  2.05596220  0.75153625  0.32026860
  510     C   4.0 -0.07696397       0.65084857  0.27550614  2.06762958  0.75897864  0.32400105
  511     C   4.0 -0.05838186       0.64639074  0.27563539  2.05462676  0.76128671  0.32044226
  512     C   4.0 -0.08068999       0.64646304  0.27764440  2.07177824  0.75819059  0.32661373
  513     C   4.0 -0.07913154       0.64590824  0.27644092  2.07236910  0.75946255  0.32495074
  514     N   5.0  0.10418275       0.79983366  0.29072982  2.69870126  0.88902766  0.21752486
  515     C   4.0 -0.02774374       0.62044686  0.26316282  1.99782962  0.71324980  0.43305464
  516     C   4.0 -0.01733181       0.62402236  0.23836401  1.84190160  0.64128675  0.67175709
  517     O   6.0 -0.30790197       1.15691483  0.42325053  3.59596837  1.04521519  0.08655306
  518     C   4.0 -0.14149739       0.63005120  0.28196362  2.11911869  0.77282499  0.33753890
  519     C   4.0 -0.15578512       0.63846964  0.28484857  2.13496250  0.78233418  0.31517024
  520     C   4.0 -0.10860740       0.63427973  0.24403605  1.80331039  0.65599635  0.77098487
  521     O   6.0 -0.44627007       1.16991842  0.44612527  3.66599393  1.08137047  0.08286198
  522     O   6.0 -0.43655935       1.16807842  0.44403231  3.66697884  1.07490835  0.08256143
  523     N   5.0  0.11532886       0.79511887  0.28815970  2.70020968  0.87976861  0.22141429
  524     C   4.0 -0.01245594       0.61752164  0.26250556  1.99224645  0.70734011  0.43284218
  525     C   4.0 -0.01908787       0.62485808  0.23927490  1.83813506  0.64488816  0.67193166
  526     O   6.0 -0.30222023       1.15373123  0.42628798  3.59042096  1.04716313  0.08461694
  527     C   4.0 -0.11236484       0.62229657  0.27432892  2.11081725  0.77148892  0.33343318
  528     C   4.0 -0.02784217       0.62414181  0.27333498  2.06857193  0.75346893  0.30832452
  529     C   4.0  0.01392063       0.61451221  0.24035344  1.74095899  0.65278821  0.73746654
  530     O   6.0 -0.42440892       1.17985988  0.41623691  3.65268040  1.08348256  0.09214917
  531     O   6.0 -0.40459060       1.17510438  0.43278611  3.61984062  1.09728345  0.07957604
  532     N   5.0  0.11828362       0.79434043  0.28866595  2.69400537  0.88532171  0.21938292
  533     C   4.0 -0.00768113       0.61899674  0.26193786  1.98523402  0.70930129  0.43221122
  534     C   4.0 -0.00096620       0.62605691  0.23922160  1.82960773  0.64053833  0.66554163
  535     O   6.0 -0.29545767       1.16074920  0.41841897  3.58564639  1.04392523  0.08671789
  536     C   4.0 -0.10723786       0.61951786  0.27270296  2.09283102  0.77751793  0.34466809
  537     C   4.0 -0.04681475       0.63247991  0.25534382  2.03590417  0.72254404  0.40054281
  538     C   4.0 -0.05831292       0.64803976  0.27361906  2.05847687  0.75579774  0.32237950
  539     C   4.0 -0.06388607       0.64530540  0.27453619  2.06572378  0.75586553  0.32245517
  540     C   4.0 -0.06551871       0.64935815  0.27618203  2.05468744  0.76328023  0.32201086
  541     C   4.0 -0.07490176       0.64834547  0.27639410  2.06063002  0.76581758  0.32371459
  542     C   4.0 -0.07223344       0.64906836  0.27697662  2.06158841  0.76258713  0.32201293
  543     N   5.0  0.12036706       0.79331416  0.28739306  2.69587731  0.88211441  0.22093399
  544     C   4.0 -0.01410085       0.61649662  0.26218787  1.99336702  0.70810011  0.43394923
  545     C   4.0 -0.02032071       0.62643868  0.24050049  1.83932370  0.64402038  0.67003746
  546     O   6.0 -0.31410617       1.15738964  0.42483166  3.59610462  1.05018556  0.08559468
  547     C   4.0 -0.12877269       0.62471962  0.27569208  2.12211359  0.77113934  0.33510807
  548     C   4.0 -0.13248551       0.62457621  0.27782840  2.11960655  0.77209193  0.33838242
  549     C   4.0 -0.15089754       0.62792355  0.28139773  2.13448650  0.76857048  0.33851928
  550     C   4.0 -0.07707244       0.63637674  0.27998093  2.08524257  0.73620598  0.33926622
  551     N   5.0  0.32276997       0.74920231  0.30455253  2.50603443  0.91343975  0.20400101
  552     N   5.0  0.11829898       0.79459316  0.28894985  2.69264621  0.88512447  0.22038734
  553     C   4.0 -0.02361959       0.62202877  0.26430503  1.99372602  0.71029949  0.43326029
  554     C   4.0 -0.01902815       0.62855029  0.24111612  1.83863932  0.64518957  0.66553285
  555     O   6.0 -0.31813164       1.15831411  0.42936319  3.58992219  1.05605569  0.08447645
  556     C   4.0 -0.11459468       0.62424129  0.27778161  2.09171861  0.77732390  0.34352927
  557     C   4.0 -0.07271134       0.63751602  0.25844848  2.05360526  0.72988887  0.39325271
  558     C   4.0 -0.07703053       0.65434581  0.27820611  2.05559438  0.75936770  0.32951652
  559     C   4.0 -0.04817843       0.64651912  0.27394029  2.04748362  0.75039154  0.32984385
  560     C   4.0 -0.08900705       0.65536392  0.27950895  2.08726043  0.76261413  0.30425963
  561     C   4.0 -0.06718667       0.64692307  0.27536330  2.08371437  0.75516751  0.30601843
  562     C   4.0 -0.00406023       0.63194054  0.24829106  1.92466050  0.69176434  0.50740378
  563     O   6.0 -0.13120619       1.10199559  0.39134946  3.47988582  1.05418751  0.10378782
  564     N   5.0  0.12698993       0.79484588  0.28935745  2.68163806  0.88870722  0.21846146
  565     C   4.0 -0.01335513       0.61652511  0.26162577  1.99415702  0.70909913  0.43194810
  566     C   4.0 -0.01481506       0.62391019  0.23814125  1.83799994  0.64243826  0.67232542
  567     O   6.0 -0.30214183       1.15893126  0.42001820  3.59738421  1.04013154  0.08567663
  568     C   4.0 -0.12326524       0.62599510  0.27378583  2.11251360  0.77154872  0.33942199
  569     C   4.0 -0.12199955       0.61698252  0.26417032  2.09414989  0.73446801  0.41222882
  570     C   4.0 -0.18865131       0.63394016  0.28698218  2.16458505  0.83604297  0.26710094
  571     C   4.0 -0.18396754       0.63593954  0.28803733  2.15789747  0.83692071  0.26517249
  572     N   5.0  0.12499181       0.79149318  0.28669396  2.69314587  0.88161135  0.22206384
  573     C   4.0 -0.01477161       0.62032068  0.26235282  1.99065500  0.70818740  0.43325571
  574     C   4.0 -0.02018962       0.62629253  0.24083903  1.84118021  0.64331430  0.66856356
  575     O   6.0 -0.31221307       1.15530491  0.42738491  3.59503031  1.04959047  0.08490248
  576     C   4.0 -0.12161300       0.61344188  0.27198535  2.09418601  0.77586165  0.36613811
  577     C   4.0 -0.12651967       0.63188457  0.25234893  2.11713427  0.71717933  0.40797256
  578     C   4.0 -0.04851733       0.64928174  0.27228788  2.05426705  0.70032144  0.37235923
  579     C   4.0 -0.09046390       0.63350266  0.24926130  2.06594926  0.70992102  0.43182965
  580     N   5.0  0.10616836       0.78530443  0.29248261  2.65825504  0.89485157  0.26293800
  581     C   4.0 -0.07445119       0.63219023  0.24417789  2.03958625  0.68027718  0.47821964
  582     C   4.0 -0.05468788       0.64692456  0.27685654  2.04950005  0.75634754  0.32505920
  583     C   4.0 -0.09354020       0.64879435  0.27679440  2.07938725  0.75770514  0.33085905
  584     C   4.0 -0.09041725       0.65033907  0.27675065  2.07284528  0.76814313  0.32233911
  585     C   4.0 -0.09491297       0.64939606  0.27522346  2.07109767  0.76517141  0.33402436
  586     N   5.0  0.11484955       0.79383010  0.28910834  2.70018971  0.88255349  0.21946882
  587     C   4.0 -0.02249390       0.61849874  0.26330724  1.99601430  0.71076916  0.43390445
  588     C   4.0 -0.02141003       0.62595618  0.23931764  1.84313488  0.64349829  0.66950305
  589     O   6.0 -0.32764893       1.15713644  0.42764342  3.60575867  1.05139872  0.08571168
  590     C   4.0 -0.09469089       0.63175374  0.28143317  2.09919089  0.77641502  0.30589807
  591     C   4.0 -0.04616903       0.63250643  0.24279495  1.84999162  0.64922093  0.67165510
  592     O   6.0 -0.37892873       1.15943730  0.43984240  3.62739611  1.06654429  0.08570863
  593     N   5.0  0.07514098       0.80484658  0.31068516  2.70761085  0.94329455  0.15842187
  594     N   5.0  0.12288995       0.79687756  0.29008436  2.68804204  0.88450566  0.21760042
  595     C   4.0 -0.00483774       0.61933482  0.26232472  1.99607706  0.69800279  0.42909835
  596     C   4.0 -0.01395986       0.62469435  0.23838092  1.83784878  0.64157060  0.67146521
  597     O   6.0 -0.30750550       1.15689743  0.41994128  3.60156572  1.04150754  0.08759354
  598     C   4.0 -0.07257083       0.62726057  0.27722046  2.09141135  0.77320108  0.30347737
  599     C   4.0 -0.04377813       0.62735474  0.24093555  1.84945583  0.64814135  0.67789065
  600     O   6.0 -0.34308099       1.15677559  0.43706712  3.59653652  1.06746554  0.08523621
  601     N   5.0  0.07264970       0.80272979  0.30572388  2.72042120  0.93866566  0.15980979
  602     N   5.0  0.12292440       0.79334152  0.28863934  2.69362915  0.88318548  0.21828013
  603     C   4.0 -0.00607302       0.61927009  0.26107934  1.98445427  0.71033758  0.43093174
  604     C   4.0 -0.01528313       0.62456042  0.23913722  1.83733869  0.64290823  0.67133858
  605     O   6.0 -0.30954045       1.15800154  0.42205977  3.60213566  1.04204288  0.08530059
  606     C   4.0 -0.09149036       0.62191862  0.26577854  2.07191432  0.73210582  0.39977306
  607     C   4.0 -0.15322033       0.62299055  0.27366197  2.13318413  0.77087921  0.35250446
  608     C   4.0 -0.18549738       0.63778365  0.29105785  2.15902883  0.83290440  0.26472265
  609     C   4.0 -0.19239312       0.63319075  0.28788927  2.16465896  0.83706355  0.26959058
  610     N   5.0  0.11603953       0.79632956  0.28948203  2.69415402  0.88584492  0.21814994
  611     C   4.0 -0.01624846       0.61907756  0.26411900  1.99297464  0.70884442  0.43123284
  612     C   4.0 -0.03262623       0.62660170  0.24063075  1.84662765  0.64552045  0.67324569
  613     O   6.0 -0.32886089       1.15427637  0.43193775  3.60098851  1.05732715  0.08433111
  614     C   4.0 -0.12966217       0.62716037  0.27856213  2.11775631  0.77094916  0.33523421
  615     C   4.0 -0.14944885       0.62756801  0.28160986  2.12549758  0.77363892  0.34113448
  616     C   4.0 -0.15433383       0.63047630  0.28433239  2.13239551  0.77276243  0.33436720
  617     C   4.0 -0.07809869       0.64064765  0.28544822  2.08137423  0.73848654  0.33214204
  618     N   5.0  0.31822864       0.75172257  0.30911100  2.50598717  0.91274604  0.20220458
  619     N   5.0  0.11591391       0.79424208  0.28838435  2.69454271  0.88539574  0.22152122
  620     C   4.0 -0.02768358       0.61788732  0.26303616  2.00056434  0.70899484  0.43720093
  621     C   4.0 -0.02837894       0.62575889  0.23985282  1.84704471  0.64477137  0.67095117
  622     O   6.0 -0.33387987       1.15449250  0.42985055  3.61052537  1.05443606  0.08457539
  623     C   4.0 -0.14026164       0.62454665  0.27588800  2.12873548  0.76730457  0.34378694
  624     C   4.0 -0.14114789       0.62429684  0.27887523  2.12370187  0.77100423  0.34326971
  625     C   4.0 -0.15376015       0.62954164  0.28282806  2.13495010  0.76913153  0.33730882
  626     C   4.0 -0.06628034       0.63622898  0.28180251  2.07861394  0.73417771  0.33545721
  627     N   5.0  0.32729218       0.74860781  0.30625632  2.50199014  0.91127932  0.20457423
  628     N   5.0  0.12490082       0.79260045  0.28834844  2.69610643  0.87702307  0.22102078
  629     C   4.0 -0.01224633       0.61716539  0.26163790  1.99213916  0.70895873  0.43234516
  630     C   4.0 -0.01127642       0.62432241  0.23848881  1.83769894  0.64036041  0.67040585
  631     O   6.0 -0.30034220       1.15484238  0.42114589  3.60019660  1.03792980  0.08622753
  632     C   4.0 -0.09474434       0.61948568  0.27576530  2.06997544  0.77989794  0.34961998
  633     C   4.0 -0.12156773       0.63723892  0.25639611  2.10848993  0.72251353  0.39692923
  634     C   4.0 -0.07137276       0.64788401  0.27043554  2.06606239  0.70755370  0.37943712
  635     C   4.0 -0.08995952       0.63097721  0.25102535  2.06195390  0.71629906  0.42970400
  636     N   5.0  0.10983149       0.78178138  0.29002768  2.65975094  0.89390886  0.26469966
  637     C   4.0 -0.06799680       0.63014692  0.24481411  2.03447330  0.68410464  0.47445783
  638     C   4.0 -0.05495789       0.64508474  0.27731550  2.04737729  0.76149200  0.32368837
  639     C   4.0 -0.07686335       0.64272463  0.27626637  2.07134217  0.76004292  0.32648726
  640     C   4.0 -0.07522802       0.64329785  0.27712563  2.07089520  0.76441716  0.31949219
  641     C   4.0 -0.07641891       0.64089227  0.27483034  2.06753856  0.76325752  0.32990022
  642     N   5.0  0.12066244       0.79683363  0.28847811  2.69251823  0.88338727  0.21812032
  643     C   4.0 -0.00136813       0.61720270  0.26284102  1.98423803  0.70803568  0.42905071
  644     C   4.0 -0.01994777       0.62800366  0.24022116  1.83997768  0.64369035  0.66805493
  645     O   6.0 -0.31946169       1.15570331  0.42679727  3.60202587  1.05044100  0.08449424
  646     C   4.0 -0.11928574       0.62396538  0.27597085  2.10636485  0.77280794  0.34017673
  647     C   4.0 -0.11356309       0.62747902  0.27773857  2.11036879  0.77868988  0.31928683
  648     C   4.0 -0.04473381       0.63229984  0.24346827  1.84809637  0.64979193  0.67107740
  649     O   6.0 -0.35687992       1.15824580  0.43947327  3.60626137  1.06810975  0.08478972
  650     N   5.0  0.06491656       0.80881590  0.31058416  2.70788383  0.94928101  0.15851854
  651     N   5.0  0.10119510       0.79887760  0.29000241  2.70307481  0.88738975  0.21946034
  652     C   4.0 -0.03901475       0.62093079  0.26551539  2.00546622  0.71131219  0.43579016
  653     C   4.0 -0.02749175       0.62654752  0.23865369  1.84749937  0.64223242  0.67255876
  654     O   6.0 -0.33293891       1.15690267  0.42911246  3.60797143  1.05303279  0.08591956
  655     C   4.0 -0.19057032       0.64308584  0.29767355  2.15876955  0.83264387  0.25839751
  656     N   5.0  0.11926426       0.79441965  0.28841740  2.69276059  0.88331133  0.22182678
  657     C   4.0 -0.01376864       0.62042439  0.26152793  1.99360597  0.70714049  0.43106986
  658     C   4.0 -0.02638779       0.62296480  0.23831084  1.84459925  0.64265460  0.67785830
  659     O   6.0 -0.31975081       1.15507782  0.42111781  3.61677980  1.03997827  0.08679712
  660     C   4.0 -0.09356648       0.61946803  0.26393861  2.07681781  0.73067540  0.40266663
  661     C   4.0 -0.17199135       0.62715518  0.27748859  2.14296150  0.77138864  0.35299744
  662     C   4.0 -0.18135119       0.63328743  0.28647608  2.16414535  0.83058155  0.26686079
  663     C   4.0 -0.19786316       0.63426393  0.28975007  2.17183125  0.83305293  0.26896497
  664     N   5.0  0.13110375       0.79442084  0.28748822  2.68510199  0.88195908  0.21992612
  665     C   4.0 -0.00789904       0.62113237  0.26349390  1.98557955  0.70953718  0.42815604
  666     C   4.0 -0.02613907       0.62599552  0.24063736  1.84115708  0.64575562  0.67259350
  667     O   6.0 -0.31605600       1.15348065  0.43069023  3.59508038  1.05321977  0.08358498
  668     C   4.0 -0.10282084       0.62225294  0.27504426  2.08388668  0.78033388  0.34130308
  669     C   4.0 -0.06394492       0.63413715  0.25719678  2.05172247  0.72910757  0.39178094
  670     C   4.0 -0.06426677       0.64602685  0.27481636  2.05413878  0.75676358  0.33252120
  671     C   4.0 -0.04381054       0.63974702  0.27166146  2.05297774  0.74636909  0.33305522
  672     C   4.0 -0.08253105       0.64795476  0.27465892  2.09054124  0.75999162  0.30938451
  673     C   4.0 -0.05829206       0.63866824  0.27320585  2.08712882  0.75069323  0.30859593
  674     C   4.0 -0.00063633       0.62649560  0.24649841  1.92726272  0.69038484  0.50999477
  675     O   6.0 -0.11021028       1.09860587  0.38414896  3.48546243  1.03652149  0.10547153
  676     N   5.0  0.10514030       0.79448307  0.28844705  2.70836556  0.88307205  0.22049197
  677     C   4.0 -0.02601946       0.61706632  0.26235789  1.99947858  0.71027391  0.43684276
  678     C   4.0 -0.02946512       0.62757355  0.24086313  1.84620094  0.64371191  0.67111559
  679     O   6.0 -0.32970991       1.15521216  0.43580681  3.59400499  1.05995578  0.08473017
  680     C   4.0 -0.13795869       0.62692809  0.27776459  2.12777764  0.76711188  0.33837649
  681     C   4.0 -0.14144874       0.61966693  0.27424943  2.13231987  0.76924619  0.34596631
  682     C   4.0 -0.15945575       0.62380654  0.27701429  2.14258593  0.77226883  0.34378017
  683     C   4.0 -0.07725085       0.63934910  0.28473076  2.08257407  0.73175678  0.33884013
  684     N   5.0  0.31937383       0.74980444  0.30549183  2.51068181  0.90959159  0.20505651
  685     N   5.0  0.11257298       0.79590249  0.28973413  2.69496298  0.88719690  0.21963052
  686     C   4.0 -0.02727931       0.61892033  0.26408190  1.99961245  0.70880410  0.43586054
  687     C   4.0 -0.03158420       0.62738585  0.24064232  1.84802663  0.64503337  0.67049602
  688     O   6.0 -0.35424777       1.15755153  0.43612844  3.61696613  1.05844882  0.08515286
  689     C   4.0 -0.12476243       0.62533861  0.27784705  2.11314946  0.77053049  0.33789681
  690     C   4.0 -0.12743270       0.63104129  0.28192610  2.12033319  0.77556682  0.31856531
  691     C   4.0 -0.04004675       0.63368970  0.24533156  1.84434175  0.65130343  0.66538031
  692     O   6.0 -0.37315522       1.16102386  0.44194886  3.61380696  1.07143655  0.08493898
  693     N   5.0  0.06843288       0.80639905  0.31466371  2.71465427  0.94025350  0.15559660
  694     N   5.0  0.12629153       0.79111481  0.28985602  2.69573343  0.87685394  0.22015027
  695     C   4.0 -0.02386993       0.61745864  0.26002261  1.99968427  0.70560636  0.44109805
  696     C   4.0 -0.02195508       0.62329590  0.23787282  1.84693128  0.63841857  0.67543650
  697     O   6.0 -0.31739734       1.15349329  0.42683589  3.61079967  1.04048997  0.08577852
  698     C   4.0 -0.10859706       0.62025905  0.27264395  2.10015142  0.77075148  0.34479116
  699     C   4.0 -0.04968010       0.63152939  0.25410897  2.04087633  0.71797894  0.40518647
  700     C   4.0 -0.05510855       0.64524627  0.27357242  2.06401294  0.75044234  0.32183458
  701     C   4.0 -0.06809299       0.64820266  0.27509600  2.06682503  0.75363314  0.32433616
  702     C   4.0 -0.07504026       0.64656430  0.27647370  2.06602103  0.76151490  0.32446633
  703     C   4.0 -0.08541332       0.64890414  0.27871636  2.06942940  0.76170199  0.32666144
  704     C   4.0 -0.09159295       0.64875865  0.27823222  2.07663792  0.76151945  0.32644471
  705     N   5.0  0.13908427       0.79768741  0.28841099  2.66727144  0.88743222  0.22011367
  706     C   4.0 -0.01774979       0.61869580  0.26265216  1.98473316  0.71503620  0.43663247
  707     C   4.0 -0.00829311       0.62990153  0.23872758  1.83106142  0.64282461  0.66577797
  708     O   6.0 -0.31909163       1.15783358  0.42761454  3.60336316  1.04590678  0.08437357
  709     C   4.0 -0.09839408       0.63058239  0.27896264  2.10641968  0.78274721  0.29968216
  710     C   4.0 -0.00733040       0.62276655  0.24213971  1.73883063  0.65651019  0.74708331
  711     O   6.0 -0.56441989       1.19208479  0.41833225  3.72568429  1.12840825  0.09991032
  712     O   6.0 -0.31896555       1.16971862  0.43392101  3.58820581  1.05070308  0.07641703
  713     N   5.0  0.10477953       0.79751474  0.28917339  2.70029408  0.88804221  0.22019605
  714     C   4.0 -0.02642901       0.62310064  0.26374403  1.99456137  0.71301477  0.43200821
  715     C   4.0 -0.02782618       0.62796694  0.24209982  1.84232116  0.64567529  0.66976297
  716     O   6.0 -0.34331817       1.15698647  0.43657029  3.60467148  1.06051686  0.08457306
  717     C   4.0 -0.12480902       0.62230355  0.26889741  2.09226114  0.73485404  0.40649288
  718     C   4.0 -0.21420151       0.64184010  0.29623884  2.17982405  0.82768673  0.26861179
  719     C   4.0 -0.21757816       0.63966030  0.29378688  2.18471760  0.83158980  0.26782358
  720     N   5.0  0.09906569       0.80005968  0.29122117  2.70317376  0.88681275  0.21966696
  721     C   4.0 -0.02517951       0.62182248  0.26605800  1.99413633  0.71237162  0.43079108
  722     C   4.0 -0.03271877       0.62970710  0.24178019  1.84673089  0.64069682  0.67380377
  723     O   6.0 -0.33793962       1.15696919  0.43518692  3.60462451  1.05554670  0.08561230
  724     C   4.0 -0.10509900       0.63601100  0.28417522  2.10654724  0.77885422  0.29951132
  725     C   4.0 -0.02211923       0.62445390  0.24391788  1.74499449  0.65844533  0.75030763
  726     O   6.0 -0.54072011       1.19369364  0.41720885  3.71048248  1.11652350  0.10281164
  727     O   6.0 -0.39215207       1.17395699  0.44414198  3.61068940  1.08811542  0.07524827
  728     N   5.0  0.11726822       0.79630148  0.28928077  2.69341731  0.88430756  0.21942465
  729     C   4.0 -0.02190321       0.61669743  0.26168418  2.00425833  0.70888633  0.43037694
  730     C   4.0 -0.01858000       0.62512106  0.24069451  1.84065843  0.64110164  0.67100436
  731     O   6.0 -0.34222302       1.15735579  0.43604752  3.60666001  1.05772132  0.08443838
  732     C   4.0 -0.16253586       0.62792933  0.28013682  2.14126974  0.76866597  0.34453399
  733     C   4.0 -0.17025998       0.63069504  0.28139651  2.15184075  0.76455587  0.34177181
  734     C   4.0 -0.08789949       0.62854129  0.27962622  2.05834508  0.73523991  0.38614699
  735     N   5.0  0.07831473       0.79164392  0.29574531  2.73503923  0.89792147  0.20133534
  736     C   4.0 -0.04504297       0.61985636  0.23144820  1.89950806  0.63669506  0.65753529
  737     N   5.0  0.03855283       0.79967272  0.31186199  2.76417643  0.93915856  0.14657747
  738     N   5.0  0.04435932       0.80108833  0.31387627  2.75010890  0.94540685  0.14516032
  739     N   5.0  0.10287233       0.79859960  0.28959769  2.70012653  0.88475502  0.22404883
  740     C   4.0 -0.01630181       0.62056041  0.26651168  1.99667627  0.71084827  0.42170519
  741     C   4.0 -0.04056658       0.62889427  0.24117857  1.85411596  0.64162357  0.67475420
  742     O   6.0 -0.33922053       1.15610027  0.43739760  3.59753203  1.06246611  0.08572451
  743     C   4.0 -0.05262602       0.62806910  0.28274381  1.98477334  0.73717055  0.41986922
  744     O   6.0 -0.26064665       1.13925040  0.38851985  3.54731572  1.07920337  0.10635732
  745     N   5.0  0.10020867       0.79681063  0.29209092  2.71234685  0.87754971  0.22099322
  746     C   4.0 -0.03596750       0.62812573  0.27850133  2.03101146  0.74318348  0.35514550
  747     C   4.0 -0.00146829       0.62550831  0.23811597  1.83439678  0.64034773  0.66309951
  748     O   6.0 -0.26988305       1.15766180  0.41988933  3.57850480  1.02835038  0.08547674
  749     N   5.0  0.10883161       0.79874974  0.28773835  2.69309306  0.88902435  0.22256289
  750     C   4.0  0.01181128       0.61844331  0.26140195  1.98960465  0.70505896  0.41367985
  751     C   4.0  0.03914866       0.61979222  0.23732606  1.80864531  0.64136752  0.65372023
  752     O   6.0 -0.49676761       1.17075694  0.41690674  3.70676148  1.10362110  0.09872135
  753     C   4.0 -0.01923688       0.62841815  0.26473030  1.94927460  0.69817838  0.47863545
  754     O   6.0 -0.22782305       1.11990738  0.39459404  3.56517088  1.05569893  0.09245181
  755     C   4.0 -0.18956436       0.63849896  0.29100975  2.17100328  0.83571984  0.25333253
  756     N   5.0  0.20100283       0.78932232  0.28723034  2.62489754  0.88202071  0.21552626
  757     C   4.0 -0.01639304       0.62087882  0.26044595  1.99812335  0.70429634  0.43264859
  758     C   4.0 -0.01378115       0.62757546  0.23828265  1.83394253  0.64107181  0.67290869
  759     O   6.0 -0.31505439       1.15696919  0.42631522  3.60477161  1.04233524  0.08466312
  760     C   4.0 -0.08539743       0.62059075  0.26463771  2.07109952  0.73251058  0.39655887
  761     C   4.0 -0.14754157       0.62427104  0.27523085  2.13032836  0.77127470  0.34643662
  762     C   4.0 -0.18038029       0.63451248  0.28727913  2.16165614  0.83287705  0.26405548
  763     C   4.0 -0.19841934       0.63570136  0.28789917  2.17530209  0.83065593  0.26886080
  764     N   5.0  0.11957690       0.79134548  0.28628945  2.68830055  0.89169157  0.22279605
  765     C   4.0 -0.06349059       0.62524521  0.27540818  2.04462087  0.74957728  0.36863904
  766     C   4.0 -0.01183672       0.62573636  0.23824655  1.83860487  0.64108571  0.66816323
  767     O   6.0 -0.31045723       1.16061938  0.42378831  3.59994984  1.04060274  0.08549696
  768     N   5.0  0.10964168       0.79620451  0.28944090  2.69270414  0.89042875  0.22158002
  769     C   4.0 -0.02803231       0.62299144  0.26430264  2.00751781  0.70957284  0.42364757
  770     C   4.0 -0.03178118       0.62754864  0.24184300  1.84446532  0.64681892  0.67110531
  771     O   6.0 -0.32294271       1.15367806  0.43415663  3.59509659  1.05610675  0.08390469
  772     C   4.0 -0.07691687       0.63546938  0.28091297  2.00809586  0.72160469  0.43083398
  773     O   6.0 -0.19427488       1.10665369  0.40656358  3.53266859  1.05564871  0.09274030
  774     N   5.0  0.09047180       0.80071372  0.29377010  2.70907623  0.88760647  0.21836168
  775     C   4.0 -0.02979555       0.62557781  0.26606777  2.00339013  0.71334136  0.42141848
  776     C   4.0 -0.03516632       0.62843829  0.24048446  1.84807932  0.64069229  0.67747195
  777     O   6.0 -0.34984234       1.15683913  0.43530375  3.61578989  1.05620122  0.08570835
  778     C   4.0 -0.07615286       0.63884526  0.28475800  2.00600302  0.72412014  0.42242643
  779     O   6.0 -0.21742829       1.11045671  0.40611440  3.55155563  1.05733386  0.09196770
  780     N   5.0  0.11330324       0.79644418  0.28909719  2.70060545  0.87923399  0.22131595
  781     C   4.0 -0.01103134       0.62089133  0.26385269  1.99092424  0.70639591  0.42896718
  782     C   4.0 -0.01414729       0.62712997  0.23898561  1.83678675  0.64176027  0.66948468
  783     O   6.0 -0.31172621       1.15569365  0.43026972  3.58478045  1.05655298  0.08442941
  784     C   4.0 -0.12337647       0.62557691  0.27502388  2.11133081  0.77007547  0.34136940
  785     C   4.0 -0.11140453       0.62900221  0.27880242  2.10934490  0.78311430  0.31114069
  786     C   4.0 -0.00223263       0.61277473  0.24236445  1.73545033  0.66496088  0.74668224
  787     O   6.0 -0.39855856       1.19339609  0.40391892  3.63171613  1.07214513  0.09738228
  788     O   6.0 -0.42696329       1.17729354  0.43058529  3.63485658  1.10082448  0.08340340
  789     N   5.0  0.12074291       0.79828846  0.28954595  2.68112999  0.89198199  0.21831069
  790     C   4.0 -0.01185682       0.61730695  0.26169610  1.98861295  0.71246853  0.43177228
  791     C   4.0  0.00815866       0.62857133  0.24179684  1.81573182  0.64021516  0.66552619
  792     O   6.0 -0.27084676       1.15741324  0.42015788  3.56728339  1.04087070  0.08512155
  793     C   4.0 -0.12445333       0.62658149  0.27365407  2.12121218  0.76267178  0.34033380
  794     C   4.0 -0.12848933       0.61564106  0.26307586  2.10263079  0.73093466  0.41620696
  795     C   4.0 -0.18400757       0.63389015  0.28621823  2.16759121  0.82923169  0.26707628
  796     C   4.0 -0.18240032       0.63359797  0.28650495  2.16906488  0.82356787  0.26966465
  797     N   5.0  0.07331157       0.81675750  0.27742052  2.70525658  0.85812968  0.26912415
  798     C   4.0 -0.02612099       0.62317872  0.26164749  2.00626481  0.70109497  0.43393500
  799     C   4.0 -0.02118388       0.62578136  0.24007408  1.83940464  0.64595097  0.66997282
  800     O   6.0 -0.30758691       1.15658641  0.42677975  3.58916581  1.05054820  0.08450675
  801     C   4.0 -0.13398187       0.62852752  0.27985618  2.13210273  0.75313011  0.34036534
  802     C   4.0 -0.14742675       0.62778747  0.28025120  2.14987731  0.74851166  0.34099911
  803     C   4.0 -0.07418064       0.63004684  0.27841756  2.05720502  0.72614110  0.38237013
  804     N   5.0  0.10304251       0.79536974  0.29346049  2.70215189  0.88784397  0.21813139
  805     C   4.0 -0.06446281       0.62856203  0.27935985  2.04380184  0.74714153  0.36559756
  806     C   4.0 -0.03129640       0.62615329  0.24092937  1.84669673  0.64971098  0.66780603
  807     O   6.0 -0.33202021       1.15855527  0.42760494  3.60837984  1.05197442  0.08550574
  808     N   5.0  0.11875785       0.79772300  0.29001039  2.68776840  0.88654557  0.21919480
  809     C   4.0 -0.03090233       0.61758429  0.26260266  2.00332153  0.71164243  0.43575143
  810     C   4.0 -0.02201686       0.62638879  0.23954539  1.84279931  0.64378329  0.66950009
  811     O   6.0 -0.31717444       1.15472794  0.42870545  3.60293317  1.04663679  0.08417109
  812     C   4.0 -0.16408687       0.63494909  0.28755787  2.14940625  0.83279753  0.25937613
  813     N   5.0  0.12082589       0.79163802  0.28783026  2.69702923  0.88161144  0.22106516
  814     C   4.0 -0.01070379       0.61723953  0.26154798  1.99136358  0.71003430  0.43051839
  815     C   4.0 -0.00236020       0.62457514  0.24024881  1.83174837  0.64346567  0.66232222
  816     O   6.0 -0.29940764       1.15814030  0.42109752  3.60438323  1.03103796  0.08474864
  817     C   4.0 -0.10406304       0.62257105  0.27340373  2.09362030  0.77615659  0.33831136
  818     C   4.0 -0.05028540       0.63542676  0.25479576  2.03556758  0.72324109  0.40125421
  819     C   4.0 -0.06248581       0.64582604  0.27341944  2.06555271  0.75481007  0.32287755
  820     C   4.0 -0.07104655       0.64695573  0.27255952  2.06578654  0.75900644  0.32673832
  821     C   4.0 -0.05783508       0.64349455  0.27580199  2.05697244  0.75722232  0.32434378
  822     C   4.0 -0.07084765       0.64611238  0.27440405  2.05982774  0.76355100  0.32695248
  823     C   4.0 -0.06888308       0.64427918  0.27505404  2.06536621  0.76044664  0.32373701
  824     N   5.0  0.11410438       0.79507899  0.28932694  2.70050269  0.88305908  0.21792791
  825     C   4.0 -0.02267826       0.61891520  0.26357013  1.99434167  0.71388993  0.43196134
  826     C   4.0 -0.03130197       0.62625736  0.24154142  1.84968579  0.64341690  0.67040051
  827     O   6.0 -0.33336807       1.15559077  0.43372276  3.60695422  1.05156362  0.08553669
  828     C   4.0 -0.13738610       0.63083959  0.28119057  2.11820674  0.77599558  0.33115362
  829     C   4.0 -0.14354643       0.63303137  0.27997580  2.13093156  0.78720540  0.31240230
  830     C   4.0 -0.09535267       0.63438356  0.24461178  1.79407597  0.65626486  0.76601651
  831     O   6.0 -0.43251556       1.17239046  0.44619840  3.65013194  1.08241957  0.08137518
  832     O   6.0 -0.45923068       1.17430758  0.44680098  3.67138731  1.08475250  0.08198231
  833     N   5.0  0.10776688       0.79746658  0.28977075  2.70432645  0.88003162  0.22063772
  834     C   4.0 -0.03892517       0.61905992  0.26505810  2.00849479  0.70826896  0.43804340
  835     C   4.0 -0.03635978       0.62876642  0.24147409  1.85171115  0.64248703  0.67192108
  836     O   6.0 -0.34682264       1.15674090  0.43674761  3.60603344  1.06150562  0.08579507
  837     C   4.0 -0.17513078       0.63632601  0.29136270  2.15700632  0.83111235  0.25932338
  838     N   5.0  0.10581320       0.79883838  0.28996217  2.70613873  0.87967634  0.21957118
  839     C   4.0 -0.02389038       0.61952823  0.26393026  1.99718577  0.71210407  0.43114205
  840     C   4.0 -0.02851710       0.63179535  0.24064812  1.84458894  0.64096269  0.67052201
  841     O   6.0 -0.33140298       1.15660119  0.43726382  3.59280503  1.06049237  0.08424058
  842     C   4.0 -0.15659617       0.63596332  0.28865576  2.14465910  0.83368295  0.25363504
  843     N   5.0  0.09848646       0.79503006  0.29284799  2.70282167  0.89112988  0.21968394
  844     C   4.0 -0.06794502       0.62967950  0.27905485  2.04677415  0.74574883  0.36668769
  845     C   4.0 -0.03224763       0.63043392  0.23991150  1.84799933  0.64261141  0.67129146
  846     O   6.0 -0.35444454       1.15897310  0.43833947  3.61145723  1.06053671  0.08513803
  847     N   5.0  0.12864188       0.79560250  0.29001603  2.67821002  0.88693339  0.22059618
  848     C   4.0 -0.02818783       0.62117636  0.26309785  1.99930209  0.70852482  0.43608671
  849     C   4.0 -0.01563915       0.62815726  0.23942885  1.83890676  0.64344729  0.66569899
  850     O   6.0 -0.32319267       1.15213251  0.43184829  3.60480678  1.05047253  0.08393257
  851     C   4.0 -0.11547292       0.62451518  0.27479997  2.09668869  0.77782355  0.34164553
  852     C   4.0 -0.05779672       0.63396150  0.25585082  2.04244310  0.72302291  0.40251840
  853     C   4.0 -0.05736242       0.64566916  0.27334517  2.06076324  0.75500676  0.32257808
  854     C   4.0 -0.07415302       0.64786881  0.27423480  2.07084030  0.75500348  0.32620563
  855     C   4.0 -0.06141037       0.64657646  0.27519813  2.05586720  0.76159413  0.32217445
  856     C   4.0 -0.07286929       0.64927095  0.27650565  2.06060725  0.76271191  0.32377352
  857     C   4.0 -0.06625110       0.64872932  0.27588955  2.06036633  0.75885086  0.32241504
  858     N   5.0  0.12099169       0.79916698  0.29122570  2.67753857  0.89063409  0.22044297
  859     C   4.0 -0.03326731       0.62004572  0.26253319  2.00373799  0.70764586  0.43930455
  860     C   4.0 -0.02457490       0.62963110  0.23837471  1.84472895  0.64203773  0.66980240
  861     O   6.0 -0.35672837       1.15764499  0.43633017  3.61910951  1.05821651  0.08542719
  862     C   4.0 -0.13084931       0.62308937  0.28078783  2.09863514  0.77794331  0.35039366
  863     C   4.0 -0.12383323       0.64675444  0.25529453  2.08415961  0.69169447  0.44593018
  864     N   5.0  0.12835388       0.78826678  0.29122061  2.62713104  0.87938395  0.28564374
  865     C   4.0 -0.13183968       0.65984428  0.28020170  2.09229678  0.72527878  0.37421814
  866     C   4.0 -0.05379968       0.65596396  0.27235353  2.02895993  0.66533479  0.43118747
  867     N   5.0 -0.22163067       0.92424309  0.36215740  2.78132755  0.94012395  0.21377869
  868     N   5.0  0.13192099       0.79520124  0.28982419  2.67739993  0.88703504  0.21861861
  869     C   4.0 -0.02172636       0.61786485  0.26322636  2.00074798  0.70914452  0.43074265
  870     C   4.0 -0.01856628       0.62941229  0.23913665  1.84032547  0.63962823  0.67006363
  871     O   6.0 -0.35007314       1.15709746  0.43451822  3.62131262  1.05144554  0.08569931
  872     C   4.0 -0.13398889       0.62739569  0.27360603  2.12184316  0.76846635  0.34267766
  873     C   4.0 -0.13504688       0.61735708  0.26403016  2.10284138  0.73543020  0.41538807
  874     C   4.0 -0.18446653       0.63590813  0.28781861  2.16127479  0.83371994  0.26574506
  875     C   4.0 -0.20397359       0.63877553  0.28989375  2.17371017  0.83223918  0.26935497
  876     N   5.0  0.11639152       0.79793715  0.29035360  2.68817377  0.89054883  0.21659513
  877     C   4.0 -0.01219148       0.62030780  0.26501897  1.99065906  0.70945390  0.42675175
  878     C   4.0 -0.01093905       0.62639624  0.23987663  1.83253139  0.64348687  0.66864792
  879     O   6.0 -0.31232963       1.15856612  0.42098853  3.60553730  1.04105791  0.08617977
  880     C   4.0 -0.11241580       0.63493079  0.28268409  2.11090791  0.77069701  0.31319600
  881     C   4.0 -0.03347531       0.62601548  0.24092534  1.84517914  0.64795132  0.67340402
  882     O   6.0 -0.34707647       1.16059101  0.41785359  3.64614260  1.03343534  0.08905393
  883     N   5.0  0.07717434       0.80827427  0.31239393  2.70312256  0.94259831  0.15643659
  884     N   5.0  0.09992637       0.80125713  0.29161739  2.69581288  0.89393672  0.21744950
  885     C   4.0 -0.02394748       0.62080234  0.26494685  1.99793363  0.70901136  0.43125330
  886     C   4.0 -0.02902979       0.62324828  0.24014430  1.84153265  0.64607324  0.67803133
  887     O   6.0 -0.29783834       1.15460491  0.42401165  3.58904660  1.04499459  0.08518059
  888     C   4.0 -0.15083982       0.63162327  0.28335974  2.12424225  0.77000192  0.34161265
  889     C   4.0 -0.15381098       0.63704431  0.28615651  2.13329172  0.78219308  0.31512536
  890     C   4.0 -0.09745152       0.63547528  0.24611317  1.79407609  0.65940495  0.76238205
  891     O   6.0 -0.45775267       1.17425418  0.44642219  3.67295325  1.08254302  0.08158004
  892     O   6.0 -0.42052030       1.17381215  0.44273511  3.64557266  1.07728130  0.08111908
  893     N   5.0  0.10743712       0.79590845  0.29003564  2.70171595  0.88349152  0.22141133
  894     C   4.0 -0.03155302       0.61942822  0.26266110  2.00002116  0.71130757  0.43813497
  895     C   4.0 -0.03048316       0.62605691  0.24059363  1.84775931  0.64467882  0.67139450
  896     O   6.0 -0.31737771       1.15387988  0.43020254  3.59640765  1.05246267  0.08442497
  897     C   4.0 -0.12169395       0.62133902  0.27936977  2.09357965  0.77442500  0.35298050
  898     C   4.0 -0.11486453       0.64546967  0.25398487  2.08045292  0.68909788  0.44585920
  899     N   5.0  0.13544441       0.78818071  0.29116836  2.62231392  0.87891731  0.28397530
  900     C   4.0 -0.13909083       0.66417915  0.27971786  2.09333920  0.72668281  0.37517180
  901     C   4.0 -0.05371458       0.65778482  0.27276593  2.02823126  0.66468072  0.43025184
  902     N   5.0 -0.23120642       0.92630833  0.36286297  2.78523862  0.94244733  0.21434915
  903     N   5.0  0.11419071       0.79515815  0.28901848  2.69976389  0.88260576  0.21926301
  904     C   4.0 -0.01402886       0.61863434  0.26278242  1.99285823  0.70950513  0.43024874
  905     C   4.0 -0.01311679       0.62468237  0.23846030  1.83719629  0.64208417  0.67069367
  906     O   6.0 -0.29868341       1.15486383  0.42014727  3.60104179  1.03625941  0.08637110
  907     C   4.0 -0.12431927       0.62794197  0.27472657  2.11492956  0.77483903  0.33188215
  908     C   4.0 -0.13110424       0.62093776  0.26871574  2.09739804  0.73650223  0.40755046
  909     C   4.0 -0.21360137       0.64404529  0.29635593  2.17737764  0.83017755  0.26564495
  910     C   4.0 -0.22311874       0.64058298  0.29316917  2.18578041  0.82991771  0.27366847
  911     N   5.0  0.11622596       0.79787219  0.29061565  2.69322526  0.88646576  0.21559518
  912     C   4.0 -0.00687535       0.62163019  0.26412329  1.98322433  0.71183325  0.42606428
  913     C   4.0 -0.00957789       0.62651038  0.23931907  1.83416545  0.64245257  0.66713041
  914     O   6.0 -0.30132295       1.15811825  0.42208317  3.59197712  1.04377085  0.08537357
  915     C   4.0 -0.11280340       0.62729496  0.27839777  2.08827144  0.77956690  0.33927234
  916     C   4.0 -0.07550708       0.63826376  0.25779197  2.05274433  0.73224884  0.39445818
  917     C   4.0 -0.05132714       0.64798409  0.27487060  2.04763073  0.75561558  0.32522615
  918     C   4.0 -0.08206603       0.64939392  0.27631018  2.06007159  0.76176122  0.33452913
  919     C   4.0 -0.05331293       0.64478129  0.27627027  2.07400107  0.75459380  0.30366649
  920     C   4.0 -0.09057446       0.64924133  0.27739340  2.09561515  0.75832696  0.30999762
  921     C   4.0 -0.00752793       0.62777513  0.24874625  1.93214899  0.69191012  0.50694744
  922     O   6.0 -0.11768245       1.10128307  0.38959250  3.47152913  1.05211073  0.10316702
  923     N   5.0  0.10239709       0.79824507  0.29025617  2.70426375  0.88500082  0.21983710
  924     C   4.0 -0.02361554       0.62269783  0.26562417  2.00294054  0.70994355  0.42240946
  925     C   4.0 -0.02424995       0.62285912  0.23830488  1.84383619  0.64311263  0.67613713
  926     O   6.0 -0.31271822       1.15480745  0.42617109  3.59704483  1.04872614  0.08596871
  927     C   4.0 -0.06226003       0.63624895  0.28186789  2.00133789  0.72622925  0.41657606
  928     O   6.0 -0.21158091       1.10716283  0.40561679  3.55112994  1.05632645  0.09134490
  929     N   5.0  0.11724724       0.79621160  0.28801152  2.69328493  0.88343120  0.22181351
  930     C   4.0 -0.01903272       0.61993700  0.26467416  1.99482369  0.70986667  0.42973119
  931     C   4.0 -0.03252560       0.62892985  0.24135301  1.83988065  0.65114322  0.67121887
  932     O   6.0 -0.32395573       1.15684032  0.42835474  3.60029078  1.05345222  0.08501766
  933     C   4.0 -0.14980382       0.62907201  0.27737159  2.12344944  0.77948380  0.34042699
  934     C   4.0 -0.27047821       0.65573293  0.30294472  2.05489069  0.87475172  0.38215815
  935     S   6.0  0.28610373       1.07552719  0.41602063  3.11462218  0.89810863  0.20961764
  936     C   4.0 -0.31938501       0.66711700  0.31795233  2.09068865  0.94154063  0.30208640
  937     N   5.0  0.11310220       0.79585689  0.28906122  2.69572383  0.88653970  0.21971616
  938     C   4.0 -0.01104395       0.62092322  0.26165074  1.99008220  0.70863606  0.42975172
  939     C   4.0 -0.00189083       0.62400723  0.23896749  1.82646573  0.64222114  0.67022925
  940     O   6.0 -0.29315483       1.15800166  0.41247669  3.59650230  1.03624660  0.08992758
  941     C   4.0 -0.09855501       0.61823756  0.26290855  2.07873791  0.73183556  0.40683543
  942     C   4.0 -0.16029797       0.62453669  0.27422643  2.13732815  0.77106449  0.35314221
  943     C   4.0 -0.17731531       0.63179433  0.28586927  2.16131359  0.83150539  0.26683273
  944     C   4.0 -0.20038173       0.63477468  0.28976688  2.17393225  0.83045059  0.27145732
  945     N   5.0  0.12431485       0.79394877  0.28886643  2.69080424  0.88478726  0.21727844
  946     C   4.0 -0.00709040       0.62231004  0.26284236  1.98853785  0.70745644  0.42594371
  947     C   4.0 -0.02422613       0.62546146  0.24077925  1.84137684  0.64433749  0.67227109
  948     O   6.0 -0.30800838       1.15667522  0.42630839  3.59948301  1.04085433  0.08468741
  949     C   4.0 -0.10350943       0.62179333  0.26628774  2.07834953  0.73411724  0.40296158
  950     C   4.0 -0.16798357       0.62456912  0.27558064  2.14315003  0.76801760  0.35666617
  951     C   4.0 -0.19758505       0.63832438  0.29231805  2.17254984  0.82791975  0.26647303
  952     C   4.0 -0.20238023       0.63410193  0.28715396  2.18625796  0.82142764  0.27343874
  953     N   5.0  0.10651841       0.79546624  0.28914204  2.70433730  0.88478646  0.21974955
  954     C   4.0 -0.02648458       0.61837590  0.26367819  2.00044155  0.71043649  0.43355244
  955     C   4.0 -0.03442390       0.62811053  0.24061447  1.84910738  0.64179285  0.67479866
  956     O   6.0 -0.34011764       1.15619671  0.43733203  3.60124207  1.05958658  0.08576024
  957     C   4.0 -0.13569278       0.62974006  0.27932006  2.12277806  0.77257109  0.33128351
  958     C   4.0 -0.16377608       0.63402265  0.28386474  2.14051634  0.77250889  0.33286346
  959     C   4.0 -0.10098924       0.63196206  0.28316417  2.05741358  0.73743375  0.39101569
  960     N   5.0  0.06220200       0.79157954  0.29650974  2.74685127  0.89881453  0.20404292
  961     C   4.0 -0.04452414       0.61565924  0.23147689  1.89779478  0.64091970  0.65867353
  962     N   5.0  0.05163015       0.79689145  0.31224620  2.75623888  0.93907645  0.14391686
  963     N   5.0  0.05976835       0.79674977  0.31089035  2.74620354  0.94090104  0.14548695
  964     N   5.0  0.11729939       0.79676169  0.29097497  2.68457186  0.89151290  0.21887919
  965     C   4.0 -0.03082320       0.62033755  0.26398325  2.00133830  0.71124865  0.43391545
  966     C   4.0 -0.02070092       0.62558889  0.23977599  1.84181303  0.63999023  0.67353278
  967     O   6.0 -0.31996714       1.15559554  0.42629713  3.61582005  1.03480235  0.08745208
  968     C   4.0 -0.12858115       0.62765300  0.27833533  2.11399710  0.77124500  0.33735071
  969     C   4.0 -0.15047769       0.62804937  0.27910715  2.13324249  0.77420750  0.33587117
  970     C   4.0 -0.10379466       0.62957335  0.28085905  2.05926245  0.74072434  0.39337547
  971     N   5.0  0.06495057       0.79192072  0.29703912  2.74307960  0.90034512  0.20266487
  972     C   4.0 -0.04812397       0.61690652  0.23046711  1.90301889  0.63613449  0.66159695
  973     N   5.0  0.06941099       0.79114676  0.30828494  2.74990326  0.93478778  0.14646627
  974     N   5.0  0.05704631       0.79758030  0.31212544  2.74442798  0.94352540  0.14529457
  975     N   5.0  0.13472342       0.79189390  0.29035005  2.68508714  0.87946591  0.21847958
  976     C   4.0 -0.01338261       0.62209445  0.26309377  1.98961675  0.70888259  0.42969505
  977     C   4.0 -0.01948183       0.62582082  0.23880130  1.83772415  0.64188562  0.67524994
  978     O   6.0 -0.31616014       1.15354240  0.42968899  3.60314429  1.04622582  0.08355865
  979     C   4.0 -0.11098184       0.62356389  0.27469495  2.09187722  0.77591106  0.34493472
  980     C   4.0 -0.07774541       0.63510400  0.25769761  2.06085902  0.72975335  0.39433142
  981     C   4.0 -0.06597332       0.64483202  0.27514434  2.05616677  0.75749178  0.33233842
  982     C   4.0 -0.05196853       0.64628667  0.27607781  2.04700917  0.75471859  0.32787630
  983     C   4.0 -0.07402228       0.64824897  0.27811474  2.08392960  0.75997595  0.30375302
  984     C   4.0 -0.07478032       0.64767784  0.27638304  2.08787370  0.75643899  0.30640675
  985     C   4.0  0.00338880       0.63234824  0.24912640  1.92096972  0.69416834  0.49999848
  986     O   6.0 -0.13306489       1.10700047  0.39359069  3.47187209  1.05931076  0.10129088
  987     N   5.0  0.11353832       0.79675221  0.29029387  2.69064456  0.88884813  0.21992290
  988     C   4.0 -0.02320725       0.61905962  0.26216534  2.00924623  0.70967729  0.42305876
  989     C   4.0 -0.02018324       0.62743080  0.23902692  1.84329033  0.63648368  0.67395151
  990     O   6.0 -0.34844287       1.15667093  0.43600637  3.61394298  1.05570543  0.08611717
  991     C   4.0 -0.06392881       0.62932485  0.27642640  2.00020099  0.72854827  0.42942829
  992     O   6.0 -0.16650662       1.10311806  0.39405677  3.53806007  1.03943792  0.09183380
  993     N   5.0  0.11351863       0.79347688  0.28662965  2.70535874  0.88195866  0.21905744
  994     C   4.0 -0.02883422       0.61954707  0.26504374  2.00042635  0.71115455  0.43266251
  995     C   4.0 -0.00400644       0.62748182  0.24216579  1.82903177  0.64100942  0.66431765
  996     O   6.0 -0.31569431       1.16487920  0.42361075  3.59875131  1.04142633  0.08702672
  997     C   4.0 -0.12412473       0.63608736  0.28281224  2.12112176  0.77578451  0.30831886
  998     C   4.0 -0.07114024       0.62466967  0.24074440  1.78869957  0.64906804  0.76795856
  999     O   6.0 -0.41611673       1.16953492  0.44442308  3.64456856  1.07717228  0.08041789
 1000     O   6.0 -0.39108300       1.17505181  0.41395763  3.68209398  1.03004745  0.08993214
 1001     N   5.0  0.09679515       0.79889798  0.29069334  2.70775521  0.88653380  0.21932452
 1002     C   4.0 -0.03674318       0.61947620  0.26418206  2.00840324  0.70824496  0.43643671
 1003     C   4.0 -0.04113290       0.62559420  0.24034263  1.85535830  0.64247718  0.67736058
 1004     O   6.0 -0.34310154       1.15728331  0.43793064  3.60284078  1.05993211  0.08511470
 1005     C   4.0 -0.14879030       0.62830615  0.28139728  2.12759900  0.76714981  0.34433806
 1006     C   4.0 -0.16348683       0.63484842  0.28363502  2.14987946  0.77233164  0.32279230
 1007     C   4.0 -0.09973036       0.63589257  0.24264334  1.80326062  0.64951359  0.76842024
 1008     O   6.0 -0.43911914       1.17348373  0.44616681  3.66291296  1.07499057  0.08156506
 1009     O   6.0 -0.45751719       1.17658210  0.45103103  3.65773118  1.09054360  0.08162929
 1010     N   5.0  0.10079182       0.79517508  0.29429191  2.70685691  0.88389304  0.21899124
 1011     C   4.0 -0.06968954       0.63027191  0.28002205  2.04965919  0.74397402  0.36576237
 1012     C   4.0 -0.04123653       0.63028312  0.24098928  1.85458112  0.64270967  0.67267334
 1013     O   6.0 -0.34682588       1.15883553  0.43998042  3.59729266  1.06593856  0.08477871
 1014     N   5.0  0.10418169       0.79476416  0.29304397  2.70685703  0.88279495  0.21835820
 1015     C   4.0 -0.04991698       0.62964529  0.27937812  2.03667170  0.74592657  0.35829530
 1016     C   4.0 -0.02717055       0.62801605  0.24074012  1.84409642  0.64599094  0.66832702
 1017     O   6.0 -0.32619336       1.15612936  0.43453631  3.59435332  1.05769688  0.08347749
 1018     N   5.0  0.11208056       0.79629964  0.28839630  2.70076209  0.88314298  0.21931843
 1019     C   4.0 -0.01229280       0.61821586  0.26296970  1.98874295  0.71083121  0.43153308
 1020     C   4.0  0.02036355       0.62513173  0.23779467  1.82393789  0.63767910  0.65509306
 1021     O   6.0 -0.30165751       1.16277492  0.41024905  3.60970116  1.02664647  0.09228591
 1022     C   4.0 -0.09962959       0.63195944  0.28006190  2.10315031  0.77283564  0.31162230
 1023     C   4.0 -0.04630388       0.63277209  0.24333659  1.84897512  0.64949572  0.67172436
 1024     O   6.0 -0.37270317       1.15927804  0.43976161  3.61833549  1.07010213  0.08522592
 1025     N   5.0  0.06518688       0.80838770  0.31201619  2.71050364  0.94542709  0.15847851
 1026     N   5.0  0.16675153       0.79510516  0.28917462  2.64422059  0.88906583  0.21568227
 1027     C   4.0 -0.01277619       0.61880600  0.26201537  1.99609882  0.70770372  0.42815227
 1028     C   4.0 -0.00953826       0.62558115  0.23785575  1.83782679  0.63945487  0.66881971
 1029     O   6.0 -0.32236062       1.15427804  0.42322257  3.61675858  1.04158747  0.08651396
 1030     C   4.0 -0.14275217       0.62774217  0.27564451  2.11603582  0.77714381  0.34618586
 1031     C   4.0 -0.26243231       0.64613628  0.29520357  2.05465341  0.87753510  0.38890395
 1032     S   6.0  0.33441254       1.06881142  0.40583694  3.08793259  0.88651325  0.21649327
 1033     C   4.0 -0.29850413       0.66169947  0.31131995  2.08858651  0.93550411  0.30139409
 1034     N   5.0  0.12629430       0.79446626  0.28793913  2.69058806  0.88248435  0.21822790
 1035     C   4.0 -0.01163672       0.61713970  0.26219743  1.99191314  0.71164028  0.42874617
 1036     C   4.0 -0.01948185       0.62539119  0.23975252  1.83573037  0.64694895  0.67165882
 1037     O   6.0 -0.31888823       1.15722084  0.42292058  3.60861051  1.04462817  0.08550812
 1038     C   4.0 -0.07096557       0.62625343  0.27705625  2.09115094  0.78012338  0.29638158
 1039     C   4.0  0.00421450       0.61144263  0.23961520  1.73721272  0.65614438  0.75137058
 1040     O   6.0 -0.38147615       1.17347205  0.42172942  3.63432372  1.07204476  0.07990621
 1041     O   6.0 -0.49653593       1.18378794  0.41779786  3.67924464  1.11101088  0.10469461
 1042     N   5.0  0.13059046       0.79163015  0.28859514  2.67942780  0.89022219  0.21953426
 1043     C   4.0 -0.01322466       0.61895460  0.26170874  1.98665982  0.71263896  0.43326254
 1044     C   4.0 -0.00851672       0.62500793  0.23952506  1.83334976  0.64233811  0.66829585
 1045     O   6.0 -0.29324393       1.15539062  0.42034620  3.59216857  1.03975591  0.08558262
 1046     C   4.0 -0.10955827       0.62040424  0.27316612  2.09362489  0.77630214  0.34606088
 1047     C   4.0 -0.04670646       0.63218975  0.25532553  2.03581041  0.72344239  0.39993838
 1048     C   4.0 -0.05594640       0.64557815  0.27473724  2.05958068  0.75607333  0.31997700
 1049     C   4.0 -0.06672100       0.64637333  0.27311486  2.06222886  0.76010260  0.32490135
 1050     C   4.0 -0.05896061       0.64456123  0.27652234  2.05467689  0.76338942  0.31981073
 1051     C   4.0 -0.06929867       0.64502096  0.27593708  2.06224179  0.76218544  0.32391339
 1052     C   4.0 -0.06634374       0.64517719  0.27699503  2.06242758  0.76134610  0.32039784
 1053     N   5.0  0.11085881       0.79967362  0.29066133  2.69478750  0.88788274  0.21613600
 1054     C   4.0  0.01085133       0.61719781  0.26264471  1.96793491  0.71026485  0.43110640
 1055     C   4.0 -0.00634575       0.62475485  0.23854551  1.83476812  0.64092095  0.66735633
 1056     O   6.0 -0.27762228       1.15619755  0.42013413  3.57765651  1.03790870  0.08572539
 1057     C   4.0 -0.06540818       0.62564385  0.27734464  2.08149219  0.78489605  0.29603146
 1058     C   4.0 -0.00366796       0.61262584  0.24187402  1.74606001  0.65903096  0.74407712
 1059     O   6.0 -0.40488168       1.18320465  0.41308579  3.64651179  1.06973049  0.09234895
 1060     O   6.0 -0.41609459       1.17459691  0.42603579  3.63525975  1.09441093  0.08579122
 1061     N   5.0  0.11522770       0.79556906  0.28981215  2.69569123  0.88347521  0.22022465
 1062     C   4.0 -0.00751517       0.61767900  0.26280326  1.98766530  0.71035956  0.42900806
 1063     C   4.0 -0.01309554       0.62577254  0.23928180  1.83609718  0.64399995  0.66794407
 1064     O   6.0 -0.30622205       1.15700710  0.42546546  3.58810306  1.05042237  0.08522406
 1065     C   4.0 -0.06476209       0.62580895  0.27640021  2.08129531  0.77995171  0.30130591
 1066     C   4.0 -0.00595137       0.62401521  0.24256845  1.81529200  0.65674202  0.66733369
 1067     O   6.0 -0.32149092       1.15848315  0.43738604  3.57669854  1.06765842  0.08126478
 1068     N   5.0  0.11532630       0.78306848  0.30144164  2.65294361  0.97372058  0.17349939
 1069     N   5.0  0.12381081       0.79299831  0.28772351  2.68843877  0.88519254  0.22183605
 1070     C   4.0 -0.01265598       0.62075871  0.26371765  1.98390126  0.71318074  0.43109762
 1071     C   4.0 -0.01314810       0.62949514  0.24210829  1.83358622  0.64670949  0.66124896
 1072     O   6.0 -0.31600797       1.15664089  0.42977417  3.58878326  1.05720651  0.08360314
 1073     C   4.0 -0.10579791       0.61852890  0.27287087  2.09161103  0.78069080  0.34209631
 1074     C   4.0 -0.04301865       0.63187468  0.25655821  2.03444433  0.72244751  0.39769391
 1075     C   4.0 -0.05146063       0.64468569  0.27503350  2.05757058  0.75256085  0.32161001
 1076     C   4.0 -0.06543851       0.64628166  0.27395955  2.06248295  0.75913003  0.32358432
 1077     C   4.0 -0.06197692       0.64405650  0.27690902  2.06086367  0.75997011  0.32017761
 1078     C   4.0 -0.06899457       0.64702135  0.27607542  2.05667543  0.76676290  0.32245946
 1079     C   4.0 -0.07145171       0.64800841  0.27700916  2.05942118  0.76516582  0.32184714
 1080     N   5.0  0.12546004       0.79203498  0.28915581  2.68545067  0.88853350  0.21936499
 1081     C   4.0 -0.01077174       0.62208480  0.26214650  1.98793268  0.71006699  0.42854077
 1082     C   4.0 -0.01647078       0.62531614  0.23945174  1.83829880  0.64386891  0.66953520
 1083     O   6.0 -0.31498521       1.15820646  0.42040753  3.60999370  1.04014340  0.08623412
 1084     C   4.0 -0.08896006       0.62027639  0.26403910  2.06953424  0.73429304  0.40081729
 1085     C   4.0 -0.15266626       0.62372279  0.27354074  2.13081557  0.77607733  0.34850984
 1086     C   4.0 -0.17674179       0.63290340  0.28665793  2.15694803  0.83470629  0.26552614
 1087     C   4.0 -0.18763111       0.63232261  0.28678501  2.16697174  0.83489883  0.26665292
 1088     N   5.0  0.11984847       0.79497308  0.29045570  2.69218206  0.88475257  0.21778812
 1089     C   4.0 -0.01842465       0.62212235  0.26385015  1.99462622  0.71593773  0.42188819
 1090     C   4.0 -0.01798676       0.62958026  0.24102254  1.83783776  0.64432912  0.66521709
 1091     O   6.0 -0.32527804       1.15730703  0.43014660  3.59668112  1.05696279  0.08418050
 1092     C   4.0 -0.05457319       0.62903190  0.27785045  1.99047095  0.73235068  0.42486922
 1093     O   6.0 -0.18479941       1.09831440  0.39673418  3.54925638  1.04695722  0.09353722
 1094     N   5.0  0.12360830       0.79598236  0.28920144  2.68512064  0.88795435  0.21813291
 1095     C   4.0 -0.03278062       0.62141180  0.26396877  1.99188280  0.72121993  0.43429733
 1096     C   4.0 -0.02611212       0.62529165  0.23817585  1.84188563  0.64471442  0.67604458
 1097     O   6.0 -0.30734079       1.15702093  0.41674271  3.60629046  1.03790525  0.08938144
 1098     C   4.0 -0.22375312       0.65154380  0.30022854  2.01274264  0.89232218  0.36691596
 1099     S   6.0  0.16951308       1.09029090  0.43091360  3.17198706  0.98999585  0.14729951
 1100     N   5.0  0.12797887       0.79455572  0.28980732  2.68642557  0.88554683  0.21568569
 1101     C   4.0 -0.00434363       0.61915380  0.26298302  1.98428959  0.71070036  0.42721685
 1102     C   4.0 -0.00685581       0.62416416  0.23911554  1.83362305  0.64186902  0.66808403
 1103     O   6.0 -0.30348792       1.15700400  0.41765562  3.59992909  1.04029566  0.08860355
 1104     C   4.0 -0.11476679       0.62747544  0.27517831  2.10510194  0.77648538  0.33052571
 1105     C   4.0 -0.12511766       0.61817098  0.26473784  2.09808701  0.73481084  0.40931098
 1106     C   4.0 -0.18266242       0.63589042  0.28847328  2.15699083  0.83846709  0.26284080
 1107     C   4.0 -0.19509939       0.63403481  0.28644261  2.17214054  0.83066054  0.27182090
 1108     N   5.0  0.12890564       0.79436046  0.28890979  2.68570131  0.88372034  0.21840246
 1109     C   4.0 -0.00518183       0.62199056  0.26319388  1.98685455  0.70898083  0.42416202
 1110     C   4.0 -0.03755785       0.62409383  0.23896807  1.84728140  0.64559187  0.68162268
 1111     O   6.0 -0.31483208       1.15199149  0.42814565  3.59827602  1.05109167  0.08532725
 1112     C   4.0 -0.09473155       0.62040204  0.26587364  2.07478064  0.73528782  0.39838741
 1113     C   4.0 -0.17826739       0.63333195  0.28796193  2.15570927  0.83596705  0.26529719
 1114     C   4.0 -0.18082754       0.63172036  0.28684175  2.16218150  0.83369413  0.26638980
 1115     N   5.0  0.11822813       0.79323924  0.28786156  2.69608498  0.88412291  0.22046320
 1116     C   4.0 -0.01351613       0.61556000  0.26126435  1.99235016  0.70760433  0.43673728
 1117     C   4.0 -0.01214918       0.62478077  0.23818348  1.83962518  0.64035191  0.66920784
 1118     O   6.0 -0.31795674       1.15852165  0.42092669  3.60858774  1.04323277  0.08668789
 1119     C   4.0 -0.12675409       0.61890948  0.27234101  2.12164426  0.76570381  0.34815552
 1120     C   4.0 -0.14568086       0.62341535  0.27520818  2.14365864  0.75866114  0.34473756
 1121     C   4.0 -0.08996573       0.62029123  0.27498209  2.05774087  0.73793469  0.39901684
 1122     N   5.0  0.07084601       0.78982955  0.29438096  2.74207217  0.89616498  0.20670633
 1123     C   4.0 -0.04170351       0.61591500  0.22970283  1.90028375  0.63423227  0.66156966
 1124     N   5.0  0.07440868       0.79182541  0.30190897  2.76840830  0.91644597  0.14700267
 1125     N   5.0  0.05508128       0.79594642  0.30971706  2.75125927  0.94179159  0.14620438
 1126     N   5.0  0.13282711       0.79198700  0.28647137  2.68720126  0.88060203  0.22091123
 1127     C   4.0 -0.01695641       0.61823946  0.26318055  1.99338114  0.70927648  0.43287877
 1128     C   4.0 -0.01219179       0.62812036  0.24092121  1.83649731  0.64468227  0.66197063
 1129     O   6.0 -0.33151737       1.15902305  0.42602128  3.61168420  1.04971993  0.08506892
 1130     C   4.0 -0.12627554       0.62347603  0.27264398  2.11896861  0.76875672  0.34243020
 1131     C   4.0 -0.13557503       0.61278623  0.26161793  2.10586905  0.73250261  0.42279921
 1132     C   4.0 -0.20613340       0.63902158  0.29132080  2.17224663  0.83272389  0.27082050
 1133     C   4.0 -0.18258701       0.63157624  0.28500244  2.16553056  0.82966304  0.27081473
 1134     N   5.0  0.13110027       0.79316092  0.28859025  2.68742669  0.88153505  0.21818683
 1135     C   4.0 -0.00906421       0.61830419  0.26332307  1.98361176  0.70893955  0.43488563
 1136     C   4.0 -0.02555147       0.62510711  0.23951605  1.84246284  0.64395708  0.67450839
 1137     O   6.0 -0.32295090       1.15378594  0.42432833  3.60968721  1.04838556  0.08676386
 1138     C   4.0 -0.10429725       0.63027966  0.27840930  2.10676217  0.78182730  0.30701882
 1139     C   4.0 -0.07626832       0.62731749  0.24236667  1.79183310  0.65249984  0.76225121
 1140     O   6.0 -0.44038135       1.17008555  0.44434384  3.66174459  1.08221900  0.08198836
 1141     O   6.0 -0.36408782       1.16828680  0.42846793  3.63938451  1.04356700  0.08438158
 1142     N   5.0  0.11907387       0.79577017  0.28934172  2.69216198  0.88538313  0.21826914
 1143     C   4.0 -0.02808471       0.61700708  0.26308274  2.00122774  0.71169151  0.43507564
 1144     C   4.0 -0.01844437       0.62496221  0.23901488  1.84289557  0.64154899  0.67002273
 1145     O   6.0 -0.32569900       1.15706289  0.42587087  3.60718107  1.04940349  0.08618069
 1146     C   4.0 -0.16451093       0.63348883  0.28922462  2.14925861  0.83716004  0.25537883
 1147     N   5.0  0.11736843       0.79348332  0.28854051  2.70313334  0.87879816  0.21867624
 1148     C   4.0 -0.03357786       0.61964953  0.26294091  1.99890471  0.71554641  0.43653630
 1149     C   4.0 -0.02324115       0.62705803  0.23990834  1.84398836  0.64198633  0.67030010
 1150     O   6.0 -0.33246221       1.15507650  0.43088725  3.60503972  1.05590209  0.08555664
 1151     C   4.0 -0.14494801       0.63057458  0.28024498  2.11556488  0.77978167  0.33878190
 1152     C   4.0 -0.25643962       0.65451217  0.29987463  2.05490458  0.86868578  0.37846245
 1153     S   6.0  0.28024705       1.07097340  0.41259083  3.11985588  0.89516824  0.22116460
 1154     C   4.0 -0.32652190       0.66230983  0.31339541  2.09930247  0.93846667  0.31304752
 1155     N   5.0  0.11843753       0.79607946  0.28870556  2.69291592  0.88362169  0.22023984
 1156     C   4.0 -0.01154248       0.62316769  0.26524511  1.98859102  0.70913361  0.42540506
 1157     C   4.0 -0.01412307       0.62877494  0.23976380  1.83731043  0.64280842  0.66546548
 1158     O   6.0 -0.33083861       1.15684235  0.42521214  3.61172748  1.05047491  0.08658173
 1159     C   4.0 -0.10270994       0.62536877  0.27671534  2.09191114  0.77752088  0.33119381
 1160     C   4.0 -0.05041073       0.63874221  0.25744295  2.03164691  0.72576003  0.39681863
 1161     C   4.0 -0.08428986       0.65286201  0.27641472  2.07322675  0.75658247  0.32520390
 1162     C   4.0 -0.05030313       0.64835823  0.27487546  2.05283052  0.75625417  0.31798476
 1163     C   4.0 -0.09580917       0.65513420  0.27939293  2.07055277  0.76423927  0.32649001
 1164     C   4.0 -0.05994429       0.64910215  0.27732983  2.05195826  0.76282190  0.31873215
 1165     C   4.0 -0.08719335       0.65429538  0.27883232  2.06551170  0.76541446  0.32313948
 1166     N   5.0  0.11987563       0.79673207  0.29035163  2.69151330  0.88627622  0.21525116
 1167     C   4.0 -0.02007904       0.62015390  0.26411003  1.99202377  0.71204367  0.43174767
 1168     C   4.0 -0.02338276       0.62355137  0.23795126  1.84412163  0.64125876  0.67649973
 1169     O   6.0 -0.32299830       1.15586174  0.42353845  3.60769212  1.04793850  0.08796750
 1170     C   4.0 -0.13437464       0.62881780  0.27940804  2.11829674  0.77357396  0.33427810
 1171     C   4.0 -0.14844080       0.63288397  0.28279224  2.12941694  0.77395943  0.32938822
 1172     C   4.0 -0.08818705       0.63016057  0.28108978  2.04790825  0.73862150  0.39040695
 1173     N   5.0  0.08261163       0.78503817  0.29239240  2.74148351  0.89595196  0.20252232
 1174     C   4.0 -0.03501142       0.61458975  0.23080264  1.89431012  0.63888183  0.65642708
 1175     N   5.0  0.04308076       0.79783636  0.31026652  2.75824827  0.94452560  0.14604248
 1176     N   5.0  0.08052101       0.79079211  0.30752981  2.73574233  0.94250911  0.14290563
 1177     N   5.0  0.11906600       0.79491073  0.28891912  2.69395697  0.88192463  0.22122255
 1178     C   4.0 -0.03631431       0.61960101  0.26532978  2.00609946  0.71040782  0.43487623
 1179     C   4.0 -0.02534497       0.62709975  0.23975575  1.84544629  0.64344881  0.66959437
 1180     O   6.0 -0.33135046       1.15472102  0.43014976  3.61034417  1.05156505  0.08457045
 1181     C   4.0 -0.17594975       0.64156967  0.29506445  2.15083987  0.83416635  0.25430942
 1182     N   5.0  0.11838368       0.79590344  0.28934595  2.69229329  0.88448042  0.21959322
 1183     C   4.0 -0.02290230       0.62019706  0.26306894  1.99401355  0.70818354  0.43743921
 1184     C   4.0 -0.02636113       0.62528497  0.23983063  1.84639764  0.64363883  0.67120906
 1185     O   6.0 -0.32217479       1.15452850  0.42872730  3.60591769  1.04839441  0.08460689
 1186     C   4.0 -0.11226806       0.62275010  0.27683583  2.09919131  0.77142300  0.34206782
 1187     C   4.0 -0.04754113       0.63481325  0.25642261  2.03179103  0.72414386  0.40037037
 1188     C   4.0 -0.06953805       0.64913267  0.27625817  2.06747723  0.75350624  0.32316374
 1189     C   4.0 -0.06626530       0.65112507  0.27642041  2.06268758  0.75483190  0.32120034
 1190     C   4.0 -0.08479835       0.64903879  0.27868709  2.07191801  0.75993223  0.32522223
 1191     C   4.0 -0.08101478       0.65089238  0.27804467  2.06554979  0.76231988  0.32420807
 1192     C   4.0 -0.08695077       0.64938533  0.27840197  2.07319492  0.76014683  0.32582172
 1193     N   5.0  0.11741264       0.79259497  0.28768447  2.69936484  0.88189733  0.22104575
 1194     C   4.0 -0.02858922       0.61701190  0.26250800  2.00045764  0.71073872  0.43787294
 1195     C   4.0 -0.02991537       0.62290651  0.23933211  1.84990287  0.64208299  0.67569090
 1196     O   6.0 -0.32027555       1.15181172  0.42924553  3.60680151  1.04575419  0.08666259
 1197     C   4.0 -0.13470424       0.62854111  0.27944449  2.11946255  0.77017619  0.33707990
 1198     C   4.0 -0.15131838       0.62706316  0.27976486  2.13135266  0.77095746  0.34218024
 1199     C   4.0 -0.15856276       0.62904835  0.28117639  2.13939065  0.76989375  0.33905363
 1200     C   4.0 -0.07463605       0.63957691  0.28489271  2.07943046  0.73442926  0.33630672
 1201     N   5.0  0.32364868       0.75064129  0.30721825  2.50522262  0.91074786  0.20252130
 1202     N   5.0  0.11320164       0.79547608  0.29048613  2.70166212  0.88034993  0.21882410
 1203     C   4.0 -0.03136343       0.62161422  0.26447335  2.00826240  0.71057300  0.42644046
 1204     C   4.0 -0.03620622       0.62663627  0.24021438  1.84730637  0.64392443  0.67812478
 1205     O   6.0 -0.34221283       1.15422189  0.43392742  3.61322773  1.05519372  0.08564207
 1206     C   4.0 -0.06331338       0.63526541  0.28293625  1.99964148  0.72235815  0.42311209
 1207     O   6.0 -0.19880552       1.10754120  0.40145361  3.54654980  1.05133638  0.09192453
 1208     N   5.0  0.10927722       0.79783297  0.28963935  2.70318782  0.88139805  0.21866459
 1209     C   4.0 -0.01710305       0.61975443  0.26395401  1.99511880  0.70953827  0.42873754
 1210     C   4.0 -0.03219441       0.62878412  0.24017046  1.84544420  0.64341080  0.67438482
 1211     O   6.0 -0.33830952       1.15530503  0.43559933  3.60473001  1.05733383  0.08534133
 1212     C   4.0 -0.13243600       0.62988025  0.27445981  2.12413877  0.76932028  0.33463689
 1213     C   4.0 -0.14347238       0.61926633  0.26747841  2.10816044  0.73303230  0.41553491
 1214     C   4.0 -0.21957603       0.64256066  0.29621401  2.18208605  0.82973376  0.26898155
 1215     C   4.0 -0.19892305       0.63933337  0.29059061  2.17071074  0.83182192  0.26646640
 1216     N   5.0  0.11165751       0.79898810  0.28940883  2.68738526  0.89023986  0.22232043
 1217     C   4.0 -0.02044810       0.62241918  0.26549515  1.99356580  0.70978875  0.42917922
 1218     C   4.0 -0.00890618       0.62886494  0.24252351  1.83417988  0.64368360  0.65965425
 1219     O   6.0 -0.31624397       1.15642273  0.43094194  3.59677851  1.04772738  0.08437341
 1220     C   4.0 -0.12649349       0.63401538  0.27822876  2.12698931  0.77663267  0.31062737
 1221     C   4.0 -0.08415893       0.62437689  0.24032137  1.78948876  0.65588853  0.77408338
 1222     O   6.0 -0.40232481       1.17583728  0.42429119  3.66980541  1.04695693  0.08543400
 1223     O   6.0 -0.39893174       1.16452253  0.43869430  3.65128958  1.06294784  0.08147749
 1224     N   5.0  0.09902985       0.80194992  0.29364422  2.69788831  0.89311150  0.21437620
 1225     C   4.0 -0.02750836       0.62198001  0.26529884  1.99713951  0.71364968  0.42944031
 1226     C   4.0 -0.02901069       0.62814832  0.24157389  1.84487253  0.64368941  0.67072655
 1227     O   6.0 -0.34067775       1.15862334  0.43840116  3.59750402  1.06199881  0.08415042
 1228     C   4.0 -0.14771258       0.63052976  0.28126198  2.12732685  0.77047241  0.33812158
 1229     C   4.0 -0.16246013       0.63001531  0.28254217  2.13946730  0.77287582  0.33755953
 1230     C   4.0 -0.14473620       0.62910467  0.28209844  2.13566118  0.77060919  0.32726272
 1231     C   4.0 -0.09088390       0.64175200  0.28789455  2.08744431  0.73534589  0.33844716
 1232     N   5.0  0.31091446       0.75182545  0.30919191  2.51466060  0.90898085  0.20442673
 1233     N   5.0  0.09598459       0.79872346  0.29225931  2.70901889  0.88293254  0.22108122
 1234     C   4.0 -0.04173066       0.62308669  0.26669428  2.00557953  0.71212257  0.43424759
 1235     C   4.0 -0.02732097       0.63474607  0.24342094  1.84413886  0.64232703  0.66268806
 1236     O   6.0 -0.35308695       1.16136551  0.44086599  3.59732842  1.06914005  0.08438698
 1237     C   4.0 -0.13441081       0.63965088  0.28427628  2.12410295  0.78010647  0.30627424
 1238     C   4.0 -0.09381695       0.63704634  0.24440426  1.79680103  0.65128286  0.76428246
 1239     O   6.0 -0.44254593       1.17526555  0.45024210  3.64604175  1.08934778  0.08164874
 1240     O   6.0 -0.45377460       1.17381656  0.44747642  3.66909337  1.08149725  0.08189100
 1241     N   5.0  0.11019733       0.79832679  0.29453385  2.68459034  0.89533579  0.21701590
 1242     C   4.0 -0.06839174       0.62967843  0.28083885  2.04957056  0.74696863  0.36133528
 1243     C   4.0 -0.03089323       0.62844878  0.24208862  1.84642649  0.64544502  0.66848432
 1244     O   6.0 -0.34997413       1.16017079  0.44058996  3.59946358  1.06573769  0.08401210
 1245     N   5.0  0.09471761       0.79760987  0.29079783  2.71202040  0.88420931  0.22064500
 1246     C   4.0 -0.03506036       0.62460059  0.26545742  2.00788438  0.71200056  0.42511741
 1247     C   4.0 -0.03672133       0.63055164  0.24197324  1.84785813  0.64370792  0.67263041
 1248     O   6.0 -0.35084990       1.15822303  0.43797007  3.60678041  1.06260115  0.08527524
 1249     C   4.0 -0.03222266       0.62902445  0.26915544  1.95812601  0.69889589  0.47702088
 1250     O   6.0 -0.20744533       1.11218929  0.39777976  3.56170690  1.04560098  0.09016840
 1251     C   4.0 -0.21854723       0.64763731  0.29931119  2.18646216  0.83206633  0.25307024
 1252     N   5.0  0.10646587       0.79644161  0.29547757  2.69519854  0.88950104  0.21691537
 1253     C   4.0 -0.06214278       0.63273287  0.28184161  2.04173148  0.74665217  0.35918466
 1254     C   4.0 -0.02576442       0.63080955  0.24266225  1.84121835  0.64622855  0.66484572
 1255     O   6.0 -0.34314440       1.15826869  0.43769982  3.60343349  1.06034496  0.08339743
 1256     N   5.0  0.10606257       0.80163801  0.29120907  2.68996227  0.89473045  0.21639764
 1257     C   4.0 -0.02423778       0.61636817  0.26250675  2.00268042  0.70920154  0.43348089
 1258     C   4.0 -0.02009267       0.62321985  0.23745336  1.84352887  0.64236705  0.67352355
 1259     O   6.0 -0.33588206       1.15406477  0.43444568  3.60984159  1.05293408  0.08459594
 1260     C   4.0 -0.15432527       0.62824440  0.27711853  2.12931663  0.76348737  0.35615834
 1261     C   4.0 -0.14570350       0.62646568  0.27962774  2.13810968  0.76900801  0.33249239
 1262     C   4.0 -0.06188466       0.62983561  0.24140686  1.86313963  0.64638519  0.68111738
 1263     O   6.0 -0.37519407       1.15950859  0.44188330  3.61977077  1.06774932  0.08628210
 1264     N   5.0  0.06356784       0.80915201  0.31311643  2.71378607  0.94031721  0.16006045
 1265     N   5.0  0.12039166       0.79527932  0.28909206  2.68998718  0.88680395  0.21844581
 1266     C   4.0 -0.01559018       0.62188846  0.26361805  1.99449456  0.70786673  0.42772239
 1267     C   4.0 -0.02335554       0.62999994  0.23967315  1.84115118  0.64397584  0.66855543
 1268     O   6.0 -0.36237049       1.15997326  0.43638727  3.62797415  1.05434555  0.08369026
 1269     C   4.0 -0.10899583       0.62252128  0.26444054  2.08147430  0.73415387  0.40640584
 1270     C   4.0 -0.17663784       0.62933350  0.27891368  2.14731359  0.76930098  0.35177609
 1271     C   4.0 -0.19303673       0.63366479  0.28630057  2.17710167  0.82787542  0.26809428
 1272     C   4.0 -0.20464596       0.64046919  0.29342505  2.17429602  0.82924086  0.26721483
 1273     N   5.0  0.12710963       0.79854262  0.29071921  2.67137432  0.89321283  0.21904139
 1274     C   4.0 -0.02991460       0.62077326  0.26528206  2.00002372  0.71054594  0.43328961
 1275     C   4.0 -0.02767932       0.62783116  0.24025908  1.84634113  0.64138882  0.67185912
 1276     O   6.0 -0.33704383       1.15295362  0.43350288  3.61502790  1.04966566  0.08589375
 1277     C   4.0 -0.14851775       0.63252115  0.28236899  2.12369299  0.77008894  0.33984568
 1278     C   4.0 -0.13292402       0.63355124  0.28389972  2.12265861  0.77536003  0.31745441
 1279     C   4.0 -0.04658168       0.63598263  0.24491060  1.84933197  0.64867224  0.66768423
 1280     O   6.0 -0.38584836       1.16279340  0.44401303  3.62010682  1.07368207  0.08525305
 1281     N   5.0  0.06095200       0.81129342  0.31483269  2.70929366  0.94567278  0.15795544
 1282     N   5.0  0.11631547       0.79880035  0.29223904  2.68340850  0.89315847  0.21607817
 1283     C   4.0 -0.02919340       0.62129486  0.26200268  2.00241971  0.71122701  0.43224914
 1284     C   4.0 -0.01985976       0.62779164  0.23994823  1.83974713  0.64295870  0.66941406
 1285     O   6.0 -0.35341982       1.15675080  0.43588686  3.62144649  1.05452538  0.08481029
 1286     C   4.0 -0.12230218       0.62057143  0.26465395  2.09220910  0.73285827  0.41200943
 1287     C   4.0 -0.20370011       0.63958859  0.29099381  2.17371690  0.83402599  0.26537481
 1288     C   4.0 -0.21253307       0.64112192  0.29271114  2.18157047  0.82800893  0.26912061
 1289     N   5.0  0.11763000       0.79522020  0.28922361  2.69505131  0.88519707  0.21767781
 1290     C   4.0 -0.01507510       0.62090164  0.26582792  1.98975420  0.70914066  0.42945068
 1291     C   4.0 -0.00930768       0.62823123  0.23953089  1.83412355  0.64027789  0.66714411
 1292     O   6.0 -0.31966539       1.16011214  0.42263162  3.60623467  1.04455093  0.08613603
 1293     C   4.0 -0.10828295       0.63567263  0.28431475  2.10582769  0.77264479  0.30982310
 1294     C   4.0 -0.05321886       0.62537271  0.24130759  1.85647708  0.65094686  0.67911463
 1295     O   6.0 -0.34623793       1.15690744  0.42631856  3.63342369  1.04214767  0.08744059
 1296     N   5.0  0.08615562       0.80370551  0.31213313  2.70502609  0.93451896  0.15846068
 1297     N   5.0  0.09840722       0.79877585  0.29153556  2.69923860  0.89136353  0.22067924
 1298     C   4.0 -0.02016985       0.62424672  0.26425058  1.99170184  0.71048671  0.42948401
 1299     C   4.0 -0.02340877       0.62384677  0.23947345  1.84217197  0.64485611  0.67306048
 1300     O   6.0 -0.30076401       1.15310764  0.42132208  3.60289717  1.03769773  0.08573939
 1301     C   4.0 -0.10965479       0.62417185  0.26937234  2.08196348  0.73300838  0.40113873
 1302     C   4.0 -0.18641904       0.62433028  0.27634096  2.15558624  0.76513150  0.36503005
 1303     C   4.0 -0.22198364       0.64384842  0.29710525  2.18315929  0.82902572  0.26884496
 1304     C   4.0 -0.22729646       0.63767642  0.29316807  2.19308150  0.82141921  0.28195126
 1305     N   5.0  0.09958689       0.79998249  0.29036763  2.70674229  0.88525662  0.21806408
 1306     C   4.0 -0.02757761       0.62052739  0.26439333  1.99505013  0.71466348  0.43294328
 1307     C   4.0 -0.02427349       0.62645477  0.23970164  1.84336698  0.64415985  0.67059024
 1308     O   6.0 -0.31644964       1.15651202  0.43061250  3.59141684  1.05360356  0.08430472
 1309     C   4.0 -0.13409119       0.63290441  0.28386441  2.11951441  0.76753977  0.33026820
 1310     C   4.0 -0.13492559       0.63679612  0.28348446  2.12102610  0.77919072  0.31442819
 1311     C   4.0 -0.04227310       0.63797122  0.24491136  1.84401333  0.64956717  0.66581002
 1312     O   6.0 -0.39016677       1.16524994  0.44572207  3.61643255  1.07778928  0.08497292
 1313     N   5.0  0.06608890       0.81086820  0.31412363  2.70793402  0.94388011  0.15710513
 1314     N   5.0  0.10458098       0.79993373  0.28993642  2.70169741  0.88445923  0.21939223
 1315     C   4.0 -0.01270413       0.62293196  0.26633686  1.98798305  0.70944907  0.42600320
 1316     C   4.0 -0.00683405       0.62801039  0.24009746  1.82922775  0.64480363  0.66469482
 1317     O   6.0 -0.29925209       1.15699708  0.42209750  3.58884823  1.04495823  0.08635104
 1318     C   4.0 -0.13310938       0.62670660  0.27771178  2.11671984  0.76818964  0.34378152
 1319     C   4.0 -0.15795327       0.63334936  0.28094098  2.14403021  0.77428330  0.32534941
 1320     C   4.0 -0.08973339       0.62987995  0.24158394  1.79734808  0.65229811  0.76862331
 1321     O   6.0 -0.41681249       1.17431581  0.43304533  3.66444016  1.06193662  0.08307458
 1322     O   6.0 -0.43172464       1.17339540  0.44737422  3.64608002  1.08315504  0.08171997
 1323     N   5.0  0.11538356       0.79788280  0.28951150  2.69031250  0.88924232  0.21766732
 1324     C   4.0 -0.01140444       0.62371355  0.26462474  1.98640472  0.71015172  0.42650971
 1325     C   4.0 -0.00616366       0.62669724  0.24088043  1.82859468  0.64456071  0.66543060
 1326     O   6.0 -0.29203169       1.15925813  0.42001945  3.58797336  1.03906900  0.08571176
 1327     C   4.0 -0.12270118       0.62259758  0.27727473  2.08796453  0.77987644  0.35498790
 1328     C   4.0 -0.12274545       0.63849694  0.25657308  2.10734469  0.72244893  0.39788182
 1329     C   4.0 -0.05885626       0.65230846  0.27177277  2.05543137  0.70307164  0.37627202
 1330     C   4.0 -0.09978289       0.63456011  0.25067419  2.06791270  0.71306625  0.43356965
 1331     N   5.0  0.10558890       0.78650433  0.29418510  2.65798581  0.89329270  0.26244317
 1332     C   4.0 -0.07208249       0.63155496  0.24565606  2.03868413  0.68084770  0.47533964
 1333     C   4.0 -0.06711151       0.65308446  0.28010908  2.04993719  0.76097798  0.32300280
 1334     C   4.0 -0.09195925       0.64855504  0.28002053  2.08008468  0.75653026  0.32676874
 1335     C   4.0 -0.09966140       0.65642393  0.28181049  2.07325703  0.77046403  0.31770592
 1336     C   4.0 -0.10125084       0.65080410  0.27914682  2.07537460  0.76402201  0.33190331
 1337     N   5.0  0.11108498       0.79706645  0.28978145  2.69830769  0.88609418  0.21766525
 1338     C   4.0 -0.02163942       0.61927229  0.26270974  1.99438983  0.71166775  0.43359981
 1339     C   4.0 -0.00601508       0.62587881  0.23958357  1.83430690  0.64174788  0.66449793
 1340     O   6.0 -0.31289756       1.16079903  0.42335066  3.59963310  1.04355720  0.08555758
 1341     C   4.0 -0.14000852       0.62982523  0.27720320  2.12227523  0.77103439  0.33967046
 1342     C   4.0 -0.14740840       0.62007099  0.26582718  2.10446125  0.74275656  0.41429242
 1343     C   4.0 -0.21987394       0.64461708  0.29780751  2.17645067  0.83440405  0.26659462
 1344     C   4.0 -0.21756176       0.64286268  0.29419079  2.18275106  0.82909794  0.26865929
 1345     N   5.0  0.11523437       0.79821861  0.28999868  2.68882626  0.88700053  0.22072155
 1346     C   4.0 -0.02376652       0.62150383  0.26520842  2.00031668  0.70764226  0.42909533
 1347     C   4.0 -0.03597905       0.62539196  0.23970306  1.84908944  0.64353137  0.67826322
 1348     O   6.0 -0.30338138       1.15102839  0.42921734  3.58729398  1.05088678  0.08495488
 1349     C   4.0 -0.13702446       0.62842017  0.27968392  2.12054479  0.76955298  0.33882260
 1350     C   4.0 -0.11627551       0.63134694  0.28211299  2.11383802  0.77418929  0.31478827
 1351     C   4.0 -0.05313721       0.63303441  0.24324338  1.85274649  0.65140706  0.67270587
 1352     O   6.0 -0.35402363       1.15846133  0.44149941  3.59863722  1.07085922  0.08456644
 1353     N   5.0  0.05587925       0.80862665  0.31278095  2.72172731  0.94188464  0.15910121
 1354     N   5.0  0.10754627       0.79376680  0.28797728  2.70508420  0.88312587  0.22249958
 1355     C   4.0 -0.02446075       0.61661422  0.26204142  1.99844736  0.71038860  0.43696915
 1356     C   4.0 -0.02639645       0.62650520  0.23957095  1.84310246  0.64236234  0.67485552
 1357     O   6.0 -0.30587620       1.15241957  0.43466327  3.57860112  1.05584309  0.08434916
 1358     C   4.0 -0.13391954       0.62838161  0.27550575  2.12118566  0.76956065  0.33928587
 1359     C   4.0 -0.15214383       0.61610341  0.26490152  2.11412632  0.73594712  0.42106546
 1360     C   4.0 -0.20773466       0.63934642  0.29123122  2.17356128  0.83218914  0.27140661
 1361     C   4.0 -0.20904659       0.64013636  0.29406208  2.17821163  0.82792969  0.26870684
 1362     N   5.0  0.10389884       0.79611099  0.29069600  2.70084691  0.88862804  0.21981923
 1363     C   4.0 -0.02446290       0.62366283  0.26410380  2.00017452  0.71321683  0.42330493
 1364     C   4.0 -0.02982184       0.62799883  0.24015597  1.84432024  0.64312336  0.67422345
 1365     O   6.0 -0.31988486       1.15469444  0.43411750  3.59615040  1.05086938  0.08405315
 1366     C   4.0 -0.02644901       0.62873435  0.26737505  1.95608693  0.69644086  0.47781181
 1367     O   6.0 -0.21753311       1.11590695  0.39642549  3.56110251  1.05460173  0.08949643
 1368     C   4.0 -0.20676707       0.64103872  0.29503772  2.18204987  0.83061469  0.25802608
 1369     N   5.0  0.10638848       0.79577941  0.28951952  2.70127076  0.88570985  0.22133198
 1370     C   4.0 -0.04123717       0.61875951  0.26258990  2.00694686  0.71324174  0.43969915
 1371     C   4.0 -0.02958675       0.62677109  0.23928109  1.85097164  0.64037822  0.67218471
 1372     O   6.0 -0.32387331       1.15505934  0.43266213  3.60332739  1.04678196  0.08604250
 1373     C   4.0 -0.15806525       0.63061428  0.27949592  2.12640411  0.77711478  0.34443616
 1374     C   4.0 -0.27607226       0.65462655  0.30000877  2.06092989  0.87514693  0.38536011
 1375     S   6.0  0.27624228       1.07515919  0.41543621  3.11755377  0.89855784  0.21705071
 1376     C   4.0 -0.34900878       0.67327332  0.32461670  2.10950774  0.93185171  0.30975930
 1377     N   5.0  0.12167558       0.80118090  0.29151493  2.67564452  0.89204359  0.21794048
 1378     C   4.0 -0.02756928       0.62263066  0.26445642  2.00119412  0.70837246  0.43091562
 1379     C   4.0 -0.03294810       0.62923491  0.23920342  1.84940726  0.64182344  0.67327907
 1380     O   6.0 -0.32047742       1.15309596  0.43302459  3.59975135  1.04983351  0.08477201
 1381     C   4.0 -0.12471864       0.62414867  0.27830473  2.10348296  0.77967694  0.33910535
 1382     C   4.0 -0.07593725       0.63615316  0.25759846  2.05704069  0.73001836  0.39512657
 1383     C   4.0 -0.05925607       0.64752841  0.27490333  2.05131179  0.75470692  0.33080563
 1384     C   4.0 -0.07945506       0.65070862  0.27721986  2.06465292  0.75457016  0.33230351
 1385     C   4.0 -0.07341253       0.64749879  0.27501804  2.08958095  0.75418891  0.30712584
 1386     C   4.0 -0.08542813       0.65105617  0.27840281  2.09120309  0.75729860  0.30746745
 1387     C   4.0 -0.00157915       0.63030720  0.24740332  1.92727226  0.68880314  0.50779323
 1388     O   6.0 -0.13351765       1.10252810  0.38890880  3.48789179  1.05022082  0.10396814
 1389     N   5.0  0.09159459       0.79903591  0.28974462  2.70451528  0.88878480  0.22632481
 1390     C   4.0 -0.03930540       0.62479436  0.26412585  2.02326894  0.71211830  0.41499794
 1391     C   4.0 -0.04298934       0.62666011  0.23963138  1.77971947  0.63660620  0.76037217
 1392     O   6.0 -0.41596569       1.17208445  0.44329551  3.64495504  1.07435068  0.08128001
 1393     C   4.0 -0.05687699       0.63092530  0.27683771  2.00043428  0.72551931  0.42316040
 1394     O   6.0 -0.18362142       1.11300302  0.39234459  3.54967916  1.03640616  0.09218849
 1395     O   6.0 -0.32093163       1.18126035  0.41021568  3.61632323  1.02310804  0.09002434
 1396     Ca 10.0  1.44014062       1.56612468  0.17489412  0.26934817  5.68616414  0.46270314  0.40062513
 1397     Ca 10.0  1.49402272       1.47375154  0.16403297  0.20616537  5.58372939  0.50124298  0.57705503
 1398     Ca 10.0  1.43231434       1.56798828  0.17697044  0.28096309  5.69296777  0.48669854  0.36209754
 1399     Ca 10.0  1.17274980       1.63900471  0.17582521  0.43010420  5.68947446  0.50639057  0.38645105
 1400     O   6.0 -0.43138794       1.19304371  0.44174847  3.52974069  1.22480696  0.04204810
 1401     O   6.0 -0.38065785       1.18569505  0.44865465  3.56077230  1.15090472  0.03463113
 1402     O   6.0 -0.27930406       1.19996524  0.43246967  3.43990886  1.16114828  0.04581201
 1403     O   6.0 -0.39093740       1.19525886  0.44691196  3.52047431  1.19109994  0.03719232
 1404     O   6.0 -0.43824641       1.19809318  0.45528921  3.53453529  1.21472797  0.03560076
 1405     O   6.0 -0.42717260       1.19156325  0.45614207  3.53626847  1.20877346  0.03442535
 1406     O   6.0 -0.40540450       1.20196426  0.44597131  3.53091848  1.19132808  0.03522238
 1407     O   6.0 -0.44999100       1.19240952  0.46346948  3.54219949  1.21772340  0.03418912
 1408     O   6.0 -0.45532421       1.19390881  0.46545109  3.54074371  1.22068295  0.03453765
 1409     O   6.0 -0.45016576       1.19400668  0.46320221  3.53543884  1.22269791  0.03482012
 1410     O   6.0 -0.43487872       1.19458139  0.45819780  3.53606766  1.21091232  0.03511954
 1411     H   1.0  0.19022927       0.58293670  0.09045351  0.13638052
 1412     H   1.0  0.19256626       0.57978350  0.09143969  0.13621055
 1413     H   1.0  0.18531408       0.58096689  0.09822740  0.13549163
 1414     H   1.0  0.10178593       0.65446383  0.13002047  0.11372977
 1415     H   1.0  0.01946065       0.62318695  0.11870597  0.23864643
 1416     H   1.0  0.08802997       0.65806288  0.13019601  0.12371115
 1417     H   1.0  0.09863139       0.64923835  0.12596561  0.12616466
 1418     H   1.0  0.08100119       0.66454959  0.13320789  0.12124134
 1419     H   1.0  0.15097541       0.56701034  0.11320509  0.16880915
 1420     H   1.0  0.09929571       0.65230966  0.13842319  0.10997144
 1421     H   1.0  0.09806146       0.65167797  0.13044812  0.11981246
 1422     H   1.0  0.08117468       0.66267669  0.13491458  0.12123405
 1423     H   1.0  0.08639676       0.65820265  0.12917209  0.12622850
 1424     H   1.0  0.09303770       0.65311450  0.12847249  0.12537531
 1425     H   1.0  0.13967605       0.56997985  0.11812894  0.17221517
 1426     H   1.0  0.10051653       0.65054107  0.14017798  0.10876442
 1427     H   1.0  0.07600389       0.66436887  0.13908170  0.12054554
 1428     H   1.0  0.08609597       0.66028845  0.12742110  0.12619448
 1429     H   1.0  0.07754216       0.66222167  0.13386507  0.12637109
 1430     H   1.0  0.08634880       0.66031092  0.12958589  0.12375439
 1431     H   1.0  0.08452200       0.66189462  0.12682068  0.12676270
 1432     H   1.0  0.08660356       0.66308862  0.12678154  0.12352628
 1433     H   1.0  0.07994109       0.66425389  0.12856579  0.12723923
 1434     H   1.0  0.13964840       0.56585968  0.11955022  0.17494170
 1435     H   1.0  0.09734077       0.65363193  0.13969015  0.10933716
 1436     H   1.0  0.09824961       0.65187424  0.12783569  0.12204045
 1437     H   1.0  0.07830866       0.66483092  0.13570859  0.12115183
 1438     H   1.0  0.08099628       0.66502756  0.12890999  0.12506617
 1439     H   1.0  0.08811220       0.65916431  0.12827635  0.12444714
 1440     H   1.0  0.03055043       0.61760068  0.11917193  0.23267696
 1441     H   1.0  0.07186309       0.66651183  0.13352655  0.12809853
 1442     H   1.0  0.11385006       0.55895019  0.11102733  0.21617242
 1443     H   1.0  0.16206666       0.56217641  0.09685654  0.17890039
 1444     H   1.0  0.14879350       0.56514317  0.10498013  0.18108320
 1445     H   1.0  0.16186787       0.56459481  0.09384935  0.17968797
 1446     H   1.0  0.15843278       0.56484187  0.09679501  0.17993034
 1447     H   1.0  0.13486339       0.56648356  0.12311931  0.17553374
 1448     H   1.0  0.09355038       0.65496379  0.14177145  0.10971438
 1449     H   1.0  0.09452728       0.65466022  0.13157727  0.11923523
 1450     H   1.0  0.08735858       0.65859878  0.13343173  0.12061091
 1451     H   1.0  0.10259963       0.64864361  0.12444182  0.12431493
 1452     H   1.0  0.08118952       0.66664195  0.13168257  0.12048596
 1453     H   1.0  0.15221033       0.56991518  0.10268188  0.17519261
 1454     H   1.0  0.15426360       0.57061470  0.10039609  0.17472561
 1455     H   1.0  0.11833420       0.56649643  0.12319949  0.19196989
 1456     H   1.0  0.09489677       0.65330237  0.14301282  0.10878804
 1457     H   1.0  0.07971107       0.66297799  0.14012155  0.11718939
 1458     H   1.0  0.08774788       0.65582937  0.13389376  0.12252899
 1459     H   1.0  0.07877211       0.64836931  0.14296868  0.12988989
 1460     H   1.0  0.07565106       0.65092564  0.14364687  0.12977643
 1461     H   1.0  0.07917785       0.64660233  0.14591311  0.12830671
 1462     H   1.0  0.07605990       0.65028131  0.14218706  0.13147173
 1463     H   1.0  0.07732081       0.64809251  0.14732204  0.12726463
 1464     H   1.0  0.12500021       0.56905133  0.12336516  0.18258330
 1465     H   1.0  0.09390900       0.65426672  0.14244403  0.10938025
 1466     H   1.0  0.07142829       0.66488510  0.13754937  0.12613724
 1467     H   1.0  0.07879338       0.66099912  0.13873395  0.12147355
 1468     H   1.0  0.09723192       0.64969659  0.13474576  0.11832573
 1469     H   1.0  0.08865887       0.66081405  0.12976940  0.12075768
 1470     H   1.0  0.08490014       0.66692615  0.13359328  0.11458044
 1471     H   1.0  0.08353313       0.66722792  0.12996490  0.11927404
 1472     H   1.0  0.15419452       0.56287712  0.10863052  0.17429784
 1473     H   1.0  0.16052027       0.56348425  0.09675628  0.17923920
 1474     H   1.0  0.15325214       0.56390458  0.10149455  0.18134873
 1475     H   1.0  0.15920288       0.56198901  0.09841562  0.18039249
 1476     H   1.0  0.15255207       0.56709933  0.10113902  0.17920958
 1477     H   1.0  0.12568749       0.56773204  0.12402442  0.18255606
 1478     H   1.0  0.09401910       0.65466142  0.14164056  0.10967892
 1479     H   1.0  0.08763904       0.65750235  0.13341397  0.12144463
 1480     H   1.0  0.07861647       0.66307825  0.13755105  0.12075423
 1481     H   1.0  0.07570126       0.66388559  0.13574712  0.12466603
 1482     H   1.0  0.09081808       0.65464133  0.13321534  0.12132525
 1483     H   1.0  0.08516110       0.66514510  0.12926812  0.12042568
 1484     H   1.0  0.09034029       0.66461700  0.12657082  0.11847189
 1485     H   1.0  0.15253775       0.56188071  0.11112348  0.17445806
 1486     H   1.0  0.16278997       0.56415009  0.09372342  0.17933651
 1487     H   1.0  0.15134240       0.56479299  0.09513935  0.18872527
 1488     H   1.0  0.16129504       0.56494331  0.09450597  0.17925567
 1489     H   1.0  0.16205405       0.56305921  0.09696703  0.17791971
 1490     H   1.0  0.10270496       0.56638116  0.12345654  0.20745734
 1491     H   1.0  0.08967130       0.65731913  0.14155442  0.11145516
 1492     H   1.0  0.07171775       0.66283357  0.14148431  0.12396437
 1493     H   1.0  0.07802679       0.66080749  0.13845229  0.12271343
 1494     H   1.0  0.08372285       0.65837389  0.14004228  0.11786098
 1495     H   1.0  0.08075307       0.66213024  0.13116303  0.12595366
 1496     H   1.0  0.07114005       0.66627789  0.13522385  0.12735821
 1497     H   1.0  0.07834352       0.66663253  0.12973058  0.12529336
 1498     H   1.0  0.08502301       0.66001105  0.13029261  0.12467333
 1499     H   1.0  0.07810847       0.66564971  0.13131607  0.12492575
 1500     H   1.0  0.08136223       0.66299587  0.13132800  0.12431389
 1501     H   1.0  0.10933260       0.56544769  0.12345250  0.20176721
 1502     H   1.0  0.09496039       0.65137935  0.14550570  0.10815457
 1503     H   1.0  0.07387140       0.66334677  0.14457646  0.11820538
 1504     H   1.0  0.08618668       0.65395653  0.13996463  0.11989216
 1505     H   1.0  0.07739015       0.64590961  0.14713939  0.12956086
 1506     H   1.0  0.07530101       0.64746654  0.14588773  0.13134471
 1507     H   1.0  0.07647669       0.64533609  0.15039027  0.12779696
 1508     H   1.0  0.07622186       0.64650893  0.14488040  0.13238880
 1509     H   1.0  0.06918994       0.65008390  0.14997889  0.13074727
 1510     H   1.0  0.12296607       0.56676590  0.12417819  0.18608984
 1511     H   1.0  0.09464614       0.65348184  0.14094059  0.11093143
 1512     H   1.0  0.08864631       0.66025817  0.12626572  0.12482980
 1513     H   1.0  0.08492027       0.65987974  0.12930194  0.12589805
 1514     H   1.0  0.07437443       0.66682523  0.13423713  0.12456321
 1515     H   1.0  0.10148610       0.56561106  0.12314221  0.20976062
 1516     H   1.0  0.09320617       0.65473109  0.14089730  0.11116543
 1517     H   1.0  0.07335183       0.66418833  0.14170341  0.12075643
 1518     H   1.0  0.08566448       0.65931690  0.13082170  0.12419691
 1519     H   1.0  0.09818415       0.65238249  0.12574250  0.12369087
 1520     H   1.0  0.08082021       0.66519910  0.13334571  0.12063498
 1521     H   1.0  0.14829697       0.57006860  0.10504070  0.17659374
 1522     H   1.0  0.14900812       0.57045603  0.10526653  0.17526933
 1523     H   1.0  0.10544165       0.56562507  0.12512811  0.20380517
 1524     H   1.0  0.08877991       0.65679169  0.14252660  0.11190181
 1525     H   1.0  0.08886934       0.65439373  0.13807774  0.11865919
 1526     H   1.0  0.07790041       0.66014606  0.14128855  0.12066498
 1527     H   1.0  0.07005759       0.66388071  0.14401372  0.12204798
 1528     H   1.0  0.07432528       0.66379178  0.13557707  0.12630587
 1529     H   1.0  0.07816137       0.66134673  0.13620228  0.12428962
 1530     H   1.0  0.07669428       0.66464478  0.13661005  0.12205089
 1531     H   1.0  0.07479523       0.66379857  0.13497113  0.12643507
 1532     H   1.0  0.07972535       0.66279095  0.13367976  0.12380394
 1533     H   1.0  0.06457213       0.67270386  0.12976015  0.13296387
 1534     H   1.0  0.07897308       0.56206810  0.12142228  0.23753653
 1535     H   1.0  0.07548354       0.66274136  0.15127297  0.11050213
 1536     H   1.0  0.06328171       0.66387695  0.13585590  0.13698544
 1537     H   1.0  0.08118426       0.65727752  0.13832115  0.12321706
 1538     H   1.0  0.07361683       0.66272545  0.14024912  0.12340861
 1539     H   1.0  0.15472504       0.55927730  0.11742901  0.16856866
 1540     H   1.0  0.08423231       0.66729790  0.13186425  0.11660554
 1541     H   1.0  0.10762680       0.64664364  0.12677114  0.11895843
 1542     H   1.0  0.13983266       0.56820953  0.11299482  0.17896299
 1543     H   1.0  0.08990690       0.65644866  0.13916023  0.11448420
 1544     H   1.0  0.10244220       0.64450872  0.12815234  0.12489674
 1545     H   1.0  0.08375594       0.65938890  0.13398331  0.12287185
 1546     H   1.0  0.13635494       0.56911504  0.12447282  0.17005720
 1547     H   1.0  0.10438641       0.64465576  0.13494602  0.11601181
 1548     H   1.0  0.10066528       0.64957124  0.12831587  0.12144762
 1549     H   1.0  0.10984502       0.63950264  0.12823389  0.12241844
 1550     H   1.0  0.11611141       0.56531495  0.12026032  0.19831333
 1551     H   1.0  0.10572273       0.64673638  0.13600937  0.11153152
 1552     H   1.0  0.08311715       0.65765029  0.13611867  0.12311390
 1553     H   1.0  0.07330698       0.66371495  0.14159134  0.12138673
 1554     H   1.0  0.07319074       0.66382253  0.13957784  0.12340889
 1555     H   1.0  0.07271173       0.66821742  0.13412800  0.12494284
 1556     H   1.0  0.08026477       0.66607261  0.12562615  0.12803648
 1557     H   1.0  0.07283429       0.67162740  0.12624300  0.12929531
 1558     H   1.0  0.07086015       0.67235398  0.12797537  0.12881050
 1559     H   1.0  0.10568792       0.57631630  0.13244359  0.18555219
 1560     H   1.0  0.09522774       0.64971620  0.14574634  0.10930972
 1561     H   1.0  0.07911903       0.65928167  0.14216132  0.11943797
 1562     H   1.0  0.07423387       0.66465682  0.13997141  0.12113791
 1563     H   1.0  0.08746829       0.65242481  0.13317646  0.12693044
 1564     H   1.0  0.07583447       0.66071272  0.14125162  0.12220119
 1565     H   1.0  0.10055157       0.55777150  0.12117124  0.22050568
 1566     H   1.0  0.06479051       0.66625988  0.14862387  0.12032574
 1567     H   1.0  0.07632066       0.66059494  0.14405178  0.11903263
 1568     H   1.0  0.07891471       0.66014093  0.13684130  0.12410306
 1569     H   1.0  0.06904657       0.66155958  0.14266545  0.12672840
 1570     H   1.0  0.07005277       0.66771251  0.13833772  0.12389701
 1571     H   1.0  0.07898549       0.65955436  0.13707101  0.12438913
 1572     H   1.0  0.06993868       0.66714293  0.13950405  0.12341435
 1573     H   1.0  0.06716554       0.66749060  0.13919677  0.12614709
 1574     H   1.0  0.09152779       0.57364285  0.12602668  0.20880269
 1575     H   1.0  0.09900387       0.64617926  0.14190477  0.11291210
 1576     H   1.0  0.05909704       0.66021234  0.13073778  0.14995284
 1577     H   1.0  0.09243920       0.65745407  0.13871312  0.11139360
 1578     H   1.0  0.13848775       0.52900964  0.10454813  0.22795448
 1579     H   1.0  0.14699385       0.56585956  0.11680518  0.17034141
 1580     H   1.0  0.09122546       0.65455198  0.14483558  0.10938698
 1581     H   1.0  0.08103611       0.65772992  0.13894111  0.12229286
 1582     H   1.0  0.07881071       0.66078264  0.13595253  0.12445412
 1583     H   1.0  0.07086178       0.66775602  0.13791215  0.12347005
 1584     H   1.0  0.13947322       0.56671554  0.12175582  0.17205543
 1585     H   1.0  0.09130482       0.65387732  0.14653584  0.10828202
 1586     H   1.0  0.07895216       0.66694087  0.14210390  0.11200308
 1587     H   1.0  0.15651735       0.52311742  0.09135306  0.22901217
 1588     H   1.0  0.08151446       0.66408682  0.12676834  0.12763039
 1589     H   1.0  0.08218182       0.65918070  0.13230228  0.12633520
 1590     H   1.0  0.07946046       0.66270041  0.13276255  0.12507657
 1591     H   1.0  0.12191823       0.56769484  0.12418032  0.18620661
 1592     H   1.0  0.09123227       0.65447646  0.14433931  0.10995195
 1593     H   1.0  0.08819420       0.65332264  0.13966207  0.11882109
 1594     H   1.0  0.06927603       0.66598707  0.14452286  0.12021403
 1595     H   1.0  0.08965564       0.65131366  0.13703240  0.12199830
 1596     H   1.0  0.09009616       0.65387034  0.13451615  0.12151734
 1597     H   1.0  0.10119940       0.56635660  0.12640028  0.20604373
 1598     H   1.0  0.08792981       0.65714127  0.14586373  0.10906519
 1599     H   1.0  0.06939771       0.66505575  0.14483273  0.12071381
 1600     H   1.0  0.07590313       0.66180182  0.14224215  0.12005291
 1601     H   1.0  0.07387819       0.66332275  0.14466567  0.11813339
 1602     H   1.0  0.07349740       0.66400516  0.13828850  0.12420895
 1603     H   1.0  0.07091503       0.66550481  0.13833413  0.12524603
 1604     H   1.0  0.07236329       0.66535157  0.13962728  0.12265787
 1605     H   1.0  0.07422565       0.66234982  0.13961649  0.12380804
 1606     H   1.0  0.07239938       0.66534436  0.13917927  0.12307699
 1607     H   1.0  0.07005660       0.66528386  0.14033024  0.12432930
 1608     H   1.0  0.10024755       0.56647789  0.12541483  0.20785972
 1609     H   1.0  0.07512400       0.65684015  0.15387957  0.11415629
 1610     H   1.0  0.06377407       0.66991913  0.14527729  0.12102951
 1611     H   1.0  0.04856631       0.66662484  0.15035868  0.13445017
 1612     H   1.0  0.05798011       0.65925521  0.14671697  0.13604772
 1613     H   1.0  0.06538306       0.66746569  0.14468449  0.12246676
 1614     H   1.0  0.07904838       0.66272807  0.13118418  0.12703937
 1615     H   1.0  0.06101784       0.67411393  0.13705160  0.12781663
 1616     H   1.0  0.06655894       0.67315167  0.13179658  0.12849280
 1617     H   1.0  0.11915645       0.56594926  0.12498754  0.18990676
 1618     H   1.0  0.08723002       0.65589535  0.14528389  0.11159073
 1619     H   1.0  0.10122425       0.64552253  0.13100502  0.12224819
 1620     H   1.0  0.08304959       0.65921479  0.13882743  0.11890819
 1621     H   1.0  0.14658744       0.57047284  0.10664131  0.17629842
 1622     H   1.0  0.15123727       0.56872255  0.10577864  0.17426154
 1623     H   1.0  0.13486050       0.56531310  0.12385052  0.17597588
 1624     H   1.0  0.08628367       0.65810990  0.14139310  0.11421333
 1625     H   1.0  0.08045708       0.65831715  0.14196230  0.11926347
 1626     H   1.0  0.07363229       0.66487437  0.14176098  0.11973236
 1627     H   1.0  0.07597522       0.66403985  0.13666420  0.12332073
 1628     H   1.0  0.07669513       0.66153955  0.13745759  0.12430772
 1629     H   1.0  0.06138514       0.66580367  0.14081319  0.13199800
 1630     H   1.0  0.07021242       0.66458046  0.14094082  0.12426630
 1631     H   1.0  0.08074733       0.66151124  0.13086309  0.12687834
 1632     H   1.0  0.06602239       0.66919774  0.13666998  0.12810989
 1633     H   1.0  0.07238150       0.66847795  0.13322541  0.12591513
 1634     H   1.0  0.10392690       0.56617403  0.12688386  0.20301521
 1635     H   1.0  0.08784345       0.65717942  0.14411914  0.11085799
 1636     H   1.0  0.08048460       0.65857911  0.14078440  0.12015190
 1637     H   1.0  0.07167460       0.66215360  0.14455445  0.12161735
 1638     H   1.0  0.06952598       0.66535991  0.14487205  0.12024205
 1639     H   1.0  0.07545521       0.66148955  0.13934772  0.12370753
 1640     H   1.0  0.06927770       0.66281193  0.14329289  0.12461748
 1641     H   1.0  0.07168567       0.66560334  0.14070033  0.12201066
 1642     H   1.0  0.07593925       0.66368920  0.13608691  0.12428465
 1643     H   1.0  0.07655394       0.66209924  0.13833973  0.12300709
 1644     H   1.0  0.07167536       0.66642666  0.13447277  0.12742521
 1645     H   1.0  0.10624172       0.56543672  0.12477318  0.20354838
 1646     H   1.0  0.08886629       0.65498114  0.14151998  0.11463260
 1647     H   1.0  0.10198157       0.64486718  0.13162202  0.12152923
 1648     H   1.0  0.08151430       0.66143501  0.13888158  0.11816911
 1649     H   1.0  0.13135337       0.56988233  0.11370987  0.18505443
 1650     H   1.0  0.14518993       0.57081801  0.10990535  0.17408670
 1651     H   1.0  0.12688265       0.56468439  0.12288553  0.18554743
 1652     H   1.0  0.09771490       0.65159047  0.13950767  0.11118696
 1653     H   1.0  0.07621444       0.66303623  0.14100742  0.11974191
 1654     H   1.0  0.08251776       0.66129911  0.13484539  0.12133774
 1655     H   1.0  0.07731845       0.66291773  0.13181870  0.12794512
 1656     H   1.0  0.08694006       0.65787238  0.13521118  0.11997638
 1657     H   1.0  0.08240683       0.66410220  0.13112815  0.12236283
 1658     H   1.0  0.08336466       0.66322523  0.13038801  0.12302210
 1659     H   1.0  0.09286404       0.66084951  0.12910102  0.11718542
 1660     H   1.0  0.09034514       0.66149151  0.13084759  0.11731576
 1661     H   1.0  0.19046261       0.58186758  0.09047749  0.13719233
 1662     H   1.0  0.18203893       0.58658618  0.09459605  0.13677885
 1663     H   1.0  0.18639990       0.58459997  0.09203845  0.13696167
 1664     H   1.0  0.12919595       0.56491971  0.12624982  0.17963452
 1665     H   1.0  0.09052577       0.65554571  0.14435980  0.10956872
 1666     H   1.0  0.08390582       0.65635246  0.14272852  0.11701320
 1667     H   1.0  0.08748942       0.66001850  0.12805112  0.12444096
 1668     H   1.0  0.07804858       0.66178268  0.13322341  0.12694532
 1669     H   1.0  0.07466706       0.66529453  0.13482875  0.12520967
 1670     H   1.0  0.08113396       0.66176063  0.13247338  0.12463203
 1671     H   1.0  0.07500099       0.66601872  0.13399959  0.12498070
 1672     H   1.0  0.04672451       0.66238910  0.13750565  0.15338074
 1673     H   1.0  0.10416768       0.56646967  0.12518448  0.20417818
 1674     H   1.0  0.09697680       0.64963645  0.14343034  0.10995641
 1675     H   1.0  0.09103460       0.65262884  0.13972963  0.11660692
 1676     H   1.0  0.07273037       0.65938652  0.13538583  0.13249729
 1677     H   1.0  0.07807644       0.66269010  0.13549829  0.12373517
 1678     H   1.0  0.06876864       0.66433841  0.13831210  0.12858085
 1679     H   1.0  0.07879363       0.66097903  0.13544138  0.12478596
 1680     H   1.0  0.05696043       0.66854078  0.13938427  0.13511453
 1681     H   1.0  0.07187623       0.66464263  0.13422948  0.12925166
 1682     H   1.0  0.13158062       0.56590480  0.12452517  0.17798941
 1683     H   1.0  0.09581482       0.64967072  0.14291118  0.11160328
 1684     H   1.0  0.08227739       0.66435146  0.14153971  0.11183144
 1685     H   1.0  0.13422376       0.52234519  0.09829258  0.24513847
 1686     H   1.0  0.08506497       0.66311407  0.12457582  0.12724514
 1687     H   1.0  0.08884360       0.65623391  0.12773009  0.12719241
 1688     H   1.0  0.08172602       0.66317499  0.12912644  0.12597255
 1689     H   1.0  0.14285276       0.56248569  0.12239227  0.17226927
 1690     H   1.0  0.09903276       0.64863724  0.13927059  0.11305942
 1691     H   1.0  0.08873835       0.65727651  0.13270213  0.12128301
 1692     H   1.0  0.08113377       0.66061360  0.13870752  0.11954511
 1693     H   1.0  0.07734269       0.66184318  0.13295723  0.12785690
 1694     H   1.0  0.08207649       0.66173738  0.13342686  0.12275927
 1695     H   1.0  0.09842661       0.65902591  0.12830921  0.11423828
 1696     H   1.0  0.08478156       0.66627908  0.13342243  0.11551693
 1697     H   1.0  0.15839757       0.56295025  0.10120521  0.17744697
 1698     H   1.0  0.15087556       0.56327081  0.10251647  0.18333716
 1699     H   1.0  0.11840858       0.56061006  0.10917625  0.21180512
 1700     H   1.0  0.16057489       0.56401587  0.09631094  0.17909830
 1701     H   1.0  0.15852340       0.56616151  0.09527929  0.18003579
 1702     H   1.0  0.07823364       0.56334484  0.12109990  0.23732162
 1703     H   1.0  0.08452677       0.65470511  0.14539778  0.11537034
 1704     H   1.0  0.08854478       0.65223956  0.13961940  0.11959627
 1705     H   1.0  0.08658839       0.65487087  0.14177221  0.11676853
 1706     H   1.0  0.08125982       0.62770367  0.14864045  0.14239606
 1707     H   1.0  0.09605903       0.62972474  0.14097449  0.13324174
 1708     H   1.0  0.10536784       0.64504123  0.13567425  0.11391668
 1709     H   1.0  0.09699092       0.65417498  0.12810580  0.12072830
 1710     H   1.0  0.09076530       0.65304446  0.13253915  0.12365109
 1711     H   1.0  0.09175411       0.65291232  0.12935856  0.12597501
 1712     H   1.0  0.09059684       0.65684700  0.13229272  0.12026344
 1713     H   1.0  0.09135204       0.65438896  0.13348101  0.12077798
 1714     H   1.0  0.08984166       0.65860391  0.13354734  0.11800710
 1715     H   1.0  0.08702094       0.56517088  0.12117805  0.22663012
 1716     H   1.0  0.10227083       0.64700192  0.13636792  0.11435933
 1717     H   1.0  0.09162416       0.65272981  0.12904845  0.12659758
 1718     H   1.0  0.09138630       0.65363652  0.13499260  0.11998458
 1719     H   1.0  0.09272300       0.56713194  0.12259497  0.21755009
 1720     H   1.0  0.08839851       0.65533614  0.14524621  0.11101914
 1721     H   1.0  0.08553970       0.65781510  0.13704330  0.11960190
 1722     H   1.0  0.07083139       0.66223079  0.14272448  0.12421333
 1723     H   1.0  0.07104248       0.66454548  0.14407024  0.12034181
 1724     H   1.0  0.07745364       0.66244471  0.13518454  0.12491711
 1725     H   1.0  0.07223489       0.66638684  0.13474075  0.12663751
 1726     H   1.0  0.07564384       0.66475332  0.13731194  0.12229090
 1727     H   1.0  0.07065418       0.66742784  0.13617852  0.12573946
 1728     H   1.0  0.07358599       0.66336083  0.14017202  0.12288116
 1729     H   1.0  0.07125637       0.66304964  0.13952574  0.12616825
 1730     H   1.0  0.13339570       0.56707221  0.12003814  0.17949395
 1731     H   1.0  0.08596098       0.66087824  0.14166705  0.11149372
 1732     H   1.0  0.07283253       0.66574448  0.14101203  0.12041096
 1733     H   1.0  0.08355479       0.65858930  0.13550799  0.12234792
 1734     H   1.0  0.08678860       0.65986824  0.13120115  0.12214201
 1735     H   1.0  0.08654980       0.66099948  0.12977868  0.12267204
 1736     H   1.0  0.08112140       0.66400629  0.13006391  0.12480840
 1737     H   1.0  0.06042756       0.66735417  0.13103016  0.14118811
 1738     H   1.0  0.07900377       0.66544944  0.13780130  0.11774549
 1739     H   1.0  0.08462674       0.66405588  0.13183165  0.11948573
 1740     H   1.0  0.18009162       0.58685404  0.09526224  0.13779210
 1741     H   1.0  0.18348769       0.58146900  0.09743956  0.13760374
 1742     H   1.0  0.17298476       0.58487076  0.10612512  0.13601937
 1743     H   1.0  0.14551952       0.56565744  0.11925466  0.16956839
 1744     H   1.0  0.08498958       0.65910453  0.14381349  0.11209240
 1745     H   1.0  0.07974120       0.66324729  0.14368182  0.11332969
 1746     H   1.0  0.07307123       0.51866716  0.11180896  0.29645265
 1747     H   1.0  0.08019792       0.66163117  0.13314380  0.12502712
 1748     H   1.0  0.08056609       0.65741569  0.13280480  0.12921343
 1749     H   1.0  0.07006151       0.66524363  0.13717262  0.12752224
 1750     H   1.0  0.10027841       0.56797320  0.12935525  0.20239314
 1751     H   1.0  0.10385535       0.64456820  0.13661630  0.11496014
 1752     H   1.0  0.09984700       0.64761794  0.12782635  0.12470871
 1753     H   1.0  0.09542902       0.65234846  0.13186491  0.12035762
 1754     H   1.0  0.04367011       0.56573445  0.11631734  0.27427810
 1755     H   1.0  0.09394391       0.65220088  0.13488899  0.11896622
 1756     H   1.0  0.09488551       0.65449154  0.13355944  0.11706351
 1757     H   1.0  0.02169729       0.56040287  0.11755202  0.30034782
 1758     H   1.0  0.08497874       0.65889829  0.14631075  0.10981222
 1759     H   1.0  0.08153030       0.65919393  0.14119455  0.11808122
 1760     H   1.0  0.07658966       0.66011769  0.14438781  0.11890484
 1761     H   1.0  0.07156386       0.64845479  0.14983511  0.13014625
 1762     H   1.0  0.07489706       0.64853257  0.14839545  0.12817492
 1763     H   1.0  0.06600524       0.64885783  0.14031506  0.14482187
 1764     H   1.0  0.07678303       0.64453119  0.15030028  0.12838550
 1765     H   1.0  0.07589881       0.64723158  0.14849891  0.12837070
 1766     H   1.0  0.08525144       0.56814939  0.11634986  0.23024932
 1767     H   1.0  0.09912081       0.64953142  0.13346350  0.11788427
 1768     H   1.0  0.08689766       0.65952796  0.13692608  0.11664830
 1769     H   1.0  0.14422218       0.56846774  0.11559529  0.17171479
 1770     H   1.0  0.08525423       0.65473962  0.14682551  0.11318065
 1771     H   1.0  0.08354368       0.65804094  0.13850982  0.11990555
 1772     H   1.0  0.06813269       0.66506517  0.13355055  0.13325158
 1773     H   1.0  0.08196840       0.66198748  0.13169621  0.12434790
 1774     H   1.0  0.08244315       0.66515589  0.12536784  0.12703313
 1775     H   1.0  0.08257521       0.66328073  0.12749089  0.12665318
 1776     H   1.0  0.07041733       0.66603220  0.13212270  0.13142778
 1777     H   1.0  0.07662395       0.66183138  0.13473085  0.12681383
 1778     H   1.0  0.07253985       0.66288179  0.13782899  0.12674936
 1779     H   1.0  0.07357507       0.66602707  0.13474640  0.12565146
 1780     H   1.0  0.14451331       0.56601930  0.11998742  0.16947997
 1781     H   1.0  0.08821566       0.65890610  0.14265984  0.11021840
 1782     H   1.0  0.10058548       0.64509648  0.13051385  0.12380420
 1783     H   1.0  0.08052962       0.66206813  0.13718559  0.12021666
 1784     H   1.0  0.13980922       0.56642324  0.12249342  0.17127412
 1785     H   1.0  0.09298805       0.65264320  0.14533855  0.10903019
 1786     H   1.0  0.07918154       0.66237032  0.14903076  0.10941737
 1787     H   1.0  0.14863274       0.52278960  0.10216761  0.22641005
 1788     H   1.0  0.07630491       0.65821671  0.14128239  0.12419598
 1789     H   1.0  0.06919434       0.65724975  0.13656665  0.13698925
 1790     H   1.0  0.07340783       0.66298437  0.14045158  0.12315622
 1791     H   1.0  0.11917453       0.56989545  0.12844095  0.18248907
 1792     H   1.0  0.08305785       0.65917379  0.14801152  0.10975685
 1793     H   1.0  0.08192444       0.65186596  0.14849240  0.11771720
 1794     H   1.0  0.05890405       0.66924030  0.14908932  0.12276634
 1795     H   1.0  0.01323111       0.58897150  0.18710989  0.21068750
 1796     H   1.0  0.10753063       0.56704658  0.12762712  0.19779567
 1797     H   1.0  0.09169342       0.65568113  0.14369445  0.10893101
 1798     H   1.0  0.08820552       0.65661377  0.13513686  0.12004386
 1799     H   1.0  0.07707375       0.66325772  0.14127098  0.11839756
 1800     H   1.0  0.07715489       0.65931880  0.14154497  0.12198133
 1801     H   1.0  0.08230064       0.66112983  0.13711450  0.11945503
 1802     H   1.0  0.08875478       0.66218549  0.13520548  0.11385426
 1803     H   1.0  0.07732573       0.66265738  0.12939158  0.13062531
 1804     H   1.0  0.16055030       0.56080151  0.10457155  0.17407664
 1805     H   1.0  0.15814302       0.56586981  0.09561338  0.18037380
 1806     H   1.0  0.16083879       0.56444514  0.09549286  0.17922321
 1807     H   1.0  0.15921501       0.56507134  0.09558192  0.18013172
 1808     H   1.0  0.14841558       0.56453139  0.09973487  0.18731817
 1809     H   1.0  0.12166680       0.56904787  0.12596463  0.18332070
 1810     H   1.0  0.08733714       0.65499461  0.14679411  0.11087414
 1811     H   1.0  0.07365474       0.66425365  0.14699844  0.11509317
 1812     H   1.0  0.07162365       0.66856694  0.14159845  0.11821096
 1813     H   1.0  0.05457477       0.52439511  0.10868600  0.31234413
 1814     H   1.0  0.11130665       0.56904858  0.12656948  0.19307528
 1815     H   1.0  0.08975666       0.65341938  0.14783727  0.10898670
 1816     H   1.0  0.07588700       0.65860999  0.14624862  0.11925439
 1817     H   1.0  0.06585731       0.66895282  0.14569646  0.11949340
 1818     H   1.0  0.06201988       0.66836905  0.14653431  0.12307676
 1819     H   1.0  0.06940930       0.66334647  0.14698671  0.12025752
 1820     H   1.0  0.06777858       0.66429436  0.14399686  0.12393019
 1821     H   1.0  0.04694258       0.67303807  0.13947588  0.14054347
 1822     H   1.0  0.04853401       0.67828912  0.14467855  0.12849833
 1823     H   1.0  0.10304052       0.56817138  0.12659785  0.20219025
 1824     H   1.0  0.08753565       0.65715396  0.14734432  0.10796606
 1825     H   1.0  0.07307858       0.66243327  0.14554957  0.11893859
 1826     H   1.0  0.07460919       0.66292852  0.13659406  0.12586823
 1827     H   1.0  0.07429664       0.66274464  0.13596651  0.12699221
 1828     H   1.0  0.07233703       0.66505504  0.13909848  0.12350945
 1829     H   1.0  0.06990405       0.66810757  0.13547541  0.12651297
 1830     H   1.0  0.07173152       0.66828138  0.13713835  0.12284875
 1831     H   1.0  0.06860695       0.66344333  0.14069563  0.12725409
 1832     H   1.0  0.11540874       0.56714034  0.12390439  0.19354653
 1833     H   1.0  0.08327077       0.65999454  0.14545485  0.11127983
 1834     H   1.0  0.07728323       0.66121548  0.13728887  0.12421242
 1835     H   1.0  0.07631715       0.66150409  0.13562459  0.12655417
 1836     H   1.0  0.07082226       0.66556931  0.14071573  0.12289270
 1837     H   1.0  0.12210026       0.56654555  0.12519498  0.18615921
 1838     H   1.0  0.09122720       0.65302712  0.14532414  0.11042155
 1839     H   1.0  0.07990625       0.65952009  0.14064187  0.11993179
 1840     H   1.0  0.07285280       0.66422904  0.13953355  0.12338461
 1841     H   1.0  0.07324675       0.66347557  0.13973522  0.12354245
 1842     H   1.0  0.06826739       0.66803151  0.13866849  0.12503261
 1843     H   1.0  0.07608666       0.66195595  0.13845195  0.12350543
 1844     H   1.0  0.07259802       0.66659653  0.13805270  0.12275275
 1845     H   1.0  0.07326273       0.66809493  0.13447334  0.12416900
 1846     H   1.0  0.12309495       0.56827635  0.12902246  0.17960624
 1847     H   1.0  0.08062300       0.65116072  0.15130442  0.11691185
 1848     H   1.0  0.07267889       0.66410398  0.14120226  0.12201487
 1849     H   1.0  0.07325266       0.66257983  0.14402711  0.12014039
 1850     H   1.0  0.06484814       0.66937828  0.14305249  0.12272109
 1851     H   1.0  0.06963784       0.66172552  0.14809602  0.12054062
 1852     H   1.0  0.06583216       0.66211683  0.13648382  0.13556720
 1853     H   1.0  0.05395547       0.67223591  0.14386170  0.12994692
 1854     H   1.0  0.05385982       0.67700630  0.13857271  0.13056117
 1855     H   1.0  0.11743162       0.56916052  0.12577805  0.18762981
 1856     H   1.0  0.06028929       0.67137653  0.15469553  0.11363866
 1857     H   1.0  0.07911417       0.65889686  0.14344651  0.11854246
 1858     H   1.0  0.09646074       0.64067501  0.13939413  0.12347012
 1859     H   1.0  0.12607267       0.56709844  0.12464634  0.18218255
 1860     H   1.0  0.09770221       0.64950132  0.14119469  0.11160178
 1861     H   1.0  0.09435838       0.65760994  0.13598247  0.11204922
 1862     H   1.0  0.07240029       0.67234397  0.13929045  0.11596529
 1863     H   1.0  0.15079027       0.52468878  0.09882149  0.22569946
 1864     H   1.0  0.12508203       0.57032353  0.12707543  0.17751901
 1865     H   1.0  0.10609289       0.64278376  0.13569298  0.11543036
 1866     H   1.0  0.10057060       0.65000480  0.12869695  0.12072765
 1867     H   1.0  0.10579323       0.64092255  0.12984535  0.12343887
 1868     H   1.0  0.12058801       0.56224293  0.12134667  0.19582239
 1869     H   1.0  0.09380766       0.63880980  0.13807659  0.12930595
 1870     H   1.0  0.08706406       0.66037124  0.13847892  0.11408578
 1871     H   1.0  0.12524209       0.51786369  0.10286143  0.25403279
 1872     H   1.0  0.08353361       0.66306567  0.12554674  0.12785398
 1873     H   1.0  0.09487382       0.65221328  0.12846176  0.12445114
 1874     H   1.0  0.07752372       0.66476738  0.13167304  0.12603586
 1875     H   1.0  0.07095436       0.57809567  0.13318636  0.21776361
 1876     H   1.0  0.11542782       0.63566738  0.13757654  0.11132826
 1877     H   1.0  0.09809041       0.65298522  0.14023320  0.10869117
 1878     H   1.0  0.09138153       0.53103924  0.13377182  0.24380741
 1879     H   1.0  0.08034761       0.66091657  0.13258201  0.12615382
 1880     H   1.0  0.09387964       0.65563673  0.12471357  0.12577006
 1881     H   1.0  0.05595996       0.66886789  0.13901833  0.13615382
 1882     H   1.0  0.03774146       0.56275344  0.11991816  0.27958694
 1883     H   1.0  0.09838476       0.65069616  0.13361724  0.11730184
 1884     H   1.0  0.10067881       0.65188479  0.13114122  0.11629518
 1885     H   1.0  0.11525911       0.57283264  0.12363639  0.18827185
 1886     H   1.0  0.10105504       0.64769357  0.14134198  0.10990940
 1887     H   1.0  0.07843537       0.65991747  0.14166294  0.11998422
 1888     H   1.0  0.06554376       0.66591495  0.14155424  0.12698705
 1889     H   1.0  0.07429468       0.66704565  0.13803327  0.12062640
 1890     H   1.0  0.07843671       0.66080528  0.13949296  0.12126505
 1891     H   1.0  0.07179509       0.66576529  0.13167468  0.13076495
 1892     H   1.0  0.08413556       0.65576851  0.14128973  0.11880620
 1893     H   1.0  0.03812455       0.65558332  0.12718976  0.17910237
 1894     H   1.0  0.09060409       0.65905142  0.13232665  0.11801784
 1895     H   1.0  0.18385465       0.58463210  0.09464306  0.13687019
 1896     H   1.0  0.18848005       0.58329856  0.09004630  0.13817509
 1897     H   1.0  0.18647555       0.58338886  0.09431591  0.13581968
 1898     H   1.0  0.11607777       0.56141919  0.12071811  0.20178494
 1899     H   1.0  0.05817707       0.67196900  0.14786515  0.12198878
 1900     H   1.0  0.08163019       0.65865743  0.14164390  0.11806849
 1901     H   1.0  0.07114376       0.66465783  0.14186868  0.12232973
 1902     H   1.0  0.07226031       0.66507018  0.14435899  0.11831052
 1903     H   1.0  0.07499592       0.66199297  0.13957280  0.12343831
 1904     H   1.0  0.07574639       0.66186523  0.13826767  0.12412071
 1905     H   1.0  0.07346230       0.66488111  0.13966870  0.12198789
 1906     H   1.0  0.06819403       0.66662848  0.13961056  0.12556693
 1907     H   1.0  0.07174462       0.66569585  0.13948761  0.12307192
 1908     H   1.0  0.06560516       0.66660595  0.14055334  0.12723555
 1909     H   1.0  0.10091643       0.57865882  0.12890586  0.19151889
 1910     H   1.0  0.08992401       0.65035737  0.14038846  0.11933017
 1911     H   1.0  0.08903207       0.65363896  0.14158203  0.11574695
 1912     H   1.0  0.14910313       0.56353211  0.11555237  0.17181239
 1913     H   1.0  0.08736938       0.65775228  0.14600836  0.10886999
 1914     H   1.0  0.08050798       0.66491270  0.13669816  0.11788116
 1915     H   1.0  0.08528980       0.65900761  0.13413188  0.12157071
 1916     H   1.0  0.07695282       0.64868236  0.14204569  0.13231913
 1917     H   1.0  0.07774335       0.64853024  0.14298092  0.13074549
 1918     H   1.0  0.07839921       0.64568931  0.14773498  0.12817649
 1919     H   1.0  0.07506291       0.65347403  0.13975030  0.13171276
 1920     H   1.0  0.07772802       0.64635968  0.14527301  0.13063928
 1921     H   1.0  0.14047522       0.56730628  0.12140849  0.17081000
 1922     H   1.0  0.08779235       0.65679961  0.14525664  0.11015140
 1923     H   1.0  0.08899755       0.65509290  0.13515133  0.12075823
 1924     H   1.0  0.07940246       0.66402823  0.13465232  0.12191699
 1925     H   1.0  0.09431468       0.64994568  0.12703489  0.12870476
 1926     H   1.0  0.07878724       0.66262907  0.13525200  0.12333170
 1927     H   1.0  0.10650696       0.56770945  0.11918969  0.20659390
 1928     H   1.0  0.09330986       0.65281439  0.14459509  0.10928067
 1929     H   1.0  0.08768110       0.65401900  0.14089891  0.11740099
 1930     H   1.0  0.07287989       0.66443634  0.14429587  0.11838790
 1931     H   1.0  0.06911415       0.60769296  0.12061491  0.20257799
 1932     H   1.0  0.09663883       0.64754921  0.13808541  0.11772654
 1933     H   1.0  0.10614702       0.56858295  0.12643787  0.19883215
 1934     H   1.0  0.08983504       0.65446705  0.14780934  0.10788857
 1935     H   1.0  0.07240435       0.66308790  0.14686646  0.11764129
 1936     H   1.0  0.07929433       0.65808183  0.14303122  0.11959261
 1937     H   1.0  0.07909289       0.64710182  0.14590821  0.12789708
 1938     H   1.0  0.07199311       0.64743108  0.15116923  0.12940659
 1939     H   1.0  0.07930617       0.64626461  0.14551874  0.12891048
 1940     H   1.0  0.07466720       0.64783323  0.14682704  0.13067253
 1941     H   1.0  0.07379419       0.64869875  0.14736517  0.13014189
 1942     H   1.0  0.08247145       0.56586087  0.12556216  0.22610553
 1943     H   1.0  0.08833979       0.65864354  0.14394185  0.10907481
 1944     H   1.0  0.07060437       0.66534781  0.14378209  0.12026572
 1945     H   1.0  0.06995121       0.66440105  0.14159901  0.12404872
 1946     H   1.0  0.07800318       0.66141766  0.13998957  0.12058958
 1947     H   1.0  0.07949956       0.66054124  0.13760896  0.12235024
 1948     H   1.0  0.08380115       0.66158879  0.13171047  0.12289959
 1949     H   1.0  0.08075782       0.66222525  0.13625476  0.12076218
 1950     H   1.0  0.07684249       0.66319776  0.13618782  0.12377193
 1951     H   1.0  0.08725876       0.66163689  0.13304241  0.11806194
 1952     H   1.0  0.17291642       0.58469051  0.10308706  0.13930601
 1953     H   1.0  0.18269347       0.58593255  0.09471428  0.13665970
 1954     H   1.0  0.17974439       0.58417845  0.09725252  0.13882464
 1955     H   1.0  0.10270767       0.56651163  0.12331455  0.20746614
 1956     H   1.0  0.08575258       0.65671706  0.14672215  0.11080821
 1957     H   1.0  0.07897083       0.66290766  0.14150898  0.11661253
 1958     H   1.0  0.08186811       0.65901762  0.13653339  0.12258088
 1959     H   1.0  0.07968549       0.64826477  0.14061318  0.13143656
 1960     H   1.0  0.06946615       0.64996499  0.14084940  0.13971947
 1961     H   1.0  0.07609865       0.64655274  0.14114518  0.13620342
 1962     H   1.0  0.07914846       0.64332753  0.14717962  0.13034439
 1963     H   1.0  0.08690913       0.52136672  0.10937737  0.28234678
 1964     H   1.0  0.11465324       0.56863075  0.12640953  0.19030647
 1965     H   1.0  0.08793175       0.65540802  0.14720555  0.10945468
 1966     H   1.0  0.06981904       0.66533530  0.14409237  0.12075330
 1967     H   1.0  0.07250166       0.66449910  0.14260808  0.12039116
 1968     H   1.0  0.07757485       0.66109455  0.14342164  0.11790897
 1969     H   1.0  0.07051493       0.66473764  0.14038810  0.12435932
 1970     H   1.0  0.07121569       0.66338092  0.14030203  0.12510136
 1971     H   1.0  0.07097811       0.66715521  0.13906501  0.12280168
 1972     H   1.0  0.07649825       0.66241425  0.13735992  0.12372758
 1973     H   1.0  0.07185503       0.66572088  0.13976640  0.12265769
 1974     H   1.0  0.07439862       0.66262978  0.13831085  0.12466075
 1975     H   1.0  0.07865506       0.56522226  0.12372921  0.23239347
 1976     H   1.0  0.08896921       0.65508223  0.14688314  0.10906542
 1977     H   1.0  0.07780007       0.66067988  0.14498855  0.11653150
 1978     H   1.0  0.08558354       0.65390974  0.14247476  0.11803196
 1979     H   1.0  0.08291005       0.63100469  0.14916494  0.13692031
 1980     H   1.0  0.15140249       0.56254238  0.11224398  0.17381115
 1981     H   1.0  0.08200818       0.64121729  0.14780723  0.12896731
 1982     H   1.0  0.08191347       0.64371544  0.14147162  0.13289946
 1983     H   1.0  0.07912722       0.64584726  0.14345072  0.13157480
 1984     H   1.0  0.07897571       0.64943594  0.14070928  0.13087907
 1985     H   1.0  0.10403558       0.56688595  0.12576863  0.20330984
 1986     H   1.0  0.08694603       0.65466118  0.14728592  0.11110687
 1987     H   1.0  0.09988482       0.64560920  0.13227305  0.12223293
 1988     H   1.0  0.08194590       0.65925348  0.14007597  0.11872466
 1989     H   1.0  0.14696259       0.56926352  0.10808069  0.17569320
 1990     H   1.0  0.14917481       0.56922197  0.10758547  0.17401774
 1991     H   1.0  0.11547325       0.56715971  0.12558132  0.19178572
 1992     H   1.0  0.08032975       0.65220976  0.13676563  0.13069486
 1993     H   1.0  0.09468583       0.64678949  0.13804322  0.12048146
 1994     H   1.0  0.08194922       0.65327805  0.14428999  0.12048274
 1995     H   1.0  0.14138773       0.57054889  0.11100627  0.17705711
 1996     H   1.0  0.11271595       0.56818461  0.10726945  0.21182998
 1997     H   1.0  0.09788178       0.56667840  0.12684093  0.20859888
 1998     H   1.0  0.08983490       0.65501523  0.14807720  0.10707266
 1999     H   1.0  0.07537692       0.65980858  0.14663763  0.11817687
 2000     H   1.0  0.05969309       0.66640145  0.14059179  0.13331368
 2001     H   1.0  0.07341299       0.66684806  0.14004821  0.11969074
 2002     H   1.0  0.07979772       0.66293472  0.13085419  0.12641337
 2003     H   1.0  0.07282956       0.66416562  0.13646813  0.12653670
 2004     H   1.0  0.07425343       0.66450346  0.13858542  0.12265770
 2005     H   1.0  0.07765802       0.66066009  0.13731824  0.12436365
 2006     H   1.0  0.07122537       0.66416544  0.14047837  0.12413082
 2007     H   1.0  0.06700241       0.66890657  0.13860571  0.12548530
 2008     H   1.0  0.11487174       0.56729931  0.12588675  0.19194220
 2009     H   1.0  0.09416710       0.65227759  0.14405708  0.10949823
 2010     H   1.0  0.07288917       0.66435313  0.14176606  0.12099164
 2011     H   1.0  0.08074629       0.66025603  0.13713399  0.12186370
 2012     H   1.0  0.08001204       0.66297197  0.13589703  0.12111896
 2013     H   1.0  0.08257435       0.66050458  0.13442132  0.12249975
 2014     H   1.0  0.08370277       0.66151369  0.13094279  0.12384076
 2015     H   1.0  0.08371386       0.66197038  0.13307902  0.12123674
 2016     H   1.0  0.08801762       0.66267657  0.13156699  0.11773882
 2017     H   1.0  0.08853995       0.66233021  0.13117194  0.11795790
 2018     H   1.0  0.18823785       0.58218831  0.09208541  0.13748843
 2019     H   1.0  0.18364350       0.58437324  0.09515125  0.13683201
 2020     H   1.0  0.18244760       0.58639479  0.09348952  0.13766809
 2021     H   1.0  0.11573542       0.56689930  0.12480623  0.19255904
 2022     H   1.0  0.09064166       0.65494585  0.14382058  0.11059190
 2023     H   1.0  0.07326647       0.66391635  0.14123683  0.12158036
 2024     H   1.0  0.08089415       0.66022223  0.13673353  0.12215009
 2025     H   1.0  0.08390902       0.65815353  0.13536212  0.12257533
 2026     H   1.0  0.08115567       0.66144723  0.13855778  0.11883933
 2027     H   1.0  0.07815843       0.66583115  0.13376009  0.12225033
 2028     H   1.0  0.08370847       0.66096222  0.13210158  0.12322773
 2029     H   1.0  0.08984722       0.66110736  0.13235593  0.11668949
 2030     H   1.0  0.08015185       0.66592067  0.13373397  0.12019350
 2031     H   1.0  0.18156065       0.58551323  0.09629958  0.13662654
 2032     H   1.0  0.18374411       0.58521420  0.09436372  0.13667797
 2033     H   1.0  0.18332903       0.58526850  0.09470660  0.13669587
 2034     H   1.0  0.09682379       0.56421554  0.12663130  0.21232937
 2035     H   1.0  0.08840294       0.65691268  0.14539149  0.10929288
 2036     H   1.0  0.08598118       0.65712416  0.13895021  0.11794445
 2037     H   1.0  0.07949642       0.66082972  0.14379396  0.11587991
 2038     H   1.0  0.07447937       0.63856363  0.14874569  0.13821131
 2039     H   1.0  0.14367875       0.56320727  0.12073716  0.17237682
 2040     H   1.0  0.07505104       0.64486390  0.15017530  0.12990975
 2041     H   1.0  0.07620643       0.64268064  0.14887443  0.13223849
 2042     H   1.0  0.06761752       0.65139276  0.14423785  0.13675187
 2043     H   1.0  0.07432109       0.64448655  0.15070605  0.13048631
 2044     H   1.0  0.10163475       0.56734353  0.12729503  0.20372669
 2045     H   1.0  0.08924740       0.65529680  0.14518148  0.11027432
 2046     H   1.0  0.07074296       0.66585910  0.14330569  0.12009224
 2047     H   1.0  0.07467502       0.65937757  0.14498532  0.12096209
 2048     H   1.0  0.08505517       0.65413398  0.14071189  0.12009897
 2049     H   1.0  0.07408562       0.66683370  0.13918671  0.11989397
 2050     H   1.0  0.14605640       0.57083195  0.10720523  0.17590641
 2051     H   1.0  0.14635479       0.57253754  0.10512286  0.17598481
 2052     H   1.0  0.13204445       0.56763250  0.12427830  0.17604476
 2053     H   1.0  0.09211506       0.65547407  0.14104278  0.11136809
 2054     H   1.0  0.08694988       0.66048515  0.12774387  0.12482110
 2055     H   1.0  0.08282312       0.66149330  0.12953901  0.12614457
 2056     H   1.0  0.07670186       0.66442251  0.13533428  0.12354134
 2057     H   1.0  0.13436639       0.56623644  0.12588821  0.17350896
 2058     H   1.0  0.08913583       0.65620649  0.14537811  0.10927957
 2059     H   1.0  0.08227934       0.65828896  0.14391840  0.11551331
 2060     H   1.0  0.07234430       0.66562927  0.13749754  0.12452889
 2061     H   1.0  0.07445746       0.66638607  0.13681620  0.12234027
 2062     H   1.0  0.07477176       0.66088229  0.13826172  0.12608423
 2063     H   1.0  0.07708575       0.65977633  0.13880268  0.12433524
 2064     H   1.0  0.06847637       0.66675425  0.14043580  0.12433358
 2065     H   1.0  0.07830372       0.66054511  0.13389188  0.12725929
 2066     H   1.0  0.07394761       0.66521525  0.13678339  0.12405374
 2067     H   1.0  0.06726800       0.66974235  0.13746849  0.12552117
 2068     H   1.0  0.10255275       0.56589019  0.12527464  0.20628242
 2069     H   1.0  0.08846512       0.65395325  0.14811194  0.10946968
 2070     H   1.0  0.06939342       0.66393220  0.14491671  0.12175767
 2071     H   1.0  0.07824428       0.65859872  0.14317141  0.11998558
 2072     H   1.0  0.07218643       0.65095180  0.14773469  0.12912709
 2073     H   1.0  0.06461952       0.64614677  0.14564921  0.14358450
 2074     H   1.0  0.07349581       0.64558005  0.14776358  0.13316055
 2075     H   1.0  0.07445934       0.64305639  0.15246053  0.13002374
 2076     H   1.0  0.06934941       0.52080601  0.11229376  0.29755082
 2077     H   1.0  0.13105826       0.56656402  0.12576322  0.17661449
 2078     H   1.0  0.09619548       0.65150243  0.14390513  0.10839695
 2079     H   1.0  0.08598907       0.65874714  0.13579650  0.11946729
 2080     H   1.0  0.07803053       0.66361845  0.13856566  0.11978537
 2081     H   1.0  0.07014024       0.66267717  0.13928795  0.12789464
 2082     H   1.0  0.08427737       0.65924400  0.13764924  0.11882939
 2083     H   1.0  0.08033247       0.66060036  0.13762906  0.12143810
 2084     H   1.0  0.07662554       0.66318685  0.13846417  0.12172344
 2085     H   1.0  0.08720459       0.66356432  0.13076939  0.11846170
 2086     H   1.0  0.09002009       0.65952957  0.13336875  0.11708160
 2087     H   1.0  0.18341945       0.58049929  0.10079516  0.13528609
 2088     H   1.0  0.18292591       0.58555055  0.09214427  0.13937928
 2089     H   1.0  0.16960680       0.58472073  0.10088963  0.14478284
 2090     H   1.0  0.11909813       0.56605268  0.12430614  0.19054306
 2091     H   1.0  0.09242564       0.65443563  0.14144781  0.11169091
 2092     H   1.0  0.07201922       0.66518652  0.14280929  0.11998497
 2093     H   1.0  0.08022264       0.65908027  0.13760670  0.12309039
 2094     H   1.0  0.09246356       0.65348715  0.12962371  0.12442558
 2095     H   1.0  0.07817902       0.66415727  0.13609542  0.12156828
 2096     H   1.0  0.15034033       0.56763488  0.10564717  0.17637762
 2097     H   1.0  0.14910708       0.56958699  0.10566378  0.17564214
 2098     H   1.0  0.11917577       0.56342053  0.12648337  0.19092033
 2099     H   1.0  0.09445645       0.64881355  0.14321810  0.11351190
 2100     H   1.0  0.08823568       0.65456623  0.14070582  0.11649227
 2101     H   1.0  0.08584120       0.65573573  0.14114153  0.11728153
 2102     H   1.0  0.06743548       0.64970875  0.14743823  0.13541754
 2103     H   1.0  0.08141320       0.64585829  0.14350045  0.12922806
 2104     H   1.0  0.07481910       0.64752573  0.14585139  0.13180378
 2105     H   1.0  0.08061464       0.64767981  0.14020762  0.13149794
 2106     H   1.0  0.07856416       0.64847142  0.14121367  0.13175076
 2107     H   1.0  0.13788261       0.56504464  0.12382137  0.17325138
 2108     H   1.0  0.05480163       0.66434747  0.16220835  0.11864256
 2109     H   1.0  0.08373864       0.65562904  0.14289387  0.11773846
 2110     H   1.0  0.09554181       0.64146954  0.14058629  0.12240236
 2111     H   1.0  0.11169811       0.56615782  0.12222284  0.19992124
 2112     H   1.0  0.09603247       0.65328783  0.13806391  0.11261579
 2113     H   1.0  0.09288095       0.65485746  0.13304681  0.11921478
 2114     H   1.0  0.08604673       0.66339421  0.12400806  0.12655100
 2115     H   1.0  0.08455080       0.66264147  0.12624678  0.12656096
 2116     H   1.0  0.08320173       0.66323620  0.13044071  0.12312136
 2117     H   1.0  0.08271322       0.66442406  0.12632366  0.12653906
 2118     H   1.0  0.07591281       0.66172051  0.13538292  0.12698375
 2119     H   1.0  0.07368118       0.66502362  0.13367638  0.12761881
 2120     H   1.0  0.11556261       0.56717628  0.13266739  0.18459372
 2121     H   1.0  0.10431389       0.64535409  0.13520856  0.11512345
 2122     H   1.0  0.10270447       0.64416009  0.12912557  0.12400987
 2123     H   1.0  0.09900529       0.64918399  0.13078441  0.12102631
 2124     H   1.0  0.11289604       0.56254333  0.12206037  0.20250027
 2125     H   1.0  0.09679254       0.64509481  0.13632572  0.12178694
 2126     H   1.0  0.09150007       0.65616989  0.13034691  0.12198313
 2127     H   1.0  0.08221368       0.65892756  0.13444220  0.12441656
 2128     H   1.0  0.08272189       0.66005075  0.12327079  0.13395658
 2129     H   1.0  0.08138617       0.66067672  0.13604601  0.12189111
 2130     H   1.0  0.09204228       0.65654212  0.13153830  0.11987730
 2131     H   1.0  0.08605172       0.66613144  0.13014473  0.11767211
 2132     H   1.0  0.15896948       0.55795461  0.10791982  0.17515609
 2133     H   1.0  0.15941961       0.56515861  0.09457724  0.18084455
 2134     H   1.0  0.13987769       0.56405813  0.09572414  0.20034004
 2135     H   1.0  0.15858907       0.56610173  0.09494521  0.18036399
 2136     H   1.0  0.16329328       0.56252623  0.09594715  0.17823335
 2137     H   1.0  0.08589120       0.57735586  0.14083365  0.19591929
 2138     H   1.0  0.11218162       0.63844913  0.13727970  0.11208954
 2139     H   1.0  0.05755212       0.67401260  0.14680621  0.12162907
 2140     H   1.0  0.09201702       0.65863645  0.13516368  0.11418285
 2141     H   1.0 -0.01985376       0.54653132  0.19432303  0.27899941
 2142     H   1.0  0.08002798       0.56713533  0.12274971  0.23008697
 2143     H   1.0  0.09554201       0.65088272  0.13829260  0.11528267
 2144     H   1.0  0.10439089       0.64518207  0.13561460  0.11481243
 2145     H   1.0  0.09006863       0.57405603  0.12934779  0.20652756
 2146     H   1.0  0.08684466       0.64412731  0.13829270  0.13073533
 2147     H   1.0  0.07979321       0.66218644  0.14511041  0.11290994
 2148     H   1.0  0.11235437       0.52762938  0.12065902  0.23935724
 2149     H   1.0  0.07960533       0.66110593  0.13196869  0.12732005
 2150     H   1.0  0.08314681       0.65563458  0.13719517  0.12402344
 2151     H   1.0  0.06958511       0.66659343  0.13781080  0.12601066
 2152     H   1.0  0.12993022       0.55919915  0.12261427  0.18825636
 2153     H   1.0  0.06239407       0.66642922  0.15068278  0.12049393
 2154     H   1.0  0.08300640       0.65545481  0.14433859  0.11720020
 2155     H   1.0  0.07823207       0.65995902  0.14017995  0.12162896
 2156     H   1.0  0.07344281       0.66307455  0.14003302  0.12344961
 2157     H   1.0  0.07826555       0.66083908  0.13697651  0.12391886
 2158     H   1.0  0.07128976       0.66083753  0.14100523  0.12686748
 2159     H   1.0  0.06524121       0.66955650  0.13926184  0.12594045
 2160     H   1.0  0.06811047       0.66311342  0.13909367  0.12968245
 2161     H   1.0  0.06860798       0.66743279  0.13733475  0.12662449
 2162     H   1.0  0.05996021       0.66999829  0.14008413  0.12995737
 2163     H   1.0 -0.02129059       0.56733030  0.13723153  0.31672876
 2164     H   1.0  0.08706222       0.65258664  0.14104524  0.11930590
 2165     H   1.0  0.08798089       0.65795630  0.13912086  0.11494194
 2166     H   1.0  0.14736297       0.56554806  0.11708481  0.17000416
 2167     H   1.0  0.09453409       0.65266639  0.14170049  0.11109903
 2168     H   1.0  0.07135467       0.67563599  0.13654219  0.11646715
 2169     H   1.0  0.08702344       0.66281599  0.13750330  0.11265727
 2170     H   1.0  0.15388725       0.52392966  0.09618511  0.22599798
 2171     H   1.0  0.14684694       0.56343782  0.11810018  0.17161506
 2172     H   1.0  0.10635037       0.64107680  0.13729040  0.11528242
 2173     H   1.0  0.09134172       0.66092199  0.13391060  0.11382569
 2174     H   1.0  0.08301794       0.66731822  0.13229367  0.11737017
 2175     H   1.0  0.15262668       0.52364039  0.09741457  0.22631836
 2176     H   1.0  0.09534689       0.56518739  0.12243353  0.21703218
 2177     H   1.0  0.09768340       0.64664328  0.14289990  0.11277342
 2178     H   1.0  0.08397087       0.65710896  0.13825242  0.12066775
 2179     H   1.0  0.07416778       0.66489899  0.14175937  0.11917386
 2180     H   1.0  0.09064602       0.64737982  0.13908182  0.12289235
 2181     H   1.0  0.08074830       0.66085994  0.13926545  0.11912630
 2182     H   1.0  0.12521728       0.56829834  0.12324636  0.18323801
 2183     H   1.0  0.08668083       0.65955722  0.14338040  0.11038155
 2184     H   1.0  0.06390396       0.66203833  0.13663729  0.13742043
 2185     H   1.0  0.07824413       0.65920442  0.14226446  0.12028699
 2186     H   1.0  0.08102929       0.65784317  0.14301409  0.11811345
 2187     H   1.0  0.06905674       0.66404235  0.13853694  0.12836396
 2188     H   1.0  0.07022116       0.66324180  0.14080782  0.12572921
 2189     H   1.0  0.07291546       0.66418201  0.14009736  0.12280516
 2190     H   1.0  0.08052848       0.66060245  0.13516742  0.12370165
 2191     H   1.0  0.06506519       0.66603929  0.13105507  0.13784045
 2192     H   1.0  0.07547410       0.66193956  0.13720985  0.12537649
 2193     H   1.0  0.09146206       0.65427476  0.14273225  0.11153093
 2194     H   1.0  0.08646606       0.65296638  0.13698395  0.12358361
 2195     H   1.0  0.08560142       0.65910989  0.13605174  0.11923694
 2196     H   1.0  0.09051563       0.65506470  0.13547634  0.11894334
 2197     H   1.0  0.08943173       0.65186256  0.13324539  0.12546032
 2198     H   1.0  0.08204956       0.65949827  0.14014897  0.11830320
 2199     H   1.0  0.07617477       0.65184540  0.13535827  0.13662156
 2200     H   1.0  0.14538492       0.56600881  0.11740405  0.17120222
 2201     H   1.0  0.09698049       0.65318978  0.13310564  0.11672410
 2202     H   1.0  0.08904118       0.65878987  0.13806908  0.11409986
 2203     H   1.0  0.12223854       0.56808865  0.12511240  0.18456041
 2204     H   1.0  0.08606244       0.65808082  0.14593203  0.10992471
 2205     H   1.0  0.08551847       0.65772784  0.13585523  0.12089847
 2206     H   1.0  0.07566140       0.66319627  0.13686691  0.12427542
 2207     H   1.0  0.06889550       0.66587895  0.14259818  0.12262737
 2208     H   1.0  0.09898960       0.56690294  0.12602267  0.20808480
 2209     H   1.0  0.09203938       0.65346831  0.14723940  0.10725291
 2210     H   1.0  0.08250325       0.65782446  0.14280842  0.11686387
 2211     H   1.0  0.07734372       0.65932363  0.14319776  0.12013489
 2212     H   1.0  0.07159119       0.64989555  0.14746734  0.13104592
 2213     H   1.0  0.07417928       0.65050197  0.14654288  0.12877587
 2214     H   1.0  0.07868401       0.64659840  0.14784296  0.12687463
 2215     H   1.0  0.07497554       0.64869779  0.14769015  0.12863652
 2216     H   1.0  0.05862953       0.64989531  0.15443817  0.13703699
 2217     H   1.0  0.11395914       0.56631470  0.12479771  0.19492846
 2218     H   1.0  0.09050153       0.65403277  0.14528364  0.11018207
 2219     H   1.0  0.08198164       0.65871781  0.13697234  0.12232821
 2220     H   1.0  0.07028877       0.66407806  0.14417402  0.12145915
 2221     H   1.0  0.07681700       0.65731263  0.14306033  0.12281004
 2222     H   1.0  0.07704383       0.65812713  0.13675365  0.12807539
 2223     H   1.0  0.11573010       0.56492496  0.12508002  0.19426493
 2224     H   1.0  0.09562217       0.65237963  0.13985732  0.11214088
 2225     H   1.0  0.08674465       0.65577108  0.13331641  0.12416787
 2226     H   1.0  0.07403206       0.66466695  0.13440870  0.12689229
 2227     H   1.0  0.07077265       0.66208172  0.14225443  0.12489120
 2228     H   1.0  0.11325666       0.56563973  0.12760527  0.19349833
 2229     H   1.0  0.09533218       0.64986628  0.14251389  0.11228766
 2230     H   1.0  0.08021470       0.65966606  0.13774781  0.12237143
 2231     H   1.0  0.07912621       0.65864766  0.13830943  0.12391669
 2232     H   1.0  0.06558662       0.66722536  0.14143427  0.12575376
 2233     H   1.0  0.10732329       0.57016599  0.12216926  0.20034146
 2234     H   1.0  0.09757229       0.65295547  0.13395000  0.11552225
 2235     H   1.0  0.09754097       0.65290779  0.13016661  0.11938463
 2236     H   1.0  0.09994322       0.56687486  0.12303583  0.21014609
 2237     H   1.0  0.08368644       0.65910143  0.14362074  0.11359139
 2238     H   1.0  0.08733995       0.65527689  0.13786530  0.11951785
 2239     H   1.0  0.07979771       0.66074705  0.14223716  0.11721808
 2240     H   1.0  0.07280166       0.64936292  0.14850755  0.12932787
 2241     H   1.0  0.07258324       0.65022033  0.14532743  0.13186899
 2242     H   1.0  0.07740133       0.64710587  0.14741381  0.12807899
 2243     H   1.0  0.07630035       0.64872730  0.14444447  0.13052788
 2244     H   1.0  0.07657875       0.64928973  0.14264706  0.13148447
 2245     H   1.0  0.15143065       0.56497139  0.11535244  0.16824552
 2246     H   1.0  0.09049246       0.65761077  0.14063421  0.11126256
 2247     H   1.0  0.10508112       0.64861417  0.12857983  0.11772488
 2248     H   1.0  0.08926153       0.65803218  0.13263169  0.12007460
 2249     H   1.0  0.16583285       0.56311023  0.10986460  0.16119231
 2250     H   1.0  0.08697250       0.63053495  0.14247036  0.14002219
 2251     H   1.0  0.10095873       0.62692672  0.14019865  0.13191590
 2252     H   1.0  0.14610256       0.56464660  0.12018285  0.16906799
 2253     H   1.0  0.09755236       0.64848262  0.14066492  0.11330010
 2254     H   1.0  0.08072446       0.66399509  0.13451175  0.12076869
 2255     H   1.0  0.07761092       0.66217524  0.13847989  0.12173396
 2256     H   1.0  0.08081953       0.65918255  0.14163072  0.11836720
 2257     H   1.0  0.07913062       0.66247559  0.13464519  0.12374860
 2258     H   1.0  0.07562433       0.66249514  0.13719818  0.12468236
 2259     H   1.0  0.07429828       0.66723633  0.13499998  0.12346542
 2260     H   1.0  0.07554430       0.66555065  0.13410896  0.12479609
 2261     H   1.0  0.07836205       0.66458881  0.13284245  0.12420669
 2262     H   1.0  0.07321794       0.66642380  0.13418472  0.12617355
 2263     H   1.0  0.14780188       0.56638426  0.11766033  0.16815354
 2264     H   1.0  0.10272163       0.64381301  0.13675393  0.11671143
 2265     H   1.0  0.09097309       0.66008270  0.12810396  0.12084026
 2266     H   1.0  0.10092879       0.64869499  0.12749554  0.12288067
 2267     H   1.0  0.15412750       0.56960362  0.10236498  0.17390389
 2268     H   1.0  0.15667197       0.57050699  0.09875161  0.17406943
 2269     H   1.0  0.15059714       0.56715369  0.11118826  0.17106091
 2270     H   1.0  0.09504015       0.65613079  0.13844891  0.11038015
 2271     H   1.0  0.07600457       0.66531873  0.13602643  0.12265028
 2272     H   1.0  0.08762034       0.66100281  0.12643526  0.12494158
 2273     H   1.0  0.09781197       0.64994222  0.12476462  0.12748119
 2274     H   1.0  0.08478620       0.65966332  0.13388582  0.12166466
 2275     H   1.0  0.14517101       0.56388342  0.12018163  0.17076394
 2276     H   1.0  0.09214620       0.65354842  0.14421439  0.11009099
 2277     H   1.0  0.09024053       0.65931159  0.13282201  0.11762588
 2278     H   1.0  0.09938909       0.65259868  0.12930067  0.11871157
 2279     H   1.0  0.16783069       0.56196123  0.11028469  0.15992339
 2280     H   1.0  0.08949463       0.63091606  0.13823497  0.14135434
 2281     H   1.0  0.10446870       0.62665641  0.13730422  0.13157067
 2282     H   1.0  0.09124081       0.56481159  0.12535062  0.21859698
 2283     H   1.0  0.08750563       0.65617895  0.14151400  0.11480141
 2284     H   1.0  0.08851310       0.65584850  0.13501547  0.12062293
 2285     H   1.0  0.07096762       0.66590261  0.13984717  0.12328259
 2286     H   1.0  0.09473547       0.65385377  0.13240163  0.11900913
 2287     H   1.0  0.08144735       0.66551757  0.12605169  0.12698339
 2288     H   1.0  0.08430005       0.66258883  0.12776570  0.12534541
 2289     H   1.0  0.07402856       0.66516167  0.13080440  0.13000537
 2290     H   1.0  0.08247562       0.66375375  0.12702285  0.12674778
 2291     H   1.0  0.07424546       0.66564208  0.13527167  0.12484078
 2292     H   1.0  0.06542691       0.66495192  0.13093595  0.13868522
 2293     H   1.0  0.09653867       0.56700963  0.12370706  0.21274464
 2294     H   1.0  0.09322353       0.65517735  0.14327076  0.10832836
 2295     H   1.0  0.09376393       0.65272057  0.13339888  0.12011663
 2296     H   1.0  0.07723075       0.66541809  0.13892192  0.11842925
 2297     H   1.0  0.08322528       0.64455414  0.14458044  0.12764015
 2298     H   1.0  0.07600489       0.65032721  0.14311767  0.13055024
 2299     H   1.0  0.08085677       0.64284950  0.14672793  0.12956579
 2300     H   1.0  0.07559663       0.64373064  0.14626448  0.13440825
 2301     H   1.0  0.14002309       0.52218407  0.10727882  0.23051401
 2302     H   1.0  0.10854818       0.56692022  0.12392776  0.20060384
 2303     H   1.0  0.09602944       0.65142012  0.14208537  0.11046507
 2304     H   1.0  0.08106326       0.66540015  0.13721250  0.11632409
 2305     H   1.0  0.07590593       0.66810441  0.14126575  0.11472391
 2306     H   1.0  0.11769123       0.52578062  0.10031754  0.25621062
 2307     H   1.0  0.12917712       0.56680524  0.12432875  0.17968889
 2308     H   1.0  0.08574962       0.65995735  0.14303383  0.11125920
 2309     H   1.0  0.06529323       0.66889089  0.14164540  0.12417047
 2310     H   1.0  0.08225464       0.65926415  0.13485859  0.12362262
 2311     H   1.0  0.07749502       0.66531819  0.13273376  0.12445303
 2312     H   1.0  0.07873213       0.66014051  0.13933569  0.12179167
 2313     H   1.0  0.08364175       0.65887588  0.13311693  0.12436544
 2314     H   1.0  0.06584093       0.67335922  0.13225637  0.12854348
 2315     H   1.0  0.05599784       0.67547107  0.14018673  0.12834436
 2316     H   1.0  0.10948610       0.56688440  0.12588838  0.19774113
 2317     H   1.0  0.08453719       0.65725660  0.14849719  0.10970901
 2318     H   1.0  0.07615009       0.65964133  0.14367269  0.12053589
 2319     H   1.0  0.08014764       0.66079897  0.13684325  0.12221014
 2320     H   1.0  0.06022141       0.66718757  0.13829727  0.13429374
 2321     H   1.0  0.07807310       0.65945202  0.13955696  0.12291792
 2322     H   1.0  0.07400544       0.66268605  0.13907635  0.12423215
 2323     H   1.0  0.06435416       0.66726094  0.14456929  0.12381560
 2324     H   1.0  0.07943562       0.66197205  0.13349417  0.12509816
 2325     H   1.0  0.06668926       0.66837972  0.13882405  0.12610697
 2326     H   1.0  0.06501713       0.66877747  0.13952543  0.12667998
 2327     H   1.0  0.10050640       0.56635326  0.12415529  0.20898505
 2328     H   1.0  0.08353918       0.65586966  0.14406317  0.11652798
 2329     H   1.0  0.08060650       0.65942335  0.14062674  0.11934341
 2330     H   1.0  0.08192364       0.66097969  0.13385990  0.12323676
 2331     H   1.0  0.07252754       0.66432345  0.13637492  0.12677409
 2332     H   1.0  0.08371410       0.66100150  0.12902254  0.12626185
 2333     H   1.0  0.07831275       0.66199380  0.13272981  0.12696364
 2334     H   1.0  0.06962753       0.66832072  0.13635160  0.12570015
 2335     H   1.0  0.07412353       0.66055119  0.13157235  0.13375293
 2336     H   1.0  0.07067803       0.66604799  0.13633811  0.12693587
 2337     H   1.0  0.07178409       0.66464347  0.13720156  0.12637088
 2338     H   1.0  0.11364302       0.56624109  0.12383343  0.19628247
 2339     H   1.0  0.09300458       0.65426183  0.14261764  0.11011595
 2340     H   1.0  0.08519170       0.65953410  0.13483983  0.12043437
 2341     H   1.0  0.07451109       0.66270661  0.14154108  0.12124122
 2342     H   1.0  0.08271850       0.66045851  0.13484037  0.12198263
 2343     H   1.0  0.08770485       0.65974128  0.12971066  0.12284321
 2344     H   1.0  0.09380023       0.66242135  0.12494940  0.11882902
 2345     H   1.0  0.08988065       0.66462296  0.12747556  0.11802083
 2346     H   1.0  0.15875599       0.56173861  0.10442404  0.17508135
 2347     H   1.0  0.16009718       0.56247187  0.09951236  0.17791859
 2348     H   1.0  0.14594259       0.56456739  0.10068372  0.18880630
 2349     H   1.0  0.15997661       0.56147474  0.10070758  0.17784108
 2350     H   1.0  0.15665392       0.56452394  0.10035022  0.17847192
 2351     H   1.0  0.12134870       0.56694639  0.12462292  0.18708199
 2352     H   1.0  0.09129679       0.65600747  0.14113697  0.11155876
 2353     H   1.0  0.08130489       0.65895146  0.13908507  0.12065858
 2354     H   1.0  0.08098809       0.66223210  0.13400544  0.12277437
 2355     H   1.0  0.07287382       0.66310227  0.14190844  0.12211547
 2356     H   1.0  0.08556920       0.65674645  0.13574739  0.12193697
 2357     H   1.0  0.09263419       0.66116035  0.13065915  0.11554631
 2358     H   1.0  0.07795395       0.66910654  0.13578245  0.11715706
 2359     H   1.0  0.15613110       0.56285918  0.10424501  0.17676470
 2360     H   1.0  0.16021431       0.56043708  0.10189401  0.17745460
 2361     H   1.0  0.09835034       0.56806177  0.10955074  0.22403716
 2362     H   1.0  0.16171077       0.56195790  0.09888990  0.17744144
 2363     H   1.0  0.15724624       0.56512964  0.09887943  0.17874470
 2364     H   1.0  0.06618826       0.56311709  0.12319621  0.24749843
 2365     H   1.0  0.09417832       0.64669228  0.14367658  0.11545283
 2366     H   1.0  0.08564703       0.65505677  0.14207223  0.11722397
 2367     H   1.0  0.07300840       0.66235965  0.13876958  0.12586236
 2368     H   1.0  0.07020776       0.64925408  0.15031573  0.13022242
 2369     H   1.0  0.07924890       0.64434373  0.14790297  0.12850440
 2370     H   1.0  0.07367994       0.64397436  0.14839487  0.13395083
 2371     H   1.0  0.08122328       0.64116460  0.14599217  0.13161995
 2372     H   1.0  0.16185636       0.52059925  0.09962160  0.21792279
 2373     H   1.0  0.11425797       0.56696135  0.12397561  0.19480507
 2374     H   1.0  0.08734785       0.65066087  0.14572829  0.11626299
 2375     H   1.0  0.07192696       0.66980255  0.14201507  0.11625542
 2376     H   1.0  0.07083709       0.66563010  0.14777499  0.11575781
 2377     H   1.0  0.13541263       0.52767593  0.10697634  0.22993510
 2378     H   1.0  0.02501700       0.55824399  0.12095316  0.29578585
 2379     H   1.0  0.10004634       0.64733577  0.13670644  0.11591145
 2380     H   1.0  0.09578751       0.64975226  0.13153224  0.12292799
 2381     H   1.0  0.09445474       0.65143371  0.12918788  0.12492367
 2382     H   1.0  0.14344202       0.56931502  0.11099020  0.17625277
 2383     H   1.0  0.08984574       0.65143734  0.13912512  0.11959179
 2384     H   1.0  0.09332340       0.65599078  0.13008368  0.12060214
 2385     H   1.0  0.08735671       0.66164815  0.12919021  0.12180493
 2386     H   1.0  0.09091315       0.65808678  0.12684782  0.12415225
 2387     H   1.0  0.09538617       0.65127409  0.12436946  0.12897028
 2388     H   1.0  0.13854558       0.56302404  0.11674786  0.18168252
 2389     H   1.0  0.10314621       0.65185976  0.12812544  0.11686859
 2390     H   1.0  0.10071357       0.65140462  0.12972939  0.11815242
 2391     H   1.0  0.06603181       0.56491905  0.11865648  0.25039265
 2392     H   1.0  0.09417532       0.65554398  0.13570803  0.11457266
 2393     H   1.0  0.10347113       0.64951998  0.13122743  0.11578145
 2394     H   1.0  0.03708396       0.56294000  0.12248761  0.27748843
 2395     H   1.0  0.08652078       0.65802127  0.14442813  0.11102982
 2396     H   1.0  0.10099022       0.64631402  0.13190690  0.12078886
 2397     H   1.0  0.06925446       0.66661173  0.13757890  0.12655490
 2398     H   1.0  0.14709435       0.57074869  0.10472168  0.17743529
 2399     H   1.0  0.14700228       0.57106149  0.10596948  0.17596675
 2400     H   1.0  0.11557085       0.56556755  0.12119997  0.19766163
 2401     H   1.0  0.07870673       0.66327924  0.14460106  0.11341298
 2402     H   1.0  0.06864927       0.66611576  0.14588612  0.11934884
 2403     H   1.0  0.06964139       0.66759145  0.13855164  0.12421552
 2404     H   1.0  0.05310503       0.67170554  0.14730875  0.12788067
 2405     H   1.0  0.06879663       0.66102642  0.14909551  0.12108144
 2406     H   1.0  0.07190945       0.66247344  0.14131442  0.12430270
 2407     H   1.0  0.04965033       0.67433417  0.13880594  0.13720956
 2408     H   1.0  0.05303787       0.67753750  0.14025348  0.12917115
 2409     H   1.0  0.07668120       0.56549102  0.11806206  0.23976573
 2410     H   1.0  0.08997467       0.65236551  0.14403045  0.11362937
 2411     H   1.0  0.09087897       0.65102327  0.13692108  0.12117668
 2412     H   1.0  0.08557909       0.64540839  0.13999234  0.12902017
 2413     H   1.0  0.10563183       0.56830412  0.12350832  0.20255573
 2414     H   1.0  0.08097711       0.66167188  0.14769362  0.10965740
 2415     H   1.0  0.07274148       0.66698641  0.14248425  0.11778787
 2416     H   1.0  0.07721495       0.65855175  0.14352439  0.12070891
 2417     H   1.0  0.07142326       0.65017593  0.14870268  0.12969813
 2418     H   1.0  0.07428254       0.64855665  0.14829811  0.12886270
 2419     H   1.0  0.07036854       0.64917064  0.14805676  0.13240406
 2420     H   1.0  0.07608033       0.64618891  0.14825319  0.12947756
 2421     H   1.0  0.07337973       0.64731258  0.14927807  0.13002962
 2422     H   1.0  0.12886896       0.56911367  0.12621693  0.17580043
 2423     H   1.0  0.09240533       0.65179831  0.14473763  0.11105873
 2424     H   1.0  0.09399467       0.64460015  0.14116435  0.12024083
 2425     H   1.0  0.09058064       0.65000403  0.14329325  0.11612208
 2426     H   1.0  0.10460600       0.57407653  0.13364443  0.18767304
 2427     H   1.0  0.08955373       0.65690124  0.14653148  0.10701356
 2428     H   1.0  0.09408023       0.64790493  0.14238414  0.11563070
 2429     H   1.0  0.08297412       0.64985543  0.14631131  0.12085913
 2430     H   1.0  0.07296231       0.59349829  0.15589903  0.17764037
 2431     H   1.0  0.08711397       0.58254761  0.13662937  0.19370905
 2432     H   1.0  0.10313534       0.56872714  0.12800249  0.20013503
 2433     H   1.0  0.05671937       0.66201669  0.16000721  0.12125674
 2434     H   1.0  0.07241099       0.66255021  0.14779547  0.11724333
 2435     H   1.0  0.07335807       0.66044724  0.14654817  0.11964653
 2436     H   1.0  0.07375001       0.64825255  0.15005423  0.12794321
 2437     H   1.0  0.06569124       0.64922738  0.15445660  0.13062477
 2438     H   1.0  0.06709988       0.64978760  0.15017430  0.13293821
 2439     H   1.0  0.07140181       0.64992392  0.14890011  0.12977416
 2440     H   1.0  0.07247162       0.64838952  0.14858976  0.13054910
 2441     H   1.0  0.10089669       0.56918883  0.12754996  0.20236451
 2442     H   1.0  0.08374356       0.65718287  0.14871110  0.11036247
 2443     H   1.0  0.07537518       0.66034597  0.14693096  0.11734788
 2444     H   1.0  0.06882268       0.66441888  0.14341210  0.12334635
 2445     H   1.0  0.06183816       0.66550827  0.14444986  0.12820370
 2446     H   1.0  0.07635744       0.66113997  0.13867289  0.12382971
 2447     H   1.0  0.06959757       0.66405922  0.14176294  0.12458027
 2448     H   1.0  0.06712318       0.66736233  0.14216562  0.12334887
 2449     H   1.0  0.07122201       0.66350901  0.13940245  0.12586653
 2450     H   1.0  0.06262972       0.67052472  0.14168632  0.12515924
 2451     H   1.0  0.06518875       0.66820472  0.14108650  0.12552002
 2452     H   1.0  0.11559232       0.56759608  0.12643404  0.19037756
 2453     H   1.0  0.08785254       0.65220559  0.14928131  0.11066057
 2454     H   1.0  0.06996518       0.67033285  0.14450753  0.11519445
 2455     H   1.0  0.08679155       0.65604883  0.14661919  0.11054043
 2456     H   1.0  0.08560354       0.52925342  0.11527433  0.26986870
 2457     H   1.0  0.10262619       0.56743401  0.12803352  0.20190628
 2458     H   1.0  0.08016886       0.65804011  0.15185496  0.10993607
 2459     H   1.0  0.05513916       0.67216778  0.14968973  0.12300333
 2460     H   1.0  0.07043749       0.65821117  0.14770927  0.12364208
 2461     H   1.0  0.02293580       0.59204221  0.18741556  0.19760644
 2462     H   1.0  0.11958769       0.56769776  0.12773141  0.18498314
 2463     H   1.0  0.08116023       0.66073340  0.14423500  0.11387137
 2464     H   1.0  0.07730545       0.65958369  0.14470510  0.11840576
 2465     H   1.0  0.07142917       0.66021466  0.14787005  0.12048612
 2466     H   1.0  0.07537584       0.65922201  0.14673433  0.11866783
 2467     H   1.0  0.07378610       0.66178447  0.13943142  0.12499801
 2468     H   1.0  0.07170299       0.66195059  0.14172709  0.12461933
 2469     H   1.0  0.06765721       0.66818142  0.14028062  0.12388076
 2470     H   1.0  0.07092477       0.66381228  0.13990967  0.12535328
 2471     H   1.0  0.06849957       0.66839421  0.13932966  0.12377656
 2472     H   1.0  0.06689322       0.66640133  0.13761045  0.12909500
 2473     H   1.0  0.11303237       0.56742585  0.12805130  0.19149049
 2474     H   1.0  0.08656344       0.65614754  0.14903216  0.10825686
 2475     H   1.0  0.07152369       0.66239983  0.14874254  0.11733394
 2476     H   1.0  0.07325394       0.66318828  0.13987011  0.12368768
 2477     H   1.0  0.06987426       0.66691357  0.13771728  0.12549489
 2478     H   1.0  0.07150377       0.66363466  0.14167765  0.12318392
 2479     H   1.0  0.06416150       0.66579139  0.14525551  0.12479160
 2480     H   1.0  0.06812047       0.66706884  0.14173268  0.12307801
 2481     H   1.0  0.05220223       0.66456074  0.14240606  0.14083098
 2482     H   1.0  0.11982578       0.56807500  0.12691757  0.18518165
 2483     H   1.0  0.08722431       0.65823120  0.14639941  0.10814508
 2484     H   1.0  0.07426924       0.66272831  0.14445323  0.11854923
 2485     H   1.0  0.08121313       0.65819931  0.14138521  0.11920235
 2486     H   1.0  0.07055605       0.66175812  0.13819674  0.12948909
 2487     H   1.0  0.07730852       0.66238648  0.14042401  0.11988099
 2488     H   1.0  0.09145923       0.65735728  0.13671918  0.11446431
 2489     H   1.0  0.07850312       0.66723692  0.14031152  0.11394843
 2490     H   1.0  0.15421088       0.56299263  0.10653035  0.17626614
 2491     H   1.0  0.04999989       0.55926263  0.11342034  0.27731714
 2492     H   1.0  0.14365873       0.55975735  0.11003097  0.18655295
 2493     H   1.0  0.10953606       0.56382644  0.10506006  0.22157744
 2494     H   1.0  0.15287435       0.56620878  0.10053778  0.18037910
 2495     H   1.0  0.08122288       0.56424975  0.12492085  0.22960652
 2496     H   1.0  0.08550567       0.65844989  0.14500494  0.11103950
 2497     H   1.0  0.07414855       0.66382957  0.14284258  0.11917931
 2498     H   1.0  0.07688589       0.65979367  0.14277349  0.12054694
 2499     H   1.0  0.07649172       0.66318500  0.14275977  0.11756351
 2500     H   1.0  0.07358848       0.66715842  0.13360643  0.12564667
 2501     H   1.0  0.07686627       0.66454941  0.13197997  0.12660435
 2502     H   1.0  0.07843864       0.66452873  0.13399492  0.12303771
 2503     H   1.0  0.07056320       0.66525352  0.13954572  0.12463755
 2504     H   1.0  0.07288672       0.66564554  0.13958205  0.12188569
 2505     H   1.0  0.07602748       0.66269696  0.13768174  0.12359383
 2506     H   1.0  0.08219522       0.56376553  0.12411904  0.22992022
 2507     H   1.0  0.08208956       0.66015851  0.14731878  0.11043314
 2508     H   1.0  0.07269504       0.66068381  0.14838473  0.11823642
 2509     H   1.0  0.07631830       0.65598047  0.14221159  0.12548965
 2510     H   1.0  0.12588120       0.56689584  0.12684268  0.18038028
 2511     H   1.0  0.08610169       0.65980405  0.14409028  0.11000398
 2512     H   1.0  0.08087535       0.65674460  0.13936007  0.12301998
 2513     H   1.0  0.07368409       0.66211158  0.13994449  0.12425983
 2514     H   1.0  0.06663426       0.66479051  0.14503774  0.12353749
 2515     H   1.0  0.09784525       0.56406325  0.12723304  0.21085846
 2516     H   1.0  0.06750325       0.66013664  0.15116251  0.12119760
 2517     H   1.0  0.08297011       0.65924400  0.13755585  0.12023004
 2518     H   1.0  0.08316801       0.65821058  0.13948984  0.11913157
 2519     H   1.0  0.07671456       0.66100544  0.13780755  0.12447246
 2520     H   1.0  0.06811069       0.66379946  0.14385088  0.12423897
 2521     H   1.0  0.07836584       0.65940511  0.13680097  0.12542807
 2522     H   1.0  0.05963861       0.67517191  0.13829440  0.12689508
 2523     H   1.0  0.06388644       0.67225897  0.13766243  0.12619216
 2524     H   1.0  0.11312458       0.56640822  0.12534015  0.19512706
 2525     H   1.0  0.09156485       0.65301859  0.14651646  0.10890010
 2526     H   1.0  0.08803083       0.65704405  0.13542187  0.11950325
 2527     H   1.0  0.08228395       0.65948397  0.14132577  0.11690631
 2528     H   1.0  0.07714714       0.65176880  0.13968359  0.13140046
 2529     H   1.0  0.07470660       0.64738774  0.14742427  0.13048139
 2530     H   1.0  0.08287008       0.64779365  0.13669865  0.13263762
 2531     H   1.0  0.07718251       0.64932722  0.14475223  0.12873803
 2532     H   1.0  0.08155825       0.64904314  0.13786578  0.13153283
 2533     H   1.0  0.11626291       0.56500256  0.12367174  0.19506279
 2534     H   1.0  0.08788663       0.65925354  0.14281252  0.11004731
 2535     H   1.0  0.08611565       0.65766376  0.13599333  0.12022725
 2536     H   1.0  0.07707861       0.66155332  0.14190528  0.11946279
 2537     H   1.0  0.07433531       0.66209340  0.14074327  0.12282802
 2538     H   1.0  0.08299740       0.66002530  0.13403957  0.12293774
 2539     H   1.0  0.08337300       0.66374815  0.13331485  0.11956401
 2540     H   1.0  0.08285532       0.66612142  0.13046865  0.12055460
 2541     H   1.0  0.11178913       0.56222677  0.12142207  0.20456203
 2542     H   1.0  0.15817333       0.56340289  0.09966815  0.17875563
 2543     H   1.0  0.13836386       0.56691134  0.10093696  0.19378785
 2544     H   1.0  0.14527832       0.56230164  0.11415994  0.17826011
 2545     H   1.0  0.14517162       0.56113255  0.11733399  0.17636184
 2546     H   1.0  0.11453155       0.56450570  0.12240300  0.19855976
 2547     H   1.0  0.09399503       0.65654331  0.13866974  0.11079191
 2548     H   1.0  0.08423645       0.66159725  0.13061248  0.12355382
 2549     H   1.0  0.08493679       0.65734035  0.13261400  0.12510886
 2550     H   1.0  0.07572984       0.66458255  0.13682733  0.12286028
 2551     H   1.0  0.13097448       0.56409043  0.12416767  0.18076742
 2552     H   1.0  0.09196131       0.65610230  0.14329928  0.10863711
 2553     H   1.0  0.08471592       0.65942138  0.13828389  0.11757881
 2554     H   1.0  0.09201143       0.65470725  0.13473409  0.11854722
 2555     H   1.0  0.08667588       0.64580595  0.13929881  0.12821935
 2556     H   1.0  0.08423771       0.64589959  0.14079484  0.12906785
 2557     H   1.0  0.08326336       0.64675003  0.13893677  0.13104984
 2558     H   1.0  0.08230426       0.64614230  0.14014676  0.13140667
 2559     H   1.0  0.07544063       0.65212703  0.13957021  0.13286214
 2560     H   1.0  0.11680566       0.56485081  0.12367429  0.19466924
 2561     H   1.0  0.09472534       0.65373665  0.14196873  0.10956928
 2562     H   1.0  0.08987121       0.65767670  0.13200170  0.12045039
 2563     H   1.0  0.07991340       0.66270900  0.13862512  0.11875248
 2564     H   1.0  0.07779924       0.66272372  0.13890645  0.12057059
 2565     H   1.0  0.08207391       0.66316158  0.13290668  0.12185784
 2566     H   1.0  0.08161507       0.66472530  0.13128005  0.12237957
 2567     H   1.0  0.08287336       0.66245800  0.13529652  0.11937211
 2568     H   1.0  0.08562436       0.66492277  0.13248345  0.11696941
 2569     H   1.0  0.08821341       0.66406727  0.12878352  0.11893579
 2570     H   1.0  0.18973360       0.58019072  0.09257503  0.13750065
 2571     H   1.0  0.18503333       0.58250260  0.09731929  0.13514478
 2572     H   1.0  0.18344186       0.58663023  0.09254065  0.13738726
 2573     H   1.0  0.10987543       0.56292647  0.12164433  0.20555378
 2574     H   1.0  0.09770225       0.65147263  0.13464031  0.11618482
 2575     H   1.0  0.08275937       0.66634357  0.13466956  0.11622750
 2576     H   1.0  0.09633941       0.65751296  0.13405971  0.11208791
 2577     H   1.0  0.13022216       0.52722692  0.10811761  0.23443330
 2578     H   1.0  0.12601680       0.56478119  0.12617645  0.18302556
 2579     H   1.0  0.09860638       0.64862549  0.13899255  0.11377558
 2580     H   1.0  0.08050261       0.66336960  0.13436365  0.12176414
 2581     H   1.0  0.07755464       0.66104382  0.14107467  0.12032686
 2582     H   1.0  0.08624746       0.65907490  0.13421361  0.12046403
 2583     H   1.0  0.08489547       0.66383368  0.12479892  0.12647193
 2584     H   1.0  0.07866397       0.66468382  0.12736765  0.12928456
 2585     H   1.0  0.07991224       0.66267717  0.13319807  0.12421252
 2586     H   1.0  0.07998503       0.66229826  0.13211794  0.12559877
 2587     H   1.0  0.08195367       0.66093475  0.13410395  0.12300763
 2588     H   1.0  0.07546366       0.66608262  0.13286243  0.12559129
 2589     H   1.0  0.11522919       0.56656915  0.12259358  0.19560808
 2590     H   1.0  0.09425801       0.64762491  0.14354266  0.11457442
 2591     H   1.0  0.07933037       0.65812868  0.14275001  0.11979094
 2592     H   1.0  0.09088960       0.64811093  0.13484919  0.12615028
 2593     H   1.0  0.15162666       0.56537849  0.11346140  0.16953346
 2594     H   1.0  0.09647264       0.65235728  0.13767673  0.11349335
 2595     H   1.0  0.08655298       0.66178268  0.12889078  0.12277356
 2596     H   1.0  0.08701086       0.66056645  0.12957400  0.12284869
 2597     H   1.0  0.08948894       0.66036522  0.12768111  0.12246473
 2598     H   1.0  0.08305825       0.66328347  0.13115671  0.12250157
 2599     H   1.0  0.09040930       0.65478730  0.12875168  0.12605172
 2600     H   1.0  0.08283748       0.66226244  0.13206063  0.12283944
 2601     H   1.0  0.09158693       0.66388994  0.12598899  0.11853413
 2602     H   1.0  0.09569222       0.66034758  0.12379104  0.12016916
 2603     H   1.0  0.18892952       0.58177698  0.09283576  0.13645774
 2604     H   1.0  0.19117067       0.58336389  0.08709902  0.13836641
 2605     H   1.0  0.17877677       0.58721483  0.09400918  0.13999923
 2606     H   1.0  0.15168315       0.56254458  0.11465081  0.17112146
 2607     H   1.0  0.10059800       0.64614940  0.13855684  0.11469576
 2608     H   1.0  0.09923723       0.64476651  0.13018613  0.12581013
 2609     H   1.0  0.08781132       0.65587544  0.13315339  0.12315984
 2610     H   1.0  0.12258117       0.56658006  0.11629999  0.19453878
 2611     H   1.0  0.09598666       0.65858048  0.12974739  0.11568546
 2612     H   1.0  0.10696416       0.64610171  0.12880804  0.11812609
 2613     H   1.0  0.10181957       0.56528527  0.12134416  0.21155101
 2614     H   1.0  0.10646767       0.64418900  0.13567662  0.11366671
 2615     H   1.0  0.10352457       0.65092617  0.13657036  0.10897890
 2616     H   1.0  0.09515020       0.52103895  0.10532901  0.27848185
 2617     H   1.0  0.08759521       0.66050369  0.12354479  0.12835632
 2618     H   1.0  0.08809025       0.65896976  0.12455349  0.12838650
 2619     H   1.0  0.07581732       0.66793746  0.13031122  0.12593400
 2620     H   1.0  0.12615706       0.56528103  0.11733720  0.19122470
 2621     H   1.0  0.10119482       0.65198088  0.12966114  0.11716316
 2622     H   1.0  0.10848865       0.64815158  0.12620875  0.11715102
 2623     H   1.0  0.13315341       0.56666857  0.11862288  0.18155514
 2624     H   1.0  0.09490091       0.65473688  0.13935903  0.11100319
 2625     H   1.0  0.09286019       0.65628791  0.13107786  0.11977405
 2626     H   1.0  0.08565414       0.66159785  0.13249454  0.12025348
 2627     H   1.0  0.08828014       0.66074675  0.13081619  0.12015691
 2628     H   1.0  0.09567222       0.65166712  0.13194126  0.12071940
 2629     H   1.0  0.15610650       0.56969100  0.09860915  0.17559335
 2630     H   1.0  0.15829874       0.56993312  0.09794308  0.17382506
 2631     H   1.0  0.15322404       0.56294811  0.11613384  0.16769401
 2632     H   1.0  0.10229720       0.64607680  0.13835953  0.11326647
 2633     H   1.0  0.08942484       0.65470558  0.13858667  0.11728291
 2634     H   1.0  0.07976363       0.66218573  0.13318673  0.12486391
 2635     H   1.0  0.07529610       0.66903239  0.13376828  0.12190323
 2636     H   1.0  0.07609955       0.65961790  0.13724570  0.12703685
 2637     H   1.0  0.07198248       0.66389108  0.13755545  0.12657099
 2638     H   1.0  0.07140645       0.66441971  0.13805304  0.12612079
 2639     H   1.0  0.08814372       0.65975928  0.12593621  0.12616078
 2640     H   1.0  0.07749875       0.66783333  0.12967359  0.12499434
 2641     H   1.0  0.07296985       0.66826969  0.13243446  0.12632600
 2642     H   1.0  0.16085218       0.56096804  0.11259246  0.16558732
 2643     H   1.0  0.09371879       0.65538388  0.13912931  0.11176801
 2644     H   1.0  0.08347939       0.66098869  0.13409734  0.12143458
 2645     H   1.0  0.08817083       0.65844393  0.13088132  0.12250391
 2646     H   1.0  0.08652621       0.66360283  0.12915576  0.12071520
 2647     H   1.0  0.09793383       0.65064085  0.12861568  0.12280965
 2648     H   1.0  0.15533108       0.56995726  0.09864469  0.17606698
 2649     H   1.0  0.15789792       0.57079482  0.09670549  0.17460177
 2650     H   1.0  0.15188885       0.56463027  0.11399098  0.16948991
 2651     H   1.0  0.09135516       0.65120542  0.14031701  0.11712241
 2652     H   1.0  0.08510653       0.65796673  0.13603601  0.12089073
 2653     H   1.0  0.08451262       0.65920788  0.13086672  0.12541278
 2654     H   1.0  0.08227228       0.65826488  0.13290121  0.12656164
 2655     H   1.0  0.07519719       0.66483486  0.13447699  0.12549097
 2656     H   1.0  0.08106454       0.66330504  0.13029680  0.12533362
 2657     H   1.0  0.08046959       0.66587347  0.12866847  0.12498847
 2658     H   1.0  0.07730358       0.66157383  0.13333206  0.12779053
 2659     H   1.0  0.09636071       0.56401950  0.11838946  0.22123032
 2660     H   1.0  0.10579671       0.64548159  0.13397501  0.11474669
 2661     H   1.0  0.09150884       0.66163677  0.12616815  0.12068625
 2662     H   1.0  0.10241983       0.64957464  0.12680583  0.12119970
 2663     H   1.0  0.15366286       0.56784207  0.10525796  0.17323712
 2664     H   1.0  0.15445055       0.56966543  0.10177882  0.17410520
 2665     H   1.0  0.15280537       0.56653231  0.11104097  0.16962134
 2666     H   1.0  0.09717448       0.65511078  0.13453107  0.11318368
 2667     H   1.0  0.09306044       0.65545768  0.13211656  0.11936533
 2668     H   1.0  0.08103070       0.66397732  0.13372630  0.12126567
 2669     H   1.0  0.09097827       0.66100371  0.12584950  0.12216852
 2670     H   1.0  0.08756717       0.66433448  0.12180459  0.12629376
 2671     H   1.0  0.08357951       0.66264516  0.12675706  0.12701827
 2672     H   1.0  0.07877942       0.66552490  0.12983701  0.12585867
 2673     H   1.0  0.08935345       0.65981364  0.12481098  0.12602193
 2674     H   1.0  0.07949793       0.66580492  0.12944163  0.12525551
 2675     H   1.0  0.08656691       0.66532665  0.12312954  0.12497690
 2676     H   1.0  0.13535413       0.56578487  0.12280660  0.17605440
 2677     H   1.0  0.09851095       0.65359169  0.13900740  0.10888995
 2678     H   1.0  0.09290612       0.65644455  0.12704270  0.12360663
 2679     H   1.0  0.08105426       0.66103852  0.13587077  0.12203646
 2680     H   1.0  0.09026604       0.65851486  0.12946786  0.12175124
 2681     H   1.0  0.09789735       0.65069449  0.12793685  0.12347130
 2682     H   1.0  0.15701365       0.56939304  0.09783964  0.17575367
 2683     H   1.0  0.15024507       0.57026672  0.09615877  0.18332944
 2684     H   1.0  0.11155408       0.56696558  0.12333821  0.19814214
 2685     H   1.0  0.09861274       0.65195632  0.13997462  0.10945631
 2686     H   1.0  0.09579095       0.65254813  0.13241304  0.11924787
 2687     H   1.0  0.07222162       0.66732681  0.13905990  0.12139167
 2688     H   1.0  0.07511498       0.65999264  0.13456935  0.13032304
 2689     H   1.0  0.08390666       0.66156238  0.13309398  0.12143698
 2690     H   1.0  0.10173713       0.56669056  0.12126554  0.21030677
 2691     H   1.0  0.09158144       0.65512061  0.14299102  0.11030693
 2692     H   1.0  0.07699491       0.66440141  0.13857305  0.12003063
 2693     H   1.0  0.08695282       0.65847349  0.13335888  0.12121480
 2694     H   1.0  0.08538916       0.63677311  0.14218001  0.13565772
 2695     H   1.0  0.16196246       0.56011170  0.10511347  0.17281237
 2696     H   1.0  0.08504249       0.64664775  0.13756484  0.13074492
 2697     H   1.0  0.08857936       0.64246207  0.13572632  0.13323224
 2698     H   1.0  0.08804362       0.64407730  0.13420543  0.13367365
 2699     H   1.0  0.09118846       0.64359415  0.13334273  0.13187466
 2700     H   1.0  0.11069451       0.56723106  0.12240575  0.19966868
 2701     H   1.0  0.08901240       0.65810329  0.13982420  0.11306012
 2702     H   1.0  0.09203345       0.65630269  0.13250071  0.11916315
 2703     H   1.0  0.08225702       0.66125011  0.13533434  0.12115853
 2704     H   1.0  0.07399667       0.66317523  0.14061555  0.12221255
 2705     H   1.0  0.08414280       0.66288334  0.12597327  0.12700059
 2706     H   1.0  0.08457030       0.66162795  0.12725446  0.12654729
 2707     H   1.0  0.08451815       0.66568273  0.12533107  0.12446804
 2708     H   1.0  0.08199408       0.66447139  0.12639391  0.12714062
 2709     H   1.0  0.08305588       0.66455114  0.12794220  0.12445077
 2710     H   1.0  0.08007088       0.66181237  0.12923598  0.12888077
 2711     H   1.0  0.12465280       0.56718624  0.12238362  0.18577734
 2712     H   1.0  0.09479502       0.65215194  0.14228077  0.11077226
 2713     H   1.0  0.07530726       0.66328514  0.13825108  0.12315652
 2714     H   1.0  0.07738832       0.66508096  0.13219158  0.12533914
 2715     H   1.0  0.09066662       0.65554982  0.13542216  0.11836140
 2716     H   1.0  0.10232028       0.64747334  0.12570523  0.12450116
 2717     H   1.0  0.15281824       0.56830817  0.10202859  0.17684500
 2718     H   1.0  0.14436683       0.57331657  0.10084589  0.18147071
 2719     H   1.0  0.09646592       0.56698954  0.12409738  0.21244717
 2720     H   1.0  0.09478265       0.65393305  0.14203987  0.10924444
 2721     H   1.0  0.09179348       0.65472662  0.13540114  0.11807875
 2722     H   1.0  0.07488532       0.66314244  0.14071994  0.12125231
 2723     H   1.0  0.08129714       0.66028810  0.13904299  0.11937178
 2724     H   1.0  0.08086531       0.66341871  0.13030405  0.12541192
 2725     H   1.0  0.07719473       0.66385579  0.13352188  0.12542760
 2726     H   1.0  0.08309364       0.66142839  0.13171616  0.12376181
 2727     H   1.0  0.08192506       0.66282135  0.12906092  0.12619267
 2728     H   1.0  0.07922993       0.66456044  0.13307503  0.12313461
 2729     H   1.0  0.08312150       0.66270441  0.12773898  0.12643511
 2730     H   1.0  0.09732689       0.56811762  0.12400301  0.21055249
 2731     H   1.0  0.10507551       0.64397883  0.14073940  0.11020626
 2732     H   1.0  0.09895729       0.65290362  0.13934635  0.10879275
 2733     H   1.0  0.11472848       0.52492970  0.10892931  0.25141250
 2734     H   1.0  0.07687375       0.66424650  0.13025033  0.12862941
 2735     H   1.0  0.09148562       0.65653592  0.12691520  0.12506326
 2736     H   1.0  0.07488711       0.66302097  0.13655335  0.12553858
 2737     H   1.0  0.10447189       0.56589520  0.12368883  0.20594408
 2738     H   1.0  0.07956034       0.65366346  0.14914921  0.11762699
 2739     H   1.0  0.08579795       0.66101789  0.13259488  0.12058927
 2740     H   1.0  0.07972395       0.65875292  0.13568768  0.12583545
 2741     H   1.0  0.07709898       0.66239250  0.13521107  0.12529745
 2742     H   1.0  0.07545832       0.65954149  0.14274517  0.12225503
 2743     H   1.0  0.08552184       0.66264492  0.12500528  0.12682796
 2744     H   1.0  0.06941898       0.67490399  0.12613972  0.12953732
 2745     H   1.0  0.07177956       0.67334688  0.12632485  0.12854872
 2746     H   1.0  0.13768263       0.56532109  0.11986670  0.17712958
 2747     H   1.0  0.08768926       0.65781331  0.14095366  0.11354377
 2748     H   1.0  0.07872953       0.65774810  0.14394964  0.11957273
 2749     H   1.0  0.08198150       0.65661579  0.13810048  0.12330223
 2750     H   1.0  0.08386732       0.64338529  0.14408073  0.12866666
 2751     H   1.0  0.08169614       0.64858127  0.13846126  0.13126133
 2752     H   1.0  0.07879534       0.64404583  0.14577493  0.13138390
 2753     H   1.0  0.08157799       0.64388835  0.14013976  0.13439390
 2754     H   1.0  0.05871148       0.51848716  0.10619387  0.31660750
 2755     H   1.0  0.11137135       0.56764281  0.12260671  0.19837913
 2756     H   1.0  0.09521673       0.64337373  0.14540002  0.11600952
 2757     H   1.0  0.06934165       0.66735548  0.14550322  0.11779965
 2758     H   1.0  0.08170786       0.65850055  0.13903016  0.12076143
 2759     H   1.0  0.13054201       0.52398384  0.10900736  0.23646680
 2760     H   1.0  0.22568078       0.46546718  0.10380151  0.20505052
 2761     H   1.0  0.11385102       0.49065328  0.12408365  0.27141205
 2762     H   1.0  0.10138410       0.47555077  0.10646112  0.31660400
 2763     H   1.0  0.22981037       0.49142206  0.10917783  0.16958975
 2764     H   1.0 -0.07383447       0.52392411  0.18035947  0.36955089
 2765     H   1.0  0.12727477       0.48335621  0.12023096  0.26913806
 2766     H   1.0  0.21684743       0.49563536  0.12000854  0.16750867
 2767     H   1.0  0.22450360       0.49510691  0.11324526  0.16714423
 2768     H   1.0  0.22208661       0.49686834  0.10758379  0.17346126
 2769     H   1.0  0.19666139       0.50798595  0.12052036  0.17483230
 2770     H   1.0  0.21550059       0.50075179  0.11179814  0.17194947
 2771     H   1.0  0.22050660       0.49706241  0.11392229  0.16850870
 2772     H   1.0  0.22655791       0.49306232  0.11006507  0.17031470
 2773     H   1.0  0.23748837       0.48621807  0.11287760  0.16341597
 2774     H   1.0  0.23290378       0.49521306  0.10213918  0.16974397
 2775     H   1.0  0.22722632       0.49867842  0.10564469  0.16845058
 2776     H   1.0  0.23607394       0.49415597  0.10228174  0.16748834
 2777     H   1.0  0.22074969       0.50084758  0.10976127  0.16864146
 2778     H   1.0  0.21819835       0.49905714  0.10819671  0.17454780
 2779     H   1.0  0.21981680       0.50145680  0.10675703  0.17196938
 2780     H   1.0  0.22368526       0.50119829  0.10595545  0.16916099
 2781     H   1.0  0.21988114       0.50133681  0.10489486  0.17388719
 2782     H   1.0  0.16489119       0.56288075  0.11129104  0.16093702
 largest Wiberg (=(PS)*(SP)) bond orders for each atom
           total WBO             WBO to atom > 0.05 ...
     1  N    3.33317683    C    2  0.92401632    H 1411  0.81287205    H 1412  0.80450032    H 1413  0.80273002
     2  C    3.82113496    C    5  1.02821158    C    3  0.98991456    N    1  0.92401632    H 1414  0.89070021
     3  C    3.97309623    O    4  1.61260066    N   10  1.39124295    C    2  0.98991456
     4  O    1.72284162    C    3  1.61260066    N   10  0.08841866
     5  C    3.81787883    C    6  1.03987461    C    2  1.02821158    H 1416  0.88504428    H 1415  0.88147587
     6  C    3.79685575    C    5  1.03987461    C    7  0.97230604    H 1418  0.89582213    H 1417  0.87059525
     7  C    3.97449497    O    9  1.53869572    O    8  1.48470836    C    6  0.97230604
     8  O    1.60086554    C    7  1.48470836    O    9  0.11550447
     9  O    1.68657436    C    7  1.53869572    O    8  0.11550447
    10  N    3.19791576    C    3  1.39124295    C   11  0.95854988    H 1419  0.84132748    O    4  0.08841866
    11  C    3.88438400    C   14  1.01527644    C   12  0.97836612    N   10  0.95854988    H 1420  0.87864653
    12  C    3.96440343    O   13  1.60494014    N   19  1.38238530    C   11  0.97836612
    13  O    1.72831771    C   12  1.60494014    N   19  0.08618465
    14  C    3.82395142    C   15  1.04034465    C   11  1.01527644    H 1422  0.89755213    H 1421  0.87695158
    15  C    3.81259076    C   14  1.04034465    C   16  0.96660079    H 1423  0.89389609    H 1424  0.88113721
    16  C    3.98022412    O   18  1.51399560    O   17  1.51004495    C   15  0.96660079
    17  O    1.68420521    C   16  1.51004495    O   18  0.12106883
    18  O    1.66946249    C   16  1.51399560    O   17  0.12106883
    19  N    3.18744730    C   12  1.38238530    C   20  0.96543041    H 1425  0.85424126    O   13  0.08618465
    20  C    3.87180144    C   23  0.98213748    C   21  0.98180970    N   19  0.96543041    H 1426  0.87733888
    21  C    3.97042632    O   22  1.61929042    N   26  1.38219590    C   20  0.98180970
    22  O    1.74032272    C   21  1.61929042    N   26  0.08576090
    23  C    3.91766046    C   25  1.03456131    C   24  1.03001217    C   20  0.98213748    H 1427  0.89723943
    24  C    3.72212541    C   23  1.03001217    H 1428  0.89779697    H 1430  0.89744427    H 1429  0.89606858
    25  C    3.74253452    C   23  1.03456131    H 1433  0.90432120    H 1432  0.90275277    H 1431  0.89973659
    26  N    3.17041889    C   21  1.38219590    C   27  0.97730355    H 1434  0.85890331    O   22  0.08576090
    27  C    3.88665525    C   30  1.01614246    N   26  0.97730355    C   28  0.97583603    H 1435  0.87878374
    28  C    3.95823025    O   29  1.60490862    N   37  1.38635852    C   27  0.97583603
    29  O    1.71538479    C   28  1.60490862    N   37  0.08674603
    30  C    3.80192585    C   27  1.01614246    C   31  1.01457741    H 1437  0.89140083    H 1436  0.87404386
    31  C    3.81410661    C   32  1.04878002    C   30  1.01457741    H 1438  0.90079024    H 1439  0.88621223
    32  C    3.79855619    C   31  1.04878002    N   33  1.00038969    H 1441  0.92205803    H 1440  0.89056749
    33  N    3.14553541    C   34  1.35430924    C   32  1.00038969    H 1442  0.84536029
    34  C    4.12009811    N   35  1.38910600    N   36  1.37022940    N   33  1.35430924
    35  N    3.03128632    C   34  1.38910600    H 1444  0.83257208    H 1443  0.83051478
    36  N    3.06451639    C   34  1.37022940    H 1445  0.83492363    H 1446  0.83427263
    37  N    3.18442580    C   28  1.38635852    C   38  0.96654858    H 1447  0.84554559    O   29  0.08674603
    38  C    3.89631455    C   41  1.01635020    C   39  0.98279599    N   37  0.96654858    H 1448  0.89167225
    39  C    3.96039955    O   40  1.58865353    N   46  1.39476838    C   38  0.98279599
    40  O    1.70451080    C   39  1.58865353    N   46  0.08663361
    41  C    3.81067193    C   42  1.02175938    C   38  1.01635020    H 1450  0.88581789    H 1449  0.88341086
    42  C    3.80756526    C   41  1.02175938    C   43  1.00635903    H 1452  0.90562529    H 1451  0.87059659
    43  C    3.97893898    O   44  1.58873590    N   45  1.40457939    C   42  1.00635903
    44  O    1.72673800    C   43  1.58873590    N   45  0.09613619
    45  N    3.15841649    C   43  1.40457939    H 1454  0.83148691    H 1453  0.82864386    O   44  0.09613619
    46  N    3.18973596    C   39  1.39476838    C   47  0.95088012    H 1455  0.85790674    O   40  0.08663361
    47  C    3.86444039    C   50  1.00184368    C   48  0.97952720    N   46  0.95088012    H 1456  0.89293277
    48  C    3.96344254    O   49  1.61144880    N   57  1.38385740    C   47  0.97952720
    49  O    1.72703098    C   48  1.61144880    N   57  0.08559962
    50  C    3.83712689    C   51  1.01022699    C   47  1.00184368    H 1457  0.90541206    H 1458  0.88303273
    51  C    3.89829069    C   53  1.38953328    C   52  1.38542044    C   50  1.01022699    C   56  0.05363543
    52  C    3.84047907    C   54  1.41378319    C   51  1.38542044    H 1459  0.90928489    C   55  0.05777184
    53  C    3.84288191    C   55  1.41477165    C   51  1.38953328    H 1460  0.91419388    C   54  0.05703621
    54  C    3.82427900    C   52  1.41378319    C   56  1.40366507    H 1461  0.91053986    C   53  0.05703621
    55  C    3.82767721    C   53  1.41477165    C   56  1.40996852    H 1462  0.91867718    C   52  0.05777184
    56  C    3.81496513    C   55  1.40996852    C   54  1.40366507    H 1463  0.91532608    C   51  0.05363543
    57  N    3.18229604    C   48  1.38385740    C   58  0.96250980    H 1464  0.86381159    O   49  0.08559962
    58  C    3.86603466    C   61  1.01687372    C   59  0.97613582    N   57  0.96250980    H 1465  0.88979497
    59  C    3.95238347    O   60  1.61166277    N   68  1.37532026    C   58  0.97613582
    60  O    1.73388589    C   59  1.61166277    N   68  0.08730674
    61  C    3.82472525    C   62  1.04660807    C   58  1.01687372    H 1466  0.90381392    H 1467  0.89866433
    62  C    3.81058288    C   61  1.04660807    C   63  1.03420572    H 1469  0.89382388    H 1468  0.88008170
    63  C    3.82215369    C   62  1.03420572    N   64  0.98840533    H 1470  0.90442780    H 1471  0.90034725
    64  N    3.14169905    C   65  1.35532235    C   63  0.98840533    H 1472  0.84852672
    65  C    4.10118893    N   66  1.37876512    N   67  1.36789158    N   64  1.35532235
    66  N    3.04801778    C   65  1.37876512    H 1473  0.83462108    H 1474  0.83234300
    67  N    3.04629099    C   65  1.36789158    H 1476  0.83613401    H 1475  0.83421486
    68  N    3.16841024    C   59  1.37532026    C   69  0.96472774    H 1477  0.85577623    O   60  0.08730674
    69  C    3.88133244    C   72  1.01245012    C   70  0.97542968    N   68  0.96472774    H 1478  0.89109432
    70  C    3.95161754    O   71  1.58059794    N   79  1.39311471    C   69  0.97542968
    71  O    1.69513579    C   70  1.58059794    N   79  0.08647191
    72  C    3.80970617    C   73  1.03241861    C   69  1.01245012    H 1480  0.89551477    H 1479  0.89492496
    73  C    3.79520080    C   72  1.03241861    C   74  1.02352203    H 1481  0.89269979    H 1482  0.88526870
    74  C    3.82621396    C   73  1.02352203    N   75  0.99896523    H 1484  0.92212844    H 1483  0.88904164
    75  N    3.15075877    C   76  1.36177402    C   74  0.99896523    H 1485  0.83970472
    76  C    4.12320120    N   78  1.37885521    N   77  1.37707304    N   75  1.36177402
    77  N    3.04944550    C   76  1.37707304    H 1487  0.84151619    H 1486  0.83537636
    78  N    3.06782038    C   76  1.37885521    H 1488  0.83791037    H 1489  0.82752893
    79  N    3.18430506    C   70  1.39311471    C   80  0.95057519    H 1490  0.85870628    O   71  0.08647191
    80  C    3.86758328    C   83  1.01329897    C   81  0.97228306    N   79  0.95057519    H 1491  0.89815508
    81  C    3.94807969    O   82  1.58888290    N   87  1.39680995    C   80  0.97228306
    82  O    1.68970952    C   81  1.58888290    N   87  0.08389971
    83  C    3.80870116    C   80  1.01329897    C   84  0.99952519    H 1492  0.89980031    H 1493  0.89680387
    84  C    3.89591258    C   85  1.01917562    C   86  1.01668245    C   83  0.99952519    H 1494  0.88704148
    85  C    3.73796341    C   84  1.01917562    H 1497  0.91906630    H 1496  0.90972357    H 1495  0.90039075
    86  C    3.72931867    C   84  1.01668245    H 1499  0.91550375    H 1500  0.89905163    H 1498  0.89756606
    87  N    3.19327200    C   81  1.39680995    C   88  0.95614393    H 1501  0.86072086    O   82  0.08389971
    88  C    3.86226156    C   91  1.00023027    C   89  0.98248942    N   87  0.95614393    H 1502  0.88801248
    89  C    3.95265495    O   90  1.58048398    N   98  1.38298251    C   88  0.98248942
    90  O    1.67829897    C   89  1.58048398    N   98  0.08150620
    91  C    3.82275585    C   92  1.01523580    C   88  1.00023027    H 1503  0.91154240    H 1504  0.88147497
    92  C    3.88547322    C   94  1.38960608    C   93  1.38113591    C   91  1.01523580    C   97  0.05404190
    93  C    3.81263628    C   95  1.41065778    C   92  1.38113591    H 1505  0.90856660    C   96  0.05780347
    94  C    3.84469311    C   96  1.41834976    C   92  1.38960608    H 1506  0.90970956    C   95  0.05766904
    95  C    3.80656696    C   93  1.41065778    C   97  1.40384679    H 1507  0.90897242    C   94  0.05766904
    96  C    3.84806573    C   94  1.41834976    C   97  1.41539674    H 1508  0.90728062    C   93  0.05780347
    97  C    3.82713260    C   96  1.41539674    C   95  1.40384679    H 1509  0.91825156    C   92  0.05404190
    98  N    3.17535789    C   89  1.38298251    C   99  0.96527967    H 1510  0.85842991    O   90  0.08150620
    99  C    3.88658411    C  102  1.02545305    C  100  0.98113470    N   98  0.96527967    H 1511  0.88657119
   100  C    3.97636761    O  101  1.60972384    N  103  1.38685609    C   99  0.98113470
   101  O    1.75525143    C  100  1.60972384    N  103  0.08609492
   102  C    3.73093848    C   99  1.02545305    H 1514  0.91341588    H 1512  0.90700404    H 1513  0.89833776
   103  N    3.19317634    C  100  1.38685609    C  104  0.96814169    H 1515  0.86090520    O  101  0.08609492
   104  C    3.88710491    C  107  1.00741821    C  105  0.97651192    N  103  0.96814169    H 1516  0.89333697
   105  C    3.97293738    O  106  1.60849334    N  112  1.39780937    C  104  0.97651192
   106  O    1.76363891    C  105  1.60849334    N  112  0.09014786
   107  C    3.81120019    C  108  1.02105322    C  104  1.00741821    H 1517  0.90114405    H 1518  0.88855799
   108  C    3.81048632    C  107  1.02105322    C  109  0.99598155    H 1520  0.91251584    H 1519  0.88058265
   109  C    3.96660720    O  110  1.58098110    N  111  1.40995029    C  108  0.99598155
   110  O    1.71245415    C  109  1.58098110    N  111  0.09664181
   111  N    3.15555057    C  109  1.40995029    H 1521  0.84365967    H 1522  0.84255372    O  110  0.09664181
   112  N    3.18880566    C  105  1.39780937    C  113  0.96100874    H 1523  0.85756839    O  106  0.09014786
   113  C    3.89263924    C  116  1.01510109    C  114  0.98260554    N  112  0.96100874    H 1524  0.90664901
   114  C    3.95178691    O  115  1.60022067    N  120  1.38098365    C  113  0.98260554
   115  O    1.76279496    C  114  1.60022067    N  120  0.08707955
   116  C    3.79853132    C  113  1.01510109    C  117  0.99892340    H 1526  0.89444543    H 1525  0.88861367
   117  C    3.89766831    C  119  1.02217694    C  118  1.01673519    C  116  0.99892340    H 1527  0.89700720
   118  C    3.71277913    C  117  1.01673519    H 1530  0.91400287    H 1528  0.91306719    H 1529  0.90267850
   119  C    3.73865358    C  117  1.02217694    H 1533  0.93714967    H 1532  0.91020048    H 1531  0.90731604
   120  N    3.16988068    C  114  1.38098365    C  121  0.96202775    H 1534  0.86264189    O  115  0.08707955
   121  C    3.88255926    C  124  1.02413383    C  122  0.98439074    N  120  0.96202775    H 1535  0.89297059
   122  C    3.89949278    N  125  1.43334346    O  123  1.42467878    C  121  0.98439074
   123  O    1.72046453    C  122  1.42467878    Ca1398  0.14802135    N  125  0.06506040
   124  C    3.70160437    C  121  1.02413383    H 1536  0.92141050    H 1538  0.91406087    H 1537  0.89605083
   125  N    3.24254943    C  122  1.43334346    C  126  0.98342769    H 1539  0.83136020    O  123  0.06506040
   126  C    3.80285296    C  127  1.00483210    N  125  0.98342769    H 1540  0.90886258    H 1541  0.87775753
   127  C    3.96788880    O  128  1.60414264    N  129  1.37077605    C  126  1.00483210
   128  O    1.73864551    C  127  1.60414264    N  129  0.08198115
   129  N    3.20797775    C  127  1.37077605    C  130  0.97762433    H 1542  0.86089065    O  128  0.08198115
   130  C    3.91987376    C  133  1.01855575    C  131  0.98694522    N  129  0.97762433    H 1543  0.88645288
   131  C    3.98073406    O  132  1.60713863    N  137  1.38786544    C  130  0.98694522
   132  O    1.75382136    C  131  1.60713863    N  137  0.08695753
   133  C    3.79106223    C  130  1.01855575    C  134  0.97489646    H 1545  0.89889939    H 1544  0.87172347
   134  C    3.98166381    O  135  1.52137746    O  136  1.50866585    C  133  0.97489646
   135  O    1.69642446    C  134  1.52137746    O  136  0.12159866
   136  O    1.65719610    C  134  1.50866585    O  135  0.12159866
   137  N    3.19177686    C  131  1.38786544    C  138  0.96780586    H 1546  0.84240928    O  132  0.08695753
   138  C    3.89008227    C  141  1.01071514    C  139  0.98179425    N  137  0.96780586    H 1547  0.87276999
   139  C    3.98777582    O  140  1.61910281    N  145  1.39467374    C  138  0.98179425
   140  O    1.77014508    C  139  1.61910281    N  145  0.08727567
   141  C    3.76617637    C  138  1.01071514    C  142  0.97970133    H 1548  0.87501733    H 1549  0.85651570
   142  C    3.87462165    O  143  1.46831830    O  144  1.38838225    C  141  0.97970133
   143  O    1.70610229    C  142  1.46831830    O  144  0.10131158    H 2761  0.09038417
   144  O    1.65939251    C  142  1.38838225    Ca1398  0.14297917    O  143  0.10131158
   145  N    3.19386487    C  139  1.39467374    C  146  0.97646437    H 1550  0.84982284    O  140  0.08727567
   146  C    3.87944123    C  149  1.01354562    C  147  0.97664745    N  145  0.97646437    H 1551  0.87228157
   147  C    3.95784726    O  148  1.61314405    N  153  1.38783591    C  146  0.97664745
   148  O    1.75055751    C  147  1.61314405    N  153  0.08545845
   149  C    3.81580687    C  146  1.01354562    C  150  0.99994584    H 1553  0.90480778    H 1552  0.89105053
   150  C    3.89326910    S  151  1.13027431    C  149  0.99994584    H 1554  0.88168779    H 1555  0.87686297
   151  S    2.24831700    C  150  1.13027431    C  152  1.09061206
   152  C    3.79816982    S  151  1.09061206    H 1556  0.89192487    H 1558  0.88604938    H 1557  0.88587820
   153  N    3.20926628    C  147  1.38783591    C  154  0.95517576    H 1559  0.87663627    O  148  0.08545845
   154  C    3.84995765    C  157  0.99761265    C  155  0.97801018    N  153  0.95517576    H 1560  0.89773004
   155  C    3.88127950    O  156  1.45989516    N  162  1.42676110    C  154  0.97801018
   156  O    1.66394382    C  155  1.45989516    Ca1398  0.08005587    N  162  0.07446254
   157  C    3.80806601    C  158  1.02795663    C  154  0.99761265    H 1562  0.90554644    H 1561  0.89727597
   158  C    3.80079177    C  157  1.02795663    C  159  0.96166076    H 1564  0.90417479    H 1563  0.88897946
   159  C    3.93910847    O  161  1.50382333    O  160  1.50271280    C  158  0.96166076
   160  O    1.63375304    C  159  1.50271280    O  161  0.11255665
   161  O    1.65878776    C  159  1.50382333    O  160  0.11255665
   162  N    3.21324656    C  155  1.42676110    C  163  0.94677579    H 1565  0.83670257    O  156  0.07446254
   163  C    3.87742911    C  164  0.97854390    C  166  0.97066310    N  162  0.94677579    H 1566  0.92982659
   164  C    3.93768379    O  165  1.60199739    N  169  1.37241014    C  163  0.97854390
   165  O    1.70022817    C  164  1.60199739    N  169  0.08295124
   166  C    3.85542348    C  168  1.01965764    C  167  1.01186594    C  163  0.97066310    H 1567  0.90118482
   167  C    3.71935589    C  166  1.01186594    H 1570  0.92370354    H 1569  0.91217667    H 1568  0.90205677
   168  C    3.72848805    C  166  1.01965764    H 1573  0.92039693    H 1572  0.91934377    H 1571  0.90412470
   169  N    3.19438786    C  164  1.37241014    C  170  0.95949986    H 1574  0.87311640    O  165  0.08295124
   170  C    3.85496775    C  173  1.00523252    C  171  0.97463163    N  169  0.95949986    H 1575  0.88682885
   171  C    3.94652130    O  172  1.60226945    N  175  1.37906875    C  170  0.97463163
   172  O    1.69325725    C  171  1.60226945    N  175  0.08210304
   173  C    3.74234375    C  170  1.00523252    O  174  0.97368140    H 1576  0.92550804    H 1577  0.89406907
   174  O    1.68693117    C  173  0.97368140    H 1578  0.74458147
   175  N    3.18385063    C  171  1.37906875    C  176  0.95138613    H 1579  0.85414486    O  172  0.08210304
   176  C    3.86031212    C  179  1.04003953    C  177  0.97208427    N  175  0.95138613    H 1580  0.89687858
   177  C    3.93532006    O  178  1.59845644    N  180  1.37212340    C  176  0.97208427
   178  O    1.70948771    C  177  1.59845644    N  180  0.08208629
   179  C    3.71456691    C  176  1.04003953    H 1583  0.92623840    H 1582  0.90798473    H 1581  0.90471774
   180  N    3.17985974    C  177  1.37212340    C  181  0.96548654    H 1584  0.85674645    O  178  0.08208629
   181  C    3.86689929    C  184  0.98960227    C  182  0.98015988    N  180  0.96548654    H 1585  0.89302614
   182  C    3.95873821    O  183  1.59681025    N  187  1.39727733    C  181  0.98015988
   183  O    1.71123161    C  182  1.59681025    N  187  0.08774995
   184  C    3.82689038    C  186  1.02547847    C  181  0.98960227    O  185  0.92587040    H 1586  0.89708593
   185  O    1.66808209    C  184  0.92587040    H 1587  0.72211852
   186  C    3.73485081    C  184  1.02547847    H 1588  0.90948381    H 1590  0.90456969    H 1589  0.90204507
   187  N    3.17972515    C  182  1.39727733    C  188  0.95662302    H 1591  0.85859242    O  183  0.08774995
   188  C    3.87321427    C  191  1.00701873    C  189  0.97316866    N  187  0.95662302    H 1592  0.89614279
   189  C    3.95701511    O  190  1.60495240    N  196  1.39052439    C  188  0.97316866
   190  O    1.74134970    C  189  1.60495240    N  196  0.08661552
   191  C    3.78814257    C  192  1.01961337    C  188  1.00701873    H 1594  0.91067466    H 1593  0.88760145
   192  C    3.77009571    C  191  1.01961337    C  193  0.98212128    H 1596  0.88902576    H 1595  0.88028259
   193  C    3.87388242    O  195  1.41766274    O  194  1.39307918    C  192  0.98212128    Ca1398  0.08531168
   194  O    1.70831228    C  193  1.39307918    Ca1398  0.17947388    O  195  0.11100100
   195  O    1.68062811    C  193  1.41766274    Ca1398  0.15851306    O  194  0.11100100
   196  N    3.18430538    C  189  1.39052439    C  197  0.95152949    H 1597  0.86834661    O  190  0.08661552
   197  C    3.85893520    C  200  1.00995600    C  198  0.97042376    N  196  0.95152949    H 1598  0.90722004
   198  C    3.92752075    O  199  1.58846906    N  204  1.38261561    C  197  0.97042376
   199  O    1.68922098    C  198  1.58846906    N  204  0.08334072
   200  C    3.80111465    C  197  1.00995600    C  201  0.99707090    H 1599  0.90914039    H 1600  0.89948983
   201  C    3.88293673    C  202  1.02179760    C  203  1.00758486    C  200  0.99707090    H 1601  0.90523272
   202  C    3.72992630    C  201  1.02179760    H 1603  0.91656250    H 1604  0.91575398    H 1602  0.91005934
   203  C    3.71793496    C  201  1.00758486    H 1606  0.91694747    H 1607  0.91342109    H 1605  0.90795928
   204  N    3.18267213    C  198  1.38261561    C  205  0.96322105    H 1608  0.86861638    O  199  0.08334072
   205  C    3.87785021    C  208  1.00137983    C  206  0.97828052    N  204  0.96322105    H 1609  0.90122048
   206  C    3.94305530    O  207  1.59107006    N  212  1.37633560    C  205  0.97828052
   207  O    1.70065467    C  206  1.59107006    N  212  0.08335042
   208  C    3.82015520    C  205  1.00137983    C  209  0.99922425    H 1610  0.91873363    H 1611  0.90815173
   209  C    3.86472908    S  210  1.08981422    C  208  0.99922425    H 1613  0.89674248    H 1612  0.89368285
   210  S    2.21902957    C  211  1.14616365    C  209  1.08981422
   211  C    3.84105498    S  210  1.14616365    H 1616  0.89176468    H 1614  0.88998660    H 1615  0.88443182
   212  N    3.18331351    C  206  1.37633560    C  213  0.97413766    H 1617  0.86325777    O  207  0.08335042
   213  C    3.90992678    C  216  1.00731815    C  214  0.98955768    N  212  0.97413766    H 1618  0.89896104
   214  C    3.95394005    O  215  1.57539352    N  220  1.39231852    C  213  0.98955768
   215  O    1.69569481    C  214  1.57539352    N  220  0.08723487
   216  C    3.78360404    C  213  1.00731815    C  217  1.00118071    H 1620  0.90270039    H 1619  0.87735928
   217  C    3.96371338    O  218  1.58192229    N  219  1.39534970    C  216  1.00118071
   218  O    1.71547337    C  217  1.58192229    N  219  0.09312865
   219  N    3.15695979    C  217  1.39534970    H 1621  0.84323202    H 1622  0.83684780    O  218  0.09312865
   220  N    3.19829531    C  214  1.39231852    C  221  0.96427058    H 1623  0.85341272    O  215  0.08723487
   221  C    3.87237142    C  222  0.97969190    N  220  0.96427058    C  224  0.96423767    H 1624  0.90989759
   222  C    3.93820610    O  223  1.57956464    N  228  1.40035795    C  221  0.97969190
   223  O    1.67565370    C  222  1.57956464    N  228  0.08359355
   224  C    3.88027525    C  226  1.03527892    C  225  1.00282647    C  221  0.96423767    H 1625  0.88940418
   225  C    3.81399389    C  227  1.04563093    C  224  1.00282647    H 1626  0.90199244    H 1627  0.90198747
   226  C    3.72562516    C  224  1.03527892    H 1629  0.91946548    H 1630  0.91700159    H 1628  0.90327205
   227  C    3.73996986    C  225  1.04563093    H 1632  0.91809762    H 1633  0.91493743    H 1631  0.90493211
   228  N    3.17477814    C  222  1.40035795    C  229  0.95333756    H 1634  0.86610665    O  223  0.08359355
   229  C    3.86683728    C  232  1.00680085    C  230  0.97530275    N  228  0.95333756    H 1635  0.90926138
   230  C    3.92589110    O  231  1.58186623    N  236  1.37572167    C  229  0.97530275
   231  O    1.68093861    C  230  1.58186623    N  236  0.08211031
   232  C    3.79894447    C  229  1.00680085    C  233  0.99468018    H 1637  0.90459021    H 1636  0.90350936
   233  C    3.89252396    C  234  1.01785501    C  235  1.01772821    C  232  0.99468018    H 1638  0.90287408
   234  C    3.72570574    C  233  1.01785501    H 1641  0.92165355    H 1640  0.91456571    H 1639  0.90951404
   235  C    3.73470725    C  233  1.01772821    H 1644  0.92122203    H 1643  0.91365627    H 1642  0.90897331
   236  N    3.17247144    C  230  1.37572167    C  237  0.96280727    H 1645  0.86637768    O  231  0.08211031
   237  C    3.88777172    C  240  1.00613288    C  238  0.98490379    N  236  0.96280727    H 1646  0.91032373
   238  C    3.96143506    O  239  1.59332048    N  244  1.39201962    C  237  0.98490379
   239  O    1.69432011    C  238  1.59332048    N  244  0.08275932
   240  C    3.79492867    C  237  1.00613288    C  241  1.00177482    H 1648  0.91199876    H 1647  0.87897695
   241  C    3.94000489    O  242  1.53286734    N  243  1.39955245    C  240  1.00177482
   242  O    1.66013452    C  241  1.53286734    N  243  0.08891090
   243  N    3.15074791    C  241  1.39955245    H 1650  0.85391532    H 1649  0.85090292    O  242  0.08891090
   244  N    3.18634347    C  238  1.39201962    C  245  0.96908061    H 1651  0.85514308    O  239  0.08275932
   245  C    3.88576167    C  248  1.00521803    C  246  0.98264107    N  244  0.96908061    H 1652  0.88572323
   246  C    3.95684247    O  247  1.57396136    N  253  1.40201558    C  245  0.98264107
   247  O    1.65196859    C  246  1.57396136    N  253  0.08186842
   248  C    3.80358361    C  249  1.03708904    C  245  1.00521803    H 1654  0.89761546    H 1653  0.89649099
   249  C    3.82268906    C  248  1.03708904    C  250  1.02064698    H 1655  0.90929804    H 1656  0.88506137
   250  C    3.83005715    C  251  1.05366212    C  249  1.02064698    H 1657  0.89851432    H 1658  0.89291161
   251  C    3.71989692    C  250  1.05366212    N  252  0.92778221    H 1660  0.90033376    H 1659  0.89682302
   252  N    3.37309350    C  251  0.92778221    H 1662  0.82853479    H 1663  0.81986673    H 1661  0.81028891
   253  N    3.19498734    C  246  1.40201558    C  254  0.97477856    H 1664  0.85557666    O  247  0.08186842
   254  C    3.88837318    C  255  0.98156334    N  253  0.97477856    C  257  0.96860247    H 1665  0.90535968
   255  C    3.94035359    O  256  1.59236496    N  260  1.39051184    C  254  0.98156334
   256  O    1.70925421    C  255  1.59236496    N  260  0.08602127
   257  C    3.87481220    C  259  1.02348602    C  258  1.01372830    C  254  0.96860247    H 1666  0.88785551
   258  C    3.74044002    C  257  1.01372830    H 1669  0.91376974    H 1668  0.90558628    H 1667  0.90195322
   259  C    3.73871503    C  257  1.02348602    H 1671  0.91707567    H 1672  0.91607542    H 1670  0.90173015
   260  N    3.16355707    C  255  1.39051184    C  261  0.95993641    H 1673  0.86344771    O  256  0.08602127
   261  C    3.87187098    C  262  0.98974459    C  264  0.96294180    N  260  0.95993641    H 1674  0.88631054
   262  C    3.95797942    O  263  1.58919012    N  267  1.38437536    C  261  0.98974459
   263  O    1.72865095    C  262  1.58919012    N  267  0.07917261
   264  C    3.89221406    C  266  1.03816889    C  265  1.02772160    C  261  0.96294180    H 1675  0.88437028
   265  C    3.72434719    C  264  1.02772160    H 1678  0.92265106    H 1676  0.92246754    H 1677  0.91066025
   266  C    3.74674623    C  264  1.03816889    H 1680  0.93649762    H 1681  0.92150574    H 1679  0.90338039
   267  N    3.16629233    C  262  1.38437536    C  268  0.97025666    H 1682  0.85544663    O  263  0.07917261
   268  C    3.87188687    C  269  0.98500775    N  267  0.97025666    C  271  0.96718832    H 1683  0.88204664
   269  C    3.98258331    O  270  1.61022831    N  274  1.39891775    C  268  0.98500775
   270  O    1.74543441    C  269  1.61022831    N  274  0.08654976
   271  C    3.81664924    C  273  1.02138024    C  268  0.96718832    O  272  0.93570975    H 1684  0.89361322
   272  O    1.66596832    C  271  0.93570975    H 1685  0.71009887
   273  C    3.73659007    C  271  1.02138024    H 1688  0.90820334    H 1686  0.90394161    H 1687  0.89813591
   274  N    3.17128242    C  269  1.39891775    C  275  0.96718619    H 1689  0.84051732    O  270  0.08654976
   275  C    3.88819377    C  278  1.01254539    C  276  0.96969568    N  274  0.96718619    H 1690  0.87831266
   276  C    3.96455432    O  277  1.59228979    N  285  1.40082846    C  275  0.96969568
   277  O    1.74170759    C  276  1.59228979    N  285  0.08792547
   278  C    3.81236368    C  279  1.03185767    C  275  1.01254539    H 1692  0.89127331    H 1691  0.89047183
   279  C    3.82247330    C  280  1.04021684    C  278  1.03185767    H 1693  0.91124177    H 1694  0.89803486
   280  C    3.81753569    C  279  1.04021684    N  281  0.98466131    H 1695  0.90020918    H 1696  0.89212549
   281  N    3.16368135    C  282  1.34848513    C  280  0.98466131    H 1697  0.84388053
   282  C    4.11811051    N  283  1.40212761    N  284  1.36575200    N  281  1.34848513
   283  N    3.01260117    C  282  1.40212761    H 1699  0.85533752    H 1698  0.85027005
   284  N    3.06161277    C  282  1.36575200    H 1701  0.84093939    H 1700  0.83260428
   285  N    3.20916958    C  276  1.40082846    C  286  0.96422705    H 1702  0.86516082    O  277  0.08792547
   286  C    3.88944262    C  289  1.00649021    C  287  0.97210873    N  285  0.96422705    H 1703  0.91135862
   287  C    3.92880554    O  288  1.61550848    N  295  1.33515539    C  286  0.97210873
   288  O    1.75090383    C  287  1.61550848    N  295  0.07996967
   289  C    3.83645377    C  290  1.06485146    C  286  1.00649021    H 1705  0.89497133    H 1704  0.88039998
   290  C    3.91400752    C  292  1.59705182    N  291  1.19640832    C  289  1.06485146    C  293  0.05102020
   291  N    2.75891505    C  293  1.46912625    C  290  1.19640832    N  294  0.05787897
   292  C    3.77867458    C  290  1.59705182    N  294  1.20310149    H 1706  0.90220608
   293  C    3.87537294    N  291  1.46912625    N  294  1.38452499    H 1707  0.91086501    C  290  0.05102020
   294  N    3.49577840    C  293  1.38452499    C  292  1.20310149    H 2782  0.81184485    N  291  0.05787897
   295  N    3.25713933    C  287  1.33515539    C  301  0.96394427    C  296  0.95113191    O  288  0.07996967
   296  C    3.87225291    C  299  1.00181188    C  297  0.98489912    N  295  0.95113191    H 1708  0.86151656
   297  C    3.98733288    O  298  1.62101000    N  302  1.39811431    C  296  0.98489912
   298  O    1.78068710    C  297  1.62101000    N  302  0.08987937
   299  C    3.80774728    C  300  1.03808689    C  296  1.00181188    H 1709  0.88292963    H 1710  0.87986226
   300  C    3.81377120    C  299  1.03808689    C  301  1.03761075    H 1712  0.89303577    H 1711  0.87921109
   301  C    3.79823683    C  300  1.03761075    N  295  0.96394427    H 1713  0.88896140    H 1714  0.88704566
   302  N    3.18112134    C  297  1.39811431    C  303  0.97147110    H 1715  0.86295776    O  298  0.08987937
   303  C    3.89265967    C  306  1.00568734    N  302  0.97147110    C  304  0.96960456    H 1716  0.87557995
   304  C    3.96349982    O  305  1.60942899    N  310  1.39365325    C  303  0.96960456
   305  O    1.75710195    C  304  1.60942899    N  310  0.08869949
   306  C    3.79454209    C  303  1.00568734    C  307  0.97815055    H 1718  0.89234851    H 1717  0.88277564
   307  C    3.95854213    O  309  1.51975578    O  308  1.49412096    C  306  0.97815055
   308  O    1.63999590    C  307  1.49412096    O  309  0.11326913
   309  O    1.62944768    C  307  1.51975578    O  308  0.11326913
   310  N    3.21518129    C  304  1.39365325    C  311  0.94954240    H 1719  0.87994467    O  305  0.08869949
   311  C    3.86971166    C  314  1.01933526    C  312  0.96922357    N  310  0.94954240    H 1720  0.91505144
   312  C    3.93985778    O  313  1.60522292    N  318  1.37800438    C  311  0.96922357
   313  O    1.73595812    C  312  1.60522292    N  318  0.08664510
   314  C    3.81112330    C  311  1.01933526    C  315  1.00419637    H 1722  0.90463221    H 1721  0.89224406
   315  C    3.90445504    C  317  1.02622160    C  316  1.01417014    C  314  1.00419637    H 1723  0.90279050
   316  C    3.72605720    C  315  1.01417014    H 1725  0.91657228    H 1726  0.91513906    H 1724  0.91133433
   317  C    3.72772508    C  315  1.02622160    H 1727  0.91788388    H 1729  0.91532716    H 1728  0.91365631
   318  N    3.21412631    C  312  1.37800438    C  319  0.95727659    H 1730  0.85550901    O  313  0.08664510
   319  C    3.89343370    C  322  1.01440274    C  320  0.98391893    N  318  0.95727659    H 1731  0.91160472
   320  C    3.95814652    O  321  1.60794487    N  327  1.37842020    C  319  0.98391893
   321  O    1.68738569    C  320  1.60794487    N  327  0.08447126
   322  C    3.80743244    C  323  1.02354520    C  319  1.01440274    H 1732  0.90612548    H 1733  0.89547385
   323  C    3.82962962    C  322  1.02354520    C  324  1.02241892    H 1735  0.89407276    H 1734  0.89116266
   324  C    3.82818746    C  325  1.04463250    C  323  1.02241892    H 1737  0.91799556    H 1736  0.89989957
   325  C    3.71765558    C  324  1.04463250    N  326  0.92714265    H 1739  0.91170015    H 1738  0.90906503
   326  N    3.35153568    C  325  0.92714265    H 1740  0.83331984    H 1741  0.81447752    H 1742  0.81096861
   327  N    3.19771584    C  320  1.37842020    C  328  0.97038505    H 1743  0.85953018    O  321  0.08447126
   328  C    3.86731766    C  329  0.99480142    N  327  0.97038505    C  331  0.95455702    H 1744  0.90281049
   329  C    3.96689027    O  330  1.61268870    N  334  1.38565858    C  328  0.99480142
   330  O    1.73680631    C  329  1.61268870    N  334  0.08733704
   331  C    3.79144645    C  333  1.02848288    C  328  0.95455702    O  332  0.91624812    H 1745  0.89426386
   332  O    1.65686387    C  331  0.91624812    H 1746  0.71530861
   333  C    3.72963622    C  331  1.02848288    H 1749  0.92032112    H 1748  0.91082539    H 1747  0.89987694
   334  N    3.19591239    C  329  1.38565858    C  335  0.97769535    H 1750  0.85955003    O  330  0.08733704
   335  C    3.89012354    C  338  1.00084381    N  334  0.97769535    C  336  0.97447637    H 1751  0.87914507
   336  C    3.96510828    O  337  1.59896834    N  342  1.39540402    C  335  0.97447637
   337  O    1.75771554    C  336  1.59896834    N  342  0.08891564
   338  C    3.77297652    C  335  1.00084381    C  339  0.96781937    H 1753  0.88723018    H 1752  0.86818815
   339  C    3.89259107    O  341  1.54066123    O  340  1.36371878    C  338  0.96781937
   340  O    1.66449718    C  339  1.36371878    Ca1396  0.15882174    O  341  0.10208049
   341  O    1.70512485    C  339  1.54066123    O  340  0.10208049
   342  N    3.22216958    C  336  1.39540402    C  343  0.98769369    H 1754  0.87053916    O  337  0.08891564
   343  C    3.80018803    C  344  0.99033988    N  342  0.98769369    H 1755  0.90218242    H 1756  0.89198389
   344  C    3.93875284    O  345  1.59528064    N  346  1.36640278    C  343  0.99033988
   345  O    1.73377252    C  344  1.59528064    N  346  0.08293951
   346  N    3.19912777    C  344  1.36640278    C  347  0.95574124    H 1757  0.86172885    O  345  0.08293951
   347  C    3.87638951    C  350  0.99881533    C  348  0.97139140    N  346  0.95574124    H 1758  0.91854447
   348  C    3.93503798    O  349  1.58253167    N  357  1.38076173    C  347  0.97139140
   349  O    1.68076443    C  348  1.58253167    N  357  0.08203495
   350  C    3.83375701    C  351  1.01032036    C  347  0.99881533    H 1759  0.90759609    H 1760  0.90437553
   351  C    3.87528756    C  353  1.38546461    C  352  1.38022691    C  350  1.01032036    C  356  0.05402990
   352  C    3.83518149    C  354  1.42108686    C  351  1.38022691    H 1761  0.91454854    C  355  0.05776497
   353  C    3.81951052    C  355  1.40743521    C  351  1.38546461    H 1762  0.91377677    C  354  0.05701709
   354  C    3.82551162    C  352  1.42108686    C  356  1.40446010    H 1763  0.93054790    C  353  0.05701709
   355  C    3.80888128    C  353  1.40743521    C  356  1.40596878    H 1764  0.90840805    C  352  0.05776497
   356  C    3.81585664    C  355  1.40596878    C  354  1.40446010    H 1765  0.91137258    C  351  0.05402990
   357  N    3.22654636    C  348  1.38076173    C  358  0.98522531    H 1766  0.86946044    O  349  0.08203495
   358  C    3.81299500    C  359  0.99918061    N  357  0.98522531    H 1768  0.90988799    H 1767  0.88685800
   359  C    3.94050486    O  360  1.60702639    N  361  1.35680505    C  358  0.99918061
   360  O    1.70482938    C  359  1.60702639    N  361  0.08247775
   361  N    3.19918194    C  359  1.35680505    C  362  0.97238210    H 1769  0.86140754    O  360  0.08247775
   362  C    3.89418128    C  363  0.98746391    C  365  0.97875831    N  361  0.97238210    H 1770  0.89732814
   363  C    3.95843716    O  364  1.60643034    N  369  1.38586001    C  362  0.98746391
   364  O    1.70677859    C  363  1.60643034    N  369  0.08553811
   365  C    3.91363563    C  367  1.03854741    C  366  1.00673176    C  362  0.97875831    H 1771  0.88516418
   366  C    3.82895559    C  368  1.05162790    C  365  1.00673176    H 1772  0.91277037    H 1773  0.89572095
   367  C    3.74728796    C  365  1.03854741    H 1776  0.91739180    H 1775  0.90872016    H 1774  0.90810854
   368  C    3.72038199    C  366  1.05162790    H 1779  0.91096350    H 1778  0.90598070    H 1777  0.90050649
   369  N    3.17661146    C  363  1.38586001    C  370  0.96987229    H 1780  0.85834350    O  364  0.08553811
   370  C    3.89980666    C  373  1.00867837    C  371  0.97314242    N  369  0.96987229    H 1781  0.89939683
   371  C    3.96461846    O  372  1.60473065    N  377  1.38886512    C  370  0.97314242
   372  O    1.74073575    C  371  1.60473065    N  377  0.08904471
   373  C    3.78786596    C  370  1.00867837    C  374  0.96777962    H 1783  0.90714327    H 1782  0.87515789
   374  C    3.96818814    O  376  1.51006442    O  375  1.50718704    C  373  0.96777962
   375  O    1.66598777    C  374  1.50718704    O  376  0.12166160
   376  O    1.67712613    C  374  1.51006442    O  375  0.12166160
   377  N    3.19809312    C  371  1.38886512    C  378  0.95409885    H 1784  0.85569234    O  372  0.08904471
   378  C    3.85376446    C  379  0.97738374    C  381  0.97335818    N  377  0.95409885    H 1785  0.90270069
   379  C    3.95324639    O  380  1.61107841    N  384  1.38065052    C  378  0.97738374
   380  O    1.71642863    C  379  1.61107841    N  384  0.08432164
   381  C    3.80934514    C  383  1.02838854    C  378  0.97335818    O  382  0.92734882    H 1786  0.91107821
   382  O    1.69252707    C  381  0.92734882    H 1787  0.74196318
   383  C    3.72058894    C  381  1.02838854    H 1789  0.92503801    H 1790  0.92165396    H 1788  0.90551900
   384  N    3.17604710    C  379  1.38065052    C  385  0.96694937    H 1791  0.87548216    O  380  0.08432164
   385  C    3.87148589    C  388  0.97760315    C  386  0.97135475    N  384  0.96694937    H 1792  0.91146103
   386  C    3.92567004    O  387  1.59061288    N  390  1.38433166    C  385  0.97135475
   387  O    1.69869363    C  386  1.59061288    N  390  0.08326711
   388  C    3.85272310    S  389  1.10861880    C  385  0.97760315    H 1794  0.89219995    H 1793  0.87749313
   389  S    1.87006996    C  388  1.10861880    H 1795  0.87750449
   390  N    3.16897065    C  386  1.38433166    C  391  0.96682534    H 1796  0.87197480    O  387  0.08326711
   391  C    3.88271597    C  394  1.00757207    C  392  0.97131791    N  390  0.96682534    H 1797  0.90092736
   392  C    3.95038561    O  393  1.58981846    N  401  1.39339539    C  391  0.97131791
   393  O    1.71626303    C  392  1.58981846    N  401  0.08589444
   394  C    3.81227596    C  395  1.02889626    C  391  1.00757207    H 1799  0.90636639    H 1798  0.89351646
   395  C    3.82438774    C  396  1.05289209    C  394  1.02889626    H 1801  0.90378816    H 1800  0.89563954
   396  C    3.83345398    C  395  1.05289209    N  397  0.99327092    H 1803  0.93579037    H 1802  0.90360302
   397  N    3.17111145    C  398  1.36304220    C  396  0.99327092    H 1804  0.84361792
   398  C    4.11402146    N  400  1.37436759    N  399  1.36680881    N  397  1.36304220
   399  N    3.07453627    C  398  1.36680881    H 1805  0.84363235    H 1806  0.83838632
   400  N    3.04380441    C  398  1.37436759    H 1807  0.84195001    H 1808  0.83625511
   401  N    3.20874861    C  392  1.39339539    C  402  0.96252352    H 1809  0.87344087    O  393  0.08589444
   402  C    3.86774844    C  405  0.98658842    C  403  0.97636251    N  401  0.96252352    H 1810  0.90665233
   403  C    3.95946056    O  404  1.60091061    N  407  1.38591363    C  402  0.97636251
   404  O    1.71972871    C  403  1.60091061    N  407  0.08598834
   405  C    3.75919865    C  402  0.98658842    O  406  0.96774954    H 1811  0.91666791    H 1812  0.90318016
   406  O    1.71824402    C  405  0.96774954    H 1813  0.75078942
   407  N    3.18556689    C  403  1.38591363    C  408  0.95530755    H 1814  0.87415676    O  404  0.08598834
   408  C    3.85797497    C  411  0.99599091    C  409  0.97064726    N  407  0.95530755    H 1815  0.90121650
   409  C    3.93738510    O  410  1.60538840    N  415  1.37245828    C  408  0.97064726
   410  O    1.73277020    C  409  1.60538840    N  415  0.08234203
   411  C    3.80455249    C  408  0.99599091    C  412  0.99052718    H 1817  0.92071334    H 1816  0.90322253
   412  C    3.86066253    S  413  1.08653445    C  411  0.99052718    H 1818  0.89397151    H 1819  0.89049608
   413  S    2.22557187    C  414  1.13098724    C  412  1.08653445
   414  C    3.82736376    S  413  1.13098724    H 1821  0.91719209    H 1822  0.91385497    H 1820  0.90395137
   415  N    3.18003792    C  409  1.37245828    C  416  0.95983256    H 1823  0.87482554    O  410  0.08234203
   416  C    3.86117841    C  417  0.97690324    C  419  0.96910841    N  415  0.95983256    H 1824  0.90785800
   417  C    3.94547763    O  418  1.60011700    N  422  1.38442144    C  416  0.97690324
   418  O    1.70903700    C  417  1.60011700    N  422  0.08399077
   419  C    3.86685900    C  420  1.01512093    C  421  1.01428046    C  416  0.96910841    H 1825  0.90533751
   420  C    3.73781370    C  419  1.01512093    H 1827  0.91681169    H 1828  0.91443823    H 1826  0.91171286
   421  C    3.72658217    C  419  1.01428046    H 1829  0.92473014    H 1830  0.92036032    H 1831  0.91457314
   422  N    3.18329555    C  417  1.38442144    C  423  0.95687301    H 1832  0.86752660    O  418  0.08399077
   423  C    3.88024517    C  426  1.01895242    C  424  0.98283043    N  422  0.95687301    H 1833  0.90588480
   424  C    3.97302791    O  425  1.61089912    N  427  1.39411771    C  423  0.98283043
   425  O    1.75328697    C  424  1.61089912    N  427  0.08549252
   426  C    3.72913481    C  423  1.01895242    H 1836  0.92118635    H 1834  0.91492858    H 1835  0.91469109
   427  N    3.20283284    C  424  1.39411771    C  428  0.97899207    H 1837  0.86845897    O  425  0.08549252
   428  C    3.87482530    N  427  0.97899207    C  429  0.97770927    C  431  0.95853299    H 1838  0.90161037
   429  C    3.96181282    O  430  1.61292554    N  434  1.38357010    C  428  0.97770927
   430  O    1.76694907    C  429  1.61292554    N  434  0.08696500
   431  C    3.87859778    C  432  1.03232892    C  433  1.03133537    C  428  0.95853299    H 1839  0.90561294
   432  C    3.74383711    C  431  1.03232892    H 1842  0.93245484    H 1841  0.91766997    H 1840  0.91543904
   433  C    3.73996745    C  431  1.03133537    H 1844  0.92265000    H 1845  0.92248839    H 1843  0.90720741
   434  N    3.17262379    C  429  1.38357010    C  435  0.96239278    H 1846  0.87261630    O  430  0.08696500
   435  C    3.88252815    C  438  1.01533417    C  436  0.96643067    N  434  0.96239278    H 1847  0.90568636
   436  C    3.93014406    O  437  1.59264406    N  442  1.37339247    C  435  0.96643067
   437  O    1.72292456    C  436  1.59264406    N  442  0.08137758
   438  C    3.81182456    C  435  1.01533417    C  439  0.99213154    H 1848  0.91850713    H 1849  0.91225089
   439  C    3.86795187    S  440  1.09533622    C  438  0.99213154    H 1851  0.88916418    H 1850  0.88677008
   440  S    2.21347159    C  441  1.12717929    C  439  1.09533622
   441  C    3.82000080    S  440  1.12717929    H 1852  0.91472441    H 1854  0.91152691    H 1853  0.90029005
   442  N    3.20228266    C  436  1.37339247    C  443  0.95884936    H 1855  0.87283449    O  437  0.08137758
   443  C    3.89733881    C  446  1.01107702    C  444  0.97372985    N  442  0.95884936    H 1856  0.91946237
   444  C    3.93559878    O  445  1.59567568    N  450  1.38546589    C  443  0.97372985
   445  O    1.73665169    C  444  1.59567568    N  450  0.08645196
   446  C    3.75322196    C  443  1.01107702    C  447  0.97035632    H 1857  0.90511354    H 1858  0.86704314
   447  C    3.81459362    O  449  1.48164944    O  448  1.34506263    C  446  0.97035632
   448  O    1.63558221    C  447  1.34506263    Ca1397  0.11988002    O  449  0.08399710
   449  O    1.65558323    C  447  1.48164944    O  448  0.08399710    H 1882  0.05986434
   450  N    3.20112913    C  444  1.38546589    C  451  0.97245001    H 1859  0.85843507    O  445  0.08645196
   451  C    3.89209046    C  454  0.98842943    C  452  0.98765158    N  450  0.97245001    H 1860  0.88510743
   452  C    3.96487790    O  453  1.59956028    N  456  1.37811067    C  451  0.98765158
   453  O    1.75190556    C  452  1.59956028    N  456  0.08619747
   454  C    3.76958505    C  451  0.98842943    O  455  0.97520554    H 1862  0.90450334    H 1861  0.89838036
   455  O    1.72020799    C  454  0.97520554    H 1863  0.72907070
   456  N    3.18689484    C  452  1.37811067    C  457  0.97740590    H 1864  0.85951698    O  453  0.08619747
   457  C    3.89975389    C  460  1.00000043    C  458  0.99353223    N  456  0.97740590    H 1865  0.87445657
   458  C    3.99775904    O  459  1.59544810    N  464  1.40485971    C  457  0.99353223
   459  O    1.73875662    C  458  1.59544810    N  464  0.08636919
   460  C    3.76694759    C  457  1.00000043    C  461  0.97942912    H 1866  0.87610950    H 1867  0.86275736
   461  C    3.85764280    O  463  1.49375720    O  462  1.35677324    C  460  0.97942912
   462  O    1.65286381    C  461  1.35677324    Ca1397  0.15772667    O  463  0.10204159
   463  O    1.73583158    C  461  1.49375720    O  462  0.10204159    H 2765  0.07304578
   464  N    3.18902053    C  458  1.40485971    C  465  0.97936008    H 1868  0.84197769    O  459  0.08636919
   465  C    3.87702169    C  468  0.98661992    C  466  0.98209251    N  464  0.97936008    H 1869  0.87474633
   466  C    3.95370041    O  467  1.59193831    N  471  1.39577417    C  465  0.98209251
   467  O    1.72616833    C  466  1.59193831    N  471  0.08664437
   468  C    3.83481686    C  470  1.02512013    C  465  0.98661992    O  469  0.93786306    H 1870  0.88588716
   469  O    1.66330242    C  468  0.93786306    H 1871  0.72317480
   470  C    3.72522541    C  468  1.02512013    H 1874  0.91335148    H 1872  0.90804644    H 1873  0.88634489
   471  N    3.20416736    C  466  1.39577417    C  472  0.97457588    H 1875  0.87647778    O  467  0.08664437
   472  C    3.85752968    C  473  0.97608362    N  471  0.97457588    C  475  0.96952946    H 1876  0.87245449
   473  C    3.97548119    O  474  1.59962226    N  478  1.40615278    C  472  0.97608362
   474  O    1.75679750    C  473  1.59962226    N  478  0.08943045
   475  C    3.77773367    C  477  1.02040145    C  472  0.96952946    O  476  0.88875312    H 1877  0.87129596
   476  O    1.74245831    C  475  0.88875312    H 1878  0.74397871    Ca1397  0.07672658
   477  C    3.73677613    C  475  1.02040145    H 1881  0.91746297    H 1879  0.89630193    H 1880  0.89516762
   478  N    3.19624062    C  473  1.40615278    C  479  0.98596599    H 1882  0.86107171    O  474  0.08943045
   479  C    3.79789598    C  480  0.98938437    N  478  0.98596599    H 1883  0.89263724    H 1884  0.88555629
   480  C    3.94864907    O  481  1.60099844    N  482  1.38185305    C  479  0.98938437
   481  O    1.75150550    C  480  1.60099844    N  482  0.08788409
   482  N    3.20075667    C  480  1.38185305    C  483  0.95596758    H 1885  0.87480993    O  481  0.08788409
   483  C    3.85148634    C  486  1.00384559    C  484  0.97282403    N  482  0.95596758    H 1886  0.88685329
   484  C    3.87546695    O  485  1.44454639    N  491  1.42336344    C  483  0.97282403
   485  O    1.67945131    C  484  1.44454639    Ca1397  0.08351745    N  491  0.07136253
   486  C    3.79882381    C  487  1.02777390    C  483  1.00384559    H 1888  0.91195591    H 1887  0.89887210
   487  C    3.81797310    C  486  1.02777390    C  488  1.02609274    H 1889  0.91530988    H 1890  0.89405862
   488  C    3.81169971    C  489  1.05461436    C  487  1.02609274    H 1891  0.91229895    H 1892  0.88766797
   489  C    3.74556831    C  488  1.05461436    N  490  0.94121345    H 1893  0.92390752    H 1894  0.90321218
   490  N    3.37014400    C  489  0.94121345    H 1896  0.82161598    H 1895  0.81966953    H 1897  0.81698615
   491  N    3.21413680    C  484  1.42336344    C  492  0.95659562    H 1898  0.84652193    O  485  0.07136253
   492  C    3.89658748    C  495  1.00982612    C  493  0.97482354    N  491  0.95659562    H 1899  0.93768527
   493  C    3.92413506    O  494  1.58139172    N  499  1.37123859    C  492  0.97482354
   494  O    1.68761599    C  493  1.58139172    N  499  0.08465077
   495  C    3.79289491    C  492  1.00982612    C  496  0.99783085    H 1901  0.90730052    H 1900  0.89493007
   496  C    3.89410775    C  497  1.02327132    C  498  1.02228908    C  495  0.99783085    H 1902  0.90445743
   497  C    3.72335438    C  496  1.02327132    H 1905  0.91552256    H 1903  0.90624029    H 1904  0.90579368
   498  C    3.72948647    C  496  1.02228908    H 1908  0.92087598    H 1907  0.92069182    H 1906  0.91784857
   499  N    3.23542891    C  493  1.37123859    C  500  0.98266147    H 1909  0.87948956    O  494  0.08465077
   500  C    3.78788684    C  501  0.99431281    N  499  0.98266147    H 1911  0.90119299    H 1910  0.89481012
   501  C    3.92109680    O  502  1.58208220    N  503  1.36842586    C  500  0.99431281
   502  O    1.67698977    C  501  1.58208220    N  503  0.08210295
   503  N    3.21081453    C  501  1.36842586    C  504  0.96108500    H 1912  0.84708128    O  502  0.08210295
   504  C    3.88056441    C  507  1.00444683    C  505  0.98136675    N  503  0.96108500    H 1913  0.89780907
   505  C    3.95345492    O  506  1.59164098    N  514  1.37638303    C  504  0.98136675
   506  O    1.69891209    C  505  1.59164098    N  514  0.08320517
   507  C    3.84246489    C  508  1.01237210    C  504  1.00444683    H 1914  0.90980672    H 1915  0.88573907
   508  C    3.89694136    C  510  1.38766550    C  509  1.38445866    C  507  1.01237210    C  513  0.05288400
   509  C    3.81856212    C  511  1.40528020    C  508  1.38445866    H 1916  0.91089811    C  512  0.05871841
   510  C    3.84346392    C  512  1.41466912    C  508  1.38766550    H 1917  0.90496541    C  511  0.05754229
   511  C    3.81434395    C  513  1.41520477    C  509  1.40528020    H 1918  0.90666893    C  510  0.05754229
   512  C    3.84413843    C  513  1.42615689    C  510  1.41466912    H 1919  0.92577918    C  509  0.05871841
   513  C    3.83679056    C  512  1.42615689    C  511  1.41520477    H 1920  0.90497954    C  508  0.05288400
   514  N    3.18169641    C  505  1.37638303    C  515  0.95717149    H 1921  0.85632953    O  506  0.08320517
   515  C    3.88777675    C  518  1.01641174    C  516  0.97905281    N  514  0.95717149    H 1922  0.89946240
   516  C    3.95935754    O  517  1.58603555    N  523  1.39853819    C  515  0.97905281
   517  O    1.70051774    C  516  1.58603555    N  523  0.08548274
   518  C    3.82365101    C  519  1.02399303    C  515  1.01641174    H 1924  0.89884661    H 1923  0.89090836
   519  C    3.80821849    C  518  1.02399303    C  520  0.96794750    H 1926  0.90279313    H 1925  0.88093330
   520  C    3.96467340    O  522  1.52091770    O  521  1.51018324    C  519  0.96794750
   521  O    1.66151701    C  520  1.51018324    O  522  0.11905699
   522  O    1.66113712    C  520  1.52091770    O  521  0.11905699
   523  N    3.18330486    C  516  1.39853819    C  524  0.95266897    H 1927  0.87139080    O  517  0.08548274
   524  C    3.87045568    C  527  1.00864231    C  525  0.97242211    N  523  0.95266897    H 1928  0.89251968
   525  C    3.95172377    O  526  1.60319647    N  532  1.38129362    C  524  0.97242211
   526  O    1.71981956    C  525  1.60319647    N  532  0.08502439
   527  C    3.79618964    C  528  1.02706109    C  524  1.00864231    H 1930  0.90652857    H 1929  0.88816949
   528  C    3.76868430    C  527  1.02706109    C  529  0.97555736    H 1932  0.87031924    H 1931  0.85245015
   529  C    3.86208239    O  531  1.45149559    O  530  1.38715679    C  528  0.97555736    Ca1397  0.06426396
   530  O    1.68406373    C  529  1.38715679    Ca1397  0.17901435    O  531  0.11306958
   531  O    1.69530757    C  529  1.45149559    Ca1397  0.11313802    O  530  0.11306958
   532  N    3.18339418    C  525  1.38129362    C  533  0.95542047    H 1933  0.87558799    O  526  0.08502439
   533  C    3.86093265    C  536  0.99589146    C  534  0.97929262    N  532  0.95542047    H 1934  0.89877139
   534  C    3.92875539    O  535  1.57214856    N  543  1.37870483    C  533  0.97929262
   535  O    1.67843350    C  534  1.57214856    N  543  0.08281874
   536  C    3.82993511    C  537  1.01444645    C  533  0.99589146    H 1935  0.91482726    H 1936  0.89463947
   537  C    3.87733372    C  539  1.38523021    C  538  1.37854713    C  536  1.01444645    C  542  0.05391486
   538  C    3.82281475    C  540  1.41237961    C  537  1.37854713    H 1937  0.90671264    C  541  0.05749289
   539  C    3.82511142    C  541  1.41147669    C  537  1.38523021    H 1938  0.91580651    C  540  0.05773112
   540  C    3.82419652    C  538  1.41237961    C  542  1.40058279    H 1939  0.90560598    C  539  0.05773112
   541  C    3.83383877    C  539  1.41147669    C  542  1.40956633    H 1940  0.91316585    C  538  0.05749289
   542  C    3.82870209    C  541  1.40956633    C  540  1.40058279    H 1941  0.91586856    C  537  0.05391486
   543  N    3.18240105    C  534  1.37870483    C  544  0.96456474    H 1942  0.87483760    O  535  0.08281874
   544  C    3.87658023    C  547  1.00827161    C  545  0.97553381    N  543  0.96456474    H 1943  0.90459727
   545  C    3.94977713    O  546  1.59226394    N  552  1.39084773    C  544  0.97553381
   546  O    1.70344417    C  545  1.59226394    N  552  0.08560396
   547  C    3.80353099    C  548  1.02849338    C  544  1.00827161    H 1944  0.91220183    H 1945  0.90745125
   548  C    3.81490859    C  547  1.02849338    C  549  1.01090664    H 1947  0.90142847    H 1946  0.89770487
   549  C    3.82139234    C  550  1.05403495    C  548  1.01090664    H 1949  0.89784411    H 1948  0.89581028
   550  C    3.73438369    C  549  1.05403495    N  551  0.93463150    H 1950  0.91617681    H 1951  0.90703483
   551  N    3.36052412    C  550  0.93463150    H 1953  0.83366670    H 1954  0.82320777    H 1952  0.82060159
   552  N    3.19095771    C  545  1.39084773    C  553  0.95546519    H 1955  0.87022685    O  546  0.08560396
   553  C    3.87917586    C  556  1.00213416    C  554  0.97542205    N  552  0.95546519    H 1956  0.90282890
   554  C    3.95136110    O  555  1.59566264    N  564  1.38809532    C  553  0.97542205
   555  O    1.72689381    C  554  1.59566264    N  564  0.08902284
   556  C    3.84092664    C  557  1.00531649    C  553  1.00213416    H 1957  0.90776352    H 1958  0.89613675
   557  C    3.88717779    C  558  1.38445631    C  559  1.37982055    C  556  1.00531649
   558  C    3.86184552    C  560  1.40898970    C  557  1.38445631    H 1959  0.91059958    C  561  0.05634690
   559  C    3.83890577    C  561  1.41199263    C  557  1.37982055    H 1960  0.93358550    C  560  0.05530918
   560  C    3.83796182    C  558  1.40898970    C  562  1.36297189    H 1961  0.91221526    C  559  0.05530918
   561  C    3.81617669    C  559  1.41199263    C  562  1.36549406    H 1962  0.91586957    C  558  0.05634690
   562  C    3.87128012    C  561  1.36549406    C  560  1.36297189    O  563  1.01375894
   563  O    1.81608790    C  562  1.01375894    H 1963  0.71270013
   564  N    3.19404440    C  554  1.38809532    C  565  0.95108966    H 1964  0.87130306    O  555  0.08902284
   565  C    3.86606332    C  568  1.00741026    C  566  0.98034092    N  564  0.95108966    H 1965  0.90398298
   566  C    3.93922987    O  567  1.58673683    N  572  1.38277361    C  565  0.98034092
   567  O    1.68425973    C  566  1.58673683    N  572  0.08338687
   568  C    3.80616321    C  565  1.00741026    C  569  0.99597328    H 1966  0.91258416    H 1967  0.90447663
   569  C    3.88523141    C  570  1.01850255    C  571  1.01305718    C  568  0.99597328    H 1968  0.90080265
   570  C    3.72959147    C  569  1.01850255    H 1971  0.92192862    H 1970  0.91615218    H 1969  0.91409378
   571  C    3.72803581    C  569  1.01305718    H 1973  0.91722365    H 1974  0.91116124    H 1972  0.90846932
   572  N    3.18651598    C  566  1.38277361    C  573  0.96055079    H 1975  0.87768532    O  567  0.08338687
   573  C    3.86516751    C  576  0.99043473    C  574  0.97616684    N  572  0.96055079    H 1976  0.89915419
   574  C    3.94446374    O  575  1.60094762    N  586  1.38024180    C  573  0.97616684
   575  O    1.72400294    C  574  1.60094762    N  586  0.08600207
   576  C    3.86998782    C  577  1.06186109    C  573  0.99043473    H 1977  0.90696357    H 1978  0.89321881
   577  C    3.87169722    C  578  1.54005208    C  579  1.19986490    C  576  1.06186109
   578  C    3.80680531    C  577  1.54005208    N  580  1.22434770    H 1979  0.90862305
   579  C    3.92994097    C  582  1.32681614    C  581  1.26886697    C  577  1.19986490
   580  N    3.35725417    C  578  1.22434770    C  581  1.17559899    H 1980  0.83176691
   581  C    3.94181497    C  583  1.36540675    C  579  1.26886697    N  580  1.17559899
   582  C    3.83128530    C  584  1.45061655    C  579  1.32681614    H 1981  0.90125225    C  583  0.06033278
   583  C    3.86841401    C  585  1.45655471    C  581  1.36540675    H 1982  0.90487155    C  582  0.06033278
   584  C    3.83107026    C  582  1.45061655    C  585  1.35799347    H 1983  0.90686653
   585  C    3.85732360    C  583  1.45655471    C  584  1.35799347    H 1984  0.91136858
   586  N    3.18062514    C  574  1.38024180    C  587  0.96453100    H 1985  0.87186528    O  575  0.08600207
   587  C    3.89508966    C  590  1.00661851    C  588  0.98421391    N  586  0.96453100    H 1986  0.90270087
   588  C    3.95856734    O  589  1.58396830    N  594  1.39389851    C  587  0.98421391
   589  O    1.70593185    C  588  1.58396830    N  594  0.08709455
   590  C    3.78639637    C  587  1.00661851    C  591  0.99484521    H 1988  0.90748081    H 1987  0.88132656
   591  C    3.96455016    O  592  1.58484851    N  593  1.39752175    C  590  0.99484521
   592  O    1.72540785    C  591  1.58484851    N  593  0.09198224
   593  N    3.16346883    C  591  1.39752175    H 1989  0.84414746    H 1990  0.84375162    O  592  0.09198224
   594  N    3.19057295    C  588  1.39389851    C  595  0.95617301    H 1991  0.86834759    O  589  0.08709455
   595  C    3.87928092    C  598  1.01614454    C  596  0.97766596    N  594  0.95617301    H 1992  0.93964673
   596  C    3.93899081    O  597  1.58132996    N  602  1.38434353    C  595  0.97766596
   597  O    1.69330302    C  596  1.58132996    N  602  0.08214626
   598  C    3.78271517    C  595  1.01614454    C  599  0.99639611    H 1994  0.90257473    H 1993  0.88882564
   599  C    3.96173544    O  600  1.60067369    N  601  1.38431208    C  598  0.99639611
   600  O    1.75609430    C  599  1.60067369    N  601  0.09083215
   601  N    3.13419699    C  599  1.38431208    H 1996  0.88315899    H 1995  0.86114161    O  600  0.09083215
   602  N    3.17427686    C  596  1.38434353    C  603  0.96092969    H 1997  0.87337455    O  597  0.08214626
   603  C    3.86492524    C  604  0.98473222    C  606  0.96467862    N  602  0.96092969    H 1998  0.90074206
   604  C    3.94009095    O  605  1.58778883    N  610  1.37718403    C  603  0.98473222
   605  O    1.68972678    C  604  1.58778883    N  610  0.08248164
   606  C    3.87040553    C  608  1.01237341    C  607  0.99756308    C  603  0.96467862    H 1999  0.90337695
   607  C    3.82239461    C  609  1.04090823    C  606  0.99756308    H 2000  0.91290665    H 2001  0.90960179
   608  C    3.73750239    C  606  1.01237341    H 2002  0.91832097    H 2003  0.91776371    H 2004  0.91301398
   609  C    3.73749763    C  607  1.04090823    H 2007  0.92747383    H 2006  0.91689653    H 2005  0.90630697
   610  N    3.17666857    C  604  1.37718403    C  611  0.95881461    H 2008  0.86814719    O  605  0.08248164
   611  C    3.87318294    C  614  1.00171384    C  612  0.97966085    N  610  0.95881461    H 2009  0.89194906
   612  C    3.95946226    O  613  1.60424087    N  619  1.39039008    C  611  0.97966085
   613  O    1.73436946    C  612  1.60424087    N  619  0.08627688
   614  C    3.80325236    C  615  1.02662380    C  611  1.00171384    H 2010  0.90637262    H 2011  0.89503322
   615  C    3.82525536    C  614  1.02662380    C  616  1.00976161    H 2012  0.89995585    H 2013  0.89558488
   616  C    3.82571645    C  617  1.04450336    C  615  1.00976161    H 2014  0.89970466    H 2015  0.89521707
   617  C    3.71993585    C  616  1.04450336    N  618  0.92062097    H 2017  0.90963962    H 2016  0.90276721
   618  N    3.37861836    C  617  0.92062097    H 2020  0.82949986    H 2019  0.82580088    H 2018  0.81380182
   619  N    3.19060036    C  612  1.39039008    C  620  0.96479007    H 2021  0.86449051    O  613  0.08627688
   620  C    3.89051026    C  623  1.00896498    C  621  0.97902914    N  619  0.96479007    H 2022  0.89639815
   621  C    3.95496701    O  622  1.59237718    N  628  1.40287335    C  620  0.97902914
   622  O    1.71111728    C  621  1.59237718    N  628  0.08796315
   623  C    3.81441594    C  624  1.03508211    C  620  1.00896498    H 2023  0.90940496    H 2024  0.89807343
   624  C    3.82304935    C  623  1.03508211    C  625  1.00883750    H 2025  0.89319217    H 2026  0.89240761
   625  C    3.82650705    C  626  1.04499042    C  624  1.00883750    H 2027  0.90721967    H 2028  0.89524421
   626  C    3.71857650    C  625  1.04499042    N  627  0.92619698    H 2030  0.92214543    H 2029  0.90676846
   627  N    3.38127198    C  626  0.92619698    H 2031  0.83183104    H 2033  0.83117623    H 2032  0.81906319
   628  N    3.18362438    C  621  1.40287335    C  629  0.96540539    H 2034  0.86719264    O  622  0.08796315
   629  C    3.87374388    C  632  0.99660332    C  630  0.97842377    N  628  0.96540539    H 2035  0.91154191
   630  C    3.93355001    O  631  1.58623848    N  642  1.38137271    C  629  0.97842377
   631  O    1.69305581    C  630  1.58623848    N  642  0.08173124
   632  C    3.83386879    C  633  1.02368830    C  629  0.99660332    H 2037  0.90397707    H 2036  0.88786353
   633  C    3.84807573    C  634  1.55941637    C  635  1.19535198    C  632  1.02368830
   634  C    3.81924301    C  633  1.55941637    N  636  1.23180647    H 2038  0.92746350
   635  C    3.92244212    C  638  1.32617336    C  637  1.27044810    C  633  1.19535198
   636  N    3.34850368    C  634  1.23180647    C  637  1.17378556    H 2039  0.84134690
   637  C    3.92266058    C  639  1.35660006    C  635  1.27044810    N  636  1.17378556
   638  C    3.82709943    C  640  1.44947404    C  635  1.32617336    H 2040  0.90716770    C  639  0.06102917
   639  C    3.84862576    C  641  1.45814317    C  637  1.35660006    H 2041  0.91077667    C  638  0.06102917
   640  C    3.81786685    C  638  1.44947404    C  641  1.35645861    H 2042  0.93187989
   641  C    3.83776876    C  639  1.45814317    C  640  1.35645861    H 2043  0.91403687
   642  N    3.17820775    C  630  1.38137271    C  643  0.95484625    H 2044  0.87582035    O  631  0.08173124
   643  C    3.86113368    C  646  1.00056176    C  644  0.97570528    N  642  0.95484625    H 2045  0.90652312
   644  C    3.94187295    O  645  1.60283272    N  651  1.37927880    C  643  0.97570528
   645  O    1.70950415    C  644  1.60283272    N  651  0.08424124
   646  C    3.81174967    C  647  1.02110926    C  643  1.00056176    H 2046  0.91543542    H 2047  0.89580973
   647  C    3.79834375    C  646  1.02110926    C  648  0.99752173    H 2049  0.92142351    H 2048  0.88675445
   648  C    3.95954340    O  649  1.59776565    N  650  1.38092061    C  647  0.99752173
   649  O    1.74932652    C  648  1.59776565    N  650  0.09361723
   650  N    3.17018795    C  648  1.38092061    H 2051  0.85106321    H 2050  0.84626121    O  649  0.09361723
   651  N    3.18072869    C  644  1.37927880    C  652  0.96396194    H 2052  0.86219067    O  645  0.08424124
   652  C    3.89180965    C  655  1.02347835    C  653  0.97949152    N  651  0.96396194    H 2053  0.89543219
   653  C    3.96254284    O  654  1.58712602    N  656  1.39995242    C  652  0.97949152
   654  O    1.70680079    C  653  1.58712602    N  656  0.08513813
   655  C    3.73636301    C  652  1.02347835    H 2056  0.91130865    H 2054  0.90979072    H 2055  0.90420858
   656  N    3.19395076    C  653  1.39995242    C  657  0.96615580    H 2057  0.85696788    O  654  0.08513813
   657  C    3.87679878    C  658  0.98243227    C  660  0.97159641    N  656  0.96615580    H 2058  0.90354850
   658  C    3.95853675    O  659  1.58457606    N  664  1.40600645    C  657  0.98243227
   659  O    1.68544611    C  658  1.58457606    N  664  0.08354020
   660  C    3.87645464    C  662  1.02990319    C  661  1.00175286    C  657  0.97159641    H 2059  0.89443706
   661  C    3.83820158    C  663  1.04782819    C  660  1.00175286    H 2061  0.90717979    H 2060  0.90523044
   662  C    3.72559537    C  660  1.02990319    H 2064  0.91889806    H 2062  0.90867120    H 2063  0.90670109
   663  C    3.73597257    C  661  1.04782819    H 2067  0.92324476    H 2065  0.91006062    H 2066  0.90905903
   664  N    3.18582572    C  658  1.40600645    C  665  0.94864921    H 2068  0.86534297    O  659  0.08354020
   665  C    3.85429832    C  668  0.99403386    C  666  0.98076992    N  664  0.94864921    H 2069  0.89582921
   666  C    3.94937168    O  667  1.61067012    N  676  1.37361413    C  665  0.98076992
   667  O    1.73777124    C  666  1.61067012    N  676  0.08482172
   668  C    3.82309975    C  669  1.00576265    C  665  0.99403386    H 2070  0.91237992    H 2071  0.90023684
   669  C    3.86133590    C  671  1.38095239    C  670  1.38036478    C  668  1.00576265
   670  C    3.84570001    C  672  1.42272465    C  669  1.38036478    H 2072  0.91908517    C  673  0.05427559
   671  C    3.82773290    C  673  1.42549930    C  669  1.38095239    H 2073  0.92243454    C  672  0.05336562
   672  C    3.82145637    C  670  1.42272465    C  674  1.36324912    H 2074  0.91712521    C  671  0.05336562
   673  C    3.79963116    C  671  1.42549930    C  674  1.36986867    H 2075  0.91390363    C  670  0.05427559
   674  C    3.85182137    C  673  1.36986867    C  672  1.36324912    O  675  1.01558052
   675  O    1.81229219    C  674  1.01558052    H 2076  0.74029945
   676  N    3.16757348    C  666  1.37361413    C  677  0.97289321    H 2077  0.86220912    O  667  0.08482172
   677  C    3.88824485    C  680  1.00440773    C  678  0.98216429    N  676  0.97289321    H 2078  0.89235374
   678  C    3.96178794    O  679  1.60538543    N  685  1.38244787    C  677  0.98216429
   679  O    1.76420424    C  678  1.60538543    N  685  0.08749761
   680  C    3.81889677    C  681  1.03595373    C  677  1.00440773    H 2080  0.90290618    H 2079  0.89880836
   681  C    3.81922657    C  680  1.03595373    C  682  1.02453098    H 2081  0.90200363    H 2082  0.89498141
   682  C    3.82224772    C  683  1.05203032    C  681  1.02453098    H 2084  0.90563119    H 2083  0.89781315
   683  C    3.73387775    C  682  1.05203032    N  684  0.92709397    H 2085  0.91088350    H 2086  0.90075640
   684  N    3.36876680    C  683  0.92709397    H 2089  0.83120223    H 2088  0.82881667    H 2087  0.81293048
   685  N    3.18732334    C  678  1.38244787    C  686  0.96890927    H 2090  0.85790354    O  679  0.08749761
   686  C    3.89652202    C  689  1.00426434    C  687  0.98163049    N  685  0.96890927    H 2091  0.89306862
   687  C    3.96635349    O  688  1.59440667    N  694  1.39968518    C  686  0.98163049
   688  O    1.73936851    C  687  1.59440667    N  694  0.08773597
   689  C    3.80958993    C  690  1.02671025    C  686  1.00426434    H 2092  0.90545131    H 2093  0.89434664
   690  C    3.81097467    C  689  1.02671025    C  691  0.99712475    H 2095  0.91237824    H 2094  0.88360872
   691  C    3.96663287    O  692  1.58979945    N  693  1.39388729    C  690  0.99712475
   692  O    1.74231429    C  691  1.58979945    N  693  0.09568307
   693  N    3.14519295    C  691  1.39388729    H 2097  0.84070156    H 2096  0.83563472    O  692  0.09568307
   694  N    3.18972650    C  687  1.39968518    C  695  0.97970161    H 2098  0.85566854    O  688  0.08773597
   695  C    3.90456613    C  698  1.00364746    C  696  0.98484666    N  694  0.97970161    H 2099  0.89310238
   696  C    3.96064707    O  697  1.59452708    N  705  1.38809742    C  695  0.98484666
   697  O    1.72210176    C  696  1.59452708    N  705  0.08210651
   698  C    3.82405548    C  699  1.02012341    C  695  1.00364746    H 2100  0.89249221    H 2101  0.88644150
   699  C    3.88889600    C  700  1.38421527    C  701  1.38370197    C  698  1.02012341    C  704  0.05358484
   700  C    3.82594291    C  702  1.41779762    C  699  1.38421527    H 2102  0.91831760    C  703  0.05808434
   701  C    3.83772639    C  703  1.41463645    C  699  1.38370197    H 2103  0.90427919    C  702  0.05729471
   702  C    3.83714960    C  704  1.41813157    C  700  1.41779762    H 2104  0.91274296    C  701  0.05729471
   703  C    3.85383508    C  701  1.41463645    C  704  1.41424417    H 2105  0.90860018    C  700  0.05808434
   704  C    3.85115582    C  702  1.41813157    C  703  1.41424417    H 2106  0.91238291    C  699  0.05358484
   705  N    3.21160475    C  696  1.38809742    C  706  0.94877319    H 2107  0.85368827    O  697  0.08210651
   706  C    3.89177056    C  709  1.01635722    C  707  0.97783367    N  705  0.94877319    H 2108  0.90725888
   707  C    3.93922929    O  708  1.59144614    N  713  1.37964806    C  706  0.97783367
   708  O    1.71632259    C  707  1.59144614    N  713  0.08092604
   709  C    3.75105237    C  706  1.01635722    C  710  0.96450658    H 2109  0.89987273    H 2110  0.86123178
   710  C    3.86120315    O  712  1.55736876    O  711  1.33567995    C  709  0.96450658
   711  O    1.60091591    C  710  1.33567995    Ca1399  0.12290861    O  712  0.09878012
   712  O    1.70494628    C  710  1.55736876    O  711  0.09878012
   713  N    3.17455071    C  707  1.37964806    C  714  0.98288506    H 2111  0.85950227    O  708  0.08092604
   714  C    3.89717589    C  715  0.98376224    N  713  0.98288506    C  717  0.97034714    H 2112  0.87973032
   715  C    3.96405312    O  716  1.60049035    N  720  1.39048140    C  714  0.98376224
   716  O    1.75186232    C  715  1.60049035    N  720  0.08659883
   717  C    3.91672091    C  719  1.04171417    C  718  1.02898344    C  714  0.97034714    H 2113  0.88390927
   718  C    3.73932749    C  717  1.02898344    H 2114  0.90417904    H 2115  0.90185976    H 2116  0.90032540
   719  C    3.73149369    C  717  1.04171417    H 2117  0.91223358    H 2119  0.90957172    H 2118  0.90935265
   720  N    3.18021312    C  715  1.39048140    C  721  0.97619343    H 2120  0.84671982    O  716  0.08659883
   721  C    3.89331393    C  724  1.00496589    C  722  0.98135837    N  720  0.97619343    H 2121  0.87347625
   722  C    3.97831375    O  723  1.60491027    N  728  1.40571873    C  721  0.98135837
   723  O    1.76125528    C  722  1.60491027    N  728  0.08719102
   724  C    3.76311832    C  721  1.00496589    C  725  0.97748445    H 2123  0.87763179    H 2122  0.86043925
   725  C    3.89396581    O  727  1.53883665    O  726  1.35381510    C  724  0.97748445
   726  O    1.64327842    C  725  1.35381510    Ca1399  0.16394835    O  727  0.10683640
   727  O    1.70956359    C  725  1.53883665    O  726  0.10683640
   728  N    3.17952410    C  722  1.40571873    C  729  0.96720861    H 2124  0.84001860    O  723  0.08719102
   729  C    3.87866677    C  732  1.02089811    C  730  0.98149356    N  728  0.96720861    H 2125  0.88402706
   730  C    3.96009390    O  731  1.59835962    N  739  1.39531610    C  729  0.98149356
   731  O    1.75100109    C  730  1.59835962    N  739  0.08841147
   732  C    3.83564977    C  733  1.03997428    C  729  1.02089811    H 2127  0.89206383    H 2126  0.88263425
   733  C    3.83732679    C  734  1.04781960    C  732  1.03997428    H 2128  0.91330352    H 2129  0.89712397
   734  C    3.81606890    C  733  1.04781960    N  735  0.98354360    H 2130  0.90289813    H 2131  0.90013415
   735  N    3.15916073    C  736  1.36543999    C  734  0.98354360    H 2132  0.82868694
   736  C    4.12241209    N  737  1.37466851    N  738  1.37317954    N  735  1.36543999
   737  N    3.03829150    C  736  1.37466851    H 2134  0.85290353    H 2133  0.84008715
   738  N    3.07263701    C  736  1.37317954    H 2135  0.84355398    H 2136  0.82793511
   739  N    3.19371236    C  730  1.39531610    C  740  0.96385964    H 2137  0.86230132    O  731  0.08841147
   740  C    3.86139728    C  743  1.00087740    C  741  0.97800251    N  739  0.96385964    H 2138  0.87129580
   741  C    3.98595230    O  742  1.60996559    N  745  1.40686654    C  740  0.97800251
   742  O    1.76716905    C  741  1.60996559    N  745  0.09062078
   743  C    3.71633867    C  740  1.00087740    O  744  0.91492354    H 2139  0.88908643    H 2140  0.87261407
   744  O    1.71426652    C  743  0.91492354    H 2141  0.70830938    Ca1399  0.09016024
   745  N    3.20009169    C  741  1.40686654    C  746  0.98232486    H 2142  0.86612491    O  742  0.09062078
   746  C    3.78195845    C  747  0.98918885    N  745  0.98232486    H 2143  0.89426369    H 2144  0.87866064
   747  C    3.92670832    O  748  1.57789361    N  749  1.37746796    C  746  0.98918885
   748  O    1.71249113    C  747  1.57789361    N  749  0.08145087
   749  N    3.19325456    C  747  1.37746796    C  750  0.96776213    H 2145  0.88103113    O  748  0.08145087
   750  C    3.84315420    C  751  0.97934875    N  749  0.96776213    C  753  0.95449842    H 2146  0.90637095
   751  C    3.88409489    O  752  1.45916124    N  756  1.42341610    C  750  0.97934875
   752  O    1.66388815    C  751  1.45916124    Ca1399  0.07692544    N  756  0.07566997
   753  C    3.79377692    C  755  1.02970731    C  750  0.95449842    O  754  0.92450506    H 2147  0.89094458
   754  O    1.65666273    C  753  0.92450506    H 2148  0.73274068
   755  C    3.72088420    C  753  1.02970731    H 2151  0.92149315    H 2149  0.90698640    H 2150  0.89800951
   756  N    3.22185351    C  751  1.42341610    C  757  0.94831805    H 2152  0.84087619    O  752  0.07566997
   757  C    3.88191025    C  758  0.98487122    C  760  0.97276318    N  756  0.94831805    H 2153  0.93677316
   758  C    3.94019028    O  759  1.60105872    N  764  1.36632636    C  757  0.98487122
   759  O    1.69456449    C  758  1.60105872    N  764  0.08140300
   760  C    3.85884009    C  762  1.01865022    C  761  0.99423318    C  757  0.97276318    H 2154  0.89141311
   761  C    3.80902181    C  763  1.04497498    C  760  0.99423318    H 2156  0.90788560    H 2155  0.89751323
   762  C    3.72152869    C  760  1.01865022    H 2159  0.93078747    H 2158  0.91237087    H 2157  0.90478443
   763  C    3.73568487    C  761  1.04497498    H 2162  0.92924316    H 2161  0.92160003    H 2160  0.91360417
   764  N    3.22230228    C  758  1.36632636    C  765  0.99360998    H 2163  0.85816670    O  759  0.08140300
   765  C    3.80514866    C  766  1.00077831    N  764  0.99360998    H 2165  0.90233177    H 2164  0.88761832
   766  C    3.93733352    O  767  1.58503008    N  768  1.37004204    C  765  1.00077831
   767  O    1.69164425    C  766  1.58503008    N  768  0.07839054
   768  N    3.21008555    C  766  1.37004204    C  769  0.97150896    H 2166  0.85551683    O  767  0.07839054
   769  C    3.87246478    C  772  0.99020272    C  770  0.98420734    N  768  0.97150896    H 2167  0.88275350
   770  C    3.96712373    O  771  1.61581066    N  774  1.37285440    C  769  0.98420734
   771  O    1.75775940    C  770  1.61581066    N  774  0.08653759
   772  C    3.76076218    C  769  0.99020272    O  773  0.97648734    H 2168  0.91035116    H 2169  0.90008823
   773  O    1.72290231    C  772  0.97648734    H 2170  0.72919204
   774  N    3.18005625    C  770  1.37285440    C  775  0.97177523    H 2171  0.84334554    O  771  0.08653759
   775  C    3.87836350    C  778  0.99195475    C  776  0.98037306    N  774  0.97177523    H 2172  0.87624332
   776  C    3.96909226    O  777  1.59235739    N  780  1.41071478    C  775  0.98037306
   777  O    1.74066873    C  776  1.59235739    N  780  0.08725497
   778  C    3.75866425    C  775  0.99195475    O  779  0.97401305    H 2173  0.89618407    H 2174  0.89105748
   779  O    1.69179956    C  778  0.97401305    H 2175  0.71535401
   780  N    3.19009438    C  776  1.41071478    C  781  0.96030477    H 2176  0.86564981    O  777  0.08725497
   781  C    3.87433286    C  784  1.00287768    C  782  0.96956563    N  780  0.96030477    H 2177  0.89403594
   782  C    3.94471748    O  783  1.60019375    N  789  1.38252993    C  781  0.96956563
   783  O    1.73543139    C  782  1.60019375    N  789  0.08614323
   784  C    3.80047802    C  785  1.02739229    C  781  1.00287768    H 2179  0.90114716    H 2178  0.88588541
   785  C    3.78094987    C  784  1.02739229    C  786  0.97891670    H 2181  0.89475401    H 2180  0.87002155
   786  C    3.88621487    O  788  1.44020319    O  787  1.34396964    C  785  0.97891670    Ca1399  0.10395754
   787  O    1.64047333    C  786  1.34396964    Ca1399  0.15646316    O  788  0.10356898    H 2163  0.05845566
   788  O    1.70221848    C  786  1.44020319    Ca1399  0.11661232    O  787  0.10356898
   789  N    3.19257107    C  782  1.38252993    C  790  0.95757932    H 2182  0.86995544    O  783  0.08614323
   790  C    3.87104960    C  793  1.01509066    C  791  0.97483207    N  789  0.95757932    H 2183  0.90145164
   791  C    3.92079975    O  792  1.60018746    N  797  1.33119998    C  790  0.97483207
   792  O    1.71672356    C  791  1.60018746    N  797  0.07847546
   793  C    3.80491601    C  790  1.01509066    C  794  1.00083465    H 2184  0.92139117    H 2185  0.89478319
   794  C    3.89643977    C  796  1.02726583    C  795  1.01979316    C  793  1.00083465    H 2186  0.89293555
   795  C    3.72142462    C  794  1.01979316    H 2187  0.91836159    H 2189  0.91654111    H 2188  0.91550802
   796  C    3.72867066    C  794  1.02726583    H 2191  0.93577202    H 2192  0.90965916    H 2190  0.90210272
   797  N    3.23707273    C  791  1.33119998    C  803  0.95863275    C  798  0.94839072    O  792  0.07847546
   798  C    3.86983845    C  801  1.00614886    C  799  0.98610702    N  797  0.94839072    H 2193  0.88690124
   799  C    3.96450847    O  800  1.59545959    N  804  1.37744061    C  798  0.98610702
   800  O    1.71746559    C  799  1.59545959    N  804  0.08545327
   801  C    3.80617913    C  802  1.02404780    C  798  1.00614886    H 2195  0.90576111    H 2194  0.87944145
   802  C    3.79899694    C  803  1.03235837    C  801  1.02404780    H 2196  0.89253438    H 2197  0.88312445
   803  C    3.78990329    C  802  1.03235837    N  797  0.95863275    H 2199  0.90708226    H 2198  0.89756181
   804  N    3.21114141    C  799  1.37744061    C  805  0.98785577    H 2200  0.85165973    O  800  0.08545327
   805  C    3.80899755    C  806  0.99913132    N  804  0.98785577    H 2202  0.90382615    H 2201  0.89238972
   806  C    3.95938485    O  807  1.58137586    N  808  1.39824747    C  805  0.99913132
   807  O    1.70204740    C  806  1.58137586    N  808  0.08748826
   808  N    3.20051032    C  806  1.39824747    C  809  0.94906997    H 2203  0.86491905    O  807  0.08748826
   809  C    3.87511287    C  812  1.03715233    C  810  0.97707312    N  808  0.94906997    H 2204  0.90435747
   810  C    3.94800848    O  811  1.59923685    N  813  1.38764730    C  809  0.97707312
   811  O    1.71849665    C  810  1.59923685    N  813  0.08510600
   812  C    3.71371038    C  809  1.03715233    H 2207  0.91861134    H 2206  0.90806283    H 2205  0.90339306
   813  N    3.18157005    C  810  1.38764730    C  814  0.96532295    H 2208  0.87621239    O  811  0.08510600
   814  C    3.87132369    C  817  1.00654876    C  815  0.97784301    N  813  0.96532295    H 2209  0.89694133
   815  C    3.93186168    O  816  1.58575896    N  824  1.37711517    C  814  0.97784301
   816  O    1.69319711    C  815  1.58575896    N  824  0.08190692
   817  C    3.82488011    C  814  1.00654876    C  818  1.00339165    H 2210  0.90188191    H 2211  0.89829592
   818  C    3.87041949    C  819  1.38539885    C  820  1.38251533    C  817  1.00339165    C  823  0.05399832
   819  C    3.82542249    C  821  1.41211953    C  818  1.38539885    H 2212  0.91934709    C  822  0.05751608
   820  C    3.83513599    C  822  1.41685803    C  818  1.38251533    H 2213  0.91416903    C  821  0.05689118
   821  C    3.81191655    C  819  1.41211953    C  823  1.40782597    H 2214  0.91252162    C  820  0.05689118
   822  C    3.83122950    C  820  1.41685803    C  823  1.40886661    H 2215  0.91393971    C  819  0.05751608
   823  C    3.82682190    C  822  1.40886661    C  821  1.40782597    H 2216  0.91785479    C  818  0.05399832
   824  N    3.16845981    C  815  1.37711517    C  825  0.96621434    H 2217  0.86395689    O  816  0.08190692
   825  C    3.88737053    C  828  1.00270798    C  826  0.98245799    N  824  0.96621434    H 2218  0.89335284
   826  C    3.97250778    O  827  1.59707069    N  833  1.40157086    C  825  0.98245799
   827  O    1.74205033    C  826  1.59707069    N  833  0.08609400
   828  C    3.81677507    C  829  1.02339965    C  825  1.00270798    H 2220  0.90843732    H 2219  0.89994901
   829  C    3.79637185    C  828  1.02339965    C  830  0.97217062    H 2221  0.89918553    H 2222  0.89765734
   830  C    3.96373894    O  831  1.51377743    O  832  1.49880564    C  829  0.97217062
   831  O    1.67307561    C  830  1.51377743    O  832  0.11940151
   832  O    1.65262188    C  830  1.49880564    O  831  0.11940151
   833  N    3.18414768    C  826  1.40157086    C  834  0.96026316    H 2223  0.85896400    O  827  0.08609400
   834  C    3.89477447    C  837  1.03583111    C  835  0.97723885    N  833  0.96026316    H 2224  0.89413222
   835  C    3.97196864    O  836  1.60089492    N  838  1.40699766    C  834  0.97723885
   836  O    1.75594982    C  835  1.60089492    N  838  0.08919927
   837  C    3.72260422    C  834  1.03583111    H 2226  0.91423355    H 2227  0.90807271    H 2225  0.90165105
   838  N    3.17669466    C  835  1.40699766    C  839  0.96038895    H 2228  0.86438615    O  836  0.08919927
   839  C    3.87440948    C  842  1.02429239    C  840  0.97868169    N  838  0.96038895    H 2229  0.89284262
   840  C    3.95965312    O  841  1.61019303    N  843  1.37673932    C  839  0.97868169
   841  O    1.76624349    C  840  1.61019303    N  843  0.08663956
   842  C    3.70693934    C  839  1.02429239    H 2232  0.92358060    H 2230  0.90714271    H 2231  0.89973370
   843  N    3.21465294    C  840  1.37673932    C  844  0.99679021    H 2233  0.87834164    O  841  0.08663956
   844  C    3.82637610    C  845  0.99765269    N  843  0.99679021    H 2234  0.90279216    H 2235  0.88521311
   845  C    3.96200449    O  846  1.58965191    N  847  1.38254501    C  844  0.99765269
   846  O    1.74886968    C  845  1.58965191    N  847  0.08660131
   847  N    3.22039730    C  845  1.38254501    C  848  0.96383296    H 2236  0.86396712    O  846  0.08660131
   848  C    3.89270301    C  851  1.00215641    C  849  0.97398930    N  847  0.96383296    H 2237  0.92424597
   849  C    3.94101456    O  850  1.61394133    N  858  1.36218521    C  848  0.97398930
   850  O    1.74321529    C  849  1.61394133    N  858  0.08745018
   851  C    3.82583492    C  852  1.01195338    C  848  1.00215641    H 2239  0.90266530    H 2238  0.88523167
   852  C    3.89028476    C  853  1.39365090    C  854  1.38248942    C  851  1.01195338    C  857  0.05353726
   853  C    3.82876338    C  855  1.40301330    C  852  1.39365090    H 2240  0.91755496    C  856  0.05748157
   854  C    3.84316168    C  856  1.42040162    C  852  1.38248942    H 2241  0.91832643    C  855  0.05773337
   855  C    3.82474109    C  857  1.41182191    C  853  1.40301330    H 2242  0.91214984    C  854  0.05773337
   856  C    3.83600004    C  854  1.42040162    C  857  1.39687859    H 2243  0.91633358    C  853  0.05748157
   857  C    3.83082078    C  855  1.41182191    C  856  1.39687859    H 2244  0.92217082    C  852  0.05353726
   858  N    3.22640584    C  849  1.36218521    C  859  0.96669759    H 2245  0.84806939    O  850  0.08745018
   859  C    3.89754211    C  862  0.99952539    C  860  0.97952928    N  858  0.96669759    H 2246  0.91055793
   860  C    3.95715092    O  861  1.59280272    N  868  1.39291022    C  859  0.97952928
   861  O    1.73818358    C  860  1.59280272    N  868  0.09163002
   862  C    3.86537179    C  863  1.06804404    C  859  0.99952539    H 2248  0.89100473    H 2247  0.87648600
   863  C    3.89836227    C  865  1.59808104    N  864  1.18236729    C  862  1.06804404
   864  N    3.43824699    C  866  1.37752770    C  863  1.18236729    H 2249  0.81507351    N  867  0.05589556
   865  C    3.84577305    C  863  1.59808104    N  867  1.22887151    H 2250  0.90439300    C  866  0.05594849
   866  C    3.85345039    N  867  1.46070992    N  864  1.37752770    H 2251  0.90170143    C  865  0.05594849
   867  N    2.83382725    C  866  1.46070992    C  865  1.22887151    N  864  0.05589556
   868  N    3.21089166    C  860  1.39291022    C  869  0.96227513    H 2252  0.84358339    O  861  0.09163002
   869  C    3.88580470    C  872  1.02503812    C  870  0.97438706    N  868  0.96227513    H 2253  0.89308871
   870  C    3.94888760    O  871  1.61097811    N  876  1.36983500    C  869  0.97438706
   871  O    1.73764463    C  870  1.61097811    N  876  0.08420480
   872  C    3.81479758    C  869  1.02503812    C  873  1.00443066    H 2254  0.90161929    H 2255  0.89905933
   873  C    3.89819255    C  875  1.02656182    C  874  1.02191008    C  872  1.00443066    H 2256  0.88942781
   874  C    3.71574292    C  873  1.02191008    H 2259  0.91536053    H 2258  0.90342433    H 2257  0.90117975
   875  C    3.73047496    C  873  1.02656182    H 2262  0.91345774    H 2261  0.91162628    H 2260  0.90409556
   876  N    3.19501695    C  870  1.36983500    C  877  0.97026581    H 2263  0.84881204    O  871  0.08420480
   877  C    3.88795875    C  880  1.00994060    C  878  0.97855053    N  876  0.97026581    H 2264  0.88407693
   878  C    3.95089157    O  879  1.59679442    N  884  1.37121396    C  877  0.97855053
   879  O    1.68988204    C  878  1.59679442    N  884  0.08242483
   880  C    3.79609533    C  881  1.01592982    C  877  1.00994060    H 2265  0.89724582    H 2266  0.87391947
   881  C    3.96903653    O  882  1.56443161    N  883  1.41141702    C  880  1.01592982
   882  O    1.64018282    C  881  1.56443161    N  883  0.08918443
   883  N    3.15497083    C  881  1.41141702    H 2268  0.83703434    H 2267  0.83123617    O  882  0.08918443
   884  N    3.19582786    C  878  1.37121396    C  885  0.95863237    H 2269  0.84756277    O  879  0.08242483
   885  C    3.87968672    C  888  1.01247073    C  886  0.98858338    N  884  0.95863237    H 2270  0.88142395
   886  C    3.98550102    O  887  1.61124289    N  893  1.38181475    C  885  0.98858338
   887  O    1.72433514    C  886  1.61124289    N  893  0.08736541
   888  C    3.82892239    C  889  1.02995021    C  885  1.01247073    H 2271  0.90281431    H 2272  0.88486590
   889  C    3.80606588    C  888  1.02995021    C  890  0.97202411    H 2274  0.89291858    H 2273  0.87589850
   890  C    3.96884670    O  892  1.51619339    O  891  1.50584337    C  889  0.97202411
   891  O    1.65320685    C  890  1.50584337    O  892  0.11967698
   892  O    1.64895950    C  890  1.51619339    O  891  0.11967698
   893  N    3.19151854    C  886  1.38181475    C  894  0.96826239    H 2275  0.84285133    O  887  0.08736541
   894  C    3.89002660    C  897  1.00254664    C  895  0.98335714    N  893  0.96826239    H 2276  0.88582602
   895  C    3.97168439    O  896  1.60924810    N  903  1.39604034    C  894  0.98335714
   896  O    1.73817882    C  895  1.60924810    N  903  0.08877307
   897  C    3.85664347    C  898  1.06816468    C  894  1.00254664    H 2277  0.88428606    H 2278  0.87731503
   898  C    3.89639018    C  900  1.59724724    N  899  1.18389390    C  897  1.06816468
   899  N    3.43050425    C  901  1.37984627    C  898  1.18389390    H 2279  0.80348652    N  902  0.05517004
   900  C    3.85194505    C  898  1.59724724    N  902  1.22705023    H 2280  0.89683313    C  901  0.05630518
   901  C    3.84918995    N  902  1.45850942    N  899  1.37984627    H 2281  0.89589573    C  900  0.05630518
   902  N    2.83624941    C  901  1.45850942    C  900  1.22705023    N  899  0.05517004
   903  N    3.17679073    C  895  1.39604034    C  904  0.96007027    H 2282  0.85946798    O  896  0.08877307
   904  C    3.87893273    C  907  1.02533233    C  905  0.97908993    N  903  0.96007027    H 2283  0.90431597
   905  C    3.94641304    O  906  1.59883609    N  911  1.38142449    C  904  0.97908993
   906  O    1.69881828    C  905  1.59883609    N  911  0.08413275
   907  C    3.80104180    C  904  1.02533233    C  908  0.99736939    H 2285  0.90653512    H 2284  0.88561881
   908  C    3.89566152    C  910  1.03228909    C  909  1.01484478    C  907  0.99736939    H 2286  0.87637093
   909  C    3.72312163    C  908  1.01484478    H 2289  0.91681728    H 2287  0.90876940    H 2288  0.89968309
   910  C    3.75280640    C  908  1.03228909    H 2292  0.91796016    H 2291  0.91018017    H 2290  0.90768185
   911  N    3.17256492    C  905  1.38142449    C  912  0.95437330    H 2293  0.86605537    O  906  0.08413275
   912  C    3.86474320    C  915  1.00398001    C  913  0.97826961    N  911  0.95437330    H 2294  0.89658213
   913  C    3.94475176    O  914  1.59153770    N  923  1.37823397    C  912  0.97826961
   914  O    1.69061743    C  913  1.59153770    N  923  0.08343802
   915  C    3.83436549    C  912  1.00398001    C  916  1.00364648    H 2296  0.90968919    H 2295  0.87887169
   916  C    3.88283803    C  918  1.38538451    C  917  1.38375017    C  915  1.00364648
   917  C    3.82221768    C  919  1.41062463    C  916  1.38375017    H 2297  0.90078556    C  920  0.05670746
   918  C    3.86069795    C  920  1.42109834    C  916  1.38538451    H 2298  0.91040980    C  919  0.05555928
   919  C    3.79683267    C  917  1.41062463    C  921  1.37759794    H 2299  0.90245308    C  918  0.05555928
   920  C    3.82962736    C  918  1.42109834    C  921  1.37230854    H 2300  0.90951554    C  917  0.05670746
   921  C    3.85890560    C  919  1.37759794    C  920  1.37230854    O  922  1.00984233
   922  O    1.80906776    C  921  1.00984233    H 2301  0.72577905
   923  N    3.17718629    C  913  1.37823397    C  924  0.96382175    H 2302  0.86367391    O  914  0.08343802
   924  C    3.87313177    C  927  1.00233141    C  925  0.98274716    N  923  0.96382175    H 2303  0.88746765
   925  C    3.97444495    O  926  1.59674574    N  929  1.39518897    C  924  0.98274716
   926  O    1.71934423    C  925  1.59674574    N  929  0.08602613
   927  C    3.74496598    C  924  1.00233141    O  928  0.95501861    H 2305  0.90526875    H 2304  0.89584833
   928  O    1.68354961    C  927  0.95501861    H 2306  0.73395385
   929  N    3.19566409    C  925  1.39518897    C  930  0.96183792    H 2307  0.85503354    O  926  0.08602613
   930  C    3.87759749    C  933  1.01723198    C  931  0.97500515    N  929  0.96183792    H 2308  0.90439738
   931  C    3.97448297    O  932  1.59729229    N  937  1.39692129    C  930  0.97500515
   932  O    1.72208077    C  931  1.59729229    N  937  0.08842521
   933  C    3.81266338    C  930  1.01723198    C  934  1.00267098    H 2309  0.91358958    H 2310  0.88956613
   934  C    3.88469491    S  935  1.09920187    C  933  1.00267098    H 2312  0.87703505    H 2311  0.87659233
   935  S    2.21005121    C  936  1.11877047    C  934  1.09920187
   936  C    3.80399649    S  935  1.11877047    H 2314  0.89704668    H 2315  0.89331009    H 2313  0.88301859
   937  N    3.18348822    C  931  1.39692129    C  938  0.95964317    H 2316  0.86315217    O  932  0.08842521
   938  C    3.86948243    C  941  0.97882335    C  939  0.97792029    N  937  0.95964317    H 2317  0.90374435
   939  C    3.93116440    O  940  1.56248507    N  945  1.38409428    C  938  0.97792029
   940  O    1.65092635    C  939  1.56248507    N  945  0.08046318
   941  C    3.88575153    C  943  1.02955322    C  942  0.99881157    C  938  0.97882335    H 2318  0.89638684
   942  C    3.82955905    C  944  1.05469942    C  941  0.99881157    H 2320  0.91266066    H 2319  0.88980265
   943  C    3.72122340    C  941  1.02955322    H 2323  0.92450570    H 2322  0.91160791    H 2321  0.90241979
   944  C    3.74332815    C  942  1.05469942    H 2326  0.92238228    H 2325  0.92134662    H 2324  0.90404689
   945  N    3.16841060    C  939  1.38409428    C  946  0.96254404    H 2327  0.86332358    O  940  0.08046318
   946  C    3.86426273    C  947  0.98556569    C  949  0.97073688    N  945  0.96254404    H 2328  0.90391614
   947  C    3.96059135    O  948  1.60512581    N  953  1.37923543    C  946  0.98556569
   948  O    1.72213232    C  947  1.60512581    N  953  0.08341698
   949  C    3.89570478    C  951  1.02767131    C  950  1.00397813    C  946  0.97073688    H 2329  0.89378683
   950  C    3.84201946    C  952  1.06407433    C  949  1.00397813    H 2331  0.89865572    H 2330  0.89389851
   951  C    3.73734629    C  949  1.02767131    H 2334  0.91823263    H 2333  0.90942053    H 2332  0.90584045
   952  C    3.73254899    C  950  1.06407433    H 2337  0.92261414    H 2335  0.92243557    H 2336  0.91984435
   953  N    3.17650986    C  947  1.37923543    C  954  0.97380753    H 2338  0.85852537    O  948  0.08341698
   954  C    3.89898141    C  957  1.00794745    C  955  0.98121090    N  953  0.97380753    H 2339  0.89319050
   955  C    3.97267437    O  956  1.60837892    N  964  1.38527710    C  954  0.98121090
   956  O    1.76722859    C  955  1.60837892    N  964  0.08647832
   957  C    3.81232156    C  958  1.02862518    C  954  1.00794745    H 2341  0.89884362    H 2340  0.89687514
   958  C    3.81455590    C  957  1.02862518    C  959  1.02587935    H 2342  0.89395522    H 2343  0.89103554
   959  C    3.84215079    C  958  1.02587935    N  960  1.00099772    H 2345  0.92296143    H 2344  0.89390298
   960  N    3.16259896    C  961  1.34541069    C  959  1.00099772    H 2346  0.84181818
   961  C    4.11664039    N  963  1.38773030    N  962  1.38499876    N  960  1.34541069
   962  N    3.03200524    C  961  1.38499876    H 2348  0.84374578    H 2347  0.83016688
   963  N    3.06101955    C  961  1.38773030    H 2350  0.83642171    H 2349  0.82895804
   964  N    3.20376865    C  955  1.38527710    C  965  0.96892650    H 2351  0.85773671    O  956  0.08647832
   965  C    3.89206404    C  968  1.00792857    C  966  0.97332627    N  964  0.96892650    H 2352  0.90461311
   966  C    3.95697699    O  967  1.59264934    N  975  1.39634367    C  965  0.97332627
   967  O    1.71380536    C  966  1.59264934    N  975  0.08336935
   968  C    3.80921954    C  969  1.01978745    C  965  1.00792857    H 2354  0.89662802    H 2353  0.88940524
   969  C    3.81884923    C  970  1.04105560    C  968  1.01978745    H 2355  0.90941256    H 2356  0.89358070
   970  C    3.84284844    C  969  1.04105560    N  971  0.98924279    H 2358  0.91779041    H 2357  0.90571821
   971  N    3.16512420    C  972  1.33941555    C  970  0.98924279    H 2359  0.85065610
   972  C    4.11289404    N  973  1.39158287    N  974  1.37725535    N  971  1.33941555
   973  N    3.05636484    C  972  1.39158287    H 2361  0.86304077    H 2360  0.83749000
   974  N    3.08573400    C  972  1.37725535    H 2363  0.84600419    H 2362  0.83765561
   975  N    3.19759903    C  966  1.39634367    C  976  0.96513013    H 2364  0.86961575    O  967  0.08336935
   976  C    3.87885315    C  979  0.99304731    C  977  0.97458614    N  975  0.96513013    H 2365  0.89575440
   977  C    3.95194978    O  978  1.60923978    N  987  1.37268052    C  976  0.97458614
   978  O    1.73421181    C  977  1.60923978    N  987  0.08261387
   979  C    3.82896776    C  980  1.01386034    C  976  0.99304731    H 2367  0.92029712    H 2366  0.89753069
   980  C    3.87687984    C  981  1.38916129    C  982  1.37607985    C  979  1.01386034
   981  C    3.84822070    C  983  1.42275998    C  980  1.38916129    H 2368  0.91433523    C  984  0.05443738
   982  C    3.83102943    C  984  1.41214039    C  980  1.37607985    H 2369  0.90326960    C  983  0.05692086
   983  C    3.81686191    C  981  1.42275998    C  985  1.35971799    H 2370  0.90844745    C  982  0.05692086
   984  C    3.81621093    C  982  1.41214039    C  985  1.37321926    H 2371  0.90892551    C  981  0.05443738
   985  C    3.85226777    C  984  1.37321926    C  983  1.35971799    O  986  1.00063886
   986  O    1.80888655    C  985  1.00063886    H 2372  0.72638512
   987  N    3.20596487    C  977  1.37268052    C  988  0.96290736    H 2373  0.87125073    O  978  0.08261387
   988  C    3.87515913    C  991  0.99658017    C  989  0.98326103    N  987  0.96290736    H 2374  0.90619515
   989  C    3.95163532    O  990  1.61151284    N  993  1.36104505    C  988  0.98326103
   990  O    1.74985673    C  989  1.61151284    N  993  0.08249928
   991  C    3.75944944    C  988  0.99658017    O  992  0.98347797    H 2376  0.92151111    H 2375  0.90576903
   992  O    1.69626770    C  991  0.98347797    H 2377  0.74981639
   993  N    3.17235736    C  989  1.36104505    C  994  0.97907065    H 2378  0.85275108    O  990  0.08249928
   994  C    3.90177824    C  997  1.01293689    N  993  0.97907065    C  995  0.97786902    H 2379  0.88378113
   995  C    3.95766773    O  996  1.58040930    N 1001  1.37578595    C  994  0.97786902
   996  O    1.70812167    C  995  1.58040930    N 1001  0.07754205
   997  C    3.78775411    C  994  1.01293689    C  998  0.98526065    H 2381  0.88944622    H 2380  0.87807126
   998  C    3.93589513    O  999  1.52804083    O 1000  1.45063635    C  997  0.98526065
   999  O    1.68657760    C  998  1.52804083    O 1000  0.10878485
  1000  O    1.54714331    C  998  1.45063635    O  999  0.10878485
  1001  N    3.18432723    C  995  1.37578595    C 1002  0.97107617    H 2382  0.86473492    O  996  0.07754205
  1002  C    3.90977572    C 1005  1.01409499    C 1003  0.99035917    N 1001  0.97107617    H 2383  0.88093347
  1003  C    4.00052324    O 1004  1.60692407    N 1010  1.39976448    C 1002  0.99035917
  1004  O    1.76252393    C 1003  1.60692407    N 1010  0.08883191
  1005  C    3.84307905    C 1006  1.03947312    C 1002  1.01409499    H 2385  0.89120505    H 2384  0.88719888
  1006  C    3.81836514    C 1005  1.03947312    C 1007  0.98022703    H 2386  0.89170659    H 2387  0.88686699
  1007  C    3.98297722    O 1008  1.51772744    O 1009  1.50343473    C 1006  0.98022703
  1008  O    1.66546047    C 1007  1.51772744    O 1009  0.12286154
  1009  O    1.67341104    C 1007  1.50343473    O 1008  0.12286154
  1010  N    3.21442963    C 1003  1.39976448    C 1011  0.99343128    H 2388  0.84287407    O 1004  0.08883191
  1011  C    3.81646783    C 1012  1.00300446    N 1010  0.99343128    H 2390  0.89038708    H 2389  0.87957060
  1012  C    3.98214834    O 1013  1.59599414    N 1014  1.39766872    C 1011  1.00300446
  1013  O    1.76344789    C 1012  1.59599414    N 1014  0.08932133
  1014  N    3.21057721    C 1012  1.39766872    C 1015  0.98269427    H 2391  0.86340401    O 1013  0.08932133
  1015  C    3.79012214    C 1016  0.99601405    N 1014  0.98269427    H 2392  0.89885517    H 2393  0.87900264
  1016  C    3.95266986    O 1017  1.60734894    N 1018  1.37488512    C 1015  0.99601405
  1017  O    1.74078416    C 1016  1.60734894    N 1018  0.08591614
  1018  N    3.18768699    C 1016  1.37488512    C 1019  0.96281141    H 2394  0.87366498    O 1017  0.08591614
  1019  C    3.88167082    C 1022  1.00219399    C 1020  0.97039980    N 1018  0.96281141    H 2395  0.91835253
  1020  C    3.91672809    O 1021  1.52659731    N 1026  1.39577002    C 1019  0.97039980
  1021  O    1.64413962    C 1020  1.52659731    N 1026  0.07814073
  1022  C    3.79239909    C 1023  1.00364406    C 1019  1.00219399    H 2397  0.92351109    H 2396  0.87129142
  1023  C    3.97009742    O 1024  1.58882441    N 1025  1.38893156    C 1022  1.00364406
  1024  O    1.73200210    C 1023  1.58882441    N 1025  0.09335801
  1025  N    3.17111175    C 1023  1.38893156    H 2398  0.84544128    H 2399  0.84265945    O 1024  0.09335801
  1026  N    3.23288086    C 1020  1.39577002    C 1027  0.94768156    H 2400  0.86020057    O 1021  0.07814073
  1027  C    3.87029668    C 1030  1.00022827    C 1028  0.97633695    N 1026  0.94768156    H 2401  0.93320376
  1028  C    3.93285927    O 1029  1.59393468    N 1034  1.37883130    C 1027  0.97633695
  1029  O    1.67926169    C 1028  1.59393468    N 1034  0.08426432
  1030  C    3.80978424    C 1027  1.00022827    C 1031  0.99132314    H 2403  0.92311482    H 2402  0.91356868
  1031  C    3.87288881    S 1032  1.10439712    C 1030  0.99132314    H 2404  0.89604380    H 2405  0.89114990
  1032  S    2.19386837    C 1033  1.11234929    C 1031  1.10439712
  1033  C    3.80877377    S 1032  1.11234929    H 2407  0.91666501    H 2408  0.91389419    H 2406  0.89816030
  1034  N    3.18845248    C 1028  1.37883130    C 1035  0.96723963    H 2409  0.87511491    O 1029  0.08426432
  1035  C    3.87353789    C 1038  1.00893357    C 1036  0.97619351    N 1034  0.96723963    H 2410  0.89748718
  1036  C    3.93979342    O 1037  1.59173754    N 1042  1.37886014    C 1035  0.97619351
  1037  O    1.68932498    C 1036  1.59173754    N 1042  0.08203745
  1038  C    3.76264388    C 1035  1.00893357    C 1039  0.99758711    H 2411  0.89011463    H 2412  0.88163196
  1039  C    3.88837565    O 1040  1.47376136    O 1041  1.35245865    C 1038  0.99758711    Ca1396  0.08573394
  1040  O    1.67906303    C 1039  1.47376136    Ca1396  0.10966537    O 1041  0.10701947
  1041  O    1.70217387    C 1039  1.35245865    Ca1396  0.20054017    O 1040  0.10701947
  1042  N    3.20045604    C 1036  1.37886014    C 1043  0.95565192    H 2413  0.87623500    O 1037  0.08203745
  1043  C    3.86922272    C 1046  0.99704494    C 1044  0.97752082    N 1042  0.95565192    H 2414  0.91352721
  1044  C    3.93050496    O 1045  1.59541563    N 1053  1.37235330    C 1043  0.97752082
  1045  O    1.69919621    C 1044  1.59541563    N 1053  0.08473209
  1046  C    3.83384982    C 1047  1.01281142    C 1043  0.99704494    H 2415  0.92230701    H 2416  0.89724611
  1047  C    3.87386414    C 1048  1.38178458    C 1049  1.38008663    C 1046  1.01281142    C 1052  0.05427441
  1048  C    3.81614620    C 1050  1.40852289    C 1047  1.38178458    H 2417  0.92113344    C 1051  0.05811140
  1049  C    3.83171940    C 1051  1.41630875    C 1047  1.38008663    H 2418  0.91406791    C 1050  0.05716586
  1050  C    3.81339990    C 1052  1.40894057    C 1048  1.40852289    H 2419  0.92172433    C 1049  0.05716586
  1051  C    3.82686613    C 1049  1.41630875    C 1052  1.40682413    H 2420  0.91154106    C 1048  0.05811140
  1052  C    3.82125488    C 1050  1.40894057    C 1051  1.40682413    H 2421  0.91396769    C 1047  0.05427441
  1053  N    3.17976684    C 1044  1.37235330    C 1054  0.95728627    H 2422  0.86902478    O 1045  0.08473209
  1054  C    3.86396481    C 1057  0.98586040    C 1055  0.97665731    N 1053  0.95728627    H 2423  0.89776534
  1055  C    3.93013932    O 1056  1.58981142    N 1061  1.37289983    C 1054  0.97665731
  1056  O    1.71164391    C 1055  1.58981142    N 1061  0.08093096
  1057  C    3.75168148    C 1058  0.99312676    C 1054  0.98586040    H 2425  0.88891753    H 2424  0.87510298
  1058  C    3.88867959    O 1060  1.42938302    O 1059  1.39121203    C 1057  0.99312676    Ca1396  0.09101295
  1059  O    1.66587801    C 1058  1.39121203    Ca1396  0.14715885    O 1060  0.10746112
  1060  O    1.72190233    C 1058  1.42938302    Ca1396  0.16058768    O 1059  0.10746112
  1061  N    3.17492460    C 1055  1.37289983    C 1062  0.96489418    H 2426  0.88631206    O 1056  0.08093096
  1062  C    3.86760808    C 1065  1.00983548    C 1063  0.96799851    N 1061  0.96489418    H 2427  0.91224334
  1063  C    3.93539782    O 1064  1.58840123    N 1069  1.38556859    C 1062  0.96799851
  1064  O    1.71373795    C 1063  1.58840123    N 1069  0.08517901
  1065  C    3.76728739    C 1062  1.00983548    C 1066  0.99817335    H 2428  0.88671470    H 2429  0.88565742
  1066  C    3.93105537    O 1067  1.60789455    N 1068  1.31135224    C 1065  0.99817335
  1067  O    1.77807524    C 1066  1.60789455    N 1068  0.07404571
  1068  N    3.23820337    C 1066  1.31135224    H 2430  0.90500614    H 2431  0.88781468    Ca1396  0.15357911    O 1067  0.07404571
  1069  N    3.19445486    C 1063  1.38556859    C 1070  0.95470802    H 2432  0.88030256    O 1064  0.08517901
  1070  C    3.87266338    C 1073  0.99839512    C 1071  0.96360329    N 1069  0.95470802    H 2433  0.92638075
  1071  C    3.92556231    O 1072  1.59511527    N 1080  1.37945150    C 1070  0.96360329
  1072  O    1.72409432    C 1071  1.59511527    N 1080  0.08716307
  1073  C    3.83012101    C 1074  1.00861197    C 1070  0.99839512    H 2434  0.91737826    H 2435  0.90862866
  1074  C    3.86384053    C 1075  1.38431782    C 1076  1.37547767    C 1073  1.00861197    C 1079  0.05391377
  1075  C    3.81202939    C 1077  1.40244799    C 1074  1.38431782    H 2436  0.91737342    C 1078  0.05767753
  1076  C    3.82945265    C 1078  1.41713623    C 1074  1.37547767    H 2437  0.91816427    C 1077  0.05720931
  1077  C    3.81668499    C 1079  1.41496650    C 1075  1.40244799    H 2438  0.92365462    C 1076  0.05720931
  1078  C    3.82513453    C 1076  1.41713623    C 1079  1.39672380    H 2439  0.91642877    C 1075  0.05767753
  1079  C    3.82680141    C 1077  1.41496650    C 1078  1.39672380    H 2440  0.91485817    C 1074  0.05391377
  1080  N    3.18766731    C 1071  1.37945150    C 1081  0.96246656    H 2441  0.88262730    O 1072  0.08716307
  1081  C    3.86199106    C 1082  0.97696554    C 1084  0.96604346    N 1080  0.96246656    H 2442  0.91595992
  1082  C    3.93026739    O 1083  1.58214340    N 1088  1.38308211    C 1081  0.97696554
  1083  O    1.68021258    C 1082  1.58214340    N 1088  0.08321250
  1084  C    3.86875720    C 1086  1.01962197    C 1085  0.99407273    C 1081  0.96604346    H 2443  0.90359029
  1085  C    3.82208101    C 1087  1.04477862    C 1084  0.99407273    H 2445  0.91655354    H 2444  0.90929761
  1086  C    3.73446630    C 1084  1.01962197    H 2448  0.92707089    H 2447  0.92107931    H 2446  0.91058551
  1087  C    3.73502608    C 1085  1.04477862    H 2451  0.92869962    H 2450  0.92843465    H 2449  0.91783319
  1088  N    3.17817045    C 1082  1.38308211    C 1089  0.95649123    H 2452  0.87496386    O 1083  0.08321250
  1089  C    3.86380312    C 1092  0.98200042    C 1090  0.97790162    N 1088  0.95649123    H 2453  0.90660048
  1090  C    3.93820866    O 1091  1.58795794    N 1094  1.38110887    C 1089  0.97790162
  1091  O    1.71872462    C 1090  1.58795794    N 1094  0.08536578
  1092  C    3.75004546    C 1089  0.98200042    O 1093  0.97562702    H 2454  0.91265569    H 2455  0.90727652
  1093  O    1.70968194    C 1092  0.97562702    H 2456  0.75918056
  1094  N    3.18935356    C 1090  1.38110887    C 1095  0.95361078    H 2457  0.88054958    O 1091  0.08536578
  1095  C    3.86937408    C 1096  0.98229023    C 1098  0.96963592    N 1094  0.95361078    H 2458  0.91638009
  1096  C    3.94575827    O 1097  1.57366518    N 1100  1.39144299    C 1095  0.98229023
  1097  O    1.67969290    C 1096  1.57366518    N 1100  0.08401551
  1098  C    3.84698588    S 1099  1.08486613    C 1095  0.96963592    H 2459  0.90176807    H 2460  0.89427736
  1099  S    1.86785286    C 1098  1.08486613    H 2461  0.87301583
  1100  N    3.17889365    C 1096  1.39144299    C 1101  0.95358231    H 2462  0.87194018    O 1097  0.08401551
  1101  C    3.86693362    C 1104  1.00148666    C 1102  0.97427383    N 1100  0.95358231    H 2463  0.92305722
  1102  C    3.92670513    O 1103  1.56456571    N 1108  1.38950540    C 1101  0.97427383
  1103  O    1.68135119    C 1102  1.56456571    N 1108  0.08082910
  1104  C    3.79395561    C 1101  1.00148666    C 1105  0.98665554    H 2464  0.91099129    H 2465  0.90771424
  1105  C    3.87569962    C 1107  1.02244424    C 1106  1.00389587    C 1104  0.98665554    H 2466  0.89896553
  1106  C    3.73286271    C 1105  1.00389587    H 2469  0.92676600    H 2467  0.91616555    H 2468  0.91541927
  1107  C    3.74057681    C 1105  1.02244424    H 2471  0.92864064    H 2472  0.92817763    H 2470  0.91617589
  1108  N    3.18064721    C 1102  1.38950540    C 1109  0.95391740    H 2473  0.87319551    O 1103  0.08082910
  1109  C    3.85598875    C 1110  0.98260638    C 1112  0.96114708    N 1108  0.95391740    H 2474  0.91190632
  1110  C    3.95891254    O 1111  1.60725858    N 1115  1.38300622    C 1109  0.98260638
  1111  O    1.73401625    C 1110  1.60725858    N 1115  0.08376858
  1112  C    3.85941723    C 1114  1.01568560    C 1113  1.01509490    C 1109  0.96114708    H 2475  0.90760909
  1113  C    3.73699994    C 1112  1.01509490    H 2477  0.92519628    H 2478  0.92159262    H 2476  0.91023384
  1114  C    3.73971367    C 1112  1.01568560    H 2480  0.93375961    H 2481  0.93047529    H 2479  0.92277775
  1115  N    3.17947328    C 1110  1.38300622    C 1116  0.96086479    H 2482  0.87399564    O 1111  0.08376858
  1116  C    3.87821085    C 1119  1.00640566    C 1117  0.97467016    N 1115  0.96086479    H 2483  0.90513515
  1117  C    3.93179003    O 1118  1.57330570    N 1126  1.39411593    C 1116  0.97467016
  1118  O    1.67137587    C 1117  1.57330570    N 1126  0.08201908
  1119  C    3.81172545    C 1120  1.02975996    C 1116  1.00640566    H 2484  0.90928781    H 2485  0.89744764
  1120  C    3.82593735    C 1121  1.04457805    C 1119  1.02975996    H 2486  0.92523952    H 2487  0.90455914
  1121  C    3.83790516    C 1120  1.04457805    N 1122  0.98755591    H 2489  0.91832120    H 2488  0.91014808
  1122  N    3.17506906    C 1123  1.34689636    C 1121  0.98755591    H 2490  0.85588081
  1123  C    4.10798274    N 1124  1.40453831    N 1125  1.35977835    N 1122  1.34689636
  1124  N    2.99760355    C 1123  1.40453831    H 2491  0.86727342    H 2492  0.85765484
  1125  N    3.06531418    C 1123  1.35977835    H 2493  0.85840209    H 2494  0.85607195
  1126  N    3.18749687    C 1117  1.39411593    C 1127  0.95774808    H 2495  0.87052914    O 1118  0.08201908
  1127  C    3.87765079    C 1130  1.01189721    C 1128  0.97339946    N 1126  0.95774808    H 2496  0.90986303
  1128  C    3.93386935    O 1129  1.57669112    N 1134  1.39534592    C 1127  0.97339946
  1129  O    1.68686561    C 1128  1.57669112    N 1134  0.08651198
  1130  C    3.80681755    C 1127  1.01189721    C 1131  1.00310858    H 2497  0.90952466    H 2498  0.90278163
  1131  C    3.90524384    C 1133  1.02609458    C 1132  1.02074645    C 1130  1.00310858    H 2499  0.89983128
  1132  C    3.74482545    C 1131  1.02074645    H 2501  0.91559423    H 2502  0.91341634    H 2500  0.91197760
  1133  C    3.72880400    C 1131  1.02609458    H 2504  0.92045743    H 2503  0.91311663    H 2505  0.91233137
  1134  N    3.18156803    C 1128  1.39534592    C 1135  0.95095499    H 2506  0.86824043    O 1129  0.08651198
  1135  C    3.87932188    C 1138  1.00258031    C 1136  0.97980448    N 1134  0.95095499    H 2507  0.91255556
  1136  C    3.95425421    O 1137  1.59196765    N 1142  1.39108305    C 1135  0.97980448
  1137  O    1.70071420    C 1136  1.59196765    N 1142  0.08336588
  1138  C    3.77233413    C 1135  1.00258031    C 1139  0.95840496    H 2508  0.91748204    H 2509  0.90228279
  1139  C    3.92779288    O 1140  1.50813643    O 1141  1.49198805    C 1138  0.95840496
  1140  O    1.66507632    C 1139  1.50813643    O 1141  0.11361049
  1141  O    1.64242123    C 1139  1.49198805    O 1140  0.11361049
  1142  N    3.18506465    C 1136  1.39108305    C 1143  0.95906548    H 2510  0.86591014    O 1137  0.08336588
  1143  C    3.88254334    C 1146  1.02351254    C 1144  0.98503315    N 1142  0.95906548    H 2511  0.91007922
  1144  C    3.94154697    O 1145  1.58018284    N 1147  1.38653651    C 1143  0.98503315
  1145  O    1.69394223    C 1144  1.58018284    N 1147  0.08292261
  1146  C    3.71480334    C 1143  1.02351254    H 2514  0.92072872    H 2513  0.91781007    H 2512  0.91233317
  1147  N    3.16813590    C 1144  1.38653651    C 1148  0.96908754    H 2515  0.86335627    O 1145  0.08292261
  1148  C    3.90630466    C 1151  1.01236006    C 1149  0.97487280    N 1147  0.96908754    H 2516  0.91111741
  1149  C    3.95123197    O 1150  1.59258121    N 1155  1.38970025    C 1148  0.97487280
  1150  O    1.72571442    C 1149  1.59258121    N 1155  0.08439370
  1151  C    3.80629581    C 1148  1.01236006    C 1152  0.98538947    H 2517  0.90224680    H 2518  0.89697105
  1152  C    3.86713616    S 1153  1.08813374    C 1151  0.98538947    H 2520  0.88627698    H 2519  0.87974982
  1153  S    2.24433610    C 1154  1.13167470    C 1152  1.08813374
  1154  C    3.82530873    S 1153  1.13167470    H 2522  0.89619335    H 2523  0.89234481    H 2521  0.88986054
  1155  N    3.19118362    C 1149  1.38970025    C 1156  0.96000934    H 2524  0.86543049    O 1150  0.08439370
  1156  C    3.87354317    C 1159  1.00147386    C 1157  0.97167624    N 1155  0.96000934    H 2525  0.90202579
  1157  C    3.94144053    O 1158  1.58118337    N 1166  1.39296778    C 1156  0.97167624
  1158  O    1.69039076    C 1157  1.58118337    N 1166  0.08321101
  1159  C    3.82270250    C 1160  1.00474955    C 1156  1.00147386    H 2527  0.90226925    H 2526  0.89317560
  1160  C    3.88086222    C 1162  1.38452077    C 1161  1.38127724    C 1159  1.00474955    C 1165  0.05467777
  1161  C    3.85116414    C 1163  1.41928945    C 1160  1.38127724    H 2528  0.91369024    C 1164  0.05886545
  1162  C    3.81941625    C 1164  1.40583328    C 1160  1.38452077    H 2529  0.90921947    C 1163  0.05800596
  1163  C    3.86007952    C 1161  1.41928945    C 1165  1.40432953    H 2530  0.90770496    C 1162  0.05800596
  1164  C    3.82221572    C 1165  1.41020985    C 1162  1.40583328    H 2531  0.91130852    C 1161  0.05886545
  1165  C    3.84800671    C 1164  1.41020985    C 1163  1.40432953    H 2532  0.90889407    C 1160  0.05467777
  1166  N    3.17217246    C 1157  1.39296778    C 1167  0.95825927    H 2533  0.85386987    O 1158  0.08321101
  1167  C    3.88781287    C 1170  1.00594897    C 1168  0.98327060    N 1166  0.95825927    H 2534  0.89877556
  1168  C    3.96573675    O 1169  1.58129805    N 1177  1.39678447    C 1167  0.98327060
  1169  O    1.69254055    C 1168  1.58129805    N 1177  0.08242334
  1170  C    3.80913521    C 1171  1.02398957    C 1167  1.00594897    H 2536  0.89976120    H 2535  0.89665904
  1171  C    3.80541928    C 1170  1.02398957    C 1172  1.01207407    H 2537  0.90185979    H 2538  0.89817065
  1172  C    3.83905048    C 1171  1.01207407    N 1173  1.00138314    H 2540  0.94019172    H 2539  0.89683149
  1173  N    3.13953144    C 1174  1.34525821    C 1172  1.00138314    H 2541  0.86095046
  1174  C    4.08842316    N 1176  1.38490751    N 1175  1.36453637    N 1173  1.34525821
  1175  N    3.06087009    C 1174  1.36453637    H 2543  0.86845057    H 2542  0.84555833
  1176  N    3.05846542    C 1174  1.38490751    H 2544  0.85177543    H 2545  0.84440612
  1177  N    3.19514871    C 1168  1.39678447    C 1178  0.96413632    H 2546  0.85547806    O 1169  0.08242334
  1178  C    3.88740395    C 1181  1.02067935    C 1179  0.98485629    N 1177  0.96413632    H 2547  0.89791131
  1179  C    3.96143825    O 1180  1.59308448    N 1182  1.38913126    C 1178  0.98485629
  1180  O    1.71762578    C 1179  1.59308448    N 1182  0.08429880
  1181  C    3.71587192    C 1178  1.02067935    H 2550  0.91354673    H 2548  0.90540418    H 2549  0.89808810
  1182  N    3.18909061    C 1179  1.38913126    C 1183  0.96274684    H 2551  0.84968142    O 1180  0.08429880
  1183  C    3.88430663    C 1186  1.00427352    C 1184  0.98079221    N 1182  0.96274684    H 2552  0.89442320
  1184  C    3.96098320    O 1185  1.60157711    N 1193  1.39541435    C 1183  0.98079221
  1185  O    1.72841295    C 1184  1.60157711    N 1193  0.08454673
  1186  C    3.82656992    C 1187  1.01456394    C 1183  1.00427352    H 2553  0.89392986    H 2554  0.88634826
  1187  C    3.89483574    C 1188  1.38484553    C 1189  1.37988353    C 1186  1.01456394    C 1192  0.05448139
  1188  C    3.83703585    C 1190  1.41911632    C 1187  1.38484553    H 2555  0.90103328    C 1191  0.05812154
  1189  C    3.83586032    C 1191  1.41324961    C 1187  1.37988353    H 2556  0.90055256    C 1190  0.05887159
  1190  C    3.84770452    C 1188  1.41911632    C 1192  1.41698267    H 2557  0.90407296    C 1189  0.05887159
  1191  C    3.84427023    C 1189  1.41324961    C 1192  1.41281507    H 2558  0.90113692    C 1188  0.05812154
  1192  C    3.84936770    C 1190  1.41698267    C 1191  1.41281507    H 2559  0.91516338    C 1187  0.05448139
  1193  N    3.17745408    C 1184  1.39541435    C 1194  0.96906342    H 2560  0.85194321    O 1185  0.08454673
  1194  C    3.89518224    C 1197  1.00886764    C 1195  0.98692534    N 1193  0.96906342    H 2561  0.88557128
  1195  C    3.97658588    O 1196  1.60458715    N 1202  1.39006132    C 1194  0.98692534
  1196  O    1.74150042    C 1195  1.60458715    N 1202  0.08391316
  1197  C    3.81059857    C 1198  1.02339700    C 1194  1.00886764    H 2563  0.89543265    H 2562  0.89074351
  1198  C    3.81982803    C 1197  1.02339700    C 1199  1.01870231    H 2565  0.89618420    H 2564  0.89434103
  1199  C    3.81951804    C 1200  1.04504770    C 1198  1.01870231    H 2566  0.89999212    H 2567  0.89317223
  1200  C    3.73210055    C 1199  1.04504770    N 1201  0.92737767    H 2569  0.90946087    H 2568  0.90523083
  1201  N    3.36816335    C 1200  0.92737767    H 2572  0.82980630    H 2571  0.81445178    H 2570  0.80876572
  1202  N    3.17167472    C 1195  1.39006132    C 1203  0.97101030    H 2573  0.84848420    O 1196  0.08391316
  1203  C    3.88670682    C 1206  0.99294984    C 1204  0.98811320    N 1202  0.97101030    H 2574  0.89410044
  1204  C    3.98199973    O 1205  1.60178552    N 1208  1.39790086    C 1203  0.98811320
  1205  O    1.74225887    C 1204  1.60178552    N 1208  0.08523465
  1206  C    3.75228928    C 1203  0.99294984    O 1207  0.97697547    H 2576  0.89210373    H 2575  0.88824202
  1207  O    1.69776015    C 1206  0.97697547    H 2577  0.73037868
  1208  N    3.17575089    C 1204  1.39790086    C 1209  0.97356050    H 2578  0.85153878    O 1205  0.08523465
  1209  C    3.89189102    C 1212  1.01997878    C 1210  0.97577780    N 1208  0.97356050    H 2579  0.89196658
  1210  C    3.96382682    O 1211  1.60566153    N 1216  1.38780055    C 1209  0.97577780
  1211  O    1.75577111    C 1210  1.60566153    N 1216  0.08502056
  1212  C    3.80723699    C 1209  1.01997878    C 1213  1.00136013    H 2581  0.89680700    H 2580  0.89550059
  1213  C    3.91517580    C 1215  1.02614018    C 1214  1.02592120    C 1212  1.00136013    H 2582  0.88629751
  1214  C    3.74119860    C 1213  1.02592120    H 2584  0.91148692    H 2583  0.90558068    H 2585  0.89996620
  1215  C    3.71828247    C 1213  1.02614018    H 2588  0.90284879    H 2586  0.90108761    H 2587  0.90044448
  1216  N    3.20643270    C 1210  1.38780055    C 1217  0.96147312    H 2589  0.85762302    O 1211  0.08502056
  1217  C    3.87696021    C 1220  1.01690712    C 1218  0.97467718    N 1216  0.96147312    H 2590  0.89105415
  1218  C    3.93983558    O 1219  1.61140613    N 1224  1.37541458    C 1217  0.97467718
  1219  O    1.75181732    C 1218  1.61140613    N 1224  0.08704763
  1220  C    3.77447626    C 1217  1.01690712    C 1221  0.97651792    H 2591  0.89927482    H 2592  0.87878503
  1221  C    3.94715051    O 1223  1.53198158    O 1222  1.45893165    C 1220  0.97651792
  1222  O    1.57182372    C 1221  1.45893165    O 1223  0.11449782
  1223  O    1.67115236    C 1221  1.53198158    O 1222  0.11449782
  1224  N    3.18023502    C 1218  1.37541458    C 1225  0.96760314    H 2593  0.84217478    O 1219  0.08704763
  1225  C    3.88978354    C 1228  1.01625812    C 1226  0.98256861    N 1224  0.96760314    H 2594  0.88194109
  1226  C    3.97700303    O 1227  1.60446905    N 1233  1.39238917    C 1225  0.98256861
  1227  O    1.76157138    C 1226  1.60446905    N 1233  0.08753931
  1228  C    3.82686306    C 1229  1.03626235    C 1225  1.01625812    H 2595  0.89655447    H 2596  0.89041584
  1229  C    3.82904436    C 1228  1.03626235    C 1230  1.02971639    H 2598  0.89082616    H 2597  0.89067246
  1230  C    3.80558055    C 1231  1.04899713    C 1229  1.02971639    H 2600  0.89907800    H 2599  0.88236153
  1231  C    3.73801287    C 1230  1.04899713    N 1232  0.94051005    H 2601  0.90295762    H 2602  0.89310525
  1232  N    3.35359592    C 1231  0.94051005    H 2605  0.82340543    H 2604  0.81384724    H 2603  0.81027492
  1233  N    3.19542931    C 1226  1.39238917    C 1234  0.97781866    H 2606  0.83944157    O 1227  0.08753931
  1234  C    3.91157226    C 1237  1.02046976    C 1235  0.98188247    N 1233  0.97781866    H 2607  0.87975172
  1235  C    3.97635397    O 1236  1.59338292    N 1241  1.39687600    C 1234  0.98188247
  1236  O    1.76063784    C 1235  1.59338292    N 1241  0.08930314
  1237  C    3.78330074    C 1234  1.02046976    C 1238  0.96787298    H 2609  0.88915009    H 2608  0.87128319
  1238  C    3.97660564    O 1239  1.51511285    O 1240  1.51049060    C 1237  0.96787298
  1239  O    1.69181296    C 1238  1.51511285    O 1240  0.12107193
  1240  O    1.66193040    C 1238  1.51049060    O 1239  0.12107193
  1241  N    3.22558428    C 1235  1.39687600    C 1242  0.98629450    H 2610  0.84724891    O 1236  0.08930314
  1242  C    3.80035777    C 1243  1.00440050    N 1241  0.98629450    H 2611  0.89538699    H 2612  0.86978907
  1243  C    3.97156116    O 1244  1.59622865    N 1245  1.38795430    C 1242  1.00440050
  1244  O    1.75772019    C 1243  1.59622865    N 1245  0.08773025
  1245  N    3.18412037    C 1243  1.38795430    C 1246  0.98337204    H 2613  0.84949093    O 1244  0.08773025
  1246  C    3.89570723    N 1245  0.98337204    C 1247  0.98153496    C 1249  0.97569361    H 2614  0.87358721
  1247  C    3.98604265    O 1248  1.59915554    N 1252  1.40155523    C 1246  0.98153496
  1248  O    1.75460080    C 1247  1.59915554    N 1252  0.08797806
  1249  C    3.83444745    C 1251  1.01819276    C 1246  0.97569361    O 1250  0.94442502    H 2615  0.87999946
  1250  O    1.67810247    C 1249  0.94442502    H 2616  0.72891147
  1251  C    3.72599075    C 1249  1.01819276    H 2619  0.90889020    H 2617  0.89885109    H 2618  0.89853789
  1252  N    3.21803892    C 1247  1.40155523    C 1253  0.98875969    H 2620  0.84303766    O 1248  0.08797806
  1253  C    3.79639827    C 1254  0.99548475    N 1252  0.98875969    H 2621  0.88782815    H 2622  0.87118918
  1254  C    3.96027245    O 1255  1.60033312    N 1256  1.38237837    C 1253  0.99548475
  1255  O    1.75030319    C 1254  1.60033312    N 1256  0.08749106
  1256  N    3.19951620    C 1254  1.38237837    C 1257  0.96421468    H 2623  0.84717976    O 1255  0.08749106
  1257  C    3.89152152    C 1260  1.00976926    C 1258  0.98416915    N 1256  0.96421468    H 2624  0.89914424
  1258  C    3.96872231    O 1259  1.61652192    N 1265  1.38234708    C 1257  0.98416915
  1259  O    1.74674884    C 1258  1.61652192    N 1265  0.08793055
  1260  C    3.84678499    C 1261  1.04677155    C 1257  1.00976926    H 2626  0.89337266    H 2625  0.88252662
  1261  C    3.83066278    C 1260  1.04677155    C 1262  1.01173864    H 2627  0.89737585    H 2628  0.87738445
  1262  C    4.00444125    O 1263  1.59095700    N 1264  1.40407669    C 1261  1.01173864
  1263  O    1.74106183    C 1262  1.59095700    N 1264  0.09462358
  1264  N    3.17082829    C 1262  1.40407669    H 2629  0.83170451    H 2630  0.83112894    O 1263  0.09462358
  1265  N    3.19722844    C 1258  1.38234708    C 1266  0.96978259    H 2631  0.83969927    O 1259  0.08793055
  1266  C    3.87782309    C 1267  0.98660499    N 1265  0.96978259    C 1269  0.96828265    H 2632  0.89022817
  1267  C    3.95900454    O 1268  1.60138206    N 1273  1.37843461    C 1266  0.98660499
  1268  O    1.71874416    C 1267  1.60138206    N 1273  0.08673259
  1269  C    3.90179065    C 1271  1.04320655    C 1270  1.01866576    C 1266  0.96828265    H 2633  0.87642625
  1270  C    3.83820234    C 1272  1.05084145    C 1269  1.01866576    H 2635  0.90606675    H 2634  0.89335344
  1271  C    3.72091735    C 1269  1.04320655    H 2638  0.91464884    H 2637  0.91160023    H 2636  0.90192797
  1272  C    3.72728240    C 1270  1.05084145    H 2641  0.91052540    H 2640  0.90630946    H 2639  0.90024661
  1273  N    3.22381456    C 1267  1.37843461    C 1274  0.95827494    H 2642  0.82974682    O 1268  0.08673259
  1274  C    3.88853202    C 1277  1.00609622    C 1275  0.97894965    N 1273  0.95827494    H 2643  0.90551041
  1275  C    3.96296017    O 1276  1.62192220    N 1282  1.38206312    C 1274  0.97894965
  1276  O    1.75291493    C 1275  1.62192220    N 1282  0.09034415
  1277  C    3.82312562    C 1278  1.02317022    C 1274  1.00609622    H 2644  0.89352711    H 2645  0.88715178
  1278  C    3.80227281    C 1277  1.02317022    C 1279  1.00059197    H 2646  0.90415043    H 2647  0.87295075
  1279  C    3.98493146    O 1280  1.58415401    N 1281  1.40028327    C 1278  1.00059197
  1280  O    1.73561862    C 1279  1.58415401    N 1281  0.09575610
  1281  N    3.17209499    C 1279  1.40028327    H 2649  0.83283700    H 2648  0.83182569    O 1280  0.09575610
  1282  N    3.20214894    C 1275  1.38206312    C 1283  0.96778528    H 2650  0.83709642    O 1276  0.09034415
  1283  C    3.89308749    C 1284  0.99036771    C 1286  0.97573362    N 1282  0.96778528    H 2651  0.89578463
  1284  C    3.96295343    O 1285  1.60811580    N 1289  1.37495883    C 1283  0.99036771
  1285  O    1.73523677    C 1284  1.60811580    N 1289  0.08634372
  1286  C    3.90612797    C 1288  1.03967353    C 1287  1.03398253    C 1283  0.97573362    H 2652  0.88563397
  1287  C    3.71674489    C 1286  1.03398253    H 2655  0.90690642    H 2654  0.89308008    H 2653  0.89002158
  1288  C    3.73064763    C 1286  1.03967353    H 2657  0.91402842    H 2658  0.90076787    H 2656  0.89568232
  1289  N    3.18810903    C 1284  1.37495883    C 1290  0.97052859    H 2659  0.84355961    O 1285  0.08634372
  1290  C    3.88887283    C 1293  1.00622665    C 1291  0.98001492    N 1289  0.97052859    H 2660  0.87740710
  1291  C    3.94974571    O 1292  1.59404501    N 1297  1.37290396    C 1290  0.98001492
  1292  O    1.68259974    C 1291  1.59404501    N 1297  0.08165689
  1293  C    3.78852609    C 1294  1.01288190    C 1290  1.00622665    H 2661  0.89864042    H 2662  0.87123817
  1294  C    3.99300789    O 1295  1.58496383    N 1296  1.42069715    C 1293  1.01288190
  1295  O    1.67433387    C 1294  1.58496383    N 1296  0.08995979
  1296  N    3.15763860    C 1294  1.42069715    H 2664  0.83647078    H 2663  0.82974775    O 1295  0.08995979
  1297  N    3.19746312    C 1291  1.37290396    C 1298  0.97596664    H 2665  0.84081791    O 1292  0.08165689
  1298  C    3.88151680    C 1299  0.98775876    N 1297  0.97596664    C 1301  0.97336948    H 2666  0.88301949
  1299  C    3.96834471    O 1300  1.60594132    N 1305  1.39316307    C 1298  0.98775876
  1300  O    1.69890241    C 1299  1.60594132    N 1305  0.08316314
  1301  C    3.90547637    C 1303  1.04097702    C 1302  1.01080303    C 1298  0.97336948    H 2667  0.87578495
  1302  C    3.85742634    C 1304  1.08524578    C 1301  1.01080303    H 2668  0.88533172    H 2669  0.88531894
  1303  C    3.73022518    C 1301  1.04097702    H 2670  0.90150363    H 2672  0.90071373    H 2671  0.89572520
  1304  C    3.74539080    C 1302  1.08524578    H 2675  0.90518645    H 2674  0.89898751    H 2673  0.88939645
  1305  N    3.16691612    C 1299  1.39316307    C 1306  0.96081733    H 2676  0.84492753    O 1300  0.08316314
  1306  C    3.88760794    C 1309  1.01069202    C 1307  0.98405662    N 1305  0.96081733    H 2677  0.88239693
  1307  C    3.96961919    O 1308  1.59873391    N 1314  1.39191841    C 1306  0.98405662
  1308  O    1.73012738    C 1307  1.59873391    N 1314  0.08836727
  1309  C    3.80548770    C 1310  1.03748669    C 1306  1.01069202    H 2678  0.89952875    H 2679  0.89409864
  1310  C    3.80314806    C 1309  1.03748669    C 1311  1.00207380    H 2680  0.88879939    H 2681  0.87223142
  1311  C    3.97929608    O 1312  1.57321694    N 1313  1.40396024    C 1310  1.00207380
  1312  O    1.73629392    C 1311  1.57321694    N 1313  0.09593368
  1313  N    3.15392303    C 1311  1.40396024    H 2683  0.83878300    H 2682  0.82950412    O 1312  0.09593368
  1314  N    3.17708816    C 1307  1.39191841    C 1315  0.95213431    H 2684  0.85568962    O 1308  0.08836727
  1315  C    3.86783715    C 1318  1.01412655    C 1316  0.96660914    N 1314  0.95213431    H 2685  0.88539571
  1316  C    3.94817247    O 1317  1.59301723    N 1323  1.38305045    C 1315  0.96660914
  1317  O    1.70309775    C 1316  1.59301723    N 1323  0.08468768
  1318  C    3.81833053    C 1319  1.03669472    C 1315  1.01412655    H 2687  0.90833147    H 2686  0.87745223
  1319  C    3.81877739    C 1318  1.03669472    C 1320  0.97947043    H 2689  0.89995134    H 2688  0.89868529
  1320  C    3.96980387    O 1322  1.52068113    O 1321  1.48493884    C 1319  0.97947043
  1321  O    1.60365022    C 1320  1.48493884    O 1322  0.11394408
  1322  O    1.68835848    C 1320  1.52068113    O 1321  0.11394408
  1323  N    3.18024816    C 1316  1.38305045    C 1324  0.95368745    H 2690  0.85975325    O 1317  0.08468768
  1324  C    3.85621296    C 1327  1.00475003    C 1325  0.97623873    N 1323  0.95368745    H 2691  0.88367004
  1325  C    3.95056198    O 1326  1.59218594    N 1337  1.37792454    C 1324  0.97623873
  1326  O    1.69038837    C 1325  1.59218594    N 1337  0.08345700
  1327  C    3.85265372    C 1328  1.04122757    C 1324  1.00475003    H 2692  0.90123055    H 2693  0.87835231
  1328  C    3.87579867    C 1329  1.55167049    C 1330  1.20567801    C 1327  1.04122757
  1329  C    3.81497994    C 1328  1.55167049    N 1331  1.22997474    H 2694  0.90492738
  1330  C    3.94913740    C 1333  1.33617915    C 1332  1.27005310    C 1328  1.20567801
  1331  N    3.35381431    C 1329  1.22997474    C 1332  1.18096428    H 2695  0.81142173
  1332  C    3.94892498    C 1334  1.36347723    C 1330  1.27005310    N 1331  1.18096428
  1333  C    3.84026599    C 1335  1.44137399    C 1330  1.33617915    H 2696  0.89626571    C 1334  0.06219885
  1334  C    3.86096571    C 1336  1.46086181    C 1332  1.36347723    H 2697  0.89245592    C 1333  0.06219885
  1335  C    3.83801766    C 1333  1.44137399    C 1336  1.36007685    H 2698  0.89551217
  1336  C    3.86340838    C 1334  1.46086181    C 1335  1.36007685    H 2699  0.89340751
  1337  N    3.16928675    C 1325  1.37792454    C 1338  0.96751698    H 2700  0.85610219    O 1326  0.08345700
  1338  C    3.88982252    C 1341  1.02427391    C 1339  0.97626770    N 1337  0.96751698    H 2701  0.89657073
  1339  C    3.95194496    O 1340  1.58254011    N 1345  1.39394956    C 1338  0.97626770
  1340  O    1.68762910    C 1339  1.58254011    N 1345  0.08316425
  1341  C    3.81296709    C 1338  1.02427391    C 1342  1.00776184    H 2703  0.88751022    H 2702  0.88273589
  1342  C    3.92181465    C 1344  1.03167617    C 1343  1.02316859    C 1341  1.00776184    H 2704  0.88538680
  1343  C    3.73002005    C 1342  1.02316859    H 2707  0.90669372    H 2705  0.89603262    H 2706  0.89272913
  1344  C    3.72080310    C 1342  1.03167617    H 2709  0.90260979    H 2708  0.90064354    H 2710  0.89776439
  1345  N    3.20089387    C 1339  1.39394956    C 1346  0.95871931    H 2711  0.85381210    O 1340  0.08316425
  1346  C    3.87614175    C 1349  1.01734496    C 1347  0.97476748    N 1345  0.95871931    H 2712  0.88846584
  1347  C    3.97218574    O 1348  1.62777995    N 1354  1.38753901    C 1346  0.97476748
  1348  O    1.75011579    C 1347  1.62777995    N 1354  0.08484693
  1349  C    3.82487769    C 1350  1.03238520    C 1346  1.01734496    H 2714  0.90893109    H 2713  0.89754828
  1350  C    3.80232185    C 1349  1.03238520    C 1351  1.00277289    H 2715  0.88941764    H 2716  0.87085903
  1351  C    3.98015842    O 1352  1.60326804    N 1353  1.38607290    C 1350  1.00277289
  1352  O    1.75721909    C 1351  1.60326804    N 1353  0.09549012
  1353  N    3.14796511    C 1351  1.38607290    H 2718  0.85429648    H 2717  0.83426686    O 1352  0.09549012
  1354  N    3.18132332    C 1347  1.38753901    C 1355  0.96854130    H 2719  0.86505611    O 1348  0.08484693
  1355  C    3.88805518    C 1358  1.01670663    C 1356  0.97588226    N 1354  0.96854130    H 2720  0.89621521
  1356  C    3.95674423    O 1357  1.62584200    N 1362  1.36367206    C 1355  0.97588226
  1357  O    1.78471136    C 1356  1.62584200    N 1362  0.08617851
  1358  C    3.81436313    C 1355  1.01670663    C 1359  1.00452236    H 2722  0.89731712    H 2721  0.88896070
  1359  C    3.92859196    C 1360  1.03208644    C 1361  1.02433742    C 1358  1.00452236    H 2723  0.88951349
  1360  C    3.73561201    C 1359  1.03208644    H 2726  0.90400285    H 2724  0.90175718    H 2725  0.89930048
  1361  C    3.73372379    C 1359  1.02433742    H 2729  0.90642035    H 2728  0.90599701    H 2727  0.90518950
  1362  N    3.17882768    C 1356  1.36367206    C 1363  0.97682240    H 2730  0.86653800    O 1357  0.08617851
  1363  C    3.87868604    C 1364  0.98215641    N 1362  0.97682240    C 1366  0.96560964    H 2731  0.88342608
  1364  C    3.96214071    O 1365  1.61016037    N 1369  1.37697033    C 1363  0.98215641
  1365  O    1.74922803    C 1364  1.61016037    N 1369  0.08470817
  1366  C    3.82570444    C 1368  1.02783073    C 1363  0.96560964    O 1367  0.93142210    H 2732  0.88727962
  1367  O    1.66625689    C 1366  0.93142210    H 2733  0.73122789
  1368  C    3.73085911    C 1366  1.02783073    H 2736  0.91075881    H 2734  0.90882409    H 2735  0.90038422
  1369  N    3.18988494    C 1364  1.37697033    C 1370  0.97314981    H 2737  0.85907527    O 1365  0.08470817
  1370  C    3.91725888    C 1373  1.01858596    C 1371  0.97961970    N 1369  0.97314981    H 2738  0.90083664
  1371  C    3.97161620    O 1372  1.60805740    N 1377  1.38468350    C 1370  0.97961970
  1372  O    1.75547852    C 1371  1.60805740    N 1377  0.08933145
  1373  C    3.82208796    C 1370  1.01858596    C 1374  1.00247163    H 2739  0.89646533    H 2740  0.89595913
  1374  C    3.87758877    S 1375  1.09841728    C 1373  1.00247163    H 2741  0.87151868    H 2742  0.87069468
  1375  S    2.24710948    C 1376  1.12625630    C 1374  1.09841728
  1376  C    3.82492755    S 1375  1.12625630    H 2744  0.88905261    H 2743  0.88400451    H 2745  0.88397421
  1377  N    3.21291364    C 1371  1.38468350    C 1378  0.95000455    H 2746  0.85094793    O 1372  0.08933145
  1378  C    3.88094228    C 1381  1.01284338    C 1379  0.97299737    N 1377  0.95000455    H 2747  0.91406325
  1379  C    3.95770128    O 1380  1.62009276    N 1389  1.38911825    C 1378  0.97299737
  1380  O    1.76257159    C 1379  1.62009276    N 1389  0.09187121
  1381  C    3.83987593    C 1378  1.01284338    C 1382  1.00702245    H 2748  0.90460778    H 2749  0.89112495
  1382  C    3.89224022    C 1384  1.38756967    C 1383  1.37966882    C 1381  1.00702245
  1383  C    3.84641099    C 1385  1.41625836    C 1382  1.37966882    H 2750  0.90137465    C 1386  0.05531449
  1384  C    3.86020416    C 1386  1.41796678    C 1382  1.38756967    H 2751  0.91168715    C 1385  0.05617718
  1385  C    3.81826310    C 1383  1.41625836    C 1387  1.36948736    H 2752  0.91163467    C 1384  0.05617718
  1386  C    3.83571645    C 1384  1.41796678    C 1387  1.36840617    H 2753  0.90429469    C 1383  0.05531449
  1387  C    3.87307509    C 1385  1.36948736    C 1386  1.36840617    O 1388  1.01290080
  1388  O    1.79721571    C 1387  1.01290080    H 2754  0.71363473
  1389  N    3.21231496    C 1379  1.38911825    C 1390  0.96117053    H 2755  0.86991099    O 1380  0.09187121
  1390  C    3.85483497    C 1393  0.99939441    N 1389  0.96117053    C 1391  0.95101571    H 2756  0.88475861
  1391  C    3.92732774    O 1392  1.53330912    O 1395  1.45330687    C 1390  0.95101571
  1392  O    1.68528524    C 1391  1.53330912    O 1395  0.10425621
  1393  C    3.74708149    C 1390  0.99939441    O 1394  0.96514883    H 2758  0.91953340    H 2757  0.90483014
  1394  O    1.66746303    C 1393  0.96514883    H 2759  0.74530333
  1395  O    1.59308609    C 1391  1.45330687    O 1392  0.10425621
  1396  Ca   1.39947467    O 1041  0.20054017    O 1060  0.16058768    O  340  0.15882174    N 1068  0.15357911    O 1059  0.14715885    O 1040  0.10966537    C 1058  0.09101295    C 1039  0.08573394
  1397  Ca   1.51534015    H 2764  0.21395507    O  530  0.17901435    O  462  0.15772667    O 1402  0.15664753    O  448  0.11988002    O  531  0.11313802    O  485  0.08351745    O  476  0.07672658    C  529  0.06426396
  1398  Ca   1.24000256    O  194  0.17947388    O  195  0.15851306    O 1400  0.14912853    O  123  0.14802135    O  144  0.14297917    C  193  0.08531168    O  156  0.08005587
  1399  Ca   1.32988892    O  726  0.16394835    O  787  0.15646316    O  711  0.12290861    O  788  0.11661232    H 2141  0.10853726    C  786  0.10395754    O  744  0.09016024    O  752  0.07692544
  1400  O    1.41919101    H 2761  0.67519538    H 2760  0.63613445    Ca1398  0.14912853
  1401  O    1.40323842    H 2763  0.73828936    H 2762  0.69183972
  1402  O    1.52758715    H 2764  0.71867097    H 2765  0.66592885    Ca1397  0.15664753
  1403  O    1.40444252    H 2767  0.74949480    H 2766  0.72624458
  1404  O    1.44262763    H 2769  0.75676100    H 2768  0.73262537
  1405  O    1.44835634    H 2770  0.76103281    H 2771  0.73724872
  1406  O    1.41917706    H 2773  0.73652191    H 2772  0.72776267
  1407  O    1.43694564    H 2775  0.73595133    H 2774  0.72897609
  1408  O    1.44061038    H 2777  0.73552280    H 2776  0.71993677
  1409  O    1.46617726    H 2778  0.74916927    H 2779  0.74057544
  1410  O    1.42944987    H 2781  0.75497599    H 2780  0.74099617
  1411  H    0.76163550    N    1  0.81287205
  1412  H    0.75845509    N    1  0.80450032
  1413  H    0.75339151    N    1  0.80273002
  1414  H    0.86074222    C    2  0.89070021
  1415  H    0.83586556    C    5  0.88147587
  1416  H    0.85954954    C    5  0.88504428
  1417  H    0.86395299    C    6  0.87059525
  1418  H    0.83258254    C    6  0.89582213
  1419  H    0.79922361    N   10  0.84132748
  1420  H    0.85012819    C   11  0.87864653
  1421  H    0.85041753    C   14  0.87695158
  1422  H    0.85806757    C   14  0.89755213
  1423  H    0.86294337    C   15  0.89389609
  1424  H    0.86744909    C   15  0.88113721
  1425  H    0.80760935    N   19  0.85424126
  1426  H    0.84727377    C   20  0.87733888
  1427  H    0.85070772    C   23  0.89723943
  1428  H    0.86598211    C   24  0.89779697
  1429  H    0.84305884    C   24  0.89606858
  1430  H    0.85795561    C   24  0.89744427
  1431  H    0.86567184    C   25  0.89973659
  1432  H    0.86217900    C   25  0.90275277
  1433  H    0.85076431    C   25  0.90432120
  1434  H    0.80033950    N   26  0.85890331
  1435  H    0.84584910    C   27  0.87878374
  1436  H    0.85469624    C   30  0.87404386
  1437  H    0.84912306    C   30  0.89140083
  1438  H    0.84266046    C   31  0.90079024
  1439  H    0.86935881    C   31  0.88621223
  1440  H    0.83201616    C   32  0.89056749
  1441  H    0.81679987    C   32  0.92205803
  1442  H    0.84215187    N   33  0.84536029
  1443  H    0.82967162    N   35  0.83051478
  1444  H    0.79584870    N   35  0.83257208
  1445  H    0.84015742    N   36  0.83492363
  1446  H    0.83714538    N   36  0.83427263
  1447  H    0.81976258    N   37  0.84554559
  1448  H    0.84970466    C   38  0.89167225
  1449  H    0.85601401    C   41  0.88341086
  1450  H    0.85624165    C   41  0.88581789
  1451  H    0.86622514    C   42  0.87059659
  1452  H    0.85433451    C   42  0.90562529
  1453  H    0.83745028    N   45  0.82864386
  1454  H    0.82332665    N   45  0.83148691
  1455  H    0.83835054    N   46  0.85790674
  1456  H    0.85798840    C   47  0.89293277
  1457  H    0.85687786    C   50  0.90541206
  1458  H    0.86689158    C   50  0.88303273
  1459  H    0.91186419    C   52  0.90928489
  1460  H    0.90535829    C   53  0.91419388
  1461  H    0.91171402    C   54  0.91053986
  1462  H    0.89567732    C   55  0.91867718
  1463  H    0.89960494    C   56  0.91532608
  1464  H    0.83619329    N   57  0.86381159
  1465  H    0.84881622    C   58  0.88979497
  1466  H    0.84726210    C   61  0.90381392
  1467  H    0.84295973    C   61  0.89866433
  1468  H    0.85351802    C   62  0.88008170
  1469  H    0.86717740    C   62  0.89382388
  1470  H    0.84792065    C   63  0.90442780
  1471  H    0.86963265    C   63  0.90034725
  1472  H    0.83028153    N   64  0.84852672
  1473  H    0.83673461    N   66  0.83462108
  1474  H    0.81661399    N   66  0.83234300
  1475  H    0.83940539    N   67  0.83421486
  1476  H    0.82297161    N   67  0.83613401
  1477  H    0.83823844    N   68  0.85577623
  1478  H    0.85987431    C   69  0.89109432
  1479  H    0.85664181    C   72  0.89492496
  1480  H    0.84753413    C   72  0.89551477
  1481  H    0.84701074    C   73  0.89269979
  1482  H    0.86075163    C   73  0.88526870
  1483  H    0.86691416    C   74  0.88904164
  1484  H    0.84069187    C   74  0.92212844
  1485  H    0.81335362    N   75  0.83970472
  1486  H    0.83695853    N   77  0.83537636
  1487  H    0.81573910    N   77  0.84151619
  1488  H    0.84221802    N   78  0.83791037
  1489  H    0.82778594    N   78  0.82752893
  1490  H    0.85303330    N   79  0.85870628
  1491  H    0.86056804    C   80  0.89815508
  1492  H    0.85177907    C   83  0.89980031
  1493  H    0.86689092    C   83  0.89680387
  1494  H    0.86411597    C   84  0.88704148
  1495  H    0.86287273    C   85  0.90039075
  1496  H    0.84794268    C   85  0.90972357
  1497  H    0.87846621    C   85  0.91906630
  1498  H    0.86335671    C   86  0.89756606
  1499  H    0.87625153    C   86  0.91550375
  1500  H    0.85179538    C   86  0.89905163
  1501  H    0.85372997    N   87  0.86072086
  1502  H    0.86183274    C   88  0.88801248
  1503  H    0.86088224    C   91  0.91154240
  1504  H    0.85734141    C   91  0.88147497
  1505  H    0.90587835    C   93  0.90856660
  1506  H    0.91669366    C   94  0.90970956
  1507  H    0.90431787    C   95  0.90897242
  1508  H    0.92087118    C   96  0.90728062
  1509  H    0.90349118    C   97  0.91825156
  1510  H    0.84175916    N   98  0.85842991
  1511  H    0.86411969    C   99  0.88657119
  1512  H    0.87737033    C  102  0.90700404
  1513  H    0.86964311    C  102  0.89833776
  1514  H    0.86524343    C  102  0.91341588
  1515  H    0.85161189    N  103  0.86090520
  1516  H    0.86950213    C  104  0.89333697
  1517  H    0.85016580    C  107  0.90114405
  1518  H    0.86434444    C  107  0.88855799
  1519  H    0.86965648    C  108  0.88058265
  1520  H    0.86823257    C  108  0.91251584
  1521  H    0.82357847    N  111  0.84365967
  1522  H    0.83282390    N  111  0.84255372
  1523  H    0.85027958    N  112  0.85756839
  1524  H    0.85476339    C  113  0.90664901
  1525  H    0.85282630    C  116  0.88861367
  1526  H    0.85594307    C  116  0.89444543
  1527  H    0.87116612    C  117  0.89700720
  1528  H    0.84991495    C  118  0.91306719
  1529  H    0.85409461    C  118  0.90267850
  1530  H    0.85402254    C  118  0.91400287
  1531  H    0.86254413    C  119  0.90731604
  1532  H    0.86496041    C  119  0.91020048
  1533  H    0.83233677    C  119  0.93714967
  1534  H    0.86536875    N  120  0.86264189
  1535  H    0.87066391    C  121  0.89297059
  1536  H    0.85702038    C  124  0.92141050
  1537  H    0.85141888    C  124  0.89605083
  1538  H    0.86464139    C  124  0.91406087
  1539  H    0.80919427    N  125  0.83136020
  1540  H    0.84672216    C  126  0.90886258
  1541  H    0.85709246    C  126  0.87775753
  1542  H    0.80553995    N  129  0.86089065
  1543  H    0.85375937    C  130  0.88645288
  1544  H    0.86465428    C  133  0.87172347
  1545  H    0.85372078    C  133  0.89889939
  1546  H    0.84085546    N  137  0.84240928
  1547  H    0.85508160    C  138  0.87276999
  1548  H    0.86057816    C  141  0.87501733
  1549  H    0.85301277    C  141  0.85651570
  1550  H    0.82713684    N  145  0.84982284
  1551  H    0.83652849    C  146  0.87228157
  1552  H    0.86361463    C  149  0.89105053
  1553  H    0.87406935    C  149  0.90480778
  1554  H    0.84720908    C  150  0.88168779
  1555  H    0.85365346    C  150  0.87686297
  1556  H    0.87164537    C  152  0.89192487
  1557  H    0.86314144    C  152  0.88587820
  1558  H    0.85798895    C  152  0.88604938
  1559  H    0.88070594    N  153  0.87663627
  1560  H    0.84649688    C  154  0.89773004
  1561  H    0.85158535    C  157  0.89727597
  1562  H    0.86878501    C  157  0.90554644
  1563  H    0.87740104    C  158  0.88897946
  1564  H    0.86171926    C  158  0.90417479
  1565  H    0.84800528    N  162  0.83670257
  1566  H    0.87169755    C  163  0.92982659
  1567  H    0.86374899    C  166  0.90118482
  1568  H    0.85961914    C  167  0.90205677
  1569  H    0.85671371    C  167  0.91217667
  1570  H    0.86235871    C  167  0.92370354
  1571  H    0.86540702    C  168  0.90412470
  1572  H    0.86326893    C  168  0.91934377
  1573  H    0.85599778    C  168  0.92039693
  1574  H    0.86987538    N  169  0.87311640
  1575  H    0.86294469    C  170  0.88682885
  1576  H    0.81121777    C  173  0.92550804
  1577  H    0.86190015    C  173  0.89406907
  1578  H    0.71159426    O  174  0.74458147
  1579  H    0.83289380    N  175  0.85414486
  1580  H    0.84917214    C  176  0.89687858
  1581  H    0.85052075    C  179  0.90471774
  1582  H    0.85577464    C  179  0.90798473
  1583  H    0.87131368    C  179  0.92623840
  1584  H    0.84436806    N  180  0.85674645
  1585  H    0.85559290    C  181  0.89302614
  1586  H    0.87241472    C  184  0.89708593
  1587  H    0.72833233    O  185  0.72211852
  1588  H    0.87749119    C  186  0.90948381
  1589  H    0.85161417    C  186  0.90204507
  1590  H    0.86407715    C  186  0.90456969
  1591  H    0.84769830    N  187  0.85859242
  1592  H    0.87066340    C  188  0.89614279
  1593  H    0.85784485    C  191  0.88760145
  1594  H    0.85027380    C  191  0.91067466
  1595  H    0.84667471    C  192  0.88028259
  1596  H    0.85148389    C  192  0.88902576
  1597  H    0.87157110    N  196  0.86834661
  1598  H    0.86079392    C  197  0.90722004
  1599  H    0.86604754    C  200  0.90914039
  1600  H    0.86161342    C  200  0.89948983
  1601  H    0.88362578    C  201  0.90523272
  1602  H    0.85907541    C  202  0.91005934
  1603  H    0.85822023    C  202  0.91656250
  1604  H    0.86501181    C  202  0.91575398
  1605  H    0.86202372    C  203  0.90795928
  1606  H    0.86657234    C  203  0.91694747
  1607  H    0.86314088    C  203  0.91342109
  1608  H    0.87171675    N  204  0.86861638
  1609  H    0.88355219    C  205  0.90122048
  1610  H    0.86814403    C  208  0.91873363
  1611  H    0.89093003    C  208  0.90815173
  1612  H    0.86675347    C  209  0.89368285
  1613  H    0.86665681    C  209  0.89674248
  1614  H    0.86884538    C  211  0.88998660
  1615  H    0.84474569    C  211  0.88443182
  1616  H    0.86156645    C  211  0.89176468
  1617  H    0.85780422    N  212  0.86325777
  1618  H    0.86568679    C  213  0.89896104
  1619  H    0.87391565    C  216  0.87735928
  1620  H    0.86507855    C  216  0.90270039
  1621  H    0.85173810    N  219  0.84323202
  1622  H    0.83253362    N  219  0.83684780
  1623  H    0.83790517    N  220  0.85341272
  1624  H    0.85546147    C  221  0.90989759
  1625  H    0.87466652    C  224  0.88940418
  1626  H    0.85505433    C  225  0.90199244
  1627  H    0.84241195    C  225  0.90198747
  1628  H    0.85597798    C  226  0.90327205
  1629  H    0.84912835    C  226  0.91946548
  1630  H    0.85367825    C  226  0.91700159
  1631  H    0.87358855    C  227  0.90493211
  1632  H    0.84497967    C  227  0.91809762
  1633  H    0.86492665    C  227  0.91493743
  1634  H    0.86251214    N  228  0.86610665
  1635  H    0.85557207    C  229  0.90926138
  1636  H    0.86411358    C  232  0.90350936
  1637  H    0.87047373    C  232  0.90459021
  1638  H    0.87591517    C  233  0.90287408
  1639  H    0.86232364    C  234  0.90951404
  1640  H    0.87020897    C  234  0.91456571
  1641  H    0.86915082    C  234  0.92165355
  1642  H    0.86289836    C  235  0.90897331
  1643  H    0.87252400    C  235  0.91365627
  1644  H    0.85829200    C  235  0.92122203
  1645  H    0.86361345    N  236  0.86637768
  1646  H    0.84874720    C  237  0.91032373
  1647  H    0.87669825    C  240  0.87897695
  1648  H    0.87090042    C  240  0.91199876
  1649  H    0.85370020    N  243  0.85090292
  1650  H    0.84134294    N  243  0.85391532
  1651  H    0.83794265    N  244  0.85514308
  1652  H    0.86864572    C  245  0.88572323
  1653  H    0.84032799    C  248  0.89649099
  1654  H    0.85593704    C  248  0.89761546
  1655  H    0.83722833    C  249  0.90929804
  1656  H    0.85695285    C  249  0.88506137
  1657  H    0.87224639    C  250  0.89851432
  1658  H    0.86604954    C  250  0.89291161
  1659  H    0.85891191    C  251  0.89682302
  1660  H    0.84780416    C  251  0.90033376
  1661  H    0.76509733    N  252  0.81028891
  1662  H    0.77871321    N  252  0.82853479
  1663  H    0.77328208    N  252  0.81986673
  1664  H    0.84505552    N  253  0.85557666
  1665  H    0.86262298    C  254  0.90535968
  1666  H    0.87172635    C  257  0.88785551
  1667  H    0.86917538    C  258  0.90195322
  1668  H    0.85928632    C  258  0.90558628
  1669  H    0.87606688    C  258  0.91376974
  1670  H    0.85243044    C  259  0.90173015
  1671  H    0.87472619    C  259  0.91707567
  1672  H    0.85278258    C  259  0.91607542
  1673  H    0.85303342    N  260  0.86344771
  1674  H    0.85970866    C  261  0.88631054
  1675  H    0.87003274    C  264  0.88437028
  1676  H    0.83492761    C  265  0.92246754
  1677  H    0.85826967    C  265  0.91066025
  1678  H    0.86247279    C  265  0.92265106
  1679  H    0.86013959    C  266  0.90338039
  1680  H    0.83767962    C  266  0.93649762
  1681  H    0.86958369    C  266  0.92150574
  1682  H    0.83160162    N  267  0.85544663
  1683  H    0.86578875    C  268  0.88204664
  1684  H    0.86973304    C  271  0.89361322
  1685  H    0.69513501    O  272  0.71009887
  1686  H    0.87818658    C  273  0.90394161
  1687  H    0.85876644    C  273  0.89813591
  1688  H    0.87660451    C  273  0.90820334
  1689  H    0.81954379    N  274  0.84051732
  1690  H    0.86746220    C  275  0.87831266
  1691  H    0.85803655    C  278  0.89047183
  1692  H    0.84651143    C  278  0.89127331
  1693  H    0.82868318    C  279  0.91124177
  1694  H    0.87811950    C  279  0.89803486
  1695  H    0.85461517    C  280  0.90020918
  1696  H    0.84387452    C  280  0.89212549
  1697  H    0.83237978    N  281  0.84388053
  1698  H    0.81513412    N  283  0.85027005
  1699  H    0.80312362    N  283  0.85533752
  1700  H    0.83659153    N  284  0.83260428
  1701  H    0.84297411    N  284  0.84093939
  1702  H    0.88821734    N  285  0.86516082
  1703  H    0.85313722    C  286  0.91135862
  1704  H    0.85059380    C  289  0.88039998
  1705  H    0.84249403    C  289  0.89497133
  1706  H    0.91046409    C  292  0.90220608
  1707  H    0.92792551    C  293  0.91086501
  1708  H    0.85013635    C  296  0.86151656
  1709  H    0.86706927    C  299  0.88292963
  1710  H    0.86582445    C  299  0.87986226
  1711  H    0.87459938    C  300  0.87921109
  1712  H    0.86579084    C  300  0.89303577
  1713  H    0.84009214    C  301  0.88896140
  1714  H    0.86051815    C  301  0.88704566
  1715  H    0.88727043    N  302  0.86295776
  1716  H    0.86813490    C  303  0.87557995
  1717  H    0.87796863    C  306  0.88277564
  1718  H    0.86453522    C  306  0.89234851
  1719  H    0.88610605    N  310  0.87994467
  1720  H    0.86156717    C  311  0.91505144
  1721  H    0.85476434    C  314  0.89224406
  1722  H    0.86050723    C  314  0.90463221
  1723  H    0.88236610    C  315  0.90279050
  1724  H    0.86705023    C  316  0.91133433
  1725  H    0.85278489    C  316  0.91657228
  1726  H    0.86311516    C  316  0.91513906
  1727  H    0.85200426    C  317  0.91788388
  1728  H    0.86119474    C  317  0.91365631
  1729  H    0.86140712    C  317  0.91532716
  1730  H    0.83692858    N  318  0.85550901
  1731  H    0.87243020    C  319  0.91160472
  1732  H    0.83420264    C  322  0.90612548
  1733  H    0.85286345    C  322  0.89547385
  1734  H    0.86898078    C  323  0.89116266
  1735  H    0.87051994    C  323  0.89407276
  1736  H    0.87858648    C  324  0.89989957
  1737  H    0.84920154    C  324  0.91799556
  1738  H    0.83445336    C  325  0.90906503
  1739  H    0.87415576    C  325  0.91170015
  1740  H    0.78337653    N  326  0.83331984
  1741  H    0.76426843    N  326  0.81447752
  1742  H    0.75817379    N  326  0.81096861
  1743  H    0.82027396    N  327  0.85953018
  1744  H    0.85446272    C  328  0.90281049
  1745  H    0.85718487    C  331  0.89426386
  1746  H    0.74504977    O  332  0.71530861
  1747  H    0.85871830    C  333  0.89987694
  1748  H    0.86118902    C  333  0.91082539
  1749  H    0.87640669    C  333  0.92032112
  1750  H    0.87494935    N  334  0.85955003
  1751  H    0.86911571    C  335  0.87914507
  1752  H    0.86800121    C  338  0.86818815
  1753  H    0.86450760    C  338  0.88723018
  1754  H    0.92993819    N  342  0.87053916
  1755  H    0.87471128    C  343  0.90218242
  1756  H    0.86011478    C  343  0.89198389
  1757  H    0.93060423    N  346  0.86172885
  1758  H    0.87575323    C  347  0.91854447
  1759  H    0.86248631    C  350  0.90759609
  1760  H    0.87065736    C  350  0.90437553
  1761  H    0.92153786    C  352  0.91454854
  1762  H    0.91171971    C  353  0.91377677
  1763  H    0.88529229    C  354  0.93054790
  1764  H    0.91614485    C  355  0.90840805
  1765  H    0.91299799    C  356  0.91137258
  1766  H    0.85774645    N  357  0.86946044
  1767  H    0.86733901    C  358  0.88685800
  1768  H    0.87784782    C  358  0.90988799
  1769  H    0.83656772    N  361  0.86140754
  1770  H    0.85035402    C  362  0.89732814
  1771  H    0.87569738    C  365  0.88516418
  1772  H    0.82550925    C  366  0.91277037
  1773  H    0.87201820    C  366  0.89572095
  1774  H    0.87365626    C  367  0.90810854
  1775  H    0.85680083    C  367  0.90872016
  1776  H    0.84669261    C  367  0.91739180
  1777  H    0.86175622    C  368  0.90050649
  1778  H    0.83305990    C  368  0.90598070
  1779  H    0.86445883    C  368  0.91096350
  1780  H    0.82857492    N  369  0.85834350
  1781  H    0.85569133    C  370  0.89939683
  1782  H    0.86919411    C  373  0.87515789
  1783  H    0.87036383    C  373  0.90714327
  1784  H    0.84645731    N  377  0.85569234
  1785  H    0.86872556    C  378  0.90270069
  1786  H    0.87718440    C  381  0.91107821
  1787  H    0.73293018    O  382  0.74196318
  1788  H    0.86313929    C  383  0.90551900
  1789  H    0.83872667    C  383  0.92503801
  1790  H    0.86263263    C  383  0.92165396
  1791  H    0.86929116    N  384  0.87548216
  1792  H    0.86275658    C  385  0.91146103
  1793  H    0.86537501    C  388  0.87749313
  1794  H    0.87217946    C  388  0.89219995
  1795  H    0.93961435    S  389  0.87750449
  1796  H    0.86523366    N  390  0.87197480
  1797  H    0.85616615    C  391  0.90092736
  1798  H    0.87253796    C  394  0.89351646
  1799  H    0.86443450    C  394  0.90636639
  1800  H    0.83983721    C  395  0.89563954
  1801  H    0.86549919    C  395  0.90378816
  1802  H    0.84168466    C  396  0.90360302
  1803  H    0.81344866    C  396  0.93579037
  1804  H    0.83270766    N  397  0.84361792
  1805  H    0.84940115    N  399  0.84363235
  1806  H    0.84029161    N  399  0.83838632
  1807  H    0.84385983    N  400  0.84195001
  1808  H    0.81201036    N  400  0.83625511
  1809  H    0.86267182    N  401  0.87344087
  1810  H    0.88248705    C  402  0.90665233
  1811  H    0.87078653    C  405  0.91666791
  1812  H    0.88623305    C  405  0.90318016
  1813  H    0.79048421    O  406  0.75078942
  1814  H    0.87268222    N  407  0.87415676
  1815  H    0.87756385    C  408  0.90121650
  1816  H    0.87574400    C  411  0.90322253
  1817  H    0.87514232    C  411  0.92071334
  1818  H    0.87674670    C  412  0.89397151
  1819  H    0.86795172    C  412  0.89049608
  1820  H    0.86543442    C  414  0.90395137
  1821  H    0.84410432    C  414  0.91719209
  1822  H    0.85722040    C  414  0.91385497
  1823  H    0.87913478    N  415  0.87482554
  1824  H    0.86882565    C  416  0.90785800
  1825  H    0.88451400    C  419  0.90533751
  1826  H    0.86958638    C  420  0.91171286
  1827  H    0.86977679    C  420  0.91681169
  1828  H    0.86349245    C  420  0.91443823
  1829  H    0.85707851    C  421  0.92473014
  1830  H    0.85584226    C  421  0.92036032
  1831  H    0.85609022    C  421  0.91457314
  1832  H    0.86223357    N  422  0.86752660
  1833  H    0.88004212    C  423  0.90588480
  1834  H    0.87645880    C  426  0.91492858
  1835  H    0.88184704    C  426  0.91469109
  1836  H    0.86779092    C  426  0.92118635
  1837  H    0.84903849    N  427  0.86845897
  1838  H    0.87043322    C  428  0.90161037
  1839  H    0.86867442    C  431  0.90561294
  1840  H    0.85429319    C  432  0.91543904
  1841  H    0.86202478    C  432  0.91766997
  1842  H    0.85533446    C  432  0.93245484
  1843  H    0.85916518    C  433  0.90720741
  1844  H    0.86727430    C  433  0.92265000
  1845  H    0.85267064    C  433  0.92248839
  1846  H    0.86813350    N  434  0.87261630
  1847  H    0.89498932    C  435  0.90568636
  1848  H    0.85218423    C  438  0.91850713
  1849  H    0.85988796    C  438  0.91225089
  1850  H    0.86115193    C  439  0.88677008
  1851  H    0.86543327    C  439  0.88916418
  1852  H    0.84813492    C  441  0.91472441
  1853  H    0.86345877    C  441  0.90029005
  1854  H    0.85901541    C  441  0.91152691
  1855  H    0.86523969    N  442  0.87283449
  1856  H    0.90749483    C  443  0.91946237
  1857  H    0.85033628    C  446  0.90511354
  1858  H    0.85821154    C  446  0.86704314
  1859  H    0.83255892    N  450  0.85843507
  1860  H    0.86643625    C  451  0.88510743
  1861  H    0.87337994    C  454  0.89838036
  1862  H    0.87615802    C  454  0.90450334
  1863  H    0.70885728    O  455  0.72907070
  1864  H    0.85459010    N  456  0.85951698
  1865  H    0.85898312    C  457  0.87445657
  1866  H    0.86010214    C  460  0.87610950
  1867  H    0.86001100    C  460  0.86275736
  1868  H    0.83082946    N  464  0.84197769
  1869  H    0.84345632    C  465  0.87474633
  1870  H    0.87778206    C  468  0.88588716
  1871  H    0.71096325    O  469  0.72317480
  1872  H    0.88127990    C  470  0.90804644
  1873  H    0.85683906    C  470  0.88634489
  1874  H    0.86633305    C  470  0.91335148
  1875  H    0.92936702    N  471  0.87647778
  1876  H    0.85447510    C  472  0.87245449
  1877  H    0.85600680    C  475  0.87129596
  1878  H    0.79309366    O  476  0.74397871
  1879  H    0.86008002    C  477  0.89630193
  1880  H    0.86624311    C  477  0.89516762
  1881  H    0.86409936    C  477  0.91746297
  1882  H    0.92771835    N  478  0.86107171    O  449  0.05986434
  1883  H    0.86694418    C  479  0.89263724
  1884  H    0.85208146    C  479  0.88555629
  1885  H    0.87913642    N  482  0.87480993
  1886  H    0.85031524    C  483  0.88685329
  1887  H    0.84634370    C  486  0.89887210
  1888  H    0.86104875    C  486  0.91195591
  1889  H    0.86079654    C  487  0.91530988
  1890  H    0.85062490    C  487  0.89405862
  1891  H    0.81854868    C  488  0.91229895
  1892  H    0.85184234    C  488  0.88766797
  1893  H    0.85010255    C  489  0.92390752
  1894  H    0.86915889    C  489  0.90321218
  1895  H    0.76220330    N  490  0.81966953
  1896  H    0.77714169    N  490  0.82161598
  1897  H    0.77182895    N  490  0.81698615
  1898  H    0.83198901    N  491  0.84652193
  1899  H    0.87272421    C  492  0.93768527
  1900  H    0.85869399    C  495  0.89493007
  1901  H    0.85159097    C  495  0.90730052
  1902  H    0.87118703    C  496  0.90445743
  1903  H    0.85684385    C  497  0.90624029
  1904  H    0.86168383    C  497  0.90579368
  1905  H    0.86077204    C  497  0.91552256
  1906  H    0.84669832    C  498  0.91784857
  1907  H    0.85562475    C  498  0.92069182
  1908  H    0.86583105    C  498  0.92087598
  1909  H    0.88181089    N  499  0.87948956
  1910  H    0.86705785    C  500  0.89481012
  1911  H    0.86562006    C  500  0.90119299
  1912  H    0.84324366    N  503  0.84708128
  1913  H    0.86079095    C  504  0.89780907
  1914  H    0.86529589    C  507  0.90980672
  1915  H    0.86148886    C  507  0.88573907
  1916  H    0.89606304    C  509  0.91089811
  1917  H    0.90907685    C  510  0.90496541
  1918  H    0.89878136    C  511  0.90666893
  1919  H    0.89242111    C  512  0.92577918
  1920  H    0.90444012    C  513  0.90497954
  1921  H    0.84125023    N  514  0.85632953
  1922  H    0.86032954    C  515  0.89946240
  1923  H    0.86638820    C  518  0.89090836
  1924  H    0.86633784    C  518  0.89884661
  1925  H    0.88073750    C  519  0.88093330
  1926  H    0.86514222    C  519  0.90279313
  1927  H    0.85330499    N  523  0.87139080
  1928  H    0.87302204    C  524  0.89251968
  1929  H    0.84640004    C  527  0.88816949
  1930  H    0.86266713    C  527  0.90652857
  1931  H    0.86766637    C  528  0.85245015    H 2762  0.07441347
  1932  H    0.85519070    C  528  0.87031924
  1933  H    0.86775050    N  532  0.87558799
  1934  H    0.86731673    C  533  0.89877139
  1935  H    0.87111282    C  536  0.91482726
  1936  H    0.86051732    C  536  0.89463947
  1937  H    0.90884445    C  538  0.90671264
  1938  H    0.91892574    C  539  0.91580651
  1939  H    0.91220085    C  540  0.90560598
  1940  H    0.91910012    C  541  0.91316585
  1941  H    0.91791500    C  542  0.91586856
  1942  H    0.88380734    N  543  0.87483760
  1943  H    0.85917232    C  544  0.90459727
  1944  H    0.86181346    C  547  0.91220183
  1945  H    0.84902163    C  547  0.90745125
  1946  H    0.86494331    C  548  0.89770487
  1947  H    0.85920392    C  548  0.90142847
  1948  H    0.87596628    C  549  0.89581028
  1949  H    0.86677662    C  549  0.89784411
  1950  H    0.84002374    C  550  0.91617681
  1951  H    0.86513573    C  550  0.90703483
  1952  H    0.76157643    N  551  0.82060159
  1953  H    0.78255364    N  551  0.83366670
  1954  H    0.76259060    N  551  0.82320777
  1955  H    0.86454636    N  552  0.87022685
  1956  H    0.87897036    C  553  0.90282890
  1957  H    0.85936594    C  556  0.90776352
  1958  H    0.87607295    C  556  0.89613675
  1959  H    0.92372080    C  558  0.91059958
  1960  H    0.88930425    C  559  0.93358550
  1961  H    0.93615021    C  560  0.91221526
  1962  H    0.92030153    C  561  0.91586957
  1963  H    0.76112873    O  563  0.71270013
  1964  H    0.86521048    N  564  0.87130306
  1965  H    0.87176902    C  565  0.90398298
  1966  H    0.86809787    C  568  0.91258416
  1967  H    0.86666724    C  568  0.90447663
  1968  H    0.88319832    C  569  0.90080265
  1969  H    0.86288179    C  570  0.91409378
  1970  H    0.86041415    C  570  0.91615218
  1971  H    0.86636742    C  570  0.92192862
  1972  H    0.86495877    C  571  0.90846932
  1973  H    0.86439198    C  571  0.91722365
  1974  H    0.86932311    C  571  0.91116124
  1975  H    0.88863858    N  572  0.87768532
  1976  H    0.87389488    C  573  0.89915419
  1977  H    0.86834634    C  576  0.90696357
  1978  H    0.86271313    C  576  0.89321881
  1979  H    0.93113829    C  578  0.90862305
  1980  H    0.83807955    N  580  0.83176691
  1981  H    0.91326498    C  582  0.90125225
  1982  H    0.92841008    C  583  0.90487155
  1983  H    0.91217189    C  584  0.90686653
  1984  H    0.90846869    C  585  0.91136858
  1985  H    0.87012053    N  586  0.87186528
  1986  H    0.87374072    C  587  0.90270087
  1987  H    0.87767836    C  590  0.88132656
  1988  H    0.86949098    C  590  0.90748081
  1989  H    0.85340199    N  593  0.84414746
  1990  H    0.83840770    N  593  0.84375162
  1991  H    0.86479313    N  594  0.86834759
  1992  H    0.84897035    C  595  0.93964673
  1993  H    0.86990480    C  598  0.88882564
  1994  H    0.86856767    C  598  0.90257473
  1995  H    0.86340753    N  601  0.86114161
  1996  H    0.83583980    N  601  0.88315899
  1997  H    0.88051416    N  602  0.87337455
  1998  H    0.86793449    C  603  0.90074206
  1999  H    0.89070423    C  606  0.90337695
  2000  H    0.86827109    C  607  0.91290665
  2001  H    0.86124630    C  607  0.90960179
  2002  H    0.85857956    C  608  0.91832097
  2003  H    0.87247339    C  608  0.91776371
  2004  H    0.86349654    C  608  0.91301398
  2005  H    0.86875209    C  609  0.90630697
  2006  H    0.87096336    C  609  0.91689653
  2007  H    0.85210008    C  609  0.92747383
  2008  H    0.86406417    N  610  0.86814719
  2009  H    0.87162599    C  611  0.89194906
  2010  H    0.86305606    C  614  0.90637262
  2011  H    0.85982732    C  614  0.89503322
  2012  H    0.86909056    C  615  0.89995585
  2013  H    0.86761812    C  615  0.89558488
  2014  H    0.88193528    C  616  0.89970466
  2015  H    0.86951016    C  616  0.89521707
  2016  H    0.85244903    C  617  0.90276721
  2017  H    0.86917184    C  617  0.90963962
  2018  H    0.76970591    N  618  0.81380182
  2019  H    0.78138448    N  618  0.82580088
  2020  H    0.78340166    N  618  0.82949986
  2021  H    0.85318690    N  619  0.86449051
  2022  H    0.87387382    C  620  0.89639815
  2023  H    0.84518714    C  623  0.90940496
  2024  H    0.87203146    C  623  0.89807343
  2025  H    0.87575218    C  624  0.89319217
  2026  H    0.85600078    C  624  0.89240761
  2027  H    0.87972906    C  625  0.90721967
  2028  H    0.87606133    C  625  0.89524421
  2029  H    0.86024268    C  626  0.90676846
  2030  H    0.83656474    C  626  0.92214543
  2031  H    0.78430251    N  627  0.83183104
  2032  H    0.75570553    N  627  0.81906319
  2033  H    0.78375976    N  627  0.83117623
  2034  H    0.87723291    N  628  0.86719264
  2035  H    0.86413398    C  629  0.91154191
  2036  H    0.85396155    C  632  0.88786353
  2037  H    0.86629630    C  632  0.90397707
  2038  H    0.91597302    C  634  0.92746350
  2039  H    0.83717962    N  636  0.84134690
  2040  H    0.91740842    C  638  0.90716770
  2041  H    0.93016990    C  639  0.91077667
  2042  H    0.89822861    C  640  0.93187989
  2043  H    0.91761242    C  641  0.91403687
  2044  H    0.87818029    N  642  0.87582035
  2045  H    0.85525645    C  643  0.90652312
  2046  H    0.87634125    C  646  0.91543542
  2047  H    0.86011318    C  646  0.89580973
  2048  H    0.86333360    C  647  0.88675445
  2049  H    0.87371399    C  647  0.92142351
  2050  H    0.85638224    N  650  0.84626121
  2051  H    0.84444917    N  650  0.85106321
  2052  H    0.84631523    N  651  0.86219067
  2053  H    0.87619069    C  652  0.89543219
  2054  H    0.88140829    C  655  0.90979072
  2055  H    0.87644011    C  655  0.90420858
  2056  H    0.86694891    C  655  0.91130865
  2057  H    0.84113840    N  656  0.85696788
  2058  H    0.86922308    C  657  0.90354850
  2059  H    0.86578609    C  660  0.89443706
  2060  H    0.86402988    C  661  0.90523044
  2061  H    0.87471254    C  661  0.90717979
  2062  H    0.84764261    C  662  0.90867120
  2063  H    0.85252706    C  662  0.90670109
  2064  H    0.86263843    C  662  0.91889806
  2065  H    0.87462760    C  663  0.91006062
  2066  H    0.84967987    C  663  0.90905903
  2067  H    0.85061671    C  663  0.92324476
  2068  H    0.87100298    N  664  0.86534297
  2069  H    0.87756399    C  665  0.89582921
  2070  H    0.87066882    C  668  0.91237992
  2071  H    0.85785377    C  668  0.90023684
  2072  H    0.91650560    C  670  0.91908517
  2073  H    0.91945529    C  671  0.92243454
  2074  H    0.92408854    C  672  0.91712521
  2075  H    0.91371602    C  673  0.91390363
  2076  H    0.76391709    O  675  0.74029945
  2077  H    0.84617843    N  676  0.86220912
  2078  H    0.86268021    C  677  0.89235374
  2079  H    0.86654850    C  680  0.89880836
  2080  H    0.86780862    C  680  0.90290618
  2081  H    0.84563900    C  681  0.90200363
  2082  H    0.84547599    C  681  0.89498141
  2083  H    0.84941986    C  682  0.89781315
  2084  H    0.86542971    C  682  0.90563119
  2085  H    0.87682633    C  683  0.91088350
  2086  H    0.86597346    C  683  0.90075640
  2087  H    0.76377122    N  684  0.81293048
  2088  H    0.78403023    N  684  0.82881667
  2089  H    0.77968458    N  684  0.83120223
  2090  H    0.84466518    N  685  0.85790354
  2091  H    0.87297819    C  686  0.89306862
  2092  H    0.84368259    C  689  0.90545131
  2093  H    0.86281168    C  689  0.89434664
  2094  H    0.87540276    C  690  0.88360872
  2095  H    0.86290234    C  690  0.91237824
  2096  H    0.84348580    N  693  0.83563472
  2097  H    0.83127505    N  693  0.84070156
  2098  H    0.84112598    N  694  0.85566854
  2099  H    0.86636712    C  695  0.89310238
  2100  H    0.85004518    C  698  0.89249221
  2101  H    0.85195858    C  698  0.88644150
  2102  H    0.89373851    C  700  0.91831760
  2103  H    0.90831772    C  701  0.90427919
  2104  H    0.90363699    C  702  0.91274296
  2105  H    0.91619834    C  703  0.90860018
  2106  H    0.91526134    C  704  0.91238291
  2107  H    0.83759651    N  705  0.85368827
  2108  H    0.90425350    C  706  0.90725888
  2109  H    0.85635449    C  709  0.89987273
  2110  H    0.85510357    C  709  0.86123178
  2111  H    0.82683054    N  713  0.85950227
  2112  H    0.84812466    C  714  0.87973032
  2113  H    0.87433657    C  717  0.88390927
  2114  H    0.87263823    C  718  0.90417904
  2115  H    0.86567430    C  718  0.90185976
  2116  H    0.84739479    C  718  0.90032540
  2117  H    0.86664578    C  719  0.91223358
  2118  H    0.83040387    C  719  0.90935265
  2119  H    0.85115521    C  719  0.90957172
  2120  H    0.84604733    N  720  0.84671982
  2121  H    0.85789284    C  721  0.87347625
  2122  H    0.85789334    C  724  0.86043925
  2123  H    0.85675417    C  724  0.87763179
  2124  H    0.83350581    N  728  0.84001860
  2125  H    0.82422595    C  729  0.88402706
  2126  H    0.86111716    C  732  0.88263425
  2127  H    0.86474428    C  732  0.89206383
  2128  H    0.83850386    C  733  0.91330352
  2129  H    0.86193646    C  733  0.89712397
  2130  H    0.81670169    C  734  0.90289813
  2131  H    0.86638460    C  734  0.90013415
  2132  H    0.81378755    N  735  0.82868694
  2133  H    0.84175258    N  737  0.84008715
  2134  H    0.80758769    N  737  0.85290353
  2135  H    0.84921961    N  738  0.84355398
  2136  H    0.83003099    N  738  0.82793511
  2137  H    0.89505490    N  739  0.86230132
  2138  H    0.85842320    C  740  0.87129580
  2139  H    0.87055395    C  743  0.88908643
  2140  H    0.85299789    C  743  0.87261407
  2141  H    0.82791108    O  744  0.70830938    Ca1399  0.10853726
  2142  H    0.88519418    N  745  0.86612491
  2143  H    0.86299515    C  746  0.89426369
  2144  H    0.85403004    C  746  0.87866064
  2145  H    0.89865364    N  749  0.88103113
  2146  H    0.85200818    C  750  0.90637095
  2147  H    0.86828104    C  753  0.89094458
  2148  H    0.73137322    O  754  0.73274068
  2149  H    0.87595966    C  755  0.90698640
  2150  H    0.83843646    C  755  0.89800951
  2151  H    0.86992713    C  755  0.92149315
  2152  H    0.82019837    N  756  0.84087619
  2153  H    0.87196206    C  757  0.93677316
  2154  H    0.86960042    C  760  0.89141311
  2155  H    0.86811541    C  761  0.89751323
  2156  H    0.87326270    C  761  0.90788560
  2157  H    0.85360459    C  762  0.90478443
  2158  H    0.86290027    C  762  0.91237087
  2159  H    0.85251523    C  762  0.93078747
  2160  H    0.86429939    C  763  0.91360417
  2161  H    0.85934839    C  763  0.92160003
  2162  H    0.85759304    C  763  0.92924316
  2163  H    0.96848207    N  764  0.85816670    O  787  0.05845566
  2164  H    0.87152649    C  765  0.88761832
  2165  H    0.84685045    C  765  0.90233177
  2166  H    0.82763563    N  768  0.85551683
  2167  H    0.85513651    C  769  0.88275350
  2168  H    0.87572503    C  772  0.91035116
  2169  H    0.85427382    C  772  0.90008823
  2170  H    0.72879694    O  773  0.72919204
  2171  H    0.83695127    N  774  0.84334554
  2172  H    0.86014431    C  775  0.87624332
  2173  H    0.87009434    C  778  0.89618407
  2174  H    0.86901413    C  778  0.89105748
  2175  H    0.70949145    O  779  0.71535401
  2176  H    0.86433164    N  780  0.86564981
  2177  H    0.86891343    C  781  0.89403594
  2178  H    0.84738848    C  784  0.88588541
  2179  H    0.84542654    C  784  0.90114716
  2180  H    0.85580272    C  785  0.87002155
  2181  H    0.85409312    C  785  0.89475401
  2182  H    0.83826862    N  789  0.86995544
  2183  H    0.84159003    C  790  0.90145164
  2184  H    0.83815952    C  793  0.92139117
  2185  H    0.86237665    C  793  0.89478319
  2186  H    0.88137388    C  794  0.89293555
  2187  H    0.85447694    C  795  0.91836159
  2188  H    0.84844697    C  795  0.91550802
  2189  H    0.86757900    C  795  0.91654111
  2190  H    0.85517431    C  796  0.90210272
  2191  H    0.82388231    C  796  0.93577202
  2192  H    0.86777530    C  796  0.90965916
  2193  H    0.85893983    C  798  0.88690124
  2194  H    0.86716380    C  801  0.87944145
  2195  H    0.87705338    C  801  0.90576111
  2196  H    0.87187627    C  802  0.89253438
  2197  H    0.88078912    C  802  0.88312445
  2198  H    0.87220442    C  803  0.89756181
  2199  H    0.82872897    C  803  0.90708226
  2200  H    0.84105805    N  804  0.85165973
  2201  H    0.85905581    C  805  0.89238972
  2202  H    0.86833084    C  805  0.90382615
  2203  H    0.85078682    N  808  0.86491905
  2204  H    0.87964498    C  809  0.90435747
  2205  H    0.85311404    C  812  0.90339306
  2206  H    0.86330300    C  812  0.90806283
  2207  H    0.85937007    C  812  0.91861134
  2208  H    0.85973121    N  813  0.87621239
  2209  H    0.86359204    C  814  0.89694133
  2210  H    0.85659095    C  817  0.90188191
  2211  H    0.86645487    C  817  0.89829592
  2212  H    0.90880321    C  819  0.91934709
  2213  H    0.90876109    C  820  0.91416903
  2214  H    0.90797067    C  821  0.91252162
  2215  H    0.90959567    C  822  0.91393971
  2216  H    0.92763485    C  823  0.91785479
  2217  H    0.85565646    N  824  0.86395689
  2218  H    0.86900533    C  825  0.89335284
  2219  H    0.87688725    C  828  0.89994901
  2220  H    0.86743839    C  828  0.90843732
  2221  H    0.85354941    C  829  0.89918553
  2222  H    0.86033819    C  829  0.89765734
  2223  H    0.85211572    N  833  0.85896400
  2224  H    0.87778186    C  834  0.89413222
  2225  H    0.86963770    C  837  0.90165105
  2226  H    0.85411073    C  837  0.91423355
  2227  H    0.85197511    C  837  0.90807271
  2228  H    0.86004534    N  838  0.86438615
  2229  H    0.87019309    C  839  0.89284262
  2230  H    0.85432445    C  842  0.90714271
  2231  H    0.86291302    C  842  0.89973370
  2232  H    0.85210468    C  842  0.92358060
  2233  H    0.87370432    N  843  0.87834164
  2234  H    0.86535282    C  844  0.90279216
  2235  H    0.86688420    C  844  0.88521311
  2236  H    0.87360058    N  847  0.86396712
  2237  H    0.86913221    C  848  0.92424597
  2238  H    0.85949600    C  851  0.88523167
  2239  H    0.85838944    C  851  0.90266530
  2240  H    0.90388716    C  853  0.91755496
  2241  H    0.91477908    C  854  0.91832643
  2242  H    0.91184954    C  855  0.91214984
  2243  H    0.91620649    C  856  0.91633358
  2244  H    0.90619172    C  857  0.92217082
  2245  H    0.82575297    N  858  0.84806939
  2246  H    0.85839019    C  859  0.91055793
  2247  H    0.85806182    C  862  0.87648600
  2248  H    0.86264462    C  862  0.89100473
  2249  H    0.80572648    N  864  0.81507351
  2250  H    0.92133543    C  865  0.90439300
  2251  H    0.91779529    C  866  0.90170143
  2252  H    0.81613634    N  868  0.84358339
  2253  H    0.86188318    C  869  0.89308871
  2254  H    0.83575692    C  872  0.90161929
  2255  H    0.85731820    C  872  0.89905933
  2256  H    0.86820902    C  873  0.88942781
  2257  H    0.84664142    C  874  0.90117975
  2258  H    0.85083506    C  874  0.90342433
  2259  H    0.85685979    C  874  0.91536053
  2260  H    0.84304003    C  875  0.90409556
  2261  H    0.86644079    C  875  0.91162628
  2262  H    0.85577586    C  875  0.91345774
  2263  H    0.81944592    N  876  0.84881204
  2264  H    0.86252350    C  877  0.88407693
  2265  H    0.86457637    C  880  0.89724582
  2266  H    0.85634163    C  880  0.87391947
  2267  H    0.83107242    N  883  0.83123617
  2268  H    0.83021959    N  883  0.83703434
  2269  H    0.81889226    N  884  0.84756277
  2270  H    0.84444754    C  885  0.88142395
  2271  H    0.86345195    C  888  0.90281431
  2272  H    0.86319367    C  888  0.88486590
  2273  H    0.87223248    C  889  0.87589850
  2274  H    0.86293006    C  889  0.89291858
  2275  H    0.82775926    N  893  0.84285133
  2276  H    0.85322771    C  894  0.88582602
  2277  H    0.84810243    C  897  0.88428606
  2278  H    0.85150448    C  897  0.87731503
  2279  H    0.79372333    N  899  0.80348652
  2280  H    0.92583941    C  900  0.89683313
  2281  H    0.91359525    C  901  0.89589573
  2282  H    0.84437555    N  903  0.85946798
  2283  H    0.83390370    C  904  0.90431597
  2284  H    0.83164696    C  907  0.88561881
  2285  H    0.83660136    C  907  0.90653512
  2286  H    0.86490294    C  908  0.87637093
  2287  H    0.87280206    C  909  0.90876940
  2288  H    0.85037506    C  909  0.89968309
  2289  H    0.84337226    C  909  0.91681728
  2290  H    0.87098675    C  910  0.90768185
  2291  H    0.85450000    C  910  0.91018017
  2292  H    0.84409000    C  910  0.91796016
  2293  H    0.86060477    N  911  0.86605537
  2294  H    0.84665588    C  912  0.89658213
  2295  H    0.85831951    C  915  0.87887169
  2296  H    0.86085429    C  915  0.90968919
  2297  H    0.89202359    C  917  0.90078556
  2298  H    0.90768944    C  918  0.91040980
  2299  H    0.90049990    C  919  0.90245308
  2300  H    0.91780782    C  920  0.90951554
  2301  H    0.71382298    O  922  0.72577905
  2302  H    0.85143911    N  923  0.86367391
  2303  H    0.86565819    C  924  0.88746765
  2304  H    0.87104758    C  927  0.89584833
  2305  H    0.86008396    C  927  0.90526875
  2306  H    0.72316647    O  928  0.73395385
  2307  H    0.83448899    N  929  0.85503354
  2308  H    0.86020342    C  930  0.90439738
  2309  H    0.84829700    C  933  0.91358958
  2310  H    0.86196729    C  933  0.88956613
  2311  H    0.86199653    C  934  0.87659233
  2312  H    0.86463224    C  934  0.87703505
  2313  H    0.85350198    C  936  0.88301859
  2314  H    0.86752869    C  936  0.89704668
  2315  H    0.84389619    C  936  0.89331009
  2316  H    0.85444936    N  937  0.86315217
  2317  H    0.86405933    C  938  0.90374435
  2318  H    0.86926040    C  941  0.89638684
  2319  H    0.85926834    C  942  0.88980265
  2320  H    0.86028991    C  942  0.91266066
  2321  H    0.85540764    C  943  0.90241979
  2322  H    0.85232668    C  943  0.91160791
  2323  H    0.85620442    C  943  0.92450570
  2324  H    0.86223358    C  944  0.90404689
  2325  H    0.85795341    C  944  0.92134662
  2326  H    0.86275472    C  944  0.92238228
  2327  H    0.85418654    N  945  0.86332358
  2328  H    0.84703149    C  946  0.90391614
  2329  H    0.87312929    C  949  0.89378683
  2330  H    0.87211249    C  950  0.89389851
  2331  H    0.85350765    C  950  0.89865572
  2332  H    0.87246960    C  951  0.90584045
  2333  H    0.86418941    C  951  0.90942053
  2334  H    0.83158571    C  951  0.91823263
  2335  H    0.83471276    C  952  0.92243557
  2336  H    0.85672744    C  952  0.91984435
  2337  H    0.83606603    C  952  0.92261414
  2338  H    0.84234758    N  953  0.85852537
  2339  H    0.86044819    C  954  0.89319050
  2340  H    0.85910313    C  957  0.89687514
  2341  H    0.84963691    C  957  0.89884362
  2342  H    0.86708829    C  958  0.89395522
  2343  H    0.86652052    C  958  0.89103554
  2344  H    0.86457193    C  959  0.89390298
  2345  H    0.84032437    C  959  0.92296143
  2346  H    0.82857661    N  960  0.84181818
  2347  H    0.82379266    N  962  0.83016688
  2348  H    0.81389882    N  962  0.84374578
  2349  H    0.82965762    N  963  0.82895804
  2350  H    0.83073046    N  963  0.83642171
  2351  H    0.84122601    N  964  0.85773671
  2352  H    0.86309081    C  965  0.90461311
  2353  H    0.85697963    C  968  0.88940524
  2354  H    0.87212555    C  968  0.89662802
  2355  H    0.85994987    C  969  0.90941256
  2356  H    0.86542658    C  969  0.89358070
  2357  H    0.86714692    C  970  0.90571821
  2358  H    0.86019436    C  970  0.91779041
  2359  H    0.84016612    N  971  0.85065610
  2360  H    0.83692264    N  973  0.83749000
  2361  H    0.85975293    N  973  0.86304077
  2362  H    0.84167311    N  974  0.83765561
  2363  H    0.84765388    N  974  0.84600419
  2364  H    0.87946131    N  975  0.86961575
  2365  H    0.87423846    C  976  0.89575440
  2366  H    0.85916398    C  979  0.89753069
  2367  H    0.85006670    C  979  0.92029712
  2368  H    0.90929688    C  981  0.91433523
  2369  H    0.91302078    C  982  0.90326960
  2370  H    0.92679560    C  983  0.90844745
  2371  H    0.91913334    C  984  0.90892551
  2372  H    0.71043216    O  986  0.72638512
  2373  H    0.86573562    N  987  0.87125073
  2374  H    0.87074238    C  988  0.90619515
  2375  H    0.86706854    C  991  0.90576903
  2376  H    0.86085347    C  991  0.92151111
  2377  H    0.70119553    O  992  0.74981639
  2378  H    0.92028181    N  993  0.85275108
  2379  H    0.86598880    C  994  0.88378113
  2380  H    0.86070544    C  997  0.87807126
  2381  H    0.86275644    C  997  0.88944622
  2382  H    0.79801224    N 1001  0.86473492
  2383  H    0.85189813    C 1002  0.88093347
  2384  H    0.86178691    C 1005  0.88719888
  2385  H    0.86379378    C 1005  0.89120505
  2386  H    0.86900692    C 1006  0.89170659
  2387  H    0.84105531    C 1006  0.88686699
  2388  H    0.83060868    N 1010  0.84287407
  2389  H    0.85600030    C 1011  0.87957060
  2390  H    0.86012881    C 1011  0.89038708
  2391  H    0.88537717    N 1014  0.86340401
  2392  H    0.85795100    C 1015  0.89885517
  2393  H    0.84755472    C 1015  0.87900264
  2394  H    0.91809034    N 1018  0.87366498
  2395  H    0.86113306    C 1019  0.91835253
  2396  H    0.85945931    C 1022  0.87129142
  2397  H    0.86626518    C 1022  0.92351109
  2398  H    0.85865124    N 1025  0.84544128
  2399  H    0.83881523    N 1025  0.84265945
  2400  H    0.85166319    N 1026  0.86020057
  2401  H    0.86811750    C 1027  0.93320376
  2402  H    0.87266930    C 1030  0.91356868
  2403  H    0.85464997    C 1030  0.92311482
  2404  H    0.87031877    C 1031  0.89604380
  2405  H    0.87546595    C 1031  0.89114990
  2406  H    0.86040932    C 1033  0.89816030
  2407  H    0.84791949    C 1033  0.91666501
  2408  H    0.85258004    C 1033  0.91389419
  2409  H    0.88138118    N 1034  0.87511491
  2410  H    0.86734431    C 1035  0.89748718
  2411  H    0.85818699    C 1038  0.89011463
  2412  H    0.84798009    C 1038  0.88163196
  2413  H    0.85577276    N 1042  0.87623500
  2414  H    0.87042962    C 1043  0.91352721
  2415  H    0.86018480    C 1046  0.92230701
  2416  H    0.87449129    C 1046  0.89724611
  2417  H    0.91975798    C 1048  0.92113344
  2418  H    0.91662366    C 1049  0.91406791
  2419  H    0.90263630    C 1050  0.92172433
  2420  H    0.91730118    C 1051  0.91154106
  2421  H    0.91782346    C 1052  0.91396769
  2422  H    0.87180579    N 1053  0.86902478
  2423  H    0.86695436    C 1054  0.89776534
  2424  H    0.86883615    C 1057  0.87510298
  2425  H    0.85902609    C 1057  0.88891753
  2426  H    0.89802055    N 1061  0.88631206
  2427  H    0.86628224    C 1062  0.91224334
  2428  H    0.85126945    C 1065  0.88671470
  2429  H    0.85913144    C 1065  0.88565742
  2430  H    0.94595480    N 1068  0.90500614
  2431  H    0.90946094    N 1068  0.88781468
  2432  H    0.88054077    N 1069  0.88030256
  2433  H    0.91515585    C 1070  0.92638075
  2434  H    0.87270281    C 1073  0.91737826
  2435  H    0.87287847    C 1073  0.90862866
  2436  H    0.91739103    C 1075  0.91737342
  2437  H    0.93109634    C 1076  0.91816427
  2438  H    0.91343103    C 1077  0.92365462
  2439  H    0.91610694    C 1078  0.91642877
  2440  H    0.92122028    C 1079  0.91485817
  2441  H    0.88300390    N 1080  0.88262730
  2442  H    0.87297880    C 1081  0.91595992
  2443  H    0.88497612    C 1084  0.90359029
  2444  H    0.87441785    C 1085  0.90929761
  2445  H    0.87637885    C 1085  0.91655354
  2446  H    0.87019065    C 1086  0.91058551
  2447  H    0.87400022    C 1086  0.92107931
  2448  H    0.85586089    C 1086  0.92707089
  2449  H    0.86909395    C 1087  0.91783319
  2450  H    0.85662154    C 1087  0.92843465
  2451  H    0.85548240    C 1087  0.92869962
  2452  H    0.87786406    N 1088  0.87496386
  2453  H    0.88888088    C 1089  0.90660048
  2454  H    0.87525664    C 1092  0.91265569
  2455  H    0.87779313    C 1092  0.90727652
  2456  H    0.75637396    O 1093  0.75918056
  2457  H    0.89279802    N 1094  0.88054958
  2458  H    0.89841681    C 1095  0.91638009
  2459  H    0.88083356    C 1098  0.90176807
  2460  H    0.88547341    C 1098  0.89427736
  2461  H    0.93339541    S 1099  0.87301583
  2462  H    0.86794975    N 1100  0.87194018
  2463  H    0.86188979    C 1101  0.92305722
  2464  H    0.88259610    C 1104  0.91099129
  2465  H    0.87813959    C 1104  0.90771424
  2466  H    0.89244118    C 1105  0.89896553
  2467  H    0.87695820    C 1106  0.91616555
  2468  H    0.87205595    C 1106  0.91541927
  2469  H    0.88072222    C 1106  0.92676600
  2470  H    0.87478474    C 1107  0.91617589
  2471  H    0.86557796    C 1107  0.92864064
  2472  H    0.84957406    C 1107  0.92817763
  2473  H    0.87959849    N 1108  0.87319551
  2474  H    0.88007988    C 1109  0.91190632
  2475  H    0.88598117    C 1112  0.90760909
  2476  H    0.86383572    C 1113  0.91023384
  2477  H    0.85807612    C 1113  0.92519628
  2478  H    0.87767319    C 1113  0.92159262
  2479  H    0.87466990    C 1114  0.92277775
  2480  H    0.86192068    C 1114  0.93375961
  2481  H    0.86297939    C 1114  0.93047529
  2482  H    0.86649951    N 1115  0.87399564
  2483  H    0.87056063    C 1116  0.90513515
  2484  H    0.87073570    C 1119  0.90928781
  2485  H    0.86613885    C 1119  0.89744764
  2486  H    0.84828823    C 1120  0.92523952
  2487  H    0.87430893    C 1120  0.90455914
  2488  H    0.85843133    C 1121  0.91014808
  2489  H    0.85981333    C 1121  0.91832120
  2490  H    0.84803173    N 1122  0.85588081
  2491  H    0.90308013    N 1124  0.86727342
  2492  H    0.81866647    N 1124  0.85765484
  2493  H    0.87245490    N 1125  0.85840209
  2494  H    0.85730691    N 1125  0.85607195
  2495  H    0.89154933    N 1126  0.87052914
  2496  H    0.86745665    C 1127  0.90986303
  2497  H    0.85664539    C 1130  0.90952466
  2498  H    0.86522439    C 1130  0.90278163
  2499  H    0.87748265    C 1131  0.89983128
  2500  H    0.86702102    C 1132  0.91197760
  2501  H    0.86036389    C 1132  0.91559423
  2502  H    0.86909131    C 1132  0.91341634
  2503  H    0.86056088    C 1133  0.91311663
  2504  H    0.85160532    C 1133  0.92045743
  2505  H    0.85595799    C 1133  0.91233137
  2506  H    0.88657570    N 1134  0.86824043
  2507  H    0.87335146    C 1135  0.91255556
  2508  H    0.87643310    C 1138  0.91748204
  2509  H    0.86109399    C 1138  0.90228279
  2510  H    0.86208720    N 1142  0.86591014
  2511  H    0.87588836    C 1143  0.91007922
  2512  H    0.87381572    C 1146  0.91233317
  2513  H    0.85715167    C 1146  0.91781007
  2514  H    0.86953200    C 1146  0.92072872
  2515  H    0.86866348    N 1147  0.86335627
  2516  H    0.89348337    C 1148  0.91111741
  2517  H    0.87947070    C 1151  0.90224680
  2518  H    0.86897149    C 1151  0.89697105
  2519  H    0.87059586    C 1152  0.87974982
  2520  H    0.85638090    C 1152  0.88627698
  2521  H    0.86791253    C 1154  0.88986054
  2522  H    0.85957814    C 1154  0.89619335
  2523  H    0.85614981    C 1154  0.89234481
  2524  H    0.85685529    N 1155  0.86543049
  2525  H    0.87476766    C 1156  0.90202579
  2526  H    0.86236359    C 1159  0.89317560
  2527  H    0.84845239    C 1159  0.90226925
  2528  H    0.90551413    C 1161  0.91369024
  2529  H    0.89859396    C 1162  0.90921947
  2530  H    0.92569659    C 1163  0.90770496
  2531  H    0.89668555    C 1164  0.91130852
  2532  H    0.91660269    C 1165  0.90889407
  2533  H    0.84651493    N 1166  0.85386987
  2534  H    0.86172230    C 1167  0.89877556
  2535  H    0.86932834    C 1170  0.89665904
  2536  H    0.86405290    C 1170  0.89976120
  2537  H    0.86445092    C 1171  0.90185979
  2538  H    0.87813898    C 1171  0.89817065
  2539  H    0.87185755    C 1172  0.89683149
  2540  H    0.84875113    C 1172  0.94019172
  2541  H    0.86895113    N 1173  0.86095046
  2542  H    0.84595710    N 1175  0.84555833
  2543  H    0.84038674    N 1175  0.86845057
  2544  H    0.85345700    N 1176  0.85177543
  2545  H    0.84309847    N 1176  0.84440612
  2546  H    0.84897559    N 1177  0.85547806
  2547  H    0.86870958    C 1178  0.89791131
  2548  H    0.86605702    C 1181  0.90540418
  2549  H    0.86808839    C 1181  0.89808810
  2550  H    0.86497781    C 1181  0.91354673
  2551  H    0.83605191    N 1182  0.84968142
  2552  H    0.86169237    C 1183  0.89442320
  2553  H    0.85201847    C 1186  0.89392986
  2554  H    0.85218337    C 1186  0.88634826
  2555  H    0.89799013    C 1188  0.90103328
  2556  H    0.90434929    C 1189  0.90055256
  2557  H    0.90705189    C 1190  0.90407296
  2558  H    0.91222980    C 1191  0.90113692
  2559  H    0.89781943    C 1192  0.91516338
  2560  H    0.82959462    N 1193  0.85194321
  2561  H    0.85538814    C 1194  0.88557128
  2562  H    0.86563054    C 1197  0.89074351
  2563  H    0.85209308    C 1197  0.89543265
  2564  H    0.84744752    C 1198  0.89434103
  2565  H    0.87000358    C 1198  0.89618420
  2566  H    0.87551690    C 1199  0.89999212
  2567  H    0.85168088    C 1199  0.89317223
  2568  H    0.84337360    C 1200  0.90523083
  2569  H    0.87590853    C 1200  0.90946087
  2570  H    0.76645394    N 1201  0.80876572
  2571  H    0.76223208    N 1201  0.81445178
  2572  H    0.78313832    N 1201  0.82980630
  2573  H    0.83518333    N 1202  0.84848420
  2574  H    0.84205124    C 1203  0.89410044
  2575  H    0.86347995    C 1206  0.88824202
  2576  H    0.86841467    C 1206  0.89210373
  2577  H    0.70376248    O 1207  0.73037868
  2578  H    0.82760593    N 1208  0.85153878
  2579  H    0.84337712    C 1209  0.89196658
  2580  H    0.83223350    C 1212  0.89550059
  2581  H    0.83493073    C 1212  0.89680700
  2582  H    0.87791445    C 1213  0.88629751
  2583  H    0.87121356    C 1214  0.90558068
  2584  H    0.85351393    C 1214  0.91148692
  2585  H    0.85936582    C 1214  0.89996620
  2586  H    0.85433831    C 1215  0.90108761
  2587  H    0.85288155    C 1215  0.90044448
  2588  H    0.84573204    C 1215  0.90284879
  2589  H    0.84551359    N 1216  0.85762302
  2590  H    0.86571780    C 1217  0.89105415
  2591  H    0.85670056    C 1220  0.89927482
  2592  H    0.84381817    C 1220  0.87878503
  2593  H    0.80864392    N 1224  0.84217478
  2594  H    0.83402859    C 1225  0.88194109
  2595  H    0.83909088    C 1228  0.89655447
  2596  H    0.86354246    C 1228  0.89041584
  2597  H    0.86103527    C 1229  0.89067246
  2598  H    0.83493549    C 1229  0.89082616
  2599  H    0.81932559    C 1230  0.88236153
  2600  H    0.84123507    C 1230  0.89907800
  2601  H    0.86367091    C 1231  0.90295762
  2602  H    0.86423023    C 1231  0.89310525
  2603  H    0.76457162    N 1232  0.81027492
  2604  H    0.76869470    N 1232  0.81384724
  2605  H    0.75410479    N 1232  0.82340543
  2606  H    0.81431097    N 1233  0.83944157
  2607  H    0.85282593    C 1234  0.87975172
  2608  H    0.86203316    C 1237  0.87128319
  2609  H    0.85249026    C 1237  0.88915009
  2610  H    0.82935862    N 1241  0.84724891
  2611  H    0.85720495    C 1242  0.89538699
  2612  H    0.83929424    C 1242  0.86978907
  2613  H    0.84432121    N 1245  0.84949093
  2614  H    0.85435158    C 1246  0.87358721
  2615  H    0.86320976    C 1249  0.87999946
  2616  H    0.71989687    O 1250  0.72891147
  2617  H    0.87221090    C 1251  0.89885109
  2618  H    0.87069615    C 1251  0.89853789
  2619  H    0.84255215    C 1251  0.90889020
  2620  H    0.83036708    N 1252  0.84303766
  2621  H    0.85491962    C 1253  0.88782815
  2622  H    0.84870663    C 1253  0.87118918
  2623  H    0.83368440    N 1256  0.84717976
  2624  H    0.83935494    C 1257  0.89914424
  2625  H    0.85228431    C 1260  0.88252662
  2626  H    0.86421884    C 1260  0.89337266
  2627  H    0.85515749    C 1261  0.89737585
  2628  H    0.84918909    C 1261  0.87738445
  2629  H    0.84348439    N 1264  0.83170451
  2630  H    0.82662379    N 1264  0.83112894
  2631  H    0.80497413    N 1265  0.83969927
  2632  H    0.85475174    C 1266  0.89022817
  2633  H    0.85325608    C 1269  0.87642625
  2634  H    0.85771666    C 1270  0.89335344
  2635  H    0.84459299    C 1270  0.90606675
  2636  H    0.83242852    C 1271  0.90192797
  2637  H    0.83945933    C 1271  0.91160023
  2638  H    0.85468461    C 1271  0.91464884
  2639  H    0.86886034    C 1272  0.90024661
  2640  H    0.85093588    C 1272  0.90630946
  2641  H    0.83131737    C 1272  0.91052540
  2642  H    0.80841063    N 1273  0.82974682
  2643  H    0.85358532    C 1274  0.90551041
  2644  H    0.86167971    C 1277  0.89352711
  2645  H    0.86517148    C 1277  0.88715178
  2646  H    0.86074598    C 1278  0.90415043
  2647  H    0.85967018    C 1278  0.87295075
  2648  H    0.84516392    N 1281  0.83182569
  2649  H    0.82602492    N 1281  0.83283700
  2650  H    0.80630113    N 1282  0.83709642
  2651  H    0.84581018    C 1283  0.89578463
  2652  H    0.83963659    C 1286  0.88563397
  2653  H    0.85111272    C 1287  0.89002158
  2654  H    0.85594655    C 1287  0.89308008
  2655  H    0.85460816    C 1287  0.90690642
  2656  H    0.84448248    C 1288  0.89568232
  2657  H    0.85904617    C 1288  0.91402842
  2658  H    0.85063321    C 1288  0.90076787
  2659  H    0.85276327    N 1289  0.84355961
  2660  H    0.85605175    C 1290  0.87740710
  2661  H    0.85998629    C 1293  0.89864042
  2662  H    0.85194306    C 1293  0.87123817
  2663  H    0.82744635    N 1296  0.82974775
  2664  H    0.82523805    N 1296  0.83647078
  2665  H    0.80570367    N 1297  0.84081791
  2666  H    0.82056398    C 1298  0.88301949
  2667  H    0.86246133    C 1301  0.87578495
  2668  H    0.83164180    C 1302  0.88533172
  2669  H    0.85640756    C 1302  0.88531894
  2670  H    0.86282918    C 1303  0.90150363
  2671  H    0.85225504    C 1303  0.89572520
  2672  H    0.83850338    C 1303  0.90071373
  2673  H    0.85801321    C 1304  0.88939645
  2674  H    0.82377010    C 1304  0.89898751
  2675  H    0.86750609    C 1304  0.90518645
  2676  H    0.81274154    N 1305  0.84492753
  2677  H    0.84303914    C 1306  0.88239693
  2678  H    0.84194154    C 1309  0.89952875
  2679  H    0.85871114    C 1309  0.89409864
  2680  H    0.84271426    C 1310  0.88879939
  2681  H    0.85511658    C 1310  0.87223142
  2682  H    0.84039852    N 1313  0.82950412
  2683  H    0.80788455    N 1313  0.83878300
  2684  H    0.83349102    N 1314  0.85568962
  2685  H    0.85727876    C 1315  0.88539571
  2686  H    0.85283417    C 1318  0.87745223
  2687  H    0.83804655    C 1318  0.90833147
  2688  H    0.85138965    C 1319  0.89868529
  2689  H    0.86691810    C 1319  0.89995134
  2690  H    0.84071696    N 1323  0.85975325
  2691  H    0.84939150    C 1324  0.88367004
  2692  H    0.83896554    C 1327  0.90123055
  2693  H    0.84392334    C 1327  0.87835231
  2694  H    0.90088812    C 1329  0.90492738
  2695  H    0.81774308    N 1331  0.81142173
  2696  H    0.89298632    C 1333  0.89626571
  2697  H    0.91297452    C 1334  0.89245592
  2698  H    0.91153409    C 1335  0.89551217
  2699  H    0.90880766    C 1336  0.89340751
  2700  H    0.83384990    N 1337  0.85610219
  2701  H    0.82399792    C 1338  0.89657073
  2702  H    0.84884531    C 1341  0.88273589
  2703  H    0.84938807    C 1341  0.88751022
  2704  H    0.84417157    C 1342  0.88538680
  2705  H    0.86355384    C 1343  0.89603262
  2706  H    0.85836437    C 1343  0.89272913
  2707  H    0.86533663    C 1343  0.90669372
  2708  H    0.86356079    C 1344  0.90064354
  2709  H    0.85765519    C 1344  0.90260979
  2710  H    0.82771429    C 1344  0.89776439
  2711  H    0.83230713    N 1345  0.85381210
  2712  H    0.86736296    C 1346  0.88846584
  2713  H    0.85000902    C 1349  0.89754828
  2714  H    0.85309003    C 1349  0.90893109
  2715  H    0.85055656    C 1350  0.88941764
  2716  H    0.86964081    C 1350  0.87085903
  2717  H    0.84467375    N 1353  0.83426686
  2718  H    0.83032964    N 1353  0.85429648
  2719  H    0.85048514    N 1354  0.86505611
  2720  H    0.84330363    C 1355  0.89621521
  2721  H    0.85542457    C 1358  0.88896070
  2722  H    0.85572793    C 1358  0.89731712
  2723  H    0.87314057    C 1359  0.88951349
  2724  H    0.85611283    C 1360  0.90175718
  2725  H    0.85645110    C 1360  0.89930048
  2726  H    0.86619097    C 1360  0.90400285
  2727  H    0.87070667    C 1361  0.90518950
  2728  H    0.85700353    C 1361  0.90599701
  2729  H    0.85276711    C 1361  0.90642035
  2730  H    0.86027907    N 1362  0.86653800
  2731  H    0.85322537    C 1363  0.88342608
  2732  H    0.87271585    C 1366  0.88727962
  2733  H    0.71589371    O 1367  0.73122789
  2734  H    0.86476072    C 1368  0.90882409
  2735  H    0.86579466    C 1368  0.90038422
  2736  H    0.86003061    C 1368  0.91075881
  2737  H    0.85182136    N 1369  0.85907527
  2738  H    0.87638695    C 1370  0.90083664
  2739  H    0.85580805    C 1373  0.89646533
  2740  H    0.85433400    C 1373  0.89595913
  2741  H    0.85981141    C 1374  0.87151868
  2742  H    0.84933691    C 1374  0.87069468
  2743  H    0.86352259    C 1376  0.88400451
  2744  H    0.86524768    C 1376  0.88905261
  2745  H    0.84987411    C 1376  0.88397421
  2746  H    0.83921526    N 1377  0.85094793
  2747  H    0.86113955    C 1378  0.91406325
  2748  H    0.85527349    C 1381  0.90460778
  2749  H    0.87282712    C 1381  0.89112495
  2750  H    0.90940183    C 1383  0.90137465
  2751  H    0.90745850    C 1384  0.91168715
  2752  H    0.90384511    C 1385  0.91163467
  2753  H    0.92584711    C 1386  0.90429469
  2754  H    0.76288222    O 1388  0.71363473
  2755  H    0.86393818    N 1389  0.86991099
  2756  H    0.87720441    C 1390  0.88475861
  2757  H    0.87215617    C 1393  0.90483014
  2758  H    0.83132308    C 1393  0.91953340
  2759  H    0.74158233    O 1394  0.74530333
  2760  H    0.65358601    O 1400  0.63613445
  2761  H    0.81052054    O 1400  0.67519538    O  143  0.09038417
  2762  H    0.77047355    O 1401  0.69183972    H 1931  0.07441347
  2763  H    0.75935846    O 1401  0.73828936
  2764  H    0.99501719    O 1402  0.71867097    Ca1397  0.21395507
  2765  H    0.80413067    O 1402  0.66592885    O  463  0.07304578
  2766  H    0.76250685    O 1403  0.72624458
  2767  H    0.72007923    O 1403  0.74949480
  2768  H    0.72352926    O 1404  0.73262537
  2769  H    0.74025307    O 1404  0.75676100
  2770  H    0.75333169    O 1405  0.76103281
  2771  H    0.73524285    O 1405  0.73724872
  2772  H    0.74343972    O 1406  0.72776267
  2773  H    0.69361347    O 1406  0.73652191
  2774  H    0.75494225    O 1407  0.72897609
  2775  H    0.72164260    O 1407  0.73595133
  2776  H    0.73818537    O 1408  0.71993677
  2777  H    0.75735562    O 1408  0.73552280
  2778  H    0.76123381    O 1409  0.74916927
  2779  H    0.74639242    O 1409  0.74057544
  2780  H    0.73499332    O 1410  0.74099617
  2781  H    0.71364034    O 1410  0.75497599
  2782  H    0.80893965    N  294  0.81184485
dipole moment  X         Y          Z
      -78.177209     -206.720741     -182.429836  total     (au/Debye)      :   286.5760   728.4188
second moment  X^2       Y^2        Z^2
     7730.944609    28833.100980     2809.218806  average   (au)            : 13124.4215
cpu  time for all   21 h 18 m 45.4 s
wall time for all    0 h 23 m  6.0 s
