 
       ==============================================
       |                 P T B                      |
       |                S.Grimme                    |
       |          Universitaet Bonn, MCTC           |
       ==============================================
       Version 3.7, Do 28. Apr 14:28:45 CEST 2022
 
       Cite work conducted with this code as
       S. Grimme, M. Mueller, A. Hansen, unpublished.
 
 filter  1.000000000000000E-005
 ../../../../.atompara                                                                                                                                                                                                                                           
          =========================
          reading ... ../../../../systems/1ooj.xyz
          =========================
 basis read done.
 ncao                  20997
 nsao                  19875
 npr                   55214
 basis setup done. Ndim                 19875
 coreat                   1122
 cncao                    1174
 cnsao                    1174
 cnpr                     7044
 
 nalpha                   3132
 nbeta                    3131
 ntotal                   6263
 nopen                       1
cpu  time for startup and initial S    6.52 s
wall time for startup and initial S    7.00 s
               -----------------------
               |      PTB  model      |
               | SG, MM, AH 2020-2022 |
               -----------------------
 prop :                     1
 PA setup with Mull-Loew partitioning   0.333333 ...
 done.
EEQ done. sum q :   -0.000
    atom   Zeff  qEEQ  mod   srCN   noHCN   CN(EEQ)
    1    7  5.0     0.086   3.815   0.224   3.990
    2    6  4.0    -0.048   4.261   0.221   3.980
    3    6  4.0    -0.071   3.674   0.566   3.008
    4    8  6.0    -0.070   2.326   0.294   1.607
    5    6  4.0    -0.035   3.926   0.239   3.974
    6    8  6.0    -0.056   1.990   0.178   1.986
    7    6  4.0    -0.080   3.699   0.063   3.978
    8    7  5.0    -0.022   3.703   0.390   3.007
    9    6  4.0    -0.018   4.263   0.242   3.991
   10    6  4.0    -0.045   3.531   0.554   3.009
   11    8  6.0    -0.111   1.393   0.283   1.003
   12    6  4.0    -0.051   4.018   0.113   3.983
   13    6  4.0    -0.038   3.810   0.113   3.977
   14    6  4.0    -0.002   2.785   0.585   2.994
   15    8  6.0    -0.099   1.259   0.267   1.001
   16    8  6.0    -0.098   1.206   0.267   1.001
   17    7  5.0    -0.001   3.667   0.387   3.005
   18    6  4.0    -0.018   4.355   0.245   3.994
   19    6  4.0    -0.043   3.776   0.563   3.013
   20    8  6.0    -0.112   1.704   0.286   1.003
   21    6  4.0    -0.051   4.031   0.114   3.984
   22    6  4.0    -0.036   3.855   0.116   3.978
   23    6  4.0     0.001   2.891   0.592   2.995
   24    8  6.0    -0.097   1.280   0.270   1.001
   25    8  6.0    -0.093   1.235   0.270   1.001
   26    7  5.0     0.005   3.997   0.392   3.012
   27    6  4.0    -0.010   4.608   0.247   4.204
   28    6  4.0    -0.073   4.242   0.980   3.251
   29    8  6.0    -0.081   1.845   0.311   1.256
   30    6  4.0    -0.056   4.087   0.113   3.983
   31    6  4.0    -0.042   3.972   0.121   3.983
   32    6  4.0    -0.041   3.106   0.566   2.997
   33    8  6.0    -0.101   1.385   0.287   1.004
   34    7  5.0    -0.049   2.866   0.295   3.002
   35    7  5.0     0.113   4.460   0.820   3.467
   36    6  4.0    -0.023   4.739   0.235   4.194
   37    6  4.0    -0.049   3.800   0.562   3.009
   38    8  6.0    -0.125   1.635   0.289   1.003
   39    6  4.0    -0.041   4.182   0.156   3.977
   40    6  4.0    -0.061   3.837   0.116   3.981
   41    6  4.0    -0.079   3.756   0.062   3.981
   42    6  4.0    -0.091   3.831   0.066   3.989
   43    7  5.0     0.004   3.784   0.389   3.008
   44    6  4.0    -0.019   4.150   0.252   3.995
   45    6  4.0    -0.042   3.568   0.559   3.013
   46    8  6.0    -0.114   1.455   0.283   1.003
   47    6  4.0    -0.079   3.661   0.068   3.985
   48    7  5.0     0.015   3.799   0.391   3.008
   49    6  4.0    -0.022   4.283   0.250   3.996
   50    6  4.0    -0.045   3.572   0.563   3.013
   51    8  6.0    -0.115   1.481   0.289   1.003
   52    6  4.0    -0.053   4.091   0.124   3.989
   53    6  4.0    -0.039   3.893   0.126   3.981
   54    6  4.0    -0.000   2.792   0.594   2.997
   55    8  6.0    -0.094   1.263   0.269   1.001
   56    8  6.0    -0.088   1.217   0.270   1.001
   57    7  5.0     0.015   3.793   0.389   3.007
   58    6  4.0    -0.020   4.385   0.245   3.996
   59    6  4.0    -0.046   3.607   0.567   3.014
   60    8  6.0    -0.122   1.559   0.291   1.003
   61    6  4.0    -0.043   4.131   0.125   3.992
   62    6  4.0    -0.040   3.685   0.297   3.023
   63    6  4.0    -0.067   3.525   0.235   3.031
   64    6  4.0    -0.067   3.467   0.233   3.032
   65    6  4.0    -0.069   3.253   0.234   3.023
   66    6  4.0    -0.069   3.233   0.234   3.023
   67    6  4.0    -0.068   3.263   0.235   3.024
   68    7  5.0     0.009   3.821   0.394   3.010
   69    6  4.0    -0.020   4.311   0.253   3.998
   70    6  4.0    -0.043   3.595   0.569   3.016
   71    8  6.0    -0.115   1.458   0.289   1.003
   72    6  4.0    -0.057   4.063   0.123   3.989
   73    6  4.0    -0.061   3.934   0.123   3.982
   74    6  4.0    -0.061   3.771   0.119   3.981
   75    6  4.0    -0.084   3.722   0.177   3.979
   76    7  5.0     0.078   3.404   0.225   3.987
   77    7  5.0     0.010   3.785   0.394   3.008
   78    6  4.0    -0.021   4.304   0.253   3.998
   79    6  4.0    -0.044   3.584   0.561   3.013
   80    8  6.0    -0.118   1.546   0.284   1.003
   81    6  4.0    -0.054   4.091   0.122   3.988
   82    6  4.0    -0.040   3.887   0.126   3.982
   83    6  4.0    -0.001   2.796   0.596   2.998
   84    8  6.0    -0.094   1.266   0.270   1.001
   85    8  6.0    -0.089   1.217   0.269   1.001
   86    7  5.0     0.012   3.726   0.391   3.012
   87    6  4.0    -0.021   4.161   0.253   3.997
   88    6  4.0    -0.043   3.623   0.568   3.015
   89    8  6.0    -0.114   1.467   0.291   1.003
   90    6  4.0    -0.081   3.662   0.068   3.985
   91    7  5.0     0.009   3.736   0.392   3.007
   92    6  4.0    -0.018   4.301   0.242   3.992
   93    6  4.0    -0.039   3.716   0.563   3.008
   94    8  6.0    -0.115   1.635   0.288   1.003
   95    6  4.0    -0.042   4.155   0.120   3.988
   96    6  4.0    -0.036   3.688   0.286   3.018
   97    6  4.0    -0.064   3.478   0.227   3.026
   98    6  4.0    -0.071   3.467   0.228   3.026
   99    6  4.0    -0.068   3.224   0.228   3.019
  100    6  4.0    -0.070   3.270   0.227   3.019
  101    6  4.0    -0.067   3.225   0.228   3.021
  102    7  5.0     0.011   3.722   0.391   3.006
  103    6  4.0    -0.020   4.238   0.244   3.993
  104    6  4.0    -0.043   3.653   0.563   3.008
  105    8  6.0    -0.094   1.401   0.286   1.003
  106    6  4.0    -0.054   3.771   0.206   3.982
  107    8  6.0    -0.043   1.849   0.191   1.989
  108    7  5.0     0.013   3.812   0.393   3.007
  109    6  4.0    -0.021   4.283   0.242   3.991
  110    6  4.0    -0.042   3.493   0.562   3.008
  111    8  6.0    -0.116   1.474   0.290   1.003
  112    6  4.0    -0.056   4.195   0.111   3.988
  113    6  4.0    -0.038   3.921   0.168   3.976
  114    6  4.0    -0.081   3.590   0.064   3.982
  115    6  4.0    -0.081   3.619   0.064   3.982
  116    7  5.0     0.024   3.725   0.387   3.005
  117    6  4.0    -0.020   4.319   0.242   3.993
  118    6  4.0    -0.045   3.508   0.570   3.009
  119    8  6.0    -0.119   1.485   0.294   1.004
  120    6  4.0    -0.044   4.168   0.123   3.991
  121    6  4.0    -0.042   3.646   0.292   3.023
  122    6  4.0    -0.071   3.456   0.235   3.029
  123    6  4.0    -0.067   3.426   0.233   3.029
  124    6  4.0    -0.073   3.263   0.231   3.021
  125    6  4.0    -0.069   3.218   0.233   3.021
  126    6  4.0    -0.070   3.205   0.228   3.023
  127    7  5.0     0.015   3.627   0.393   3.008
  128    6  4.0    -0.020   4.452   0.240   3.990
  129    6  4.0    -0.042   3.696   0.554   3.005
  130    8  6.0    -0.095   1.552   0.286   1.003
  131    6  4.0    -0.041   4.158   0.120   3.984
  132    6  4.0    -0.038   3.274   0.605   3.040
  133    8  6.0    -0.102   2.108   0.308   1.920
  134    8  6.0    -0.123   1.612   0.269   1.001
  135    7  5.0     0.001   3.665   0.385   3.002
  136    6  4.0    -0.019   4.381   0.242   3.991
  137    6  4.0    -0.042   3.509   0.563   3.010
  138    8  6.0    -0.102   1.382   0.289   1.004
  139    6  4.0    -0.058   4.069   0.121   3.989
  140    6  4.0    -0.059   3.870   0.125   3.983
  141    6  4.0    -0.059   3.952   0.124   3.984
  142    6  4.0    -0.083   3.753   0.182   3.980
  143    7  5.0     0.081   3.470   0.226   3.988
  144    7  5.0     0.009   3.816   0.386   3.002
  145    6  4.0    -0.019   4.368   0.244   3.998
  146    6  4.0    -0.043   3.537   0.568   3.012
  147    8  6.0    -0.096   1.442   0.290   1.003
  148    6  4.0    -0.038   4.132   0.126   3.988
  149    6  4.0    -0.029   3.307   0.606   3.053
  150    8  6.0    -0.135   1.585   0.272   1.012
  151    8  6.0    -0.123   1.732   0.275   1.340
  152    7  5.0     0.005   3.476   0.396   3.002
  153    6  4.0    -0.038   3.970   0.201   3.995
  154    6  4.0    -0.038   3.359   0.566   3.009
  155    8  6.0    -0.095   1.391   0.289   1.004
  156    7  5.0     0.013   3.832   0.387   3.005
  157    6  4.0    -0.017   4.377   0.239   3.997
  158    6  4.0    -0.037   3.638   0.557   3.014
  159    8  6.0    -0.098   1.376   0.285   1.003
  160    6  4.0    -0.042   4.127   0.121   3.985
  161    6  4.0    -0.037   3.393   0.611   3.063
  162    8  6.0    -0.117   2.159   0.323   1.962
  163    8  6.0    -0.124   1.528   0.274   1.001
  164    7  5.0     0.019   3.738   0.393   3.002
  165    6  4.0    -0.041   3.956   0.198   3.997
  166    6  4.0    -0.047   3.319   0.569   3.008
  167    8  6.0    -0.115   1.388   0.292   1.004
  168    7  5.0     0.010   3.852   0.391   3.011
  169    6  4.0    -0.024   4.453   0.235   3.991
  170    6  4.0    -0.078   3.806   0.579   3.029
  171    8  6.0    -0.105   2.141   0.318   1.858
  172    6  4.0    -0.032   3.940   0.231   3.969
  173    8  6.0    -0.066   2.173   0.175   1.986
  174    6  4.0    -0.080   3.662   0.065   3.978
  175    7  5.0    -0.006   3.691   0.400   3.009
  176    6  4.0    -0.022   4.548   0.247   4.003
  177    6  4.0    -0.050   3.563   0.559   3.012
  178    8  6.0    -0.123   1.536   0.288   1.003
  179    6  4.0    -0.034   4.198   0.165   3.982
  180    6  4.0    -0.059   3.889   0.113   3.981
  181    6  4.0    -0.081   3.761   0.067   3.984
  182    6  4.0    -0.082   3.509   0.064   3.977
  183    7  5.0     0.002   3.666   0.390   3.007
  184    6  4.0    -0.021   4.380   0.242   3.994
  185    6  4.0    -0.045   3.604   0.565   3.012
  186    8  6.0    -0.118   1.592   0.286   1.003
  187    6  4.0    -0.035   3.958   0.239   3.976
  188    8  6.0    -0.054   2.074   0.176   1.986
  189    6  4.0    -0.083   3.649   0.066   3.979
  190    7  5.0    -0.007   3.691   0.391   3.007
  191    6  4.0    -0.020   4.358   0.238   3.992
  192    6  4.0    -0.042   3.627   0.567   3.013
  193    8  6.0    -0.123   1.611   0.290   1.003
  194    6  4.0    -0.034   3.928   0.235   3.975
  195    8  6.0    -0.051   2.011   0.175   1.986
  196    6  4.0    -0.083   3.633   0.062   3.977
  197    7  5.0     0.011   3.824   0.392   3.007
  198    6  4.0    -0.021   4.420   0.245   3.996
  199    6  4.0    -0.043   3.597   0.576   3.013
  200    8  6.0    -0.112   1.501   0.294   1.004
  201    6  4.0    -0.058   4.120   0.114   3.984
  202    6  4.0    -0.060   3.836   0.115   3.979
  203    6  4.0    -0.060   3.898   0.118   3.980
  204    6  4.0    -0.085   3.857   0.182   3.980
  205    7  5.0     0.095   3.519   0.229   3.988
  206    7  5.0     0.006   3.782   0.400   3.011
  207    6  4.0    -0.021   4.315   0.253   3.999
  208    6  4.0    -0.041   3.628   0.565   3.012
  209    8  6.0    -0.117   1.552   0.290   1.003
  210    6  4.0    -0.058   4.101   0.121   3.987
  211    6  4.0    -0.051   4.030   0.126   3.983
  212    6  4.0    -0.051   3.350   0.602   3.632
  213    8  6.0    -0.120   1.905   0.280   1.770
  214    8  6.0    -0.108   1.964   0.302   1.905
  215    7  5.0     0.007   3.723   0.389   3.009
  216    6  4.0    -0.021   4.337   0.247   3.996
  217    6  4.0    -0.041   3.736   0.565   3.019
  218    8  6.0    -0.121   1.685   0.289   1.003
  219    6  4.0    -0.057   4.172   0.111   3.987
  220    6  4.0    -0.037   3.875   0.165   3.975
  221    6  4.0    -0.082   3.687   0.062   3.981
  222    6  4.0    -0.083   3.613   0.065   3.983
  223    7  5.0     0.010   3.585   0.392   3.004
  224    6  4.0    -0.041   3.960   0.198   3.998
  225    6  4.0    -0.040   3.480   0.562   3.006
  226    8  6.0    -0.112   1.599   0.286   1.003
  227    7  5.0     0.022   3.662   0.385   3.005
  228    6  4.0    -0.020   4.383   0.238   3.994
  229    6  4.0    -0.041   3.703   0.566   3.012
  230    8  6.0    -0.114   1.498   0.291   1.003
  231    6  4.0    -0.034   3.994   0.246   3.979
  232    8  6.0    -0.049   1.964   0.177   1.986
  233    6  4.0    -0.081   3.627   0.069   3.981
  234    7  5.0     0.010   3.695   0.387   3.004
  235    6  4.0    -0.021   4.428   0.234   3.994
  236    6  4.0    -0.043   3.804   0.570   3.013
  237    8  6.0    -0.124   1.795   0.293   1.004
  238    6  4.0    -0.037   4.075   0.165   3.979
  239    6  4.0    -0.080   3.772   0.066   3.984
  240    6  4.0    -0.082   3.680   0.066   3.984
  241    7  5.0     0.007   3.769   0.393   3.006
  242    6  4.0    -0.020   4.439   0.247   3.997
  243    6  4.0    -0.042   3.649   0.566   3.013
  244    8  6.0    -0.115   1.557   0.289   1.004
  245    6  4.0    -0.055   4.110   0.117   4.012
  246    6  4.0    -0.064   3.568   0.206   3.975
  247   16  6.0    -0.020   2.999   0.305   2.017
  248    6  4.0    -0.087   3.172   0.167   3.976
  249    7  5.0     0.015   3.721   0.390   3.004
  250    6  4.0    -0.021   4.296   0.240   3.994
  251    6  4.0    -0.044   3.636   0.560   3.011
  252    8  6.0    -0.107   1.515   0.288   1.004
  253    6  4.0    -0.055   4.026   0.112   3.982
  254    6  4.0    -0.058   3.856   0.116   3.978
  255    6  4.0    -0.059   3.872   0.192   3.987
  256    7  5.0    -0.009   3.319   0.390   3.017
  257    6  4.0    -0.078   3.344   0.667   3.005
  258    7  5.0    -0.056   3.052   0.297   3.017
  259    7  5.0    -0.060   2.956   0.301   3.018
  260    7  5.0     0.010   3.780   0.387   3.005
  261    6  4.0    -0.019   4.231   0.241   3.995
  262    6  4.0    -0.043   3.598   0.560   3.008
  263    8  6.0    -0.104   1.357   0.289   1.003
  264    6  4.0    -0.053   3.736   0.200   3.979
  265    8  6.0    -0.052   1.938   0.187   1.988
  266    7  5.0     0.011   3.885   0.382   3.004
  267    6  4.0    -0.021   4.312   0.242   3.990
  268    6  4.0    -0.044   3.505   0.566   3.016
  269    8  6.0    -0.096   1.472   0.288   1.003
  270    6  4.0    -0.054   4.241   0.115   3.993
  271    6  4.0    -0.037   3.840   0.176   3.978
  272    6  4.0    -0.081   3.747   0.068   3.984
  273    6  4.0    -0.082   3.600   0.066   3.986
  274    7  5.0     0.012   3.523   0.399   3.003
  275    6  4.0    -0.039   3.931   0.203   3.999
  276    6  4.0    -0.041   3.290   0.570   3.006
  277    8  6.0    -0.097   1.359   0.293   1.004
  278    7  5.0     0.046   3.728   0.385   3.005
  279    6  4.0    -0.020   4.373   0.241   3.993
  280    6  4.0    -0.045   3.488   0.567   3.018
  281    8  6.0    -0.114   1.569   0.288   1.004
  282    6  4.0    -0.055   4.085   0.115   3.984
  283    6  4.0    -0.042   3.921   0.121   3.983
  284    6  4.0    -0.038   3.158   0.561   2.997
  285    8  6.0    -0.089   1.303   0.284   1.003
  286    7  5.0    -0.047   2.954   0.294   3.002
  287    7  5.0    -0.003   3.511   0.400   3.007
  288    6  4.0    -0.017   4.591   0.255   4.004
  289    6  4.0    -0.050   3.675   0.555   3.013
  290    8  6.0    -0.098   1.468   0.284   1.003
  291    6  4.0    -0.035   4.143   0.121   3.990
  292    6  4.0    -0.037   3.086   0.569   2.997
  293    8  6.0    -0.097   1.267   0.293   1.004
  294    7  5.0    -0.039   3.066   0.292   3.002
  295    7  5.0     0.063   3.912   0.467   3.035
  296    6  4.0    -0.020   4.568   0.239   4.028
  297    6  4.0    -0.043   3.539   0.542   3.004
  298    8  6.0    -0.103   1.416   0.276   1.002
  299    6  4.0    -0.054   4.120   0.123   4.026
  300    6  4.0    -0.057   4.033   0.130   4.025
  301    6  4.0    -0.062   4.187   0.191   4.024
  302    7  5.0     0.026   3.653   0.385   3.008
  303    6  4.0    -0.022   4.358   0.239   3.991
  304    6  4.0    -0.040   3.661   0.562   3.019
  305    8  6.0    -0.112   1.660   0.288   1.003
  306    6  4.0    -0.034   3.986   0.245   3.979
  307    8  6.0    -0.052   2.092   0.178   1.987
  308    6  4.0    -0.082   3.616   0.069   3.980
  309    7  5.0    -0.002   3.594   0.389   3.005
  310    6  4.0    -0.018   4.318   0.242   3.994
  311    6  4.0    -0.042   3.572   0.560   3.008
  312    8  6.0    -0.112   1.474   0.288   1.003
  313    6  4.0    -0.054   4.031   0.116   3.984
  314    6  4.0    -0.041   3.811   0.120   3.979
  315    6  4.0    -0.008   2.874   0.594   2.996
  316    8  6.0    -0.110   1.265   0.268   1.001
  317    8  6.0    -0.115   1.303   0.273   1.001
  318    7  5.0     0.005   3.653   0.388   3.006
  319    6  4.0    -0.021   4.102   0.242   3.990
  320    6  4.0    -0.040   3.560   0.570   3.010
  321    8  6.0    -0.100   1.451   0.295   1.004
  322    6  4.0    -0.081   3.622   0.063   3.982
  323    7  5.0     0.012   3.711   0.392   3.006
  324    6  4.0    -0.022   4.293   0.246   3.996
  325    6  4.0    -0.043   3.582   0.569   3.010
  326    8  6.0    -0.118   1.584   0.294   1.004
  327    6  4.0    -0.056   4.102   0.120   3.986
  328    6  4.0    -0.042   3.862   0.124   3.982
  329    6  4.0    -0.005   2.801   0.603   2.997
  330    8  6.0    -0.096   1.224   0.274   1.001
  331    8  6.0    -0.114   1.491   0.273   1.001
  332    7  5.0     0.008   3.690   0.389   3.005
  333    6  4.0    -0.021   4.341   0.247   3.995
  334    6  4.0    -0.044   3.613   0.564   3.015
  335    8  6.0    -0.122   1.485   0.286   1.003
  336    6  4.0    -0.056   4.228   0.118   3.994
  337    6  4.0    -0.038   3.838   0.165   3.975
  338    6  4.0    -0.082   3.620   0.062   3.982
  339    6  4.0    -0.082   3.684   0.060   3.981
  340    7  5.0     0.007   3.713   0.395   3.007
  341    6  4.0    -0.018   4.365   0.247   3.997
  342    6  4.0    -0.044   3.601   0.564   3.008
  343    8  6.0    -0.109   1.590   0.290   1.003
  344    6  4.0    -0.052   4.051   0.118   3.985
  345    6  4.0    -0.039   3.924   0.122   3.984
  346    6  4.0    -0.042   3.099   0.570   2.997
  347    8  6.0    -0.107   1.317   0.293   1.004
  348    7  5.0    -0.046   2.905   0.295   3.002
  349    7  5.0     0.026   3.706   0.383   3.004
  350    6  4.0    -0.018   4.329   0.238   3.992
  351    6  4.0    -0.043   3.566   0.560   3.012
  352    8  6.0    -0.106   1.447   0.285   1.003
  353    6  4.0    -0.038   4.035   0.118   3.984
  354    6  4.0     0.001   2.822   0.595   2.996
  355    8  6.0    -0.092   1.216   0.270   1.001
  356    8  6.0    -0.094   1.302   0.270   1.001
  357    7  5.0     0.011   3.735   0.388   3.006
  358    6  4.0    -0.020   4.302   0.243   3.994
  359    6  4.0    -0.040   3.579   0.563   3.010
  360    8  6.0    -0.102   1.517   0.291   1.003
  361    6  4.0    -0.054   4.117   0.118   4.015
  362    6  4.0    -0.063   3.611   0.223   3.978
  363   16  6.0    -0.018   2.842   0.321   2.023
  364    6  4.0    -0.086   3.176   0.169   3.976
  365    7  5.0     0.007   3.677   0.386   3.004
  366    6  4.0    -0.020   4.469   0.233   3.993
  367    6  4.0    -0.044   3.740   0.559   3.010
  368    8  6.0    -0.123   1.668   0.286   1.003
  369    6  4.0    -0.036   4.176   0.158   3.978
  370    6  4.0    -0.059   3.866   0.119   3.980
  371    6  4.0    -0.078   3.827   0.065   3.981
  372    6  4.0    -0.082   3.535   0.068   3.978
  373    7  5.0     0.019   3.737   0.391   3.005
  374    6  4.0    -0.016   4.335   0.245   3.993
  375    6  4.0    -0.043   3.584   0.577   3.010
  376    8  6.0    -0.091   1.433   0.299   1.005
  377    6  4.0    -0.039   4.072   0.113   3.986
  378    6  4.0    -0.038   3.103   0.562   2.995
  379    8  6.0    -0.106   1.419   0.288   1.003
  380    7  5.0    -0.043   2.863   0.296   3.002
  381    7  5.0     0.014   3.702   0.392   3.005
  382    6  4.0    -0.020   4.255   0.240   3.993
  383    6  4.0    -0.042   3.585   0.557   3.006
  384    8  6.0    -0.103   1.365   0.288   1.003
  385    6  4.0    -0.052   4.055   0.116   3.984
  386    6  4.0    -0.036   4.022   0.121   3.980
  387    6  4.0    -0.003   2.837   0.591   2.996
  388    8  6.0    -0.099   1.272   0.268   1.001
  389    8  6.0    -0.101   1.288   0.267   1.001
  390    7  5.0     0.013   3.782   0.386   3.002
  391    6  4.0    -0.021   4.412   0.234   3.993
  392    6  4.0    -0.045   3.529   0.556   3.008
  393    8  6.0    -0.111   1.452   0.285   1.003
  394    6  4.0    -0.036   4.083   0.168   3.980
  395    6  4.0    -0.079   3.738   0.068   3.984
  396    6  4.0    -0.081   3.701   0.066   3.983
  397    7  5.0     0.017   3.601   0.387   3.005
  398    6  4.0    -0.018   4.420   0.240   3.994
  399    6  4.0    -0.038   3.639   0.569   3.005
  400    8  6.0    -0.088   1.444   0.294   1.004
  401    6  4.0    -0.040   4.159   0.119   3.984
  402    6  4.0    -0.034   3.262   0.604   3.024
  403    8  6.0    -0.091   1.990   0.286   1.794
  404    8  6.0    -0.114   1.481   0.275   1.002
  405    7  5.0     0.012   3.569   0.392   3.005
  406    6  4.0    -0.020   4.103   0.244   3.989
  407    6  4.0    -0.044   3.539   0.556   3.009
  408    8  6.0    -0.097   1.396   0.285   1.003
  409    6  4.0    -0.081   3.664   0.063   3.983
  410    7  5.0    -0.000   3.768   0.386   3.002
  411    6  4.0    -0.016   4.374   0.244   3.998
  412    6  4.0    -0.040   3.601   0.568   3.011
  413    8  6.0    -0.095   1.430   0.289   1.003
  414    6  4.0    -0.038   4.075   0.122   3.985
  415    6  4.0    -0.032   3.226   0.610   3.008
  416    8  6.0    -0.096   1.969   0.284   1.645
  417    8  6.0    -0.117   1.426   0.276   1.002
  418    7  5.0     0.020   3.517   0.397   3.002
  419    6  4.0    -0.039   3.938   0.200   3.994
  420    6  4.0    -0.040   3.382   0.570   3.007
  421    8  6.0    -0.097   1.386   0.292   1.004
  422    7  5.0     0.015   3.834   0.389   3.005
  423    6  4.0    -0.017   4.402   0.241   3.997
  424    6  4.0    -0.041   3.629   0.560   3.012
  425    8  6.0    -0.104   1.418   0.288   1.003
  426    6  4.0    -0.042   4.186   0.124   3.990
  427    6  4.0    -0.063   3.673   0.579   3.332
  428    8  6.0    -0.094   2.180   0.311   1.832
  429    7  5.0    -0.091   3.346   0.300   3.231
  430    7  5.0     0.013   3.529   0.390   3.000
  431    6  4.0    -0.040   3.918   0.195   3.995
  432    6  4.0    -0.045   3.230   0.564   3.005
  433    8  6.0    -0.115   1.375   0.288   1.004
  434    7  5.0     0.007   3.743   0.389   3.004
  435    6  4.0    -0.023   4.481   0.239   3.995
  436    6  4.0    -0.080   3.764   0.566   3.032
  437    8  6.0    -0.098   2.112   0.316   1.889
  438    6  4.0    -0.033   4.040   0.245   3.979
  439    8  6.0    -0.060   2.107   0.178   1.986
  440    6  4.0    -0.080   3.627   0.066   3.979
  441    7  5.0    -0.021   3.639   0.386   3.003
  442    6  4.0    -0.023   4.522   0.232   3.990
  443    6  4.0    -0.051   3.677   0.564   3.015
  444    8  6.0    -0.122   1.630   0.292   1.004
  445    6  4.0    -0.033   4.191   0.157   3.980
  446    6  4.0    -0.060   3.860   0.118   3.981
  447    6  4.0    -0.080   3.793   0.062   3.980
  448    6  4.0    -0.084   3.523   0.066   3.978
  449    7  5.0     0.005   3.705   0.387   3.005
  450    6  4.0    -0.017   4.331   0.236   3.996
  451    6  4.0    -0.037   3.669   0.552   3.014
  452    8  6.0    -0.113   1.654   0.280   1.003
  453    6  4.0    -0.041   4.034   0.118   3.981
  454    6  4.0    -0.010   3.037   0.597   2.996
  455    8  6.0    -0.118   1.779   0.270   1.001
  456    8  6.0    -0.112   1.389   0.272   1.001
  457    7  5.0     0.000   3.553   0.391   3.003
  458    6  4.0    -0.017   4.421   0.247   3.998
  459    6  4.0    -0.043   3.855   0.560   3.018
  460    8  6.0    -0.118   1.899   0.293   1.006
  461    6  4.0    -0.042   4.132   0.123   3.989
  462    6  4.0    -0.036   3.700   0.289   3.019
  463    6  4.0    -0.066   3.474   0.227   3.027
  464    6  4.0    -0.068   3.393   0.226   3.026
  465    6  4.0    -0.071   3.232   0.227   3.019
  466    6  4.0    -0.073   3.220   0.226   3.019
  467    6  4.0    -0.073   3.253   0.229   3.020
  468    7  5.0     0.058   4.035   0.465   3.035
  469    6  4.0    -0.019   4.592   0.241   4.043
  470    6  4.0    -0.044   3.542   0.555   3.005
  471    8  6.0    -0.123   1.621   0.287   1.003
  472    6  4.0    -0.054   4.135   0.127   4.036
  473    6  4.0    -0.057   3.969   0.133   4.031
  474    6  4.0    -0.061   4.225   0.190   4.032
  475    7  5.0     0.014   3.820   0.384   3.007
  476    6  4.0    -0.022   4.286   0.246   3.996
  477    6  4.0    -0.043   3.583   0.564   3.017
  478    8  6.0    -0.114   1.451   0.282   1.003
  479    6  4.0    -0.055   4.153   0.125   3.990
  480    6  4.0    -0.048   4.074   0.134   3.984
  481    6  4.0    -0.043   3.346   0.604   3.446
  482    8  6.0    -0.110   1.929   0.281   1.710
  483    8  6.0    -0.116   1.808   0.277   1.514
  484    7  5.0     0.005   3.746   0.398   3.010
  485    6  4.0    -0.019   4.346   0.249   3.998
  486    6  4.0    -0.038   3.696   0.559   3.009
  487    8  6.0    -0.117   1.638   0.286   1.003
  488    6  4.0    -0.043   4.186   0.126   3.992
  489    6  4.0    -0.041   3.728   0.290   3.021
  490    6  4.0    -0.071   3.430   0.226   3.027
  491    6  4.0    -0.069   3.493   0.232   3.027
  492    6  4.0    -0.071   3.233   0.228   3.020
  493    6  4.0    -0.072   3.322   0.232   3.021
  494    6  4.0    -0.070   3.266   0.232   3.022
  495    7  5.0     0.012   3.736   0.388   3.006
  496    6  4.0    -0.022   4.316   0.244   3.990
  497    6  4.0    -0.042   3.702   0.561   3.010
  498    8  6.0    -0.116   1.589   0.285   1.003
  499    6  4.0    -0.056   4.257   0.116   3.992
  500    6  4.0    -0.036   3.897   0.173   3.977
  501    6  4.0    -0.082   3.704   0.065   3.983
  502    6  4.0    -0.083   3.585   0.066   3.984
  503    7  5.0     0.006   3.724   0.395   3.006
  504    6  4.0    -0.020   4.394   0.246   3.995
  505    6  4.0    -0.044   3.688   0.562   3.010
  506    8  6.0    -0.117   1.439   0.288   1.003
  507    6  4.0    -0.032   3.986   0.244   3.979
  508    8  6.0    -0.054   1.990   0.179   1.987
  509    6  4.0    -0.078   3.647   0.063   3.978
  510    7  5.0     0.017   3.727   0.391   3.006
  511    6  4.0    -0.021   4.325   0.244   3.992
  512    6  4.0    -0.041   3.768   0.561   3.008
  513    8  6.0    -0.115   1.567   0.287   1.003
  514    6  4.0    -0.055   4.124   0.116   4.005
  515    6  4.0    -0.058   3.575   0.210   3.975
  516   16  6.0    -0.012   3.305   0.291   2.008
  517    6  4.0    -0.085   3.195   0.150   3.973
  518    7  5.0     0.012   3.888   0.392   3.006
  519    6  4.0    -0.021   4.451   0.246   3.994
  520    6  4.0    -0.043   3.591   0.566   3.012
  521    8  6.0    -0.115   1.501   0.288   1.003
  522    6  4.0    -0.054   4.124   0.118   4.017
  523    6  4.0    -0.061   3.627   0.217   3.977
  524   16  6.0    -0.017   3.215   0.310   2.022
  525    6  4.0    -0.086   3.149   0.163   3.975
  526    7  5.0     0.016   3.701   0.395   3.009
  527    6  4.0    -0.021   4.138   0.253   3.995
  528    6  4.0    -0.042   3.622   0.561   3.014
  529    8  6.0    -0.113   1.509   0.288   1.003
  530    6  4.0    -0.081   3.662   0.067   3.984
  531    7  5.0     0.006   3.640   0.390   3.006
  532    6  4.0    -0.020   4.274   0.246   3.996
  533    6  4.0    -0.041   3.708   0.564   3.010
  534    8  6.0    -0.103   1.491   0.289   1.003
  535    6  4.0    -0.056   4.245   0.113   3.983
  536    6  4.0    -0.056   3.895   0.111   3.977
  537    6  4.0    -0.059   3.837   0.189   3.984
  538    7  5.0    -0.011   3.326   0.389   3.016
  539    6  4.0    -0.079   3.396   0.663   3.005
  540    7  5.0    -0.060   3.218   0.298   3.017
  541    7  5.0    -0.065   2.930   0.297   3.017
  542    7  5.0     0.014   3.683   0.390   3.005
  543    6  4.0    -0.021   4.239   0.242   3.991
  544    6  4.0    -0.042   3.635   0.560   3.009
  545    8  6.0    -0.120   1.618   0.285   1.003
  546    6  4.0    -0.057   4.057   0.117   3.987
  547    6  4.0    -0.058   3.947   0.119   3.980
  548    6  4.0    -0.062   3.808   0.120   3.982
  549    6  4.0    -0.084   3.710   0.178   3.979
  550    7  5.0     0.076   3.488   0.225   3.988
  551    7  5.0     0.009   3.666   0.393   3.005
  552    6  4.0    -0.021   4.309   0.247   3.997
  553    6  4.0    -0.042   3.651   0.564   3.010
  554    8  6.0    -0.108   1.640   0.290   1.003
  555    6  4.0    -0.052   4.171   0.124   4.037
  556    6  4.0    -0.060   3.632   0.229   3.980
  557   16  6.0    -0.010   2.809   0.309   2.040
  558    6  4.0    -0.086   3.201   0.154   3.974
  559    7  5.0     0.013   3.673   0.391   3.006
  560    6  4.0    -0.021   4.276   0.247   3.996
  561    6  4.0    -0.042   3.633   0.566   3.013
  562    8  6.0    -0.119   1.658   0.289   1.003
  563    6  4.0    -0.058   4.040   0.120   3.986
  564    6  4.0    -0.060   3.818   0.119   3.980
  565    6  4.0    -0.061   3.742   0.114   3.979
  566    6  4.0    -0.084   3.673   0.168   3.976
  567    7  5.0     0.074   3.384   0.219   3.986
  568    7  5.0     0.021   3.746   0.392   3.006
  569    6  4.0    -0.018   4.303   0.245   3.996
  570    6  4.0    -0.043   3.560   0.562   3.008
  571    8  6.0    -0.115   1.580   0.287   1.003
  572    6  4.0    -0.039   4.005   0.117   3.983
  573    6  4.0    -0.003   2.833   0.596   2.996
  574    8  6.0    -0.096   1.308   0.273   1.001
  575    8  6.0    -0.095   1.224   0.270   1.001
  576    7  5.0     0.016   3.718   0.390   3.005
  577    6  4.0    -0.020   4.360   0.234   3.991
  578    6  4.0    -0.044   3.675   0.561   3.010
  579    8  6.0    -0.112   1.426   0.287   1.003
  580    6  4.0    -0.033   3.966   0.239   3.974
  581    8  6.0    -0.055   1.959   0.177   1.986
  582    6  4.0    -0.078   3.640   0.066   3.979
  583    7  5.0     0.026   3.747   0.388   3.004
  584    6  4.0    -0.018   4.312   0.240   3.992
  585    6  4.0    -0.043   3.581   0.564   3.010
  586    8  6.0    -0.112   1.565   0.291   1.003
  587    6  4.0    -0.038   4.012   0.115   3.983
  588    6  4.0    -0.000   2.838   0.593   2.995
  589    8  6.0    -0.097   1.288   0.270   1.001
  590    8  6.0    -0.097   1.222   0.270   1.001
  591    7  5.0     0.013   3.718   0.391   3.008
  592    6  4.0    -0.021   4.244   0.247   3.996
  593    6  4.0    -0.041   3.693   0.567   3.015
  594    8  6.0    -0.115   1.588   0.287   1.003
  595    6  4.0    -0.055   3.780   0.200   3.981
  596    8  6.0    -0.048   1.814   0.185   1.988
  597    7  5.0     0.013   3.735   0.398   3.009
  598    6  4.0    -0.018   4.306   0.248   3.994
  599    6  4.0    -0.041   3.657   0.560   3.010
  600    8  6.0    -0.115   1.489   0.287   1.003
  601    6  4.0    -0.052   4.096   0.118   3.985
  602    6  4.0    -0.039   3.843   0.119   3.979
  603    6  4.0    -0.004   2.822   0.590   2.995
  604    8  6.0    -0.099   1.265   0.269   1.001
  605    8  6.0    -0.117   1.439   0.269   1.001
  606    7  5.0     0.014   3.665   0.389   3.003
  607    6  4.0    -0.018   4.393   0.244   3.995
  608    6  4.0    -0.041   3.658   0.573   3.013
  609    8  6.0    -0.118   1.744   0.295   1.004
  610    6  4.0    -0.051   4.089   0.116   3.985
  611    6  4.0    -0.037   3.887   0.119   3.979
  612    6  4.0    -0.001   2.868   0.591   2.996
  613    8  6.0    -0.101   1.256   0.269   1.001
  614    8  6.0    -0.105   1.357   0.269   1.001
  615    7  5.0     0.015   3.772   0.397   3.007
  616    6  4.0    -0.021   4.321   0.249   3.999
  617    6  4.0    -0.043   3.578   0.564   3.011
  618    8  6.0    -0.113   1.495   0.290   1.004
  619    6  4.0    -0.053   4.081   0.123   3.988
  620    6  4.0    -0.039   3.917   0.129   3.984
  621    6  4.0    -0.000   2.809   0.602   2.998
  622    8  6.0    -0.094   1.267   0.273   1.001
  623    8  6.0    -0.088   1.224   0.271   1.001
  624    7  5.0     0.007   3.763   0.391   3.007
  625    6  4.0    -0.021   4.460   0.242   4.000
  626    6  4.0    -0.044   3.706   0.560   3.014
  627    8  6.0    -0.121   1.494   0.283   1.003
  628    6  4.0    -0.036   4.188   0.162   3.982
  629    6  4.0    -0.059   3.868   0.117   3.982
  630    6  4.0    -0.079   3.750   0.062   3.981
  631    6  4.0    -0.081   3.437   0.065   3.977
  632    7  5.0     0.008   3.763   0.391   3.006
  633    6  4.0    -0.021   4.261   0.244   3.993
  634    6  4.0    -0.043   3.526   0.565   3.009
  635    8  6.0    -0.115   1.484   0.292   1.004
  636    6  4.0    -0.057   4.000   0.115   3.984
  637    6  4.0    -0.060   3.904   0.118   3.980
  638    6  4.0    -0.059   3.863   0.192   3.986
  639    7  5.0    -0.006   3.302   0.389   3.017
  640    6  4.0    -0.080   3.291   0.664   3.005
  641    7  5.0    -0.056   3.017   0.301   3.017
  642    7  5.0    -0.059   2.940   0.295   3.017
  643    7  5.0     0.015   3.769   0.389   3.007
  644    6  4.0    -0.022   4.291   0.245   3.996
  645    6  4.0    -0.043   3.558   0.563   3.010
  646    8  6.0    -0.115   1.472   0.288   1.003
  647    6  4.0    -0.054   4.071   0.120   3.985
  648    6  4.0    -0.041   3.952   0.122   3.981
  649    6  4.0    -0.002   2.788   0.601   2.996
  650    8  6.0    -0.095   1.272   0.272   1.001
  651    8  6.0    -0.092   1.225   0.273   1.001
  652    7  5.0     0.013   3.675   0.389   3.008
  653    6  4.0    -0.021   4.098   0.244   3.990
  654    6  4.0    -0.042   3.612   0.558   3.012
  655    8  6.0    -0.112   1.529   0.285   1.003
  656    6  4.0    -0.081   3.627   0.062   3.981
  657    7  5.0     0.009   3.664   0.391   3.006
  658    6  4.0    -0.018   4.309   0.243   3.994
  659    6  4.0    -0.037   3.759   0.560   3.013
  660    8  6.0    -0.112   1.614   0.286   1.003
  661    6  4.0    -0.042   4.125   0.121   3.989
  662    6  4.0    -0.038   3.687   0.290   3.020
  663    6  4.0    -0.070   3.496   0.230   3.030
  664    6  4.0    -0.065   3.461   0.232   3.028
  665    6  4.0    -0.070   3.326   0.237   3.021
  666    6  4.0    -0.066   3.229   0.229   3.022
  667    6  4.0    -0.066   3.255   0.235   3.024
  668    7  5.0     0.013   3.705   0.392   3.004
  669    6  4.0    -0.020   4.271   0.242   3.995
  670    6  4.0    -0.042   3.569   0.569   3.008
  671    8  6.0    -0.095   1.415   0.295   1.004
  672    6  4.0    -0.056   4.073   0.116   3.985
  673    6  4.0    -0.058   3.852   0.121   3.981
  674    6  4.0    -0.058   3.910   0.199   3.990
  675    7  5.0    -0.007   3.353   0.396   3.021
  676    6  4.0    -0.079   3.344   0.677   3.007
  677    7  5.0    -0.054   3.063   0.304   3.021
  678    7  5.0    -0.051   2.978   0.302   3.019
  679    7  5.0     0.017   3.717   0.391   3.004
  680    6  4.0    -0.021   4.394   0.230   3.992
  681    6  4.0    -0.042   3.621   0.551   3.006
  682    8  6.0    -0.108   1.392   0.283   1.003
  683    6  4.0    -0.036   4.004   0.157   3.975
  684    6  4.0    -0.080   3.661   0.060   3.980
  685    6  4.0    -0.082   3.628   0.062   3.980
  686    7  5.0     0.018   3.711   0.385   3.003
  687    6  4.0    -0.019   4.333   0.241   3.995
  688    6  4.0    -0.047   3.533   0.555   3.009
  689    8  6.0    -0.122   1.494   0.281   1.003
  690    6  4.0    -0.044   4.125   0.125   3.990
  691    6  4.0    -0.042   3.666   0.294   3.025
  692    6  4.0    -0.071   3.454   0.235   3.030
  693    6  4.0    -0.067   3.451   0.236   3.030
  694    6  4.0    -0.071   3.275   0.236   3.023
  695    6  4.0    -0.068   3.229   0.237   3.023
  696    6  4.0    -0.069   3.226   0.233   3.026
  697    7  5.0     0.017   3.633   0.386   3.005
  698    6  4.0    -0.020   4.395   0.235   3.990
  699    6  4.0    -0.042   3.651   0.548   3.002
  700    8  6.0    -0.104   1.851   0.282   1.003
  701    6  4.0    -0.039   4.111   0.120   3.983
  702    6  4.0    -0.031   3.195   0.609   3.000
  703    8  6.0    -0.119   1.585   0.275   1.001
  704    8  6.0    -0.096   2.006   0.293   1.802
  705    7  5.0     0.009   3.579   0.383   3.002
  706    6  4.0    -0.021   4.271   0.238   3.987
  707    6  4.0    -0.042   3.762   0.566   3.009
  708    8  6.0    -0.101   1.423   0.292   1.004
  709    6  4.0    -0.058   4.103   0.112   3.983
  710    6  4.0    -0.057   3.894   0.118   3.980
  711    6  4.0    -0.060   3.815   0.119   3.980
  712    6  4.0    -0.083   3.688   0.170   3.977
  713    7  5.0     0.081   3.394   0.219   3.986
  714    7  5.0    -0.009   3.875   0.387   3.003
  715    6  4.0    -0.018   4.379   0.239   3.996
  716    6  4.0    -0.041   3.694   0.562   3.007
  717    8  6.0    -0.095   1.479   0.288   1.003
  718    6  4.0    -0.041   4.128   0.121   3.984
  719    6  4.0    -0.032   3.420   0.599   3.243
  720    8  6.0    -0.093   2.084   0.279   1.634
  721    8  6.0    -0.137   1.641   0.270   1.128
  722    7  5.0     0.013   3.622   0.394   3.001
  723    6  4.0    -0.039   3.976   0.199   3.992
  724    6  4.0    -0.039   3.403   0.570   3.015
  725    8  6.0    -0.098   1.397   0.288   1.005
  726    7  5.0     0.016   3.891   0.400   3.006
  727    6  4.0    -0.017   4.424   0.243   4.002
  728    6  4.0    -0.041   3.549   0.556   3.006
  729    8  6.0    -0.098   1.395   0.289   1.003
  730    6  4.0    -0.040   4.188   0.122   3.988
  731    6  4.0    -0.065   3.613   0.584   3.147
  732    8  6.0    -0.097   2.171   0.327   1.908
  733    7  5.0    -0.098   3.109   0.297   3.006
  734    7  5.0     0.010   3.577   0.386   2.999
  735    6  4.0    -0.039   3.932   0.194   3.994
  736    6  4.0    -0.042   3.261   0.561   3.005
  737    8  6.0    -0.108   1.366   0.284   1.003
  738    7  5.0     0.018   3.774   0.391   3.008
  739    6  4.0    -0.024   4.444   0.248   3.995
  740    6  4.0    -0.079   3.811   0.590   3.047
  741    8  6.0    -0.114   2.196   0.350   1.960
  742    6  4.0    -0.040   4.284   0.127   3.994
  743    6  4.0    -0.034   3.689   0.293   3.022
  744    6  4.0    -0.064   3.464   0.229   3.028
  745    6  4.0    -0.061   3.431   0.232   3.028
  746    6  4.0    -0.063   3.386   0.231   3.020
  747    6  4.0    -0.061   3.210   0.228   3.020
  748    6  4.0    -0.061   3.201   0.229   3.022
  749    7  5.0    -0.006   3.732   0.398   3.011
  750    6  4.0    -0.021   4.539   0.240   4.003
  751    6  4.0    -0.049   3.605   0.553   3.014
  752    8  6.0    -0.126   1.683   0.282   1.003
  753    6  4.0    -0.034   4.189   0.166   3.981
  754    6  4.0    -0.058   3.912   0.120   3.983
  755    6  4.0    -0.081   3.750   0.066   3.984
  756    6  4.0    -0.081   3.535   0.068   3.978
  757    7  5.0    -0.005   3.585   0.388   3.005
  758    6  4.0    -0.020   4.227   0.240   3.993
  759    6  4.0    -0.043   3.537   0.557   3.009
  760    8  6.0    -0.116   1.642   0.287   1.003
  761    6  4.0    -0.057   3.778   0.201   3.979
  762    8  6.0    -0.051   1.894   0.187   1.988
  763    7  5.0    -0.010   3.493   0.384   3.004
  764    6  4.0    -0.021   4.089   0.236   3.989
  765    6  4.0    -0.041   3.536   0.556   3.005
  766    8  6.0    -0.119   1.563   0.286   1.003
  767    6  4.0    -0.080   3.620   0.061   3.980
  768    7  5.0     0.006   3.594   0.386   3.004
  769    6  4.0    -0.021   4.091   0.240   3.990
  770    6  4.0    -0.042   3.552   0.556   3.011
  771    8  6.0    -0.116   1.521   0.283   1.003
  772    6  4.0    -0.081   3.616   0.063   3.982
  773    7  5.0     0.007   3.697   0.393   3.007
  774    6  4.0    -0.021   4.342   0.258   4.003
  775    6  4.0    -0.041   3.645   0.574   3.018
  776    8  6.0    -0.120   1.706   0.290   1.003
  777    6  4.0    -0.057   4.247   0.133   3.997
  778    6  4.0    -0.051   4.098   0.140   3.986
  779    6  4.0    -0.050   3.436   0.602   3.627
  780    8  6.0    -0.107   2.192   0.283   1.739
  781    8  6.0    -0.113   1.955   0.286   1.860
  782    7  5.0     0.010   3.730   0.396   3.010
  783    6  4.0    -0.021   4.345   0.249   3.996
  784    6  4.0    -0.042   3.677   0.559   3.008
  785    8  6.0    -0.119   1.615   0.287   1.003
  786    6  4.0    -0.056   4.227   0.116   3.992
  787    6  4.0    -0.037   3.925   0.172   3.977
  788    6  4.0    -0.081   3.679   0.065   3.983
  789    6  4.0    -0.083   3.679   0.066   3.984
  790    7  5.0     0.011   3.705   0.382   3.007
  791    6  4.0    -0.022   4.236   0.233   3.988
  792    6  4.0    -0.040   3.600   0.562   3.008
  793    8  6.0    -0.112   1.494   0.290   1.003
  794    6  4.0    -0.058   4.054   0.105   3.978
  795    6  4.0    -0.058   3.749   0.111   3.976
  796    6  4.0    -0.057   3.906   0.192   3.985
  797    7  5.0    -0.003   3.362   0.390   3.017
  798    6  4.0    -0.079   3.299   0.669   3.005
  799    7  5.0    -0.063   3.030   0.299   3.018
  800    7  5.0    -0.064   2.939   0.303   3.019
  801    7  5.0     0.012   3.628   0.387   3.004
  802    6  4.0    -0.019   4.280   0.241   3.990
  803    6  4.0    -0.037   3.718   0.556   3.012
  804    8  6.0    -0.108   1.643   0.282   1.003
  805    6  4.0    -0.047   4.089   0.124   3.985
  806    6  4.0    -0.055   3.829   0.386   3.219
  807    7  5.0     0.069   3.413   0.453   3.173
  808    6  4.0    -0.049   3.385   0.326   3.241
  809    6  4.0    -0.066   3.281   0.458   3.282
  810    7  5.0    -0.090   2.417   0.419   2.164
  811    7  5.0     0.013   3.750   0.389   3.004
  812    6  4.0    -0.021   4.430   0.237   3.996
  813    6  4.0    -0.043   3.703   0.560   3.010
  814    8  6.0    -0.115   1.637   0.287   1.003
  815    6  4.0    -0.035   4.031   0.161   3.977
  816    6  4.0    -0.080   3.710   0.065   3.982
  817    6  4.0    -0.082   3.675   0.064   3.982
  818    7  5.0     0.011   3.673   0.386   3.003
  819    6  4.0    -0.019   4.404   0.240   3.992
  820    6  4.0    -0.040   3.662   0.560   3.010
  821    8  6.0    -0.117   1.780   0.288   1.003
  822    6  4.0    -0.054   4.161   0.115   4.015
  823    6  4.0    -0.063   3.618   0.211   3.976
  824   16  6.0    -0.018   3.192   0.329   2.024
  825    6  4.0    -0.086   3.243   0.185   3.978
  826    7  5.0     0.019   3.684   0.386   3.004
  827    6  4.0    -0.022   4.353   0.230   3.990
  828    6  4.0    -0.047   3.835   0.556   3.007
  829    8  6.0    -0.115   1.587   0.286   1.003
  830    6  4.0    -0.034   3.886   0.233   3.970
  831    8  6.0    -0.055   1.934   0.175   1.986
  832    6  4.0    -0.080   3.786   0.065   3.978
  833    7  5.0     0.010   3.857   0.386   3.004
  834    6  4.0    -0.017   4.301   0.242   3.994
  835    6  4.0    -0.045   3.511   0.567   3.009
  836    8  6.0    -0.110   1.393   0.291   1.003
  837    6  4.0    -0.039   4.055   0.114   3.985
  838    6  4.0    -0.041   3.037   0.562   2.995
  839    8  6.0    -0.098   1.303   0.288   1.003
  840    7  5.0    -0.051   2.873   0.297   3.002
  841    7  5.0     0.019   3.970   0.391   3.007
  842    6  4.0    -0.021   4.301   0.241   3.991
  843    6  4.0    -0.044   3.430   0.555   3.012
  844    8  6.0    -0.102   1.385   0.285   1.003
  845    6  4.0    -0.053   4.194   0.112   3.987
  846    6  4.0    -0.038   3.906   0.164   3.974
  847    6  4.0    -0.082   3.602   0.063   3.982
  848    6  4.0    -0.081   3.620   0.062   3.980
  849    7  5.0     0.007   3.528   0.391   3.001
  850    6  4.0    -0.040   3.909   0.199   3.996
  851    6  4.0    -0.045   3.235   0.562   3.007
  852    8  6.0    -0.102   1.353   0.285   1.003
  853    7  5.0     0.021   3.590   0.391   3.005
  854    6  4.0    -0.017   4.356   0.243   3.996
  855    6  4.0    -0.045   3.508   0.562   3.011
  856    8  6.0    -0.113   1.528   0.287   1.003
  857    6  4.0    -0.049   4.121   0.117   3.985
  858    6  4.0    -0.038   3.967   0.123   3.980
  859    6  4.0    -0.002   2.871   0.598   2.997
  860    8  6.0    -0.092   1.287   0.273   1.001
  861    8  6.0    -0.093   1.222   0.270   1.001
  862    7  5.0     0.016   3.485   0.394   3.006
  863    6  4.0    -0.020   4.290   0.246   3.999
  864    6  4.0    -0.047   3.433   0.564   3.007
  865    8  6.0    -0.098   1.388   0.288   1.003
  866    6  4.0    -0.057   4.022   0.115   3.983
  867    6  4.0    -0.059   3.851   0.120   3.983
  868    6  4.0    -0.061   3.772   0.123   3.981
  869    6  4.0    -0.083   3.772   0.182   3.981
  870    7  5.0     0.079   3.422   0.228   3.988
  871    7  5.0     0.016   3.585   0.392   3.009
  872    6  4.0    -0.021   4.292   0.246   3.994
  873    6  4.0    -0.047   3.476   0.578   3.016
  874    8  6.0    -0.112   1.474   0.297   1.004
  875    6  4.0    -0.054   4.214   0.112   3.991
  876    6  4.0    -0.037   3.899   0.172   3.977
  877    6  4.0    -0.083   3.631   0.065   3.982
  878    6  4.0    -0.080   3.609   0.066   3.983
  879    7  5.0     0.017   3.663   0.395   3.008
  880    6  4.0    -0.021   4.394   0.244   3.997
  881    6  4.0    -0.044   3.598   0.556   3.013
  882    8  6.0    -0.115   1.567   0.281   1.003
  883    6  4.0    -0.033   3.964   0.239   3.977
  884    8  6.0    -0.052   2.069   0.176   1.986
  885    6  4.0    -0.082   3.589   0.063   3.978
  886    7  5.0     0.005   3.593   0.390   3.005
  887    6  4.0    -0.017   4.347   0.248   3.996
  888    6  4.0    -0.041   3.629   0.573   3.017
  889    8  6.0    -0.099   1.549   0.296   1.004
  890    6  4.0    -0.037   4.053   0.122   3.989
  891    6  4.0    -0.002   2.829   0.594   2.997
  892    8  6.0    -0.099   1.276   0.265   1.001
  893    8  6.0    -0.093   1.223   0.271   1.002
  894    7  5.0     0.012   3.655   0.393   3.006
  895    6  4.0    -0.019   4.324   0.246   3.996
  896    6  4.0    -0.041   3.608   0.563   3.009
  897    8  6.0    -0.112   1.513   0.290   1.003
  898    6  4.0    -0.052   4.085   0.118   3.986
  899    6  4.0    -0.038   3.858   0.122   3.980
  900    6  4.0     0.001   2.818   0.592   2.996
  901    8  6.0    -0.088   1.216   0.270   1.001
  902    8  6.0    -0.091   1.285   0.268   1.001
  903    7  5.0     0.010   3.666   0.390   3.005
  904    6  4.0    -0.021   4.253   0.244   3.992
  905    6  4.0    -0.043   3.568   0.564   3.012
  906    8  6.0    -0.116   1.532   0.289   1.004
  907    6  4.0    -0.055   4.044   0.115   3.983
  908    6  4.0    -0.042   3.876   0.118   3.979
  909    6  4.0    -0.005   2.783   0.594   2.995
  910    8  6.0    -0.112   1.369   0.271   1.001
  911    8  6.0    -0.092   1.217   0.271   1.001
  912    7  5.0     0.001   3.754   0.389   3.004
  913    6  4.0    -0.021   4.513   0.234   3.997
  914    6  4.0    -0.045   3.663   0.560   3.009
  915    8  6.0    -0.123   1.580   0.287   1.003
  916    6  4.0    -0.036   4.017   0.163   3.977
  917    6  4.0    -0.083   3.674   0.064   3.982
  918    6  4.0    -0.079   3.796   0.067   3.982
  919    7  5.0     0.021   3.786   0.386   3.006
  920    6  4.0    -0.018   4.374   0.246   3.997
  921    6  4.0    -0.043   3.620   0.563   3.016
  922    8  6.0    -0.117   1.539   0.285   1.003
  923    6  4.0    -0.037   4.102   0.125   3.989
  924    6  4.0     0.002   2.891   0.600   2.998
  925    8  6.0    -0.099   1.329   0.269   1.001
  926    8  6.0    -0.088   1.229   0.271   1.001
  927    7  5.0     0.010   3.777   0.395   3.008
  928    6  4.0    -0.021   4.274   0.247   3.995
  929    6  4.0    -0.042   3.526   0.560   3.008
  930    8  6.0    -0.111   1.454   0.287   1.003
  931    6  4.0    -0.054   4.042   0.111   3.982
  932    6  4.0    -0.040   3.873   0.114   3.978
  933    6  4.0    -0.001   2.759   0.595   2.995
  934    8  6.0    -0.092   1.213   0.270   1.001
  935    8  6.0    -0.094   1.288   0.272   1.001
  936    7  5.0     0.015   3.736   0.387   3.006
  937    6  4.0    -0.022   4.290   0.244   3.995
  938    6  4.0    -0.043   3.557   0.560   3.011
  939    8  6.0    -0.108   1.407   0.282   1.003
  940    6  4.0    -0.055   4.145   0.120   4.011
  941    6  4.0    -0.062   3.648   0.224   3.979
  942   16  6.0    -0.014   2.847   0.344   2.021
  943    6  4.0    -0.085   3.438   0.190   3.978
  944    7  5.0     0.008   3.718   0.394   3.006
  945    6  4.0    -0.020   4.492   0.237   3.995
  946    6  4.0    -0.043   3.684   0.550   3.006
  947    8  6.0    -0.117   1.522   0.287   1.003
  948    6  4.0    -0.036   4.186   0.161   3.980
  949    6  4.0    -0.060   3.879   0.116   3.980
  950    6  4.0    -0.079   3.767   0.063   3.981
  951    6  4.0    -0.082   3.523   0.066   3.977
  952    7  5.0     0.008   3.650   0.379   3.001
  953    6  4.0    -0.021   4.255   0.241   3.992
  954    6  4.0    -0.043   3.621   0.570   3.013
  955    8  6.0    -0.100   1.441   0.290   1.003
  956    6  4.0    -0.056   4.109   0.120   3.988
  957    6  4.0    -0.058   3.856   0.121   3.979
  958    6  4.0    -0.059   3.874   0.190   3.987
  959    7  5.0    -0.009   3.316   0.389   3.015
  960    6  4.0    -0.079   3.321   0.661   3.005
  961    7  5.0    -0.053   3.044   0.296   3.016
  962    7  5.0    -0.060   2.980   0.298   3.017
  963    7  5.0     0.011   3.686   0.398   3.008
  964    6  4.0    -0.020   4.261   0.248   3.994
  965    6  4.0    -0.043   3.626   0.559   3.008
  966    8  6.0    -0.110   1.459   0.287   1.003
  967    6  4.0    -0.053   4.086   0.121   3.987
  968    6  4.0    -0.037   3.973   0.124   3.981
  969    6  4.0    -0.002   2.800   0.590   2.997
  970    8  6.0    -0.096   1.266   0.266   1.001
  971    8  6.0    -0.091   1.214   0.269   1.001
  972    7  5.0     0.012   3.724   0.390   3.004
  973    6  4.0    -0.021   4.156   0.244   3.992
  974    6  4.0    -0.047   3.425   0.558   3.006
  975    8  6.0    -0.121   1.505   0.286   1.003
  976    6  4.0    -0.080   3.669   0.063   3.982
  977    7  5.0     0.017   3.587   0.385   3.003
  978    6  4.0    -0.019   4.467   0.237   3.991
  979    6  4.0    -0.043   3.667   0.554   3.002
  980    8  6.0    -0.098   1.698   0.286   1.003
  981    6  4.0    -0.041   4.213   0.125   3.986
  982    6  4.0    -0.036   3.352   0.612   3.020
  983    8  6.0    -0.095   2.140   0.305   1.893
  984    8  6.0    -0.113   1.512   0.271   1.001
  985    7  5.0     0.003   3.648   0.386   3.002
  986    6  4.0    -0.020   4.440   0.241   3.994
  987    6  4.0    -0.041   3.790   0.568   3.017
  988    8  6.0    -0.100   1.414   0.289   1.004
  989    6  4.0    -0.036   4.229   0.160   3.983
  990    6  4.0    -0.060   3.885   0.123   3.983
  991    6  4.0    -0.079   3.780   0.062   3.981
  992    6  4.0    -0.082   3.477   0.069   3.979
  993    7  5.0    -0.012   3.882   0.396   3.006
  994    6  4.0    -0.018   4.418   0.248   3.999
  995    6  4.0    -0.040   3.753   0.569   3.008
  996    8  6.0    -0.092   1.471   0.294   1.003
  997    6  4.0    -0.044   4.115   0.113   3.981
  998    6  4.0    -0.028   3.400   0.602   3.329
  999    8  6.0    -0.132   1.689   0.276   1.040
 1000    8  6.0    -0.087   2.266   0.296   1.868
 1001    7  5.0     0.014   3.618   0.391   3.001
 1002    6  4.0    -0.038   3.997   0.196   3.992
 1003    6  4.0    -0.037   3.369   0.562   3.010
 1004    8  6.0    -0.095   1.388   0.287   1.004
 1005    7  5.0     0.012   3.879   0.388   3.003
 1006    6  4.0    -0.018   4.419   0.237   3.996
 1007    6  4.0    -0.039   3.599   0.559   3.009
 1008    8  6.0    -0.096   1.400   0.289   1.004
 1009    6  4.0    -0.043   4.129   0.115   3.981
 1010    6  4.0    -0.032   3.349   0.595   3.199
 1011    8  6.0    -0.118   1.476   0.267   1.002
 1012    8  6.0    -0.093   2.178   0.293   1.865
 1013    7  5.0     0.010   3.570   0.390   3.000
 1014    6  4.0    -0.040   3.926   0.196   3.996
 1015    6  4.0    -0.047   3.259   0.561   3.003
 1016    8  6.0    -0.113   1.365   0.286   1.003
 1017    7  5.0     0.003   3.795   0.385   3.007
 1018    6  4.0    -0.023   4.349   0.243   3.992
 1019    6  4.0    -0.078   3.721   0.583   3.022
 1020    8  6.0    -0.105   2.150   0.335   1.913
 1021    6  4.0    -0.054   4.254   0.121   3.988
 1022    6  4.0    -0.040   4.005   0.124   3.985
 1023    6  4.0    -0.038   3.059   0.572   2.997
 1024    8  6.0    -0.100   1.273   0.292   1.004
 1025    7  5.0    -0.079   3.318   0.296   3.003
 1026    7  5.0    -0.014   3.648   0.390   3.004
 1027    6  4.0    -0.022   4.509   0.234   3.994
 1028    6  4.0    -0.047   3.628   0.562   3.013
 1029    8  6.0    -0.124   1.780   0.290   1.005
 1030    6  4.0    -0.034   4.054   0.165   3.979
 1031    6  4.0    -0.081   3.719   0.065   3.982
 1032    6  4.0    -0.082   3.663   0.066   3.983
 1033    7  5.0    -0.004   3.707   0.389   3.006
 1034    6  4.0    -0.020   4.429   0.240   3.997
 1035    6  4.0    -0.045   3.899   0.567   3.015
 1036    8  6.0    -0.120   1.769   0.288   1.004
 1037    6  4.0    -0.042   4.078   0.112   3.982
 1038    6  4.0    -0.041   3.195   0.571   2.995
 1039    8  6.0    -0.105   1.297   0.289   1.004
 1040    7  5.0    -0.057   3.748   0.303   3.006
 1041    7  5.0     0.006   3.544   0.396   3.004
 1042    6  4.0    -0.017   4.389   0.244   4.001
 1043    6  4.0    -0.039   3.736   0.562   3.011
 1044    8  6.0    -0.113   1.637   0.284   1.003
 1045    6  4.0    -0.042   4.102   0.120   3.988
 1046    6  4.0    -0.034   3.721   0.288   3.020
 1047    6  4.0    -0.066   3.499   0.232   3.032
 1048    6  4.0    -0.065   3.419   0.227   3.030
 1049    6  4.0    -0.071   3.387   0.236   3.022
 1050    6  4.0    -0.069   3.375   0.233   3.021
 1051    6  4.0    -0.041   3.471   0.404   3.028
 1052    8  6.0    -0.037   2.013   0.214   1.993
 1053    7  5.0     0.022   3.857   0.393   3.006
 1054    6  4.0    -0.020   4.330   0.243   3.996
 1055    6  4.0    -0.042   3.605   0.563   3.012
 1056    8  6.0    -0.118   1.513   0.286   1.003
 1057    6  4.0    -0.055   4.035   0.113   3.983
 1058    6  4.0    -0.041   3.803   0.114   3.977
 1059    6  4.0    -0.005   2.971   0.588   2.995
 1060    8  6.0    -0.102   1.441   0.270   1.001
 1061    8  6.0    -0.101   1.213   0.265   1.001
 1062    7  5.0     0.002   3.925   0.397   3.010
 1063    6  4.0    -0.021   4.347   0.256   4.002
 1064    6  4.0    -0.043   3.598   0.570   3.011
 1065    8  6.0    -0.114   1.485   0.292   1.003
 1066    6  4.0    -0.057   4.224   0.126   3.990
 1067    6  4.0    -0.048   4.093   0.129   3.984
 1068    6  4.0    -0.045   3.377   0.595   3.561
 1069    8  6.0    -0.107   1.990   0.280   1.738
 1070    8  6.0    -0.110   1.996   0.287   1.863
 1071    7  5.0     0.011   3.761   0.391   3.011
 1072    6  4.0    -0.019   4.311   0.244   3.993
 1073    6  4.0    -0.038   3.663   0.562   3.012
 1074    8  6.0    -0.113   1.597   0.286   1.003
 1075    6  4.0    -0.044   4.166   0.121   3.989
 1076    6  4.0    -0.041   3.666   0.287   3.017
 1077    6  4.0    -0.068   3.416   0.226   3.025
 1078    6  4.0    -0.070   3.422   0.223   3.025
 1079    6  4.0    -0.070   3.222   0.224   3.018
 1080    6  4.0    -0.070   3.240   0.224   3.017
 1081    6  4.0    -0.069   3.218   0.226   3.019
 1082    7  5.0     0.012   3.723   0.388   3.004
 1083    6  4.0    -0.020   4.434   0.236   3.996
 1084    6  4.0    -0.043   3.734   0.566   3.010
 1085    8  6.0    -0.095   1.476   0.293   1.004
 1086    6  4.0    -0.036   4.077   0.171   3.981
 1087    6  4.0    -0.079   3.717   0.066   3.984
 1088    6  4.0    -0.080   3.742   0.068   3.985
 1089    7  5.0     0.010   3.705   0.390   3.004
 1090    6  4.0    -0.019   4.387   0.237   3.995
 1091    6  4.0    -0.041   3.623   0.557   3.007
 1092    8  6.0    -0.099   1.387   0.286   1.003
 1093    6  4.0    -0.033   3.949   0.243   3.977
 1094    8  6.0    -0.053   1.953   0.177   1.986
 1095    6  4.0    -0.078   3.630   0.064   3.979
 1096    7  5.0     0.018   3.719   0.389   3.007
 1097    6  4.0    -0.023   4.380   0.243   3.999
 1098    6  4.0    -0.100   3.908   0.823   3.088
 1099    8  6.0    -0.041   1.952   0.332   1.594
 1100    6  4.0    -0.056   4.079   0.112   3.999
 1101    6  4.0    -0.060   3.549   0.206   3.974
 1102   16  6.0    -0.006   2.938   0.332   2.009
 1103    6  4.0    -0.082   3.430   0.193   3.979
 1104    7  5.0     0.157   4.108   0.695   3.592
 1105    6  4.0    -0.035   4.394   0.247   4.078
 1106    6  4.0    -0.072   2.934   0.328   2.994
 1107    8  6.0    -0.091   1.096   0.268   1.001
 1108    6  4.0    -0.059   4.084   0.119   4.011
 1109    6  4.0    -0.062   3.676   0.219   3.978
 1110   16  6.0    -0.012   2.762   0.304   2.013
 1111    6  4.0    -0.085   3.134   0.155   3.974
 1112   20 10.0     1.064   8.681   0.136   5.560
 1113   20 10.0     1.031  10.850   0.092   7.260
 1114   20 10.0     1.046   9.803   0.128   6.555
 1115   20 10.0     1.033  10.463   0.133   7.265
 1116    8  6.0    -0.092   1.997   0.021   2.181
 1117    8  6.0    -0.086   1.427   0.018   1.837
 1118    8  6.0    -0.029   2.024   0.028   2.535
 1119    8  6.0    -0.085   1.392   0.018   1.837
 1120    8  6.0    -0.086   1.490   0.019   1.837
 1121    8  6.0    -0.094   1.981   0.023   2.328
 1122    8  6.0    -0.064   2.012   0.026   2.454
 1123    1  1.0    -0.000   0.891   0.037   0.997
 1124    1  1.0    -0.001   0.913   0.037   0.997
 1125    1  1.0     0.002   0.907   0.037   0.997
 1126    1  1.0     0.039   0.962   0.003   0.994
 1127    1  1.0     0.038   0.938   0.003   0.994
 1128    1  1.0     0.049   0.947   0.045   0.995
 1129    1  1.0     0.039   0.826   0.003   0.994
 1130    1  1.0     0.039   0.831   0.003   0.994
 1131    1  1.0     0.046   0.861   0.003   0.994
 1132    1  1.0     0.033   1.054   0.037   0.997
 1133    1  1.0     0.059   0.985   0.003   0.994
 1134    1  1.0     0.043   0.907   0.003   0.994
 1135    1  1.0     0.050   0.912   0.003   0.994
 1136    1  1.0     0.064   0.915   0.003   0.994
 1137    1  1.0     0.051   0.898   0.003   0.994
 1138    1  1.0     0.040   1.029   0.037   0.997
 1139    1  1.0     0.070   1.003   0.003   0.994
 1140    1  1.0     0.048   0.907   0.003   0.994
 1141    1  1.0     0.049   0.904   0.003   0.994
 1142    1  1.0     0.067   0.909   0.003   0.994
 1143    1  1.0     0.055   0.900   0.003   0.994
 1144    1  1.0     0.045   1.032   0.037   0.997
 1145    1  1.0     0.065   0.970   0.003   0.994
 1146    1  1.0     0.050   0.904   0.003   0.994
 1147    1  1.0     0.035   0.926   0.003   0.994
 1148    1  1.0     0.041   0.917   0.003   0.994
 1149    1  1.0     0.045   0.922   0.003   0.994
 1150    1  1.0     0.059   0.892   0.037   0.997
 1151    1  1.0     0.045   0.901   0.037   0.997
 1152    1  1.0     0.021   1.408   0.037   1.031
 1153    1  1.0     0.043   1.006   0.003   0.994
 1154    1  1.0     0.052   0.985   0.003   0.994
 1155    1  1.0     0.034   0.910   0.003   0.994
 1156    1  1.0     0.039   0.909   0.003   0.994
 1157    1  1.0     0.041   0.829   0.003   0.994
 1158    1  1.0     0.048   0.861   0.003   0.994
 1159    1  1.0     0.039   0.834   0.003   0.994
 1160    1  1.0     0.035   0.827   0.003   0.994
 1161    1  1.0     0.034   0.865   0.003   0.994
 1162    1  1.0     0.078   1.379   0.004   1.586
 1163    1  1.0     0.055   1.065   0.037   0.997
 1164    1  1.0     0.050   0.986   0.003   0.994
 1165    1  1.0     0.057   0.834   0.003   0.994
 1166    1  1.0     0.049   0.832   0.003   0.994
 1167    1  1.0     0.068   0.843   0.003   0.994
 1168    1  1.0     0.055   1.053   0.037   0.997
 1169    1  1.0     0.063   0.988   0.003   0.994
 1170    1  1.0     0.059   0.919   0.003   0.994
 1171    1  1.0     0.060   0.922   0.003   0.994
 1172    1  1.0     0.066   0.922   0.003   0.994
 1173    1  1.0     0.065   0.916   0.003   0.994
 1174    1  1.0     0.058   1.051   0.037   0.997
 1175    1  1.0     0.051   0.994   0.003   0.994
 1176    1  1.0     0.046   0.918   0.003   0.994
 1177    1  1.0     0.050   0.926   0.003   0.994
 1178    1  1.0     0.060   0.929   0.003   0.995
 1179    1  1.0     0.055   0.933   0.003   0.995
 1180    1  1.0     0.057   0.909   0.003   0.995
 1181    1  1.0     0.057   0.908   0.003   0.995
 1182    1  1.0     0.061   0.937   0.003   0.995
 1183    1  1.0     0.056   1.061   0.037   0.997
 1184    1  1.0     0.057   0.989   0.003   0.994
 1185    1  1.0     0.048   0.922   0.003   0.994
 1186    1  1.0     0.053   0.924   0.003   0.994
 1187    1  1.0     0.057   1.002   0.003   0.994
 1188    1  1.0     0.051   0.938   0.003   0.994
 1189    1  1.0     0.040   0.910   0.003   0.994
 1190    1  1.0     0.039   0.907   0.003   0.994
 1191    1  1.0     0.035   0.903   0.003   0.994
 1192    1  1.0     0.038   0.895   0.003   0.994
 1193    1  1.0     0.003   0.891   0.037   0.997
 1194    1  1.0     0.002   0.886   0.037   0.997
 1195    1  1.0     0.004   0.891   0.037   0.997
 1196    1  1.0     0.055   1.040   0.037   0.997
 1197    1  1.0     0.055   1.001   0.003   0.994
 1198    1  1.0     0.060   0.921   0.003   0.994
 1199    1  1.0     0.059   0.918   0.003   0.994
 1200    1  1.0     0.063   0.935   0.003   0.994
 1201    1  1.0     0.052   0.913   0.003   0.994
 1202    1  1.0     0.057   1.057   0.037   0.997
 1203    1  1.0     0.049   0.985   0.003   0.994
 1204    1  1.0     0.041   0.833   0.003   0.994
 1205    1  1.0     0.044   0.832   0.003   0.994
 1206    1  1.0     0.047   0.841   0.003   0.994
 1207    1  1.0     0.057   1.091   0.037   0.997
 1208    1  1.0     0.058   0.986   0.003   0.994
 1209    1  1.0     0.057   0.920   0.003   0.994
 1210    1  1.0     0.054   0.954   0.003   0.994
 1211    1  1.0     0.070   0.915   0.003   0.995
 1212    1  1.0     0.068   0.943   0.003   0.995
 1213    1  1.0     0.070   0.906   0.003   0.995
 1214    1  1.0     0.068   0.905   0.003   0.995
 1215    1  1.0     0.074   0.913   0.003   0.995
 1216    1  1.0     0.059   1.047   0.037   0.997
 1217    1  1.0     0.058   0.984   0.003   0.994
 1218    1  1.0     0.053   0.875   0.003   0.994
 1219    1  1.0     0.050   0.866   0.003   0.994
 1220    1  1.0     0.064   0.939   0.045   0.995
 1221    1  1.0     0.056   1.052   0.037   0.997
 1222    1  1.0     0.055   0.979   0.003   0.994
 1223    1  1.0     0.044   0.912   0.003   0.994
 1224    1  1.0     0.055   0.923   0.003   0.994
 1225    1  1.0     0.061   1.065   0.003   0.994
 1226    1  1.0     0.043   0.831   0.003   0.994
 1227    1  1.0     0.043   0.832   0.003   0.994
 1228    1  1.0     0.039   0.834   0.003   0.994
 1229    1  1.0     0.044   0.830   0.003   0.994
 1230    1  1.0     0.041   0.834   0.003   0.994
 1231    1  1.0     0.043   0.834   0.003   0.994
 1232    1  1.0     0.056   1.047   0.037   0.997
 1233    1  1.0     0.057   1.000   0.003   0.994
 1234    1  1.0     0.044   0.926   0.003   0.994
 1235    1  1.0     0.049   0.929   0.003   0.994
 1236    1  1.0     0.056   0.918   0.003   0.995
 1237    1  1.0     0.071   0.917   0.003   0.995
 1238    1  1.0     0.052   0.908   0.003   0.995
 1239    1  1.0     0.061   0.908   0.003   0.995
 1240    1  1.0     0.058   0.905   0.003   0.995
 1241    1  1.0     0.059   1.102   0.037   0.997
 1242    1  1.0     0.030   1.092   0.003   0.994
 1243    1  1.0     0.064   0.913   0.003   0.994
 1244    1  1.0     0.052   0.914   0.003   0.994
 1245    1  1.0     0.047   1.052   0.037   0.997
 1246    1  1.0     0.059   1.051   0.003   0.994
 1247    1  1.0     0.048   0.920   0.003   0.994
 1248    1  1.0     0.043   0.914   0.003   0.994
 1249    1  1.0     0.036   0.910   0.003   0.994
 1250    1  1.0     0.046   0.916   0.003   0.994
 1251    1  1.0     0.048   0.938   0.003   0.994
 1252    1  1.0     0.040   0.913   0.003   0.994
 1253    1  1.0     0.034   0.895   0.003   0.994
 1254    1  1.0     0.042   0.907   0.003   0.994
 1255    1  1.0     0.020   0.961   0.037   0.997
 1256    1  1.0    -0.002   0.887   0.037   0.997
 1257    1  1.0     0.003   0.901   0.037   0.997
 1258    1  1.0     0.027   1.158   0.037   0.998
 1259    1  1.0     0.064   1.022   0.003   0.994
 1260    1  1.0     0.052   0.912   0.003   0.994
 1261    1  1.0     0.062   0.926   0.003   0.994
 1262    1  1.0     0.054   1.069   0.037   0.997
 1263    1  1.0     0.063   0.913   0.003   0.994
 1264    1  1.0     0.059   0.912   0.003   0.994
 1265    1  1.0     0.022   1.186   0.037   0.998
 1266    1  1.0     0.065   0.983   0.003   0.994
 1267    1  1.0     0.044   0.935   0.003   0.994
 1268    1  1.0     0.059   0.909   0.003   0.994
 1269    1  1.0     0.053   1.200   0.037   0.998
 1270    1  1.0     0.065   0.925   0.003   0.994
 1271    1  1.0     0.053   0.899   0.003   0.994
 1272    1  1.0     0.033   1.218   0.037   0.998
 1273    1  1.0     0.058   0.995   0.003   0.994
 1274    1  1.0     0.042   0.934   0.003   0.994
 1275    1  1.0     0.065   1.139   0.045   0.995
 1276    1  1.0     0.043   0.827   0.003   0.994
 1277    1  1.0     0.046   0.831   0.003   0.994
 1278    1  1.0     0.061   0.843   0.003   0.994
 1279    1  1.0     0.057   1.053   0.037   0.997
 1280    1  1.0     0.037   1.086   0.003   0.994
 1281    1  1.0     0.044   0.991   0.003   0.994
 1282    1  1.0     0.052   0.920   0.003   0.994
 1283    1  1.0     0.042   0.908   0.003   0.994
 1284    1  1.0     0.036   0.838   0.003   0.994
 1285    1  1.0     0.050   0.850   0.003   0.994
 1286    1  1.0     0.043   0.837   0.003   0.994
 1287    1  1.0     0.051   0.835   0.003   0.994
 1288    1  1.0     0.039   0.829   0.003   0.994
 1289    1  1.0     0.039   0.842   0.003   0.994
 1290    1  1.0     0.040   1.027   0.037   0.997
 1291    1  1.0     0.049   0.994   0.003   0.994
 1292    1  1.0     0.040   0.937   0.003   0.994
 1293    1  1.0     0.041   0.947   0.045   0.995
 1294    1  1.0     0.033   0.829   0.003   0.994
 1295    1  1.0     0.036   0.840   0.003   0.994
 1296    1  1.0     0.024   0.874   0.003   0.994
 1297    1  1.0     0.039   1.006   0.037   0.997
 1298    1  1.0     0.047   0.974   0.003   0.994
 1299    1  1.0     0.047   0.938   0.003   0.994
 1300    1  1.0     0.054   0.903   0.045   0.995
 1301    1  1.0     0.053   0.829   0.003   0.994
 1302    1  1.0     0.044   0.837   0.003   0.994
 1303    1  1.0     0.045   0.831   0.003   0.994
 1304    1  1.0     0.041   1.040   0.037   0.997
 1305    1  1.0     0.051   1.005   0.003   0.994
 1306    1  1.0     0.042   0.908   0.003   0.994
 1307    1  1.0     0.040   0.911   0.003   0.994
 1308    1  1.0     0.038   0.902   0.003   0.994
 1309    1  1.0     0.038   0.902   0.003   0.994
 1310    1  1.0     0.040   0.903   0.003   0.994
 1311    1  1.0     0.045   0.923   0.003   0.994
 1312    1  1.0     0.038   0.930   0.003   0.994
 1313    1  1.0     0.036   0.893   0.003   0.994
 1314    1  1.0     0.012   0.899   0.037   0.997
 1315    1  1.0     0.017   0.913   0.037   0.997
 1316    1  1.0     0.003   0.888   0.037   0.997
 1317    1  1.0     0.044   1.033   0.037   0.997
 1318    1  1.0     0.051   0.994   0.003   0.994
 1319    1  1.0     0.051   0.917   0.003   0.994
 1320    1  1.0     0.050   0.919   0.003   0.994
 1321    1  1.0     0.036   0.937   0.003   0.994
 1322    1  1.0     0.041   0.919   0.003   0.994
 1323    1  1.0     0.056   1.062   0.037   0.997
 1324    1  1.0     0.048   0.987   0.003   0.994
 1325    1  1.0     0.045   0.912   0.003   0.994
 1326    1  1.0     0.039   0.912   0.003   0.994
 1327    1  1.0     0.041   0.988   0.003   0.994
 1328    1  1.0     0.034   0.831   0.003   0.994
 1329    1  1.0     0.041   0.838   0.003   0.994
 1330    1  1.0     0.039   0.832   0.003   0.994
 1331    1  1.0     0.037   0.851   0.003   0.994
 1332    1  1.0     0.037   0.835   0.003   0.994
 1333    1  1.0     0.039   0.831   0.003   0.994
 1334    1  1.0     0.060   1.054   0.037   0.997
 1335    1  1.0     0.044   0.899   0.003   0.994
 1336    1  1.0     0.046   0.906   0.003   0.994
 1337    1  1.0     0.060   1.042   0.037   0.997
 1338    1  1.0     0.054   0.979   0.003   0.994
 1339    1  1.0     0.047   0.954   0.003   0.994
 1340    1  1.0     0.046   0.904   0.045   0.995
 1341    1  1.0     0.036   0.830   0.003   0.994
 1342    1  1.0     0.046   0.843   0.003   0.994
 1343    1  1.0     0.043   0.835   0.003   0.994
 1344    1  1.0     0.057   1.056   0.037   0.997
 1345    1  1.0     0.048   0.986   0.003   0.994
 1346    1  1.0     0.047   0.986   0.003   0.994
 1347    1  1.0     0.042   0.854   0.003   0.994
 1348    1  1.0     0.043   0.865   0.003   0.994
 1349    1  1.0     0.042   0.837   0.003   0.994
 1350    1  1.0     0.044   0.842   0.003   0.994
 1351    1  1.0     0.040   0.838   0.003   0.994
 1352    1  1.0     0.045   0.836   0.003   0.994
 1353    1  1.0     0.060   1.128   0.037   0.998
 1354    1  1.0     0.050   1.087   0.003   0.994
 1355    1  1.0     0.043   0.937   0.003   0.994
 1356    1  1.0     0.047   0.910   0.003   0.994
 1357    1  1.0     0.035   0.986   0.003   0.994
 1358    1  1.0     0.045   1.002   0.003   0.994
 1359    1  1.0     0.037   0.919   0.003   0.994
 1360    1  1.0     0.035   0.923   0.003   0.994
 1361    1  1.0     0.034   0.932   0.003   0.994
 1362    1  1.0     0.062   1.095   0.037   0.997
 1363    1  1.0     0.073   1.054   0.003   0.994
 1364    1  1.0     0.051   0.914   0.003   0.994
 1365    1  1.0     0.053   0.909   0.003   0.994
 1366    1  1.0     0.051   0.910   0.003   0.994
 1367    1  1.0     0.049   0.906   0.003   0.994
 1368    1  1.0     0.044   0.908   0.003   0.994
 1369    1  1.0     0.043   0.901   0.003   0.994
 1370    1  1.0     0.040   0.987   0.037   0.997
 1371    1  1.0     0.047   0.899   0.037   0.997
 1372    1  1.0     0.046   0.920   0.037   0.997
 1373    1  1.0     0.049   0.901   0.037   0.997
 1374    1  1.0     0.046   0.901   0.037   0.997
 1375    1  1.0     0.061   1.041   0.037   0.997
 1376    1  1.0     0.058   0.981   0.003   0.994
 1377    1  1.0     0.045   0.866   0.003   0.994
 1378    1  1.0     0.050   0.864   0.003   0.994
 1379    1  1.0     0.072   1.104   0.045   0.995
 1380    1  1.0     0.062   1.097   0.037   0.997
 1381    1  1.0     0.060   0.999   0.003   0.994
 1382    1  1.0     0.055   0.937   0.003   0.994
 1383    1  1.0     0.051   0.933   0.003   0.994
 1384    1  1.0     0.043   0.986   0.003   0.994
 1385    1  1.0     0.039   0.833   0.003   0.994
 1386    1  1.0     0.051   0.847   0.003   0.994
 1387    1  1.0     0.053   0.860   0.003   0.994
 1388    1  1.0     0.037   0.832   0.003   0.994
 1389    1  1.0     0.039   0.838   0.003   0.994
 1390    1  1.0     0.039   0.833   0.003   0.994
 1391    1  1.0     0.063   1.079   0.037   0.997
 1392    1  1.0     0.066   0.914   0.003   0.994
 1393    1  1.0     0.056   0.902   0.003   0.994
 1394    1  1.0     0.056   1.050   0.037   0.997
 1395    1  1.0     0.060   1.009   0.003   0.994
 1396    1  1.0     0.040   0.906   0.003   0.994
 1397    1  1.0     0.049   0.912   0.003   0.994
 1398    1  1.0     0.043   0.905   0.003   0.994
 1399    1  1.0     0.055   0.911   0.003   0.994
 1400    1  1.0     0.058   0.891   0.037   0.997
 1401    1  1.0     0.044   0.909   0.037   0.997
 1402    1  1.0     0.044   0.985   0.037   0.997
 1403    1  1.0     0.051   1.081   0.003   0.994
 1404    1  1.0     0.066   0.923   0.003   0.994
 1405    1  1.0     0.058   0.913   0.003   0.994
 1406    1  1.0     0.052   0.890   0.037   0.997
 1407    1  1.0     0.047   0.978   0.037   0.997
 1408    1  1.0     0.063   0.999   0.003   0.994
 1409    1  1.0     0.042   0.914   0.003   0.994
 1410    1  1.0     0.047   0.918   0.003   0.994
 1411    1  1.0     0.032   0.913   0.003   0.994
 1412    1  1.0     0.047   0.923   0.003   0.994
 1413    1  1.0     0.043   0.905   0.003   0.994
 1414    1  1.0     0.040   0.905   0.003   0.994
 1415    1  1.0     0.050   1.062   0.037   0.997
 1416    1  1.0     0.053   0.966   0.003   0.994
 1417    1  1.0     0.041   0.942   0.003   0.994
 1418    1  1.0     0.055   0.932   0.045   0.995
 1419    1  1.0     0.045   0.830   0.003   0.994
 1420    1  1.0     0.046   0.833   0.003   0.994
 1421    1  1.0     0.052   0.840   0.003   0.994
 1422    1  1.0     0.036   0.992   0.037   0.997
 1423    1  1.0     0.064   0.994   0.003   0.994
 1424    1  1.0     0.057   0.915   0.003   0.994
 1425    1  1.0     0.040   0.909   0.003   0.994
 1426    1  1.0     0.047   0.903   0.003   0.994
 1427    1  1.0     0.049   0.910   0.003   0.994
 1428    1  1.0     0.039   1.018   0.037   0.997
 1429    1  1.0     0.056   0.977   0.003   0.994
 1430    1  1.0     0.053   0.830   0.003   0.994
 1431    1  1.0     0.041   0.828   0.003   0.994
 1432    1  1.0     0.045   0.835   0.003   0.994
 1433    1  1.0     0.046   1.033   0.037   0.997
 1434    1  1.0     0.060   1.000   0.003   0.994
 1435    1  1.0     0.052   0.916   0.003   0.994
 1436    1  1.0     0.055   0.926   0.003   0.994
 1437    1  1.0     0.049   0.918   0.003   0.994
 1438    1  1.0     0.054   0.910   0.003   0.994
 1439    1  1.0     0.058   1.056   0.037   0.997
 1440    1  1.0     0.049   1.004   0.003   0.994
 1441    1  1.0     0.046   0.929   0.003   0.994
 1442    1  1.0     0.051   0.920   0.003   0.994
 1443    1  1.0     0.050   0.977   0.003   0.994
 1444    1  1.0     0.042   0.830   0.003   0.994
 1445    1  1.0     0.052   0.829   0.003   0.994
 1446    1  1.0     0.058   0.911   0.003   0.994
 1447    1  1.0     0.036   0.829   0.003   0.994
 1448    1  1.0     0.042   0.835   0.003   0.994
 1449    1  1.0     0.036   0.836   0.003   0.994
 1450    1  1.0     0.060   1.049   0.037   0.997
 1451    1  1.0     0.057   1.008   0.003   0.994
 1452    1  1.0     0.055   0.911   0.003   0.994
 1453    1  1.0     0.055   0.912   0.003   0.994
 1454    1  1.0     0.056   0.928   0.003   0.994
 1455    1  1.0     0.051   0.905   0.003   0.994
 1456    1  1.0     0.056   0.892   0.037   0.997
 1457    1  1.0     0.065   0.945   0.037   0.997
 1458    1  1.0     0.061   1.034   0.037   0.997
 1459    1  1.0     0.069   0.993   0.003   0.994
 1460    1  1.0     0.060   0.915   0.003   0.994
 1461    1  1.0     0.060   0.916   0.003   0.994
 1462    1  1.0     0.055   1.063   0.037   0.997
 1463    1  1.0     0.071   0.994   0.003   0.994
 1464    1  1.0     0.048   0.941   0.003   0.994
 1465    1  1.0     0.046   0.947   0.003   0.994
 1466    1  1.0     0.054   1.022   0.003   0.994
 1467    1  1.0     0.048   1.007   0.003   0.994
 1468    1  1.0     0.040   0.937   0.003   0.994
 1469    1  1.0     0.041   0.922   0.003   0.994
 1470    1  1.0     0.044   0.921   0.003   0.994
 1471    1  1.0     0.055   1.037   0.037   0.997
 1472    1  1.0     0.049   0.991   0.003   0.994
 1473    1  1.0     0.050   0.987   0.003   0.994
 1474    1  1.0     0.039   0.925   0.003   0.994
 1475    1  1.0     0.043   0.912   0.003   0.994
 1476    1  1.0     0.052   0.836   0.003   0.994
 1477    1  1.0     0.057   0.869   0.003   0.994
 1478    1  1.0     0.045   0.840   0.003   0.994
 1479    1  1.0     0.043   0.829   0.003   0.994
 1480    1  1.0     0.045   0.838   0.003   0.994
 1481    1  1.0     0.035   0.839   0.003   0.994
 1482    1  1.0     0.062   1.073   0.037   0.997
 1483    1  1.0     0.068   1.008   0.003   0.994
 1484    1  1.0     0.059   0.911   0.003   0.994
 1485    1  1.0     0.057   0.910   0.003   0.994
 1486    1  1.0     0.053   0.892   0.037   0.997
 1487    1  1.0     0.051   0.901   0.037   0.997
 1488    1  1.0     0.060   1.027   0.037   0.997
 1489    1  1.0     0.062   0.985   0.003   0.994
 1490    1  1.0     0.061   0.924   0.003   0.994
 1491    1  1.0     0.054   0.903   0.003   0.994
 1492    1  1.0     0.053   0.907   0.003   0.994
 1493    1  1.0     0.059   0.951   0.003   0.994
 1494    1  1.0     0.055   1.055   0.037   0.997
 1495    1  1.0     0.063   1.005   0.003   0.994
 1496    1  1.0     0.042   1.016   0.003   0.994
 1497    1  1.0     0.033   0.834   0.003   0.994
 1498    1  1.0     0.052   0.855   0.003   0.994
 1499    1  1.0     0.046   0.839   0.003   0.994
 1500    1  1.0     0.037   0.832   0.003   0.994
 1501    1  1.0     0.040   0.837   0.003   0.994
 1502    1  1.0     0.046   0.859   0.003   0.994
 1503    1  1.0     0.059   1.129   0.037   0.998
 1504    1  1.0     0.042   1.061   0.003   0.994
 1505    1  1.0     0.064   0.913   0.003   0.994
 1506    1  1.0     0.045   0.917   0.003   0.994
 1507    1  1.0     0.047   1.049   0.037   0.997
 1508    1  1.0     0.066   1.011   0.003   0.994
 1509    1  1.0     0.050   0.833   0.003   0.994
 1510    1  1.0     0.046   0.828   0.003   0.994
 1511    1  1.0     0.046   0.834   0.003   0.994
 1512    1  1.0     0.042   1.052   0.037   0.997
 1513    1  1.0     0.060   1.003   0.003   0.994
 1514    1  1.0     0.051   0.908   0.003   0.994
 1515    1  1.0     0.061   0.916   0.003   0.994
 1516    1  1.0     0.056   1.079   0.037   0.997
 1517    1  1.0     0.065   0.909   0.003   0.994
 1518    1  1.0     0.062   0.906   0.003   0.994
 1519    1  1.0     0.035   1.130   0.037   0.998
 1520    1  1.0     0.063   0.992   0.003   0.994
 1521    1  1.0     0.048   0.917   0.003   0.994
 1522    1  1.0     0.056   0.914   0.003   0.994
 1523    1  1.0     0.003   1.291   0.037   1.140
 1524    1  1.0     0.051   0.937   0.037   0.997
 1525    1  1.0     0.060   1.108   0.037   0.997
 1526    1  1.0     0.060   0.919   0.003   0.994
 1527    1  1.0     0.055   0.903   0.003   0.994
 1528    1  1.0     0.040   1.123   0.037   0.997
 1529    1  1.0     0.057   1.003   0.003   0.994
 1530    1  1.0     0.048   0.953   0.003   0.994
 1531    1  1.0     0.049   0.948   0.045   0.995
 1532    1  1.0     0.038   0.828   0.003   0.994
 1533    1  1.0     0.043   0.832   0.003   0.994
 1534    1  1.0     0.051   0.839   0.003   0.994
 1535    1  1.0     0.056   1.043   0.037   0.997
 1536    1  1.0     0.035   1.127   0.003   0.994
 1537    1  1.0     0.043   0.990   0.003   0.994
 1538    1  1.0     0.041   0.914   0.003   0.994
 1539    1  1.0     0.041   0.911   0.003   0.994
 1540    1  1.0     0.033   0.834   0.003   0.994
 1541    1  1.0     0.056   0.860   0.003   0.994
 1542    1  1.0     0.043   0.832   0.003   0.994
 1543    1  1.0     0.041   0.828   0.003   0.994
 1544    1  1.0     0.034   0.831   0.003   0.994
 1545    1  1.0     0.034   0.837   0.003   0.994
 1546    1  1.0     0.032   1.114   0.037   0.997
 1547    1  1.0     0.055   1.003   0.003   0.994
 1548    1  1.0     0.045   0.914   0.003   0.994
 1549    1  1.0     0.048   0.907   0.003   0.994
 1550    1  1.0     0.040   0.987   0.037   0.997
 1551    1  1.0     0.059   1.018   0.003   0.994
 1552    1  1.0     0.042   0.926   0.003   0.994
 1553    1  1.0     0.050   0.912   0.003   0.994
 1554    1  1.0     0.068   0.918   0.003   0.995
 1555    1  1.0     0.060   0.912   0.003   0.995
 1556    1  1.0     0.065   0.906   0.003   0.995
 1557    1  1.0     0.054   0.904   0.003   0.995
 1558    1  1.0     0.058   0.906   0.003   0.995
 1559    1  1.0     0.048   0.980   0.003   0.994
 1560    1  1.0     0.042   0.909   0.003   0.994
 1561    1  1.0     0.052   0.928   0.003   0.994
 1562    1  1.0     0.039   0.925   0.003   0.994
 1563    1  1.0     0.042   0.913   0.003   0.994
 1564    1  1.0     0.059   0.945   0.003   0.994
 1565    1  1.0     0.039   0.908   0.003   0.994
 1566    1  1.0     0.062   1.086   0.037   0.997
 1567    1  1.0     0.055   0.982   0.003   0.994
 1568    1  1.0     0.055   0.922   0.003   0.994
 1569    1  1.0     0.052   0.928   0.003   0.994
 1570    1  1.0     0.066   1.061   0.003   0.994
 1571    1  1.0     0.047   0.922   0.003   0.994
 1572    1  1.0     0.057   1.078   0.037   0.997
 1573    1  1.0     0.049   0.980   0.003   0.994
 1574    1  1.0     0.052   0.932   0.003   0.994
 1575    1  1.0     0.041   0.919   0.003   0.994
 1576    1  1.0     0.055   0.912   0.003   0.995
 1577    1  1.0     0.064   0.916   0.003   0.995
 1578    1  1.0     0.061   0.905   0.003   0.995
 1579    1  1.0     0.066   0.920   0.003   0.995
 1580    1  1.0     0.058   0.908   0.003   0.995
 1581    1  1.0     0.064   1.242   0.037   1.000
 1582    1  1.0     0.051   0.987   0.003   0.994
 1583    1  1.0     0.049   0.919   0.003   0.994
 1584    1  1.0     0.053   0.918   0.003   0.994
 1585    1  1.0     0.045   0.993   0.003   0.994
 1586    1  1.0     0.033   0.831   0.003   0.994
 1587    1  1.0     0.046   0.841   0.003   0.994
 1588    1  1.0     0.039   0.836   0.003   0.994
 1589    1  1.0     0.035   0.832   0.003   0.994
 1590    1  1.0     0.041   0.839   0.003   0.994
 1591    1  1.0     0.039   0.832   0.003   0.994
 1592    1  1.0     0.054   1.045   0.037   0.997
 1593    1  1.0     0.052   0.984   0.003   0.994
 1594    1  1.0     0.052   0.946   0.003   0.994
 1595    1  1.0     0.068   1.039   0.045   0.995
 1596    1  1.0     0.042   0.826   0.003   0.994
 1597    1  1.0     0.050   0.854   0.003   0.994
 1598    1  1.0     0.046   0.830   0.003   0.994
 1599    1  1.0     0.061   1.052   0.037   0.997
 1600    1  1.0     0.053   0.993   0.003   0.994
 1601    1  1.0     0.053   0.968   0.003   0.994
 1602    1  1.0     0.042   0.905   0.003   0.994
 1603    1  1.0     0.035   0.994   0.003   0.994
 1604    1  1.0     0.048   0.994   0.003   0.994
 1605    1  1.0     0.044   0.928   0.003   0.994
 1606    1  1.0     0.037   0.907   0.003   0.994
 1607    1  1.0     0.046   0.909   0.003   0.994
 1608    1  1.0     0.060   1.122   0.037   0.997
 1609    1  1.0     0.052   1.067   0.003   0.994
 1610    1  1.0     0.053   0.945   0.003   0.994
 1611    1  1.0     0.051   0.910   0.003   0.994
 1612    1  1.0     0.048   1.004   0.003   0.994
 1613    1  1.0     0.057   1.004   0.003   0.994
 1614    1  1.0     0.036   0.916   0.003   0.994
 1615    1  1.0     0.038   0.917   0.003   0.994
 1616    1  1.0     0.039   0.918   0.003   0.994
 1617    1  1.0     0.059   1.103   0.037   0.997
 1618    1  1.0     0.052   0.986   0.003   0.994
 1619    1  1.0     0.041   0.833   0.003   0.994
 1620    1  1.0     0.042   0.831   0.003   0.994
 1621    1  1.0     0.050   0.839   0.003   0.994
 1622    1  1.0     0.052   1.003   0.037   0.997
 1623    1  1.0     0.052   0.984   0.003   0.994
 1624    1  1.0     0.048   0.925   0.003   0.994
 1625    1  1.0     0.050   0.954   0.003   0.994
 1626    1  1.0     0.051   0.902   0.003   0.994
 1627    1  1.0     0.057   0.915   0.003   0.994
 1628    1  1.0     0.045   0.892   0.003   0.994
 1629    1  1.0     0.045   0.907   0.003   0.994
 1630    1  1.0     0.042   0.986   0.037   0.997
 1631    1  1.0     0.051   0.903   0.037   0.997
 1632    1  1.0     0.045   0.962   0.037   0.997
 1633    1  1.0     0.046   0.900   0.037   0.997
 1634    1  1.0     0.048   0.899   0.037   0.997
 1635    1  1.0     0.058   1.077   0.037   0.997
 1636    1  1.0     0.056   0.990   0.003   0.994
 1637    1  1.0     0.052   0.921   0.003   0.994
 1638    1  1.0     0.043   0.912   0.003   0.994
 1639    1  1.0     0.045   0.907   0.003   0.994
 1640    1  1.0     0.044   0.933   0.003   0.994
 1641    1  1.0     0.038   0.927   0.003   0.994
 1642    1  1.0     0.040   0.905   0.003   0.994
 1643    1  1.0     0.035   0.889   0.003   0.994
 1644    1  1.0     0.037   0.893   0.003   0.994
 1645    1  1.0    -0.000   0.894   0.037   0.997
 1646    1  1.0     0.000   0.900   0.037   0.997
 1647    1  1.0    -0.001   0.886   0.037   0.997
 1648    1  1.0     0.061   1.054   0.037   0.997
 1649    1  1.0     0.050   0.998   0.003   0.994
 1650    1  1.0     0.050   0.943   0.003   0.994
 1651    1  1.0     0.042   0.972   0.003   0.994
 1652    1  1.0     0.050   1.009   0.003   0.994
 1653    1  1.0     0.062   1.007   0.003   0.994
 1654    1  1.0     0.048   0.910   0.003   0.994
 1655    1  1.0     0.044   0.911   0.003   0.994
 1656    1  1.0     0.038   0.914   0.003   0.994
 1657    1  1.0     0.055   1.030   0.037   0.997
 1658    1  1.0     0.057   0.990   0.003   0.994
 1659    1  1.0     0.049   0.920   0.003   0.994
 1660    1  1.0     0.054   0.917   0.003   0.994
 1661    1  1.0     0.048   0.911   0.003   0.994
 1662    1  1.0     0.042   0.912   0.003   0.994
 1663    1  1.0     0.039   0.906   0.003   0.994
 1664    1  1.0     0.040   0.904   0.003   0.994
 1665    1  1.0     0.036   0.888   0.003   0.994
 1666    1  1.0     0.037   0.888   0.003   0.994
 1667    1  1.0     0.002   0.891   0.037   0.997
 1668    1  1.0     0.002   0.885   0.037   0.997
 1669    1  1.0    -0.000   0.882   0.037   0.997
 1670    1  1.0     0.061   1.023   0.037   0.997
 1671    1  1.0     0.062   0.995   0.003   0.994
 1672    1  1.0     0.061   0.912   0.003   0.994
 1673    1  1.0     0.058   0.909   0.003   0.994
 1674    1  1.0     0.058   1.053   0.037   0.997
 1675    1  1.0     0.057   0.974   0.003   0.994
 1676    1  1.0     0.054   0.952   0.003   0.994
 1677    1  1.0     0.066   1.007   0.045   0.995
 1678    1  1.0     0.043   0.828   0.003   0.994
 1679    1  1.0     0.057   0.853   0.003   0.994
 1680    1  1.0     0.049   0.832   0.003   0.994
 1681    1  1.0     0.065   1.096   0.037   0.997
 1682    1  1.0     0.066   0.991   0.003   0.994
 1683    1  1.0     0.060   0.907   0.003   0.994
 1684    1  1.0     0.059   0.910   0.003   0.994
 1685    1  1.0     0.058   1.110   0.037   0.997
 1686    1  1.0     0.059   0.976   0.003   0.994
 1687    1  1.0     0.050   0.868   0.003   0.994
 1688    1  1.0     0.051   0.874   0.003   0.994
 1689    1  1.0     0.065   0.958   0.045   0.995
 1690    1  1.0     0.059   1.111   0.037   0.997
 1691    1  1.0     0.061   0.988   0.003   0.994
 1692    1  1.0     0.054   0.915   0.003   0.994
 1693    1  1.0     0.062   0.925   0.003   0.994
 1694    1  1.0     0.057   0.916   0.003   0.994
 1695    1  1.0     0.050   0.903   0.003   0.994
 1696    1  1.0     0.058   1.016   0.037   0.997
 1697    1  1.0     0.068   1.025   0.003   0.994
 1698    1  1.0     0.054   0.909   0.003   0.994
 1699    1  1.0     0.055   0.909   0.003   0.994
 1700    1  1.0     0.067   0.918   0.003   0.994
 1701    1  1.0     0.056   0.902   0.003   0.994
 1702    1  1.0     0.061   1.056   0.037   0.997
 1703    1  1.0     0.065   1.003   0.003   0.994
 1704    1  1.0     0.062   0.924   0.003   0.994
 1705    1  1.0     0.056   0.915   0.003   0.994
 1706    1  1.0     0.063   0.926   0.003   0.994
 1707    1  1.0     0.062   0.926   0.003   0.994
 1708    1  1.0     0.057   1.051   0.037   0.997
 1709    1  1.0     0.052   0.981   0.003   0.994
 1710    1  1.0     0.052   0.989   0.003   0.994
 1711    1  1.0     0.051   0.925   0.003   0.994
 1712    1  1.0     0.041   0.910   0.003   0.994
 1713    1  1.0     0.037   0.834   0.003   0.994
 1714    1  1.0     0.048   0.848   0.003   0.994
 1715    1  1.0     0.042   0.833   0.003   0.994
 1716    1  1.0     0.044   0.826   0.003   0.994
 1717    1  1.0     0.048   0.829   0.003   0.994
 1718    1  1.0     0.041   0.834   0.003   0.994
 1719    1  1.0     0.056   1.039   0.037   0.997
 1720    1  1.0     0.054   0.996   0.003   0.994
 1721    1  1.0     0.050   0.913   0.003   0.994
 1722    1  1.0     0.057   0.910   0.003   0.994
 1723    1  1.0     0.057   0.939   0.003   0.994
 1724    1  1.0     0.053   0.928   0.003   0.994
 1725    1  1.0     0.046   0.902   0.003   0.994
 1726    1  1.0     0.051   0.905   0.003   0.994
 1727    1  1.0     0.048   1.008   0.037   0.997
 1728    1  1.0     0.050   0.901   0.037   0.997
 1729    1  1.0     0.049   0.920   0.037   0.997
 1730    1  1.0     0.050   0.898   0.037   0.997
 1731    1  1.0     0.056   0.900   0.037   0.997
 1732    1  1.0     0.058   1.042   0.037   0.997
 1733    1  1.0     0.055   0.985   0.003   0.994
 1734    1  1.0     0.057   0.913   0.003   0.994
 1735    1  1.0     0.060   0.917   0.003   0.994
 1736    1  1.0     0.070   1.074   0.003   0.994
 1737    1  1.0     0.052   0.919   0.003   0.994
 1738    1  1.0     0.056   1.053   0.037   0.997
 1739    1  1.0     0.053   0.976   0.003   0.994
 1740    1  1.0     0.043   0.828   0.003   0.994
 1741    1  1.0     0.046   0.827   0.003   0.994
 1742    1  1.0     0.051   0.835   0.003   0.994
 1743    1  1.0     0.056   1.053   0.037   0.997
 1744    1  1.0     0.058   0.978   0.003   0.994
 1745    1  1.0     0.052   0.922   0.003   0.994
 1746    1  1.0     0.050   0.917   0.003   0.994
 1747    1  1.0     0.070   0.944   0.003   0.995
 1748    1  1.0     0.066   0.916   0.003   0.995
 1749    1  1.0     0.071   0.912   0.003   0.995
 1750    1  1.0     0.070   0.906   0.003   0.995
 1751    1  1.0     0.077   0.919   0.003   0.995
 1752    1  1.0     0.058   1.043   0.037   0.997
 1753    1  1.0     0.055   1.005   0.003   0.994
 1754    1  1.0     0.051   0.925   0.003   0.994
 1755    1  1.0     0.054   0.915   0.003   0.994
 1756    1  1.0     0.052   0.912   0.003   0.994
 1757    1  1.0     0.043   0.910   0.003   0.994
 1758    1  1.0     0.044   0.920   0.003   0.994
 1759    1  1.0     0.043   0.905   0.003   0.994
 1760    1  1.0     0.041   0.990   0.037   0.997
 1761    1  1.0     0.051   0.902   0.037   0.997
 1762    1  1.0     0.045   0.928   0.037   0.997
 1763    1  1.0     0.065   0.927   0.037   0.997
 1764    1  1.0     0.048   0.902   0.037   0.997
 1765    1  1.0     0.058   1.031   0.037   0.997
 1766    1  1.0     0.058   0.982   0.003   0.994
 1767    1  1.0     0.053   0.981   0.003   0.994
 1768    1  1.0     0.038   0.827   0.003   0.994
 1769    1  1.0     0.048   0.845   0.003   0.994
 1770    1  1.0     0.043   0.831   0.003   0.994
 1771    1  1.0     0.042   0.828   0.003   0.994
 1772    1  1.0     0.043   0.832   0.003   0.994
 1773    1  1.0     0.055   0.855   0.003   0.994
 1774    1  1.0     0.058   1.018   0.037   0.997
 1775    1  1.0     0.055   1.004   0.003   0.994
 1776    1  1.0     0.044   0.922   0.003   0.994
 1777    1  1.0     0.048   0.926   0.003   0.994
 1778    1  1.0     0.058   0.917   0.003   0.995
 1779    1  1.0     0.072   0.924   0.003   0.995
 1780    1  1.0     0.058   0.964   0.003   0.995
 1781    1  1.0     0.061   0.909   0.003   0.995
 1782    1  1.0     0.060   0.908   0.003   0.995
 1783    1  1.0     0.063   1.097   0.037   0.997
 1784    1  1.0     0.041   1.046   0.003   0.994
 1785    1  1.0     0.064   0.912   0.003   0.994
 1786    1  1.0     0.055   0.909   0.003   0.994
 1787    1  1.0     0.054   1.093   0.037   0.997
 1788    1  1.0     0.058   1.000   0.003   0.994
 1789    1  1.0     0.044   0.959   0.003   0.994
 1790    1  1.0     0.038   0.906   0.003   0.994
 1791    1  1.0     0.049   0.924   0.003   0.994
 1792    1  1.0     0.040   0.906   0.003   0.994
 1793    1  1.0     0.040   0.907   0.003   0.994
 1794    1  1.0     0.046   0.913   0.003   0.994
 1795    1  1.0     0.039   0.892   0.003   0.994
 1796    1  1.0     0.041   0.888   0.003   0.994
 1797    1  1.0     0.006   0.884   0.037   0.997
 1798    1  1.0     0.002   0.883   0.037   0.997
 1799    1  1.0     0.004   0.894   0.037   0.997
 1800    1  1.0     0.046   1.252   0.037   0.998
 1801    1  1.0     0.058   0.999   0.003   0.994
 1802    1  1.0     0.045   0.913   0.003   0.994
 1803    1  1.0     0.057   0.910   0.003   0.994
 1804    1  1.0     0.066   1.248   0.037   0.998
 1805    1  1.0     0.062   0.908   0.003   0.994
 1806    1  1.0     0.062   0.912   0.003   0.994
 1807    1  1.0     0.028   1.227   0.037   0.998
 1808    1  1.0     0.065   1.019   0.003   0.994
 1809    1  1.0     0.052   0.918   0.003   0.994
 1810    1  1.0     0.055   0.912   0.003   0.994
 1811    1  1.0     0.037   1.012   0.037   0.998
 1812    1  1.0     0.057   0.908   0.037   0.997
 1813    1  1.0     0.062   1.184   0.037   0.998
 1814    1  1.0     0.066   0.916   0.003   0.994
 1815    1  1.0     0.053   0.900   0.003   0.994
 1816    1  1.0     0.031   1.181   0.037   0.998
 1817    1  1.0     0.061   1.001   0.003   0.994
 1818    1  1.0     0.046   0.938   0.003   0.994
 1819    1  1.0     0.036   0.997   0.003   0.994
 1820    1  1.0     0.058   0.922   0.003   0.995
 1821    1  1.0     0.073   0.917   0.003   0.995
 1822    1  1.0     0.061   1.037   0.003   0.995
 1823    1  1.0     0.072   0.905   0.003   0.995
 1824    1  1.0     0.072   0.905   0.003   0.995
 1825    1  1.0     0.065   1.200   0.037   0.999
 1826    1  1.0     0.035   1.065   0.003   0.994
 1827    1  1.0     0.045   0.990   0.003   0.994
 1828    1  1.0     0.052   0.930   0.003   0.994
 1829    1  1.0     0.044   0.913   0.003   0.994
 1830    1  1.0     0.034   0.839   0.003   0.994
 1831    1  1.0     0.049   0.844   0.003   0.994
 1832    1  1.0     0.045   0.837   0.003   0.994
 1833    1  1.0     0.051   0.841   0.003   0.994
 1834    1  1.0     0.039   0.833   0.003   0.994
 1835    1  1.0     0.038   0.840   0.003   0.994
 1836    1  1.0     0.031   1.038   0.037   0.997
 1837    1  1.0     0.052   1.003   0.003   0.994
 1838    1  1.0     0.037   0.884   0.003   0.994
 1839    1  1.0     0.045   0.866   0.003   0.994
 1840    1  1.0     0.034   0.948   0.045   0.995
 1841    1  1.0     0.038   0.992   0.037   0.997
 1842    1  1.0     0.048   0.979   0.003   0.994
 1843    1  1.0     0.050   0.835   0.003   0.994
 1844    1  1.0     0.044   0.827   0.003   0.994
 1845    1  1.0     0.049   0.831   0.003   0.994
 1846    1  1.0     0.039   1.006   0.037   0.997
 1847    1  1.0     0.055   0.984   0.003   0.994
 1848    1  1.0     0.047   0.830   0.003   0.994
 1849    1  1.0     0.043   0.828   0.003   0.994
 1850    1  1.0     0.042   0.833   0.003   0.994
 1851    1  1.0     0.045   1.009   0.037   0.997
 1852    1  1.0     0.051   0.999   0.003   0.994
 1853    1  1.0     0.055   0.938   0.003   0.994
 1854    1  1.0     0.049   0.939   0.003   0.994
 1855    1  1.0     0.037   0.930   0.003   0.994
 1856    1  1.0     0.039   0.947   0.003   0.994
 1857    1  1.0     0.058   1.100   0.037   0.997
 1858    1  1.0     0.050   0.990   0.003   0.994
 1859    1  1.0     0.048   0.919   0.003   0.994
 1860    1  1.0     0.039   0.915   0.003   0.994
 1861    1  1.0     0.044   0.996   0.003   0.994
 1862    1  1.0     0.037   0.831   0.003   0.994
 1863    1  1.0     0.044   0.840   0.003   0.994
 1864    1  1.0     0.039   0.835   0.003   0.994
 1865    1  1.0     0.033   0.873   0.003   0.994
 1866    1  1.0     0.035   0.836   0.003   0.994
 1867    1  1.0     0.037   0.832   0.003   0.994
 1868    1  1.0     0.060   1.100   0.037   0.997
 1869    1  1.0     0.048   0.968   0.003   0.994
 1870    1  1.0     0.049   0.926   0.003   0.994
 1871    1  1.0     0.047   0.913   0.003   0.994
 1872    1  1.0     0.049   0.898   0.003   0.994
 1873    1  1.0     0.045   0.900   0.003   0.994
 1874    1  1.0     0.052   0.898   0.003   0.994
 1875    1  1.0     0.052   0.906   0.003   0.994
 1876    1  1.0     0.043   1.008   0.037   0.997
 1877    1  1.0     0.046   0.900   0.037   0.998
 1878    1  1.0     0.046   0.918   0.037   0.997
 1879    1  1.0     0.047   0.902   0.037   0.997
 1880    1  1.0     0.047   0.902   0.037   0.997
 1881    1  1.0     0.057   1.086   0.037   0.997
 1882    1  1.0     0.054   0.991   0.003   0.994
 1883    1  1.0     0.052   0.919   0.003   0.994
 1884    1  1.0     0.044   0.911   0.003   0.994
 1885    1  1.0     0.025   0.961   0.037   0.997
 1886    1  1.0     0.058   0.878   0.003   0.995
 1887    1  1.0     0.063   0.872   0.003   0.995
 1888    1  1.0     0.058   1.144   0.037   0.998
 1889    1  1.0     0.055   0.987   0.003   0.994
 1890    1  1.0     0.047   0.982   0.003   0.994
 1891    1  1.0     0.044   0.832   0.003   0.994
 1892    1  1.0     0.046   0.858   0.003   0.994
 1893    1  1.0     0.043   0.835   0.003   0.994
 1894    1  1.0     0.054   0.833   0.003   0.994
 1895    1  1.0     0.043   0.834   0.003   0.994
 1896    1  1.0     0.051   0.861   0.003   0.994
 1897    1  1.0     0.059   1.049   0.037   0.997
 1898    1  1.0     0.052   1.095   0.003   0.994
 1899    1  1.0     0.054   0.955   0.003   0.994
 1900    1  1.0     0.057   0.918   0.003   0.994
 1901    1  1.0     0.036   1.002   0.003   0.994
 1902    1  1.0     0.048   1.012   0.003   0.994
 1903    1  1.0     0.043   0.931   0.003   0.994
 1904    1  1.0     0.038   0.933   0.003   0.994
 1905    1  1.0     0.034   0.988   0.003   0.994
 1906    1  1.0     0.058   1.042   0.037   0.997
 1907    1  1.0     0.062   0.982   0.003   0.994
 1908    1  1.0     0.045   0.934   0.003   0.994
 1909    1  1.0     0.058   0.917   0.045   0.995
 1910    1  1.0     0.044   0.828   0.003   0.994
 1911    1  1.0     0.064   0.916   0.003   0.994
 1912    1  1.0     0.055   0.864   0.003   0.994
 1913    1  1.0     0.060   1.053   0.037   0.997
 1914    1  1.0     0.061   0.999   0.003   0.994
 1915    1  1.0     0.055   0.922   0.003   0.994
 1916    1  1.0     0.061   0.908   0.003   0.994
 1917    1  1.0     0.054   0.893   0.037   0.997
 1918    1  1.0     0.049   0.902   0.037   0.997
 1919    1  1.0     0.066   1.178   0.037   0.997
 1920    1  1.0     0.059   0.999   0.003   0.994
 1921    1  1.0     0.051   0.916   0.003   0.994
 1922    1  1.0     0.055   0.916   0.003   0.994
 1923    1  1.0     0.062   1.074   0.003   0.994
 1924    1  1.0     0.037   0.832   0.003   0.994
 1925    1  1.0     0.041   0.830   0.003   0.994
 1926    1  1.0     0.041   0.833   0.003   0.994
 1927    1  1.0     0.039   0.828   0.003   0.994
 1928    1  1.0     0.042   0.832   0.003   0.994
 1929    1  1.0     0.051   0.835   0.003   0.994
 1930    1  1.0     0.061   1.143   0.037   0.997
 1931    1  1.0     0.064   0.915   0.003   0.994
 1932    1  1.0     0.052   0.900   0.003   0.994
 1933    1  1.0     0.064   1.155   0.037   0.998
 1934    1  1.0     0.071   1.034   0.003   0.994
 1935    1  1.0     0.051   0.930   0.003   0.994
 1936    1  1.0     0.055   0.910   0.003   0.994
 1937    1  1.0     0.052   0.917   0.003   0.994
 1938    1  1.0     0.042   0.956   0.003   0.994
 1939    1  1.0     0.047   0.990   0.037   0.997
 1940    1  1.0     0.050   1.039   0.003   0.994
 1941    1  1.0     0.049   0.912   0.003   0.994
 1942    1  1.0     0.048   0.914   0.003   0.994
 1943    1  1.0     0.045   0.918   0.003   0.994
 1944    1  1.0     0.041   0.908   0.003   0.994
 1945    1  1.0     0.038   0.909   0.003   0.994
 1946    1  1.0     0.039   0.912   0.003   0.994
 1947    1  1.0     0.040   0.896   0.003   0.994
 1948    1  1.0     0.041   0.898   0.003   0.994
 1949    1  1.0     0.002   0.894   0.037   0.997
 1950    1  1.0     0.003   0.888   0.037   0.997
 1951    1  1.0     0.002   0.894   0.037   0.997
 1952    1  1.0     0.044   0.999   0.037   0.997
 1953    1  1.0     0.064   0.996   0.003   0.994
 1954    1  1.0     0.043   0.919   0.003   0.994
 1955    1  1.0     0.043   0.929   0.003   0.994
 1956    1  1.0     0.056   1.014   0.003   0.994
 1957    1  1.0     0.035   0.833   0.003   0.994
 1958    1  1.0     0.037   0.832   0.003   0.994
 1959    1  1.0     0.033   0.846   0.003   0.994
 1960    1  1.0     0.050   0.832   0.003   0.994
 1961    1  1.0     0.044   0.836   0.003   0.994
 1962    1  1.0     0.059   0.833   0.003   0.994
 1963    1  1.0     0.051   1.050   0.037   0.997
 1964    1  1.0     0.054   0.993   0.003   0.994
 1965    1  1.0     0.044   0.940   0.003   0.994
 1966    1  1.0     0.057   0.949   0.045   0.995
 1967    1  1.0     0.047   0.826   0.003   0.994
 1968    1  1.0     0.045   0.829   0.003   0.994
 1969    1  1.0     0.052   0.835   0.003   0.994
 1970    1  1.0     0.043   0.998   0.037   0.997
 1971    1  1.0     0.063   0.990   0.003   0.994
 1972    1  1.0     0.067   0.919   0.003   0.994
 1973    1  1.0     0.055   0.916   0.003   0.994
 1974    1  1.0     0.039   1.012   0.037   0.997
 1975    1  1.0     0.072   0.996   0.003   0.994
 1976    1  1.0     0.044   0.913   0.003   0.994
 1977    1  1.0     0.055   0.920   0.003   0.994
 1978    1  1.0     0.069   0.922   0.003   0.994
 1979    1  1.0     0.057   0.904   0.003   0.994
 1980    1  1.0     0.045   1.023   0.037   0.997
 1981    1  1.0     0.063   1.001   0.003   0.994
 1982    1  1.0     0.053   0.909   0.003   0.994
 1983    1  1.0     0.051   0.913   0.003   0.994
 1984    1  1.0     0.045   0.923   0.003   0.994
 1985    1  1.0     0.058   0.908   0.003   0.994
 1986    1  1.0     0.053   1.028   0.037   0.997
 1987    1  1.0     0.044   1.121   0.003   0.994
 1988    1  1.0     0.043   0.984   0.003   0.994
 1989    1  1.0     0.038   0.839   0.003   0.994
 1990    1  1.0     0.032   0.836   0.003   0.994
 1991    1  1.0     0.046   0.841   0.003   0.994
 1992    1  1.0     0.047   0.833   0.003   0.994
 1993    1  1.0     0.058   0.850   0.003   0.994
 1994    1  1.0     0.053   0.852   0.003   0.994
 1995    1  1.0     0.060   1.040   0.037   0.997
 1996    1  1.0     0.063   0.993   0.003   0.994
 1997    1  1.0     0.056   0.925   0.003   0.994
 1998    1  1.0     0.066   0.936   0.003   0.994
 1999    1  1.0     0.056   1.046   0.037   0.997
 2000    1  1.0     0.057   0.998   0.003   0.994
 2001    1  1.0     0.060   0.905   0.003   0.994
 2002    1  1.0     0.063   0.910   0.003   0.994
 2003    1  1.0     0.060   0.923   0.003   0.994
 2004    1  1.0     0.051   0.929   0.003   0.994
 2005    1  1.0     0.054   1.027   0.037   0.997
 2006    1  1.0     0.061   0.989   0.003   0.994
 2007    1  1.0     0.046   0.942   0.003   0.994
 2008    1  1.0     0.044   0.946   0.003   0.994
 2009    1  1.0     0.057   1.046   0.003   0.994
 2010    1  1.0     0.049   1.003   0.003   0.994
 2011    1  1.0     0.032   0.940   0.003   0.994
 2012    1  1.0     0.037   1.049   0.003   0.994
 2013    1  1.0     0.034   1.002   0.003   0.994
 2014    1  1.0     0.056   1.071   0.037   0.997
 2015    1  1.0     0.049   0.991   0.003   0.994
 2016    1  1.0     0.051   0.989   0.003   0.994
 2017    1  1.0     0.040   0.909   0.003   0.994
 2018    1  1.0     0.051   0.946   0.003   0.994
 2019    1  1.0     0.050   0.831   0.003   0.994
 2020    1  1.0     0.053   0.855   0.003   0.994
 2021    1  1.0     0.044   0.836   0.003   0.994
 2022    1  1.0     0.040   0.827   0.003   0.994
 2023    1  1.0     0.044   0.833   0.003   0.994
 2024    1  1.0     0.036   0.836   0.003   0.994
 2025    1  1.0     0.059   1.071   0.037   0.997
 2026    1  1.0     0.054   0.993   0.003   0.994
 2027    1  1.0     0.051   0.932   0.003   0.994
 2028    1  1.0     0.053   0.915   0.003   0.994
 2029    1  1.0     0.055   0.921   0.003   0.994
 2030    1  1.0     0.044   0.912   0.003   0.994
 2031    1  1.0     0.046   0.905   0.003   0.994
 2032    1  1.0     0.044   0.898   0.003   0.994
 2033    1  1.0     0.043   0.987   0.037   0.997
 2034    1  1.0     0.054   0.898   0.037   0.997
 2035    1  1.0     0.049   0.920   0.037   0.997
 2036    1  1.0     0.054   0.902   0.037   0.997
 2037    1  1.0     0.051   0.899   0.037   0.997
 2038    1  1.0     0.058   1.050   0.037   0.997
 2039    1  1.0     0.060   0.993   0.003   0.994
 2040    1  1.0     0.063   0.921   0.003   0.994
 2041    1  1.0     0.056   0.912   0.003   0.994
 2042    1  1.0     0.059   0.913   0.003   0.994
 2043    1  1.0     0.056   0.983   0.003   0.994
 2044    1  1.0     0.060   1.032   0.037   0.997
 2045    1  1.0     0.057   1.020   0.003   0.994
 2046    1  1.0     0.046   0.831   0.003   0.994
 2047    1  1.0     0.038   0.839   0.003   0.994
 2048    1  1.0     0.047   0.833   0.003   0.994
 2049    1  1.0     0.061   1.060   0.037   0.997
 2050    1  1.0     0.031   1.154   0.003   0.994
 2051    1  1.0     0.065   0.915   0.003   0.994
 2052    1  1.0     0.048   0.924   0.003   0.994
 2053    1  1.0     0.051   1.066   0.037   0.997
 2054    1  1.0     0.060   0.997   0.003   0.994
 2055    1  1.0     0.042   0.988   0.003   0.994
 2056    1  1.0     0.046   0.918   0.003   0.994
 2057    1  1.0     0.044   0.914   0.003   0.994
 2058    1  1.0     0.039   0.837   0.003   0.994
 2059    1  1.0     0.052   0.855   0.003   0.994
 2060    1  1.0     0.048   0.832   0.003   0.994
 2061    1  1.0     0.038   0.830   0.003   0.994
 2062    1  1.0     0.038   0.833   0.003   0.994
 2063    1  1.0     0.039   0.840   0.003   0.994
 2064    1  1.0     0.039   1.192   0.037   0.997
 2065    1  1.0     0.060   1.010   0.003   0.994
 2066    1  1.0     0.044   0.913   0.003   0.994
 2067    1  1.0     0.058   0.901   0.003   0.994
 2068    1  1.0     0.062   1.143   0.037   0.997
 2069    1  1.0     0.064   0.909   0.003   0.994
 2070    1  1.0     0.065   0.914   0.003   0.994
 2071    1  1.0     0.022   1.334   0.037   1.010
 2072    1  1.0     0.067   1.016   0.003   0.994
 2073    1  1.0     0.054   0.922   0.003   0.994
 2074    1  1.0     0.063   0.904   0.003   0.994
 2075    1  1.0     0.055   1.144   0.037   0.997
 2076    1  1.0     0.066   0.924   0.003   0.994
 2077    1  1.0     0.056   0.901   0.003   0.994
 2078    1  1.0     0.037   1.208   0.037   0.998
 2079    1  1.0     0.053   0.985   0.003   0.994
 2080    1  1.0     0.051   0.951   0.003   0.994
 2081    1  1.0     0.049   0.927   0.003   0.994
 2082    1  1.0     0.065   0.919   0.003   0.994
 2083    1  1.0     0.058   0.916   0.003   0.994
 2084    1  1.0     0.032   1.143   0.037   0.997
 2085    1  1.0     0.041   0.965   0.037   0.997
 2086    1  1.0     0.060   1.120   0.037   0.998
 2087    1  1.0     0.034   1.099   0.003   0.994
 2088    1  1.0     0.042   0.990   0.003   0.994
 2089    1  1.0     0.035   0.831   0.003   0.994
 2090    1  1.0     0.055   0.853   0.003   0.994
 2091    1  1.0     0.043   0.837   0.003   0.994
 2092    1  1.0     0.036   0.832   0.003   0.994
 2093    1  1.0     0.043   0.836   0.003   0.994
 2094    1  1.0     0.039   0.839   0.003   0.994
 2095    1  1.0     0.029   1.106   0.037   0.997
 2096    1  1.0     0.059   1.008   0.003   0.994
 2097    1  1.0     0.045   0.916   0.003   0.994
 2098    1  1.0     0.059   0.902   0.003   0.994
 2099    1  1.0     0.043   0.985   0.037   0.997
 2100    1  1.0     0.064   1.204   0.037   0.998
 2101    1  1.0     0.045   0.992   0.037   0.997
 2102    1  1.0     0.061   1.009   0.003   0.994
 2103    1  1.0     0.059   0.920   0.003   0.994
 2104    1  1.0     0.051   0.908   0.003   0.994
 2105    1  1.0     0.068   0.920   0.003   0.995
 2106    1  1.0     0.076   0.914   0.003   0.995
 2107    1  1.0     0.061   0.909   0.003   0.995
 2108    1  1.0     0.068   0.908   0.003   0.995
 2109    1  1.0     0.073   1.098   0.045   0.995
 2110    1  1.0     0.063   1.162   0.037   0.997
 2111    1  1.0     0.057   0.993   0.003   0.994
 2112    1  1.0     0.045   0.906   0.003   0.994
 2113    1  1.0     0.053   0.911   0.003   0.994
 2114    1  1.0     0.051   0.904   0.003   0.994
 2115    1  1.0     0.052   0.899   0.003   0.994
 2116    1  1.0     0.038   1.285   0.037   1.001
 2117    1  1.0     0.051   0.998   0.003   0.994
 2118    1  1.0     0.056   0.929   0.003   0.994
 2119    1  1.0     0.047   0.939   0.003   0.994
 2120    1  1.0     0.044   0.950   0.003   0.994
 2121    1  1.0     0.042   0.918   0.003   0.994
 2122    1  1.0     0.058   1.075   0.037   0.997
 2123    1  1.0     0.053   0.976   0.003   0.994
 2124    1  1.0     0.057   0.939   0.003   0.994
 2125    1  1.0     0.046   0.918   0.003   0.994
 2126    1  1.0     0.062   0.913   0.003   0.995
 2127    1  1.0     0.056   0.911   0.003   0.995
 2128    1  1.0     0.064   0.904   0.003   0.995
 2129    1  1.0     0.062   0.905   0.003   0.995
 2130    1  1.0     0.062   0.904   0.003   0.995
 2131    1  1.0     0.057   1.081   0.037   0.997
 2132    1  1.0     0.053   0.991   0.003   0.994
 2133    1  1.0     0.052   0.989   0.003   0.994
 2134    1  1.0     0.045   0.832   0.003   0.994
 2135    1  1.0     0.055   0.855   0.003   0.994
 2136    1  1.0     0.047   0.837   0.003   0.994
 2137    1  1.0     0.051   0.837   0.003   0.994
 2138    1  1.0     0.041   0.838   0.003   0.994
 2139    1  1.0     0.058   0.846   0.003   0.994
 2140    1  1.0     0.056   1.043   0.037   0.997
 2141    1  1.0     0.061   0.986   0.003   0.994
 2142    1  1.0     0.048   0.943   0.003   0.994
 2143    1  1.0     0.060   0.926   0.045   0.995
 2144    1  1.0     0.040   0.827   0.003   0.994
 2145    1  1.0     0.055   0.850   0.003   0.994
 2146    1  1.0     0.050   0.831   0.003   0.994
 2147    1  1.0     0.061   1.054   0.037   0.997
 2148    1  1.0     0.062   1.020   0.003   0.994
 2149    1  1.0     0.047   0.907   0.003   0.994
 2150    1  1.0     0.043   0.932   0.003   0.994
 2151    1  1.0     0.046   0.992   0.003   0.994
 2152    1  1.0     0.038   0.987   0.003   0.994
 2153    1  1.0     0.054   0.951   0.003   0.994
 2154    1  1.0     0.044   0.941   0.003   0.994
 2155    1  1.0     0.045   0.966   0.003   0.994
 2156    1  1.0     0.034   1.231   0.037   1.001
 2157    1  1.0     0.057   1.087   0.003   0.994
 2158    1  1.0     0.068   0.849   0.003   0.995
 2159    1  1.0     0.044   0.934   0.003   0.994
 2160    1  1.0     0.047   0.943   0.003   0.994
 2161    1  1.0     0.043   1.023   0.003   0.994
 2162    1  1.0     0.041   1.005   0.003   0.994
 2163    1  1.0     0.042   0.910   0.003   0.994
 2164    1  1.0     0.042   0.911   0.003   0.994
 2165    1  1.0     0.042   0.911   0.003   0.994
 2166    1  1.0     0.034   0.740   0.009   0.919
 2167    1  1.0     0.015   0.875   0.009   0.919
 2168    1  1.0     0.044   0.647   0.009   0.919
 2169    1  1.0     0.046   0.654   0.009   0.919
 2170    1  1.0    -0.015   1.191   0.009   1.493
 2171    1  1.0     0.004   1.030   0.009   0.980
 2172    1  1.0     0.058   0.651   0.009   0.919
 2173    1  1.0     0.044   0.646   0.009   0.919
 2174    1  1.0     0.041   0.716   0.009   0.919
 2175    1  1.0     0.045   0.650   0.009   0.919
 2176    1  1.0     0.017   0.852   0.009   0.919
 2177    1  1.0     0.039   0.869   0.009   0.919
 2178    1  1.0     0.039   0.945   0.009   0.919
 2179    1  1.0     0.014   1.232   0.009   1.254
 computing Vecp ...
 WARNING: RUNNING ONLY THE FIRST ITERATION!!!
 PTB H matrix iteration                      1  done. Now solving ...

Total solve2                                 143.325946093 sec
* sygvd solver                               130.765493155 sec

nel: 6263, nel_calc:      6263.00000000
 nel in P=   6263.00000000007      required nel=                  6263
 idempotency deviation  0.174448712015217       9.999999776482582E-003
 Error: density matrix is not idempotent.
 Stupid simple implementation of the submatrix method:                     4                     2
 kmeans                     1   55688797903.0213        1.01612186431885     
 kmeans                     2   25917403659.6143        2.27923607826233     
 kmeans                     3   27555261692.6521        2.35619211196899     
 kmeans                     4   30847272550.2117        2.48514580726624     
 kmeans                     5   32924611467.9756        2.54341912269592     
 kmeans                     6   35712446949.3814        2.59461808204651     
 kmeans                    63   116368039391.268        2.63217616081238     
 kmeans                     7   40356719368.2704        2.66284704208374     
 kmeans                    61   111199587903.991        2.68312907218933     
 kmeans                     8   41519076397.8268        2.68323993682861     
 kmeans                    60   114375757770.530        2.69820594787598     
 kmeans                    14   56161936756.0170        2.70980310440063     
 kmeans                    12   50480338924.1806        2.71468114852905     
 kmeans                     9   43748676108.6103        2.72766399383545     
 kmeans                    64   112649471858.205        2.73981213569641     
 kmeans                    62   115494273587.964        2.73929476737976     
 kmeans                    10   46746479390.5300        2.74459910392761     
 kmeans                    16   57915762838.4754        2.75602102279663     
 kmeans                    13   51928540442.7806        2.77656006813049     
 kmeans                    15   56556239735.0405        2.77638196945190     
 kmeans                    58   110950792224.747        2.78673911094666     
 kmeans                    17   60915478114.0007        2.78761196136475     
 kmeans                    57   108680821953.885        2.80366301536560     
 kmeans                    11   49387524371.2083        2.80804300308228     
 kmeans                    18   61642212406.1334        2.81094098091125     
 kmeans                    20   64862127787.1920        2.83491706848145     
 kmeans                    19   62909697099.6084        2.83828282356262     
 kmeans                    55   109686685472.452        2.84355306625366     
 kmeans                    59   110331686941.150        2.84292602539062     
 kmeans                    22   69023321678.0840        2.84819889068604     
 kmeans                    52   105637462722.165        2.86126303672791     
 kmeans                    23   69236965062.2394        2.86342310905457     
 kmeans                    49   102067587497.913        2.86430597305298     
 kmeans                    56   111053806169.875        2.86619687080383     
 kmeans                    54   108328955383.289        2.87054300308228     
 kmeans                    21   66734143718.9176        2.87054681777954     
 kmeans                    50   103250587415.265        2.87073302268982     
 kmeans                    47   99627754628.9184        2.88138508796692     
 kmeans                    48   101893910034.794        2.89120221138000     
 kmeans                    25   73568502896.9301        2.89847803115845     
 kmeans                    27   77188789363.2004        2.90187382698059     
 kmeans                    24   73976019787.3527        2.90626502037048     
 kmeans                    26   74906915835.7447        2.90808606147766     
 kmeans                    51   104919596263.685        2.90977787971497     
 kmeans                    53   108003254744.739        2.91002297401428     
 kmeans                    35   88092027780.4324        2.91811680793762     
 kmeans                    29   79388491321.7755        2.91956496238708     
 kmeans                    28   78022365872.4135        2.92239403724670     
 kmeans                    42   95744965485.8093        2.92405819892883     
 kmeans                    46   101970343430.688        2.93139505386353     
 kmeans                    39   91578224083.8447        2.93424701690674     
 kmeans                    31   81302462122.6233        2.93469190597534     
 kmeans                    32   84898566636.6815        2.94149494171143     
 kmeans                    43   94167253140.1278        2.94608283042908     
 kmeans                    30   80245592272.2195        2.94460296630859     
 kmeans                    45   99558108222.2832        2.94810509681702     
 kmeans                    38   90916941735.6257        2.94907498359680     
 kmeans                    44   96838214232.3130        2.95227479934692     
 kmeans                    40   92106059737.0764        2.95282506942749     
 kmeans                    36   91188090519.6340        2.95570802688599     
 kmeans                    37   89330433537.9836        2.96175289154053     
 kmeans                    34   86672666109.7167        2.96098303794861     
 kmeans                    33   82896949517.7206        2.96473908424377     
 kmeans                    41   94377916029.3272        2.98479199409485     
 number of submatrices=                     2
 average sm dim=                 11061
 effort for full matrix ops=   55688797903.0213     
 sums of efforts for submatrices=   25917403659.6143     
 ratio  0.465397075094850     
 sm                     1                 11742   31.5854918956757     
 sm                     2                 10380   33.6134979724884     
 muiter                     1 mu  0.000000000000000E+000   17702.5979252054      of                  6263
 muiter                     2 mu  -5.00000000000000        24.0000000000000      of                  6263
 muiter                     3 mu  -2.50000000000000        2693.14190742509      of                  6263
 muiter                     4 mu  -1.25000000000000        7393.65148681404      of                  6263
 muiter                     5 mu  -1.87500000000000        6277.99998033803      of                  6263
 muiter                     6 mu  -2.18750000000000        4845.47594212062      of                  6263
 muiter                     7 mu  -2.03125000000000        5553.15987430148      of                  6263
 muiter                     8 mu  -1.95312500000000        6078.62890302815      of                  6263
 muiter                     9 mu  -1.91406250000000        6274.79497973408      of                  6263
 muiter                    10 mu  -1.93359375000000        6219.85390487810      of                  6263
 muiter                    11 mu  -1.92382812500000        6255.12264641770      of                  6263
 muiter                    12 mu  -1.91894531250000        6267.88618966456      of                  6263
 muiter                    13 mu  -1.92138671875000        6260.37479157960      of                  6263
 muiter                    14 mu  -1.92016601562500        6264.45462340354      of                  6263
 muiter                    15 mu  -1.92077636718750        6262.37488891974      of                  6263
 muiter                    16 mu  -1.92047119140625        6263.42161644074      of                  6263
 muiter                    17 mu  -1.92062377929688        6262.89776615097      of                  6263
 muiter                    18 mu  -1.92054748535156        6263.15984514580      of                  6263
 muiter                    19 mu  -1.92058563232422        6263.02880947440      of                  6263
 muiter                    20 mu  -1.92060470581055        6262.96328444958      of                  6263
 muiter                    21 mu  -1.92059516906738        6262.99604666047      of                  6263
 muiter                    22 mu  -1.92059040069580        6263.01242805953      of                  6263
 muiter                    23 mu  -1.92059278488159        6263.00423734959      of                  6263
 muiter                    24 mu  -1.92059397697449        6263.00014200137      of                  6263
 muiter                    25 mu  -1.92059457302094        6262.99809432988      of                  6263
 muiter                    26 mu  -1.92059427499771        6262.99911816538      of                  6263
 muiter                    27 mu  -1.92059412598610        6262.99963008332      of                  6263
 muiter                    28 mu  -1.92059405148029        6262.99988604233      of                  6263
 muiter                    29 mu  -1.92059401422739        6263.00001402185      of                  6263
 muiter                    30 mu  -1.92059403285384        6262.99995003209      of                  6263
 muiter                    31 mu  -1.92059402354062        6262.99998202697      of                  6263
 muiter                    32 mu  -1.92059401888400        6262.99999802441      of                  6263
 iteration of chemical potential converged
 final iteration to get density matrix

Submatrix                                     82.079282045 sec
* alloc and filter                             1.517189026 sec
* submatrix combination                        4.459613085 sec
* submatrix stats                              1.386821985 sec
* mu iter                                     74.456470966 sec
* submatrix construction                       0.193615913 sec
* submatrix matrix function                   69.973531961 sec
* submatrix eigendecomp                       65.635886908 sec
* submatrix fe                                 4.337460995 sec
* submatrix occ                                0.002851725 sec
* submatrix Nel                                0.001264572 sec
* submatrix final iter                         4.005578041 sec
* submatrix dealloc                            0.258955956 sec
*                                              0.000000000 sec
*                                              0.000000000 sec
*                                              0.000000000 sec
*                                              0.000000000 sec
*                                              0.000000000 sec
*                                              0.000000000 sec
*                                              0.000000000 sec
*                                              0.000000000 sec

 first elements Pref   1.05075203444893       0.285881872991100       7.929198625455972E-002 -2.312982327625911E-002  1.659384170277095E-003  0.582590925303845       1.203375124123330E-002  5.697678508282500E-004  3.532315073155281E-003  0.583653282818005     
 first elements P      1.05075203444910       0.285881872991168       7.929198625457633E-002 -2.312982327581031E-002  1.659384170314860E-003  0.582590925303371       1.203375124100312E-002  5.697678508020993E-004  3.532315073481421E-003  0.583653282817810     
 Sparsity of Pref:
   dimension                                   19875
   nonzero elements                        197546897
   sparsity                     0.500098944187334     
   average elements per column                  9939
 Sparsity of P:
   dimension                                   19875
   nonzero elements                        109608563
   sparsity                     0.277479056682884     
   average elements per column                  5514
 maximal deviation in density matrix  1.949837534770094E-003             151136155  1.732408633350122E-003 -2.174289014199724E-004
 MSE of density matrix  7.300609591233987E-011
 Inf-norm of density matrix  1.949837534770094E-003
 Tr(H Pref)=  -16756.2432074124     
 Tr(H P)=  -16756.2429618434     
 energy deviation abs(Tr(H P)-Tr(H Pref))=  2.455689937050920E-004
 energy deviation per atom abs(Tr(H P)-Tr(H Pref))/n=  1.126980237288169E-007
nel: 6263, nel_calc:      6262.99987804
 nel in P=   6262.99987803999      required nel=                  6263
 idempotency deviation  0.153879769848739       9.999999776482582E-003
 Error: density matrix is not idempotent.
 D4 dispersion energy      :     -0.530017

     ------  PTB results ------
  # element  Z   pop.                shell populations
    1     N   5.0  0.31788547       0.75158978  0.30468163  2.51523519  0.90281361  0.20779433
    2     C   4.0  0.01674553       0.63534868  0.26961032  2.01175570  0.69897082  0.36756895
    3     C   4.0  0.04197668       0.62034672  0.23511951  1.81679451  0.62429334  0.66146923
    4     O   6.0 -0.23609616       1.15590310  0.36239839  3.57194746  0.99472526  0.15112196
    5     C   4.0 -0.03016712       0.63090914  0.26969406  1.95696807  0.69682787  0.47576797
    6     O   6.0 -0.18753342       1.11563528  0.39891690  3.53348559  1.05014983  0.08934582
    7     C   4.0 -0.22316682       0.64934039  0.30056947  2.18606317  0.83096597  0.25622782
    8     N   5.0  0.12857806       0.79971266  0.29106581  2.68086660  0.88243908  0.21733779
    9     C   4.0 -0.01715507       0.62281150  0.26578280  1.99227172  0.71132421  0.42496484
   10     C   4.0 -0.02447800       0.63152343  0.24274945  1.83927757  0.64715067  0.66377688
   11     O   6.0 -0.32453376       1.15567529  0.43576333  3.59531045  1.05500388  0.08278081
   12     C   4.0 -0.15043561       0.63212216  0.28350011  2.12154269  0.77389124  0.33937941
   13     C   4.0 -0.15546585       0.64053029  0.28736821  2.13195229  0.78428666  0.31132841
   14     C   4.0 -0.09912567       0.63941640  0.24565181  1.79817468  0.65452668  0.76135610
   15     O   6.0 -0.45895257       1.17493677  0.44896775  3.66675198  1.08620882  0.08208724
   16     O   6.0 -0.44215996       1.17508829  0.45025930  3.64622128  1.08935687  0.08123422
   17     N   5.0  0.09891643       0.80237156  0.29232949  2.69571376  0.89225689  0.21841187
   18     C   4.0 -0.02739026       0.62106395  0.26419660  1.99996185  0.71059585  0.43157201
   19     C   4.0 -0.00552746       0.62319243  0.23867132  1.83884275  0.63760339  0.66721758
   20     O   6.0 -0.29985638       1.15819967  0.42188618  3.60304976  1.03248191  0.08423887
   21     C   4.0 -0.14436166       0.63103420  0.28273162  2.11893690  0.77078550  0.34087345
   22     C   4.0 -0.15118659       0.63711339  0.28522214  2.13343734  0.78158911  0.31382461
   23     C   4.0 -0.11164223       0.63440341  0.24556129  1.80363566  0.65900417  0.76903771
   24     O   6.0 -0.45854751       1.17267954  0.44666845  3.67457473  1.08185273  0.08277205
   25     O   6.0 -0.42324389       1.16842031  0.44580317  3.64852154  1.07894853  0.08155034
   26     N   5.0  0.11283606       0.79844970  0.28873047  2.70147657  0.87668085  0.22182634
   27     C   4.0  0.04311938       0.61810768  0.26042837  1.97735924  0.68170880  0.41927654
   28     C   4.0 -0.33107290       0.57795990  0.19683012  2.10439181  0.58119479  0.87069628
   29     O   6.0 -0.39148823       1.15112305  0.41116762  3.73154151  1.00703022  0.09062583
   30     C   4.0 -0.10584374       0.62624449  0.27784070  2.10515666  0.76614983  0.33045206
   31     C   4.0 -0.12511751       0.62858623  0.28058118  2.12009794  0.77477491  0.32107725
   32     C   4.0 -0.05095997       0.63320625  0.24379320  1.85247463  0.64995776  0.67152813
   33     O   6.0 -0.37980460       1.16017044  0.43901896  3.63062525  1.06426603  0.08572393
   34     N   5.0  0.07355172       0.81006992  0.31342423  2.70185637  0.94477966  0.15631809
   35     N   5.0  0.20552016       0.71098524  0.23592561  2.67836994  0.75717647  0.41202257
   36     C   4.0  0.06018836       0.61941099  0.26001170  1.98223019  0.69227934  0.38587942
   37     C   4.0 -0.00717571       0.62129700  0.23922314  1.83024544  0.64376500  0.67264513
   38     O   6.0 -0.28976301       1.15990043  0.41754329  3.59384036  1.03223670  0.08624223
   39     C   4.0 -0.10090410       0.62522286  0.26818052  2.07839441  0.73399845  0.39510786
   40     C   4.0 -0.17817318       0.63063169  0.27966833  2.14248586  0.77114663  0.35424068
   41     C   4.0 -0.20183676       0.64070445  0.29375505  2.16624552  0.83624139  0.26489034
   42     C   4.0 -0.19560350       0.63723582  0.28572884  2.21456528  0.79367273  0.26440083
   43     N   5.0  0.10577519       0.80108017  0.28928766  2.70366609  0.88169891  0.21849199
   44     C   4.0 -0.03491642       0.61880267  0.26446095  2.00465930  0.70988561  0.43710789
   45     C   4.0 -0.01686236       0.62726074  0.23971684  1.84044218  0.64394188  0.66550072
   46     O   6.0 -0.32133406       1.15844214  0.42955747  3.59753573  1.05216265  0.08363607
   47     C   4.0 -0.19121777       0.64182115  0.29541439  2.16599083  0.82773356  0.26025784
   48     N   5.0  0.11174941       0.79758042  0.28924939  2.69863683  0.88195282  0.22083112
   49     C   4.0 -0.02368880       0.61843115  0.26340315  1.99848974  0.70845011  0.43491466
   50     C   4.0 -0.01118554       0.62630308  0.23969550  1.83964258  0.64350905  0.66203533
   51     O   6.0 -0.29503744       1.15632224  0.42866254  3.57862425  1.04676163  0.08466678
   52     C   4.0 -0.14345406       0.62545323  0.27761975  2.12500399  0.76687567  0.34850142
   53     C   4.0 -0.16120176       0.63157183  0.27982444  2.14611328  0.77801372  0.32567850
   54     C   4.0 -0.10166463       0.63429350  0.24324040  1.80295262  0.65151846  0.76965965
   55     O   6.0 -0.44021753       1.17206776  0.44717190  3.65575838  1.08337134  0.08184815
   56     O   6.0 -0.45209391       1.17414045  0.44913819  3.65925753  1.08676475  0.08279298
   57     N   5.0  0.15137577       0.79814172  0.28987896  2.66496581  0.87752613  0.21811161
   58     C   4.0  0.00146192       0.61943072  0.26286432  1.98477548  0.70740730  0.42406026
   59     C   4.0  0.00765289       0.62385714  0.23866975  1.83025193  0.64305535  0.65651293
   60     O   6.0 -0.23856255       1.15479302  0.42132059  3.54730427  1.03071812  0.08442654
   61     C   4.0 -0.10134773       0.62233847  0.27328089  2.08996642  0.77617392  0.33958803
   62     C   4.0 -0.04768821       0.63316977  0.25476226  2.03253728  0.72276196  0.40445694
   63     C   4.0 -0.07160455       0.64789289  0.27432483  2.07159895  0.75356747  0.32422040
   64     C   4.0 -0.06291720       0.64621156  0.27403158  2.06508726  0.75393854  0.32364826
   65     C   4.0 -0.07513673       0.64781666  0.27659872  2.06309861  0.76226422  0.32535852
   66     C   4.0 -0.07433753       0.64967287  0.27694467  2.06078929  0.76246233  0.32446838
   67     C   4.0 -0.08117646       0.64867991  0.27633005  2.06742346  0.76404472  0.32469831
   68     N   5.0  0.16803026       0.79777664  0.28779706  2.65295041  0.87380901  0.21963662
   69     C   4.0 -0.00053794       0.61639154  0.26222217  1.98598629  0.70756921  0.42836872
   70     C   4.0  0.00362972       0.62440217  0.23819298  1.83326542  0.64241873  0.65809099
   71     O   6.0 -0.25663555       1.15544903  0.42969212  3.54532397  1.04286382  0.08330661
   72     C   4.0 -0.13368808       0.62546778  0.27711824  2.12101674  0.76699232  0.34309302
   73     C   4.0 -0.13915749       0.62141389  0.27531090  2.13270849  0.76426028  0.34546393
   74     C   4.0 -0.15252209       0.62946147  0.28177068  2.13502127  0.76813066  0.33813802
   75     C   4.0 -0.07990073       0.63840431  0.28337055  2.08179849  0.73449537  0.34183200
   76     N   5.0  0.31437070       0.75053197  0.30853832  2.51118231  0.90916750  0.20620920
   77     N   5.0  0.17177214       0.79740107  0.28864503  2.64698219  0.87559050  0.21960906
   78     C   4.0 -0.01359046       0.61698341  0.26222518  1.99334383  0.70832279  0.43271524
   79     C   4.0  0.02879292       0.62536299  0.23894466  1.82460690  0.64181434  0.64047819
   80     O   6.0 -0.23761619       1.16194355  0.42433769  3.53101885  1.03584680  0.08446930
   81     C   4.0 -0.13931312       0.62751555  0.27846801  2.12010050  0.76740520  0.34582386
   82     C   4.0 -0.15927101       0.63304555  0.28094083  2.14489305  0.77495946  0.32543211
   83     C   4.0 -0.10502322       0.63411003  0.24266735  1.80474526  0.65205909  0.77144149
   84     O   6.0 -0.45721220       1.17357075  0.44811028  3.66890740  1.08386865  0.08275511
   85     O   6.0 -0.43792360       1.17282403  0.44879171  3.64836216  1.08591956  0.08202615
   86     N   5.0  0.26490637       0.79901540  0.28937942  2.56568289  0.86390591  0.21711002
   87     C   4.0  0.00505172       0.61864543  0.26466596  1.98490018  0.70462354  0.42211318
   88     C   4.0  0.04040067       0.62542653  0.23886466  1.82147163  0.64355096  0.63028554
   89     O   6.0 -0.15666171       1.15253031  0.42930770  3.46751368  1.02516064  0.08214938
   90     C   4.0 -0.17626862       0.63878703  0.29235142  2.15639991  0.83159143  0.25713883
   91     N   5.0  0.33092876       0.79455304  0.28814501  2.51444525  0.85518137  0.21674658
   92     C   4.0  0.04386786       0.62137014  0.26359704  1.95500356  0.70929995  0.40686145
   93     C   4.0  0.04523768       0.62396550  0.24029472  1.81066793  0.64284588  0.63698828
   94     O   6.0 -0.17492334       1.15852249  0.42011327  3.49108338  1.02130839  0.08389581
   95     C   4.0 -0.09761954       0.62210226  0.27442297  2.08819491  0.77575687  0.33714254
   96     C   4.0 -0.04318172       0.63503540  0.25740123  2.02792233  0.72667186  0.39615091
   97     C   4.0 -0.07180462       0.65109468  0.27716368  2.06329292  0.75868672  0.32156662
   98     C   4.0 -0.05077764       0.64520466  0.27495992  2.05785888  0.75328918  0.31946500
   99     C   4.0 -0.07837054       0.64985472  0.27852452  2.06285018  0.76452109  0.32262003
  100     C   4.0 -0.05753342       0.64559919  0.27736291  2.05498689  0.76161218  0.31797224
  101     C   4.0 -0.07055578       0.64934325  0.27736679  2.05748045  0.76568751  0.32067778
  102     N   5.0  0.22721378       0.79626089  0.28923517  2.59961975  0.87030944  0.21736096
  103     C   4.0  0.00098779       0.62336600  0.26500747  1.99060124  0.70753346  0.41250404
  104     C   4.0 -0.00664688       0.62714744  0.24212319  1.83667952  0.64512785  0.65556889
  105     O   6.0 -0.24681535       1.15523160  0.43575045  3.52286005  1.04997069  0.08300256
  106     C   4.0 -0.06746126       0.63299537  0.28006372  2.00415355  0.72208557  0.42816306
  107     O   6.0 -0.19913554       1.10801303  0.40592876  3.53740430  1.05401278  0.09377667
  108     N   5.0  0.17315189       0.79852647  0.28895977  2.64305538  0.87553474  0.22077175
  109     C   4.0 -0.00111775       0.62154907  0.26534802  1.98181736  0.71152782  0.42087547
  110     C   4.0  0.07619818       0.62749797  0.23922177  1.80872524  0.63924661  0.60911023
  111     O   6.0 -0.15935003       1.15927279  0.42685983  3.46009946  1.02915320  0.08396476
  112     C   4.0 -0.13412314       0.63058203  0.27838990  2.11622423  0.77421276  0.33471421
  113     C   4.0 -0.13853456       0.61846119  0.26671183  2.10139644  0.74019611  0.41176899
  114     C   4.0 -0.20940614       0.64171892  0.29696435  2.17280626  0.83248536  0.26543124
  115     C   4.0 -0.22521925       0.64459026  0.29844555  2.18185675  0.83214773  0.26817895
  116     N   5.0  0.44442813       0.79932296  0.29014996  2.41717649  0.83921921  0.20970326
  117     C   4.0  0.09410651       0.62185389  0.26411745  1.91595590  0.70681745  0.39714880
  118     C   4.0  0.09444264       0.62328786  0.23741692  1.78843248  0.64150552  0.61491458
  119     O   6.0 -0.00412340       1.15600562  0.42761397  3.33665228  1.00340796  0.08044357
  120     C   4.0 -0.08665606       0.62110597  0.27396446  2.07834667  0.77594131  0.33729764
  121     C   4.0 -0.02620763       0.63668185  0.25608301  2.01712453  0.71995567  0.39636256
  122     C   4.0 -0.05529141       0.64820153  0.27360886  2.05786574  0.75287308  0.32274221
  123     C   4.0 -0.05124399       0.65055472  0.27454376  2.05116951  0.75550911  0.31946689
  124     C   4.0 -0.07216937       0.65036809  0.27765301  2.05941677  0.76326519  0.32146630
  125     C   4.0 -0.06922044       0.65324956  0.27810538  2.05433851  0.76260355  0.32092344
  126     C   4.0 -0.06503440       0.65672088  0.28009129  2.04772538  0.76029307  0.32020380
  127     N   5.0  0.21883837       0.79191136  0.28802907  2.60237479  0.88241419  0.21643221
  128     C   4.0 -0.00193557       0.62176216  0.26442981  1.97101980  0.71716060  0.42756321
  129     C   4.0 -0.00403200       0.63350070  0.24325444  1.82515585  0.65024985  0.65187116
  130     O   6.0 -0.28842038       1.15701985  0.43247566  3.57011712  1.04499117  0.08381659
  131     C   4.0 -0.08520286       0.63007647  0.27816564  2.10091901  0.78054500  0.29549675
  132     C   4.0 -0.00411799       0.62006819  0.23938538  1.74386653  0.65191840  0.74887948
  133     O   6.0 -0.50691357       1.16849756  0.42294842  3.71474504  1.10913473  0.09158781
  134     O   6.0 -0.31430247       1.17435443  0.42735726  3.58912337  1.04677987  0.07668754
  135     N   5.0  0.14349716       0.80144340  0.29061145  2.65306860  0.89413074  0.21724865
  136     C   4.0 -0.02540584       0.62048274  0.26257434  2.00200230  0.70912816  0.43121829
  137     C   4.0 -0.01743831       0.62774110  0.24110371  1.83459336  0.64475736  0.66924278
  138     O   6.0 -0.33669851       1.15819693  0.43742868  3.60021400  1.05676818  0.08409072
  139     C   4.0 -0.13543944       0.62728387  0.27766985  2.12003034  0.76668915  0.34376622
  140     C   4.0 -0.14193202       0.62290597  0.27619100  2.13023525  0.76666264  0.34593716
  141     C   4.0 -0.16406764       0.62701964  0.27845830  2.15276212  0.76128866  0.34453893
  142     C   4.0 -0.07018721       0.63382530  0.27900666  2.08230251  0.73245303  0.34259971
  143     N   5.0  0.33136335       0.74610078  0.30293199  2.50756931  0.90581337  0.20622119
  144     N   5.0  0.11256013       0.79982299  0.29269439  2.68525910  0.89285704  0.21680634
  145     C   4.0 -0.01721983       0.62118936  0.26454204  1.98850816  0.70725159  0.43572868
  146     C   4.0 -0.03617947       0.63056725  0.24048473  1.85033274  0.63957523  0.67521952
  147     O   6.0 -0.34150851       1.15739608  0.43696722  3.60215604  1.05929115  0.08569801
  148     C   4.0 -0.13345405       0.63583523  0.28264529  2.12612200  0.77342944  0.31542210
  149     C   4.0 -0.08583739       0.62579811  0.24324869  1.78123823  0.66653173  0.76902065
  150     O   6.0 -0.41961780       1.17311692  0.44191638  3.63819420  1.08676225  0.07962804
  151     O   6.0 -0.44965508       1.16927385  0.44067791  3.64771485  1.10976312  0.08222534
  152     N   5.0  0.11462280       0.79588395  0.29386520  2.67688024  0.89889437  0.21985343
  153     C   4.0 -0.07611451       0.62638396  0.27788010  2.05317432  0.75179644  0.36687969
  154     C   4.0 -0.02490103       0.62669396  0.24192205  1.83998358  0.64517735  0.67112409
  155     O   6.0 -0.34195983       1.15824306  0.43866387  3.60093462  1.05996582  0.08415246
  156     N   5.0  0.10016945       0.80088139  0.29219207  2.69598454  0.89328736  0.21748519
  157     C   4.0 -0.01689824       0.62340868  0.26759952  1.98577404  0.71106066  0.42905535
  158     C   4.0 -0.03344484       0.63346517  0.24202143  1.84667593  0.64203414  0.66924817
  159     O   6.0 -0.35331172       1.15954280  0.43901277  3.60715103  1.06230006  0.08530506
  160     C   4.0 -0.10446061       0.63451684  0.28357410  2.10637140  0.77680957  0.30318869
  161     C   4.0 -0.02043282       0.62147754  0.23925129  1.75630197  0.65012762  0.75327440
  162     O   6.0 -0.50781487       1.16969597  0.41978219  3.71700406  1.10575461  0.09557803
  163     O   6.0 -0.29757986       1.17182422  0.43194020  3.56548536  1.05019915  0.07813094
  164     N   5.0  0.09933946       0.79711372  0.29159129  2.70442152  0.88742474  0.22010928
  165     C   4.0 -0.05406417       0.63103849  0.28029776  2.03658193  0.74689119  0.35925480
  166     C   4.0 -0.02511625       0.62599820  0.24077334  1.84316376  0.64522478  0.66995617
  167     O   6.0 -0.32734753       1.15368497  0.43359825  3.60014641  1.05584285  0.08407505
  168     N   5.0  0.10777269       0.79878509  0.28890383  2.69076693  0.89298189  0.22078957
  169     C   4.0  0.00638300       0.62597257  0.26497620  1.98236340  0.71393365  0.40637118
  170     C   4.0  0.02913118       0.61908185  0.23565538  1.81448001  0.64131585  0.66033573
  171     O   6.0 -0.44974582       1.15291643  0.42058256  3.69022167  1.09155363  0.09447153
  172     C   4.0 -0.00693905       0.63533098  0.26877141  1.93478179  0.70222552  0.46582936
  173     O   6.0 -0.23251194       1.11703134  0.39752737  3.56976712  1.05756089  0.09062523
  174     C   4.0 -0.21007708       0.64248705  0.29567575  2.18012661  0.83562341  0.25616426
  175     N   5.0  0.18750329       0.79047179  0.28730446  2.63951904  0.88069063  0.21451079
  176     C   4.0 -0.01203417       0.62063432  0.26081964  1.98906428  0.70823458  0.43328135
  177     C   4.0 -0.00175586       0.62969130  0.23963094  1.82655692  0.64418139  0.66169531
  178     O   6.0 -0.31455560       1.15634370  0.42643160  3.60671914  1.04117906  0.08388211
  179     C   4.0 -0.09828079       0.62153214  0.26427731  2.07908404  0.72900335  0.40438395
  180     C   4.0 -0.15321627       0.62917119  0.27632555  2.12785482  0.77601783  0.34384687
  181     C   4.0 -0.18758052       0.63678181  0.28749844  2.16438669  0.83238304  0.26653054
  182     C   4.0 -0.18928544       0.63696563  0.29030576  2.16335255  0.83482526  0.26383624
  183     N   5.0  0.13107067       0.79589325  0.28964028  2.67682409  0.88816732  0.21840439
  184     C   4.0 -0.01207966       0.62497723  0.26340574  1.99611837  0.71117522  0.41640310
  185     C   4.0 -0.01311949       0.62612873  0.23906246  1.83478338  0.64422512  0.66891980
  186     O   6.0 -0.30667860       1.15820801  0.42494652  3.59445441  1.04442343  0.08464624
  187     C   4.0 -0.02193706       0.63131434  0.26738927  1.94847226  0.70193893  0.47282226
  188     O   6.0 -0.19806993       1.11458147  0.39407197  3.55439544  1.04544416  0.08957690
  189     C   4.0 -0.20674923       0.64470041  0.29650596  2.17334676  0.83334634  0.25884977
  190     N   5.0  0.12091506       0.79842699  0.29025507  2.68830264  0.88384992  0.21825033
  191     C   4.0  0.01401367       0.62390637  0.26426047  1.97670299  0.71368445  0.40743204
  192     C   4.0 -0.00155243       0.62527448  0.23841371  1.83218986  0.64206302  0.66361137
  193     O   6.0 -0.27350694       1.16137087  0.41918582  3.57507539  1.03100878  0.08686608
  194     C   4.0 -0.01082364       0.63040030  0.26767522  1.94200826  0.70085992  0.46987995
  195     O   6.0 -0.22777921       1.11783111  0.40013912  3.56738353  1.05238461  0.09004084
  196     C   4.0 -0.19725104       0.64019066  0.29091206  2.17690784  0.83597749  0.25326298
  197     N   5.0  0.13644447       0.79833639  0.28870934  2.67685640  0.87994143  0.21971197
  198     C   4.0 -0.02105359       0.61979848  0.26279181  1.99610615  0.71149585  0.43086130
  199     C   4.0 -0.00724034       0.62368041  0.23765451  1.84150839  0.64245909  0.66193794
  200     O   6.0 -0.26676363       1.15381062  0.42766351  3.55602121  1.04402325  0.08524505
  201     C   4.0 -0.14484114       0.63095605  0.28092691  2.12359709  0.77330090  0.33606019
  202     C   4.0 -0.15236471       0.63003027  0.28304115  2.12768769  0.77208291  0.33952269
  203     C   4.0 -0.16074470       0.62892324  0.28168413  2.14028782  0.77163741  0.33821210
  204     C   4.0 -0.09132134       0.63704407  0.28227529  2.09868485  0.72878495  0.34453218
  205     N   5.0  0.31573043       0.74713701  0.30340505  2.51415169  0.91200948  0.20756634
  206     N   5.0  0.19189680       0.79562688  0.28748417  2.63270426  0.87111059  0.22117731
  207     C   4.0  0.00204059       0.61764175  0.26156059  1.98334420  0.70772170  0.42769118
  208     C   4.0  0.04005032       0.62507105  0.23876305  1.81930155  0.64195541  0.63485863
  209     O   6.0 -0.20145398       1.15619373  0.42408684  3.50692725  1.03036430  0.08388185
  210     C   4.0 -0.10948918       0.62496877  0.27493134  2.10277909  0.76918305  0.33762693
  211     C   4.0 -0.10873467       0.62822515  0.27800009  2.11192727  0.77621473  0.31436743
  212     C   4.0 -0.01948811       0.61757845  0.24189740  1.74876714  0.66725133  0.74399379
  213     O   6.0 -0.40342962       1.17275870  0.43090501  3.62022150  1.09963021  0.07991421
  214     O   6.0 -0.44179827       1.17477953  0.42850566  3.64073122  1.11031061  0.08747125
  215     N   5.0  0.30497279       0.79614413  0.28950450  2.53691304  0.85810396  0.21436159
  216     C   4.0  0.02531350       0.61865133  0.26278570  1.97074044  0.70854487  0.41396417
  217     C   4.0  0.03729907       0.62484288  0.23801535  1.81430513  0.64075448  0.64478309
  218     O   6.0 -0.20482099       1.15800726  0.41506734  3.52192259  1.02310243  0.08672136
  219     C   4.0 -0.12061367       0.62873048  0.27476180  2.10910553  0.77477963  0.33323624
  220     C   4.0 -0.12292428       0.61989063  0.26599246  2.08994609  0.73976099  0.40733410
  221     C   4.0 -0.19838114       0.63864392  0.29047567  2.17096370  0.83532423  0.26297362
  222     C   4.0 -0.19112224       0.63799787  0.28922969  2.16373158  0.83582695  0.26433616
  223     N   5.0  0.24031232       0.79428136  0.29088828  2.59246129  0.86948910  0.21256765
  224     C   4.0 -0.02351151       0.62690812  0.27698889  2.02055740  0.75007698  0.34898011
  225     C   4.0  0.00619475       0.62652528  0.24092369  1.82345951  0.64887400  0.65402278
  226     O   6.0 -0.28465395       1.16046727  0.42129755  3.57398534  1.04296586  0.08593794
  227     N   5.0  0.15736647       0.79861546  0.29089957  2.65207142  0.88519475  0.21585233
  228     C   4.0 -0.00183865       0.62454605  0.26490599  1.98822552  0.71089409  0.41326699
  229     C   4.0 -0.01619413       0.62430465  0.23943679  1.83668649  0.64640687  0.66935933
  230     O   6.0 -0.31389453       1.15543008  0.42720932  3.59694910  1.04895878  0.08534725
  231     C   4.0 -0.03711589       0.62658602  0.26460764  1.95847195  0.70231961  0.48513067
  232     O   6.0 -0.21688386       1.11649644  0.39963311  3.55478525  1.05480501  0.09116404
  233     C   4.0 -0.21318694       0.64321434  0.29581735  2.18155742  0.83390093  0.25869691
  234     N   5.0  0.14340809       0.79583466  0.29000211  2.66812497  0.88672853  0.21590164
  235     C   4.0 -0.00662611       0.62516224  0.26409349  1.98614222  0.70977648  0.42145168
  236     C   4.0  0.00004701       0.62228036  0.23824324  1.83435744  0.64016110  0.66491086
  237     O   6.0 -0.27222384       1.15990031  0.41207525  3.59085488  1.02028358  0.08910982
  238     C   4.0 -0.10551904       0.62057644  0.26526758  2.08143049  0.73538676  0.40285776
  239     C   4.0 -0.18953136       0.63881320  0.29043421  2.16543895  0.82683639  0.26800860
  240     C   4.0 -0.19335288       0.63617241  0.28833038  2.17244440  0.82893518  0.26747051
  241     N   5.0  0.14154929       0.79137027  0.28733179  2.68526387  0.87683943  0.21764535
  242     C   4.0 -0.02686939       0.61926460  0.26220822  1.99770617  0.71323386  0.43445653
  243     C   4.0 -0.01595249       0.62353116  0.23980817  1.83695948  0.64663281  0.66902087
  244     O   6.0 -0.31808084       1.15470612  0.42496741  3.61452961  1.03929722  0.08458048
  245     C   4.0 -0.14086421       0.62884784  0.27684727  2.11246502  0.78457937  0.33812471
  246     C   4.0 -0.23754355       0.65672779  0.29904526  2.04042101  0.87154332  0.36980616
  247     S   6.0  0.27638769       1.07661188  0.41624299  3.12206370  0.89775690  0.21093684
  248     C   4.0 -0.31858268       0.66392523  0.31500241  2.09333920  0.93739396  0.30892187
  249     N   5.0  0.12354792       0.79477078  0.28951797  2.69371408  0.88225538  0.21619388
  250     C   4.0 -0.01971943       0.61991096  0.26445597  1.99103540  0.71311450  0.43120259
  251     C   4.0 -0.02038213       0.62887639  0.24230565  1.84253728  0.64211774  0.66454507
  252     O   6.0 -0.33177707       1.15871692  0.43151826  3.60640013  1.04948941  0.08565236
  253     C   4.0 -0.13916353       0.63149810  0.28097117  2.12010682  0.77307498  0.33351246
  254     C   4.0 -0.15350569       0.63112873  0.27941307  2.13504231  0.77480383  0.33311775
  255     C   4.0 -0.09965840       0.62980604  0.28095490  2.05368358  0.74176612  0.39344776
  256     N   5.0  0.06189602       0.79225296  0.29661772  2.74766773  0.89936054  0.20220504
  257     C   4.0 -0.04511881       0.61677015  0.23095667  1.89824659  0.63941699  0.65972841
  258     N   5.0  0.06071824       0.79757011  0.30969054  2.74569970  0.94196439  0.14435702
  259     N   5.0  0.05934491       0.79684073  0.31115264  2.74598014  0.94134191  0.14533968
  260     N   5.0  0.10591617       0.80053794  0.29170126  2.70170450  0.88234943  0.21779069
  261     C   4.0 -0.02702596       0.62590271  0.26755321  2.00174546  0.71270539  0.41911918
  262     C   4.0 -0.03398825       0.62926364  0.24245331  1.84398454  0.64469774  0.67358902
  263     O   6.0 -0.34180575       1.15712333  0.43775040  3.59912002  1.06250834  0.08530366
  264     C   4.0 -0.06452045       0.63643950  0.28372052  1.99666953  0.72548789  0.42220301
  265     O   6.0 -0.20224952       1.10410655  0.39759275  3.56577802  1.04244313  0.09232908
  266     N   5.0  0.10059280       0.80036098  0.29070660  2.70845854  0.88292167  0.21695941
  267     C   4.0 -0.01952042       0.61984563  0.26476985  1.99482602  0.71111329  0.42896564
  268     C   4.0 -0.02780763       0.62782812  0.23993720  1.84842664  0.64059560  0.67102007
  269     O   6.0 -0.34097724       1.15744781  0.43456721  3.60654938  1.05727765  0.08513518
  270     C   4.0 -0.14825194       0.62998229  0.27519056  2.13383275  0.76934129  0.33990504
  271     C   4.0 -0.15132937       0.61848652  0.26806638  2.11183155  0.73302877  0.41991615
  272     C   4.0 -0.21769823       0.64049226  0.29411334  2.18181968  0.82987389  0.27139906
  273     C   4.0 -0.20789616       0.64246666  0.29536298  2.17320281  0.83048797  0.26637574
  274     N   5.0  0.10318423       0.79466808  0.29382497  2.70258993  0.88600194  0.21973085
  275     C   4.0 -0.07096002       0.63047725  0.28045830  2.05049074  0.74335296  0.36618077
  276     C   4.0 -0.03698155       0.62974036  0.24040073  1.84867191  0.64275740  0.67541114
  277     O   6.0 -0.34595831       1.15706742  0.43855128  3.60427034  1.06041819  0.08565109
  278     N   5.0  0.11424970       0.79900467  0.29124036  2.69014931  0.88891065  0.21644530
  279     C   4.0 -0.02828764       0.62042630  0.26413110  2.00170958  0.71134514  0.43067553
  280     C   4.0 -0.01010001       0.62613755  0.23772846  1.83748907  0.64139235  0.66735257
  281     O   6.0 -0.33785447       1.16142094  0.42536739  3.61920297  1.04582316  0.08604001
  282     C   4.0 -0.13088443       0.62869865  0.27874130  2.11363852  0.77241725  0.33738871
  283     C   4.0 -0.12304433       0.63136941  0.28164130  2.11883646  0.77494642  0.31625073
  284     C   4.0 -0.05670528       0.63399625  0.24540055  1.85347986  0.65294982  0.67087880
  285     O   6.0 -0.37343122       1.16111076  0.44232395  3.61274838  1.07185930  0.08538883
  286     N   5.0  0.06083351       0.80866957  0.31406930  2.71881753  0.93991056  0.15769953
  287     N   5.0  0.12323738       0.79694855  0.29123461  2.67986304  0.88764197  0.22107445
  288     C   4.0 -0.04637751       0.61642754  0.26019517  2.01853341  0.70638569  0.44483571
  289     C   4.0 -0.01216677       0.63012868  0.24012457  1.83749944  0.63622542  0.66818866
  290     O   6.0 -0.32548372       1.15975595  0.43621978  3.59004402  1.05536199  0.08410199
  291     C   4.0 -0.12249254       0.63656652  0.28232101  2.12239164  0.76988046  0.31133291
  292     C   4.0 -0.04649658       0.63256609  0.24131539  1.85036486  0.64546037  0.67678986
  293     O   6.0 -0.37335312       1.15998375  0.44286698  3.61313701  1.07038546  0.08697993
  294     N   5.0  0.08485576       0.80716985  0.30782139  2.70897847  0.93522704  0.15594748
  295     N   5.0  0.08802691       0.81429535  0.27703193  2.68770301  0.86060721  0.27233559
  296     C   4.0 -0.03563089       0.62690020  0.26443347  2.00729042  0.70542619  0.43158061
  297     C   4.0 -0.00905065       0.63428217  0.24450222  1.82765502  0.64758503  0.65502621
  298     O   6.0 -0.34721572       1.16266572  0.43956524  3.59517992  1.06781244  0.08199239
  299     C   4.0 -0.11693872       0.62850964  0.27907014  2.12152404  0.75560467  0.33223024
  300     C   4.0 -0.13433423       0.62503171  0.27716315  2.14408875  0.75368272  0.33436791
  301     C   4.0 -0.07383815       0.63058257  0.27768964  2.05638564  0.73233952  0.37684079
  302     N   5.0  0.11034050       0.79679972  0.29007685  2.69254714  0.89121643  0.21901936
  303     C   4.0 -0.01908421       0.62589949  0.26611552  2.00294584  0.70915192  0.41497144
  304     C   4.0 -0.01897467       0.62712938  0.23934767  1.83697814  0.64338435  0.67213514
  305     O   6.0 -0.31899589       1.15834737  0.42365897  3.60997236  1.04150000  0.08551720
  306     C   4.0 -0.03201158       0.62767625  0.26772758  1.95601910  0.70073906  0.47984959
  307     O   6.0 -0.19868195       1.11541951  0.39429334  3.55782056  1.04176128  0.08938726
  308     C   4.0 -0.22363914       0.64476681  0.29935265  2.19148791  0.82812154  0.25991024
  309     N   5.0  0.09479603       0.80097544  0.29211879  2.70485061  0.88934788  0.21791124
  310     C   4.0 -0.02033382       0.62273490  0.26519054  1.99155116  0.71211056  0.42874665
  311     C   4.0 -0.02072124       0.62833226  0.24103370  1.83735120  0.64555649  0.66844758
  312     O   6.0 -0.30230936       1.15590739  0.42893538  3.58113229  1.05209750  0.08423679
  313     C   4.0 -0.14510414       0.63067114  0.28234753  2.11723685  0.77335785  0.34149076
  314     C   4.0 -0.16211561       0.63812816  0.28491485  2.13800740  0.78150119  0.31956400
  315     C   4.0 -0.10626921       0.63370711  0.24492019  1.80146354  0.65833761  0.76784076
  316     O   6.0 -0.43465230       1.17020774  0.44577283  3.65539205  1.08238354  0.08089614
  317     O   6.0 -0.42991407       1.16878867  0.44217536  3.66638625  1.07042736  0.08213644
  318     N   5.0  0.08499783       0.80412114  0.29219979  2.70623958  0.89252925  0.21991242
  319     C   4.0 -0.03733040       0.62436742  0.26831254  2.00260687  0.71278583  0.42925774
  320     C   4.0 -0.03657945       0.62703103  0.23970589  1.84971488  0.64398712  0.67614053
  321     O   6.0 -0.30580128       1.15137780  0.43059909  3.58729708  1.05106771  0.08545959
  322     C   4.0 -0.20059078       0.64658958  0.30074587  2.16478193  0.83160397  0.25686943
  323     N   5.0  0.10030377       0.79869372  0.28948474  2.70434642  0.88644648  0.22072488
  324     C   4.0 -0.02268024       0.61923021  0.26350749  1.99823850  0.70879188  0.43291216
  325     C   4.0 -0.01743754       0.62439191  0.23866990  1.84052676  0.64286448  0.67098448
  326     O   6.0 -0.30586981       1.15509605  0.42226738  3.60285103  1.03925571  0.08639964
  327     C   4.0 -0.13952571       0.62658024  0.27759668  2.12581164  0.77037637  0.33916078
  328     C   4.0 -0.15730175       0.63370705  0.28200248  2.14431989  0.77732444  0.31994789
  329     C   4.0 -0.08784521       0.62919044  0.24040942  1.79764992  0.64899595  0.77159948
  330     O   6.0 -0.43693180       1.17306852  0.44719821  3.65061533  1.08351439  0.08253534
  331     O   6.0 -0.42380727       1.17458844  0.43111554  3.67454505  1.05937701  0.08418123
  332     N   5.0  0.11880000       0.79782069  0.28980786  2.69136083  0.88467962  0.21753101
  333     C   4.0 -0.01318616       0.61797398  0.26225501  1.99243593  0.70853192  0.43198932
  334     C   4.0 -0.01415132       0.62451386  0.23932503  1.83724046  0.64567724  0.66739473
  335     O   6.0 -0.29680227       1.15481699  0.42623153  3.58594656  1.04660118  0.08320601
  336     C   4.0 -0.13275298       0.62629652  0.27291515  2.11936897  0.77112311  0.34304923
  337     C   4.0 -0.12847842       0.62116361  0.26626495  2.09639120  0.73701136  0.40764731
  338     C   4.0 -0.18884797       0.64016747  0.29018608  2.16659379  0.82971257  0.26218805
  339     C   4.0 -0.18976006       0.63746178  0.28815553  2.16865867  0.83412385  0.26136023
  340     N   5.0  0.11768756       0.79617405  0.28898856  2.69384885  0.88315320  0.22014778
  341     C   4.0 -0.01740963       0.61858612  0.26214805  1.99437273  0.70938750  0.43291523
  342     C   4.0 -0.01040337       0.62604076  0.23962325  1.83820599  0.64174831  0.66478506
  343     O   6.0 -0.29310639       1.15573692  0.42304489  3.58833587  1.04051074  0.08547797
  344     C   4.0 -0.12788648       0.62711704  0.27945158  2.11217248  0.76935421  0.33979117
  345     C   4.0 -0.12538261       0.63036031  0.28161430  2.12039399  0.77220115  0.32081286
  346     C   4.0 -0.05937264       0.63204974  0.24354303  1.85814732  0.65074943  0.67488312
  347     O   6.0 -0.37429634       1.15695560  0.43862203  3.62808073  1.06368729  0.08695069
  348     N   5.0  0.09072110       0.80512351  0.30871278  2.69753528  0.94109198  0.15681535
  349     N   5.0  0.13303079       0.80118912  0.29077917  2.67344022  0.88523346  0.21632723
  350     C   4.0 -0.02237760       0.62328345  0.26616770  1.99386448  0.71185820  0.42720377
  351     C   4.0 -0.00834104       0.62769699  0.24023925  1.83841056  0.64441466  0.65757958
  352     O   6.0 -0.28777004       1.15708613  0.43199322  3.56325114  1.05174080  0.08369875
  353     C   4.0 -0.12653965       0.63684720  0.28260475  2.12104648  0.77905044  0.30699078
  354     C   4.0 -0.10081042       0.63428432  0.24388587  1.80029702  0.65262282  0.76972039
  355     O   6.0 -0.44188667       1.17344463  0.44817847  3.65065002  1.08725709  0.08235646
  356     O   6.0 -0.45220645       1.17308760  0.44680366  3.66936016  1.08061397  0.08234106
  357     N   5.0  0.17017057       0.79798472  0.28973955  2.64654005  0.87763360  0.21793151
  358     C   4.0 -0.00124563       0.62000877  0.26388678  1.98377627  0.71122895  0.42234486
  359     C   4.0  0.01925246       0.62611884  0.24008231  1.82535386  0.64404999  0.64514254
  360     O   6.0 -0.22833125       1.15543628  0.42863020  3.52411950  1.03627345  0.08387182
  361     C   4.0 -0.14910606       0.62857926  0.27670893  2.11527163  0.78574356  0.34280268
  362     C   4.0 -0.28237764       0.65383822  0.30007130  2.06812447  0.87253061  0.38781304
  363     S   6.0  0.30385843       1.06853521  0.41245976  3.09127510  0.90157765  0.22229386
  364     C   4.0 -0.34235984       0.67067122  0.32099780  2.10543770  0.93614978  0.30910334
  365     N   5.0  0.23882241       0.79791862  0.29054093  2.58518052  0.87228325  0.21525427
  366     C   4.0  0.02504598       0.62483078  0.26430845  1.96926278  0.70650719  0.41004482
  367     C   4.0  0.02547931       0.62427598  0.23942979  1.81424955  0.64360251  0.65296287
  368     O   6.0 -0.22977005       1.15990043  0.41672277  3.53970551  1.02760863  0.08583270
  369     C   4.0 -0.09127933       0.62270463  0.26553583  2.06995463  0.73589635  0.39718789
  370     C   4.0 -0.15620546       0.62471664  0.27474290  2.13414180  0.77306843  0.34953569
  371     C   4.0 -0.18646317       0.63555753  0.28780216  2.16514629  0.83046049  0.26749670
  372     C   4.0 -0.19655762       0.63592100  0.28759497  2.17428893  0.83109096  0.26766176
  373     N   5.0  0.16832645       0.79496527  0.28856114  2.65433204  0.87638456  0.21743055
  374     C   4.0 -0.01178791       0.61836261  0.26385570  1.98954970  0.71243049  0.42758942
  375     C   4.0 -0.02971894       0.62404710  0.24052845  1.84926766  0.64137638  0.67449936
  376     O   6.0 -0.28652053       1.15128136  0.43353754  3.56710196  1.04864553  0.08595415
  377     C   4.0 -0.09691944       0.63324839  0.28266293  2.09990305  0.77784988  0.30325519
  378     C   4.0 -0.03971738       0.63083327  0.24513955  1.84322399  0.65472123  0.66579934
  379     O   6.0 -0.35315189       1.15886056  0.43495980  3.62069035  1.05343774  0.08520344
  380     N   5.0  0.06890540       0.80626768  0.31211731  2.71270055  0.94246241  0.15754666
  381     N   5.0  0.12371159       0.79905474  0.29098678  2.68510669  0.88274980  0.21839040
  382     C   4.0 -0.01623790       0.62236762  0.26654163  1.98991662  0.71073520  0.42667682
  383     C   4.0 -0.01527914       0.63023531  0.24274769  1.83632112  0.64469966  0.66127536
  384     O   6.0 -0.31312814       1.15812540  0.43829438  3.57599020  1.05655792  0.08416023
  385     C   4.0 -0.14162030       0.62915730  0.28093266  2.12502521  0.76995115  0.33655396
  386     C   4.0 -0.15517284       0.63286972  0.28020316  2.14451331  0.77969450  0.31789215
  387     C   4.0 -0.09984419       0.63288379  0.24502687  1.79836810  0.65736531  0.76620013
  388     O   6.0 -0.45781289       1.17347455  0.44683903  3.67034090  1.08482620  0.08233221
  389     O   6.0 -0.42645122       1.17106843  0.44537115  3.64939177  1.07962394  0.08099593
  390     N   5.0  0.14857700       0.79694378  0.29100490  2.66314203  0.88212800  0.21820429
  391     C   4.0 -0.00053586       0.62623757  0.26481652  1.97926223  0.70971461  0.42050493
  392     C   4.0 -0.00159528       0.62993079  0.24118286  1.82961297  0.64365707  0.65721158
  393     O   6.0 -0.28785702       1.15737510  0.43363896  3.56603551  1.04784927  0.08295818
  394     C   4.0 -0.10864063       0.61958283  0.26436836  2.08438313  0.73072605  0.40958027
  395     C   4.0 -0.18520845       0.63311571  0.28585815  2.16637790  0.83171511  0.26814158
  396     C   4.0 -0.18389289       0.63612282  0.28958929  2.16970712  0.82165173  0.26682194
  397     N   5.0  0.13522265       0.79703707  0.28896442  2.67015326  0.89009753  0.21852508
  398     C   4.0 -0.02707068       0.62097007  0.26372355  1.99227232  0.71525814  0.43484661
  399     C   4.0 -0.03562746       0.62983316  0.24166526  1.84499365  0.64569412  0.67344126
  400     O   6.0 -0.32829118       1.15308666  0.43506742  3.59747517  1.05656105  0.08610088
  401     C   4.0 -0.09813801       0.63047260  0.27806124  2.10578406  0.78235845  0.30146166
  402     C   4.0 -0.04158092       0.62187767  0.24102025  1.75803500  0.66035275  0.76029524
  403     O   6.0 -0.50551849       1.17119467  0.43134177  3.70455408  1.11187711  0.08655085
  404     O   6.0 -0.35048285       1.16902554  0.43253702  3.61264944  1.05805710  0.07821375
  405     N   5.0  0.11460265       0.79949731  0.28970134  2.67644489  0.89772335  0.22203047
  406     C   4.0 -0.04801536       0.62139362  0.26642588  2.00887400  0.71661355  0.43470831
  407     C   4.0 -0.02208009       0.63071758  0.24363768  1.84069279  0.64403273  0.66299932
  408     O   6.0 -0.34142126       1.15874648  0.43868631  3.59850049  1.06135219  0.08413578
  409     C   4.0 -0.19548206       0.64479637  0.29854631  2.16436106  0.82980987  0.25796844
  410     N   5.0  0.09952154       0.80276150  0.29333007  2.69719326  0.89032546  0.21686817
  411     C   4.0 -0.03311187       0.62046313  0.26525086  2.00129098  0.71046539  0.43564151
  412     C   4.0 -0.04454732       0.62918043  0.24062222  1.85400784  0.64258638  0.67815044
  413     O   6.0 -0.34141181       1.15724826  0.43748191  3.60002673  1.06091020  0.08574471
  414     C   4.0 -0.11598999       0.63543802  0.28325415  2.11698413  0.77394597  0.30636771
  415     C   4.0 -0.06778938       0.62497556  0.24087855  1.77928209  0.65556082  0.76709235
  416     O   6.0 -0.48291374       1.16948545  0.43276712  3.69082999  1.10368258  0.08614860
  417     O   6.0 -0.39083508       1.16930413  0.44224966  3.62464368  1.07546481  0.07917280
  418     N   5.0  0.11032063       0.79489493  0.29253066  2.68694520  0.89474869  0.22055989
  419     C   4.0 -0.07245381       0.62742031  0.27856481  2.05217993  0.74968693  0.36460183
  420     C   4.0 -0.03263352       0.62506092  0.24203034  1.84664255  0.64508523  0.67381448
  421     O   6.0 -0.34355097       1.15669763  0.43754122  3.60630953  1.05796584  0.08503674
  422     N   5.0  0.10292278       0.80057782  0.29190695  2.69832873  0.88881865  0.21744506
  423     C   4.0 -0.01677842       0.62160939  0.26640260  1.99211609  0.70965894  0.42699140
  424     C   4.0 -0.03815065       0.63157248  0.24262756  1.84619194  0.64505322  0.67270544
  425     O   6.0 -0.34815813       1.15761220  0.43716609  3.60784924  1.06020495  0.08532564
  426     C   4.0 -0.08414670       0.62853497  0.28191763  2.09948236  0.77067788  0.30353386
  427     C   4.0 -0.00817440       0.61861289  0.24093996  1.82388985  0.65873884  0.66599287
  428     O   6.0 -0.40112018       1.16008270  0.41941580  3.64882767  1.08032137  0.09247263
  429     N   5.0  0.13918180       0.79896915  0.30774364  2.65350962  0.94548282  0.15511298
  430     N   5.0  0.10501614       0.79740906  0.29463726  2.68989807  0.89528227  0.21775720
  431     C   4.0 -0.06976850       0.63034010  0.27922109  2.04386163  0.75351307  0.36283262
  432     C   4.0 -0.02054586       0.62902564  0.24147013  1.83249062  0.64845218  0.66910730
  433     O   6.0 -0.32623775       1.15686905  0.43530720  3.59543085  1.05598193  0.08264871
  434     N   5.0  0.11279479       0.79675639  0.29100469  2.68719363  0.89537904  0.21687147
  435     C   4.0  0.00456512       0.62267536  0.26249427  1.98588455  0.71292333  0.41145737
  436     C   4.0  0.04056635       0.62268794  0.23839517  1.80353332  0.64491782  0.64989941
  437     O   6.0 -0.45143285       1.15707648  0.42137858  3.67954028  1.09880090  0.09463661
  438     C   4.0 -0.02686423       0.62849516  0.26401240  1.95271236  0.70289783  0.47874649
  439     O   6.0 -0.21430780       1.11769474  0.39569223  3.55878019  1.05186582  0.09027483
  440     C   4.0 -0.20966518       0.64299256  0.29488057  2.18108076  0.83384316  0.25686814
  441     N   5.0  0.18499020       0.79348195  0.29003346  2.63406318  0.88893682  0.20849440
  442     C   4.0 -0.00030426       0.62395048  0.26343778  1.97477102  0.71440278  0.42374219
  443     C   4.0 -0.00824974       0.62608975  0.24025394  1.83188623  0.64525084  0.66476898
  444     O   6.0 -0.31615893       1.15579712  0.42193985  3.62514615  1.02814725  0.08512855
  445     C   4.0 -0.08995914       0.62420142  0.26568204  2.07251847  0.73133196  0.39622525
  446     C   4.0 -0.15820432       0.62679458  0.27486932  2.13198245  0.77624260  0.34831538
  447     C   4.0 -0.18015307       0.63575774  0.28668210  2.16009951  0.83484265  0.26277107
  448     C   4.0 -0.19655857       0.63658339  0.29058474  2.16869998  0.83234411  0.26834635
  449     N   5.0  0.13685617       0.79649282  0.29066363  2.67046869  0.89111087  0.21440783
  450     C   4.0 -0.00409170       0.62170559  0.26456416  1.97895104  0.71521418  0.42365674
  451     C   4.0 -0.00103002       0.63009977  0.24209447  1.82553190  0.64636640  0.65693747
  452     O   6.0 -0.32445978       1.16126215  0.42435041  3.61287701  1.04223746  0.08373274
  453     C   4.0 -0.11859642       0.63639969  0.28109586  2.10958344  0.78303996  0.30847748
  454     C   4.0 -0.06905793       0.62684387  0.24191827  1.78885794  0.65092877  0.76050910
  455     O   6.0 -0.38820059       1.17996156  0.41928360  3.66856718  1.03445685  0.08593140
  456     O   6.0 -0.43005779       1.17366815  0.43923110  3.66008270  1.07442555  0.08265030
  457     N   5.0  0.13072189       0.79713792  0.29084569  2.67490226  0.89022353  0.21616871
  458     C   4.0 -0.01387977       0.61765587  0.26131848  1.98655593  0.71295291  0.43539657
  459     C   4.0  0.02568746       0.62518972  0.23861696  1.80902177  0.63269916  0.66878492
  460     O   6.0 -0.22309312       1.15829313  0.40340170  3.54824352  1.02024919  0.09290558
  461     C   4.0 -0.11237203       0.62462813  0.27775052  2.09592921  0.77078623  0.34327795
  462     C   4.0 -0.04701612       0.63648713  0.25728244  2.02875781  0.72579779  0.39869096
  463     C   4.0 -0.05108972       0.64882606  0.27481699  2.05358779  0.75645532  0.31740356
  464     C   4.0 -0.08404989       0.65497595  0.27778637  2.06498611  0.76381698  0.32248448
  465     C   4.0 -0.05614313       0.64748222  0.27698922  2.04990476  0.76422529  0.31754164
  466     C   4.0 -0.08543285       0.65067375  0.27946866  2.06804293  0.76525909  0.32198843
  467     C   4.0 -0.07473876       0.64768988  0.27798769  2.06530422  0.76253116  0.32122581
  468     N   5.0  0.09217470       0.81520027  0.27737531  2.69392669  0.85339347  0.26792957
  469     C   4.0 -0.02650226       0.62640965  0.26358092  2.00284064  0.70209122  0.43157984
  470     C   4.0  0.03836206       0.62610215  0.24024609  1.81163192  0.64210610  0.64155169
  471     O   6.0 -0.25085792       1.16124892  0.41715026  3.55076826  1.03392240  0.08776808
  472     C   4.0 -0.13492169       0.63054568  0.28235230  2.13046312  0.75264983  0.33891076
  473     C   4.0 -0.15221895       0.62964505  0.28264147  2.15146255  0.74825166  0.34021821
  474     C   4.0 -0.07063154       0.63128036  0.28042081  2.04997373  0.72797623  0.38098041
  475     N   5.0  0.25278212       0.79880458  0.29012957  2.57994491  0.86506256  0.21327625
  476     C   4.0  0.01979649       0.61965847  0.26417333  1.97121119  0.70738719  0.41777332
  477     C   4.0  0.06940455       0.62527746  0.23868868  1.81255466  0.64307716  0.61099749
  478     O   6.0 -0.10106449       1.15742612  0.43145761  3.40922964  1.02288657  0.08006455
  479     C   4.0 -0.12525329       0.62273490  0.27410135  2.11409980  0.76785171  0.34646553
  480     C   4.0 -0.11910746       0.62451947  0.27545995  2.13003093  0.76695904  0.32213807
  481     C   4.0 -0.04254780       0.61712873  0.24165422  1.75983679  0.66815698  0.75577108
  482     O   6.0 -0.41817859       1.17206955  0.42866263  3.64251363  1.09265789  0.08227489
  483     O   6.0 -0.42251070       1.17111230  0.43448842  3.64167392  1.09477818  0.08045788
  484     N   5.0  0.40475656       0.79380035  0.28724071  2.45167965  0.84539869  0.21712403
  485     C   4.0  0.05437206       0.61964393  0.26237917  1.95055246  0.70706786  0.40598452
  486     C   4.0  0.08467906       0.62463546  0.23922907  1.79214019  0.64173116  0.61758507
  487     O   6.0 -0.11143906       1.15923440  0.41812065  3.43827999  1.01218599  0.08361803
  488     C   4.0 -0.10271811       0.61860710  0.27224353  2.09418017  0.77590266  0.34178465
  489     C   4.0 -0.04429820       0.63246393  0.25626412  2.03170782  0.72489814  0.39896418
  490     C   4.0 -0.05723979       0.64979047  0.27648267  2.05640829  0.75704551  0.31751286
  491     C   4.0 -0.05889076       0.64502537  0.27469325  2.06307501  0.75377205  0.32232508
  492     C   4.0 -0.06913899       0.65031946  0.27851602  2.05430496  0.76565880  0.32033976
  493     C   4.0 -0.06687918       0.64395529  0.27643812  2.06376302  0.75875294  0.32396981
  494     C   4.0 -0.07677985       0.64854926  0.27731025  2.06326807  0.76529668  0.32235559
  495     N   5.0  0.32884368       0.79235071  0.28626916  2.52376586  0.85445276  0.21431783
  496     C   4.0  0.02674145       0.61921966  0.26285568  1.96885478  0.70923981  0.41308862
  497     C   4.0  0.02889740       0.62497008  0.23953663  1.81721908  0.64296238  0.64641443
  498     O   6.0 -0.23339145       1.15986454  0.42232835  3.52915180  1.03742856  0.08461820
  499     C   4.0 -0.13424647       0.62682533  0.27409372  2.12114578  0.77187455  0.34030709
  500     C   4.0 -0.13813405       0.61869252  0.26643115  2.10188472  0.73515050  0.41597515
  501     C   4.0 -0.20721481       0.63885921  0.28970471  2.17495239  0.83604205  0.26765645
  502     C   4.0 -0.21039700       0.64366835  0.29557741  2.17112136  0.83218279  0.26784708
  503     N   5.0  0.18862895       0.79453868  0.28871739  2.63154912  0.87609333  0.22047254
  504     C   4.0 -0.01200954       0.62470007  0.26373604  1.99605078  0.70766023  0.41986243
  505     C   4.0  0.00190722       0.62548691  0.24062963  1.83041251  0.64740321  0.65416052
  506     O   6.0 -0.27765588       1.15321779  0.43068677  3.56709230  1.04358739  0.08307163
  507     C   4.0 -0.02541564       0.62712944  0.26651901  1.95581573  0.69648959  0.47946187
  508     O   6.0 -0.21311201       1.11332786  0.39851704  3.55748892  1.05145124  0.09232695
  509     C   4.0 -0.19773702       0.64416742  0.29761833  2.16883641  0.83589390  0.25122095
  510     N   5.0  0.23051809       0.79712695  0.28909740  2.59173876  0.87374455  0.21777426
  511     C   4.0  0.00240224       0.62030512  0.26466927  1.98215157  0.70968242  0.42078938
  512     C   4.0  0.01016789       0.62835562  0.24098356  1.81973153  0.65064405  0.65011735
  513     O   6.0 -0.23740957       1.15905988  0.42569676  3.52918363  1.03955659  0.08391271
  514     C   4.0 -0.14249181       0.62882692  0.27710530  2.11889750  0.78023086  0.33743123
  515     C   4.0 -0.24910871       0.65409058  0.30195355  2.04246134  0.87346339  0.37713984
  516     S   6.0  0.27087945       1.08410180  0.41653135  3.12336063  0.90201166  0.20311510
  517     C   4.0 -0.29994537       0.66862452  0.31789646  2.07415980  0.94497195  0.29429264
  518     N   5.0  0.19621318       0.79449755  0.28883195  2.62955880  0.87218535  0.21871317
  519     C   4.0 -0.01127947       0.61996168  0.26336747  1.98773551  0.71497819  0.42523662
  520     C   4.0  0.00505627       0.62477404  0.23917571  1.82893461  0.64420016  0.65785922
  521     O   6.0 -0.27138592       1.15723121  0.42704946  3.55869460  1.04437187  0.08403878
  522     C   4.0 -0.13958753       0.62894684  0.27681500  2.11328942  0.78102963  0.33950664
  523     C   4.0 -0.24887658       0.65171832  0.29686165  2.04572159  0.87608731  0.37848771
  524     S   6.0  0.28235917       1.07289648  0.41208726  3.12229145  0.89514890  0.21521674
  525     C   4.0 -0.32853634       0.67007428  0.31752563  2.09307015  0.94102240  0.30684388
  526     N   5.0  0.16537857       0.79607344  0.28804195  2.65216792  0.87786204  0.22047609
  527     C   4.0 -0.03058031       0.61987531  0.26456189  2.00220120  0.71060587  0.43333603
  528     C   4.0 -0.00903261       0.62881941  0.23992343  1.83572644  0.64387043  0.66069291
  529     O   6.0 -0.30928927       1.15618193  0.42875615  3.59008741  1.04975635  0.08450743
  530     C   4.0 -0.19255131       0.64319557  0.29597893  2.16144824  0.83299860  0.25892996
  531     N   5.0  0.13069632       0.79901499  0.29104674  2.67594308  0.88610089  0.21719799
  532     C   4.0 -0.02181673       0.61975121  0.26409075  1.99671465  0.70845561  0.43280451
  533     C   4.0 -0.03016739       0.62582505  0.24031596  1.84373802  0.64645155  0.67383682
  534     O   6.0 -0.31710567       1.15478528  0.42824697  3.59363103  1.05509946  0.08534293
  535     C   4.0 -0.14104833       0.62985867  0.27953318  2.12361991  0.76909344  0.33894312
  536     C   4.0 -0.15449034       0.63439733  0.28387380  2.13203073  0.77413140  0.33005709
  537     C   4.0 -0.09250313       0.63181317  0.28413302  2.04985064  0.73935044  0.38735586
  538     N   5.0  0.05641109       0.79372758  0.29779363  2.74837142  0.90063465  0.20306164
  539     C   4.0 -0.04304337       0.61620075  0.23183054  1.90017992  0.63759930  0.65723286
  540     N   5.0  0.07239120       0.79243588  0.30798858  2.75213641  0.93013322  0.14491469
  541     N   5.0  0.04553998       0.80130851  0.31340283  2.74772102  0.94649106  0.14553660
  542     N   5.0  0.12352869       0.79630375  0.28952408  2.68551856  0.88621181  0.21891310
  543     C   4.0 -0.01638562       0.62087840  0.26514760  1.99117059  0.70975843  0.42943061
  544     C   4.0 -0.00430132       0.62645578  0.24053960  1.83207715  0.64241616  0.66281263
  545     O   6.0 -0.30382462       1.16205311  0.42015520  3.59506893  1.03995311  0.08659427
  546     C   4.0 -0.13732323       0.62639654  0.27748233  2.12292349  0.76988873  0.34063214
  547     C   4.0 -0.15529963       0.62737787  0.28007185  2.13686413  0.76675810  0.34422769
  548     C   4.0 -0.14936187       0.62783456  0.28098994  2.13557637  0.77038427  0.33457673
  549     C   4.0 -0.07916720       0.63931674  0.28608429  2.07999092  0.73354188  0.34023337
  550     N   5.0  0.32060554       0.75055170  0.30471429  2.51140273  0.90770152  0.20502422
  551     N   5.0  0.12679607       0.79684395  0.28919712  2.68338507  0.88513282  0.21864497
  552     C   4.0 -0.02133957       0.61842263  0.26242322  1.99932444  0.70798135  0.43318794
  553     C   4.0 -0.01136867       0.62482196  0.23901947  1.83725560  0.64120337  0.66906827
  554     O   6.0 -0.30513477       1.15762019  0.42023286  3.60024059  1.04023585  0.08680528
  555     C   4.0 -0.16079229       0.62809771  0.27645719  2.12579477  0.77742840  0.35301421
  556     C   4.0 -0.28621495       0.65169293  0.29992655  2.07130796  0.87251043  0.39077708
  557     S   6.0  0.27920543       1.07520759  0.41690233  3.10428745  0.91086513  0.21353207
  558     C   4.0 -0.31680029       0.67031157  0.32107139  2.09375817  0.93561438  0.29604479
  559     N   5.0  0.11648401       0.79789835  0.28930211  2.69127572  0.88683912  0.21820069
  560     C   4.0 -0.02021894       0.61874485  0.26379877  1.99698794  0.70809117  0.43259621
  561     C   4.0 -0.00582510       0.62344569  0.23774493  1.83618569  0.64034359  0.66810520
  562     O   6.0 -0.30420832       1.16002476  0.41754618  3.60047030  1.03747961  0.08868746
  563     C   4.0 -0.13890229       0.62691754  0.27827504  2.12414330  0.76990998  0.33965643
  564     C   4.0 -0.15411828       0.62733960  0.28045651  2.13246286  0.77020606  0.34365324
  565     C   4.0 -0.15795720       0.63237578  0.28422499  2.13422811  0.77270168  0.33442665
  566     C   4.0 -0.08634392       0.64372241  0.28819978  2.08149958  0.73848590  0.33443624
  567     N   5.0  0.31314640       0.75316334  0.31095514  2.50749075  0.91238928  0.20285510
  568     N   5.0  0.11596587       0.79705584  0.28995869  2.69624865  0.88273862  0.21803233
  569     C   4.0 -0.01858529       0.62013930  0.26468229  1.98714000  0.71019393  0.43642977
  570     C   4.0 -0.00838862       0.62613708  0.23929833  1.83534122  0.64135326  0.66625874
  571     O   6.0 -0.31329844       1.16101873  0.42274785  3.59579086  1.04693267  0.08680833
  572     C   4.0 -0.13016946       0.63755018  0.28383142  2.11996299  0.77962095  0.30920393
  573     C   4.0 -0.10195443       0.63431036  0.24351910  1.80296701  0.65332919  0.76782876
  574     O   6.0 -0.43739952       1.17053819  0.44432458  3.66039515  1.07923076  0.08291085
  575     O   6.0 -0.45088473       1.17445600  0.44855502  3.65984547  1.08537337  0.08265486
  576     N   5.0  0.11109795       0.79819554  0.29001966  2.69167626  0.88758510  0.22142548
  577     C   4.0 -0.01904497       0.62814915  0.26706827  1.99794316  0.71063399  0.41525039
  578     C   4.0 -0.03110020       0.62643415  0.24117632  1.84289390  0.64731824  0.67327759
  579     O   6.0 -0.32234149       1.15458679  0.43142200  3.59821224  1.05396536  0.08415511
  580     C   4.0 -0.02805744       0.62850845  0.26731092  1.95453221  0.69893181  0.47877406
  581     O   6.0 -0.21065574       1.11486506  0.39738467  3.55135119  1.05535838  0.09169643
  582     C   4.0 -0.20253582       0.64359510  0.29844776  2.17333460  0.83391461  0.25324376
  583     N   5.0  0.11093535       0.79692972  0.28931996  2.69855094  0.88485512  0.21940891
  584     C   4.0 -0.02889704       0.62191290  0.26592082  1.99546534  0.71350119  0.43209680
  585     C   4.0 -0.01900978       0.62615836  0.23966217  1.84111303  0.64270599  0.66937023
  586     O   6.0 -0.31464197       1.15601718  0.42531076  3.60507309  1.04262608  0.08561485
  587     C   4.0 -0.13048949       0.63812387  0.28371724  2.11957502  0.78172439  0.30734895
  588     C   4.0 -0.10215907       0.63430125  0.24509916  1.79807931  0.65666832  0.76801103
  589     O   6.0 -0.44847311       1.17235601  0.44704658  3.66433108  1.08262953  0.08210991
  590     O   6.0 -0.43617947       1.17165351  0.44697788  3.65105236  1.08455110  0.08194462
  591     N   5.0  0.11077239       0.79588056  0.28883901  2.69956982  0.88257274  0.22236548
  592     C   4.0 -0.03168695       0.62309796  0.26553345  2.01163203  0.70662172  0.42480180
  593     C   4.0 -0.01780889       0.62286055  0.23826642  1.84023362  0.64318867  0.67325962
  594     O   6.0 -0.31476136       1.15778542  0.42455715  3.60376787  1.04349047  0.08516045
  595     C   4.0 -0.06458951       0.63537771  0.28173178  2.00290924  0.72383021  0.42074057
  596     O   6.0 -0.20257407       1.10694158  0.40540725  3.54112267  1.05667201  0.09243056
  597     N   5.0  0.11964920       0.79374421  0.28753844  2.69568610  0.88048434  0.22289771
  598     C   4.0 -0.02181045       0.61943227  0.26388437  1.99873757  0.70687884  0.43287740
  599     C   4.0 -0.01800790       0.62671947  0.24102278  1.83855015  0.64520088  0.66651461
  600     O   6.0 -0.31138627       1.15644181  0.42623198  3.59552121  1.04874903  0.08444224
  601     C   4.0 -0.14085688       0.62637800  0.27853855  2.12182313  0.77020368  0.34391351
  602     C   4.0 -0.14232832       0.63303858  0.28225613  2.12983400  0.78132144  0.31587818
  603     C   4.0 -0.07735169       0.63403475  0.24302053  1.78805295  0.65097807  0.76126538
  604     O   6.0 -0.43822154       1.17377114  0.44656986  3.65384018  1.08273539  0.08130497
  605     O   6.0 -0.39752989       1.17548585  0.42783764  3.64573014  1.06217244  0.08630382
  606     N   5.0  0.11245546       0.79798067  0.29112065  2.69315410  0.88770834  0.21758080
  607     C   4.0 -0.02647816       0.61979818  0.26285255  1.99928266  0.70987207  0.43467270
  608     C   4.0 -0.00513067       0.62204319  0.23731725  1.83842534  0.63657607  0.67076882
  609     O   6.0 -0.28454081       1.16082239  0.41109821  3.59599268  1.02449617  0.09213135
  610     C   4.0 -0.14055318       0.62773228  0.28043458  2.12250054  0.76885328  0.34103251
  611     C   4.0 -0.14495031       0.63534278  0.28359020  2.13348544  0.77775109  0.31478081
  612     C   4.0 -0.09250151       0.63443476  0.24321930  1.79696274  0.65381157  0.76407314
  613     O   6.0 -0.43608342       1.17350960  0.44387570  3.65595603  1.08060959  0.08213251
  614     O   6.0 -0.44460923       1.17254472  0.44361389  3.67453647  1.07222003  0.08169413
  615     N   5.0  0.13083872       0.79590821  0.28799435  2.68557864  0.87877721  0.22090286
  616     C   4.0 -0.02255468       0.61727339  0.26268512  1.99718297  0.70951578  0.43589743
  617     C   4.0 -0.00407641       0.62566793  0.24013209  1.83708519  0.64264317  0.65854803
  618     O   6.0 -0.28505905       1.15509546  0.42859477  3.57158005  1.04518628  0.08460249
  619     C   4.0 -0.13717195       0.62615550  0.27823368  2.12196839  0.76621749  0.34459690
  620     C   4.0 -0.15806516       0.63092124  0.27897686  2.15011132  0.77307792  0.32497782
  621     C   4.0 -0.10890283       0.63265592  0.24161479  1.80976033  0.64919953  0.77567226
  622     O   6.0 -0.44978245       1.17211556  0.44719866  3.66460907  1.08276173  0.08309742
  623     O   6.0 -0.45000871       1.17341149  0.44944134  3.65944993  1.08491021  0.08279573
  624     N   5.0  0.16342070       0.79661554  0.28965825  2.65378368  0.87750015  0.21902169
  625     C   4.0  0.00041825       0.62151462  0.26309064  1.98328733  0.70738848  0.42430068
  626     C   4.0  0.00854229       0.62540656  0.23964277  1.82915151  0.64606322  0.65119364
  627     O   6.0 -0.24595504       1.15669072  0.42608294  3.54238832  1.03799644  0.08279663
  628     C   4.0 -0.10113128       0.62161297  0.26556936  2.07702726  0.73507172  0.40184998
  629     C   4.0 -0.17436792       0.62982881  0.28012156  2.14274502  0.77184732  0.34982520
  630     C   4.0 -0.18379833       0.63798636  0.28935254  2.16495162  0.82986203  0.26164578
  631     C   4.0 -0.21476597       0.64333904  0.29617539  2.17621446  0.83261546  0.26642162
  632     N   5.0  0.19508320       0.79725134  0.28917164  2.62760371  0.87351590  0.21737421
  633     C   4.0  0.01120265       0.61909729  0.26364842  1.97383380  0.71138506  0.42083278
  634     C   4.0  0.02291884       0.62539023  0.23959513  1.82298928  0.64322104  0.64588547
  635     O   6.0 -0.22366390       1.15476346  0.42664379  3.52266669  1.03620380  0.08338616
  636     C   4.0 -0.11875021       0.62728894  0.27787855  2.10957605  0.77167925  0.33232742
  637     C   4.0 -0.13249330       0.62492478  0.27801418  2.12816930  0.76812056  0.33326448
  638     C   4.0 -0.09500874       0.62777972  0.27904698  2.05479324  0.73944362  0.39394518
  639     N   5.0  0.07839134       0.79046142  0.29391617  2.73584837  0.89822754  0.20315516
  640     C   4.0 -0.04397301       0.61831582  0.23039719  1.89912403  0.63760392  0.65853205
  641     N   5.0  0.04453239       0.79934621  0.31218001  2.75278234  0.94444045  0.14671859
  642     N   5.0  0.05001520       0.79915386  0.31248575  2.74962908  0.94403863  0.14467747
  643     N   5.0  0.20595203       0.79964834  0.28936061  2.61567068  0.87275985  0.21660848
  644     C   4.0  0.00000264       0.61948705  0.26396668  1.98198515  0.71016006  0.42439842
  645     C   4.0  0.02424008       0.62623161  0.23941101  1.82486850  0.64365001  0.64159879
  646     O   6.0 -0.23020927       1.15736198  0.42832178  3.52212512  1.03891987  0.08348051
  647     C   4.0 -0.14123322       0.62743402  0.27941653  2.12201798  0.76971585  0.34264885
  648     C   4.0 -0.13996745       0.62853438  0.27791551  2.14406568  0.76888995  0.32056194
  649     C   4.0 -0.10762902       0.63195997  0.24295473  1.80483347  0.65333712  0.77454372
  650     O   6.0 -0.44223518       1.16997516  0.44553441  3.66467023  1.07956356  0.08249182
  651     O   6.0 -0.44359105       1.17164969  0.44701046  3.65864360  1.08323207  0.08305522
  652     N   5.0  0.25099270       0.79941106  0.29019991  2.57238483  0.86951849  0.21749301
  653     C   4.0  0.00102079       0.62339270  0.26730862  1.98173070  0.71099725  0.41554993
  654     C   4.0  0.04029735       0.62748104  0.24038352  1.81933337  0.64560710  0.62689761
  655     O   6.0 -0.18371757       1.15654171  0.42813808  3.49058759  1.02673605  0.08171415
  656     C   4.0 -0.18027702       0.64387566  0.29659960  2.15352207  0.83398816  0.25229153
  657     N   5.0  0.31576253       0.79568976  0.28918195  2.52323812  0.86036772  0.21575992
  658     C   4.0  0.03458764       0.62172759  0.26384938  1.96046120  0.70953622  0.40983798
  659     C   4.0  0.04118197       0.62541240  0.24027900  1.81469709  0.64318262  0.63524692
  660     O   6.0 -0.19368752       1.15939319  0.42180732  3.50081897  1.02785057  0.08381748
  661     C   4.0 -0.10291607       0.62256664  0.27479386  2.08896989  0.77771743  0.33886826
  662     C   4.0 -0.04385459       0.63374621  0.25653595  2.03082246  0.72470143  0.39804854
  663     C   4.0 -0.05233007       0.64447737  0.27427530  2.06146878  0.75120711  0.32090151
  664     C   4.0 -0.07172788       0.64997590  0.27588317  2.06486231  0.75699537  0.32401114
  665     C   4.0 -0.06503856       0.64202213  0.27518204  2.06512254  0.75813940  0.32457244
  666     C   4.0 -0.07300394       0.64983273  0.27798170  2.06086987  0.76250143  0.32181821
  667     C   4.0 -0.06996266       0.64698893  0.27582869  2.06150275  0.76171431  0.32392798
  668     N   5.0  0.24968814       0.79606932  0.28929484  2.58233184  0.86723319  0.21538268
  669     C   4.0  0.01090576       0.61991781  0.26402408  1.97429460  0.71280354  0.41805421
  670     C   4.0  0.01090435       0.62626958  0.24139614  1.82976446  0.64368165  0.64798382
  671     O   6.0 -0.20747083       1.15192044  0.43417567  3.49759007  1.04021722  0.08356743
  672     C   4.0 -0.13667088       0.62928152  0.27863142  2.12443054  0.77056216  0.33376524
  673     C   4.0 -0.15518557       0.63038820  0.28025642  2.13975954  0.76860514  0.33617626
  674     C   4.0 -0.10407658       0.62814808  0.28081387  2.06156862  0.73511295  0.39843306
  675     N   5.0  0.06554244       0.78983259  0.29489088  2.74958169  0.89497966  0.20517273
  676     C   4.0 -0.05222338       0.61422276  0.22885948  1.90608013  0.63584101  0.66721999
  677     N   5.0  0.05404433       0.79639888  0.30983835  2.75589359  0.93709412  0.14673073
  678     N   5.0  0.06507432       0.79305911  0.30944431  2.74840778  0.93767616  0.14633832
  679     N   5.0  0.22757164       0.79832065  0.29026347  2.59109843  0.87461042  0.21813538
  680     C   4.0  0.00741209       0.62755889  0.26692551  1.97057039  0.71424088  0.41329225
  681     C   4.0  0.03413584       0.63130456  0.24393739  1.81881735  0.64820105  0.62360382
  682     O   6.0 -0.20554925       1.15764248  0.43544549  3.48962533  1.04125553  0.08158041
  683     C   4.0 -0.11068644       0.62556320  0.27037695  2.07890612  0.74109207  0.39474809
  684     C   4.0 -0.20087505       0.64371806  0.29581648  2.16522115  0.83485049  0.26126886
  685     C   4.0 -0.21210238       0.64358342  0.29758972  2.17270190  0.83367991  0.26454743
  686     N   5.0  0.31134815       0.79938042  0.29157925  2.52403605  0.86137450  0.21228163
  687     C   4.0  0.03879984       0.62151742  0.26344261  1.95420814  0.71074638  0.41128562
  688     C   4.0  0.05170532       0.62688905  0.24049544  1.80888569  0.64459927  0.62742522
  689     O   6.0 -0.16063073       1.16050553  0.42953122  3.46259415  1.02691656  0.08108326
  690     C   4.0 -0.10030566       0.62132549  0.27401578  2.09029794  0.77597240  0.33869405
  691     C   4.0 -0.04474897       0.63670146  0.25568405  2.03038478  0.72223924  0.39973944
  692     C   4.0 -0.06025416       0.64787495  0.27385119  2.06362545  0.75240941  0.32249315
  693     C   4.0 -0.06318138       0.64918786  0.27353284  2.06074554  0.75585599  0.32385915
  694     C   4.0 -0.08063729       0.64958179  0.27631837  2.06261659  0.76479734  0.32732319
  695     C   4.0 -0.08219535       0.65276319  0.27716213  2.06314641  0.76264939  0.32647423
  696     C   4.0 -0.08919569       0.65494037  0.27890226  2.06804657  0.76350161  0.32380487
  697     N   5.0  0.21493004       0.79778957  0.28957483  2.60041976  0.88180467  0.21548112
  698     C   4.0  0.00135133       0.62352067  0.26528525  1.97307342  0.71703275  0.41973658
  699     C   4.0  0.02787174       0.63368285  0.24194819  1.81065625  0.64368187  0.64215910
  700     O   6.0 -0.28066398       1.16819966  0.41915849  3.57481742  1.03130084  0.08718757
  701     C   4.0 -0.09458131       0.63073421  0.27814287  2.10690290  0.78063604  0.29816530
  702     C   4.0 -0.01822330       0.62021178  0.23854929  1.75300685  0.65085742  0.75559796
  703     O   6.0 -0.32012325       1.17230892  0.42545584  3.59834182  1.04478255  0.07923411
  704     O   6.0 -0.51129401       1.16585970  0.42803755  3.71947646  1.11059096  0.08732933
  705     N   5.0  0.14822002       0.80059451  0.29045174  2.65103269  0.89408019  0.21562086
  706     C   4.0 -0.01987676       0.62253785  0.26452631  1.99643964  0.71108127  0.42529170
  707     C   4.0 -0.03014252       0.62569517  0.24317156  1.84212041  0.64413196  0.67502343
  708     O   6.0 -0.33149657       1.15398335  0.43462208  3.60346687  1.05429405  0.08513022
  709     C   4.0 -0.12225746       0.62712824  0.27631113  2.11791492  0.76704632  0.33385685
  710     C   4.0 -0.15040774       0.62508762  0.27876675  2.12508720  0.77701905  0.34444711
  711     C   4.0 -0.15916510       0.62938195  0.28094161  2.14093125  0.76998901  0.33792128
  712     C   4.0 -0.08334541       0.64273798  0.28696558  2.08297670  0.73623079  0.33443435
  713     N   5.0  0.31320027       0.75263017  0.30987236  2.50993448  0.91123885  0.20312386
  714     N   5.0  0.10884376       0.79708129  0.28947997  2.70698136  0.88082367  0.21678994
  715     C   4.0 -0.01931480       0.62264150  0.26581886  1.98652911  0.71224318  0.43208214
  716     C   4.0 -0.04255168       0.63069922  0.24342506  1.84595418  0.64522791  0.67724532
  717     O   6.0 -0.34662583       1.15795875  0.43658528  3.60592294  1.06036067  0.08579820
  718     C   4.0 -0.10869805       0.63367969  0.28310165  2.11072314  0.77666354  0.30453003
  719     C   4.0 -0.05571973       0.62321097  0.24373505  1.76246309  0.66655950  0.75975112
  720     O   6.0 -0.45490793       1.17710185  0.42827719  3.67306125  1.09191510  0.08455253
  721     O   6.0 -0.40828732       1.17242908  0.44227526  3.62174141  1.09443364  0.07740793
  722     N   5.0  0.11114587       0.79481208  0.29081866  2.69058895  0.89206305  0.22057139
  723     C   4.0 -0.06764599       0.62696296  0.27796665  2.04787189  0.75115576  0.36368873
  724     C   4.0 -0.02430209       0.62445784  0.24127121  1.84269369  0.64443104  0.67144831
  725     O   6.0 -0.34514624       1.15887606  0.43802515  3.60626900  1.05807510  0.08390093
  726     N   5.0  0.10574067       0.79484415  0.28967988  2.69894397  0.88806841  0.22272291
  727     C   4.0 -0.02423726       0.62098241  0.26577112  1.99333209  0.71243525  0.43171640
  728     C   4.0 -0.03187253       0.63385481  0.24362420  1.84106505  0.64516433  0.66816416
  729     O   6.0 -0.34438819       1.15667939  0.43751031  3.60402477  1.06057173  0.08560199
  730     C   4.0 -0.09039502       0.62951261  0.28201532  2.10152143  0.77429830  0.30304736
  731     C   4.0 -0.01035734       0.61859602  0.24086367  1.82289374  0.65798943  0.67001449
  732     O   6.0 -0.42848930       1.15639937  0.41789913  3.66993487  1.08799666  0.09625927
  733     N   5.0  0.11896324       0.80515397  0.31065133  2.67459172  0.93953246  0.15110729
  734     N   5.0  0.10046277       0.79850417  0.29400098  2.69865346  0.89191350  0.21646511
  735     C   4.0 -0.06048649       0.63079429  0.28019908  2.03853929  0.75067869  0.36027514
  736     C   4.0 -0.01891045       0.62804383  0.24150780  1.83467269  0.64813821  0.66654792
  737     O   6.0 -0.32719909       1.15691245  0.43608135  3.59267926  1.05940920  0.08211683
  738     N   5.0  0.11819619       0.79875040  0.28968319  2.67761576  0.89590612  0.21984833
  739     C   4.0  0.00175813       0.61821908  0.26230475  1.98322958  0.70715354  0.42733492
  740     C   4.0  0.03969707       0.61621612  0.23370554  1.81425011  0.63462175  0.66150940
  741     O   6.0 -0.45790607       1.14904785  0.41332021  3.69394970  1.09896168  0.10262662
  742     C   4.0 -0.11602984       0.62197161  0.27323559  2.09874356  0.77251947  0.34955962
  743     C   4.0 -0.04348325       0.63431305  0.25562236  2.03153682  0.72133408  0.40067695
  744     C   4.0 -0.04731085       0.64777678  0.27373400  2.05434370  0.75445397  0.31700239
  745     C   4.0 -0.07308292       0.65177476  0.27580845  2.06596524  0.75544666  0.32408781
  746     C   4.0 -0.04388138       0.64831018  0.27311566  2.04775250  0.75046201  0.32424102
  747     C   4.0 -0.08904409       0.65530038  0.27976671  2.06791645  0.76216599  0.32389456
  748     C   4.0 -0.08691398       0.65560496  0.27988356  2.06840354  0.76105469  0.32196723
  749     N   5.0  0.20170513       0.78895617  0.28584930  2.63747436  0.87342083  0.21259421
  750     C   4.0 -0.00433833       0.62235838  0.26235116  1.98139203  0.71068430  0.42755247
  751     C   4.0  0.01226392       0.63088584  0.24060860  1.82096148  0.64296666  0.65231351
  752     O   6.0 -0.31446626       1.16330147  0.41922140  3.61411893  1.03217888  0.08564558
  753     C   4.0 -0.09660148       0.61951244  0.26433450  2.07905573  0.73001939  0.40367943
  754     C   4.0 -0.15640379       0.62617356  0.27448523  2.13346219  0.77199899  0.35028382
  755     C   4.0 -0.18873001       0.63655025  0.28787994  2.16514128  0.83322796  0.26593057
  756     C   4.0 -0.19226178       0.63438743  0.28841296  2.16808069  0.83307549  0.26830521
  757     N   5.0  0.14006059       0.79875088  0.29060987  2.65962815  0.89488816  0.21606235
  758     C   4.0 -0.01411694       0.62488341  0.26446941  1.99511695  0.71525040  0.41439676
  759     C   4.0  0.00132441       0.63071245  0.24095570  1.82562727  0.64296906  0.65841112
  760     O   6.0 -0.30693310       1.15990055  0.42213130  3.59569561  1.04306534  0.08614030
  761     C   4.0 -0.06128593       0.63561130  0.28015199  1.99448711  0.72819889  0.42283665
  762     O   6.0 -0.18879182       1.10623598  0.39932531  3.54209453  1.04927707  0.09185893
  763     N   5.0  0.12353313       0.80266446  0.29203311  2.67592067  0.89174500  0.21410364
  764     C   4.0 -0.01513292       0.62388068  0.26633176  1.98392183  0.71875937  0.42223928
  765     C   4.0  0.00147559       0.63062435  0.24185237  1.82593727  0.64581662  0.65429379
  766     O   6.0 -0.28175721       1.15976167  0.42245439  3.57097328  1.04316118  0.08540670
  767     C   4.0 -0.17777199       0.64172596  0.29489550  2.15332317  0.83424215  0.25358521
  768     N   5.0  0.12859121       0.80360228  0.29248556  2.66926098  0.88935548  0.21670449
  769     C   4.0 -0.02747113       0.62464881  0.26793110  1.99438024  0.71502696  0.42548402
  770     C   4.0  0.00731517       0.62987339  0.24069723  1.82888317  0.64381796  0.64941307
  771     O   6.0 -0.28598942       1.16054332  0.42701110  3.56557083  1.04825503  0.08460914
  772     C   4.0 -0.19703167       0.64612615  0.30036893  2.16032320  0.83363867  0.25657471
  773     N   5.0  0.18218533       0.79846102  0.28970522  2.63417476  0.87769458  0.21777909
  774     C   4.0 -0.00438897       0.61520141  0.26026502  1.99297005  0.70419326  0.43175922
  775     C   4.0  0.03267931       0.62167811  0.23530267  1.82161415  0.63681176  0.65191399
  776     O   6.0 -0.22038307       1.16010141  0.41306517  3.53417623  1.02421656  0.08882369
  777     C   4.0 -0.12960483       0.61992079  0.27103928  2.12311417  0.76560585  0.34992474
  778     C   4.0 -0.11123779       0.62000799  0.27307194  2.12638867  0.76934516  0.32242402
  779     C   4.0 -0.00766021       0.61415428  0.23929189  1.74214864  0.66466993  0.74739547
  780     O   6.0 -0.39390541       1.18164635  0.41478023  3.63168728  1.07801333  0.08777822
  781     O   6.0 -0.40702209       1.17184341  0.42913860  3.62236512  1.10222918  0.08144578
  782     N   5.0  0.25373664       0.79307896  0.28734818  2.58358574  0.86428833  0.21796215
  783     C   4.0  0.01211746       0.61794633  0.26199704  1.97846800  0.70813692  0.42133425
  784     C   4.0  0.04233333       0.62632036  0.23970848  1.81270212  0.64179026  0.63714544
  785     O   6.0 -0.21784866       1.16049290  0.42066103  3.52774334  1.02566442  0.08328697
  786     C   4.0 -0.12411322       0.62642932  0.27322811  2.11395431  0.77065201  0.33984948
  787     C   4.0 -0.13049431       0.61846828  0.26427925  2.09675980  0.73692077  0.41406621
  788     C   4.0 -0.20127481       0.63950330  0.29078108  2.17050499  0.83412457  0.26636088
  789     C   4.0 -0.18196109       0.63777775  0.28810814  2.16688061  0.82394813  0.26524646
  790     N   5.0  0.27317794       0.79934287  0.28915954  2.55827731  0.86675027  0.21329207
  791     C   4.0  0.02626907       0.62435317  0.26650947  1.96367842  0.71449202  0.40469784
  792     C   4.0  0.01386347       0.62773186  0.24053283  1.81995678  0.64786689  0.65004817
  793     O   6.0 -0.24707287       1.15576220  0.42600429  3.53986323  1.04118514  0.08425801
  794     C   4.0 -0.12910439       0.63135374  0.27913028  2.11713213  0.77852613  0.32296212
  795     C   4.0 -0.12333973       0.62920272  0.28035182  2.11231065  0.77867132  0.32280322
  796     C   4.0 -0.10191922       0.62899566  0.27899772  2.05564117  0.74485503  0.39342964
  797     N   5.0  0.06477573       0.79251438  0.29521981  2.74677444  0.89702609  0.20368955
  798     C   4.0 -0.04547621       0.61705154  0.23016697  1.89992708  0.63639273  0.66193789
  799     N   5.0  0.05228860       0.79769981  0.31038526  2.75161618  0.94277534  0.14523482
  800     N   5.0  0.04675205       0.79867780  0.31170890  2.75316244  0.94292724  0.14677157
  801     N   5.0  0.17741131       0.79562432  0.28971553  2.63759762  0.88338932  0.21626190
  802     C   4.0 -0.00588766       0.62304503  0.26413280  1.98288804  0.71096672  0.42485507
  803     C   4.0  0.00211286       0.62648821  0.24045384  1.82863563  0.64346927  0.65884019
  804     O   6.0 -0.30785113       1.16438651  0.42119849  3.59774375  1.03903502  0.08548736
  805     C   4.0 -0.11107856       0.62199181  0.27876863  2.08350319  0.77973375  0.34708118
  806     C   4.0 -0.10382063       0.64639968  0.25470719  2.07110667  0.68922453  0.44238257
  807     N   5.0  0.12127290       0.78982919  0.29141089  2.62923288  0.88131478  0.28693934
  808     C   4.0 -0.10983660       0.66101587  0.27879646  2.07258725  0.72846402  0.36897299
  809     C   4.0 -0.06380353       0.65653276  0.27442712  2.03041655  0.66954155  0.43288555
  810     N   5.0 -0.21622289       0.92438769  0.36171463  2.77615136  0.94142851  0.21254070
  811     N   5.0  0.15058214       0.79298294  0.28823218  2.67200470  0.87784070  0.21835735
  812     C   4.0 -0.01436351       0.62493706  0.26416478  1.98897129  0.71136451  0.42492588
  813     C   4.0 -0.01295164       0.62654400  0.24019608  1.83415198  0.64549638  0.66656319
  814     O   6.0 -0.32476345       1.16278875  0.42008984  3.61169803  1.04193878  0.08824805
  815     C   4.0 -0.10054877       0.62193882  0.26645204  2.07630795  0.73626181  0.39958813
  816     C   4.0 -0.18920144       0.63677371  0.28868303  2.16662800  0.83230075  0.26481595
  817     C   4.0 -0.19553352       0.63872766  0.28920805  2.16923773  0.83325589  0.26510418
  818     N   5.0  0.13314048       0.79792279  0.29029158  2.67683995  0.88745725  0.21434796
  819     C   4.0 -0.01568715       0.62080455  0.26329058  1.98763508  0.71547870  0.42847823
  820     C   4.0  0.00666340       0.62397146  0.24021603  1.82334518  0.64523274  0.66057118
  821     O   6.0 -0.29876358       1.16172862  0.41364592  3.60918415  1.02553543  0.08866946
  822     C   4.0 -0.14021028       0.62926459  0.27650157  2.11297446  0.78475910  0.33671055
  823     C   4.0 -0.23487112       0.65342420  0.29687163  2.04090130  0.87161836  0.37205563
  824     S   6.0  0.30531796       1.06452858  0.40560800  3.11721659  0.88049120  0.22683767
  825     C   4.0 -0.35123906       0.66446835  0.31564695  2.12280273  0.92446530  0.32385574
  826     N   5.0  0.13521650       0.79532993  0.29033825  2.67750752  0.88578141  0.21582640
  827     C   4.0 -0.01223275       0.62899566  0.26676852  1.98946434  0.71550736  0.41149688
  828     C   4.0 -0.02149072       0.62853813  0.24313049  1.84182614  0.64397822  0.66401773
  829     O   6.0 -0.32457475       1.16049933  0.42681596  3.60760450  1.04292193  0.08673302
  830     C   4.0 -0.01483002       0.63147861  0.26873037  1.94322431  0.70251906  0.46887767
  831     O   6.0 -0.20870627       1.11751926  0.40170932  3.54337108  1.05704409  0.08906252
  832     C   4.0 -0.21067445       0.64213008  0.29246807  2.19091213  0.82735154  0.25781263
  833     N   5.0  0.11763996       0.79644769  0.29032144  2.70297176  0.87701198  0.21560716
  834     C   4.0 -0.01045810       0.62146574  0.26445657  1.98320091  0.71128352  0.43005136
  835     C   4.0 -0.02617634       0.62816972  0.23924893  1.84227288  0.64305659  0.67342823
  836     O   6.0 -0.34091531       1.15584135  0.43575490  3.60916936  1.05505651  0.08509319
  837     C   4.0 -0.09768877       0.63552034  0.28300875  2.09956437  0.77728422  0.30231109
  838     C   4.0 -0.04951936       0.63547385  0.24491397  1.84831333  0.65390432  0.66691390
  839     O   6.0 -0.35703705       1.15749860  0.44006187  3.60477734  1.06977510  0.08492414
  840     N   5.0  0.05596763       0.81088424  0.31367493  2.71531475  0.94563562  0.15852285
  841     N   5.0  0.10516569       0.79740775  0.28871524  2.70811778  0.87819046  0.22240308
  842     C   4.0 -0.02012234       0.62246996  0.26563716  1.99259567  0.71082953  0.42859002
  843     C   4.0 -0.01363686       0.63249022  0.24206731  1.83578229  0.64098199  0.66231506
  844     O   6.0 -0.34399340       1.15937710  0.43903002  3.59805977  1.06354648  0.08398003
  845     C   4.0 -0.14840809       0.63199222  0.27803150  2.12537497  0.77440763  0.33860177
  846     C   4.0 -0.13485640       0.62105215  0.26716092  2.09860265  0.73999791  0.40804277
  847     C   4.0 -0.20020684       0.64010507  0.29275754  2.16776234  0.83609504  0.26348686
  848     C   4.0 -0.22297803       0.64618003  0.29857334  2.17938185  0.83396517  0.26487764
  849     N   5.0  0.10406428       0.79543203  0.29444432  2.69992310  0.88899100  0.21714527
  850     C   4.0 -0.07174190       0.63222069  0.28083488  2.04683554  0.74660370  0.36524709
  851     C   4.0 -0.02850403       0.63365203  0.24108592  1.84387445  0.64316663  0.66672499
  852     O   6.0 -0.36167817       1.16150975  0.44055828  3.61041677  1.06477761  0.08441575
  853     N   5.0  0.12756554       0.79857057  0.28978354  2.67531186  0.88948935  0.21927913
  854     C   4.0 -0.03396750       0.62126499  0.26387569  2.00498343  0.70944005  0.43440334
  855     C   4.0 -0.01481385       0.62877393  0.24023366  1.83880258  0.64369494  0.66330875
  856     O   6.0 -0.32300945       1.15534663  0.42933977  3.60949969  1.04537123  0.08345212
  857     C   4.0 -0.14348386       0.62799233  0.27799034  2.12298465  0.77064040  0.34387614
  858     C   4.0 -0.13722076       0.63106459  0.27846202  2.13589793  0.77127331  0.32052289
  859     C   4.0 -0.11307463       0.63401216  0.24408096  1.80872506  0.65314718  0.77310927
  860     O   6.0 -0.45238246       1.17120624  0.44585168  3.67213595  1.07964489  0.08354370
  861     O   6.0 -0.43873689       1.17163038  0.44772491  3.65300202  1.08420202  0.08217756
  862     N   5.0  0.12148124       0.79943758  0.29106092  2.67592448  0.89216760  0.21992818
  863     C   4.0 -0.03698280       0.61962497  0.26303101  2.00549549  0.71256636  0.43626498
  864     C   4.0 -0.03035387       0.63055891  0.24141476  1.84525162  0.64500012  0.66812848
  865     O   6.0 -0.35342912       1.15792930  0.43786651  3.61102617  1.06123829  0.08536886
  866     C   4.0 -0.14280498       0.63232905  0.28174236  2.12705028  0.76779170  0.33389158
  867     C   4.0 -0.15932281       0.62652624  0.27940145  2.13522160  0.77382585  0.34434767
  868     C   4.0 -0.16349203       0.62907708  0.28331700  2.14218903  0.76741090  0.34149802
  869     C   4.0 -0.09774318       0.63945943  0.28566974  2.09610689  0.73213096  0.34437615
  870     N   5.0  0.30775472       0.75033444  0.30969059  2.51725751  0.90722972  0.20773301
  871     N   5.0  0.12344339       0.79900450  0.29099682  2.67937052  0.88996851  0.21721625
  872     C   4.0 -0.02001133       0.62003767  0.26343954  1.99938214  0.70913361  0.42801837
  873     C   4.0 -0.01982440       0.62471789  0.23669329  1.84208107  0.63959844  0.67673370
  874     O   6.0 -0.33434920       1.15248823  0.43211472  3.61412728  1.05020857  0.08541041
  875     C   4.0 -0.13305164       0.63120294  0.27430722  2.11967963  0.77035701  0.33750484
  876     C   4.0 -0.14109758       0.61866105  0.26499158  2.10714650  0.73647460  0.41382385
  877     C   4.0 -0.18420428       0.63597792  0.28814882  2.16669953  0.82809785  0.26528015
  878     C   4.0 -0.21606091       0.64141345  0.29342380  2.17962420  0.83252141  0.26907805
  879     N   5.0  0.11705578       0.79364532  0.28869581  2.69590175  0.88499033  0.21971100
  880     C   4.0 -0.02610846       0.62329352  0.26405406  2.00651878  0.71009611  0.42214599
  881     C   4.0 -0.01517468       0.62846655  0.23999810  1.83506012  0.64484458  0.66680533
  882     O   6.0 -0.32838015       1.16025960  0.42766917  3.60545433  1.05141702  0.08358003
  883     C   4.0 -0.03016809       0.63040203  0.26861629  1.95400041  0.70193699  0.47521237
  884     O   6.0 -0.20306592       1.11461949  0.39538372  3.55679095  1.04689047  0.08938129
  885     C   4.0 -0.22170638       0.64748317  0.30095345  2.18599832  0.83284041  0.25443103
  886     N   5.0  0.09919186       0.80036730  0.29175299  2.70083266  0.88923800  0.21861719
  887     C   4.0 -0.02808776       0.61988544  0.26398209  1.99980050  0.70879927  0.43562045
  888     C   4.0 -0.03425403       0.62329066  0.23799908  1.84798300  0.64358930  0.68139198
  889     O   6.0 -0.29554036       1.15059328  0.42560026  3.59067142  1.04340750  0.08526790
  890     C   4.0 -0.13284240       0.63604599  0.28227574  2.12504005  0.77644613  0.31303448
  891     C   4.0 -0.10255958       0.63466817  0.24279740  1.80273932  0.65174302  0.77061166
  892     O   6.0 -0.43898659       1.17367494  0.44823012  3.65182865  1.08468440  0.08056848
  893     O   6.0 -0.44983046       1.17424846  0.44888276  3.65746093  1.08624914  0.08298918
  894     N   5.0  0.09309770       0.79992670  0.29058987  2.70618629  0.88924280  0.22095664
  895     C   4.0 -0.03145576       0.61970973  0.26358443  2.00439608  0.70901498  0.43475053
  896     C   4.0 -0.02133550       0.62513697  0.23929381  1.84242934  0.64471900  0.66975637
  897     O   6.0 -0.30564778       1.15504181  0.42496389  3.59871495  1.04223263  0.08469450
  898     C   4.0 -0.15146705       0.62936163  0.28114194  2.12926942  0.76743001  0.34426406
  899     C   4.0 -0.15179052       0.63474661  0.28286961  2.14002252  0.77767082  0.31648097
  900     C   4.0 -0.10347588       0.63592356  0.24365641  1.80484754  0.65133972  0.76770864
  901     O   6.0 -0.44068065       1.17298234  0.44878215  3.65000784  1.08654696  0.08236137
  902     O   6.0 -0.45831807       1.17412901  0.44792470  3.67151916  1.08244577  0.08229943
  903     N   5.0  0.10600090       0.79862601  0.28971389  2.69619060  0.88959661  0.21987200
  904     C   4.0 -0.02444910       0.62027669  0.26416507  1.99574161  0.71112901  0.43313672
  905     C   4.0 -0.01386406       0.62519908  0.23977774  1.83777463  0.64476927  0.66634334
  906     O   6.0 -0.31855274       1.15708280  0.42544755  3.60606456  1.04491267  0.08504517
  907     C   4.0 -0.13305188       0.62921059  0.27877802  2.11423916  0.77230835  0.33851576
  908     C   4.0 -0.15690244       0.63655728  0.28307578  2.13995510  0.77855027  0.31876401
  909     C   4.0 -0.08816444       0.63205522  0.24317928  1.79535002  0.65331690  0.76426303
  910     O   6.0 -0.41576155       1.17111623  0.43654233  3.65975785  1.06620064  0.08214448
  911     O   6.0 -0.44120294       1.17427826  0.44838753  3.65111637  1.08519036  0.08223042
  912     N   5.0  0.11904698       0.79624879  0.29060930  2.69384766  0.88316128  0.21708599
  913     C   4.0  0.01410528       0.62327224  0.26152480  1.98372215  0.69732770  0.42004783
  914     C   4.0 -0.01359191       0.62636143  0.23958674  1.83584011  0.64385162  0.66795201
  915     O   6.0 -0.30278707       1.15993381  0.42071447  3.59293854  1.04296601  0.08623424
  916     C   4.0 -0.09416311       0.62071794  0.26532862  2.07239354  0.73630093  0.39942209
  917     C   4.0 -0.18297644       0.63673902  0.28717768  2.16330165  0.82984713  0.26591097
  918     C   4.0 -0.19878622       0.63617212  0.28735289  2.17987919  0.82649523  0.26888679
  919     N   5.0  0.10772055       0.79905409  0.28974491  2.70185560  0.88339606  0.21822879
  920     C   4.0 -0.02524098       0.62016433  0.26392871  1.99888939  0.70868619  0.43357236
  921     C   4.0 -0.01572267       0.62583095  0.23856442  1.83771503  0.64365691  0.66995537
  922     O   6.0 -0.31197653       1.15948319  0.42403427  3.59630609  1.04680333  0.08534966
  923     C   4.0 -0.12353783       0.63235676  0.27878851  2.12306070  0.77601331  0.31331854
  924     C   4.0 -0.10965759       0.62945694  0.24313822  1.80340636  0.65737972  0.77627635
  925     O   6.0 -0.43856848       1.17069840  0.44393691  3.66430116  1.07815713  0.08147487
  926     O   6.0 -0.44144186       1.17241132  0.44677043  3.65448475  1.08516786  0.08260750
  927     N   5.0  0.10298896       0.79645491  0.28817990  2.70761853  0.88292974  0.22182796
  928     C   4.0 -0.02978461       0.61943752  0.26371789  1.99776298  0.71251939  0.43634684
  929     C   4.0 -0.01751134       0.62769234  0.24049042  1.83879471  0.64475703  0.66577683
  930     O   6.0 -0.32494996       1.15735841  0.43029019  3.59743273  1.05510095  0.08476768
  931     C   4.0 -0.14138367       0.63152981  0.28220248  2.12059778  0.77379267  0.33326093
  932     C   4.0 -0.14824729       0.63644212  0.28232956  2.13495624  0.78079799  0.31372138
  933     C   4.0 -0.10083690       0.63517988  0.24403185  1.79831570  0.65310223  0.77020724
  934     O   6.0 -0.44334287       1.17282283  0.44781902  3.65392554  1.08661550  0.08215998
  935     O   6.0 -0.44506508       1.17118061  0.44599518  3.66507220  1.08023554  0.08258155
  936     N   5.0  0.11501817       0.80005586  0.29030365  2.69076127  0.88633063  0.21753042
  937     C   4.0 -0.01784518       0.62051231  0.26431969  1.99329758  0.71036747  0.42934813
  938     C   4.0 -0.01821252       0.62892729  0.24084581  1.83892494  0.64539991  0.66411455
  939     O   6.0 -0.32392909       1.15738010  0.43566817  3.58549047  1.06239986  0.08299048
  940     C   4.0 -0.14164173       0.62795502  0.27823046  2.11616790  0.77717377  0.34211458
  941     C   4.0 -0.28945481       0.65279686  0.30024132  2.07285446  0.87144220  0.39211997
  942     S   6.0  0.30787013       1.05809700  0.40615937  3.08639777  0.89962447  0.24185126
  943     C   4.0 -0.30952975       0.65636379  0.30592111  2.12598699  0.90333930  0.31791857
  944     N   5.0  0.11976706       0.79495525  0.28867802  2.68889213  0.88655549  0.22115204
  945     C   4.0 -0.01118872       0.62440884  0.26374868  1.98727423  0.70885970  0.42689727
  946     C   4.0 -0.01110854       0.62996608  0.24276493  1.82783431  0.64835721  0.66218600
  947     O   6.0 -0.31330929       1.15690553  0.42702442  3.59860456  1.04719117  0.08358360
  948     C   4.0 -0.10161392       0.62188941  0.26605994  2.07656687  0.73538709  0.40171061
  949     C   4.0 -0.15487117       0.62639707  0.27576193  2.13324046  0.77214834  0.34732336
  950     C   4.0 -0.19178845       0.63892138  0.29105508  2.16548383  0.83266011  0.26366805
  951     C   4.0 -0.19688554       0.63710684  0.28883275  2.17147249  0.83466500  0.26480846
  952     N   5.0  0.10886630       0.79964793  0.29119855  2.69481498  0.89123768  0.21423456
  953     C   4.0 -0.02121611       0.62021786  0.26444644  1.99348617  0.71157220  0.43149344
  954     C   4.0 -0.03622339       0.62554830  0.24073362  1.84974295  0.64470255  0.67549596
  955     O   6.0 -0.31773868       1.15383172  0.43434998  3.59220469  1.05249819  0.08485410
  956     C   4.0 -0.14670866       0.62696469  0.27746075  2.12983519  0.77061790  0.34183013
  957     C   4.0 -0.15709529       0.62952679  0.28070790  2.14193809  0.76867627  0.33624625
  958     C   4.0 -0.10544138       0.63053137  0.28285441  2.05757272  0.74148025  0.39300264
  959     N   5.0  0.06214025       0.79213667  0.29716980  2.74535751  0.90016156  0.20303419
  960     C   4.0 -0.04088683       0.61656648  0.23147151  1.89763129  0.63858885  0.65662871
  961     N   5.0  0.05756847       0.79657733  0.31061700  2.74879497  0.94256452  0.14387771
  962     N   5.0  0.05040084       0.79652131  0.31263179  2.75689536  0.93824378  0.14530693
  963     N   5.0  0.10749110       0.79477590  0.28918427  2.70052117  0.88525650  0.22277106
  964     C   4.0 -0.03101239       0.61995780  0.26448488  2.00191689  0.70735595  0.43729687
  965     C   4.0 -0.02788106       0.62889355  0.24213722  1.84238702  0.64543669  0.66902658
  966     O   6.0 -0.34479770       1.15666962  0.43344718  3.62004447  1.05010936  0.08452708
  967     C   4.0 -0.14566327       0.62658614  0.27833179  2.12615168  0.76826967  0.34632399
  968     C   4.0 -0.15101150       0.63128489  0.28088349  2.14265049  0.77157353  0.32461910
  969     C   4.0 -0.09604832       0.63532788  0.24385056  1.79939848  0.65228184  0.76518957
  970     O   6.0 -0.44130428       1.17353058  0.44821486  3.65351593  1.08515915  0.08088375
  971     O   6.0 -0.45238438       1.17490220  0.44997078  3.65700150  1.08815050  0.08235940
  972     N   5.0  0.11272100       0.79800934  0.29082417  2.69294047  0.88666138  0.21884363
  973     C   4.0 -0.02434762       0.62122077  0.26422593  1.99724102  0.71212220  0.42953770
  974     C   4.0 -0.00445134       0.63056737  0.24066108  1.83206874  0.64058539  0.66056875
  975     O   6.0 -0.31661754       1.15950954  0.42863706  3.59736454  1.04744932  0.08365708
  976     C   4.0 -0.17241964       0.64169776  0.29084569  2.15370554  0.83019620  0.25597444
  977     N   5.0  0.11959437       0.80205256  0.29133630  2.67252833  0.89733222  0.21715623
  978     C   4.0 -0.02134164       0.62176663  0.26436368  1.98469877  0.71787888  0.43263369
  979     C   4.0 -0.00082357       0.63206965  0.24234897  1.82515293  0.64464411  0.65660791
  980     O   6.0 -0.32066779       1.16120911  0.42847359  3.60255373  1.04307368  0.08535769
  981     C   4.0 -0.10782546       0.63022399  0.27790746  2.11789417  0.77683182  0.30496801
  982     C   4.0 -0.03489706       0.61821705  0.23907134  1.76008946  0.65424182  0.76327740
  983     O   6.0 -0.50696900       1.16783166  0.42280245  3.72431242  1.10076764  0.09125483
  984     O   6.0 -0.33479613       1.17029071  0.43371341  3.60391307  1.04982421  0.07705474
  985     N   5.0  0.12302258       0.79952818  0.29055554  2.67440307  0.89448890  0.21800173
  986     C   4.0 -0.02464522       0.62193787  0.26328981  1.99941397  0.70858254  0.43142103
  987     C   4.0 -0.03792184       0.62371308  0.24095967  1.84808654  0.64541920  0.67974336
  988     O   6.0 -0.33667324       1.15525568  0.43538737  3.60492527  1.05632567  0.08477924
  989     C   4.0 -0.10859987       0.62284046  0.26611945  2.07905293  0.73701969  0.40356734
  990     C   4.0 -0.17686457       0.62628996  0.27869412  2.14899427  0.76938260  0.35350362
  991     C   4.0 -0.21086796       0.64426756  0.29803982  2.17553669  0.82900023  0.26402365
  992     C   4.0 -0.21580446       0.64144593  0.29514143  2.18055201  0.82757093  0.27109416
  993     N   5.0  0.10892477       0.79412413  0.28904167  2.70609945  0.88025314  0.22155684
  994     C   4.0 -0.03330003       0.62001073  0.26460993  2.00334889  0.71040182  0.43492866
  995     C   4.0 -0.05258448       0.62768984  0.24292253  1.84755784  0.64526372  0.68915055
  996     O   6.0 -0.33538033       1.15482569  0.43570521  3.60094523  1.05755278  0.08635141
  997     C   4.0 -0.09366998       0.63667029  0.28480971  2.09759891  0.78009093  0.29450015
  998     C   4.0 -0.02259587       0.62173140  0.24185702  1.75366491  0.65683164  0.74851090
  999     O   6.0 -0.31932922       1.17452657  0.43139970  3.56871283  1.06615737  0.07853274
 1000     O   6.0 -0.47487248       1.18168688  0.41856626  3.69362998  1.08975217  0.09123720
 1001     N   5.0  0.10058968       0.79535007  0.29335690  2.69424015  0.89753795  0.21892525
 1002     C   4.0 -0.07745998       0.62758976  0.27915722  2.04996783  0.75527781  0.36546736
 1003     C   4.0 -0.01866063       0.62637782  0.24264619  1.83472705  0.64670134  0.66820823
 1004     O   6.0 -0.34473877       1.15925694  0.43872461  3.60319281  1.05992711  0.08363731
 1005     N   5.0  0.10702467       0.79721487  0.29129776  2.69045490  0.89440015  0.21960765
 1006     C   4.0 -0.03188716       0.62348455  0.26727790  1.99498463  0.71575110  0.43038899
 1007     C   4.0 -0.03664570       0.63205838  0.24295901  1.84287733  0.64516538  0.67358560
 1008     O   6.0 -0.34105039       1.15726173  0.43748569  3.60239387  1.05872384  0.08518526
 1009     C   4.0 -0.10964797       0.63716894  0.28505716  2.10657889  0.78185628  0.29898670
 1010     C   4.0 -0.04670557       0.62396538  0.24293663  1.76131076  0.66122955  0.75726326
 1011     O   6.0 -0.37598156       1.17244172  0.44071594  3.61075234  1.07571939  0.07635217
 1012     O   6.0 -0.48846142       1.17919087  0.42359194  3.69819856  1.09720185  0.09027819
 1013     N   5.0  0.10119703       0.79629695  0.29458216  2.69644916  0.89357498  0.21789971
 1014     C   4.0 -0.06716335       0.63128740  0.27982506  2.04315233  0.74974430  0.36315427
 1015     C   4.0 -0.02269132       0.62933207  0.24221028  1.83507705  0.64779109  0.66828083
 1016     O   6.0 -0.33291243       1.15744841  0.43680409  3.59707892  1.05895132  0.08262969
 1017     N   5.0  0.11009716       0.80039966  0.29080266  2.68790311  0.89454791  0.21624950
 1018     C   4.0  0.00883650       0.61775255  0.26253936  1.98063779  0.70976938  0.42046442
 1019     C   4.0  0.04466938       0.61921513  0.23469935  1.80858886  0.63509825  0.65772902
 1020     O   6.0 -0.45230054       1.14890110  0.41832325  3.69152534  1.09548268  0.09806817
 1021     C   4.0 -0.13490545       0.62687552  0.27412215  2.12700218  0.76273596  0.34416964
 1022     C   4.0 -0.12182484       0.63022327  0.27959266  2.11872905  0.77367073  0.31960911
 1023     C   4.0 -0.03497273       0.62859619  0.24095979  1.84390795  0.64669107  0.67481773
 1024     O   6.0 -0.36787352       1.15876079  0.44106945  3.61369443  1.06834859  0.08600026
 1025     N   5.0  0.10703657       0.79813206  0.30223176  2.71852404  0.91686040  0.15721517
 1026     N   5.0  0.18754954       0.79203701  0.28870624  2.63755387  0.88444072  0.20971262
 1027     C   4.0 -0.00717404       0.62445635  0.26327884  1.98098874  0.71282582  0.42562429
 1028     C   4.0  0.01941857       0.62731427  0.23938324  1.82047629  0.63924372  0.65416390
 1029     O   6.0 -0.27700605       1.15964139  0.41189089  3.59517801  1.02080628  0.08948948
 1030     C   4.0 -0.10456067       0.62070090  0.26582012  2.08355629  0.73110053  0.40338284
 1031     C   4.0 -0.18395409       0.63606733  0.28770062  2.16210437  0.83355281  0.26452896
 1032     C   4.0 -0.19710552       0.63783789  0.28939906  2.16784108  0.83506873  0.26695876
 1033     N   5.0  0.14631764       0.79640090  0.28960428  2.66160148  0.89119130  0.21488439
 1034     C   4.0 -0.00140061       0.61876929  0.26341200  1.98568231  0.71175061  0.42178641
 1035     C   4.0 -0.00241140       0.62478817  0.23940592  1.82857794  0.64068593  0.66895345
 1036     O   6.0 -0.30253203       1.15854132  0.41941848  3.61632240  1.02298456  0.08526526
 1037     C   4.0 -0.08654172       0.63480234  0.28141695  2.08905905  0.77939859  0.30186478
 1038     C   4.0 -0.03691288       0.62796193  0.24254613  1.84110129  0.65239693  0.67290660
 1039     O   6.0 -0.36414440       1.15882277  0.43808562  3.61409891  1.06833246  0.08480464
 1040     N   5.0  0.11319796       0.79576564  0.29577079  2.71423203  0.91267741  0.16835617
 1041     N   5.0  0.14521566       0.79485351  0.28978500  2.66881901  0.88601261  0.21531421
 1042     C   4.0  0.02069951       0.61801815  0.26233125  1.95756453  0.71091762  0.43046894
 1043     C   4.0  0.00508919       0.62474459  0.23924458  1.82921112  0.64191335  0.65979716
 1044     O   6.0 -0.25551438       1.15961945  0.42080879  3.55616224  1.03468806  0.08423585
 1045     C   4.0 -0.05024467       0.62580550  0.27928776  2.07141882  0.77216309  0.30156950
 1046     C   4.0  0.26802729       0.63616645  0.25745296  1.78805321  0.66006234  0.39023774
 1047     C   4.0  0.05511003       0.64697975  0.27408186  2.00292027  0.74109501  0.27981309
 1048     C   4.0  0.04155334       0.65209800  0.27703813  2.00604016  0.74475241  0.27851797
 1049     C   4.0  0.11507164       0.64429617  0.27549848  1.96434546  0.72267240  0.27811585
 1050     C   4.0  0.10787587       0.65027076  0.27706781  1.96339786  0.72135162  0.28003608
 1051     C   4.0  0.28834078       0.62697351  0.24890764  1.74449003  0.64166930  0.44961873
 1052     O   6.0  0.33215105       1.09929562  0.38657790  3.09188521  0.99868265  0.09140757
 1053     N   5.0  0.13485392       0.79652393  0.28791133  2.68358374  0.87664303  0.22048406
 1054     C   4.0 -0.01850353       0.62030977  0.26456171  1.99342138  0.71030062  0.42991005
 1055     C   4.0  0.00197822       0.62489784  0.23913400  1.83179283  0.64262193  0.65957518
 1056     O   6.0 -0.29638260       1.15873682  0.42609614  3.58083439  1.04627374  0.08444151
 1057     C   4.0 -0.13933899       0.63107872  0.28234237  2.11604667  0.77221517  0.33765605
 1058     C   4.0 -0.15625456       0.63933831  0.28688824  2.13359755  0.78280160  0.31362886
 1059     C   4.0 -0.09483939       0.63478059  0.24609697  1.79702634  0.65528183  0.76165368
 1060     O   6.0 -0.41610544       1.17266715  0.43947008  3.65806735  1.06267041  0.08323045
 1061     O   6.0 -0.43444385       1.17264652  0.44812644  3.64723349  1.08570588  0.08073153
 1062     N   5.0  0.16337943       0.79194015  0.28511766  2.68011528  0.85827649  0.22117099
 1063     C   4.0 -0.00924266       0.61569256  0.26076230  1.99272525  0.70522459  0.43483796
 1064     C   4.0  0.00580963       0.62424815  0.23849684  1.83278900  0.64273055  0.65592583
 1065     O   6.0 -0.25730884       1.15514088  0.42812327  3.54711878  1.04263794  0.08428797
 1066     C   4.0 -0.12483286       0.62159920  0.27321777  2.12131238  0.76700728  0.34169624
 1067     C   4.0 -0.10370171       0.62364662  0.27478936  2.11477959  0.77518743  0.31529871
 1068     C   4.0 -0.00035141       0.61805338  0.24122217  1.73673666  0.66494600  0.73939320
 1069     O   6.0 -0.40826699       1.17906535  0.42420596  3.62622738  1.09503177  0.08373653
 1070     O   6.0 -0.41670518       1.17511773  0.42706653  3.63249052  1.09952280  0.08250760
 1071     N   5.0  0.21330570       0.79700810  0.28772372  2.61259204  0.87093845  0.21843199
 1072     C   4.0  0.01216630       0.62169200  0.26399902  1.97344095  0.70992012  0.41878162
 1073     C   4.0  0.01721777       0.62634087  0.23949043  1.82137364  0.64206289  0.65351440
 1074     O   6.0 -0.27343860       1.16148174  0.42179731  3.56213748  1.04178089  0.08624118
 1075     C   4.0 -0.10403781       0.62121731  0.27353403  2.09207928  0.77891487  0.33829232
 1076     C   4.0 -0.04592834       0.63411123  0.25765368  2.03027666  0.72715123  0.39673555
 1077     C   4.0 -0.06362969       0.64972848  0.27558985  2.05827427  0.76068710  0.31934999
 1078     C   4.0 -0.06143821       0.65124303  0.27761343  2.05704892  0.75919469  0.31633814
 1079     C   4.0 -0.07137349       0.65125519  0.27853191  2.05499208  0.76809385  0.31850046
 1080     C   4.0 -0.07410919       0.65188432  0.27972832  2.05385482  0.77018532  0.31845641
 1081     C   4.0 -0.07854734       0.65218699  0.27916905  2.05863941  0.76901038  0.31954151
 1082     N   5.0  0.16444287       0.79478902  0.28888947  2.65458339  0.88087094  0.21642431
 1083     C   4.0 -0.00840251       0.62374210  0.26366839  1.98562902  0.71081308  0.42454992
 1084     C   4.0 -0.03134599       0.62663609  0.24209844  1.84487164  0.64562184  0.67211799
 1085     O   6.0 -0.30834525       1.15274751  0.43210480  3.58668447  1.05139178  0.08541669
 1086     C   4.0 -0.12192981       0.61895138  0.26587483  2.09320301  0.73378330  0.41011728
 1087     C   4.0 -0.20991634       0.64183033  0.29656145  2.17443562  0.82921457  0.26787438
 1088     C   4.0 -0.20012368       0.63603330  0.28917781  2.17458057  0.83138500  0.26894700
 1089     N   5.0  0.11575781       0.79546696  0.29038829  2.69350517  0.88533992  0.21954186
 1090     C   4.0 -0.02564314       0.62629110  0.26567256  1.99969488  0.71120650  0.42277810
 1091     C   4.0 -0.01935691       0.62966961  0.24269560  1.83532089  0.64529403  0.66637679
 1092     O   6.0 -0.33874665       1.15714133  0.43744400  3.60147762  1.05856022  0.08412348
 1093     C   4.0 -0.03230947       0.62731212  0.26620492  1.95780337  0.69922327  0.48176578
 1094     O   6.0 -0.21556107       1.11744142  0.40036827  3.54866195  1.05791885  0.09117058
 1095     C   4.0 -0.20415320       0.64521611  0.29898125  2.17406112  0.83435573  0.25153900
 1096     N   5.0  0.13740834       0.79616046  0.28978527  2.67285603  0.88803315  0.21575675
 1097     C   4.0  0.02661473       0.61517620  0.26393956  1.96515489  0.70226949  0.42684513
 1098     C   4.0 -0.11326552       0.59328425  0.21825005  2.01654810  0.58251899  0.70266413
 1099     O   6.0 -0.51179983       1.17888904  0.41019717  3.81324184  0.98911771  0.12035407
 1100     C   4.0 -0.14479575       0.63027000  0.27870324  2.11964691  0.78428446  0.33189114
 1101     C   4.0 -0.25219170       0.65682441  0.30315161  2.04256332  0.87489951  0.37475285
 1102     S   6.0  0.28775205       1.06345987  0.40998420  3.11374962  0.89484945  0.23020480
 1103     C   4.0 -0.36957858       0.65827900  0.31309214  2.13645464  0.93068889  0.33106391
 1104     N   5.0  0.16191066       0.73354143  0.25263429  2.67309910  0.78935909  0.38945543
 1105     C   4.0 -0.01624484       0.62122142  0.26384816  2.01176316  0.70391326  0.41549885
 1106     C   4.0  0.17777274       0.67079520  0.28906795  1.77314827  0.64613089  0.44308495
 1107     O   6.0 -0.20700281       1.16442251  0.45482424  3.44174683  1.06839183  0.07761740
 1108     C   4.0 -0.16791860       0.63193578  0.28022048  2.13261735  0.78001975  0.34312525
 1109     C   4.0 -0.29221242       0.65436321  0.30070555  2.06910008  0.87952816  0.38851541
 1110     S   6.0  0.29773070       1.07924700  0.41698024  3.08453190  0.91141126  0.21009891
 1111     C   4.0 -0.33747718       0.67597836  0.32592788  2.09769917  0.93803364  0.29983813
 1112     Ca 10.0  1.50791904       1.58144701  0.18293303  0.32781571  5.71323204  0.49188161  0.19477156
 1113     Ca 10.0  1.48696321       1.58558154  0.18213406  0.31469327  5.71312439  0.54116654  0.17633698
 1114     Ca 10.0  1.50113801       1.57958329  0.18241391  0.31430835  5.71236849  0.51803339  0.19215458
 1115     Ca 10.0  1.49305342       1.58156788  0.18145038  0.30502051  5.71073985  0.52226308  0.20590487
 1116     O   6.0 -0.39133325       1.20026338  0.44004369  3.50920844  1.20617917  0.03563857
 1117     O   6.0 -0.43715095       1.19050670  0.46025175  3.55116320  1.20142525  0.03380406
 1118     O   6.0 -0.33047301       1.19987082  0.44605753  3.41561544  1.22714624  0.04178298
 1119     O   6.0 -0.43983417       1.19447351  0.45924962  3.54721367  1.20493957  0.03395780
 1120     O   6.0 -0.45127429       1.19584417  0.45663732  3.56569576  1.19793510  0.03516192
 1121     O   6.0 -0.41771119       1.19119442  0.45371786  3.52679819  1.21266818  0.03333255
 1122     O   6.0 -0.41347765       1.18776143  0.44811106  3.53669965  1.20471376  0.03619175
 1123     H   1.0  0.19115460       0.58207232  0.09007170  0.13670138
 1124     H   1.0  0.18804678       0.57968670  0.09011636  0.14215016
 1125     H   1.0  0.18575737       0.58370960  0.09633287  0.13420016
 1126     H   1.0  0.10840071       0.64218402  0.12861672  0.12079855
 1127     H   1.0  0.10011662       0.65504915  0.13454816  0.11028608
 1128     H   1.0  0.14073250       0.52523941  0.10124629  0.23278180
 1129     H   1.0  0.08827596       0.66122156  0.12347180  0.12703067
 1130     H   1.0  0.08701984       0.66170448  0.12318483  0.12809085
 1131     H   1.0  0.07943043       0.66342521  0.12808228  0.12906208
 1132     H   1.0  0.14879317       0.56713718  0.10706919  0.17700046
 1133     H   1.0  0.10426324       0.64690781  0.13840333  0.11042563
 1134     H   1.0  0.08477770       0.66324556  0.12881398  0.12316276
 1135     H   1.0  0.08367309       0.66060942  0.13130845  0.12440903
 1136     H   1.0  0.07967062       0.66081220  0.13382459  0.12569259
 1137     H   1.0  0.10035639       0.64835602  0.12292878  0.12835882
 1138     H   1.0  0.14521180       0.56599599  0.11407519  0.17471702
 1139     H   1.0  0.09700797       0.64962107  0.14239383  0.11097713
 1140     H   1.0  0.08436412       0.66148233  0.13199233  0.12216122
 1141     H   1.0  0.08387724       0.66155046  0.13039598  0.12417632
 1142     H   1.0  0.08299915       0.66058218  0.13460861  0.12181005
 1143     H   1.0  0.09890983       0.64835668  0.12457065  0.12816284
 1144     H   1.0  0.14262528       0.56525582  0.11944818  0.17267072
 1145     H   1.0  0.09645888       0.64992386  0.14347741  0.11013984
 1146     H   1.0  0.09513593       0.65435338  0.13139005  0.11912064
 1147     H   1.0  0.07889406       0.66159755  0.13116765  0.12834074
 1148     H   1.0  0.08964097       0.65784800  0.13072164  0.12178938
 1149     H   1.0  0.07974394       0.66026860  0.13185059  0.12813687
 1150     H   1.0  0.15466272       0.56889385  0.10108496  0.17535847
 1151     H   1.0  0.15356576       0.57084996  0.10181138  0.17377291
 1152     H   1.0  0.19272289       0.54835975  0.11428484  0.14463251
 1153     H   1.0  0.10817667       0.64687675  0.14059998  0.10434660
 1154     H   1.0  0.07922813       0.66036719  0.13966084  0.12074385
 1155     H   1.0  0.07660826       0.66844106  0.13280159  0.12214909
 1156     H   1.0  0.08522879       0.66093308  0.13002105  0.12381709
 1157     H   1.0  0.08524965       0.66112864  0.12761173  0.12600998
 1158     H   1.0  0.07882263       0.66248035  0.13168122  0.12701580
 1159     H   1.0  0.08119163       0.66080499  0.13450965  0.12349373
 1160     H   1.0  0.08314744       0.65815872  0.12842280  0.13027104
 1161     H   1.0  0.06993013       0.66304624  0.13018042  0.13684322
 1162     H   1.0 -0.14661752       0.59283859  0.11817542  0.43560351
 1163     H   1.0  0.12518567       0.56469858  0.12214356  0.18797219
 1164     H   1.0  0.09686944       0.65617931  0.13715594  0.10979531
 1165     H   1.0  0.09309978       0.65623057  0.12613347  0.12453618
 1166     H   1.0  0.08514733       0.65969515  0.12835766  0.12679986
 1167     H   1.0  0.07012364       0.66582900  0.13694753  0.12709983
 1168     H   1.0  0.12361076       0.56756604  0.12391530  0.18490791
 1169     H   1.0  0.09769906       0.65140045  0.14120160  0.10969890
 1170     H   1.0  0.09380012       0.65390241  0.13263088  0.11966659
 1171     H   1.0  0.07923024       0.66130435  0.14006078  0.11940462
 1172     H   1.0  0.07567326       0.65492147  0.13875359  0.13065168
 1173     H   1.0  0.07997176       0.66000265  0.13750638  0.12251921
 1174     H   1.0  0.12241922       0.56714118  0.12455077  0.18588883
 1175     H   1.0  0.09499798       0.65119332  0.14247677  0.11133193
 1176     H   1.0  0.09712436       0.64786536  0.13631131  0.11869898
 1177     H   1.0  0.07820228       0.66164786  0.14206845  0.11808141
 1178     H   1.0  0.08049526       0.64684129  0.13988088  0.13278257
 1179     H   1.0  0.07523790       0.65248543  0.14241566  0.12986102
 1180     H   1.0  0.08069756       0.64755040  0.14163405  0.13011799
 1181     H   1.0  0.08261981       0.64425123  0.14240617  0.13072280
 1182     H   1.0  0.07184378       0.65063423  0.14502741  0.13249458
 1183     H   1.0  0.12293201       0.56788099  0.12498756  0.18419943
 1184     H   1.0  0.10096277       0.64853781  0.14300331  0.10749610
 1185     H   1.0  0.09229897       0.65581006  0.13299416  0.11889682
 1186     H   1.0  0.07400186       0.66440368  0.13879442  0.12280004
 1187     H   1.0  0.03919440       0.65785480  0.13871565  0.16423515
 1188     H   1.0  0.07816030       0.66224140  0.13620678  0.12339152
 1189     H   1.0  0.08395205       0.66323143  0.13190912  0.12090740
 1190     H   1.0  0.08048828       0.66384280  0.13432506  0.12134387
 1191     H   1.0  0.08547355       0.66663915  0.12831594  0.11957136
 1192     H   1.0  0.08936356       0.66373378  0.12972437  0.11717829
 1193     H   1.0  0.18625024       0.58448696  0.09282023  0.13644256
 1194     H   1.0  0.19050121       0.58146209  0.09023668  0.13780003
 1195     H   1.0  0.18648823       0.58356237  0.09346698  0.13648241
 1196     H   1.0  0.13354356       0.56707644  0.12481461  0.17456539
 1197     H   1.0  0.10140376       0.65028876  0.14003311  0.10827437
 1198     H   1.0  0.08914417       0.65580118  0.13477212  0.12028253
 1199     H   1.0  0.08003431       0.66216832  0.13809289  0.11970447
 1200     H   1.0  0.06823861       0.66409028  0.13701850  0.13065261
 1201     H   1.0  0.09231337       0.65185386  0.13042413  0.12540864
 1202     H   1.0  0.12618421       0.56600589  0.12298885  0.18482106
 1203     H   1.0  0.10139016       0.65223461  0.13416354  0.11221168
 1204     H   1.0  0.08977323       0.65546918  0.13174534  0.12301225
 1205     H   1.0  0.08317717       0.65966761  0.13143045  0.12572477
 1206     H   1.0  0.07273339       0.66483122  0.14014505  0.12229034
 1207     H   1.0  0.11490919       0.56681627  0.12490780  0.19336674
 1208     H   1.0  0.10575200       0.64192748  0.14401902  0.10830150
 1209     H   1.0  0.07601524       0.66143906  0.14322372  0.11932198
 1210     H   1.0  0.07523022       0.65790820  0.13962731  0.12723427
 1211     H   1.0  0.07804483       0.64724135  0.14422792  0.13048589
 1212     H   1.0  0.07325225       0.64813262  0.14545669  0.13315845
 1213     H   1.0  0.07373966       0.64907080  0.14506295  0.13212659
 1214     H   1.0  0.07469738       0.64572316  0.15016346  0.12941600
 1215     H   1.0  0.07310904       0.64917052  0.14619210  0.13152834
 1216     H   1.0  0.12450324       0.56695926  0.12575464  0.18278285
 1217     H   1.0  0.10075408       0.64745331  0.14075960  0.11103301
 1218     H   1.0  0.06723883       0.67434156  0.14111120  0.11730842
 1219     H   1.0  0.09147506       0.65683055  0.13819242  0.11350198
 1220     H   1.0  0.15244232       0.52358162  0.09720559  0.22677046
 1221     H   1.0  0.13255378       0.56767607  0.12467899  0.17509116
 1222     H   1.0  0.09971797       0.64893287  0.14016351  0.11118564
 1223     H   1.0  0.08938152       0.65670437  0.13347362  0.12044049
 1224     H   1.0  0.07926264       0.66013306  0.13792349  0.12268081
 1225     H   1.0  0.04557738       0.65926570  0.13740507  0.15775185
 1226     H   1.0  0.08549538       0.66030228  0.12812071  0.12608163
 1227     H   1.0  0.08061435       0.66278160  0.12983292  0.12677113
 1228     H   1.0  0.08082420       0.66647297  0.12787139  0.12483143
 1229     H   1.0  0.08390101       0.66348445  0.12551403  0.12710050
 1230     H   1.0  0.08130107       0.66545653  0.12780122  0.12544117
 1231     H   1.0  0.08291391       0.66382957  0.12662795  0.12662857
 1232     H   1.0  0.14512651       0.56745136  0.12531318  0.16210895
 1233     H   1.0  0.10372935       0.64767712  0.13967988  0.10891365
 1234     H   1.0  0.09077385       0.65489572  0.13721056  0.11711986
 1235     H   1.0  0.08040815       0.66114306  0.14253429  0.11591450
 1236     H   1.0  0.08140890       0.64667112  0.14475186  0.12716812
 1237     H   1.0  0.07777775       0.64768916  0.14558540  0.12894769
 1238     H   1.0  0.07978947       0.65073276  0.14078605  0.12869173
 1239     H   1.0  0.08478093       0.64465445  0.14044406  0.13012056
 1240     H   1.0  0.08421595       0.64687502  0.13809434  0.13081469
 1241     H   1.0  0.10507305       0.56522131  0.12214680  0.20755884
 1242     H   1.0  0.07426184       0.66257411  0.15189259  0.11127146
 1243     H   1.0  0.08990454       0.64796609  0.14073299  0.12139639
 1244     H   1.0  0.09610219       0.64393401  0.13924617  0.12071764
 1245     H   1.0  0.12873616       0.56510699  0.12345093  0.18270592
 1246     H   1.0  0.08884195       0.65396333  0.13449471  0.12270002
 1247     H   1.0  0.09188022       0.65709770  0.13119963  0.11982246
 1248     H   1.0  0.07993939       0.66274905  0.13614155  0.12117000
 1249     H   1.0  0.08780502       0.65777189  0.13303550  0.12138760
 1250     H   1.0  0.07923290       0.66276515  0.13864732  0.11935464
 1251     H   1.0  0.08050850       0.65924203  0.13183340  0.12841607
 1252     H   1.0  0.08275667       0.66260391  0.13301358  0.12162584
 1253     H   1.0  0.08644860       0.66568470  0.13098207  0.11688463
 1254     H   1.0  0.08434254       0.66103762  0.13592452  0.11869531
 1255     H   1.0  0.14519208       0.58179325  0.10180119  0.17121349
 1256     H   1.0  0.18481301       0.58205616  0.09569283  0.13743800
 1257     H   1.0  0.18314001       0.58531302  0.09529395  0.13625301
 1258     H   1.0  0.11982736       0.57475191  0.13270028  0.17272045
 1259     H   1.0  0.10734242       0.64258009  0.13327362  0.11680387
 1260     H   1.0  0.09389661       0.65682387  0.12862016  0.12065936
 1261     H   1.0  0.09602554       0.64986163  0.13021936  0.12389347
 1262     H   1.0  0.12485038       0.56709296  0.12023968  0.18781698
 1263     H   1.0  0.09475785       0.65732217  0.12897256  0.11894742
 1264     H   1.0  0.10785066       0.64415962  0.12856419  0.11942554
 1265     H   1.0  0.10813817       0.57708085  0.13746461  0.17731637
 1266     H   1.0  0.10466157       0.64641982  0.13585091  0.11306770
 1267     H   1.0  0.09695052       0.64766324  0.13150534  0.12388091
 1268     H   1.0  0.09963285       0.65192825  0.12935841  0.11908050
 1269     H   1.0  0.06059381       0.56702834  0.12623720  0.24614065
 1270     H   1.0  0.09784475       0.65187281  0.13337931  0.11690313
 1271     H   1.0  0.09970296       0.65164322  0.13116895  0.11748488
 1272     H   1.0  0.09754552       0.57692492  0.13087225  0.19465731
 1273     H   1.0  0.09440608       0.64505881  0.14467500  0.11586011
 1274     H   1.0  0.09114615       0.65746868  0.14238305  0.10900212
 1275     H   1.0  0.04632604       0.52510285  0.11048965  0.31808145
 1276     H   1.0  0.08204583       0.66008568  0.13024503  0.12762346
 1277     H   1.0  0.08037046       0.65902722  0.13459243  0.12600989
 1278     H   1.0  0.07332873       0.66566592  0.13469224  0.12631311
 1279     H   1.0  0.12336640       0.56001228  0.12269234  0.19392898
 1280     H   1.0  0.07528591       0.66065955  0.14946915  0.11458539
 1281     H   1.0  0.07712112       0.66078877  0.14172570  0.12036440
 1282     H   1.0  0.06903058       0.66546828  0.14113215  0.12436900
 1283     H   1.0  0.07179643       0.66603667  0.14073050  0.12143640
 1284     H   1.0  0.08036119       0.66017365  0.13380334  0.12566181
 1285     H   1.0  0.07244398       0.66419768  0.13799177  0.12536657
 1286     H   1.0  0.07407036       0.66283852  0.13957672  0.12351441
 1287     H   1.0  0.07303684       0.66092515  0.13865483  0.12738318
 1288     H   1.0  0.07488630       0.66502529  0.13585791  0.12423049
 1289     H   1.0  0.06921294       0.67038906  0.13362856  0.12676945
 1290     H   1.0  0.12513275       0.56849128  0.12477196  0.18160401
 1291     H   1.0  0.09910341       0.64531463  0.14227824  0.11330371
 1292     H   1.0  0.09590070       0.65465426  0.14063013  0.10881491
 1293     H   1.0  0.13935649       0.52606201  0.10469642  0.22988508
 1294     H   1.0  0.08327902       0.66275734  0.12688346  0.12708018
 1295     H   1.0  0.08266573       0.66438109  0.12603867  0.12691452
 1296     H   1.0  0.06996542       0.66786778  0.13774821  0.12441859
 1297     H   1.0  0.14614009       0.56594342  0.11896245  0.16895404
 1298     H   1.0  0.10449030       0.64302927  0.14368196  0.10879847
 1299     H   1.0  0.08364197       0.66273677  0.14172709  0.11189417
 1300     H   1.0  0.15738501       0.51971042  0.09409788  0.22880670
 1301     H   1.0  0.07135285       0.66389722  0.13593963  0.12881031
 1302     H   1.0  0.07355106       0.66100639  0.13886295  0.12657959
 1303     H   1.0  0.07472904       0.66368312  0.13651353  0.12507432
 1304     H   1.0  0.13777263       0.56746882  0.12282076  0.17193779
 1305     H   1.0  0.09293013       0.65594625  0.13995761  0.11116600
 1306     H   1.0  0.09111256       0.65872782  0.12858468  0.12157493
 1307     H   1.0  0.08260650       0.66305125  0.13349122  0.12085104
 1308     H   1.0  0.08848377       0.66111571  0.12733473  0.12306580
 1309     H   1.0  0.08796960       0.65974319  0.13015421  0.12213300
 1310     H   1.0  0.08685715       0.66039735  0.12946992  0.12327558
 1311     H   1.0  0.08039230       0.66154689  0.13659045  0.12147037
 1312     H   1.0  0.08568028       0.66553175  0.12832177  0.12046620
 1313     H   1.0  0.09004599       0.66420859  0.12694113  0.11880429
 1314     H   1.0  0.17837862       0.57800269  0.10370366  0.13991502
 1315     H   1.0  0.17642229       0.58281326  0.10270104  0.13806341
 1316     H   1.0  0.18822006       0.58173299  0.09219979  0.13784716
 1317     H   1.0  0.13504400       0.56788260  0.12376785  0.17330555
 1318     H   1.0  0.09989515       0.64957291  0.14212507  0.10840688
 1319     H   1.0  0.08223115       0.65829402  0.13965555  0.11981929
 1320     H   1.0  0.07851408       0.66197842  0.14257057  0.11693693
 1321     H   1.0  0.09246546       0.65211898  0.12888916  0.12652640
 1322     H   1.0  0.08463545       0.66200203  0.13547955  0.11788297
 1323     H   1.0  0.12112543       0.56559885  0.12346384  0.18981188
 1324     H   1.0  0.10500020       0.64509189  0.14131320  0.10859471
 1325     H   1.0  0.07138142       0.66501296  0.14246815  0.12113747
 1326     H   1.0  0.08079270       0.65885526  0.13939655  0.12095549
 1327     H   1.0  0.07421601       0.66490692  0.14137553  0.11950154
 1328     H   1.0  0.07238432       0.66460127  0.13199182  0.13102260
 1329     H   1.0  0.06766742       0.66411740  0.14161277  0.12660242
 1330     H   1.0  0.07864645       0.66207695  0.13546814  0.12380846
 1331     H   1.0  0.06992476       0.66688067  0.13666947  0.12652510
 1332     H   1.0  0.07959308       0.66271603  0.13466667  0.12302422
 1333     H   1.0  0.07328016       0.66196179  0.13953927  0.12521877
 1334     H   1.0  0.11646018       0.56494325  0.12484156  0.19375501
 1335     H   1.0  0.09522025       0.65085787  0.13893920  0.11498269
 1336     H   1.0  0.09044671       0.65570587  0.14017560  0.11367182
 1337     H   1.0  0.11928723       0.56616533  0.12436603  0.19018141
 1338     H   1.0  0.08969150       0.65490133  0.14485416  0.11055301
 1339     H   1.0  0.07338876       0.66783953  0.14639792  0.11237380
 1340     H   1.0  0.15507421       0.52130997  0.09555418  0.22806164
 1341     H   1.0  0.08445397       0.66087228  0.12829980  0.12637395
 1342     H   1.0  0.08540364       0.65704811  0.13181347  0.12573479
 1343     H   1.0  0.08050310       0.66458517  0.12964520  0.12526653
 1344     H   1.0  0.11394662       0.56532985  0.12460084  0.19612269
 1345     H   1.0  0.09198370       0.65572929  0.14273742  0.10954959
 1346     H   1.0  0.07852635       0.65946907  0.14362592  0.11837867
 1347     H   1.0  0.07948106       0.66233730  0.12993035  0.12825129
 1348     H   1.0  0.07041124       0.66562861  0.13573341  0.12822674
 1349     H   1.0  0.07967706       0.66354477  0.13251755  0.12426062
 1350     H   1.0  0.07391235       0.66454387  0.13323723  0.12830656
 1351     H   1.0  0.07397915       0.66684103  0.13534389  0.12383592
 1352     H   1.0  0.07122810       0.66378987  0.13725305  0.12772898
 1353     H   1.0  0.08571761       0.56018275  0.12306731  0.23103233
 1354     H   1.0  0.07114812       0.65954471  0.14980564  0.11950153
 1355     H   1.0  0.07853471       0.66272944  0.13917394  0.11956190
 1356     H   1.0  0.08102040       0.65736073  0.14179361  0.11982526
 1357     H   1.0  0.06887150       0.66567832  0.14056903  0.12488114
 1358     H   1.0  0.07111065       0.66315955  0.14299916  0.12273065
 1359     H   1.0  0.08142707       0.65924054  0.13342261  0.12590977
 1360     H   1.0  0.05781966       0.67514336  0.13739361  0.12964337
 1361     H   1.0  0.05854054       0.67445606  0.13209155  0.13491185
 1362     H   1.0  0.09467528       0.56264418  0.12336646  0.21931408
 1363     H   1.0  0.07114463       0.65242422  0.14058754  0.13584362
 1364     H   1.0  0.08812416       0.65809029  0.13298686  0.12079869
 1365     H   1.0  0.07741664       0.66303033  0.13887633  0.12067670
 1366     H   1.0  0.07684819       0.66066653  0.14078020  0.12170509
 1367     H   1.0  0.08270578       0.65856332  0.13590582  0.12282508
 1368     H   1.0  0.08641038       0.66696620  0.12987036  0.11675306
 1369     H   1.0  0.09566190       0.66103017  0.12852392  0.11478402
 1370     H   1.0  0.15657005       0.56196868  0.10513477  0.17632649
 1371     H   1.0  0.15990034       0.56212312  0.10088989  0.17708665
 1372     H   1.0  0.14970601       0.56584060  0.10278033  0.18167305
 1373     H   1.0  0.16022611       0.56055552  0.10163391  0.17758447
 1374     H   1.0  0.15571707       0.56432879  0.10128669  0.17866744
 1375     H   1.0  0.12053452       0.56382740  0.12366980  0.19196829
 1376     H   1.0  0.10657808       0.64402664  0.13585955  0.11353574
 1377     H   1.0  0.08120386       0.66707289  0.13489555  0.11682770
 1378     H   1.0  0.09755076       0.65746105  0.13238497  0.11260322
 1379     H   1.0  0.04194023       0.52331698  0.11052649  0.32421630
 1380     H   1.0  0.11660272       0.56471169  0.12516767  0.19351792
 1381     H   1.0  0.10409771       0.64526278  0.13776840  0.11287111
 1382     H   1.0  0.08393362       0.65670067  0.13312037  0.12624534
 1383     H   1.0  0.07462892       0.66199714  0.13951194  0.12386199
 1384     H   1.0  0.08868495       0.65955973  0.13138555  0.12036978
 1385     H   1.0  0.08603989       0.66202164  0.12581640  0.12612206
 1386     H   1.0  0.07916839       0.66409242  0.13004491  0.12669428
 1387     H   1.0  0.06621942       0.66326183  0.13626882  0.13424993
 1388     H   1.0  0.08828656       0.66045135  0.12566419  0.12559790
 1389     H   1.0  0.07899270       0.66480583  0.13341263  0.12278884
 1390     H   1.0  0.08654325       0.66183662  0.12538928  0.12623085
 1391     H   1.0  0.11393422       0.56549090  0.11540860  0.20516628
 1392     H   1.0  0.10244584       0.65129679  0.12960379  0.11665358
 1393     H   1.0  0.10910568       0.64852178  0.12524867  0.11712387
 1394     H   1.0  0.12433667       0.56645012  0.12236948  0.18684374
 1395     H   1.0  0.09099433       0.65528774  0.14014044  0.11357748
 1396     H   1.0  0.08868255       0.65909308  0.13139471  0.12082966
 1397     H   1.0  0.08138037       0.66128337  0.13679275  0.12054351
 1398     H   1.0  0.10418250       0.64653814  0.12541048  0.12386888
 1399     H   1.0  0.08622305       0.66082621  0.13502569  0.11792505
 1400     H   1.0  0.15303629       0.56874007  0.10073180  0.17749184
 1401     H   1.0  0.15410928       0.57042390  0.10063705  0.17482977
 1402     H   1.0  0.16087413       0.56132483  0.10965388  0.16814715
 1403     H   1.0  0.08838778       0.65263391  0.13662890  0.12234942
 1404     H   1.0  0.09286646       0.65077716  0.13148405  0.12487233
 1405     H   1.0  0.10095010       0.64726257  0.12993748  0.12184985
 1406     H   1.0  0.15161489       0.56806684  0.10495389  0.17536439
 1407     H   1.0  0.13363773       0.56567359  0.10824107  0.19244760
 1408     H   1.0  0.07966338       0.65305859  0.13861731  0.12866073
 1409     H   1.0  0.09587728       0.65054023  0.13289014  0.12069235
 1410     H   1.0  0.08425052       0.65283966  0.14102282  0.12188701
 1411     H   1.0  0.08649977       0.65430093  0.13545467  0.12374463
 1412     H   1.0  0.08470410       0.65566427  0.13987251  0.11975913
 1413     H   1.0  0.08955602       0.65336186  0.13823889  0.11884324
 1414     H   1.0  0.08853061       0.65889335  0.13537574  0.11720030
 1415     H   1.0  0.10637723       0.56952763  0.12068207  0.20341308
 1416     H   1.0  0.10523975       0.64289421  0.13722336  0.11464268
 1417     H   1.0  0.10077678       0.65476584  0.13627355  0.10818382
 1418     H   1.0  0.14993599       0.52322614  0.10208240  0.22475547
 1419     H   1.0  0.08728964       0.66132003  0.12357596  0.12781437
 1420     H   1.0  0.09093241       0.65839267  0.12397868  0.12669624
 1421     H   1.0  0.08366831       0.66373259  0.12782475  0.12477435
 1422     H   1.0  0.14945330       0.56641090  0.11340309  0.17073271
 1423     H   1.0  0.09620761       0.65240020  0.14223205  0.10916015
 1424     H   1.0  0.09230701       0.65485328  0.13259052  0.12024919
 1425     H   1.0  0.08347615       0.66262847  0.13107386  0.12282151
 1426     H   1.0  0.09671712       0.64983422  0.12568635  0.12776231
 1427     H   1.0  0.08120443       0.66428697  0.13248779  0.12202081
 1428     H   1.0  0.14242753       0.56782156  0.11644118  0.17330973
 1429     H   1.0  0.09855192       0.65308487  0.13691947  0.11144374
 1430     H   1.0  0.09495275       0.65665090  0.12368979  0.12470656
 1431     H   1.0  0.08559201       0.66310716  0.12398549  0.12731535
 1432     H   1.0  0.07917761       0.66651481  0.12948602  0.12482155
 1433     H   1.0  0.12177227       0.56931883  0.12264176  0.18626714
 1434     H   1.0  0.09615724       0.65349960  0.14128096  0.10906219
 1435     H   1.0  0.09337740       0.65270066  0.13464417  0.11927777
 1436     H   1.0  0.06938342       0.66519302  0.14373673  0.12168682
 1437     H   1.0  0.08774149       0.65365720  0.13330920  0.12529211
 1438     H   1.0  0.09143025       0.65448684  0.13022713  0.12385578
 1439     H   1.0  0.11091767       0.56685150  0.12374983  0.19848101
 1440     H   1.0  0.09143141       0.65505505  0.14198281  0.11153073
 1441     H   1.0  0.08535408       0.65854532  0.13814953  0.11795107
 1442     H   1.0  0.07512803       0.66248125  0.14106096  0.12132976
 1443     H   1.0  0.07439419       0.66290641  0.14204352  0.12065589
 1444     H   1.0  0.07738100       0.66389847  0.13206241  0.12665813
 1445     H   1.0  0.07615343       0.66463494  0.13266143  0.12655019
 1446     H   1.0  0.04217211       0.66002584  0.13454956  0.16325250
 1447     H   1.0  0.06810736       0.66654128  0.13781469  0.12753667
 1448     H   1.0  0.07158131       0.66588664  0.13901353  0.12351852
 1449     H   1.0  0.07152058       0.66267532  0.13714960  0.12865449
 1450     H   1.0  0.11698683       0.56644619  0.12408305  0.19248393
 1451     H   1.0  0.09258934       0.65500051  0.14362264  0.10878751
 1452     H   1.0  0.08252766       0.65961236  0.13669141  0.12116858
 1453     H   1.0  0.08254299       0.65792555  0.13797811  0.12155336
 1454     H   1.0  0.07730834       0.66849977  0.13374579  0.12044610
 1455     H   1.0  0.09939601       0.64927620  0.12733020  0.12399759
 1456     H   1.0  0.14917025       0.56725132  0.10934748  0.17423095
 1457     H   1.0  0.11611816       0.57150060  0.11215582  0.20022542
 1458     H   1.0  0.12509371       0.56890595  0.12514861  0.18085174
 1459     H   1.0  0.08958612       0.65332443  0.14394578  0.11314367
 1460     H   1.0  0.10241048       0.64300036  0.13017704  0.12441212
 1461     H   1.0  0.07773291       0.65819144  0.13923348  0.12484216
 1462     H   1.0  0.11573665       0.56734455  0.12342408  0.19349473
 1463     H   1.0  0.09418450       0.65043497  0.14404935  0.11133118
 1464     H   1.0  0.08479037       0.65584970  0.14081790  0.11854204
 1465     H   1.0  0.07088058       0.66707903  0.14381523  0.11822515
 1466     H   1.0  0.06231146       0.66602415  0.13994750  0.13171689
 1467     H   1.0  0.07668699       0.66306609  0.13748737  0.12275955
 1468     H   1.0  0.07050463       0.66493148  0.13651896  0.12804494
 1469     H   1.0  0.06997232       0.67045879  0.13165437  0.12791452
 1470     H   1.0  0.06907649       0.67422998  0.12828273  0.12841081
 1471     H   1.0  0.12403872       0.56801045  0.12536891  0.18258192
 1472     H   1.0  0.09567193       0.65203738  0.14105965  0.11123104
 1473     H   1.0  0.07744372       0.66008121  0.14341809  0.11905699
 1474     H   1.0  0.07262243       0.66682321  0.13464952  0.12590484
 1475     H   1.0  0.07142805       0.66425109  0.14089689  0.12342397
 1476     H   1.0  0.07399389       0.66131347  0.13606863  0.12862401
 1477     H   1.0  0.07578254       0.66077811  0.13642962  0.12700973
 1478     H   1.0  0.07128962       0.66597557  0.13835803  0.12437678
 1479     H   1.0  0.07671427       0.66173607  0.13642529  0.12512437
 1480     H   1.0  0.07206272       0.66506761  0.13734916  0.12552051
 1481     H   1.0  0.07008271       0.66834736  0.13473670  0.12683323
 1482     H   1.0  0.10972277       0.56569636  0.12482096  0.19975992
 1483     H   1.0  0.09364627       0.65240127  0.14230376  0.11164870
 1484     H   1.0  0.10024733       0.64676630  0.13033208  0.12265429
 1485     H   1.0  0.08184481       0.65831554  0.13846369  0.12137596
 1486     H   1.0  0.14861075       0.56966740  0.10570318  0.17601867
 1487     H   1.0  0.15155107       0.56966519  0.10323137  0.17555237
 1488     H   1.0  0.12983697       0.56611925  0.12377877  0.18026501
 1489     H   1.0  0.10224999       0.64828604  0.13630880  0.11315516
 1490     H   1.0  0.08043294       0.66044718  0.13756013  0.12155975
 1491     H   1.0  0.08885609       0.65906543  0.12971650  0.12236198
 1492     H   1.0  0.09295981       0.64835143  0.13311890  0.12556986
 1493     H   1.0  0.06198082       0.66222519  0.14084765  0.13494634
 1494     H   1.0  0.12440285       0.56734049  0.12419191  0.18406474
 1495     H   1.0  0.09744784       0.64798844  0.14376511  0.11079861
 1496     H   1.0  0.07449448       0.66566223  0.13829990  0.12154339
 1497     H   1.0  0.07864544       0.65953976  0.13771208  0.12410273
 1498     H   1.0  0.07045015       0.66248208  0.13942674  0.12764103
 1499     H   1.0  0.07305941       0.66619277  0.13667780  0.12407001
 1500     H   1.0  0.08334473       0.65983492  0.13218650  0.12463384
 1501     H   1.0  0.07108966       0.66580516  0.13443489  0.12867028
 1502     H   1.0  0.06468347       0.66492921  0.12984760  0.14053972
 1503     H   1.0  0.08512922       0.56547570  0.12155499  0.22784008
 1504     H   1.0  0.07244713       0.66612154  0.14869533  0.11273600
 1505     H   1.0  0.08480018       0.65452307  0.14082482  0.11985192
 1506     H   1.0  0.09528677       0.64356661  0.13908981  0.12205682
 1507     H   1.0  0.13366878       0.56784368  0.12392512  0.17456242
 1508     H   1.0  0.09604379       0.65529621  0.13732925  0.11133076
 1509     H   1.0  0.08945463       0.66021031  0.12528178  0.12505328
 1510     H   1.0  0.08885623       0.65895116  0.12677786  0.12541475
 1511     H   1.0  0.07403623       0.66697794  0.13358170  0.12540413
 1512     H   1.0  0.13736689       0.56651813  0.12254746  0.17356752
 1513     H   1.0  0.10561221       0.64622384  0.13345639  0.11470755
 1514     H   1.0  0.09651958       0.65442789  0.12809400  0.12095853
 1515     H   1.0  0.10575243       0.64119655  0.12835979  0.12469123
 1516     H   1.0  0.13428367       0.56454051  0.12003650  0.18113932
 1517     H   1.0  0.09434021       0.65841067  0.12918358  0.11806555
 1518     H   1.0  0.10645811       0.64531565  0.12924317  0.11898308
 1519     H   1.0  0.12072226       0.57210267  0.13167472  0.17550035
 1520     H   1.0  0.10856701       0.64236110  0.13464445  0.11442744
 1521     H   1.0  0.10201162       0.64977050  0.12825976  0.11995811
 1522     H   1.0  0.11143343       0.64028341  0.12721772  0.12106544
 1523     H   1.0  0.09717220       0.58711755  0.13235122  0.18335903
 1524     H   1.0  0.17273261       0.55831480  0.10211369  0.16683890
 1525     H   1.0  0.10230919       0.56635648  0.11983752  0.21149682
 1526     H   1.0  0.09920416       0.65069324  0.13029313  0.11980947
 1527     H   1.0  0.10155329       0.65146393  0.12844053  0.11854225
 1528     H   1.0  0.10818601       0.57352263  0.12653351  0.19175786
 1529     H   1.0  0.10372566       0.63887334  0.14403974  0.11336126
 1530     H   1.0  0.09216101       0.65503788  0.14479153  0.10800958
 1531     H   1.0  0.14500388       0.52477664  0.10394896  0.22627053
 1532     H   1.0  0.08018389       0.66208965  0.13099436  0.12673210
 1533     H   1.0  0.08045407       0.66000539  0.13384037  0.12570017
 1534     H   1.0  0.07552129       0.66617143  0.13214877  0.12615851
 1535     H   1.0  0.11978902       0.56271517  0.12283498  0.19466082
 1536     H   1.0  0.06309333       0.66499126  0.15171422  0.12020119
 1537     H   1.0  0.07489857       0.66194320  0.14203447  0.12112377
 1538     H   1.0  0.07040444       0.66607898  0.14038649  0.12313008
 1539     H   1.0  0.07102252       0.66615218  0.14171700  0.12110830
 1540     H   1.0  0.07452053       0.66170299  0.13777727  0.12599921
 1541     H   1.0  0.06816692       0.66289884  0.14199369  0.12694056
 1542     H   1.0  0.06914228       0.66581076  0.14066146  0.12438549
 1543     H   1.0  0.07247176       0.66381741  0.13668142  0.12702941
 1544     H   1.0  0.07452244       0.66678101  0.13463877  0.12405778
 1545     H   1.0  0.07209877       0.67004782  0.13372619  0.12412722
 1546     H   1.0  0.11225887       0.57220715  0.13071759  0.18481638
 1547     H   1.0  0.09099491       0.64967823  0.14334790  0.11597896
 1548     H   1.0  0.07729105       0.66273558  0.13710663  0.12286674
 1549     H   1.0  0.09929759       0.64447427  0.13213654  0.12409161
 1550     H   1.0  0.14835810       0.56353211  0.11896314  0.16914665
 1551     H   1.0  0.09115100       0.65635580  0.14401826  0.10847494
 1552     H   1.0  0.07716017       0.66736442  0.13406417  0.12141124
 1553     H   1.0  0.09233862       0.65405077  0.13256374  0.12104687
 1554     H   1.0  0.07875315       0.64738268  0.14556307  0.12830111
 1555     H   1.0  0.08103099       0.64816409  0.13920605  0.13159886
 1556     H   1.0  0.07752476       0.64635044  0.14760245  0.12852234
 1557     H   1.0  0.07588247       0.64847612  0.14348292  0.13215849
 1558     H   1.0  0.07445865       0.64738411  0.14818513  0.12997211
 1559     H   1.0  0.09751143       0.65193778  0.13834275  0.11220803
 1560     H   1.0  0.09145936       0.65284395  0.13136706  0.12432963
 1561     H   1.0  0.08968930       0.65480471  0.13661326  0.11889273
 1562     H   1.0  0.09153167       0.65620667  0.13186973  0.12039193
 1563     H   1.0  0.09364345       0.65038443  0.13072309  0.12524904
 1564     H   1.0  0.07509196       0.66031629  0.13599379  0.12859796
 1565     H   1.0  0.08637886       0.65787154  0.13326979  0.12247980
 1566     H   1.0  0.11156564       0.56607395  0.12591845  0.19644196
 1567     H   1.0  0.10389093       0.64593017  0.14180748  0.10837141
 1568     H   1.0  0.08628688       0.65593123  0.13817316  0.11960872
 1569     H   1.0  0.07445442       0.66409439  0.14325272  0.11819848
 1570     H   1.0  0.03737090       0.64063108  0.13398561  0.18801241
 1571     H   1.0  0.08551714       0.65865874  0.13662393  0.11920018
 1572     H   1.0  0.12700047       0.56625462  0.12525463  0.18149028
 1573     H   1.0  0.10727680       0.64202142  0.14382149  0.10688029
 1574     H   1.0  0.07547234       0.66358119  0.14406694  0.11687952
 1575     H   1.0  0.08375032       0.65692788  0.14032856  0.11899324
 1576     H   1.0  0.07950338       0.64547747  0.14589003  0.12912912
 1577     H   1.0  0.07576559       0.64805567  0.14793329  0.12824544
 1578     H   1.0  0.08001729       0.64480793  0.14499897  0.13017580
 1579     H   1.0  0.06472087       0.64787060  0.15035267  0.13705586
 1580     H   1.0  0.07510315       0.64772320  0.14647394  0.13069971
 1581     H   1.0  0.04768722       0.55927128  0.12095431  0.27208719
 1582     H   1.0  0.10152768       0.64685512  0.14215074  0.10946646
 1583     H   1.0  0.07421675       0.66492814  0.14000046  0.12085465
 1584     H   1.0  0.07924205       0.65985912  0.14001170  0.12088713
 1585     H   1.0  0.08513206       0.65911913  0.13673267  0.11901614
 1586     H   1.0  0.07519942       0.66618776  0.13255332  0.12605949
 1587     H   1.0  0.07753758       0.66209441  0.13517158  0.12519643
 1588     H   1.0  0.07620633       0.66322994  0.13684271  0.12372102
 1589     H   1.0  0.08424371       0.66302550  0.12660569  0.12612510
 1590     H   1.0  0.07791729       0.66653574  0.13156685  0.12398013
 1591     H   1.0  0.08427147       0.66300499  0.12670802  0.12601552
 1592     H   1.0  0.12866278       0.56642288  0.12178753  0.18312680
 1593     H   1.0  0.09875550       0.64733332  0.14241695  0.11149422
 1594     H   1.0  0.08279051       0.66432750  0.14251779  0.11036419
 1595     H   1.0  0.08795996       0.51912677  0.09842345  0.29448982
 1596     H   1.0  0.08557082       0.66090572  0.12665102  0.12687244
 1597     H   1.0  0.08534701       0.65818560  0.12946051  0.12700687
 1598     H   1.0  0.07955923       0.66230696  0.13186185  0.12627195
 1599     H   1.0  0.13123762       0.56654090  0.12572446  0.17649702
 1600     H   1.0  0.09979814       0.65255052  0.13920215  0.10844919
 1601     H   1.0  0.06403948       0.66627067  0.14494528  0.12474457
 1602     H   1.0  0.08239488       0.65814102  0.13669810  0.12276600
 1603     H   1.0  0.07137866       0.66756332  0.13297272  0.12808531
 1604     H   1.0  0.07916436       0.65937549  0.13947009  0.12199007
 1605     H   1.0  0.06890872       0.66275716  0.14203873  0.12629539
 1606     H   1.0  0.06620583       0.67425197  0.13235906  0.12718314
 1607     H   1.0  0.05869147       0.67155838  0.14259088  0.12715927
 1608     H   1.0  0.09177975       0.56368166  0.12584732  0.21869126
 1609     H   1.0  0.07511374       0.65600652  0.15360780  0.11527195
 1610     H   1.0  0.07988727       0.65999901  0.13997982  0.12013389
 1611     H   1.0  0.08107429       0.65794754  0.14143299  0.11954518
 1612     H   1.0  0.07528862       0.65854496  0.14287075  0.12329567
 1613     H   1.0  0.06813801       0.66163218  0.14743137  0.12279844
 1614     H   1.0  0.08033975       0.66245198  0.13134293  0.12586534
 1615     H   1.0  0.06524783       0.67395371  0.13399209  0.12680637
 1616     H   1.0  0.06371032       0.67474961  0.13385616  0.12768390
 1617     H   1.0  0.10379998       0.56489837  0.12209447  0.20920718
 1618     H   1.0  0.09811509       0.65208185  0.14025183  0.10955123
 1619     H   1.0  0.09017966       0.65959787  0.12611517  0.12410729
 1620     H   1.0  0.08419822       0.65977079  0.13060854  0.12542245
 1621     H   1.0  0.07753903       0.66551763  0.13374428  0.12319906
 1622     H   1.0  0.14082685       0.56511796  0.12100556  0.17304963
 1623     H   1.0  0.09555625       0.65459412  0.13905564  0.11079399
 1624     H   1.0  0.07942422       0.66030717  0.13677198  0.12349663
 1625     H   1.0  0.07816076       0.66129142  0.13285631  0.12769151
 1626     H   1.0  0.08068308       0.66123438  0.13452457  0.12355797
 1627     H   1.0  0.08718528       0.65486830  0.13480519  0.12314123
 1628     H   1.0  0.10292378       0.65559113  0.12507157  0.11641352
 1629     H   1.0  0.09079678       0.66518730  0.12879559  0.11522033
 1630     H   1.0  0.15842421       0.56280273  0.10151461  0.17725845
 1631     H   1.0  0.14995039       0.56279135  0.10710128  0.18015698
 1632     H   1.0  0.13983439       0.56210887  0.10792117  0.19013557
 1633     H   1.0  0.16195953       0.56422609  0.09570561  0.17810877
 1634     H   1.0  0.15846838       0.56624150  0.09538583  0.17990429
 1635     H   1.0  0.11015786       0.56575251  0.12200384  0.20208579
 1636     H   1.0  0.09597209       0.65330362  0.13959935  0.11112494
 1637     H   1.0  0.07305041       0.66569287  0.14074965  0.12050707
 1638     H   1.0  0.08487335       0.65826625  0.13479549  0.12206492
 1639     H   1.0  0.08384294       0.65986383  0.13431652  0.12197671
 1640     H   1.0  0.07718945       0.66526490  0.13482323  0.12272241
 1641     H   1.0  0.07446112       0.66419202  0.14126746  0.12007939
 1642     H   1.0  0.09413147       0.65435004  0.13038521  0.12113328
 1643     H   1.0  0.09522757       0.65807527  0.12773865  0.11895850
 1644     H   1.0  0.09125040       0.66193831  0.12882580  0.11798549
 1645     H   1.0  0.18382967       0.58333051  0.09762134  0.13521849
 1646     H   1.0  0.17821538       0.58524066  0.09617130  0.14037266
 1647     H   1.0  0.18872285       0.58262455  0.09053095  0.13812165
 1648     H   1.0  0.11698580       0.56470656  0.12394968  0.19435796
 1649     H   1.0  0.09538124       0.65518886  0.14023928  0.10919062
 1650     H   1.0  0.07653772       0.66293424  0.14132714  0.11920090
 1651     H   1.0  0.07705958       0.66401148  0.13791746  0.12101148
 1652     H   1.0  0.07411181       0.66377121  0.13911481  0.12300216
 1653     H   1.0  0.07916941       0.65810043  0.14077643  0.12195373
 1654     H   1.0  0.08048688       0.65963900  0.13385771  0.12601640
 1655     H   1.0  0.07017554       0.67337531  0.12820345  0.12824570
 1656     H   1.0  0.06031533       0.67586756  0.13539505  0.12842207
 1657     H   1.0  0.12833274       0.56650203  0.12283202  0.18233320
 1658     H   1.0  0.09579917       0.65367204  0.14103533  0.10949346
 1659     H   1.0  0.09224690       0.65623623  0.13173255  0.11978431
 1660     H   1.0  0.07903709       0.66228861  0.13825509  0.12041922
 1661     H   1.0  0.08057123       0.66281354  0.13534418  0.12127105
 1662     H   1.0  0.08394318       0.66315031  0.13191234  0.12099418
 1663     H   1.0  0.08363565       0.66402608  0.13005364  0.12228463
 1664     H   1.0  0.08397320       0.66254455  0.13214105  0.12134120
 1665     H   1.0  0.09174128       0.66228700  0.12736782  0.11860390
 1666     H   1.0  0.08983707       0.66435993  0.12647676  0.11932623
 1667     H   1.0  0.18719991       0.58381313  0.09264926  0.13633770
 1668     H   1.0  0.18628066       0.58517396  0.09109200  0.13745337
 1669     H   1.0  0.19062011       0.58251822  0.08877984  0.13808183
 1670     H   1.0  0.13066687       0.56481910  0.12494272  0.17957132
 1671     H   1.0  0.09629990       0.65410781  0.13997342  0.10961888
 1672     H   1.0  0.09256117       0.65393972  0.13299727  0.12050183
 1673     H   1.0  0.08637771       0.65523481  0.13597791  0.12240956
 1674     H   1.0  0.11983507       0.56736845  0.12324645  0.18955003
 1675     H   1.0  0.09610698       0.65024155  0.14252833  0.11112314
 1676     H   1.0  0.07067266       0.66826260  0.14297821  0.11808654
 1677     H   1.0  0.09236632       0.52193439  0.10190172  0.28379757
 1678     H   1.0  0.08764615       0.66069716  0.12532942  0.12632727
 1679     H   1.0  0.09161158       0.65431464  0.12857643  0.12549736
 1680     H   1.0  0.08238852       0.66280538  0.12921654  0.12558956
 1681     H   1.0  0.09628029       0.56514502  0.12394696  0.21462773
 1682     H   1.0  0.09238680       0.65253013  0.14405207  0.11103100
 1683     H   1.0  0.10242090       0.64322674  0.12910724  0.12524512
 1684     H   1.0  0.07967746       0.66004992  0.13845967  0.12181296
 1685     H   1.0  0.08980388       0.56557983  0.12000334  0.22461294
 1686     H   1.0  0.09458026       0.65310067  0.14072204  0.11159704
 1687     H   1.0  0.09842064       0.65544790  0.13406937  0.11206209
 1688     H   1.0  0.07493911       0.67258984  0.13826968  0.11420138
 1689     H   1.0  0.11960110       0.52658075  0.09922601  0.25459214
 1690     H   1.0  0.09689483       0.56500679  0.12025087  0.21784751
 1691     H   1.0  0.09316040       0.65520686  0.14147784  0.11015490
 1692     H   1.0  0.07591014       0.66288573  0.13769618  0.12350796
 1693     H   1.0  0.07497203       0.65994763  0.13833977  0.12674056
 1694     H   1.0  0.07557214       0.66503698  0.13757387  0.12181701
 1695     H   1.0  0.09757812       0.64624906  0.12945364  0.12671918
 1696     H   1.0  0.12918153       0.56690955  0.12446702  0.17944190
 1697     H   1.0  0.08461294       0.65372658  0.14307824  0.11858224
 1698     H   1.0  0.07798759       0.66143984  0.13770373  0.12286884
 1699     H   1.0  0.08336548       0.65789801  0.13582146  0.12291505
 1700     H   1.0  0.08163327       0.65833706  0.13562535  0.12440432
 1701     H   1.0  0.09783965       0.64722341  0.12740694  0.12753000
 1702     H   1.0  0.11830023       0.56632620  0.12512894  0.19024463
 1703     H   1.0  0.09524093       0.65458697  0.14113140  0.10904070
 1704     H   1.0  0.09200463       0.65452462  0.13428932  0.11918142
 1705     H   1.0  0.07889381       0.66195816  0.13886382  0.12028421
 1706     H   1.0  0.08045506       0.65362358  0.13308668  0.13283467
 1707     H   1.0  0.08149366       0.66125667  0.13663585  0.12061381
 1708     H   1.0  0.11970229       0.56688392  0.12424608  0.18916771
 1709     H   1.0  0.10112314       0.64741063  0.14259696  0.10886927
 1710     H   1.0  0.08117034       0.65821898  0.14378840  0.11682228
 1711     H   1.0  0.07137604       0.66633904  0.13390012  0.12838480
 1712     H   1.0  0.08085273       0.66430348  0.13247722  0.12236656
 1713     H   1.0  0.07479630       0.66572905  0.13268174  0.12679291
 1714     H   1.0  0.07240461       0.66311538  0.13827345  0.12620656
 1715     H   1.0  0.07780329       0.66284603  0.13511257  0.12423811
 1716     H   1.0  0.08533268       0.66223764  0.12473810  0.12769158
 1717     H   1.0  0.07988729       0.66445184  0.13010104  0.12555983
 1718     H   1.0  0.07673785       0.66839135  0.12819611  0.12667470
 1719     H   1.0  0.13362967       0.56737518  0.12484484  0.17415030
 1720     H   1.0  0.10122190       0.64869225  0.14214998  0.10793586
 1721     H   1.0  0.08816474       0.65660775  0.13543482  0.11979270
 1722     H   1.0  0.07489041       0.66339946  0.14124016  0.12046997
 1723     H   1.0  0.06158205       0.66263652  0.14196835  0.13381308
 1724     H   1.0  0.07758942       0.66396934  0.13610719  0.12233405
 1725     H   1.0  0.08326215       0.66677845  0.13308312  0.11687629
 1726     H   1.0  0.07922869       0.66713142  0.13711371  0.11652618
 1727     H   1.0  0.14235610       0.56529850  0.11721994  0.17512546
 1728     H   1.0  0.16110000       0.56502104  0.09472247  0.17915649
 1729     H   1.0  0.15625735       0.56523436  0.09787218  0.18063610
 1730     H   1.0  0.15840635       0.56458551  0.09649472  0.18051343
 1731     H   1.0  0.15333861       0.56387043  0.10305998  0.17973098
 1732     H   1.0  0.12973978       0.56770569  0.12479773  0.17775680
 1733     H   1.0  0.09929453       0.65134329  0.14126265  0.10809954
 1734     H   1.0  0.09182903       0.65486151  0.13285345  0.12045601
 1735     H   1.0  0.07612382       0.66265005  0.14059591  0.12063022
 1736     H   1.0  0.01931785       0.64119542  0.13449171  0.20499502
 1737     H   1.0  0.07571479       0.66664368  0.13275377  0.12488776
 1738     H   1.0  0.12956515       0.56808335  0.12188969  0.18046182
 1739     H   1.0  0.10351530       0.64801562  0.13791402  0.11055507
 1740     H   1.0  0.08845179       0.65891749  0.12894654  0.12368418
 1741     H   1.0  0.08286792       0.66185886  0.12872231  0.12655092
 1742     H   1.0  0.07297065       0.66558540  0.13711675  0.12432720
 1743     H   1.0  0.12346942       0.56626683  0.12394189  0.18632185
 1744     H   1.0  0.10198383       0.64356118  0.14565749  0.10879749
 1745     H   1.0  0.07787275       0.66226053  0.14203517  0.11783155
 1746     H   1.0  0.08021286       0.65772712  0.14139841  0.12066161
 1747     H   1.0  0.07116847       0.64912373  0.14561528  0.13409252
 1748     H   1.0  0.07944144       0.64752513  0.14323555  0.12979788
 1749     H   1.0  0.07455755       0.64504969  0.15150838  0.12888438
 1750     H   1.0  0.07609880       0.64850777  0.14395387  0.13143956
 1751     H   1.0  0.07031212       0.64833355  0.14715162  0.13420271
 1752     H   1.0  0.12338571       0.56615818  0.12500714  0.18544898
 1753     H   1.0  0.10149208       0.64874780  0.14115852  0.10860159
 1754     H   1.0  0.08776588       0.65758115  0.13474397  0.11990900
 1755     H   1.0  0.07373593       0.66468883  0.14040285  0.12117239
 1756     H   1.0  0.07849190       0.66047513  0.13927484  0.12175813
 1757     H   1.0  0.09095261       0.65519804  0.13265069  0.12119867
 1758     H   1.0  0.09188584       0.66300172  0.12657337  0.11853907
 1759     H   1.0  0.09423295       0.66214281  0.12897341  0.11465083
 1760     H   1.0  0.15774245       0.56114459  0.10622268  0.17489027
 1761     H   1.0  0.16122233       0.56207985  0.09902942  0.17766840
 1762     H   1.0  0.14955188       0.56492180  0.09925627  0.18627005
 1763     H   1.0  0.13796763       0.56275070  0.10505638  0.19422530
 1764     H   1.0  0.14988976       0.56583452  0.10363760  0.18063812
 1765     H   1.0  0.13081329       0.56768888  0.12559298  0.17590486
 1766     H   1.0  0.10110831       0.64724946  0.14142506  0.11021717
 1767     H   1.0  0.07968605       0.65851307  0.14115983  0.12064105
 1768     H   1.0  0.08334657       0.66166824  0.12852076  0.12646443
 1769     H   1.0  0.07714975       0.66455215  0.13180129  0.12649681
 1770     H   1.0  0.07950851       0.66385150  0.13091274  0.12572726
 1771     H   1.0  0.08406043       0.66162032  0.12718828  0.12713097
 1772     H   1.0  0.07932128       0.66636807  0.12868148  0.12562917
 1773     H   1.0  0.06735193       0.66379398  0.13042910  0.13842498
 1774     H   1.0  0.13849641       0.56689888  0.12642452  0.16818018
 1775     H   1.0  0.09854758       0.65133327  0.14180605  0.10831309
 1776     H   1.0  0.09286870       0.65282243  0.13729455  0.11701431
 1777     H   1.0  0.08165634       0.66058147  0.14225030  0.11551189
 1778     H   1.0  0.08038181       0.64673400  0.14521290  0.12767128
 1779     H   1.0  0.07668982       0.64664334  0.14616534  0.13050150
 1780     H   1.0  0.06457400       0.65103757  0.14901049  0.13537793
 1781     H   1.0  0.08429189       0.64628899  0.13908361  0.13033551
 1782     H   1.0  0.08151448       0.64718246  0.13919163  0.13211143
 1783     H   1.0  0.10449394       0.56566399  0.12404472  0.20579734
 1784     H   1.0  0.08308854       0.65532887  0.14952095  0.11206164
 1785     H   1.0  0.08512497       0.65167391  0.14209692  0.12110419
 1786     H   1.0  0.09553384       0.64306867  0.13975221  0.12164528
 1787     H   1.0  0.10935987       0.56271333  0.12036999  0.20755681
 1788     H   1.0  0.09138975       0.65679330  0.13900559  0.11281137
 1789     H   1.0  0.06087832       0.66084242  0.13533437  0.14294489
 1790     H   1.0  0.08398011       0.65913832  0.13551542  0.12136614
 1791     H   1.0  0.07592083       0.66503662  0.13774498  0.12129758
 1792     H   1.0  0.08705383       0.65641969  0.13457367  0.12195281
 1793     H   1.0  0.08357779       0.66183025  0.13381548  0.12077648
 1794     H   1.0  0.08214894       0.66393661  0.13321421  0.12070024
 1795     H   1.0  0.08893013       0.66442144  0.12782197  0.11882646
 1796     H   1.0  0.08905117       0.66246521  0.12963159  0.11885202
 1797     H   1.0  0.18728078       0.58341569  0.09256557  0.13673796
 1798     H   1.0  0.18754058       0.58431900  0.08922079  0.13891964
 1799     H   1.0  0.18636568       0.58437049  0.09323096  0.13603287
 1800     H   1.0  0.05083610       0.56222349  0.12511940  0.26182100
 1801     H   1.0  0.10444678       0.64551705  0.13533314  0.11470303
 1802     H   1.0  0.08716580       0.66127223  0.12953492  0.12202706
 1803     H   1.0  0.10756143       0.64133400  0.12725213  0.12385244
 1804     H   1.0  0.05553864       0.56144845  0.11989751  0.26311540
 1805     H   1.0  0.09371588       0.65831161  0.12941155  0.11856096
 1806     H   1.0  0.10452181       0.64521611  0.13115220  0.11910989
 1807     H   1.0  0.09945929       0.57597244  0.13796999  0.18659828
 1808     H   1.0  0.10608386       0.64388388  0.13456692  0.11546534
 1809     H   1.0  0.10326036       0.64501661  0.13022335  0.12149968
 1810     H   1.0  0.10478020       0.64625961  0.12838116  0.12057903
 1811     H   1.0  0.13591284       0.57258654  0.11265571  0.17884492
 1812     H   1.0  0.16749919       0.56310976  0.09914855  0.17024251
 1813     H   1.0  0.04900095       0.56488746  0.12219319  0.26391840
 1814     H   1.0  0.09814985       0.65193468  0.13201164  0.11790383
 1815     H   1.0  0.10002757       0.65187442  0.13030005  0.11779796
 1816     H   1.0  0.10848209       0.57771027  0.12980810  0.18399954
 1817     H   1.0  0.09370292       0.65168637  0.14468551  0.10992520
 1818     H   1.0  0.08894887       0.65759641  0.13327214  0.12018258
 1819     H   1.0  0.07319516       0.66689628  0.14278968  0.11711888
 1820     H   1.0  0.08080619       0.64570087  0.14597708  0.12751586
 1821     H   1.0  0.08223728       0.64794254  0.14021920  0.12960098
 1822     H   1.0  0.07417635       0.62145001  0.12820819  0.17616545
 1823     H   1.0  0.08464320       0.64719480  0.13500427  0.13315773
 1824     H   1.0  0.08460600       0.64794427  0.13425879  0.13319093
 1825     H   1.0  0.04984957       0.55368894  0.11883897  0.27762252
 1826     H   1.0  0.08007028       0.66002321  0.14953569  0.11037082
 1827     H   1.0  0.07765884       0.66126102  0.14109690  0.11998323
 1828     H   1.0  0.06942771       0.66616470  0.14004090  0.12436669
 1829     H   1.0  0.07461425       0.66509396  0.13968816  0.12060362
 1830     H   1.0  0.07937854       0.66085696  0.13369718  0.12606731
 1831     H   1.0  0.07312273       0.66430235  0.13792689  0.12464803
 1832     H   1.0  0.07504878       0.66170508  0.13971552  0.12353062
 1833     H   1.0  0.07279358       0.66041791  0.13947262  0.12731588
 1834     H   1.0  0.07328284       0.66550559  0.13718480  0.12402677
 1835     H   1.0  0.06977970       0.66942310  0.13542654  0.12537066
 1836     H   1.0  0.13131697       0.57020700  0.12512405  0.17335198
 1837     H   1.0  0.09819533       0.64502001  0.14204860  0.11473606
 1838     H   1.0  0.07332087       0.67288315  0.13632503  0.11747095
 1839     H   1.0  0.09148695       0.65798616  0.13800222  0.11252467
 1840     H   1.0  0.13723894       0.53076172  0.10495426  0.22704508
 1841     H   1.0  0.15019346       0.56426299  0.11602098  0.16952256
 1842     H   1.0  0.08973200       0.65544599  0.14437109  0.11045091
 1843     H   1.0  0.07982989       0.66070902  0.13047950  0.12898158
 1844     H   1.0  0.07798896       0.66166538  0.13380694  0.12653871
 1845     H   1.0  0.07727674       0.66639990  0.13160416  0.12471920
 1846     H   1.0  0.14701900       0.56649637  0.11754113  0.16894350
 1847     H   1.0  0.09736669       0.65292072  0.13821895  0.11149363
 1848     H   1.0  0.09103987       0.65834981  0.12603721  0.12457311
 1849     H   1.0  0.08517515       0.66249067  0.12568475  0.12664943
 1850     H   1.0  0.07982397       0.66553319  0.13089783  0.12374501
 1851     H   1.0  0.13960825       0.56660402  0.12359606  0.17019168
 1852     H   1.0  0.10004775       0.64959222  0.14244632  0.10791370
 1853     H   1.0  0.08998104       0.65426970  0.13857752  0.11717174
 1854     H   1.0  0.07736978       0.66187179  0.14245206  0.11830637
 1855     H   1.0  0.09759128       0.64618260  0.13556457  0.12066156
 1856     H   1.0  0.08023040       0.65193045  0.13410310  0.13373605
 1857     H   1.0  0.10779731       0.56441551  0.12316798  0.20461919
 1858     H   1.0  0.10334142       0.64596385  0.14192700  0.10876773
 1859     H   1.0  0.07331614       0.66314757  0.14293237  0.12060392
 1860     H   1.0  0.07994517       0.66111887  0.13923179  0.11970418
 1861     H   1.0  0.07859170       0.66029018  0.14241448  0.11870363
 1862     H   1.0  0.07904449       0.66232598  0.13254315  0.12608638
 1863     H   1.0  0.06842403       0.66644561  0.13880768  0.12632267
 1864     H   1.0  0.08021061       0.66249323  0.13397127  0.12332489
 1865     H   1.0  0.07128821       0.65438443  0.12563935  0.14868801
 1866     H   1.0  0.07815257       0.66456676  0.13440929  0.12287138
 1867     H   1.0  0.07607782       0.66201478  0.13829356  0.12361383
 1868     H   1.0  0.10275159       0.56646442  0.12394004  0.20684395
 1869     H   1.0  0.09607989       0.64933312  0.14574631  0.10884068
 1870     H   1.0  0.06927636       0.67006779  0.13855365  0.12210220
 1871     H   1.0  0.07352492       0.66046333  0.13831358  0.12769817
 1872     H   1.0  0.08756754       0.65761298  0.13263899  0.12218049
 1873     H   1.0  0.08569613       0.65615737  0.13771044  0.12043605
 1874     H   1.0  0.08028191       0.66587460  0.13434750  0.11949599
 1875     H   1.0  0.07872385       0.66627461  0.13895267  0.11604887
 1876     H   1.0  0.15267927       0.56317943  0.10917395  0.17496735
 1877     H   1.0  0.15666156       0.56453085  0.10019608  0.17861152
 1878     H   1.0  0.15256185       0.56366050  0.10317785  0.18059980
 1879     H   1.0  0.15856601       0.56368166  0.09817577  0.17957656
 1880     H   1.0  0.16002125       0.56275439  0.09868364  0.17854071
 1881     H   1.0  0.10662241       0.56703830  0.12205536  0.20428393
 1882     H   1.0  0.09012774       0.65748155  0.14173347  0.11065724
 1883     H   1.0  0.09079700       0.65567923  0.13777402  0.11574975
 1884     H   1.0  0.09031989       0.65561861  0.13320148  0.12086002
 1885     H   1.0  0.16488001       0.56424624  0.10829975  0.16257400
 1886     H   1.0  0.08643736       0.62979084  0.14617780  0.13759400
 1887     H   1.0  0.09792034       0.62838727  0.14059880  0.13309358
 1888     H   1.0  0.07530114       0.56186616  0.12194066  0.24089203
 1889     H   1.0  0.09133064       0.65410179  0.14445594  0.11011163
 1890     H   1.0  0.08082434       0.65895277  0.14339806  0.11682483
 1891     H   1.0  0.07480014       0.66250628  0.13776140  0.12493217
 1892     H   1.0  0.07220891       0.66684973  0.13384672  0.12709464
 1893     H   1.0  0.07744019       0.66158831  0.13595600  0.12501550
 1894     H   1.0  0.07389892       0.66237223  0.13659935  0.12712951
 1895     H   1.0  0.07419564       0.66410404  0.13606068  0.12563963
 1896     H   1.0  0.06145867       0.66303205  0.13719082  0.13831846
 1897     H   1.0  0.11985651       0.56390744  0.12411799  0.19211806
 1898     H   1.0  0.07221798       0.66128325  0.15081373  0.11568504
 1899     H   1.0  0.06841211       0.66297317  0.14236544  0.12624929
 1900     H   1.0  0.07265560       0.65868258  0.14423750  0.12442431
 1901     H   1.0  0.07863191       0.65826869  0.14093971  0.12215968
 1902     H   1.0  0.05799951       0.66660690  0.14506945  0.13032413
 1903     H   1.0  0.08610714       0.65862149  0.13058802  0.12468335
 1904     H   1.0  0.06969547       0.67139548  0.13183725  0.12707180
 1905     H   1.0  0.04428414       0.67058539  0.12999445  0.15513602
 1906     H   1.0  0.11648617       0.56482553  0.12359978  0.19508852
 1907     H   1.0  0.08980281       0.65265399  0.14489214  0.11265105
 1908     H   1.0  0.09148388       0.65378106  0.14478934  0.10994573
 1909     H   1.0  0.15322537       0.52293420  0.09807429  0.22576613
 1910     H   1.0  0.07738920       0.66440308  0.13068922  0.12751850
 1911     H   1.0  0.04039029       0.65314668  0.13664204  0.16982098
 1912     H   1.0  0.07086547       0.66538781  0.13363700  0.13010972
 1913     H   1.0  0.12130484       0.56389022  0.12514868  0.18965626
 1914     H   1.0  0.10014302       0.64831322  0.13942340  0.11212036
 1915     H   1.0  0.09354929       0.65423679  0.13129106  0.12092286
 1916     H   1.0  0.08964951       0.65542758  0.13713008  0.11779284
 1917     H   1.0  0.15251944       0.56988806  0.10077553  0.17681697
 1918     H   1.0  0.15358647       0.57086742  0.10030514  0.17524097
 1919     H   1.0  0.10618886       0.56467390  0.12300628  0.20613095
 1920     H   1.0  0.10136438       0.64688367  0.13692494  0.11482701
 1921     H   1.0  0.08639618       0.65783131  0.13335444  0.12241807
 1922     H   1.0  0.07775618       0.66056734  0.13831085  0.12336563
 1923     H   1.0  0.04374556       0.65534437  0.13832827  0.16258180
 1924     H   1.0  0.08056188       0.66227770  0.13129978  0.12586064
 1925     H   1.0  0.07942017       0.66124058  0.13496247  0.12437678
 1926     H   1.0  0.08061217       0.66524619  0.12961891  0.12452273
 1927     H   1.0  0.08461005       0.66270381  0.12603560  0.12665054
 1928     H   1.0  0.08148051       0.66469467  0.12774624  0.12607859
 1929     H   1.0  0.07612530       0.66665024  0.12789232  0.12933215
 1930     H   1.0  0.08535963       0.56578946  0.11483857  0.23401234
 1931     H   1.0  0.10164816       0.65182555  0.12935707  0.11716923
 1932     H   1.0  0.10572895       0.65023184  0.12570806  0.11833115
 1933     H   1.0  0.07364197       0.56156993  0.11954614  0.24524196
 1934     H   1.0  0.08617165       0.65756798  0.14147988  0.11478049
 1935     H   1.0  0.07014219       0.66392946  0.14188631  0.12404203
 1936     H   1.0  0.08514214       0.65738928  0.13519514  0.12227344
 1937     H   1.0  0.07753452       0.66385007  0.13881314  0.11980228
 1938     H   1.0  0.08606915       0.64009380  0.12304899  0.15078805
 1939     H   1.0  0.15354381       0.56453007  0.11339494  0.16853118
 1940     H   1.0  0.09172940       0.65904546  0.13957244  0.10965270
 1941     H   1.0  0.09208860       0.65642005  0.13089819  0.12059315
 1942     H   1.0  0.08075961       0.66421342  0.13369113  0.12133584
 1943     H   1.0  0.08243679       0.66076481  0.13612710  0.12067130
 1944     H   1.0  0.08697506       0.65880454  0.13171220  0.12250820
 1945     H   1.0  0.09226354       0.65829074  0.12728126  0.12216445
 1946     H   1.0  0.08742990       0.66212177  0.12923105  0.12121728
 1947     H   1.0  0.09259971       0.66314697  0.12571597  0.11853735
 1948     H   1.0  0.09552482       0.66033262  0.12665989  0.11748267
 1949     H   1.0  0.18897351       0.58362269  0.09137952  0.13602427
 1950     H   1.0  0.19164551       0.58193099  0.08836315  0.13806035
 1951     H   1.0  0.18862227       0.58360541  0.09130742  0.13646491
 1952     H   1.0  0.15445966       0.56196517  0.11564057  0.16793460
 1953     H   1.0  0.09045363       0.65217382  0.14340101  0.11397154
 1954     H   1.0  0.08220510       0.65929133  0.13843089  0.12007268
 1955     H   1.0  0.07924624       0.66257507  0.13830015  0.11987854
 1956     H   1.0  0.07352820       0.66403991  0.14123575  0.12119614
 1957     H   1.0  0.07527567       0.66513699  0.13399602  0.12559131
 1958     H   1.0  0.08102705       0.66041458  0.13495903  0.12359935
 1959     H   1.0  0.06940310       0.66846281  0.13274135  0.12939274
 1960     H   1.0  0.07998046       0.66324085  0.13015302  0.12662568
 1961     H   1.0  0.07718097       0.66567820  0.13304134  0.12409949
 1962     H   1.0  0.08113673       0.66052639  0.13142537  0.12691151
 1963     H   1.0  0.10473410       0.56761104  0.12204047  0.20561439
 1964     H   1.0  0.10501586       0.64301026  0.13775454  0.11421933
 1965     H   1.0  0.09929828       0.65494341  0.13710363  0.10865468
 1966     H   1.0  0.14059356       0.52478045  0.10289598  0.23173001
 1967     H   1.0  0.08516916       0.66197044  0.12431250  0.12854791
 1968     H   1.0  0.08932001       0.65900874  0.12446807  0.12720319
 1969     H   1.0  0.08110001       0.66401708  0.12928806  0.12559485
 1970     H   1.0  0.15086558       0.56526583  0.11335202  0.17051657
 1971     H   1.0  0.09512724       0.65231973  0.14144295  0.11111008
 1972     H   1.0  0.10779892       0.63946587  0.12904617  0.12368904
 1973     H   1.0  0.08401887       0.65943205  0.13517976  0.12136932
 1974     H   1.0  0.14297256       0.56693882  0.11756379  0.17252483
 1975     H   1.0  0.09564993       0.65243685  0.14218895  0.10972426
 1976     H   1.0  0.08141341       0.66423154  0.13289385  0.12146121
 1977     H   1.0  0.08027151       0.66075730  0.13427401  0.12469718
 1978     H   1.0  0.08153578       0.65915489  0.13671069  0.12259864
 1979     H   1.0  0.10057792       0.64596808  0.12572779  0.12772621
 1980     H   1.0  0.12947943       0.56959593  0.12281772  0.17810692
 1981     H   1.0  0.09425896       0.65478563  0.14096758  0.10998783
 1982     H   1.0  0.09234144       0.65363705  0.13421267  0.11980883
 1983     H   1.0  0.07140230       0.66583008  0.14262110  0.12014652
 1984     H   1.0  0.08279723       0.65707898  0.13007753  0.13004626
 1985     H   1.0  0.08214701       0.66174531  0.13331375  0.12279393
 1986     H   1.0  0.12005967       0.56731665  0.12427671  0.18834697
 1987     H   1.0  0.05919219       0.63197488  0.13148411  0.17734883
 1988     H   1.0  0.09051700       0.65338242  0.13968202  0.11641856
 1989     H   1.0  0.07579254       0.66595268  0.13362458  0.12463019
 1990     H   1.0  0.07485259       0.66584128  0.13352792  0.12577821
 1991     H   1.0  0.06832257       0.66828674  0.13855675  0.12483395
 1992     H   1.0  0.07687341       0.66113967  0.13669430  0.12529263
 1993     H   1.0  0.06021930       0.67075211  0.14020123  0.12882736
 1994     H   1.0  0.06822102       0.66429734  0.13715842  0.13032322
 1995     H   1.0  0.12265956       0.56769598  0.12689584  0.18274862
 1996     H   1.0  0.09158053       0.65149999  0.14525817  0.11166131
 1997     H   1.0  0.09654451       0.64939982  0.13116148  0.12289419
 1998     H   1.0  0.07083085       0.65480328  0.14136986  0.13299601
 1999     H   1.0  0.12540321       0.56694984  0.12489118  0.18275576
 2000     H   1.0  0.09189957       0.65679419  0.14141072  0.10989552
 2001     H   1.0  0.08915841       0.65556782  0.13363115  0.12164261
 2002     H   1.0  0.07493887       0.66194952  0.14140041  0.12171120
 2003     H   1.0  0.07466120       0.65531284  0.13889681  0.13112916
 2004     H   1.0  0.07606367       0.66253030  0.12858336  0.13282267
 2005     H   1.0  0.13045397       0.56740493  0.12412235  0.17801876
 2006     H   1.0  0.09533438       0.65298176  0.14234149  0.10934237
 2007     H   1.0  0.09084705       0.65340883  0.13655595  0.11918817
 2008     H   1.0  0.07415680       0.66591376  0.14017031  0.11975913
 2009     H   1.0  0.04538141       0.67247212  0.13798189  0.14416458
 2010     H   1.0  0.08193158       0.65824270  0.13698833  0.12283739
 2011     H   1.0  0.07177257       0.65842485  0.13875163  0.13105095
 2012     H   1.0  0.03726801       0.64872754  0.12987456  0.18412989
 2013     H   1.0  0.04516073       0.66504741  0.13102530  0.15876656
 2014     H   1.0  0.10941259       0.56680381  0.12383714  0.19994646
 2015     H   1.0  0.09160432       0.65516245  0.14259152  0.11064170
 2016     H   1.0  0.08031102       0.65895897  0.14111486  0.11961515
 2017     H   1.0  0.07419157       0.66712898  0.13547052  0.12320893
 2018     H   1.0  0.05796668       0.66294605  0.13785776  0.14122951
 2019     H   1.0  0.07931422       0.66050076  0.13327791  0.12690711
 2020     H   1.0  0.07756828       0.66226155  0.13359207  0.12657811
 2021     H   1.0  0.07306314       0.66495091  0.13781263  0.12417332
 2022     H   1.0  0.07573417       0.66249299  0.13669716  0.12507568
 2023     H   1.0  0.07034625       0.66669101  0.13755083  0.12541191
 2024     H   1.0  0.07291056       0.66533577  0.13501942  0.12673425
 2025     H   1.0  0.10290381       0.56679749  0.12243117  0.20786753
 2026     H   1.0  0.09278408       0.65673143  0.14114980  0.10933469
 2027     H   1.0  0.08976883       0.65729898  0.13335283  0.11957936
 2028     H   1.0  0.07773893       0.66377407  0.13844624  0.12004076
 2029     H   1.0  0.07128710       0.66384566  0.13663577  0.12823147
 2030     H   1.0  0.09322119       0.65410721  0.13160492  0.12106667
 2031     H   1.0  0.08928259       0.66546655  0.12738946  0.11786140
 2032     H   1.0  0.09644679       0.66119468  0.12715907  0.11519945
 2033     H   1.0  0.15904628       0.56142086  0.10332978  0.17620308
 2034     H   1.0  0.15868333       0.56189686  0.10130369  0.17811612
 2035     H   1.0  0.15043888       0.56483376  0.10346707  0.18126029
 2036     H   1.0  0.15752343       0.56270456  0.10161751  0.17815449
 2037     H   1.0  0.15872825       0.56283987  0.09906078  0.17937110
 2038     H   1.0  0.12375751       0.56536382  0.12167122  0.18920744
 2039     H   1.0  0.09751637       0.65252542  0.13732335  0.11263485
 2040     H   1.0  0.07614297       0.66197211  0.14144689  0.12043804
 2041     H   1.0  0.08582316       0.65859675  0.13295881  0.12262127
 2042     H   1.0  0.08185082       0.65973043  0.13533026  0.12308849
 2043     H   1.0  0.07526959       0.65499276  0.12947176  0.14026589
 2044     H   1.0  0.13289611       0.56578869  0.12451915  0.17679605
 2045     H   1.0  0.09531014       0.65111470  0.13904667  0.11452849
 2046     H   1.0  0.08461604       0.65572774  0.13555819  0.12409803
 2047     H   1.0  0.07295981       0.66441113  0.13043067  0.13219839
 2048     H   1.0  0.07507398       0.66647136  0.13556778  0.12288687
 2049     H   1.0  0.12132783       0.56941044  0.12324185  0.18601988
 2050     H   1.0  0.07203337       0.66443229  0.15014338  0.11339096
 2051     H   1.0  0.08641171       0.65332180  0.13980779  0.12045870
 2052     H   1.0  0.09775973       0.64132315  0.13681033  0.12410679
 2053     H   1.0  0.11560961       0.56544906  0.12043566  0.19850567
 2054     H   1.0  0.09578702       0.65408921  0.13924474  0.11087903
 2055     H   1.0  0.08131236       0.66136801  0.14035316  0.11696647
 2056     H   1.0  0.08161987       0.66212010  0.13226937  0.12399065
 2057     H   1.0  0.08387193       0.66330427  0.13082874  0.12199507
 2058     H   1.0  0.08567720       0.66359520  0.12274142  0.12798618
 2059     H   1.0  0.08245534       0.66276497  0.12716287  0.12761682
 2060     H   1.0  0.08422086       0.66279578  0.12745838  0.12552498
 2061     H   1.0  0.08442477       0.66436887  0.12503088  0.12617549
 2062     H   1.0  0.08136884       0.66320813  0.13044956  0.12497347
 2063     H   1.0  0.07796701       0.66951299  0.12470408  0.12781593
 2064     H   1.0  0.08665568       0.56544179  0.12481377  0.22308877
 2065     H   1.0  0.10566217       0.64545661  0.13463297  0.11424824
 2066     H   1.0  0.09717045       0.65233707  0.13019204  0.12030043
 2067     H   1.0  0.10842055       0.64241511  0.12568018  0.12348417
 2068     H   1.0  0.09561585       0.56553233  0.12238509  0.21646673
 2069     H   1.0  0.09412340       0.65761036  0.12830046  0.11996578
 2070     H   1.0  0.10394617       0.64498699  0.12947902  0.12158782
 2071     H   1.0  0.07143719       0.58034998  0.13951865  0.20869417
 2072     H   1.0  0.10254433       0.64688373  0.13476683  0.11580512
 2073     H   1.0  0.09842450       0.64563984  0.13180916  0.12412650
 2074     H   1.0  0.10435617       0.64490139  0.12828881  0.12245363
 2075     H   1.0  0.07989282       0.56871122  0.12358930  0.22780666
 2076     H   1.0  0.09946621       0.65016103  0.13087173  0.11950104
 2077     H   1.0  0.10117038       0.65105516  0.12871550  0.11905896
 2078     H   1.0  0.09071589       0.57544148  0.12685543  0.20698720
 2079     H   1.0  0.09704494       0.64832228  0.14484811  0.10978467
 2080     H   1.0  0.07454986       0.65585768  0.13629560  0.13329686
 2081     H   1.0  0.07837143       0.66382962  0.13751535  0.12028360
 2082     H   1.0  0.08992276       0.65453064  0.13465615  0.12089045
 2083     H   1.0  0.09193827       0.64840305  0.13618009  0.12347859
 2084     H   1.0  0.07858464       0.55809283  0.11527859  0.24804394
 2085     H   1.0  0.12943975       0.56476551  0.11656839  0.18922634
 2086     H   1.0  0.08571379       0.55874181  0.12069158  0.23485282
 2087     H   1.0  0.07070894       0.66568017  0.14993969  0.11367120
 2088     H   1.0  0.07718161       0.66226894  0.13934444  0.12120501
 2089     H   1.0  0.08000342       0.65991837  0.13526599  0.12481222
 2090     H   1.0  0.06884117       0.66161758  0.14130062  0.12824064
 2091     H   1.0  0.07121905       0.66640967  0.13828290  0.12408838
 2092     H   1.0  0.08135620       0.65859920  0.13500276  0.12504184
 2093     H   1.0  0.07211316       0.66471308  0.13930686  0.12386690
 2094     H   1.0  0.07092626       0.66769415  0.13609590  0.12528369
 2095     H   1.0  0.11396628       0.57225782  0.12760727  0.18616863
 2096     H   1.0  0.09296369       0.64783484  0.14405523  0.11514624
 2097     H   1.0  0.08261555       0.65905958  0.13658933  0.12173553
 2098     H   1.0  0.10116315       0.64397001  0.13320290  0.12166394
 2099     H   1.0  0.13882062       0.55245137  0.11387603  0.19485198
 2100     H   1.0  0.09655660       0.55704057  0.11662901  0.22977382
 2101     H   1.0  0.15181105       0.56221116  0.11772049  0.16825730
 2102     H   1.0  0.08997718       0.65760356  0.14465494  0.10776432
 2103     H   1.0  0.08217574       0.66311896  0.13859561  0.11610970
 2104     H   1.0  0.11936820       0.62937349  0.13065402  0.12060429
 2105     H   1.0  0.08776119       0.64562511  0.14282884  0.12378486
 2106     H   1.0  0.08492348       0.64825243  0.14008908  0.12673501
 2107     H   1.0  0.08698698       0.64467990  0.14661615  0.12171697
 2108     H   1.0  0.09363905       0.64280605  0.14104712  0.12250777
 2109     H   1.0  0.10208502       0.51918101  0.10804094  0.27069303
 2110     H   1.0  0.09038318       0.56293875  0.12262049  0.22405757
 2111     H   1.0  0.09708402       0.65163428  0.14125785  0.11002385
 2112     H   1.0  0.09316353       0.65449136  0.12966409  0.12268101
 2113     H   1.0  0.07768433       0.66552436  0.13610601  0.12068529
 2114     H   1.0  0.08086152       0.66261017  0.13320453  0.12332377
 2115     H   1.0  0.09635591       0.64890587  0.12606770  0.12867052
 2116     H   1.0  0.07894361       0.55532587  0.11308976  0.25264077
 2117     H   1.0  0.09967307       0.65094382  0.14118427  0.10819884
 2118     H   1.0  0.08151667       0.65460801  0.14064617  0.12322915
 2119     H   1.0  0.07396031       0.66433364  0.14313275  0.11857331
 2120     H   1.0  0.08546519       0.64722532  0.13447130  0.13283820
 2121     H   1.0  0.08623688       0.65773028  0.13679399  0.11923885
 2122     H   1.0  0.11925984       0.56645483  0.12557377  0.18871156
 2123     H   1.0  0.09666843       0.64892244  0.14570861  0.10870053
 2124     H   1.0  0.07057650       0.66175163  0.14358383  0.12408804
 2125     H   1.0  0.08038059       0.65720433  0.14216609  0.12024899
 2126     H   1.0  0.07677749       0.64726484  0.14631972  0.12963795
 2127     H   1.0  0.07859006       0.64779979  0.14449449  0.12911567
 2128     H   1.0  0.07310069       0.64877063  0.14650133  0.13162735
 2129     H   1.0  0.07901580       0.64419389  0.14595419  0.13083612
 2130     H   1.0  0.07609068       0.64747453  0.14497143  0.13146336
 2131     H   1.0  0.10705503       0.56593603  0.12415221  0.20285673
 2132     H   1.0  0.09670787       0.65098101  0.14317985  0.10913127
 2133     H   1.0  0.08168377       0.65974337  0.13981479  0.11875807
 2134     H   1.0  0.08858911       0.66104001  0.12470096  0.12566992
 2135     H   1.0  0.08099255       0.66346490  0.12840626  0.12713629
 2136     H   1.0  0.08281857       0.66268677  0.13019378  0.12430088
 2137     H   1.0  0.08152793       0.65991986  0.13259393  0.12595828
 2138     H   1.0  0.07482266       0.66622955  0.13476788  0.12417991
 2139     H   1.0  0.07290528       0.66133797  0.13720253  0.12855422
 2140     H   1.0  0.11693434       0.56525159  0.12254689  0.19526718
 2141     H   1.0  0.09563971       0.65077150  0.14153008  0.11205871
 2142     H   1.0  0.08006131       0.66482490  0.14363159  0.11148219
 2143     H   1.0  0.14056223       0.52242726  0.09682781  0.24018271
 2144     H   1.0  0.08208030       0.66553736  0.12557650  0.12680585
 2145     H   1.0  0.09169832       0.65395415  0.12721035  0.12713718
 2146     H   1.0  0.08165603       0.66438293  0.12780581  0.12615522
 2147     H   1.0  0.12479223       0.56481826  0.12440242  0.18598709
 2148     H   1.0  0.09578073       0.64884305  0.14606459  0.10931162
 2149     H   1.0  0.08455833       0.65622032  0.13877332  0.12044803
 2150     H   1.0  0.07501589       0.66358435  0.13841078  0.12298898
 2151     H   1.0  0.07781467       0.66270810  0.13746738  0.12200984
 2152     H   1.0  0.08056721       0.66297358  0.13257192  0.12388728
 2153     H   1.0  0.07356613       0.65699548  0.13333552  0.13610288
 2154     H   1.0  0.06527663       0.67300361  0.13373487  0.12798489
 2155     H   1.0  0.05859287       0.67154968  0.13601455  0.13384290
 2156     H   1.0  0.11661600       0.56916231  0.12036181  0.19385988
 2157     H   1.0  0.08858569       0.64383316  0.13752446  0.13005670
 2158     H   1.0  0.07255187       0.65772289  0.15504123  0.11468401
 2159     H   1.0  0.08938516       0.65634805  0.13323262  0.12103416
 2160     H   1.0  0.07939090       0.66128463  0.13963205  0.11969243
 2161     H   1.0  0.07163098       0.66486675  0.14015305  0.12334923
 2162     H   1.0  0.07419751       0.66304553  0.13919945  0.12355751
 2163     H   1.0  0.08436324       0.66183352  0.12751764  0.12628559
 2164     H   1.0  0.06741560       0.67483521  0.12803143  0.12971776
 2165     H   1.0  0.06944380       0.67398840  0.12767613  0.12889167
 2166     H   1.0  0.24161239       0.48031873  0.11702394  0.16104494
 2167     H   1.0  0.21598036       0.49434173  0.12126283  0.16841507
 2168     H   1.0  0.22681022       0.49688011  0.10536988  0.17093978
 2169     H   1.0  0.23205679       0.49328861  0.10762521  0.16702940
 2170     H   1.0  0.14841245       0.52315021  0.15126729  0.17717006
 2171     H   1.0  0.19428385       0.50203800  0.12339084  0.18028731
 2172     H   1.0  0.22614086       0.49251318  0.11074522  0.17060074
 2173     H   1.0  0.22546644       0.49847516  0.10649085  0.16956755
 2174     H   1.0  0.21334742       0.49372751  0.10787948  0.18504559
 2175     H   1.0  0.23569653       0.49275666  0.10288707  0.16865973
 2176     H   1.0  0.23400795       0.48974204  0.11202994  0.16422007
 2177     H   1.0  0.25117657       0.45667365  0.09834985  0.19379992
 2178     H   1.0  0.18767887       0.45942259  0.10647987  0.24641868
 2179     H   1.0  0.09965818       0.51523459  0.14253046  0.24257677
 largest Wiberg (=(PS)*(SP)) bond orders for each atom
           total WBO             WBO to atom > 0.05 ...
     1  N    3.31037018    C    2  0.93855840    H 1124  0.82091107    H 1125  0.81997558    H 1123  0.80619863
     2  C    3.78698027    C    3  0.99203967    C    5  0.97411135    N    1  0.93855840    H 1126  0.87122273
     3  C    3.92604495    O    4  1.46058384    N    8  1.41396820    C    2  0.99203967
     4  O    1.64641100    C    3  1.46058384    N    8  0.07315339    H 1162  0.06815621
     5  C    3.82716082    C    7  1.02611164    C    2  0.97411135    O    6  0.94874985    H 1127  0.88069811
     6  O    1.69191458    C    5  0.94874985    H 1128  0.71557602
     7  C    3.72379993    C    5  1.02611164    H 1130  0.90317923    H 1131  0.89998965    H 1129  0.89497407
     8  N    3.19773735    C    3  1.41396820    C    9  0.95834953    H 1132  0.85856556    O    4  0.07315339
     9  C    3.86718624    C   12  1.01522957    C   10  0.97817685    N    8  0.95834953    H 1133  0.86842875
    10  C    3.95940788    O   11  1.61451463    N   17  1.38276081    C    9  0.97817685
    11  O    1.75191167    C   10  1.61451463    N   17  0.08978904
    12  C    3.82440392    C   13  1.02774852    C    9  1.01522957    H 1134  0.89184256    H 1135  0.88706864
    13  C    3.79935374    C   12  1.02774852    C   14  0.96573073    H 1136  0.89554877    H 1137  0.87174336
    14  C    3.97125701    O   16  1.51895851    O   15  1.50438009    C   13  0.96573073
    15  O    1.66188317    C   14  1.50438009    O   16  0.12311440
    16  O    1.68876405    C   14  1.51895851    O   15  0.12311440
    17  N    3.19231262    C   10  1.38276081    C   18  0.96205921    H 1138  0.84685930    O   11  0.08978904
    18  C    3.88317385    C   21  1.01481318    C   19  0.98622584    N   17  0.96205921    H 1139  0.88437284
    19  C    3.95913687    O   20  1.60438119    N   26  1.38887768    C   18  0.98622584
    20  O    1.70250100    C   19  1.60438119    N   26  0.08236270
    21  C    3.82405627    C   22  1.02238261    C   18  1.01481318    H 1140  0.89002161    H 1141  0.88853532
    22  C    3.79659253    C   21  1.02238261    C   23  0.97086472    H 1142  0.89295744    H 1143  0.87460926
    23  C    3.97646362    O   25  1.53432133    O   24  1.50357475    C   22  0.97086472
    24  O    1.65387082    C   23  1.50357475    O   25  0.12121561
    25  O    1.68276496    C   23  1.53432133    O   24  0.12121561
    26  N    3.16445861    C   19  1.38887768    C   27  0.97433382    H 1144  0.84779264    O   20  0.08236270
    27  C    3.81448064    C   30  1.02036222    N   26  0.97433382    C   28  0.88004210    H 1145  0.86932838
    28  C    4.25598235    N   35  2.09060158    O   29  1.37204993    C   27  0.88004210
    29  O    1.44238794    C   28  1.37204993    H 1152  0.05570108
    30  C    3.79726997    C   31  1.03124706    C   27  1.02036222    H 1147  0.89693506    H 1146  0.87600718
    31  C    3.80879747    C   30  1.03124706    C   32  1.01730085    H 1149  0.90288805    H 1148  0.89904609
    32  C    3.98176314    O   33  1.58305315    N   34  1.39910310    C   31  1.01730085
    33  O    1.71682778    C   32  1.58305315    N   34  0.09427148
    34  N    3.17056394    C   32  1.39910310    H 1151  0.83688267    H 1150  0.83345996    O   33  0.09427148
    35  N    3.73975797    C   28  2.09060158    C   36  0.92517252    H 1152  0.79425312
    36  C    3.78696186    C   37  0.97938009    C   39  0.96747024    N   35  0.92517252    H 1153  0.87333779
    37  C    3.96570204    O   38  1.59769114    N   43  1.38667406    C   36  0.97938009
    38  O    1.69359189    C   37  1.59769114    N   43  0.08328895
    39  C    3.87694475    C   41  1.02688259    C   40  1.00240418    C   36  0.96747024    H 1154  0.88904335
    40  C    3.82248010    C   42  1.05791996    C   39  1.00240418    H 1155  0.89105056    H 1156  0.88734788
    41  C    3.71527972    C   39  1.02688259    H 1158  0.90596888    H 1157  0.90109351    H 1159  0.89553195
    42  C    3.69552881    C   40  1.05791996    H 1161  0.91572784    H 1160  0.89518602    H 1162  0.85772171
    43  N    3.16614864    C   37  1.38667406    C   44  0.95972880    H 1163  0.84861656    O   38  0.08328895
    44  C    3.88887300    C   47  1.03577608    C   45  0.98205154    N   43  0.95972880    H 1164  0.88991659
    45  C    3.95812260    O   46  1.59920552    N   48  1.38793886    C   44  0.98205154
    46  O    1.70858332    C   45  1.59920552    N   48  0.08492994
    47  C    3.72690755    C   44  1.03577608    H 1167  0.91084604    H 1165  0.89971746    H 1166  0.89828505
    48  N    3.18265520    C   45  1.38793886    C   49  0.96556663    H 1168  0.85923009    O   46  0.08492994
    49  C    3.88879668    C   52  1.01148147    C   50  0.97581719    N   48  0.96556663    H 1169  0.88726896
    50  C    3.94789510    O   51  1.59840068    N   57  1.37354225    C   49  0.97581719
    51  O    1.73296061    C   50  1.59840068    N   57  0.07276969
    52  C    3.83264765    C   53  1.04117581    C   49  1.01148147    H 1171  0.89468828    H 1170  0.88766715
    53  C    3.81680739    C   52  1.04117581    C   54  0.96896866    H 1173  0.90428652    H 1172  0.88968747
    54  C    3.97874044    O   55  1.51693957    O   56  1.50783854    C   53  0.96896866
    55  O    1.67657461    C   54  1.51693957    O   56  0.12234077
    56  O    1.67658410    C   54  1.50783854    O   55  0.12234077
    57  N    3.19241787    C   50  1.37354225    C   58  0.95931274    H 1174  0.85671846    O   51  0.07276969
    58  C    3.85605834    C   61  1.01286219    C   59  0.96696038    N   57  0.95931274    H 1175  0.89599703
    59  C    3.92013146    O   60  1.59839717    N   68  1.35319088    C   58  0.96696038
    60  O    1.74503711    C   59  1.59839717    N   68  0.06318996
    61  C    3.81587634    C   58  1.01286219    C   62  1.00907548    H 1177  0.89905415    H 1176  0.86485148
    62  C    3.88576418    C   63  1.38843407    C   64  1.38260464    C   61  1.00907548    C   67  0.05410772
    63  C    3.83182757    C   65  1.41715850    C   62  1.38843407    H 1178  0.91033931    C   66  0.05808181
    64  C    3.83131559    C   66  1.41610310    C   62  1.38260464    H 1179  0.91715031    C   65  0.05833008
    65  C    3.83451543    C   63  1.41715850    C   67  1.41396941    H 1180  0.90385931    C   64  0.05833008
    66  C    3.83588556    C   64  1.41610310    C   67  1.41131896    H 1181  0.89563447    C   63  0.05808181
    67  C    3.83840662    C   65  1.41396941    C   66  1.41131896    H 1182  0.91103763    C   62  0.05410772
    68  N    3.19098911    C   59  1.35319088    C   69  0.96247943    H 1183  0.85793847    O   60  0.06318996
    69  C    3.86343002    C   72  1.00938130    C   70  0.96919998    N   68  0.96247943    H 1184  0.88116922
    70  C    3.93290419    O   71  1.60527874    N   77  1.34636907    C   69  0.96919998
    71  O    1.77871149    C   70  1.60527874    N   77  0.06574274
    72  C    3.81883346    C   73  1.03583038    C   69  1.00938130    H 1186  0.90012352    H 1185  0.88873274
    73  C    3.81988681    C   72  1.03583038    C   74  1.01816845    H 1187  0.90098010    H 1188  0.89838812
    74  C    3.81602569    C   75  1.04788339    C   73  1.01816845    H 1189  0.89833960    H 1190  0.89443874
    75  C    3.72950455    C   74  1.04788339    N   76  0.93533182    H 1191  0.90928421    H 1192  0.90375402
    76  N    3.37477708    C   75  0.93533182    H 1193  0.82051082    H 1195  0.81772689    H 1194  0.81140266
    77  N    3.20788018    C   70  1.34636907    C   78  0.96976859    H 1196  0.85262462    O   71  0.06574274
    78  C    3.88822986    C   81  1.00956512    C   79  0.97171348    N   77  0.96976859    H 1197  0.88620263
    79  C    3.90919986    O   80  1.58740662    N   86  1.31986585    C   78  0.97171348
    80  O    1.77090073    C   79  1.58740662
    81  C    3.82914464    C   82  1.03413590    C   78  1.00956512    H 1199  0.89825344    H 1198  0.88927171
    82  C    3.81775618    C   81  1.03413590    C   83  0.97404873    H 1200  0.90807191    H 1201  0.88306516
    83  C    3.98495561    O   85  1.51931686    O   84  1.50244569    C   82  0.97404873
    84  O    1.66129713    C   83  1.50244569    O   85  0.12270926
    85  O    1.68841785    C   83  1.51931686    O   84  0.12270926
    86  N    3.25121451    C   79  1.31986585    C   87  0.95251092    H 1202  0.84599376
    87  C    3.85101272    C   90  1.03963922    N   86  0.95251092    C   88  0.94351180    H 1203  0.89477761
    88  C    3.89139262    O   89  1.61701054    N   91  1.29616357    C   87  0.94351180
    89  O    1.87490587    C   88  1.61701054
    90  C    3.71322145    C   87  1.03963922    H 1206  0.90911518    H 1205  0.90160910    H 1204  0.89474533
    91  N    3.27642437    C   88  1.29616357    C   92  0.95567458    H 1207  0.85119609
    92  C    3.81512849    C   95  0.99668763    N   91  0.95567458    C   93  0.93845858    H 1208  0.86940368
    93  C    3.89794611    O   94  1.58113053    N  102  1.33775225    C   92  0.93845858
    94  O    1.82951605    C   93  1.58113053    N  102  0.06024029
    95  C    3.81433955    C   96  1.00958580    C   92  0.99668763    H 1209  0.90418106    H 1210  0.89657185
    96  C    3.87328232    C   97  1.38172631    C   98  1.38026403    C   95  1.00958580    C  101  0.05411008
    97  C    3.83564888    C   99  1.40830448    C   96  1.38172631    H 1211  0.90918696    C  100  0.05802322
    98  C    3.81295878    C  100  1.41844927    C   96  1.38026403    H 1212  0.91543825    C   99  0.05776494
    99  C    3.83553590    C  101  1.41200244    C   97  1.40830448    H 1213  0.91402645    C   98  0.05776494
   100  C    3.81141868    C   98  1.41844927    C  101  1.40327633    H 1214  0.90780135    C   97  0.05802322
   101  C    3.82669041    C   99  1.41200244    C  100  1.40327633    H 1215  0.91356636    C   96  0.05411008
   102  N    3.25614334    C   93  1.33775225    C  103  0.96175786    H 1216  0.85334133    O   94  0.06024029
   103  C    3.85178362    C  106  0.98908036    C  104  0.96421673    N  102  0.96175786    H 1217  0.87778504
   104  C    3.95416726    O  105  1.61307228    N  108  1.35821737    C  103  0.96421673
   105  O    1.87645005    C  104  1.61307228    N  108  0.07165351
   106  C    3.75095660    C  103  0.98908036    O  107  0.97283701    H 1218  0.90822518    H 1219  0.89261812
   107  O    1.72314349    C  106  0.97283701    H 1220  0.73320045
   108  N    3.23577289    C  104  1.35821737    C  109  0.96448214    H 1221  0.85590199    O  105  0.07165351
   109  C    3.87032234    C  112  1.01244985    N  108  0.96448214    C  110  0.95765638    H 1222  0.88235312
   110  C    3.84566866    O  111  1.61086365    N  116  1.22562950    C  109  0.95765638
   111  O    1.81008164    C  110  1.61086365
   112  C    3.80855495    C  109  1.01244985    C  113  1.00195612    H 1224  0.89156449    H 1223  0.88748049
   113  C    3.91724344    C  115  1.02141901    C  114  1.02002609    C  112  1.00195612    H 1225  0.90180826
   114  C    3.73420817    C  113  1.02002609    H 1228  0.91286005    H 1227  0.90458166    H 1226  0.90087051
   115  C    3.74360212    C  113  1.02141901    H 1230  0.90964990    H 1229  0.90326828    H 1231  0.90260943
   116  N    3.28533565    C  110  1.22562950    C  117  0.99470086    H 1232  0.84201543    O  119  0.12621289
   117  C    3.78872581    N  116  0.99470086    C  120  0.98277783    H 1233  0.89776472    C  118  0.86194654
   118  C    3.84619300    O  119  1.59354655    N  127  1.34044687    C  117  0.86194654
   119  O    2.00424622    C  118  1.59354655    N  116  0.12621289    N  127  0.07875758
   120  C    3.81206595    C  121  1.01296153    C  117  0.98277783    H 1235  0.90934147    H 1234  0.89423242
   121  C    3.86482743    C  123  1.36476443    C  122  1.35751177    C  120  1.01296153
   122  C    3.82151926    C  124  1.43533257    C  121  1.35751177    H 1236  0.90567174    C  125  0.05260615
   123  C    3.81848559    C  125  1.41239513    C  121  1.36476443    H 1237  0.90745681    C  124  0.05548425
   124  C    3.82744152    C  122  1.43533257    C  126  1.38811066    H 1238  0.91516196    C  123  0.05548425
   125  C    3.83203455    C  123  1.41239513    C  126  1.39227998    H 1239  0.89916031    C  122  0.05260615
   126  C    3.82874927    C  125  1.39227998    C  124  1.38811066    H 1240  0.90213718
   127  N    3.22129948    C  118  1.34044687    C  128  0.94884634    H 1241  0.85940024    O  119  0.07875758
   128  C    3.86176291    C  131  1.01624643    C  129  0.95641390    N  127  0.94884634    H 1242  0.90028068
   129  C    3.93079586    O  130  1.59634836    N  135  1.37247939    C  128  0.95641390
   130  O    1.79396143    C  129  1.59634836    N  135  0.08161365
   131  C    3.74198177    C  128  1.01624643    C  132  0.97393664    H 1243  0.88353813    H 1244  0.87061967
   132  C    3.86039591    O  134  1.52699794    O  133  1.36667219    C  131  0.97393664
   133  O    1.61546411    C  132  1.36667219    Ca1112  0.12359405    O  134  0.09810161
   134  O    1.68049973    C  132  1.52699794    O  133  0.09810161
   135  N    3.20392154    C  129  1.37247939    C  136  0.96659956    H 1245  0.84321893    O  130  0.08161365
   136  C    3.89165902    C  139  1.01217890    C  137  0.98458666    N  135  0.96659956    H 1246  0.89984162
   137  C    3.95944288    O  138  1.60115382    N  144  1.37028930    C  136  0.98458666
   138  O    1.75967437    C  137  1.60115382    N  144  0.08534481
   139  C    3.82206016    C  140  1.03227464    C  136  1.01217890    H 1248  0.89145241    H 1247  0.89007365
   140  C    3.81684913    C  139  1.03227464    C  141  1.02800841    H 1250  0.89376533    H 1249  0.88303098
   141  C    3.82059186    C  142  1.05823757    C  140  1.02800841    H 1251  0.90864461    H 1252  0.90118932
   142  C    3.73100806    C  141  1.05823757    N  143  0.93688565    H 1253  0.90812138    H 1254  0.90733429
   143  N    3.35818372    C  142  0.93688565    H 1257  0.83201268    H 1255  0.82451488    H 1256  0.81249521
   144  N    3.19518115    C  137  1.37028930    C  145  0.97691217    H 1258  0.85958976    O  138  0.08534481
   145  C    3.90611201    C  148  1.00155131    C  146  0.98697611    N  144  0.97691217    H 1259  0.87287274
   146  C    3.98318571    O  147  1.60305758    N  152  1.39468618    C  145  0.98697611
   147  O    1.76068136    C  146  1.60305758    N  152  0.08644905
   148  C    3.79171026    C  145  1.00155131    C  149  0.99727259    H 1260  0.88371583    H 1261  0.87680985
   149  C    3.96039138    O  150  1.50917498    O  151  1.44743033    C  148  0.99727259
   150  O    1.69231622    C  149  1.50917498    O  151  0.11770138
   151  O    1.68536685    C  149  1.44743033    O  150  0.11770138    Ca1112  0.09772626
   152  N    3.23815660    C  146  1.39468618    C  153  0.99592884    H 1262  0.84830630    O  147  0.08644905
   153  C    3.81991216    C  154  1.01258188    N  152  0.99592884    H 1263  0.89455438    H 1264  0.86938797
   154  C    3.96752136    O  155  1.59468394    N  156  1.37559549    C  153  1.01258188
   155  O    1.75808642    C  154  1.59468394    N  156  0.08545308
   156  N    3.19579181    C  154  1.37559549    C  157  0.96566127    H 1265  0.86328088    O  155  0.08545308
   157  C    3.88540578    C  160  1.00070799    C  158  0.97696528    N  156  0.96566127    H 1266  0.87815525
   158  C    3.97784862    O  159  1.59899830    N  164  1.40332021    C  157  0.97696528
   159  O    1.75610266    C  158  1.59899830    N  164  0.08904915
   160  C    3.77453773    C  157  1.00070799    C  161  0.97940075    H 1268  0.88130819    H 1267  0.86673491
   161  C    3.90532053    O  163  1.54482271    O  162  1.37850390    C  160  0.97940075
   162  O    1.62667651    C  161  1.37850390    Ca1112  0.13522807    O  163  0.10028142
   163  O    1.74261320    C  161  1.54482271    O  162  0.10028142
   164  N    3.20320189    C  158  1.40332021    C  165  0.98788557    H 1269  0.86359695    O  159  0.08904915
   165  C    3.79514005    C  166  0.99197226    N  164  0.98788557    H 1270  0.90017734    H 1271  0.87561010
   166  C    3.94208851    O  167  1.60509857    N  168  1.37663663    C  165  0.99197226
   167  O    1.74732582    C  166  1.60509857    N  168  0.08562410
   168  N    3.19163468    C  166  1.37663663    C  169  0.96351441    H 1272  0.87912931    O  167  0.08562410
   169  C    3.82899422    C  170  0.98687727    N  168  0.96351441    C  172  0.94084790    H 1273  0.88944325
   170  C    3.90544155    O  171  1.48205895    N  175  1.42071132    C  169  0.98687727
   171  O    1.68647104    C  170  1.48205895    Ca1112  0.08969785    N  175  0.07228757
   172  C    3.77771622    C  174  1.02256128    C  169  0.94084790    O  173  0.91981991    H 1274  0.88729515
   173  O    1.67254346    C  172  0.91981991    H 1275  0.72337690
   174  C    3.73368671    C  172  1.02256128    H 1278  0.92005182    H 1276  0.90484899    H 1277  0.89975451
   175  N    3.21325753    C  170  1.42071132    C  176  0.95684236    H 1279  0.83769604    O  171  0.07228757
   176  C    3.87803545    C  179  0.97573370    C  177  0.96939769    N  175  0.95684236    H 1280  0.92168060
   177  C    3.92172896    O  178  1.59583092    N  183  1.37311060    C  176  0.96939769
   178  O    1.69413715    C  177  1.59583092    N  183  0.08276104
   179  C    3.87668681    C  181  1.02621864    C  180  0.99681753    C  176  0.97573370    H 1281  0.90037411
   180  C    3.81075408    C  182  1.03886259    C  179  0.99681753    H 1282  0.90625971    H 1283  0.90352195
   181  C    3.72063421    C  179  1.02621864    H 1285  0.90851185    H 1286  0.90787043    H 1284  0.90449178
   182  C    3.72487682    C  180  1.03886259    H 1289  0.92958768    H 1288  0.91105254    H 1287  0.90898988
   183  N    3.18974784    C  177  1.37311060    C  184  0.96970091    H 1290  0.85472561    O  178  0.08276104
   184  C    3.85243349    C  185  0.98189745    N  183  0.96970091    C  187  0.95776666    H 1291  0.89098681
   185  C    3.94013597    O  186  1.59697362    N  190  1.37018138    C  184  0.98189745
   186  O    1.69513251    C  185  1.59697362    N  190  0.07841873
   187  C    3.80523378    C  189  1.02401820    C  184  0.95776666    O  188  0.93489350    H 1292  0.88850378
   188  O    1.66681262    C  187  0.93489350    H 1293  0.75419107
   189  C    3.73344102    C  187  1.02401820    H 1296  0.91344475    H 1295  0.90702543    H 1294  0.90559711
   190  N    3.17053826    C  185  1.37018138    C  191  0.96063648    H 1297  0.84943594    O  186  0.07841873
   191  C    3.82840009    C  192  0.97978962    C  194  0.96640988    N  190  0.96063648    H 1298  0.87342741
   192  C    3.93058196    O  193  1.58710136    N  197  1.36156502    C  191  0.97978962
   193  O    1.69512715    C  192  1.58710136    N  197  0.06864277
   194  C    3.79245051    C  196  1.02167962    C  191  0.96640988    O  195  0.92919146    H 1299  0.89277549
   195  O    1.64249840    C  194  0.92919146    H 1300  0.71410335
   196  C    3.71612220    C  194  1.02167962    H 1303  0.92274315    H 1301  0.91532211    H 1302  0.91234379
   197  N    3.16836679    C  192  1.36156502    C  198  0.96901801    H 1304  0.85575128    O  193  0.06864277
   198  C    3.88032371    C  201  1.01947902    C  199  0.97204168    N  197  0.96901801    H 1305  0.89765753
   199  C    3.93371764    O  200  1.60489094    N  206  1.35540287    C  198  0.97204168
   200  O    1.74557973    C  199  1.60489094    N  206  0.06072859
   201  C    3.81361735    C  202  1.02709507    C  198  1.01947902    H 1307  0.89226763    H 1306  0.89029052
   202  C    3.82085608    C  201  1.02709507    C  203  1.02063357    H 1308  0.88913860    H 1309  0.88358410
   203  C    3.82043971    C  204  1.05939426    C  202  1.02063357    H 1311  0.89085362    H 1310  0.88940321
   204  C    3.75313123    C  203  1.05939426    N  205  0.95078026    H 1312  0.91444608    H 1313  0.90688966
   205  N    3.35250314    C  204  0.95078026    H 1315  0.82283875    H 1316  0.82030707    H 1314  0.80379765
   206  N    3.17997404    C  199  1.35540287    C  207  0.95888535    H 1317  0.85113411    O  200  0.06072859
   207  C    3.85588416    C  210  1.00930801    C  208  0.96260164    N  206  0.95888535    H 1318  0.88175214
   208  C    3.86960163    O  209  1.59343806    N  215  1.30002610    C  207  0.96260164
   209  O    1.73933416    C  208  1.59343806
   210  C    3.79194980    C  211  1.02346181    C  207  1.00930801    H 1320  0.89626084    H 1319  0.89045743
   211  C    3.78281932    C  210  1.02346181    C  212  0.98975561    H 1322  0.89634847    H 1321  0.88973538
   212  C    3.90133225    O  213  1.43709011    O  214  1.41699426    C  211  0.98975561    Ca1112  0.06973229
   213  O    1.69463004    C  212  1.43709011    Ca1112  0.14800315    O  214  0.11465133
   214  O    1.71592033    C  212  1.41699426    Ca1112  0.17148434    O  213  0.11465133
   215  N    3.15328776    C  208  1.30002610    C  216  0.95018663    H 1323  0.84728904
   216  C    3.81624629    C  219  1.00937496    C  217  0.95821820    N  215  0.95018663    H 1324  0.87568357
   217  C    3.87790455    O  218  1.56608952    N  223  1.33428435    C  216  0.95821820
   218  O    1.70701216    C  217  1.56608952    N  223  0.05827609
   219  C    3.78798803    C  216  1.00937496    C  220  0.99920133    H 1325  0.90200001    H 1326  0.88832935
   220  C    3.89068471    C  221  1.02194798    C  222  1.02156802    C  219  0.99920133    H 1327  0.89789636
   221  C    3.71392902    C  220  1.02194798    H 1328  0.92229566    H 1330  0.91080202    H 1329  0.90934078
   222  C    3.71856877    C  220  1.02156802    H 1331  0.91500868    H 1332  0.90913507    H 1333  0.90155199
   223  N    3.16823618    C  217  1.33428435    C  224  0.97477112    H 1334  0.84915775    O  218  0.05827609
   224  C    3.75383846    C  225  0.98987854    N  223  0.97477112    H 1336  0.89719168    H 1335  0.89069069
   225  C    3.91647335    O  226  1.56351568    N  227  1.36494661    C  224  0.98987854
   226  O    1.69282454    C  225  1.56351568    N  227  0.07645162
   227  N    3.17591896    C  225  1.36494661    C  228  0.95666982    H 1337  0.85057264    O  226  0.07645162
   228  C    3.85010373    C  231  0.98079095    C  229  0.97801172    N  227  0.95666982    H 1338  0.89067750
   229  C    3.95911766    O  230  1.59509421    N  234  1.38663095    C  228  0.97801172
   230  O    1.72082179    C  229  1.59509421    N  234  0.08425751
   231  C    3.82243716    C  233  1.02965252    C  228  0.98079095    O  232  0.93075768    H 1339  0.89650626
   232  O    1.65896102    C  231  0.93075768    H 1340  0.71199698
   233  C    3.73298318    C  231  1.02965252    H 1343  0.91188021    H 1341  0.89917372    H 1342  0.89497685
   234  N    3.17623010    C  229  1.38663095    C  235  0.95593124    H 1344  0.85004858    O  230  0.08425751
   235  C    3.85584388    C  236  0.98218450    C  238  0.96940124    N  234  0.95593124    H 1345  0.89327441
   236  C    3.94194825    O  237  1.55398979    N  241  1.40007407    C  235  0.98218450
   237  O    1.70152173    C  236  1.55398979    N  241  0.07638561
   238  C    3.87847749    C  240  1.03193431    C  239  1.02855931    C  235  0.96940124    H 1346  0.89063176
   239  C    3.72578221    C  238  1.02855931    H 1348  0.91126333    H 1349  0.90980342    H 1347  0.90486049
   240  C    3.72042315    C  238  1.03193431    H 1351  0.91991565    H 1352  0.91568368    H 1350  0.91391245
   241  N    3.16186860    C  236  1.40007407    C  242  0.96096361    H 1353  0.84818919    O  237  0.07638561
   242  C    3.89251909    C  245  1.01885413    C  243  0.98482566    N  241  0.96096361    H 1354  0.89663569
   243  C    3.95445877    O  244  1.58957450    N  249  1.38350486    C  242  0.98482566
   244  O    1.69377321    C  243  1.58957450    N  249  0.08292379
   245  C    3.79499174    C  242  1.01885413    C  246  0.99756003    H 1355  0.90023954    H 1356  0.89217296
   246  C    3.83660428    S  247  1.07843610    C  245  0.99756003    H 1357  0.88109888    H 1358  0.88069535
   247  S    2.20794107    C  248  1.13400948    C  246  1.07843610
   248  C    3.80162332    S  247  1.13400948    H 1361  0.89877867    H 1360  0.89212754    H 1359  0.88367646
   249  N    3.16238489    C  243  1.38350486    C  250  0.96405637    H 1362  0.85184784    O  244  0.08292379
   250  C    3.89012844    C  253  1.00690091    C  251  0.98029004    N  249  0.96405637    H 1363  0.89662759
   251  C    3.96305596    O  252  1.59265479    N  260  1.39714944    C  250  0.98029004
   252  O    1.72912807    C  251  1.59265479    N  260  0.08569875
   253  C    3.80564204    C  254  1.02650047    C  250  1.00690091    H 1365  0.89529832    H 1364  0.89277822
   254  C    3.80673201    C  255  1.03965251    C  253  1.02650047    H 1366  0.89352228    H 1367  0.88787536
   255  C    3.83770133    C  254  1.03965251    N  256  0.99382834    H 1368  0.90942825    H 1369  0.90104234
   256  N    3.14920002    C  257  1.34414589    C  255  0.99382834    H 1370  0.84251624
   257  C    4.11445692    N  258  1.38769740    N  259  1.38510574    N  256  1.34414589
   258  N    3.04310861    C  257  1.38769740    H 1372  0.83962473    H 1371  0.82889737
   259  N    3.05961811    C  257  1.38510574    H 1374  0.83805459    H 1373  0.82757081
   260  N    3.16911695    C  251  1.39714944    C  261  0.96267017    H 1375  0.84533589    O  252  0.08569875
   261  C    3.87274044    C  264  0.98931485    C  262  0.98296743    N  260  0.96267017    H 1376  0.87447346
   262  C    3.98084098    O  263  1.60898944    N  266  1.39297724    C  261  0.98296743
   263  O    1.76536064    C  262  1.60898944    N  266  0.08783503
   264  C    3.75309595    C  261  0.98931485    O  265  0.98017277    H 1378  0.89000560    H 1377  0.88544896
   265  O    1.67705655    C  264  0.98017277    H 1379  0.71549143
   266  N    3.16209515    C  262  1.39297724    C  267  0.97136688    H 1380  0.85156940    O  263  0.08783503
   267  C    3.89091608    C  270  1.02383487    C  268  0.98132521    N  266  0.97136688    H 1381  0.87604135
   268  C    3.97491489    O  269  1.60743779    N  274  1.39365390    C  267  0.98132521
   269  O    1.74747678    C  268  1.60743779    N  274  0.08739951
   270  C    3.81535150    C  267  1.02383487    C  271  1.00913608    H 1383  0.89363425    H 1382  0.88574032
   271  C    3.92763701    C  272  1.03420852    C  273  1.02159478    C  270  1.00913608    H 1384  0.88350076
   272  C    3.74032738    C  271  1.03420852    H 1386  0.90659610    H 1387  0.90325120    H 1385  0.89964630
   273  C    3.72278749    C  271  1.02159478    H 1390  0.89962088    H 1389  0.89672995    H 1388  0.89661178
   274  N    3.22111365    C  268  1.39365390    C  275  0.99671018    H 1391  0.85209933    O  269  0.08739951
   275  C    3.81586507    C  276  1.00295235    N  274  0.99671018    H 1392  0.88485934    H 1393  0.87700012
   276  C    3.97664961    O  277  1.60033418    N  278  1.38360416    C  275  1.00295235
   277  O    1.76087300    C  276  1.60033418    N  278  0.08670998
   278  N    3.19099899    C  276  1.38360416    C  279  0.96328620    H 1394  0.85204046    O  277  0.08670998
   279  C    3.89490589    C  282  1.01926204    C  280  0.98265440    N  278  0.96328620    H 1395  0.90381556
   280  C    3.94897070    O  281  1.59474340    N  287  1.36862011    C  279  0.98265440
   281  O    1.68711163    C  280  1.59474340    N  287  0.08340779
   282  C    3.81191342    C  283  1.03099597    C  279  1.01926204    H 1396  0.88836485    H 1397  0.88534673
   283  C    3.79799752    C  282  1.03099597    C  284  1.01290487    H 1399  0.89016761    H 1398  0.86600527
   284  C    3.99042645    O  285  1.59458971    N  286  1.39522529    C  283  1.01290487
   285  O    1.74531075    C  284  1.59458971    N  286  0.09591751
   286  N    3.14045774    C  284  1.39522529    H 1401  0.83494944    H 1400  0.83196417    O  285  0.09591751
   287  N    3.22445704    C  280  1.36862011    C  288  0.97549766    H 1402  0.82845857    O  281  0.08340779
   288  C    3.92104482    C  291  1.03209604    C  289  0.99351476    N  287  0.97549766    H 1403  0.92327172
   289  C    3.96039728    O  290  1.60218411    N  295  1.36159000    C  288  0.99351476
   290  O    1.76704647    C  289  1.60218411    N  295  0.08462602
   291  C    3.80013405    C  288  1.03209604    C  292  1.00069082    H 1404  0.88150019    H 1405  0.87296157
   292  C    3.98778548    O  293  1.58912912    N  294  1.40634782    C  291  1.00069082
   293  O    1.75443454    C  292  1.58912912    N  294  0.09538243
   294  N    3.11540947    C  292  1.40634782    H 1407  0.84444409    H 1406  0.83263847    O  293  0.09538243
   295  N    3.28119737    C  289  1.36159000    C  301  0.94991040    C  296  0.94692830    O  290  0.08462602
   296  C    3.87294574    C  299  1.01044141    C  297  0.97573369    N  295  0.94692830    H 1408  0.89223839
   297  C    3.94070152    O  298  1.60663105    N  302  1.37267807    C  296  0.97573369
   298  O    1.75134582    C  297  1.60663105    N  302  0.08899373
   299  C    3.77548490    C  300  1.02873086    C  296  1.01044141    H 1409  0.88043706    H 1410  0.87537168
   300  C    3.77089063    C  301  1.04603678    C  299  1.02873086    H 1412  0.89239009    H 1411  0.88187079
   301  C    3.77047088    C  300  1.04603678    N  295  0.94991040    H 1414  0.88998245    H 1413  0.88263019
   302  N    3.18572710    C  297  1.37267807    C  303  0.96663289    H 1415  0.85760027    O  298  0.08899373
   303  C    3.86134756    C  304  0.98375735    C  306  0.96832336    N  302  0.96663289    H 1416  0.87525320
   304  C    3.96014426    O  305  1.60547523    N  309  1.37134683    C  303  0.98375735
   305  O    1.69249246    C  304  1.60547523    N  309  0.08344808
   306  C    3.83405613    C  308  1.03389668    C  303  0.96832336    O  307  0.94061279    H 1417  0.88454367
   307  O    1.65760098    C  306  0.94061279    H 1418  0.72677231
   308  C    3.73675609    C  306  1.03389668    H 1421  0.90804040    H 1419  0.89950005    H 1420  0.89700290
   309  N    3.18145593    C  304  1.37134683    C  310  0.96140511    H 1422  0.84357385    O  305  0.08344808
   310  C    3.87404496    C  313  1.01463555    C  311  0.97445254    N  309  0.96140511    H 1423  0.88352089
   311  C    3.96342241    O  312  1.61372966    N  318  1.37763146    C  310  0.97445254
   312  O    1.73507821    C  311  1.61372966    N  318  0.08630380
   313  C    3.82871044    C  314  1.02835256    C  310  1.01463555    H 1425  0.89495700    H 1424  0.88355656
   314  C    3.80959611    C  313  1.02835256    C  315  0.96794372    H 1427  0.90217093    H 1426  0.87497936
   315  C    3.96358056    O  317  1.52124941    O  316  1.52005691    C  314  0.96794372
   316  O    1.66800406    C  315  1.52005691    O  317  0.12434539
   317  O    1.65060402    C  315  1.52124941    O  316  0.12434539
   318  N    3.18776074    C  311  1.37763146    C  319  0.95843597    H 1428  0.84831401    O  312  0.08630380
   319  C    3.87847909    C  322  1.02818487    C  320  0.97521987    N  318  0.95843597    H 1429  0.88411973
   320  C    3.98014251    O  321  1.62331064    N  323  1.38847785    C  319  0.97521987
   321  O    1.75620542    C  320  1.62331064    N  323  0.08682211
   322  C    3.72418475    C  319  1.02818487    H 1432  0.90804550    H 1431  0.90173676    H 1430  0.89525180
   323  N    3.18151880    C  320  1.38847785    C  324  0.96042464    H 1433  0.85447369    O  321  0.08682211
   324  C    3.88528321    C  327  1.01767596    C  325  0.98055719    N  323  0.96042464    H 1434  0.88855419
   325  C    3.95777376    O  326  1.59730334    N  332  1.38702716    C  324  0.98055719
   326  O    1.69702551    C  325  1.59730334    N  332  0.08319747
   327  C    3.81887600    C  328  1.03997422    C  324  1.01767596    H 1436  0.90467098    H 1435  0.88286080
   328  C    3.81016209    C  327  1.03997422    C  329  0.97706721    H 1438  0.88798637    H 1437  0.88663762
   329  C    3.97010378    O  330  1.51645586    O  331  1.48827325    C  328  0.97706721
   330  O    1.68705478    C  329  1.51645586    O  331  0.11205700
   331  O    1.58510257    C  329  1.48827325    O  330  0.11205700
   332  N    3.17365519    C  325  1.38702716    C  333  0.95559320    H 1439  0.85616807    O  326  0.08319747
   333  C    3.87417599    C  336  1.01999631    C  334  0.98178644    N  332  0.95559320    H 1440  0.89701714
   334  C    3.94594983    O  335  1.60338217    N  340  1.37279743    C  333  0.98178644
   335  O    1.71214044    C  334  1.60338217    N  340  0.08119565
   336  C    3.81133535    C  333  1.01999631    C  337  1.00929838    H 1442  0.89996087    H 1441  0.89244853
   337  C    3.89000324    C  339  1.01910779    C  338  1.01214666    C  336  1.00929838    H 1443  0.89406260
   338  C    3.72163243    C  337  1.01214666    H 1446  0.91589486    H 1445  0.90647797    H 1444  0.90540775
   339  C    3.70503060    C  337  1.01910779    H 1448  0.91629439    H 1449  0.91479255    H 1447  0.91350162
   340  N    3.17711303    C  334  1.37279743    C  341  0.96977202    H 1450  0.85832489    O  335  0.08119565
   341  C    3.87871925    C  344  1.01167665    C  342  0.97746447    N  340  0.96977202    H 1451  0.89483972
   342  C    3.94158225    O  343  1.59743546    N  349  1.37658528    C  341  0.97746447
   343  O    1.71226038    C  342  1.59743546    N  349  0.07487987
   344  C    3.81566551    C  345  1.02372290    C  341  1.01167665    H 1452  0.89265021    H 1453  0.88954686
   345  C    3.81286196    C  344  1.02372290    C  346  1.00414033    H 1454  0.91435753    H 1455  0.87788850
   346  C    3.98017592    O  347  1.59137950    N  348  1.41119810    C  345  1.00414033
   347  O    1.72787711    C  346  1.59137950    N  348  0.09537223
   348  N    3.15108605    C  346  1.41119810    H 1457  0.84531749    H 1456  0.83002109    O  347  0.09537223
   349  N    3.17628783    C  342  1.37658528    C  350  0.95459712    H 1458  0.85990556    O  343  0.07487987
   350  C    3.88354751    C  353  1.01884927    C  351  0.97465341    N  349  0.95459712    H 1459  0.89655029
   351  C    3.93410687    O  352  1.60210380    N  357  1.35887493    C  350  0.97465341
   352  O    1.73544307    C  351  1.60210380    N  357  0.06732235
   353  C    3.78950732    C  350  1.01884927    C  354  0.96927338    H 1461  0.90053583    H 1460  0.87475387
   354  C    3.97357681    O  355  1.51229902    O  356  1.50840864    C  353  0.96927338
   355  O    1.68619598    C  354  1.51229902    O  356  0.12088890
   356  O    1.66043716    C  354  1.50840864    O  355  0.12088890
   357  N    3.16503117    C  351  1.35887493    C  358  0.95320006    H 1462  0.85781714    O  352  0.06732235
   358  C    3.84857379    C  361  1.00822096    C  359  0.96327528    N  357  0.95320006    H 1463  0.89006787
   359  C    3.88994671    O  360  1.61214142    N  365  1.31272749    C  358  0.96327528
   360  O    1.76063258    C  359  1.61214142
   361  C    3.80609547    C  358  1.00822096    C  362  1.00046172    H 1465  0.91149592    H 1464  0.89370915
   362  C    3.87886946    S  363  1.10307714    C  361  1.00046172    H 1466  0.89072840    H 1467  0.87996814
   363  S    2.25753504    C  364  1.12621347    C  362  1.10307714
   364  C    3.82422139    S  363  1.12621347    H 1470  0.89308029    H 1468  0.89070715    H 1469  0.88170443
   365  N    3.13817772    C  359  1.31272749    C  366  0.96046653    H 1471  0.85234378
   366  C    3.81372599    C  369  0.96629790    N  365  0.96046653    C  367  0.95503023    H 1472  0.89857842
   367  C    3.89240699    O  368  1.56947146    N  373  1.35905291    C  366  0.95503023
   368  O    1.69289078    C  367  1.56947146    N  373  0.06828083
   369  C    3.87827987    C  371  1.03040187    C  370  1.00255427    C  366  0.96629790    H 1473  0.89487269
   370  C    3.82209493    C  372  1.05769732    C  369  1.00255427    H 1474  0.91232899    H 1475  0.90175772
   371  C    3.72701961    C  369  1.03040187    H 1478  0.91525369    H 1477  0.90858929    H 1476  0.90473521
   372  C    3.72313345    C  370  1.05769732    H 1481  0.92304138    H 1480  0.91423114    H 1479  0.90327214
   373  N    3.15428163    C  367  1.35905291    C  374  0.96904179    H 1482  0.85720676    O  368  0.06828083
   374  C    3.87326065    C  377  1.00890857    C  375  0.97160388    N  373  0.96904179    H 1483  0.88988135
   375  C    3.96560394    O  376  1.62119287    N  381  1.37861467    C  374  0.97160388
   376  O    1.79548507    C  375  1.62119287    N  381  0.08101201
   377  C    3.77721720    C  374  1.00890857    C  378  0.99012143    H 1485  0.89826413    H 1484  0.88168552
   378  C    3.96351110    O  379  1.59127414    N  380  1.39392499    C  377  0.99012143
   379  O    1.71433836    C  378  1.59127414    N  380  0.09313412
   380  N    3.15703181    C  378  1.39392499    H 1486  0.84066135    H 1487  0.83954662    O  379  0.09313412
   381  N    3.17525220    C  375  1.37861467    C  382  0.96357056    H 1488  0.85253409    O  376  0.08101201
   382  C    3.88016383    C  385  1.00390199    C  383  0.96766413    N  381  0.96357056    H 1489  0.88072479
   383  C    3.94947862    O  384  1.60805299    N  390  1.36983591    C  382  0.96766413
   384  O    1.77020345    C  383  1.60805299    N  390  0.07407008
   385  C    3.82697528    C  386  1.03832240    C  382  1.00390199    H 1490  0.90003714    H 1491  0.89137648
   386  C    3.80641815    C  385  1.03832240    C  387  0.97442817    H 1493  0.92775172    H 1492  0.88214204
   387  C    3.96005801    O  389  1.52148480    O  388  1.49720678    C  386  0.97442817
   388  O    1.65510228    C  387  1.49720678    O  389  0.12168663
   389  O    1.68139373    C  387  1.52148480    O  388  0.12168663
   390  N    3.18026283    C  383  1.36983591    C  391  0.97050954    H 1494  0.86270686    O  384  0.07407008
   391  C    3.84890520    N  390  0.97050954    C  394  0.95978394    C  392  0.95941629    H 1495  0.89786621
   392  C    3.92312196    O  393  1.59731818    N  397  1.37068497    C  391  0.95941629
   393  O    1.75274830    C  392  1.59731818    N  397  0.08267710
   394  C    3.88718413    C  395  1.03602737    C  396  1.02846564    C  391  0.95978394    H 1496  0.90733659
   395  C    3.72633796    C  394  1.03602737    H 1499  0.91711940    H 1498  0.90859978    H 1497  0.89786162
   396  C    3.72629245    C  394  1.02846564    H 1502  0.92294511    H 1501  0.92225021    H 1500  0.90061350
   397  N    3.18829524    C  392  1.37068497    C  398  0.95515603    H 1503  0.86570959    O  393  0.08267710
   398  C    3.88092081    C  401  1.01357352    C  399  0.97754835    N  397  0.95515603    H 1504  0.91202768
   399  C    3.96634567    O  400  1.62035060    N  405  1.37657538    C  398  0.97754835
   400  O    1.77272034    C  399  1.62035060    N  405  0.08526573
   401  C    3.75604077    C  398  1.01357352    C  402  0.98225680    H 1505  0.89707902    H 1506  0.86544088
   402  C    3.90303040    O  404  1.54853958    O  403  1.38551312    C  401  0.98225680
   403  O    1.62058265    C  402  1.38551312    O  404  0.10348109    Ca1113  0.10130335
   404  O    1.67258607    C  402  1.54853958    O  403  0.10348109
   405  N    3.21683076    C  399  1.37657538    C  406  0.96981566    H 1507  0.84970865    O  400  0.08526573
   406  C    3.90133498    C  409  1.02568158    C  407  0.98129924    N  405  0.96981566    H 1508  0.89221580
   407  C    3.95865208    O  408  1.60690766    N  410  1.37988928    C  406  0.98129924
   408  O    1.76187204    C  407  1.60690766    N  410  0.09099622
   409  C    3.72171889    C  406  1.02568158    H 1511  0.91131085    H 1509  0.90589327    H 1510  0.89570357
   410  N    3.18382139    C  407  1.37988928    C  411  0.97494440    H 1512  0.84153038    O  408  0.09099622
   411  C    3.91042781    C  414  1.01097518    C  412  0.99112295    N  410  0.97494440    H 1513  0.86994517
   412  C    3.99819787    O  413  1.60541638    N  418  1.40126419    C  411  0.99112295
   413  O    1.76520911    C  412  1.60541638    N  418  0.08674324
   414  C    3.77850471    C  411  1.01097518    C  415  0.98588278    H 1514  0.88247186    H 1515  0.86365806
   415  C    3.93572654    O  417  1.54259793    O  416  1.42725555    C  414  0.98588278
   416  O    1.64745767    C  415  1.42725555    O  417  0.11160583    Ca1113  0.09305449
   417  O    1.71053677    C  415  1.54259793    O  416  0.11160583
   418  N    3.23188272    C  412  1.40126419    C  419  0.99297136    H 1516  0.84815473    O  413  0.08674324
   419  C    3.81068992    C  420  1.00884497    N  418  0.99297136    H 1517  0.89529173    H 1518  0.87025594
   420  C    3.97329650    O  421  1.60107541    N  422  1.38452214    C  419  1.00884497
   421  O    1.75708881    C  420  1.60107541    N  422  0.08617984
   422  N    3.19037383    C  420  1.38452214    C  423  0.96783265    H 1519  0.85513599    O  421  0.08617984
   423  C    3.88508263    C  426  1.01106563    C  424  0.97952735    N  422  0.96783265    H 1520  0.87155568
   424  C    3.98100590    O  425  1.60197022    N  430  1.39368431    C  423  0.97952735
   425  O    1.75459456    C  424  1.60197022    N  430  0.08768072
   426  C    3.76795318    C  427  1.01935246    C  423  1.01106563    H 1521  0.87353285    H 1522  0.85748745
   427  C    3.96443344    O  428  1.48408990    N  429  1.43049261    C  426  1.01935246
   428  O    1.70823601    C  427  1.48408990    Ca1113  0.11921734    N  429  0.08678718
   429  N    3.15847169    C  427  1.43049261    H 1523  0.87087179    H 1524  0.80532090    O  428  0.08678718
   430  N    3.22004632    C  424  1.39368431    C  431  0.98972904    H 1525  0.86036378    O  425  0.08768072
   431  C    3.80804224    C  432  0.99476252    N  430  0.98972904    H 1526  0.89007561    H 1527  0.88128845
   432  C    3.94995103    O  433  1.60211572    N  434  1.37202775    C  431  0.99476252
   433  O    1.74671420    C  432  1.60211572    N  434  0.08444227
   434  N    3.19212687    C  432  1.37202775    C  435  0.96431925    H 1528  0.87176339    O  433  0.08444227
   435  C    3.84522223    C  436  0.97758292    C  438  0.96901873    N  434  0.96431925    H 1529  0.87561951
   436  C    3.89701480    O  437  1.47608347    N  441  1.41265234    C  435  0.97758292
   437  O    1.69213707    C  436  1.47608347    Ca1113  0.09604895    N  441  0.07461045
   438  C    3.80069117    C  440  1.02400570    C  435  0.96901873    O  439  0.92470777    H 1530  0.89256089
   439  O    1.66744751    C  438  0.92470777    H 1531  0.73598423
   440  C    3.73218605    C  438  1.02400570    H 1534  0.91974425    H 1532  0.90911561    H 1533  0.90371624
   441  N    3.19628617    C  436  1.41265234    C  442  0.94901216    H 1535  0.84022781    O  437  0.07461045
   442  C    3.86434505    C  443  0.97574223    C  445  0.96255798    N  441  0.94901216    H 1536  0.92456202
   443  C    3.93147178    O  444  1.59317816    N  449  1.38084023    C  442  0.97574223
   444  O    1.67987453    C  443  1.59317816    N  449  0.08397662
   445  C    3.86110340    C  447  1.02237735    C  446  1.00429695    C  442  0.96255798    H 1537  0.90273381
   446  C    3.81726744    C  448  1.04637421    C  445  1.00429695    H 1538  0.90441512    H 1539  0.90236097
   447  C    3.71232606    C  445  1.02237735    H 1542  0.91622243    H 1541  0.91211205    H 1540  0.90636136
   448  C    3.72745633    C  446  1.04637421    H 1545  0.92616307    H 1543  0.91825063    H 1544  0.91717954
   449  N    3.19344372    C  443  1.38084023    C  450  0.95593527    H 1546  0.85976149    O  444  0.08397662
   450  C    3.86311153    C  453  1.00889070    C  451  0.97364859    N  449  0.95593527    H 1547  0.89060103
   451  C    3.92111497    O  452  1.58283725    N  457  1.36199551    C  450  0.97364859
   452  O    1.67844158    C  451  1.58283725    N  457  0.07625515
   453  C    3.78584190    C  450  1.00889070    C  454  0.98951516    H 1548  0.89803930    H 1549  0.87433952
   454  C    3.93136348    O  456  1.50842117    O  455  1.47402647    C  453  0.98951516
   455  O    1.58531838    C  454  1.47402647    O  456  0.10810177
   456  O    1.65684211    C  454  1.50842117    O  455  0.10810177
   457  N    3.19970243    C  451  1.36199551    C  458  0.96215036    H 1550  0.84275345    O  452  0.07625515
   458  C    3.87584483    C  461  1.00478255    C  459  0.97804918    N  457  0.96215036    H 1551  0.89311235
   459  C    3.91766898    O  460  1.55869882    N  468  1.33134875    C  458  0.97804918
   460  O    1.70109297    C  459  1.55869882    N  468  0.06638322
   461  C    3.83080302    C  462  1.00872194    C  458  1.00478255    H 1552  0.91744690    H 1553  0.87631402
   462  C    3.88703017    C  463  1.38191360    C  464  1.38117650    C  461  1.00872194    C  467  0.05382865
   463  C    3.81118392    C  465  1.40505906    C  462  1.38191360    H 1554  0.90592253    C  466  0.05915154
   464  C    3.84412192    C  466  1.41470658    C  462  1.38117650    H 1555  0.90306664    C  465  0.05837584
   465  C    3.80819813    C  467  1.41367672    C  463  1.40505906    H 1556  0.90422783    C  464  0.05837584
   466  C    3.83750109    C  467  1.41876286    C  464  1.41470658    H 1557  0.90613971    C  463  0.05915154
   467  C    3.82144655    C  466  1.41876286    C  465  1.41367672    H 1558  0.90504259    C  462  0.05382865
   468  N    3.24181366    C  459  1.33134875    C  474  0.95490258    C  469  0.95006671    O  460  0.06638322
   469  C    3.86937837    C  472  1.00376847    C  470  0.97771501    N  468  0.95006671    H 1559  0.87665840
   470  C    3.90300315    O  471  1.56677998    N  475  1.31144454    C  469  0.97771501
   471  O    1.68736697    C  470  1.56677998
   472  C    3.79805655    C  473  1.02567857    C  469  1.00376847    H 1561  0.89019896    H 1560  0.87644948
   473  C    3.80123601    C  474  1.03187787    C  472  1.02567857    H 1562  0.89201040    H 1563  0.87639999
   474  C    3.79351850    C  473  1.03187787    N  468  0.95490258    H 1564  0.89925827    H 1565  0.89725532
   475  N    3.23661632    C  470  1.31144454    C  476  0.95812664    H 1566  0.85405073    O  478  0.05256457
   476  C    3.84613914    C  479  1.00488791    N  475  0.95812664    C  477  0.94068163    H 1567  0.88307506
   477  C    3.86000484    O  478  1.60878633    N  484  1.26575257    C  476  0.94068163
   478  O    1.92577706    C  477  1.60878633    N  475  0.05256457
   479  C    3.81089247    C  480  1.03824145    C  476  1.00488791    H 1569  0.90199847    H 1568  0.88807388
   480  C    3.80051111    C  479  1.03824145    C  481  0.98805225    H 1571  0.89200906    H 1570  0.87867036
   481  C    3.91071369    O  483  1.45354187    O  482  1.43479231    C  480  0.98805225    Ca1113  0.05608190
   482  O    1.66475565    C  481  1.43479231    Ca1113  0.12875612    O  483  0.11523244
   483  O    1.67434067    C  481  1.45354187    O  482  0.11523244    Ca1113  0.10238933
   484  N    3.33366310    C  477  1.26575257    C  485  0.95896567    H 1572  0.84618704    O  487  0.07261587
   485  C    3.81462647    C  488  1.00635137    N  484  0.95896567    C  486  0.91653371    H 1573  0.87259742
   486  C    3.86141731    O  487  1.57935059    N  495  1.30059908    C  485  0.91653371
   487  O    1.89293491    C  486  1.57935059    N  484  0.07261587    N  495  0.05592317
   488  C    3.81934008    C  489  1.01686907    C  485  1.00635137    H 1574  0.91174252    H 1575  0.88803435
   489  C    3.87342990    C  490  1.38207345    C  491  1.38093717    C  488  1.01686907    C  494  0.05362909
   490  C    3.81477604    C  492  1.40227045    C  489  1.38207345    H 1576  0.90144694    C  493  0.05761735
   491  C    3.81827845    C  493  1.42069898    C  489  1.38093717    H 1577  0.90983407    C  492  0.05746373
   492  C    3.82507338    C  494  1.41025646    C  490  1.40227045    H 1578  0.90294740    C  491  0.05746373
   493  C    3.82054562    C  491  1.42069898    C  494  1.41049106    H 1579  0.91226658    C  490  0.05761735
   494  C    3.83049690    C  493  1.41049106    C  492  1.41025646    H 1580  0.90801424    C  489  0.05362909
   495  N    3.29880172    C  486  1.30059908    C  496  0.94856143    H 1581  0.85334865    O  487  0.05592317
   496  C    3.83750184    C  499  1.01635349    C  497  0.95007793    N  495  0.94856143    H 1582  0.87634055
   497  C    3.91682149    O  498  1.57645536    N  503  1.35715068    C  496  0.95007793
   498  O    1.79014340    C  497  1.57645536    N  503  0.07311710
   499  C    3.80837454    C  496  1.01635349    C  500  1.00686982    H 1583  0.90273111    H 1584  0.89044493
   500  C    3.91137916    C  501  1.02929320    C  502  1.02044428    C  499  1.00686982    H 1585  0.88665415
   501  C    3.71098688    C  500  1.02929320    H 1586  0.91090842    H 1587  0.90766135    H 1588  0.90510843
   502  C    3.73554249    C  500  1.02044428    H 1590  0.90489083    H 1591  0.90223522    H 1589  0.90175407
   503  N    3.23700127    C  497  1.35715068    C  504  0.96631793    H 1592  0.85051890    O  498  0.07311710
   504  C    3.86549942    C  507  0.97427499    C  505  0.97357924    N  503  0.96631793    H 1593  0.87581470
   505  C    3.93407427    O  506  1.60689484    N  510  1.33749759    C  504  0.97357924
   506  O    1.76222932    C  505  1.60689484    N  510  0.05598580
   507  C    3.81341943    C  509  1.02131737    C  504  0.97427499    O  508  0.92928671    H 1594  0.89611469
   508  O    1.66091916    C  507  0.92928671    H 1595  0.71884337
   509  C    3.72390685    C  507  1.02131737    H 1598  0.90763531    H 1596  0.90109458    H 1597  0.89946223
   510  N    3.22152256    C  505  1.33749759    C  511  0.96212596    H 1599  0.85035463    O  506  0.05598580
   511  C    3.85261473    C  514  1.01211499    N  510  0.96212596    C  512  0.95244244    H 1600  0.89202282
   512  C    3.91517035    O  513  1.58462930    N  518  1.35129763    C  511  0.95244244
   513  O    1.75142902    C  512  1.58462930    N  518  0.06511373
   514  C    3.80048699    C  511  1.01211499    C  515  0.99873722    H 1601  0.91262358    H 1602  0.89493402
   515  C    3.86592160    S  516  1.08811331    C  514  0.99873722    H 1603  0.88701248    H 1604  0.88055488
   516  S    2.15977628    C  517  1.10512443    C  515  1.08811331
   517  C    3.79425495    S  516  1.10512443    H 1605  0.89755893    H 1606  0.89614094    H 1607  0.88883907
   518  N    3.16264558    C  512  1.35129763    C  519  0.96236014    H 1608  0.85424057    O  513  0.06511373
   519  C    3.87197258    C  522  1.01203135    C  520  0.96551429    N  518  0.96236014    H 1609  0.89824395
   520  C    3.91783533    O  521  1.58651754    N  526  1.36162848    C  519  0.96551429
   521  O    1.72143383    C  520  1.58651754    N  526  0.07172289
   522  C    3.79464200    C  519  1.01203135    C  523  0.99385033    H 1610  0.89977605    H 1611  0.89613484
   523  C    3.85870660    S  524  1.09842987    C  522  0.99385033    H 1613  0.88558713    H 1612  0.87672415
   524  S    2.18842073    C  525  1.12082495    C  523  1.09842987
   525  C    3.81241131    S  524  1.12082495    H 1616  0.88892855    H 1614  0.88838090    H 1615  0.88635979
   526  N    3.17356738    C  520  1.36162848    C  527  0.95811209    H 1617  0.85874310    O  521  0.07172289
   527  C    3.87203497    C  530  1.03339128    C  528  0.97432007    N  526  0.95811209    H 1618  0.88477211
   528  C    3.94179917    O  529  1.59380855    N  531  1.37540580    C  527  0.97432007
   529  O    1.71542512    C  528  1.59380855    N  531  0.08268237
   530  C    3.72251466    C  527  1.03339128    H 1621  0.91216710    H 1619  0.90225564    H 1620  0.89522414
   531  N    3.17396448    C  528  1.37540580    C  532  0.95916332    H 1622  0.84178723    O  529  0.08268237
   532  C    3.87771375    C  535  1.01495241    C  533  0.97812630    N  531  0.95916332    H 1623  0.88336810
   533  C    3.96927895    O  534  1.60927405    N  542  1.38814260    C  532  0.97812630
   534  O    1.73271491    C  533  1.60927405    N  542  0.08373362
   535  C    3.81837604    C  536  1.03353668    C  532  1.01495241    H 1624  0.91282949    H 1625  0.90501658
   536  C    3.80799690    C  535  1.03353668    C  537  1.02425404    H 1626  0.89420327    H 1627  0.88318451
   537  C    3.82355558    C  536  1.02425404    N  538  0.98913610    H 1629  0.90751250    H 1628  0.88971888
   538  N    3.15732572    C  539  1.34793609    C  537  0.98913610    H 1630  0.84287389
   539  C    4.12064103    N  540  1.40581788    N  541  1.37146544    N  538  1.34793609
   540  N    3.01811807    C  539  1.40581788    H 1632  0.84777510    H 1631  0.83603798
   541  N    3.06571791    C  539  1.37146544    H 1634  0.84134517    H 1633  0.83017058
   542  N    3.18012029    C  533  1.38814260    C  543  0.96087903    H 1635  0.85493529    O  534  0.08373362
   543  C    3.87396270    C  546  1.00563603    C  544  0.97656167    N  542  0.96087903    H 1636  0.88289467
   544  C    3.94471163    O  545  1.56844221    N  551  1.39473085    C  543  0.97656167
   545  O    1.67120860    C  544  1.56844221    N  551  0.08120388
   546  C    3.80768946    C  547  1.03523574    C  543  1.00563603    H 1637  0.90330232    H 1638  0.88770870
   547  C    3.82658813    C  546  1.03523574    C  548  1.02331797    H 1640  0.90995233    H 1639  0.89064921
   548  C    3.81553193    C  549  1.04201462    C  547  1.02331797    H 1641  0.89966021    H 1642  0.88450567
   549  C    3.74300207    C  548  1.04201462    N  550  0.93764385    H 1644  0.90367973    H 1643  0.89544146
   550  N    3.35097075    C  549  0.93764385    H 1646  0.82366329    H 1647  0.81763253    H 1645  0.81152489
   551  N    3.18814343    C  544  1.39473085    C  552  0.96217590    H 1648  0.84992614    O  545  0.08120388
   552  C    3.88074590    C  555  1.01275926    C  553  0.98403690    N  551  0.96217590    H 1649  0.89066039
   553  C    3.95390588    O  554  1.58654918    N  559  1.38824126    C  552  0.98403690
   554  O    1.69317149    C  553  1.58654918    N  559  0.08364970
   555  C    3.82013614    C  552  1.01275926    C  556  1.00690458    H 1650  0.90076827    H 1651  0.89942770
   556  C    3.87871813    S  557  1.10647604    C  555  1.00690458    H 1652  0.87702025    H 1653  0.87540578
   557  S    2.24563030    C  556  1.10647604    C  558  1.10304196
   558  C    3.79287253    S  557  1.10304196    H 1656  0.89767532    H 1655  0.89666697    H 1654  0.88680913
   559  N    3.18122404    C  553  1.38824126    C  560  0.96050909    H 1657  0.84934910    O  554  0.08364970
   560  C    3.88740862    C  563  1.01413412    C  561  0.98199311    N  559  0.96050909    H 1658  0.88565893
   561  C    3.95976689    O  562  1.56857276    N  568  1.39819980    C  560  0.98199311
   562  O    1.65994319    C  561  1.56857276    N  568  0.08305125
   563  C    3.81563722    C  564  1.03216386    C  560  1.01413412    H 1660  0.89396390    H 1659  0.88728146
   564  C    3.82189731    C  563  1.03216386    C  565  1.01539060    H 1662  0.89423122    H 1661  0.89002593
   565  C    3.81405323    C  566  1.04182000    C  564  1.01539060    H 1663  0.89578265    H 1664  0.88870931
   566  C    3.72872692    C  565  1.04182000    N  567  0.92930708    H 1666  0.90335708    H 1665  0.89671773
   567  N    3.36819771    C  566  0.92930708    H 1668  0.81760349    H 1667  0.81447464    H 1669  0.81060804
   568  N    3.18654037    C  561  1.39819980    C  569  0.96520056    H 1670  0.84744557    O  562  0.08305125
   569  C    3.89763809    C  572  1.00889885    C  570  0.97589793    N  568  0.96520056    H 1671  0.89053564
   570  C    3.95902635    O  571  1.57844880    N  576  1.39429253    C  569  0.97589793
   571  O    1.68716939    C  570  1.57844880    N  576  0.08200400
   572  C    3.78565535    C  569  1.00889885    C  573  0.96602580    H 1672  0.89223234    H 1673  0.88940453
   573  C    3.97886323    O  574  1.52072137    O  575  1.50639507    C  572  0.96602580
   574  O    1.66781929    C  573  1.52072137    O  575  0.11866368
   575  O    1.67239852    C  573  1.50639507    O  574  0.11866368
   576  N    3.19497449    C  570  1.39429253    C  577  0.96318981    H 1674  0.85596498    O  571  0.08200400
   577  C    3.86089942    C  578  0.98090069    C  580  0.96498119    N  576  0.96318981    H 1675  0.88542789
   578  C    3.97489912    O  579  1.61100831    N  583  1.38966772    C  577  0.98090069
   579  O    1.73817682    C  578  1.61100831    N  583  0.08738160
   580  C    3.81986732    C  582  1.02689203    C  577  0.96498119    O  581  0.93452184    H 1676  0.90473939
   581  O    1.66168885    C  580  0.93452184    H 1677  0.70976494
   582  C    3.72924858    C  580  1.02689203    H 1680  0.90758570    H 1678  0.89953437    H 1679  0.89329126
   583  N    3.18052795    C  578  1.38966772    C  584  0.96275129    H 1681  0.85855328    O  579  0.08738160
   584  C    3.89198623    C  587  1.01541119    C  585  0.97669180    N  583  0.96275129    H 1682  0.89095985
   585  C    3.96331980    O  586  1.60109364    N  591  1.38768275    C  584  0.97669180
   586  O    1.71043049    C  585  1.60109364    N  591  0.08474026
   587  C    3.78649691    C  584  1.01541119    C  588  0.96460309    H 1684  0.90170832    H 1683  0.87286122
   588  C    3.97027248    O  590  1.51520781    O  589  1.51211319    C  587  0.96460309
   589  O    1.66750377    C  588  1.51211319    O  590  0.12119888
   590  O    1.68073121    C  588  1.51520781    O  589  0.12119888
   591  N    3.18371808    C  585  1.38768275    C  592  0.96018804    H 1685  0.85999638    O  586  0.08474026
   592  C    3.87881823    C  595  0.99879288    C  593  0.98465719    N  591  0.96018804    H 1686  0.88606896
   593  C    3.97897284    O  594  1.59454539    N  597  1.39319859    C  592  0.98465719
   594  O    1.69919123    C  593  1.59454539    N  597  0.08470998
   595  C    3.74766560    C  592  0.99879288    O  596  0.96331115    H 1688  0.90526152    H 1687  0.88936779
   596  O    1.70712709    C  595  0.96331115    H 1689  0.73320529
   597  N    3.19414380    C  593  1.39319859    C  598  0.96654512    H 1690  0.85846866    O  594  0.08470998
   598  C    3.87925075    C  601  1.01535717    C  599  0.97715520    N  597  0.96654512    H 1691  0.88841355
   599  C    3.95639962    O  600  1.60647571    N  606  1.37921051    C  598  0.97715520
   600  O    1.71290346    C  599  1.60647571    N  606  0.08295225
   601  C    3.82897747    C  602  1.03329316    C  598  1.01535717    H 1693  0.89929393    H 1692  0.89892024
   602  C    3.80275021    C  601  1.03329316    C  603  0.96942954    H 1694  0.90814456    H 1695  0.87673140
   603  C    3.94557360    O  604  1.51472839    O  605  1.47099352    C  602  0.96942954
   604  O    1.67379170    C  603  1.51472839    O  605  0.11159194
   605  O    1.58518018    C  603  1.47099352    O  604  0.11159194
   606  N    3.18116155    C  599  1.37921051    C  607  0.96556871    H 1696  0.85213336    O  600  0.08295225
   607  C    3.89055030    C  610  1.01519018    C  608  0.98149298    N  606  0.96556871    H 1697  0.89282883
   608  C    3.94410568    O  609  1.57804112    N  615  1.38287597    C  607  0.98149298
   609  O    1.68292493    C  608  1.57804112    N  615  0.07230053
   610  C    3.82090452    C  611  1.02844056    C  607  1.01519018    H 1698  0.89496505    H 1699  0.88943105
   611  C    3.80526529    C  610  1.02844056    C  612  0.97233287    H 1700  0.89525467    H 1701  0.87857838
   612  C    3.96187583    O  613  1.50833590    O  614  1.50786918    C  611  0.97233287
   613  O    1.64579228    C  612  1.50833590    O  614  0.11818468
   614  O    1.64454583    C  612  1.50786918    O  613  0.11818468
   615  N    3.18594832    C  608  1.38287597    C  616  0.96848366    H 1702  0.85494338    O  609  0.07230053
   616  C    3.89119189    C  619  1.01307258    C  617  0.97260528    N  615  0.96848366    H 1703  0.89309140
   617  C    3.93636900    O  618  1.59976570    N  624  1.36471028    C  616  0.97260528
   618  O    1.73583456    C  617  1.59976570    N  624  0.06823544
   619  C    3.83084964    C  620  1.03341082    C  616  1.01307258    H 1705  0.89516168    H 1704  0.89154572
   620  C    3.81631129    C  619  1.03341082    C  621  0.97998207    H 1707  0.90501738    H 1706  0.88609586
   621  C    3.98785001    O  623  1.51160010    O  622  1.51062909    C  620  0.97998207
   622  O    1.67087008    C  621  1.51062909    O  623  0.12135725
   623  O    1.67706526    C  621  1.51160010    O  622  0.12135725
   624  N    3.18595403    C  617  1.36471028    C  625  0.96141418    H 1708  0.85429822    O  618  0.06823544
   625  C    3.85657522    C  628  0.97725590    C  626  0.96976111    N  624  0.96141418    H 1709  0.88036903
   626  C    3.91687120    O  627  1.59619028    N  632  1.34691459    C  625  0.96976111
   627  O    1.73865458    C  626  1.59619028    N  632  0.05914225
   628  C    3.88966506    C  630  1.02499060    C  629  1.00745143    C  625  0.97725590    H 1710  0.88840998
   629  C    3.83685881    C  631  1.03893124    C  628  1.00745143    H 1711  0.90416652    H 1712  0.90002559
   630  C    3.71279900    C  628  1.02499060    H 1713  0.90986964    H 1715  0.90944542    H 1714  0.90626629
   631  C    3.73901210    C  629  1.03893124    H 1718  0.91188749    H 1716  0.90497976    H 1717  0.90367350
   632  N    3.18803619    C  626  1.34691459    C  633  0.96367301    H 1719  0.85157941    O  627  0.05914225
   633  C    3.84857721    C  636  1.00717814    N  632  0.96367301    C  634  0.95282541    H 1720  0.88006221
   634  C    3.90305559    O  635  1.60098438    N  643  1.33570006    C  633  0.95282541
   635  O    1.78073589    C  634  1.60098438    N  643  0.05745125
   636  C    3.79808268    C  637  1.02069905    C  633  1.00717814    H 1722  0.89831595    H 1721  0.88927170
   637  C    3.80068850    C  638  1.03941602    C  636  1.02069905    H 1723  0.90680129    H 1724  0.90473282
   638  C    3.82248309    C  637  1.03941602    N  639  0.98441649    H 1725  0.90598633    H 1726  0.90391994
   639  N    3.15038074    C  640  1.36038220    C  638  0.98441649    H 1727  0.85630796
   640  C    4.11073748    N  641  1.37882581    N  642  1.36939383    N  639  1.36038220
   641  N    3.07110485    C  640  1.37882581    H 1728  0.84183130    H 1729  0.83944766
   642  N    3.05849292    C  640  1.36939383    H 1730  0.84301670    H 1731  0.83237843
   643  N    3.20534999    C  634  1.33570006    C  644  0.95631831    H 1732  0.85333087    O  635  0.05745125
   644  C    3.86845704    C  647  1.01516542    C  645  0.95791286    N  643  0.95631831    H 1733  0.88670869
   645  C    3.91477558    O  646  1.60364779    N  652  1.32254104    C  644  0.95791286
   646  O    1.79815546    C  645  1.60364779    N  652  0.05073466
   647  C    3.82744483    C  648  1.03351101    C  644  1.01516542    H 1735  0.89942126    H 1734  0.88894435
   648  C    3.80663109    C  647  1.03351101    C  649  0.97534169    H 1737  0.91613412    H 1736  0.89024294
   649  C    3.97753735    O  650  1.51275114    O  651  1.51045875    C  648  0.97534169
   650  O    1.66418063    C  649  1.51275114    O  651  0.12031257
   651  O    1.67742073    C  649  1.51045875    O  650  0.12031257
   652  N    3.26918437    C  645  1.32254104    C  653  0.95106230    H 1738  0.85004388    O  646  0.05073466
   653  C    3.84742147    C  656  1.02121888    C  654  0.95326472    N  652  0.95106230    H 1739  0.88078525
   654  C    3.89983869    O  655  1.60194597    N  657  1.30133516    C  653  0.95326472
   655  O    1.86002178    C  654  1.60194597
   656  C    3.71355392    C  653  1.02121888    H 1742  0.91029650    H 1741  0.90616706    H 1740  0.89880447
   657  N    3.31219738    C  654  1.30133516    C  658  0.95149657    H 1743  0.84514227
   658  C    3.82668044    C  661  0.99574247    N  657  0.95149657    C  659  0.94690366    H 1744  0.87193136
   659  C    3.90302921    O  660  1.58149128    N  668  1.32423719    C  658  0.94690366
   660  O    1.83621716    C  659  1.58149128    N  668  0.05580359
   661  C    3.81776233    C  662  1.01284799    C  658  0.99574247    H 1745  0.90562205    H 1746  0.88799799
   662  C    3.87841533    C  663  1.38157266    C  664  1.38127585    C  661  1.01284799    C  667  0.05332485
   663  C    3.81534039    C  665  1.41882301    C  662  1.38157266    H 1747  0.91633383    C  666  0.05891293
   664  C    3.83845118    C  666  1.41527287    C  662  1.38127585    H 1748  0.90705632    C  665  0.05566359
   665  C    3.82140142    C  667  1.42118598    C  663  1.41882301    H 1749  0.90860593    C  664  0.05566359
   666  C    3.83340678    C  664  1.41527287    C  667  1.39933331    H 1750  0.91096611    C  663  0.05891293
   667  C    3.83025734    C  665  1.42118598    C  666  1.39933331    H 1751  0.91320156    C  662  0.05332485
   668  N    3.27356481    C  659  1.32423719    C  669  0.96187175    H 1752  0.84857693    O  660  0.05580359
   669  C    3.86130219    C  672  1.01204054    N  668  0.96187175    C  670  0.94787144    H 1753  0.87942491
   670  C    3.92764680    O  671  1.62237578    N  679  1.32445743    C  669  0.94787144
   671  O    1.90368872    C  670  1.62237578    N  679  0.05687237
   672  C    3.81256419    C  673  1.02722734    C  669  1.01204054    H 1755  0.90136401    H 1754  0.89530531
   673  C    3.81223866    C  674  1.03786796    C  672  1.02722734    H 1756  0.89232991    H 1757  0.88573253
   674  C    3.84676082    C  673  1.03786796    N  675  0.99907198    H 1758  0.91563808    H 1759  0.90025275
   675  N    3.15663298    C  676  1.34979326    C  674  0.99907198    H 1760  0.84125187
   676  C    4.12543900    N  677  1.39092081    N  678  1.38910369    N  675  1.34979326
   677  N    3.05339770    C  676  1.39092081    H 1762  0.84672460    H 1761  0.83096179
   678  N    3.05403487    C  676  1.38910369    H 1764  0.85314475    H 1763  0.84467923
   679  N    3.25380287    C  670  1.32445743    C  680  0.96196338    H 1765  0.84948997    O  671  0.05687237
   680  C    3.85056716    C  683  0.97662647    N  679  0.96196338    C  681  0.94262790    H 1766  0.88296783
   681  C    3.87869090    O  682  1.60685470    N  686  1.30510401    C  680  0.94262790
   682  O    1.84927508    C  681  1.60685470
   683  C    3.87965043    C  685  1.01567588    C  684  1.01460787    C  680  0.97662647    H 1767  0.89001046
   684  C    3.72680645    C  683  1.01460787    H 1770  0.91016430    H 1769  0.90276766    H 1768  0.89962583
   685  C    3.74119474    C  683  1.01567588    H 1772  0.91376553    H 1773  0.90836370    H 1771  0.90154718
   686  N    3.21547714    C  681  1.30510401    C  687  0.95331696    H 1774  0.84304131
   687  C    3.82490656    C  690  1.00110359    N  686  0.95331696    C  688  0.93357238    H 1775  0.89486389
   688  C    3.87305605    O  689  1.57678246    N  697  1.34006236    C  687  0.93357238
   689  O    1.83943031    C  688  1.57678246    N  697  0.06914852
   690  C    3.81723483    C  691  1.01527183    C  687  1.00110359    H 1777  0.90444562    H 1776  0.88487327
   691  C    3.87981186    C  693  1.37777548    C  692  1.37657804    C  690  1.01527183    C  696  0.05533535
   692  C    3.82245853    C  694  1.42165599    C  691  1.37657804    H 1778  0.90347381    C  695  0.05727002
   693  C    3.83112314    C  695  1.41829197    C  691  1.37777548    H 1779  0.90597821    C  694  0.05601348
   694  C    3.84597850    C  692  1.42165599    C  696  1.40699409    H 1780  0.91223144    C  693  0.05601348
   695  C    3.84444222    C  693  1.41829197    C  696  1.40260065    H 1781  0.90054819    C  692  0.05727002
   696  C    3.84602308    C  694  1.40699409    C  695  1.40260065    H 1782  0.90435992    C  691  0.05533535
   697  N    3.20410271    C  688  1.34006236    C  698  0.95122130    H 1783  0.86003713    O  689  0.06914852
   698  C    3.84851137    C  701  1.01617018    N  697  0.95122130    C  699  0.94974066    H 1784  0.89318748
   699  C    3.90329263    O  700  1.53996881    N  705  1.39319362    C  698  0.94974066
   700  O    1.71603105    C  699  1.53996881    N  705  0.07927895
   701  C    3.75201395    C  698  1.01617018    C  702  0.97523883    H 1785  0.89183623    H 1786  0.87090127
   702  C    3.87007028    O  703  1.51958110    O  704  1.39299813    C  701  0.97523883
   703  O    1.67747652    C  702  1.51958110    O  704  0.10089926
   704  O    1.60489838    C  702  1.39299813    O  703  0.10089926    Ca1114  0.08024963
   705  N    3.20130511    C  699  1.39319362    C  706  0.94928373    H 1787  0.84388281    O  700  0.07927895
   706  C    3.86968247    C  709  1.01495895    C  707  0.98626479    N  705  0.94928373    H 1788  0.88724938
   707  C    3.97240286    O  708  1.61697966    N  714  1.38043210    C  706  0.98626479
   708  O    1.76612102    C  707  1.61697966    N  714  0.08832018
   709  C    3.79285809    C  710  1.02913869    C  706  1.01495895    H 1789  0.91438145    H 1790  0.88582300
   710  C    3.82811995    C  711  1.03111542    C  709  1.02913869    H 1791  0.89965318    H 1792  0.88361028
   711  C    3.81271502    C  712  1.04374470    C  710  1.03111542    H 1794  0.89970388    H 1793  0.88792472
   712  C    3.73247222    C  711  1.04374470    N  713  0.92860389    H 1795  0.90634442    H 1796  0.90132204
   713  N    3.37049956    C  712  0.92860389    H 1799  0.81925886    H 1798  0.81830768    H 1797  0.81318042
   714  N    3.15780871    C  707  1.38043210    C  715  0.97368050    H 1800  0.84826660    O  708  0.08832018
   715  C    3.88968252    C  718  1.00552310    C  716  0.97900032    N  714  0.97368050    H 1801  0.86788187
   716  C    3.99203542    O  717  1.59909815    N  722  1.40134232    C  715  0.97900032
   717  O    1.75983636    C  716  1.59909815    N  722  0.08611119
   718  C    3.77068214    C  715  1.00552310    C  719  0.99360278    H 1802  0.89555507    H 1803  0.86120479
   719  C    3.93149626    O  721  1.49435573    O  720  1.41518262    C  718  0.99360278
   720  O    1.64428892    C  719  1.41518262    O  721  0.11373495    Ca1114  0.10682693
   721  O    1.71013948    C  719  1.49435573    O  720  0.11373495    Ca1114  0.06181072
   722  N    3.21482826    C  716  1.40134232    C  723  0.99124558    H 1804  0.85496147    O  717  0.08611119
   723  C    3.81045452    C  724  1.01135724    N  722  0.99124558    H 1805  0.89270695    H 1806  0.87062662
   724  C    3.96551998    O  725  1.59325256    N  726  1.37924805    C  723  1.01135724
   725  O    1.74913597    C  724  1.59325256    N  726  0.08392475
   726  N    3.20715603    C  724  1.37924805    C  727  0.98674440    H 1807  0.86807344    O  725  0.08392475
   727  C    3.89456138    C  730  1.00739314    N  726  0.98674440    C  728  0.97152158    H 1808  0.87590297
   728  C    3.96986132    O  729  1.60550297    N  734  1.39181356    C  727  0.97152158
   729  O    1.76072542    C  728  1.60550297    N  734  0.08788471
   730  C    3.76852589    C  731  1.02000006    C  727  1.00739314    H 1810  0.87027897    H 1809  0.86487515
   731  C    3.95700998    O  732  1.47805841    N  733  1.43582763    C  730  1.02000006
   732  O    1.70198680    C  731  1.47805841    Ca1114  0.11710694    N  733  0.08376668
   733  N    3.14512310    C  731  1.43582763    H 1811  0.83343154    H 1812  0.81562428    O  732  0.08376668
   734  N    3.20182589    C  728  1.39181356    C  735  0.98721207    H 1813  0.85562796    O  729  0.08788471
   735  C    3.80518805    C  736  0.99412800    N  734  0.98721207    H 1814  0.89566512    H 1815  0.88065275
   736  C    3.94642257    O  737  1.60278123    N  738  1.37042820    C  735  0.99412800
   737  O    1.74654631    C  736  1.60278123    N  738  0.08516672
   738  N    3.21321089    C  736  1.37042820    C  739  0.95592839    H 1816  0.87829095    O  737  0.08516672
   739  C    3.85896002    C  742  1.00204492    C  740  0.97248865    N  738  0.95592839    H 1817  0.90252529
   740  C    3.89229702    O  741  1.46862512    N  749  1.42475197    C  739  0.97248865
   741  O    1.69378163    C  740  1.46862512    Ca1114  0.10089593    N  749  0.07070247
   742  C    3.84780802    C  743  1.02382596    C  739  1.00204492    H 1819  0.91407197    H 1818  0.89431950
   743  C    3.89222679    C  745  1.38393195    C  744  1.36976873    C  742  1.02382596    C  748  0.05470295
   744  C    3.82406142    C  746  1.42151148    C  743  1.36976873    H 1820  0.89955020    C  747  0.05929675
   745  C    3.84553234    C  747  1.41151122    C  743  1.38393195    H 1821  0.90436887    C  746  0.05609027
   746  C    3.83196772    C  744  1.42151148    C  748  1.40495107    H 1822  0.91457578    C  745  0.05609027
   747  C    3.85594018    C  745  1.41151122    C  748  1.40256421    H 1823  0.90424923    C  744  0.05929675
   748  C    3.85589194    C  746  1.40495107    C  747  1.40256421    H 1824  0.90469409    C  743  0.05470295
   749  N    3.19855420    C  740  1.42475197    C  750  0.94333321    H 1825  0.83100035    O  741  0.07070247
   750  C    3.86328372    C  753  0.97699011    C  751  0.96650402    N  749  0.94333321    H 1826  0.91533662
   751  C    3.90525894    O  752  1.55953153    N  757  1.38354489    C  750  0.96650402
   752  O    1.64981527    C  751  1.55953153    N  757  0.07911420
   753  C    3.87804877    C  755  1.02691489    C  754  0.99987557    C  750  0.97699011    H 1827  0.90169638
   754  C    3.81864301    C  756  1.04964205    C  753  0.99987557    H 1828  0.90725863    H 1829  0.90211275
   755  C    3.71797808    C  753  1.02691489    H 1831  0.90911078    H 1830  0.90741474    H 1832  0.90671747
   756  C    3.72931061    C  754  1.04964205    H 1835  0.92493201    H 1834  0.91437225    H 1833  0.90770335
   757  N    3.20636670    C  751  1.38354489    C  758  0.95553986    H 1836  0.85325497    O  752  0.07911420
   758  C    3.85119324    C  761  0.99459053    C  759  0.97588132    N  757  0.95553986    H 1837  0.89134700
   759  C    3.92012726    O  760  1.58506719    N  763  1.35944489    C  758  0.97588132
   760  O    1.68229246    C  759  1.58506719    N  763  0.07623448
   761  C    3.74508921    C  758  0.99459053    O  762  0.96996158    H 1838  0.90313826    H 1839  0.89290485
   762  O    1.69238294    C  761  0.96996158    H 1840  0.74278560
   763  N    3.18438422    C  759  1.35944489    C  764  0.95259677    H 1841  0.84277103    O  760  0.07623448
   764  C    3.85391215    C  767  1.02495155    C  765  0.96672820    N  763  0.95259677    H 1842  0.88967958
   765  C    3.92482914    O  766  1.58646023    N  768  1.36165520    C  764  0.96672820
   766  O    1.70258806    C  765  1.58646023    N  768  0.07271046
   767  C    3.71305714    C  764  1.02495155    H 1845  0.92358543    H 1843  0.91032158    H 1844  0.90324349
   768  N    3.19089336    C  765  1.36165520    C  769  0.95391859    H 1846  0.84842820    O  766  0.07271046
   769  C    3.86949797    C  772  1.02324295    C  770  0.97137919    N  768  0.95391859    H 1847  0.88579359
   770  C    3.92076915    O  771  1.57852356    N  773  1.35747882    C  769  0.97137919
   771  O    1.70875586    C  770  1.57852356    N  773  0.06463312
   772  C    3.72773989    C  769  1.02324295    H 1850  0.91002714    H 1849  0.90392415    H 1848  0.90098722
   773  N    3.18802989    C  770  1.35747882    C  774  0.95798914    H 1851  0.84541534    O  771  0.06463312
   774  C    3.86849016    C  777  1.01609525    C  775  0.97089763    N  773  0.95798914    H 1852  0.88522487
   775  C    3.88903447    O  776  1.56326114    N  782  1.33027228    C  774  0.97089763
   776  O    1.68398002    C  775  1.56326114
   777  C    3.81502920    C  778  1.05185838    C  774  1.01609525    H 1854  0.89816446    H 1853  0.88348940
   778  C    3.79431885    C  777  1.05185838    C  779  0.99851452    H 1856  0.90079623    H 1855  0.87251709
   779  C    3.89650797    O  781  1.42819117    O  780  1.40284726    C  778  0.99851452    Ca1114  0.07046856
   780  O    1.64588833    C  779  1.40284726    Ca1114  0.12611276    O  781  0.11130303
   781  O    1.70934593    C  779  1.42819117    Ca1114  0.15611616    O  780  0.11130303
   782  N    3.17821088    C  775  1.33027228    C  783  0.95686891    H 1857  0.85337473
   783  C    3.83392018    C  786  1.01391198    N  782  0.95686891    C  784  0.95646446    H 1858  0.87665611
   784  C    3.86629148    O  785  1.59136720    N  790  1.31018521    C  783  0.95646446
   785  O    1.72210713    C  784  1.59136720
   786  C    3.79736802    C  783  1.01391198    C  787  1.00274210    H 1859  0.89985008    H 1860  0.89196463
   787  C    3.90005922    C  789  1.02492708    C  788  1.02300582    C  786  1.00274210    H 1861  0.88906410
   788  C    3.72324325    C  787  1.02300582    H 1863  0.91272539    H 1864  0.90802360    H 1862  0.90587551
   789  C    3.70971883    C  787  1.02492708    H 1865  0.92597336    H 1866  0.91050985    H 1867  0.90459711
   790  N    3.15381936    C  784  1.31018521    C  791  0.94403612    H 1868  0.85495014
   791  C    3.81073572    C  794  1.01223297    C  792  0.94638219    N  790  0.94403612    H 1869  0.88401244
   792  C    3.90487165    O  793  1.59430256    N  801  1.35612035    C  791  0.94638219
   793  O    1.75140079    C  792  1.59430256    N  801  0.07421390
   794  C    3.79600394    C  795  1.02142230    C  791  1.01223297    H 1870  0.92034275    H 1871  0.89509585
   795  C    3.78434548    C  796  1.03720278    C  794  1.02142230    H 1872  0.89055786    H 1873  0.88547664
   796  C    3.82378439    C  795  1.03720278    N  797  0.98849184    H 1875  0.90629212    H 1874  0.90235488
   797  N    3.14515064    C  798  1.35664542    C  796  0.98849184    H 1876  0.85793715
   798  C    4.11193643    N  799  1.38054102    N  800  1.37640702    N  797  1.35664542
   799  N    3.04304155    C  798  1.38054102    H 1877  0.84103380    H 1878  0.83365106
   800  N    3.06549266    C  798  1.37640702    H 1879  0.83758466    H 1880  0.83178847
   801  N    3.17788044    C  792  1.35612035    C  802  0.95389879    H 1881  0.85859003    O  793  0.07421390
   802  C    3.85809176    C  805  0.99261251    C  803  0.97877207    N  801  0.95389879    H 1882  0.89196781
   803  C    3.93953178    O  804  1.56823470    N  811  1.38581990    C  802  0.97877207
   804  O    1.70076948    C  803  1.56823470    N  811  0.08263900
   805  C    3.83918398    C  806  1.06703751    C  802  0.99261251    H 1883  0.88603187    H 1884  0.87979797
   806  C    3.87525911    C  808  1.58542909    N  807  1.17610084    C  805  1.06703751
   807  N    3.43633762    C  809  1.37666533    C  806  1.17610084    H 1885  0.81364021    N  810  0.05667678
   808  C    3.81768415    C  806  1.58542909    N  810  1.22225310    H 1886  0.89624373    C  809  0.05438773
   809  C    3.85965771    N  810  1.46181211    N  807  1.37666533    H 1887  0.90392809    C  808  0.05438773
   810  N    2.82489653    C  809  1.46181211    C  808  1.22225310    N  807  0.05667678
   811  N    3.17432790    C  803  1.38581990    C  812  0.96250313    H 1888  0.85756180    O  804  0.08263900
   812  C    3.86354891    C  813  0.98370836    C  815  0.96515979    N  811  0.96250313    H 1889  0.89184475
   813  C    3.94695345    O  814  1.57318650    N  818  1.38831003    C  812  0.98370836
   814  O    1.68372097    C  813  1.57318650    N  818  0.08156732
   815  C    3.87195481    C  816  1.02817559    C  817  1.02557087    C  812  0.96515979    H 1890  0.88971872
   816  C    3.72295342    C  815  1.02817559    H 1892  0.91675614    H 1893  0.91147069    H 1891  0.90450689
   817  C    3.72520872    C  815  1.02557087    H 1895  0.91220575    H 1896  0.91173540    H 1894  0.90388136
   818  N    3.17009821    C  813  1.38831003    C  819  0.95469561    H 1897  0.84837520    O  814  0.08156732
   819  C    3.88147040    C  822  1.01557891    C  820  0.97747596    N  818  0.95469561    H 1898  0.90493175
   820  C    3.92952510    O  821  1.55177549    N  826  1.38445083    C  819  0.97747596
   821  O    1.65467943    C  820  1.55177549    N  826  0.08026167
   822  C    3.79968059    C  819  1.01557891    C  823  0.99823058    H 1899  0.90455339    H 1900  0.89801208
   823  C    3.84009137    S  824  1.08212086    C  822  0.99823058    H 1902  0.88758260    H 1901  0.87517864
   824  S    2.23493809    C  825  1.17186567    C  823  1.08212086
   825  C    3.83963950    S  824  1.17186567    H 1905  0.91095015    H 1903  0.88626293    H 1904  0.88355567
   826  N    3.17221518    C  820  1.38445083    C  827  0.96142144    H 1906  0.85008335    O  821  0.08026167
   827  C    3.85501077    C  828  0.98897334    N  826  0.96142144    C  830  0.95246120    H 1907  0.88487056
   828  C    3.96791738    O  829  1.58591550    N  833  1.40587310    C  827  0.98897334
   829  O    1.71105630    C  828  1.58591550    N  833  0.08559927
   830  C    3.78773271    C  832  1.03391928    C  827  0.95246120    O  831  0.92761969    H 1908  0.88250501
   831  O    1.68304978    C  830  0.92761969    H 1909  0.72457700
   832  C    3.73038201    C  830  1.03391928    H 1912  0.92197974    H 1910  0.90679954    H 1911  0.90624278
   833  N    3.16344945    C  828  1.40587310    C  834  0.96715214    H 1913  0.84738387    O  829  0.08559927
   834  C    3.88942793    C  837  1.00587203    C  835  0.97492058    N  833  0.96715214    H 1914  0.87757059
   835  C    3.97108983    O  836  1.60322195    N  841  1.39814677    C  834  0.97492058
   836  O    1.74700329    C  835  1.60322195    N  841  0.08667076
   837  C    3.76927127    C  834  1.00587203    C  838  0.99384526    H 1915  0.89250999    H 1916  0.88595426
   838  C    3.97211479    O  839  1.60202857    N  840  1.38769496    C  837  0.99384526
   839  O    1.74814519    C  838  1.60202857    N  840  0.09473986
   840  N    3.16005579    C  838  1.38769496    H 1918  0.83741401    H 1917  0.83549698    O  839  0.09473986
   841  N    3.17959100    C  835  1.39814677    C  842  0.97354498    H 1919  0.86590513    O  836  0.08667076
   842  C    3.88583681    C  845  1.01454356    N  841  0.97354498    C  843  0.97141258    H 1920  0.88495132
   843  C    3.95586240    O  844  1.60285207    N  849  1.38180705    C  842  0.97141258
   844  O    1.75905628    C  843  1.60285207    N  849  0.08861101
   845  C    3.81251914    C  842  1.01454356    C  846  1.00492105    H 1921  0.88845800    H 1922  0.88727029
   846  C    3.90753387    C  847  1.02071267    C  848  1.01620099    C  845  1.00492105    H 1923  0.89582803
   847  C    3.71818147    C  846  1.02071267    H 1926  0.91244623    H 1924  0.90177197    H 1925  0.89764448
   848  C    3.73351850    C  846  1.01620099    H 1928  0.90891766    H 1929  0.90830397    H 1927  0.89775049
   849  N    3.20926912    C  843  1.38180705    C  850  0.99762730    H 1930  0.86009483    O  844  0.08861101
   850  C    3.81625989    C  851  0.99916692    N  849  0.99762730    H 1931  0.88858162    H 1932  0.87655391
   851  C    3.96465161    O  852  1.58346185    N  853  1.38334175    C  850  0.99916692
   852  O    1.74355953    C  851  1.58346185    N  853  0.08573037
   853  N    3.21353735    C  851  1.38334175    C  854  0.96082528    H 1933  0.85295412    O  852  0.08573037
   854  C    3.89348029    C  857  1.01590096    C  855  0.97848516    N  853  0.96082528    H 1934  0.91599649
   855  C    3.94339691    O  856  1.61036579    N  862  1.37310434    C  854  0.97848516
   856  O    1.72301165    C  855  1.61036579    N  862  0.08850777
   857  C    3.82537835    C  858  1.03671584    C  854  1.01590096    H 1935  0.89367282    H 1936  0.89022785
   858  C    3.79366030    C  857  1.03671584    C  859  0.98175328    H 1937  0.90506347    H 1938  0.89442099
   859  C    3.97680741    O  861  1.51928527    O  860  1.50754661    C  858  0.98175328
   860  O    1.65911612    C  859  1.50754661    O  861  0.12099005
   861  O    1.68047007    C  859  1.51928527    O  860  0.12099005
   862  N    3.22439186    C  855  1.37310434    C  863  0.96705851    H 1939  0.84016927    O  856  0.08850777
   863  C    3.89752311    C  866  1.01351109    C  864  0.97921338    N  862  0.96705851    H 1940  0.90688504
   864  C    3.96552503    O  865  1.60465379    N  871  1.39242664    C  863  0.97921338
   865  O    1.75284246    C  864  1.60465379    N  871  0.09251880
   866  C    3.81122364    C  867  1.03129818    C  863  1.01351109    H 1942  0.90116766    H 1941  0.88446022
   867  C    3.82231447    C  866  1.03129818    C  868  1.02865141    H 1943  0.88883409    H 1944  0.88117337
   868  C    3.83165617    C  869  1.05607267    C  867  1.02865141    H 1946  0.88945568    H 1945  0.88351283
   869  C    3.73945455    C  868  1.05607267    N  870  0.94293125    H 1947  0.90046395    H 1948  0.89594059
   870  N    3.37159585    C  869  0.94293125    H 1951  0.81436764    H 1949  0.81389922    H 1950  0.80844464
   871  N    3.21036332    C  864  1.39242664    C  872  0.95605133    H 1952  0.83453024    O  865  0.09251880
   872  C    3.87717337    C  875  1.01218169    C  873  0.98246535    N  871  0.95605133    H 1953  0.90037893
   873  C    3.95900769    O  874  1.61710728    N  879  1.37194961    C  872  0.98246535
   874  O    1.72931197    C  873  1.61710728    N  879  0.08356238
   875  C    3.80431308    C  872  1.01218169    C  876  1.00961669    H 1955  0.89694148    H 1954  0.88857696
   876  C    3.91401060    C  877  1.03007890    C  878  1.02563742    C  875  1.00961669    H 1956  0.89800238
   877  C    3.70969694    C  876  1.03007890    H 1959  0.92617408    H 1957  0.91032058    H 1958  0.90184514
   878  C    3.73601495    C  876  1.02563742    H 1961  0.90868789    H 1960  0.90422033    H 1962  0.90152600
   879  N    3.18561273    C  873  1.37194961    C  880  0.97530672    H 1963  0.85111184    O  874  0.08356238
   880  C    3.87747295    C  881  0.98412340    N  879  0.97530672    C  883  0.97281894    H 1964  0.88115717
   881  C    3.95789715    O  882  1.59978265    N  886  1.37704994    C  880  0.98412340
   882  O    1.69602031    C  881  1.59978265    N  886  0.08609183
   883  C    3.82487884    C  885  1.01926603    C  880  0.97281894    O  884  0.94067423    H 1965  0.88696488
   884  O    1.66674833    C  883  0.94067423    H 1966  0.74622034
   885  C    3.73233815    C  883  1.01926603    H 1969  0.90851579    H 1967  0.90177752    H 1968  0.89881767
   886  N    3.19118433    C  881  1.37704994    C  887  0.96169640    H 1970  0.84404996    O  882  0.08609183
   887  C    3.89218907    C  890  1.01586928    C  888  0.98630836    N  886  0.96169640    H 1971  0.88905586
   888  C    3.98229257    O  889  1.62628013    N  894  1.37000672    C  887  0.98630836
   889  O    1.75183525    C  888  1.62628013    N  894  0.08306429
   890  C    3.79707173    C  887  1.01586928    C  891  0.97546715    H 1973  0.90483839    H 1972  0.86593939
   891  C    3.98403040    O  892  1.51807315    O  893  1.50393121    C  890  0.97546715
   892  O    1.67463839    C  891  1.51807315    O  893  0.12327081
   893  O    1.67957315    C  891  1.50393121    O  892  0.12327081
   894  N    3.18881774    C  888  1.37000672    C  895  0.96827954    H 1974  0.85022450    O  889  0.08306429
   895  C    3.88941675    C  898  1.01685956    C  896  0.98086986    N  894  0.96827954    H 1975  0.88747386
   896  C    3.96242700    O  897  1.61287994    N  903  1.38407166    C  895  0.98086986
   897  O    1.71427197    C  896  1.61287994    N  903  0.08673746
   898  C    3.83390984    C  899  1.03682663    C  895  1.01685956    H 1977  0.89581973    H 1976  0.89500819
   899  C    3.80700344    C  898  1.03682663    C  900  0.97266522    H 1978  0.89577254    H 1979  0.87368417
   900  C    3.97658883    O  901  1.52084678    O  902  1.50443920    C  899  0.97266522
   901  O    1.68945392    C  900  1.52084678    O  902  0.12158786
   902  O    1.65657869    C  900  1.50443920    O  901  0.12158786
   903  N    3.18598478    C  896  1.38407166    C  904  0.96515799    H 1980  0.85527057    O  897  0.08673746
   904  C    3.88579928    C  907  1.00814652    C  905  0.97841739    N  903  0.96515799    H 1981  0.88907121
   905  C    3.95343485    O  906  1.59260386    N  912  1.39021937    C  904  0.97841739
   906  O    1.70308273    C  905  1.59260386    N  912  0.08643200
   907  C    3.81299822    C  908  1.03499132    C  904  1.00814652    H 1983  0.90106041    H 1982  0.88365594
   908  C    3.80867801    C  907  1.03499132    C  909  0.96953078    H 1985  0.90219627    H 1984  0.90141523
   909  C    3.96763021    O  911  1.51408579    O  910  1.49960134    C  908  0.96953078
   910  O    1.62262987    C  909  1.49960134    O  911  0.11479779
   911  O    1.68366920    C  909  1.51408579    O  910  0.11479779
   912  N    3.16775722    C  905  1.39021937    C  913  0.96296712    H 1986  0.85629955    O  906  0.08643200
   913  C    3.84941843    C  914  0.98616660    C  916  0.96389450    N  912  0.96296712    H 1987  0.90043103
   914  C    3.94775261    O  915  1.58603296    N  919  1.38497725    C  913  0.98616660
   915  O    1.68411669    C  914  1.58603296    N  919  0.08308771
   916  C    3.87050971    C  918  1.03901330    C  917  1.02746250    C  913  0.96389450    H 1988  0.87810145
   917  C    3.71782926    C  916  1.02746250    H 1991  0.92098816    H 1989  0.90991858    H 1990  0.90925331
   918  C    3.73431404    C  916  1.03901330    H 1993  0.92847601    H 1994  0.92303421    H 1992  0.90499307
   919  N    3.16313673    C  914  1.38497725    C  920  0.96159380    H 1995  0.86206951    O  915  0.08308771
   920  C    3.88684257    C  923  1.01969264    C  921  0.98318077    N  919  0.96159380    H 1996  0.89017051
   921  C    3.95496918    O  922  1.58770576    N  927  1.38397028    C  920  0.98318077
   922  O    1.68584350    C  921  1.58770576    N  927  0.08307461
   923  C    3.79952632    C  920  1.01969264    C  924  0.98037319    H 1998  0.90038320    H 1997  0.88635892
   924  C    3.97581358    O  925  1.51038901    O  926  1.50842151    C  923  0.98037319
   925  O    1.65347908    C  924  1.51038901    O  926  0.12097180
   926  O    1.68258864    C  924  1.50842151    O  925  0.12097180
   927  N    3.17507404    C  921  1.38397028    C  928  0.97403198    H 1999  0.85739860    O  922  0.08307461
   928  C    3.89690647    C  931  1.00917129    C  929  0.97773429    N  927  0.97403198    H 2000  0.89171133
   929  C    3.95643588    O  930  1.59047715    N  936  1.39237436    C  928  0.97773429
   930  O    1.71476572    C  929  1.59047715    N  936  0.08655457
   931  C    3.81217937    C  932  1.02897507    C  928  1.00917129    H 2002  0.89870747    H 2001  0.88995056
   932  C    3.80011533    C  931  1.02897507    C  933  0.96894213    H 2004  0.91113464    H 2003  0.89535090
   933  C    3.97387062    O  935  1.51211234    O  934  1.51132394    C  932  0.96894213
   934  O    1.67759955    C  933  1.51132394    O  935  0.12014762
   935  O    1.66699377    C  933  1.51211234    O  934  0.12014762
   936  N    3.17883653    C  929  1.39237436    C  937  0.95428746    H 2005  0.85631725    O  930  0.08655457
   937  C    3.87337928    C  940  1.01234446    C  938  0.97426099    N  936  0.95428746    H 2006  0.89179061
   938  C    3.95190133    O  939  1.59819818    N  944  1.38671164    C  937  0.97426099
   939  O    1.75098518    C  938  1.59819818    N  944  0.08784086
   940  C    3.80667168    C  937  1.01234446    C  941  0.99886504    H 2008  0.90751322    H 2007  0.88809604
   941  C    3.88844841    S  942  1.09816176    C  940  0.99886504    H 2009  0.89585328    H 2010  0.87646950
   942  S    2.30712522    C  943  1.17004229    C  941  1.09816176
   943  C    3.79179472    S  942  1.17004229    H 2013  0.91675535    H 2012  0.90504288    H 2011  0.89615395
   944  N    3.18417640    C  938  1.38671164    C  945  0.96423264    H 2014  0.85952536    O  939  0.08784086
   945  C    3.86082751    C  948  0.98027484    C  946  0.97151334    N  944  0.96423264    H 2015  0.89997210
   946  C    3.93780560    O  947  1.60694529    N  952  1.36937586    C  945  0.97151334
   947  O    1.71620611    C  946  1.60694529    N  952  0.08489590
   948  C    3.89066417    C  950  1.02480800    C  949  1.00344558    C  945  0.98027484    H 2016  0.89371266
   949  C    3.82253765    C  951  1.05220270    C  948  1.00344558    H 2018  0.90540006    H 2017  0.90535648
   950  C    3.72381891    C  948  1.02480800    H 2021  0.90968004    H 2020  0.90812723    H 2019  0.90396000
   951  C    3.72002226    C  949  1.05220270    H 2024  0.91816824    H 2023  0.91511975    H 2022  0.90294643
   952  N    3.15773324    C  946  1.36937586    C  953  0.96031831    H 2025  0.85804775    O  947  0.08489590
   953  C    3.88228547    C  956  1.00933444    C  954  0.98345709    N  952  0.96031831    H 2026  0.89189597
   954  C    3.97916752    O  955  1.62003719    N  963  1.38578423    C  953  0.98345709
   955  O    1.76874350    C  954  1.62003719    N  963  0.08758698
   956  C    3.82546807    C  957  1.04410124    C  953  1.00933444    H 2028  0.89763155    H 2027  0.89412504
   957  C    3.81858029    C  956  1.04410124    C  958  1.02785470    H 2029  0.89760567    H 2030  0.88425230
   958  C    3.83749868    C  957  1.02785470    N  959  0.99800558    H 2031  0.90775197    H 2032  0.89950178
   959  N    3.15843539    C  960  1.34689120    C  958  0.99800558    H 2033  0.83931730
   960  C    4.11332174    N  961  1.38908092    N  962  1.38241246    N  959  1.34689120
   961  N    3.04313622    C  960  1.38908092    H 2035  0.84188421    H 2034  0.83287487
   962  N    3.04862178    C  960  1.38241246    H 2036  0.84196691    H 2037  0.84065091
   963  N    3.19410718    C  954  1.38578423    C  964  0.97571356    H 2038  0.85099445    O  955  0.08758698
   964  C    3.89798599    C  967  1.00677401    C  965  0.97697748    N  963  0.97571356    H 2039  0.88237103
   965  C    3.97125842    O  966  1.59713669    N  972  1.40272455    C  964  0.97697748
   966  O    1.73560269    C  965  1.59713669    N  972  0.08824222
   967  C    3.82512057    C  968  1.04262921    C  964  1.00677401    H 2040  0.89662775    H 2041  0.89145572
   968  C    3.82111931    C  967  1.04262921    C  969  0.97092438    H 2043  0.90436360    H 2042  0.90236076
   969  C    3.97775188    O  970  1.51514543    O  971  1.50700552    C  968  0.97092438
   970  O    1.67526905    C  969  1.51514543    O  971  0.12361206
   971  O    1.67812804    C  969  1.50700552    O  970  0.12361206
   972  N    3.19560297    C  965  1.40272455    C  973  0.96716065    H 2044  0.85385967    O  966  0.08824222
   973  C    3.88313430    C  976  1.02762077    C  974  0.97612239    N  972  0.96716065    H 2045  0.89778410
   974  C    3.94076570    O  975  1.59130904    N  977  1.37589635    C  973  0.97612239
   975  O    1.71107289    C  974  1.59130904    N  977  0.08245190
   976  C    3.70545545    C  973  1.02762077    H 2047  0.91601805    H 2048  0.91452864    H 2046  0.89166573
   977  N    3.20321292    C  974  1.37589635    C  978  0.96251243    H 2049  0.86414298    O  975  0.08245190
   978  C    3.89022783    C  981  1.02089583    C  979  0.97186293    N  977  0.96251243    H 2050  0.89797229
   979  C    3.94039264    O  980  1.58133686    N  985  1.38773047    C  978  0.97186293
   980  O    1.72990624    C  979  1.58133686    N  985  0.08483464
   981  C    3.76316365    C  978  1.02089583    C  982  0.98728067    H 2051  0.89138918    H 2052  0.86266974
   982  C    3.90320413    O  984  1.54488886    O  983  1.38804733    C  981  0.98728067
   983  O    1.61283122    C  982  1.38804733    Ca1115  0.10465186    O  984  0.09935513
   984  O    1.69714293    C  982  1.54488886    O  983  0.09935513
   985  N    3.19573340    C  979  1.38773047    C  986  0.96743318    H 2053  0.84537968    O  980  0.08483464
   986  C    3.88624963    C  987  0.99316459    C  989  0.97347984    N  985  0.96743318    H 2054  0.88403308
   987  C    3.98648311    O  988  1.61281893    N  993  1.38888224    C  986  0.99316459
   988  O    1.75954937    C  987  1.61281893    N  993  0.08784501
   989  C    3.90146169    C  991  1.02494515    C  990  1.01527717    C  986  0.97347984    H 2055  0.88824618
   990  C    3.83752848    C  992  1.05415913    C  989  1.01527717    H 2057  0.89635458    H 2056  0.89319380
   991  C    3.73158826    C  989  1.02494515    H 2060  0.90436110    H 2058  0.90297774    H 2059  0.89975526
   992  C    3.73578744    C  990  1.05415913    H 2063  0.91891951    H 2061  0.89993230    H 2062  0.89678556
   993  N    3.17761744    C  987  1.38888224    C  994  0.98356517    H 2064  0.84815375    O  988  0.08784501
   994  C    3.89938854    C  997  1.00772500    C  995  0.99043739    N  993  0.98356517    H 2065  0.86835962
   995  C    4.00904582    O  996  1.61118739    N 1001  1.38501040    C  994  0.99043739
   996  O    1.77249051    C  995  1.61118739    N 1001  0.08357335
   997  C    3.75518832    C  994  1.00772500    C  998  0.97596450    H 2066  0.87603332    H 2067  0.86131096
   998  C    3.90533814    O  999  1.51061653    O 1000  1.37255718    C  997  0.97596450
   999  O    1.75403117    C  998  1.51061653    O 1000  0.10533467
  1000  O    1.61161520    C  998  1.37255718    Ca1115  0.11968278    O  999  0.10533467
  1001  N    3.20984018    C  995  1.38501040    C 1002  0.99607384    H 2068  0.85294625    O  996  0.08357335
  1002  C    3.82143845    C 1003  1.00982174    N 1001  0.99607384    H 2069  0.89184883    H 2070  0.87153216
  1003  C    3.96347054    O 1004  1.59277800    N 1005  1.37294337    C 1002  1.00982174
  1004  O    1.75323959    C 1003  1.59277800    N 1005  0.08364663
  1005  N    3.20904304    C 1003  1.37294337    C 1006  0.97944467    H 2071  0.87693379    O 1004  0.08364663
  1006  C    3.89681541    C 1009  1.00330560    C 1007  0.97990261    N 1005  0.97944467    H 2072  0.87902108
  1007  C    3.98302026    O 1008  1.60946860    N 1013  1.38739629    C 1006  0.97990261
  1008  O    1.76401731    C 1007  1.60946860    N 1013  0.08660847
  1009  C    3.76889946    C 1006  1.00330560    C 1010  0.98263561    H 2074  0.86921591    H 2073  0.86747212
  1010  C    3.93257354    O 1011  1.55110307    O 1012  1.37708829    C 1009  0.98263561
  1011  O    1.71144946    C 1010  1.55110307    O 1012  0.10770495
  1012  O    1.61061711    C 1010  1.37708829    Ca1115  0.11572591    O 1011  0.10770495
  1013  N    3.21456198    C 1007  1.38739629    C 1014  0.99085011    H 2075  0.85874226    O 1008  0.08660847
  1014  C    3.80941810    C 1015  0.99618828    N 1013  0.99085011    H 2076  0.89237428    H 2077  0.87817166
  1015  C    3.95363657    O 1016  1.60032689    N 1017  1.37745125    C 1014  0.99618828
  1016  O    1.74824962    C 1015  1.60032689    N 1017  0.08713748
  1017  N    3.19519291    C 1015  1.37745125    C 1018  0.94564172    H 2078  0.87679836    O 1016  0.08713748
  1018  C    3.84873534    C 1021  1.01307109    C 1019  0.96939953    N 1017  0.94564172    H 2079  0.88577210
  1019  C    3.88848328    O 1020  1.49017358    N 1026  1.41096435    C 1018  0.96939953
  1020  O    1.69331499    C 1019  1.49017358    Ca1115  0.07909448    N 1026  0.07267640
  1021  C    3.81649140    C 1022  1.04327030    C 1018  1.01307109    H 2080  0.90975247    H 2081  0.90797156
  1022  C    3.80791688    C 1021  1.04327030    C 1023  0.99372349    H 2082  0.89412497    H 2083  0.87515885
  1023  C    3.96486368    O 1024  1.58235006    N 1025  1.41052026    C 1022  0.99372349
  1024  O    1.74480502    C 1023  1.58235006    N 1025  0.09274356
  1025  N    3.05419212    C 1023  1.41052026    H 2084  0.87857421    H 2085  0.84657428    O 1024  0.09274356
  1026  N    3.19736888    C 1019  1.41096435    C 1027  0.94948188    H 2086  0.83787159    O 1020  0.07267640
  1027  C    3.86874604    C 1028  0.97163181    C 1030  0.96884487    N 1026  0.94948188    H 2087  0.92259191
  1028  C    3.90618047    O 1029  1.55203909    N 1033  1.37529969    C 1027  0.97163181
  1029  O    1.66513587    C 1028  1.55203909    N 1033  0.07457474
  1030  C    3.87216689    C 1032  1.02813874    C 1031  1.02461334    C 1027  0.96884487    H 2088  0.90090618
  1031  C    3.71890181    C 1030  1.02461334    H 2091  0.91563214    H 2090  0.90737302    H 2089  0.90211039
  1032  C    3.72499705    C 1030  1.02813874    H 2094  0.91371897    H 2093  0.91205425    H 2092  0.90319571
  1033  N    3.20580897    C 1028  1.37529969    C 1034  0.96230772    H 2095  0.86189641    O 1029  0.07457474
  1034  C    3.87066313    C 1037  1.01191154    C 1035  0.98958396    N 1033  0.96230772    H 2096  0.88619632
  1035  C    3.94071159    O 1036  1.57900227    N 1041  1.38034998    C 1034  0.98958396
  1036  O    1.68211660    C 1035  1.57900227    N 1041  0.07374989
  1037  C    3.77241342    C 1034  1.01191154    C 1038  0.99819640    H 2097  0.89241759    H 2098  0.87389723
  1038  C    3.96189841    O 1039  1.57928981    N 1040  1.41610797    C 1037  0.99819640
  1039  O    1.73215677    C 1038  1.57928981    N 1040  0.08756623
  1040  N    3.03048222    C 1038  1.41610797    H 2100  0.87760029    H 2099  0.86901057    O 1039  0.08756623
  1041  N    3.19320302    C 1035  1.38034998    C 1042  0.95639988    H 2101  0.84016706    O 1036  0.07374989
  1042  C    3.85912425    C 1043  0.97148856    C 1045  0.96828644    N 1041  0.95639988    H 2102  0.89619602
  1043  C    3.93165145    O 1044  1.58043246    N 1053  1.37680761    C 1042  0.97148856
  1044  O    1.72870907    C 1043  1.58043246    N 1053  0.07070854
  1045  C    3.77417859    C 1046  1.02121631    C 1042  0.96828644    H 2103  0.90687653    H 2104  0.83888077
  1046  C    3.71997157    C 1048  1.18798668    C 1047  1.18526094    C 1045  1.02121631    O 1052  0.08711124    C 1050  0.07928462    C 1049  0.07703670
  1047  C    3.74444681    C 1049  1.54643620    C 1046  1.18526094    H 2105  0.89843445    O 1052  0.05907511
  1048  C    3.76275957    C 1050  1.53923693    C 1046  1.18798668    H 2106  0.90201602    O 1052  0.06413952
  1049  C    3.71572677    C 1047  1.54643620    C 1051  1.13513093    H 2107  0.89901856    C 1046  0.07703670
  1050  C    3.73475150    C 1048  1.53923693    C 1051  1.13246641    H 2108  0.89631399    C 1046  0.07928462
  1051  C    3.67611086    O 1052  1.28915422    C 1049  1.13513093    C 1050  1.13246641
  1052  O    2.28050853    C 1051  1.28915422    H 2109  0.68310414    C 1046  0.08711124    C 1048  0.06413952    C 1047  0.05907511
  1053  N    3.16578686    C 1043  1.37680761    C 1054  0.96393777    H 2110  0.86130085    O 1044  0.07070854
  1054  C    3.87892728    C 1057  1.01828050    C 1055  0.97124902    N 1053  0.96393777    H 2111  0.88236633
  1055  C    3.93499853    O 1056  1.58377765    N 1062  1.37910497    C 1054  0.97124902
  1056  O    1.68100854    C 1055  1.58377765    N 1062  0.07154339
  1057  C    3.82177340    C 1054  1.01828050    C 1058  1.01690633    H 2113  0.90165829    H 2112  0.88308061
  1058  C    3.80661565    C 1057  1.01690633    C 1059  0.97260914    H 2114  0.90072390    H 2115  0.87703882
  1059  C    3.97017489    O 1061  1.52515743    O 1060  1.50207069    C 1058  0.97260914
  1060  O    1.65272824    C 1059  1.50207069    O 1061  0.11669514
  1061  O    1.68080126    C 1059  1.52515743    O 1060  0.11669514
  1062  N    3.12277581    C 1055  1.37910497    C 1063  0.96547697    H 2116  0.88299741    O 1056  0.07154339
  1063  C    3.87073546    C 1066  1.01557672    C 1064  0.97259588    N 1062  0.96547697    H 2117  0.88273717
  1064  C    3.90335735    O 1065  1.60027270    N 1071  1.34096869    C 1063  0.97259588
  1065  O    1.70713331    C 1064  1.60027270    N 1071  0.05666347
  1066  C    3.81007426    C 1067  1.04427440    C 1063  1.01557672    H 2119  0.90584881    H 2118  0.88813840
  1067  C    3.78984652    C 1066  1.04427440    C 1068  0.99035406    H 2120  0.89189282    H 2121  0.88738484
  1068  C    3.87600775    O 1070  1.41861562    O 1069  1.41268564    C 1067  0.99035406    Ca1115  0.06070444
  1069  O    1.65392610    C 1068  1.41268564    Ca1115  0.12936665    O 1070  0.11077218
  1070  O    1.69224524    C 1068  1.41861562    Ca1115  0.16466391    O 1069  0.11077218
  1071  N    3.11046519    C 1064  1.34096869    C 1072  0.95035454    H 2122  0.85439156    O 1065  0.05666347
  1072  C    3.82326311    C 1075  1.00207435    C 1073  0.96247631    N 1071  0.95035454    H 2123  0.88398411
  1073  C    3.89634311    O 1074  1.56615839    N 1082  1.36752016    C 1072  0.96247631
  1074  O    1.67375709    C 1073  1.56615839    N 1082  0.07269776
  1075  C    3.81818191    C 1076  1.01679117    C 1072  1.00207435    H 2124  0.90965491    H 2125  0.88896060
  1076  C    3.87683627    C 1077  1.38509801    C 1078  1.37850131    C 1075  1.01679117    C 1081  0.05475489
  1077  C    3.82338297    C 1079  1.40936862    C 1076  1.38509801    H 2126  0.90459193    C 1080  0.05782644
  1078  C    3.82059709    C 1080  1.40760712    C 1076  1.37850131    H 2127  0.90672024    C 1079  0.05987424
  1079  C    3.82668376    C 1077  1.40936862    C 1081  1.40641949    H 2128  0.90871247    C 1078  0.05987424
  1080  C    3.82968331    C 1078  1.40760712    C 1081  1.40475843    H 2129  0.90376224    C 1077  0.05782644
  1081  C    3.83285111    C 1079  1.40641949    C 1080  1.40475843    H 2130  0.90717871    C 1076  0.05475489
  1082  N    3.14043436    C 1073  1.36752016    C 1083  0.96002339    H 2131  0.85801383    O 1074  0.07269776
  1083  C    3.85585299    C 1086  0.97838792    C 1084  0.97417478    N 1082  0.96002339    H 2132  0.88316206
  1084  C    3.96116074    O 1085  1.61386175    N 1089  1.38500023    C 1083  0.97417478
  1085  O    1.76850160    C 1084  1.61386175    N 1089  0.08411493
  1086  C    3.90426844    C 1088  1.03475458    C 1087  1.02451479    C 1083  0.97838792    H 2133  0.89203268
  1087  C    3.74328661    C 1086  1.02451479    H 2135  0.90661371    H 2136  0.90329950    H 2134  0.90115324
  1088  C    3.72799820    C 1086  1.03475458    H 2138  0.91204207    H 2139  0.90623517    H 2137  0.90371242
  1089  N    3.16551398    C 1084  1.38500023    C 1090  0.96789838    H 2140  0.84962514    O 1085  0.08411493
  1090  C    3.87578068    C 1093  0.97663632    C 1091  0.97418188    N 1089  0.96789838    H 2141  0.88336228
  1091  C    3.96462224    O 1092  1.60834525    N 1096  1.38003922    C 1090  0.97418188
  1092  O    1.76052657    C 1091  1.60834525    N 1096  0.08445249
  1093  C    3.81933575    C 1095  1.02381654    C 1090  0.97663632    O 1094  0.93330479    H 2142  0.89179798
  1094  O    1.66121507    C 1093  0.93330479    H 2143  0.70877664
  1095  C    3.72533182    C 1093  1.02381654    H 2146  0.91034936    H 2144  0.90317514    H 2145  0.89417225
  1096  N    3.19184099    C 1091  1.38003922    C 1097  0.96341420    H 2147  0.84892551    O 1092  0.08445249
  1097  C    3.87180907    C 1100  1.01541167    N 1096  0.96341420    C 1098  0.96271314    H 2148  0.89115120
  1098  C    4.00737268    N 1104  1.83561009    O 1099  1.24637418    C 1097  0.96271314
  1099  O    1.38919594    C 1098  1.24637418    N 1104  0.06030201    H 2156  0.05580823
  1100  C    3.78572510    C 1097  1.01541167    C 1101  0.99530539    H 2150  0.89796122    H 2149  0.88897453
  1101  C    3.85524459    S 1102  1.07566933    C 1100  0.99530539    H 2151  0.88023844    H 2152  0.87146193
  1102  S    2.25919434    C 1103  1.18209880    C 1101  1.07566933
  1103  C    3.84619322    S 1102  1.18209880    H 2155  0.90885208    H 2153  0.90335112    H 2154  0.89574928
  1104  N    3.60310521    C 1098  1.83561009    C 1105  0.95201663    H 2156  0.81743512    O 1099  0.06030201
  1105  C    3.87265145    C 1108  1.00568437    C 1106  0.96215913    N 1104  0.95201663    H 2157  0.89549603
  1106  C    3.62085065    O 1107  1.78174291    C 1105  0.96215913    H 2158  0.88764518
  1107  O    1.89028868    C 1106  1.78174291
  1108  C    3.80987306    C 1109  1.00659125    C 1105  1.00568437    H 2160  0.89353499    H 2159  0.88600042
  1109  C    3.87747838    S 1110  1.10438059    C 1108  1.00659125    H 2161  0.88264098    H 2162  0.87958572
  1110  S    2.23698670    C 1109  1.10438059    C 1111  1.10065919
  1111  C    3.81198289    S 1110  1.10065919    H 2165  0.89189416    H 2164  0.89128993    H 2163  0.88589352
  1112  Ca   1.15573153    O  214  0.17148434    O  213  0.14800315    O  162  0.13522807    O  133  0.12359405    O  151  0.09772626    O  171  0.08969785    C  212  0.06973229
  1113  Ca   1.28643993    O 1118  0.14736185    O  482  0.12875612    O  428  0.11921734    O  483  0.10238933    O  403  0.10130335    O 1116  0.10113940    O  437  0.09604895    O  416  0.09305449    C  481  0.05608190
  1114  Ca   1.18254690    O  781  0.15611616    O  780  0.12611276    O  732  0.11710694    O  720  0.10682693    O  741  0.10089593    O 1121  0.08291475    O  704  0.08024963    C  779  0.07046856    O  721  0.06181072
  1115  Ca   1.23200379    O 1070  0.16466391    O 1069  0.12936665    O 1000  0.11968278    O 1012  0.11572591    O  983  0.10465186    O 1122  0.08304706    O 1020  0.07909448    C 1068  0.06070444
  1116  O    1.45983881    H 2167  0.73479307    H 2166  0.68319778    Ca1113  0.10113940
  1117  O    1.42151251    H 2168  0.74798428    H 2169  0.73112053
  1118  O    1.62060863    H 2170  0.77426040    H 2171  0.75333130    Ca1113  0.14736185
  1119  O    1.42101419    H 2173  0.73778312    H 2172  0.72581364
  1120  O    1.41083963    H 2175  0.73231231    H 2174  0.72439350
  1121  O    1.40420957    H 2176  0.71633471    H 2177  0.67569721    Ca1114  0.08291475
  1122  O    1.44676442    H 2179  0.75083034    H 2178  0.66332986    Ca1115  0.08304706
  1123  H    0.75513090    N    1  0.80619863
  1124  H    0.73676369    N    1  0.82091107
  1125  H    0.74933347    N    1  0.81997558
  1126  H    0.83167330    C    2  0.87122273
  1127  H    0.86423015    C    5  0.88069811
  1128  H    0.67746619    O    6  0.71557602
  1129  H    0.86541829    C    7  0.89497407
  1130  H    0.86484613    C    7  0.90317923
  1131  H    0.84381693    C    7  0.89998965
  1132  H    0.78591820    N    8  0.85856556
  1133  H    0.84482663    C    9  0.86842875
  1134  H    0.86204466    C   12  0.89184256
  1135  H    0.85697309    C   12  0.88706864
  1136  H    0.85388007    C   13  0.89554877
  1137  H    0.87032374    C   13  0.87174336
  1138  H    0.82026349    N   17  0.84685930
  1139  H    0.84526548    C   18  0.88437284
  1140  H    0.85936129    C   21  0.89002161
  1141  H    0.86666285    C   21  0.88853532
  1142  H    0.85568430    C   22  0.89295744
  1143  H    0.87303830    C   22  0.87460926
  1144  H    0.79896595    N   26  0.84779264
  1145  H    0.84696294    C   27  0.86932838
  1146  H    0.84706942    C   30  0.87600718
  1147  H    0.81831775    C   30  0.89693506
  1148  H    0.85342911    C   31  0.89904609
  1149  H    0.81629274    C   31  0.90288805
  1150  H    0.84633314    N   34  0.83345996
  1151  H    0.83009396    N   34  0.83688267
  1152  H    0.72803424    N   35  0.79425312    O   29  0.05570108
  1153  H    0.82613018    C   36  0.87333779
  1154  H    0.85041115    C   39  0.88904335
  1155  H    0.83740650    C   40  0.89105056
  1156  H    0.85911382    C   40  0.88734788
  1157  H    0.86426926    C   41  0.90109351
  1158  H    0.84052866    C   41  0.90596888
  1159  H    0.84995569    C   41  0.89553195
  1160  H    0.86145891    C   42  0.89518602
  1161  H    0.82064164    C   42  0.91572784
  1162  H    0.94599070    C   42  0.85772171    O    4  0.06815621
  1163  H    0.83318634    N   43  0.84861656
  1164  H    0.85252813    C   44  0.88991659
  1165  H    0.87181733    C   47  0.89971746
  1166  H    0.87012287    C   47  0.89828505
  1167  H    0.85423272    C   47  0.91084604
  1168  H    0.83205897    N   48  0.85923009
  1169  H    0.86065442    C   49  0.88726896
  1170  H    0.86322961    C   52  0.88766715
  1171  H    0.85683128    C   52  0.89468828
  1172  H    0.85241626    C   53  0.88968747
  1173  H    0.87178446    C   53  0.90428652
  1174  H    0.83754924    N   57  0.85671846
  1175  H    0.83798380    C   58  0.89599703
  1176  H    0.84552463    C   61  0.86485148
  1177  H    0.85002035    C   61  0.89905415
  1178  H    0.88565538    C   63  0.91033931
  1179  H    0.87874766    C   64  0.91715031
  1180  H    0.90104358    C   65  0.90385931
  1181  H    0.91017089    C   66  0.89563447
  1182  H    0.90516544    C   67  0.91103763
  1183  H    0.84057440    N   68  0.85793847
  1184  H    0.84898059    C   69  0.88116922
  1185  H    0.85902728    C   72  0.88873274
  1186  H    0.85552540    C   72  0.90012352
  1187  H    0.85555798    C   73  0.90098010
  1188  H    0.84965578    C   73  0.89838812
  1189  H    0.86790402    C   74  0.89833960
  1190  H    0.85890683    C   74  0.89443874
  1191  H    0.83503663    C   75  0.90928421
  1192  H    0.85370786    C   75  0.90375402
  1193  H    0.77457932    N   76  0.82051082
  1194  H    0.77025230    N   76  0.81140266
  1195  H    0.77278910    N   76  0.81772689
  1196  H    0.83100695    N   77  0.85262462
  1197  H    0.85179281    C   78  0.88620263
  1198  H    0.86277017    C   81  0.88927171
  1199  H    0.85732110    C   81  0.89825344
  1200  H    0.85152917    C   82  0.90807191
  1201  H    0.87202329    C   82  0.88306516
  1202  H    0.83298580    N   86  0.84599376
  1203  H    0.84395404    C   87  0.89477761
  1204  H    0.85959688    C   90  0.89474533
  1205  H    0.86917292    C   90  0.90160910
  1206  H    0.84664460    C   90  0.90911518
  1207  H    0.84376948    N   91  0.85119609
  1208  H    0.85476791    C   92  0.86940368
  1209  H    0.86032557    C   95  0.90418106
  1210  H    0.84902187    C   95  0.89657185
  1211  H    0.91605817    C   97  0.90918696
  1212  H    0.89969375    C   98  0.91543825
  1213  H    0.91198353    C   99  0.91402645
  1214  H    0.90617598    C  100  0.90780135
  1215  H    0.91259167    C  101  0.91356636
  1216  H    0.84267914    N  102  0.85334133
  1217  H    0.85601849    C  103  0.87778504
  1218  H    0.86073380    C  106  0.90822518
  1219  H    0.86646720    C  106  0.89261812
  1220  H    0.72595911    O  107  0.73320045
  1221  H    0.82759108    N  108  0.85590199
  1222  H    0.85776122    C  109  0.88235312
  1223  H    0.85925773    C  112  0.88748049
  1224  H    0.84479437    C  112  0.89156449
  1225  H    0.85983485    C  113  0.90180826
  1226  H    0.86899076    C  114  0.90087051
  1227  H    0.84219012    C  114  0.90458166
  1228  H    0.87405371    C  114  0.91286005
  1229  H    0.87097344    C  115  0.90326828
  1230  H    0.87197652    C  115  0.90964990
  1231  H    0.85866442    C  115  0.90260943
  1232  H    0.82972096    N  116  0.84201543
  1233  H    0.84408767    C  117  0.89776472
  1234  H    0.84274938    C  120  0.89423242
  1235  H    0.84821845    C  120  0.90934147
  1236  H    0.89651908    C  122  0.90567174
  1237  H    0.89859146    C  123  0.90745681
  1238  H    0.89795294    C  124  0.91516196
  1239  H    0.91367376    C  125  0.89916031
  1240  H    0.91941844    C  126  0.90213718
  1241  H    0.85077286    N  127  0.85940024
  1242  H    0.87871603    C  128  0.90028068
  1243  H    0.85483806    C  131  0.88353813
  1244  H    0.85079629    C  131  0.87061967
  1245  H    0.82454134    N  135  0.84321893
  1246  H    0.82769241    C  136  0.89984162
  1247  H    0.86276993    C  139  0.89007365
  1248  H    0.84858177    C  139  0.89145241
  1249  H    0.85805525    C  140  0.88303098
  1250  H    0.83482542    C  140  0.89376533
  1251  H    0.83950842    C  141  0.90864461
  1252  H    0.87420049    C  141  0.90118932
  1253  H    0.85620775    C  142  0.90812138
  1254  H    0.82838460    C  142  0.90733429
  1255  H    0.76317604    N  143  0.82451488
  1256  H    0.76273581    N  143  0.81249521
  1257  H    0.77997981    N  143  0.83201268
  1258  H    0.86114617    N  144  0.85958976
  1259  H    0.85352942    C  145  0.87287274
  1260  H    0.85770415    C  148  0.88371583
  1261  H    0.85669332    C  148  0.87680985
  1262  H    0.82922254    N  152  0.84830630
  1263  H    0.85818457    C  153  0.89455438
  1264  H    0.83705961    C  153  0.86938797
  1265  H    0.87624936    N  156  0.86328088
  1266  H    0.85917921    C  157  0.87815525
  1267  H    0.85807675    C  160  0.86673491
  1268  H    0.85706399    C  160  0.88130819
  1269  H    0.89759337    N  164  0.86359695
  1270  H    0.86013747    C  165  0.90017734
  1271  H    0.84529529    C  165  0.87561010
  1272  H    0.88514612    N  168  0.87912931
  1273  H    0.84520626    C  169  0.88944325
  1274  H    0.85428621    C  172  0.88729515
  1275  H    0.78924176    O  173  0.72337690
  1276  H    0.87592380    C  174  0.90484899
  1277  H    0.85368616    C  174  0.89975451
  1278  H    0.86531177    C  174  0.92005182
  1279  H    0.83184418    N  175  0.83769604
  1280  H    0.86822923    C  176  0.92168060
  1281  H    0.85434515    C  179  0.90037411
  1282  H    0.86241578    C  180  0.90625971
  1283  H    0.86663335    C  180  0.90352195
  1284  H    0.85013631    C  181  0.90449178
  1285  H    0.85229406    C  181  0.90851185
  1286  H    0.86058091    C  181  0.90787043
  1287  H    0.86016599    C  182  0.90898988
  1288  H    0.86573688    C  182  0.91105254
  1289  H    0.84341036    C  182  0.92958768
  1290  H    0.82947072    N  183  0.85472561
  1291  H    0.85923027    C  184  0.89098681
  1292  H    0.86523397    C  187  0.88850378
  1293  H    0.69460770    O  188  0.75419107
  1294  H    0.87686901    C  189  0.90559711
  1295  H    0.83564020    C  189  0.90702543
  1296  H    0.86658243    C  189  0.91344475
  1297  H    0.82200661    N  190  0.84943594
  1298  H    0.84866459    C  191  0.87342741
  1299  H    0.86085588    C  194  0.89277549
  1300  H    0.71976089    O  195  0.71410335
  1301  H    0.86104468    C  196  0.91532211
  1302  H    0.83823106    C  196  0.91234379
  1303  H    0.85852734    C  196  0.92274315
  1304  H    0.82602193    N  197  0.85575128
  1305  H    0.83748522    C  198  0.89765753
  1306  H    0.85072902    C  201  0.89029052
  1307  H    0.85119445    C  201  0.89226763
  1308  H    0.86971077    C  202  0.88913860
  1309  H    0.84848419    C  202  0.88358410
  1310  H    0.86796073    C  203  0.88940321
  1311  H    0.84682067    C  203  0.89085362
  1312  H    0.82591447    C  204  0.91444608
  1313  H    0.87106327    C  204  0.90688966
  1314  H    0.75216414    N  205  0.80379765
  1315  H    0.76647991    N  205  0.82283875
  1316  H    0.77189593    N  205  0.82030707
  1317  H    0.82055812    N  206  0.85113411
  1318  H    0.85310140    C  207  0.88175214
  1319  H    0.83666810    C  210  0.89045743
  1320  H    0.84938354    C  210  0.89626084
  1321  H    0.82290790    C  211  0.88973538
  1322  H    0.84882785    C  211  0.89634847
  1323  H    0.83483366    N  215  0.84728904
  1324  H    0.83566666    C  216  0.87568357
  1325  H    0.85006261    C  219  0.90200001
  1326  H    0.85161294    C  219  0.88832935
  1327  H    0.86477934    C  220  0.89789636
  1328  H    0.84666470    C  221  0.92229566
  1329  H    0.84533495    C  221  0.90934078
  1330  H    0.86474574    C  221  0.91080202
  1331  H    0.85565780    C  222  0.91500868
  1332  H    0.86080754    C  222  0.90913507
  1333  H    0.85506512    C  222  0.90155199
  1334  H    0.84480886    N  223  0.84915775
  1335  H    0.84924210    C  224  0.89069069
  1336  H    0.83564645    C  224  0.89719168
  1337  H    0.83603626    N  227  0.85057264
  1338  H    0.86038623    C  228  0.89067750
  1339  H    0.85399739    C  231  0.89650626
  1340  H    0.71296124    O  232  0.71199698
  1341  H    0.86597840    C  233  0.89917372
  1342  H    0.85632494    C  233  0.89497685
  1343  H    0.87414084    C  233  0.91188021
  1344  H    0.83414866    N  234  0.85004858
  1345  H    0.85726997    C  235  0.89327441
  1346  H    0.86061738    C  238  0.89063176
  1347  H    0.84043889    C  239  0.90486049
  1348  H    0.83630872    C  239  0.91126333
  1349  H    0.86836763    C  239  0.90980342
  1350  H    0.83065720    C  240  0.91391245
  1351  H    0.86071494    C  240  0.91991565
  1352  H    0.83944898    C  240  0.91568368
  1353  H    0.84656986    N  241  0.84818919
  1354  H    0.87596211    C  242  0.89663569
  1355  H    0.84935376    C  245  0.90023954
  1356  H    0.85620482    C  245  0.89217296
  1357  H    0.85044887    C  246  0.88109888
  1358  H    0.84781445    C  246  0.88069535
  1359  H    0.86089588    C  248  0.88367646
  1360  H    0.83523827    C  248  0.89212754
  1361  H    0.81962138    C  248  0.89877867
  1362  H    0.84521823    N  249  0.85184784
  1363  H    0.85146104    C  250  0.89662759
  1364  H    0.86308048    C  253  0.89277822
  1365  H    0.85647812    C  253  0.89529832
  1366  H    0.85085403    C  254  0.89352228
  1367  H    0.85381718    C  254  0.88787536
  1368  H    0.84321242    C  255  0.90942825
  1369  H    0.85944716    C  255  0.90104234
  1370  H    0.82862538    N  256  0.84251624
  1371  H    0.82220432    N  258  0.82889737
  1372  H    0.81969136    N  258  0.83962473
  1373  H    0.83114337    N  259  0.82757081
  1374  H    0.83650899    N  259  0.83805459
  1375  H    0.82545097    N  260  0.84533589
  1376  H    0.86260274    C  261  0.87447346
  1377  H    0.85823876    C  264  0.88544896
  1378  H    0.86515767    C  264  0.89000560
  1379  H    0.75994792    O  265  0.71549143
  1380  H    0.83380844    N  266  0.85156940
  1381  H    0.85091224    C  267  0.87604135
  1382  H    0.83917989    C  270  0.88574032
  1383  H    0.83302729    C  270  0.89363425
  1384  H    0.87357835    C  271  0.88350076
  1385  H    0.86439281    C  272  0.89964630
  1386  H    0.85214888    C  272  0.90659610
  1387  H    0.83825670    C  272  0.90325120
  1388  H    0.86487847    C  273  0.89661178
  1389  H    0.84403906    C  273  0.89672995
  1390  H    0.86662519    C  273  0.89962088
  1391  H    0.83796216    N  274  0.85209933
  1392  H    0.85646561    C  275  0.88485934
  1393  H    0.85567730    C  275  0.87700012
  1394  H    0.82919006    N  278  0.85204046
  1395  H    0.85441037    C  279  0.90381556
  1396  H    0.84823228    C  282  0.88836485
  1397  H    0.83955695    C  282  0.88534673
  1398  H    0.86218551    C  283  0.86600527
  1399  H    0.83986306    C  283  0.89016761
  1400  H    0.84206599    N  286  0.83196417
  1401  H    0.82353094    N  286  0.83494944
  1402  H    0.81620862    N  287  0.82845857
  1403  H    0.81465928    C  288  0.92327172
  1404  H    0.86201452    C  291  0.88150019
  1405  H    0.86110930    C  291  0.87296157
  1406  H    0.83228928    N  294  0.83263847
  1407  H    0.80158049    N  294  0.84444409
  1408  H    0.84922628    C  296  0.89223839
  1409  H    0.86809244    C  299  0.88043706
  1410  H    0.84687502    C  299  0.87537168
  1411  H    0.83551798    C  300  0.88187079
  1412  H    0.85527932    C  300  0.89239009
  1413  H    0.83988401    C  301  0.88263019
  1414  H    0.85361744    C  301  0.88998245
  1415  H    0.83328447    N  302  0.85760027
  1416  H    0.86339246    C  303  0.87525320
  1417  H    0.85794704    C  306  0.88454367
  1418  H    0.68564732    O  307  0.72677231
  1419  H    0.87427650    C  308  0.89950005
  1420  H    0.86897859    C  308  0.89700290
  1421  H    0.85489715    C  308  0.90804040
  1422  H    0.81439822    N  309  0.84357385
  1423  H    0.84267522    C  310  0.88352089
  1424  H    0.85664922    C  313  0.88355656
  1425  H    0.86830664    C  313  0.89495700
  1426  H    0.87368522    C  314  0.87497936
  1427  H    0.86451810    C  314  0.90217093
  1428  H    0.82775465    N  318  0.84831401
  1429  H    0.86291508    C  319  0.88411973
  1430  H    0.86828540    C  322  0.89525180
  1431  H    0.87428822    C  322  0.90173676
  1432  H    0.86174657    C  322  0.90804550
  1433  H    0.83189937    N  323  0.85447369
  1434  H    0.85362420    C  324  0.88855419
  1435  H    0.85544253    C  327  0.88286080
  1436  H    0.84764374    C  327  0.90467098
  1437  H    0.86193747    C  328  0.88663762
  1438  H    0.86592070    C  328  0.88798637
  1439  H    0.84086565    N  332  0.85616807
  1440  H    0.84562244    C  333  0.89701714
  1441  H    0.83899917    C  336  0.89244853
  1442  H    0.85211965    C  336  0.89996087
  1443  H    0.86775859    C  337  0.89406260
  1444  H    0.85374160    C  338  0.90540775
  1445  H    0.85883341    C  338  0.90647797
  1446  H    0.86185089    C  338  0.91589486
  1447  H    0.83841337    C  339  0.91350162
  1448  H    0.84481470    C  339  0.91629439
  1449  H    0.84778348    C  339  0.91479255
  1450  H    0.84136533    N  340  0.85832489
  1451  H    0.84510230    C  341  0.89483972
  1452  H    0.86457513    C  344  0.89265021
  1453  H    0.86293205    C  344  0.88954686
  1454  H    0.85306017    C  345  0.91435753
  1455  H    0.87280630    C  345  0.87788850
  1456  H    0.83689900    N  348  0.83002109
  1457  H    0.84418698    N  348  0.84531749
  1458  H    0.83956788    N  349  0.85990556
  1459  H    0.86114168    C  350  0.89655029
  1460  H    0.86794327    C  353  0.87475387
  1461  H    0.85705174    C  353  0.90053583
  1462  H    0.83553795    N  357  0.85781714
  1463  H    0.85594001    C  358  0.89006787
  1464  H    0.85570614    C  361  0.89370915
  1465  H    0.85530051    C  361  0.91149592
  1466  H    0.85611368    C  362  0.89072840
  1467  H    0.86289365    C  362  0.87996814
  1468  H    0.86779240    C  364  0.89070715
  1469  H    0.85672188    C  364  0.88170443
  1470  H    0.86504074    C  364  0.89308029
  1471  H    0.83679467    N  365  0.85234378
  1472  H    0.83291480    C  366  0.89857842
  1473  H    0.87099888    C  369  0.89487269
  1474  H    0.84033695    C  370  0.91232899
  1475  H    0.85207949    C  370  0.90175772
  1476  H    0.85415248    C  371  0.90473521
  1477  H    0.85576042    C  371  0.90858929
  1478  H    0.84323780    C  371  0.91525369
  1479  H    0.85709928    C  372  0.90327214
  1480  H    0.85422788    C  372  0.91423114
  1481  H    0.83789000    C  372  0.92304138
  1482  H    0.85163878    N  373  0.85720676
  1483  H    0.84880459    C  374  0.88988135
  1484  H    0.87039725    C  377  0.88168552
  1485  H    0.86026105    C  377  0.89826413
  1486  H    0.84418684    N  380  0.84066135
  1487  H    0.83874456    N  380  0.83954662
  1488  H    0.83254993    N  381  0.85253409
  1489  H    0.86250740    C  382  0.88072479
  1490  H    0.85928384    C  385  0.90003714
  1491  H    0.86638527    C  385  0.89137648
  1492  H    0.86890527    C  386  0.88214204
  1493  H    0.83628415    C  386  0.92775172
  1494  H    0.84380960    N  390  0.86270686
  1495  H    0.86463917    C  391  0.89786621
  1496  H    0.84508271    C  394  0.90733659
  1497  H    0.84646773    C  395  0.89786162
  1498  H    0.84949017    C  395  0.90859978
  1499  H    0.84853407    C  395  0.91711940
  1500  H    0.85564866    C  396  0.90061350
  1501  H    0.84577055    C  396  0.92225021
  1502  H    0.82862772    C  396  0.92294511
  1503  H    0.85965767    N  397  0.86570959
  1504  H    0.86899136    C  398  0.91202768
  1505  H    0.85045082    C  401  0.89707902
  1506  H    0.84869483    C  401  0.86544088
  1507  H    0.81780870    N  405  0.84970865
  1508  H    0.86022311    C  406  0.89221580
  1509  H    0.87528561    C  409  0.90589327
  1510  H    0.86628558    C  409  0.89570357
  1511  H    0.85836174    C  409  0.91131085
  1512  H    0.82352557    N  410  0.84153038
  1513  H    0.85519011    C  411  0.86994517
  1514  H    0.85863091    C  414  0.88247186
  1515  H    0.85814783    C  414  0.86365806
  1516  H    0.82574642    N  418  0.84815473
  1517  H    0.85947174    C  419  0.89529173
  1518  H    0.83834465    C  419  0.87025594
  1519  H    0.85581940    N  422  0.85513599
  1520  H    0.85700143    C  423  0.87155568
  1521  H    0.85542079    C  426  0.87353285
  1522  H    0.85229519    C  426  0.85748745
  1523  H    0.87256220    N  429  0.87087179
  1524  H    0.79439326    N  429  0.80532090
  1525  H    0.85239197    N  430  0.86036378
  1526  H    0.85711265    C  431  0.89007561
  1527  H    0.85041028    C  431  0.88128845
  1528  H    0.85766969    N  434  0.87176339
  1529  H    0.84796228    C  435  0.87561951
  1530  H    0.84864516    C  438  0.89256089
  1531  H    0.71823398    O  439  0.73598423
  1532  H    0.87033963    C  440  0.90911561
  1533  H    0.84360712    C  440  0.90371624
  1534  H    0.87283576    C  440  0.91974425
  1535  H    0.82362129    N  441  0.84022781
  1536  H    0.87361690    C  442  0.92456202
  1537  H    0.85216528    C  445  0.90273381
  1538  H    0.85535564    C  446  0.90441512
  1539  H    0.86344046    C  446  0.90236097
  1540  H    0.84285091    C  447  0.90636136
  1541  H    0.84689612    C  447  0.91211205
  1542  H    0.85272907    C  447  0.91622243
  1543  H    0.84618045    C  448  0.91825063
  1544  H    0.85810206    C  448  0.91717954
  1545  H    0.84718011    C  448  0.92616307
  1546  H    0.86392264    N  449  0.85976149
  1547  H    0.85691438    C  450  0.89060103
  1548  H    0.85460414    C  453  0.89803930
  1549  H    0.85932638    C  453  0.87433952
  1550  H    0.82556942    N  457  0.84275345
  1551  H    0.84215809    C  458  0.89311235
  1552  H    0.84489329    C  461  0.91744690
  1553  H    0.86132987    C  461  0.87631402
  1554  H    0.89735989    C  463  0.90592253
  1555  H    0.91304532    C  464  0.90306664
  1556  H    0.89738725    C  465  0.90422783
  1557  H    0.90663059    C  466  0.90613971
  1558  H    0.89792741    C  467  0.90504259
  1559  H    0.85501117    C  469  0.87665840
  1560  H    0.86856267    C  472  0.87644948
  1561  H    0.86767460    C  472  0.89019896
  1562  H    0.87265867    C  473  0.89201040
  1563  H    0.87440458    C  473  0.87639999
  1564  H    0.85472240    C  474  0.89925827
  1565  H    0.83961223    C  474  0.89725532
  1566  H    0.84561716    N  475  0.85405073
  1567  H    0.86134255    C  476  0.88307506
  1568  H    0.84741485    C  479  0.88807388
  1569  H    0.84627642    C  479  0.90199847
  1570  H    0.88727730    C  480  0.87867036
  1571  H    0.85974745    C  480  0.89200906
  1572  H    0.83489014    N  484  0.84618704
  1573  H    0.85446236    C  485  0.87259742
  1574  H    0.85134888    C  488  0.91174252
  1575  H    0.84722297    C  488  0.88803435
  1576  H    0.90632707    C  490  0.90144694
  1577  H    0.90051227    C  491  0.90983407
  1578  H    0.91454495    C  492  0.90294740
  1579  H    0.90325771    C  493  0.91226658
  1580  H    0.91041673    C  494  0.90801424
  1581  H    0.88146681    N  495  0.85334865
  1582  H    0.84571623    C  496  0.87634055
  1583  H    0.84795575    C  499  0.90273111
  1584  H    0.85337150    C  499  0.89044493
  1585  H    0.87262163    C  500  0.88665415
  1586  H    0.85274307    C  501  0.91090842
  1587  H    0.83730271    C  501  0.90766135
  1588  H    0.84961901    C  501  0.90510843
  1589  H    0.86956360    C  502  0.90175407
  1590  H    0.85158956    C  502  0.90489083
  1591  H    0.86707584    C  502  0.90223522
  1592  H    0.83327913    N  503  0.85051890
  1593  H    0.86332925    C  504  0.87581470
  1594  H    0.86226055    C  507  0.89611469
  1595  H    0.72332044    O  508  0.71884337
  1596  H    0.87418384    C  509  0.90109458
  1597  H    0.84096929    C  509  0.89946223
  1598  H    0.87555906    C  509  0.90763531
  1599  H    0.83458865    N  510  0.85035463
  1600  H    0.85590251    C  511  0.89202282
  1601  H    0.86003492    C  514  0.91262358
  1602  H    0.85324964    C  514  0.89493402
  1603  H    0.83543019    C  515  0.88701248
  1604  H    0.87039714    C  515  0.88055488
  1605  H    0.87095791    C  517  0.89755893
  1606  H    0.85750141    C  517  0.89614094
  1607  H    0.85191614    C  517  0.88883907
  1608  H    0.85729470    N  518  0.85424057
  1609  H    0.88345582    C  519  0.89824395
  1610  H    0.86084003    C  522  0.89977605
  1611  H    0.86434159    C  522  0.89613484
  1612  H    0.85823738    C  523  0.87672415
  1613  H    0.87148489    C  523  0.88558713
  1614  H    0.86454540    C  525  0.88838090
  1615  H    0.85250986    C  525  0.88635979
  1616  H    0.85150306    C  525  0.88892855
  1617  H    0.84927790    N  526  0.85874310
  1618  H    0.85868513    C  527  0.88477211
  1619  H    0.87071100    C  530  0.90225564
  1620  H    0.86359468    C  530  0.89522414
  1621  H    0.85828043    C  530  0.91216710
  1622  H    0.82029327    N  531  0.84178723
  1623  H    0.85618957    C  532  0.88336810
  1624  H    0.83098074    C  535  0.91282949
  1625  H    0.85975845    C  535  0.90501658
  1626  H    0.87127468    C  536  0.89420327
  1627  H    0.85731927    C  536  0.88318451
  1628  H    0.85992634    C  537  0.88971888
  1629  H    0.85479143    C  537  0.90751250
  1630  H    0.83114372    N  538  0.84287389
  1631  H    0.81092450    N  540  0.83603798
  1632  H    0.78925533    N  540  0.84777510
  1633  H    0.83286989    N  541  0.83017058
  1634  H    0.84315215    N  541  0.84134517
  1635  H    0.83980006    N  542  0.85493529
  1636  H    0.85815427    C  543  0.88289467
  1637  H    0.84392107    C  546  0.90330232
  1638  H    0.86140477    C  546  0.88770870
  1639  H    0.86749332    C  547  0.89064921
  1640  H    0.84309633    C  547  0.90995233
  1641  H    0.86312077    C  548  0.89966021
  1642  H    0.86588162    C  548  0.88450567
  1643  H    0.87185844    C  549  0.89544146
  1644  H    0.87432718    C  549  0.90367973
  1645  H    0.76012987    N  550  0.81152489
  1646  H    0.75107948    N  550  0.82366329
  1647  H    0.77104679    N  550  0.81763253
  1648  H    0.83398682    N  551  0.84992614
  1649  H    0.84801211    C  552  0.89066039
  1650  H    0.86097333    C  555  0.90076827
  1651  H    0.84449251    C  555  0.89942770
  1652  H    0.85921699    C  556  0.87702025
  1653  H    0.85599187    C  556  0.87540578
  1654  H    0.86044816    C  558  0.88680913
  1655  H    0.86675000    C  558  0.89666697
  1656  H    0.83755827    C  558  0.89767532
  1657  H    0.82375250    N  559  0.84934910
  1658  H    0.85678118    C  560  0.88565893
  1659  H    0.85710810    C  563  0.88728146
  1660  H    0.84868893    C  563  0.89396390
  1661  H    0.84874534    C  564  0.89002593
  1662  H    0.86246081    C  564  0.89423122
  1663  H    0.86840096    C  565  0.89578265
  1664  H    0.85616404    C  565  0.88870931
  1665  H    0.85952199    C  566  0.89671773
  1666  H    0.86681592    C  566  0.90335708
  1667  H    0.76866184    N  567  0.81447464
  1668  H    0.77311430    N  567  0.81760349
  1669  H    0.76907485    N  567  0.81060804
  1670  H    0.82537605    N  568  0.84744557
  1671  H    0.85705625    C  569  0.89053564
  1672  H    0.86584739    C  572  0.89223234
  1673  H    0.86553998    C  572  0.88940453
  1674  H    0.83891977    N  576  0.85596498
  1675  H    0.86604568    C  577  0.88542789
  1676  H    0.85788584    C  580  0.90473939
  1677  H    0.71948685    O  581  0.70976494
  1678  H    0.87352855    C  582  0.89953437
  1679  H    0.85509930    C  582  0.89329126
  1680  H    0.87586087    C  582  0.90758570
  1681  H    0.85184235    N  583  0.85855328
  1682  H    0.86036618    C  584  0.89095985
  1683  H    0.86935818    C  587  0.87286122
  1684  H    0.86316579    C  587  0.90170832
  1685  H    0.85009043    N  591  0.85999638
  1686  H    0.86682049    C  592  0.88606896
  1687  H    0.86394996    C  595  0.88936779
  1688  H    0.85072609    C  595  0.90526152
  1689  H    0.72354959    O  596  0.73320529
  1690  H    0.85001887    N  597  0.85846866
  1691  H    0.85544323    C  598  0.88841355
  1692  H    0.85686016    C  601  0.89892024
  1693  H    0.85602202    C  601  0.89929393
  1694  H    0.86064727    C  602  0.90814456
  1695  H    0.87247957    C  602  0.87673140
  1696  H    0.83174304    N  606  0.85213336
  1697  H    0.85235913    C  607  0.89282883
  1698  H    0.86347576    C  610  0.89496505
  1699  H    0.86512558    C  610  0.88943105
  1700  H    0.86093557    C  611  0.89525467
  1701  H    0.87715305    C  611  0.87857838
  1702  H    0.83514526    N  615  0.85494338
  1703  H    0.85096945    C  616  0.89309140
  1704  H    0.86542120    C  619  0.89154572
  1705  H    0.85873403    C  619  0.89516168
  1706  H    0.85587294    C  620  0.88609586
  1707  H    0.86346051    C  620  0.90501738
  1708  H    0.82555660    N  624  0.85429822
  1709  H    0.85731592    C  625  0.88036903
  1710  H    0.86434359    C  628  0.88840998
  1711  H    0.85044324    C  629  0.90416652
  1712  H    0.87058457    C  629  0.90002559
  1713  H    0.83509266    C  630  0.90986964
  1714  H    0.83517476    C  630  0.90626629
  1715  H    0.85943164    C  630  0.90944542
  1716  H    0.87672628    C  631  0.90497976
  1717  H    0.86049406    C  631  0.90367350
  1718  H    0.85534151    C  631  0.91188749
  1719  H    0.82847274    N  632  0.85157941
  1720  H    0.84389454    C  633  0.88006221
  1721  H    0.86080395    C  636  0.88927170
  1722  H    0.85840691    C  636  0.89831595
  1723  H    0.84938558    C  637  0.90680129
  1724  H    0.85555835    C  637  0.90473282
  1725  H    0.86719913    C  638  0.90598633
  1726  H    0.85881003    C  638  0.90391994
  1727  H    0.82776696    N  639  0.85630796
  1728  H    0.84355736    N  641  0.84183130
  1729  H    0.83013457    N  641  0.83944766
  1730  H    0.84708388    N  642  0.84301670
  1731  H    0.82983496    N  642  0.83237843
  1732  H    0.83448526    N  643  0.85333087
  1733  H    0.85491783    C  644  0.88670869
  1734  H    0.86722181    C  647  0.88894435
  1735  H    0.85829487    C  647  0.89942126
  1736  H    0.87919380    C  648  0.89024294
  1737  H    0.84304306    C  648  0.91613412
  1738  H    0.82891082    N  652  0.85004388
  1739  H    0.86823217    C  653  0.88078525
  1740  H    0.86175897    C  656  0.89880447
  1741  H    0.87449863    C  656  0.90616706
  1742  H    0.85392010    C  656  0.91029650
  1743  H    0.83636074    N  657  0.84514227
  1744  H    0.86252636    C  658  0.87193136
  1745  H    0.85603632    C  661  0.90562205
  1746  H    0.85346075    C  661  0.88799799
  1747  H    0.90167532    C  663  0.91633383
  1748  H    0.91328148    C  664  0.90705632
  1749  H    0.90471429    C  665  0.90860593
  1750  H    0.91163410    C  666  0.91096611
  1751  H    0.91198367    C  667  0.91320156
  1752  H    0.83892812    N  668  0.84857693
  1753  H    0.84444469    C  669  0.87942491
  1754  H    0.86182299    C  672  0.89530531
  1755  H    0.85203442    C  672  0.90136401
  1756  H    0.85722671    C  673  0.89232991
  1757  H    0.86245288    C  673  0.88573253
  1758  H    0.84768487    C  674  0.91563808
  1759  H    0.85970285    C  674  0.90025275
  1760  H    0.82701980    N  675  0.84125187
  1761  H    0.82974254    N  677  0.83096179
  1762  H    0.81927057    N  677  0.84672460
  1763  H    0.83897913    N  678  0.84467923
  1764  H    0.82623450    N  678  0.85314475
  1765  H    0.82884430    N  679  0.84948997
  1766  H    0.86271447    C  680  0.88296783
  1767  H    0.86791484    C  683  0.89001046
  1768  H    0.86617014    C  684  0.89962583
  1769  H    0.84042451    C  684  0.90276766
  1770  H    0.87260353    C  684  0.91016430
  1771  H    0.87109823    C  685  0.90154718
  1772  H    0.87471742    C  685  0.91376553
  1773  H    0.84920986    C  685  0.90836370
  1774  H    0.82726946    N  686  0.84304131
  1775  H    0.84200756    C  687  0.89486389
  1776  H    0.84821096    C  690  0.88487327
  1777  H    0.85090080    C  690  0.90444562
  1778  H    0.89358018    C  692  0.90347381
  1779  H    0.89673200    C  693  0.90597821
  1780  H    0.91605986    C  694  0.91223144
  1781  H    0.91110337    C  695  0.90054819
  1782  H    0.92231225    C  696  0.90435992
  1783  H    0.85750294    N  697  0.86003713
  1784  H    0.86919623    C  698  0.89318748
  1785  H    0.85992803    C  701  0.89183623
  1786  H    0.85703734    C  701  0.87090127
  1787  H    0.85114219    N  705  0.84388281
  1788  H    0.85104759    C  706  0.88724938
  1789  H    0.81528805    C  709  0.91438145
  1790  H    0.84859965    C  709  0.88582300
  1791  H    0.85391396    C  710  0.89965318
  1792  H    0.86011521    C  710  0.88361028
  1793  H    0.85297983    C  711  0.88792472
  1794  H    0.85342439    C  711  0.89970388
  1795  H    0.86804825    C  712  0.90634442
  1796  H    0.86567560    C  712  0.90132204
  1797  H    0.76776164    N  713  0.81318042
  1798  H    0.77541834    N  713  0.81830768
  1799  H    0.76907293    N  713  0.81925886
  1800  H    0.88120265    N  714  0.84826660
  1801  H    0.85394714    C  715  0.86788187
  1802  H    0.83350012    C  718  0.89555507
  1803  H    0.85703293    C  718  0.86120479
  1804  H    0.89205048    N  722  0.85496147
  1805  H    0.85929811    C  723  0.89270695
  1806  H    0.83470142    C  723  0.87062662
  1807  H    0.87724260    N  726  0.86807344
  1808  H    0.85302105    C  727  0.87590297
  1809  H    0.85411148    C  730  0.86487515
  1810  H    0.85501474    C  730  0.87027897
  1811  H    0.82267645    N  733  0.83343154
  1812  H    0.81255206    N  733  0.81562428
  1813  H    0.90774516    N  734  0.85562796
  1814  H    0.86109850    C  735  0.89566512
  1815  H    0.84711524    C  735  0.88065275
  1816  H    0.88204306    N  738  0.87829095
  1817  H    0.85184628    C  739  0.90252529
  1818  H    0.82471577    C  742  0.89431950
  1819  H    0.85747187    C  742  0.91407197
  1820  H    0.90133289    C  744  0.89955020
  1821  H    0.90738569    C  745  0.90436887
  1822  H    0.88203642    C  746  0.91457578
  1823  H    0.92259806    C  747  0.90424923
  1824  H    0.92270332    C  748  0.90469409
  1825  H    0.88715573    N  749  0.83100035
  1826  H    0.86993595    C  750  0.91533662
  1827  H    0.85507197    C  753  0.90169638
  1828  H    0.85560976    C  754  0.90725863
  1829  H    0.86516668    C  754  0.90211275
  1830  H    0.84799337    C  755  0.90741474
  1831  H    0.85490434    C  755  0.90911078
  1832  H    0.86149611    C  755  0.90671747
  1833  H    0.85638947    C  756  0.90770335
  1834  H    0.85959484    C  756  0.91437225
  1835  H    0.84619882    C  756  0.92493201
  1836  H    0.83125622    N  757  0.85325497
  1837  H    0.86552977    C  758  0.89134700
  1838  H    0.85671681    C  761  0.90313826
  1839  H    0.86507701    C  761  0.89290485
  1840  H    0.71992472    O  762  0.74278560
  1841  H    0.82618722    N  763  0.84277103
  1842  H    0.85442459    C  764  0.88967958
  1843  H    0.83760378    C  767  0.91032158
  1844  H    0.85614901    C  767  0.90324349
  1845  H    0.87897862    C  767  0.92358543
  1846  H    0.83414612    N  768  0.84842820
  1847  H    0.86435643    C  769  0.88579359
  1848  H    0.87364451    C  772  0.90098722
  1849  H    0.87601994    C  772  0.90392415
  1850  H    0.86879179    C  772  0.91002714
  1851  H    0.82739163    N  773  0.84541534
  1852  H    0.85431178    C  774  0.88522487
  1853  H    0.83962056    C  777  0.88348940
  1854  H    0.84389811    C  777  0.89816446
  1855  H    0.84943827    C  778  0.87251709
  1856  H    0.81517448    C  778  0.90079623
  1857  H    0.84467899    N  782  0.85337473
  1858  H    0.84149614    C  783  0.87665611
  1859  H    0.85328763    C  786  0.89985008
  1860  H    0.84586221    C  786  0.89196463
  1861  H    0.87190300    C  787  0.88906410
  1862  H    0.86936073    C  788  0.90587551
  1863  H    0.83858722    C  788  0.91272539
  1864  H    0.86442227    C  788  0.90802360
  1865  H    0.82535024    C  789  0.92597336
  1866  H    0.85784293    C  789  0.91050985
  1867  H    0.84642337    C  789  0.90459711
  1868  H    0.84943938    N  790  0.85495014
  1869  H    0.84859444    C  791  0.88401244
  1870  H    0.84230272    C  794  0.92034275
  1871  H    0.84063647    C  794  0.89509585
  1872  H    0.86444799    C  795  0.89055786
  1873  H    0.84735013    C  795  0.88547664
  1874  H    0.86374619    C  796  0.90235488
  1875  H    0.85382720    C  796  0.90629212
  1876  H    0.82947128    N  797  0.85793715
  1877  H    0.83365758    N  799  0.84103380
  1878  H    0.81739459    N  799  0.83365106
  1879  H    0.84139500    N  800  0.83758466
  1880  H    0.83229976    N  800  0.83178847
  1881  H    0.84228022    N  801  0.85859003
  1882  H    0.85880765    C  802  0.89196781
  1883  H    0.83835444    C  805  0.88603187
  1884  H    0.85709458    C  805  0.87979797
  1885  H    0.81160468    N  807  0.81364021
  1886  H    0.90957456    C  808  0.89624373
  1887  H    0.92183166    C  809  0.90392809
  1888  H    0.85723702    N  811  0.85756180
  1889  H    0.86202994    C  812  0.89184475
  1890  H    0.86294429    C  815  0.88971872
  1891  H    0.84357158    C  816  0.90450689
  1892  H    0.83597105    C  816  0.91675614
  1893  H    0.86982019    C  816  0.91147069
  1894  H    0.84259886    C  817  0.90388136
  1895  H    0.86817168    C  817  0.91220575
  1896  H    0.84713558    C  817  0.91173540
  1897  H    0.84189571    N  818  0.84837520
  1898  H    0.87329596    C  819  0.90493175
  1899  H    0.85323736    C  822  0.90455339
  1900  H    0.85313286    C  822  0.89801208
  1901  H    0.84372779    C  823  0.87517864
  1902  H    0.84369892    C  823  0.88758260
  1903  H    0.86331310    C  825  0.88626293
  1904  H    0.85566564    C  825  0.88355567
  1905  H    0.81439610    C  825  0.91095015
  1906  H    0.83456959    N  826  0.85008335
  1907  H    0.85554869    C  827  0.88487056
  1908  H    0.85597688    C  830  0.88250501
  1909  H    0.71878243    O  831  0.72457700
  1910  H    0.86234625    C  832  0.90679954
  1911  H    0.86400458    C  832  0.90624278
  1912  H    0.86041534    C  832  0.92197974
  1913  H    0.81794409    N  833  0.84738387
  1914  H    0.86094326    C  834  0.87757059
  1915  H    0.85666242    C  837  0.89250999
  1916  H    0.84564082    C  837  0.88595426
  1917  H    0.84841457    N  840  0.83549698
  1918  H    0.83595320    N  840  0.83741401
  1919  H    0.85130625    N  841  0.86590513
  1920  H    0.85107624    C  842  0.88495132
  1921  H    0.85638122    C  845  0.88845800
  1922  H    0.84468516    C  845  0.88727029
  1923  H    0.86881123    C  846  0.89582803
  1924  H    0.84249793    C  847  0.90177197
  1925  H    0.84801240    C  847  0.89764448
  1926  H    0.86911758    C  847  0.91244623
  1927  H    0.86470032    C  848  0.89775049
  1928  H    0.87287184    C  848  0.90891766
  1929  H    0.85156905    C  848  0.90830397
  1930  H    0.86108396    N  849  0.86009483
  1931  H    0.85556698    C  850  0.88858162
  1932  H    0.85617436    C  850  0.87655391
  1933  H    0.86975283    N  853  0.85295412
  1934  H    0.85520308    C  854  0.91599649
  1935  H    0.85818714    C  857  0.89367282
  1936  H    0.86619095    C  857  0.89022785
  1937  H    0.84520236    C  858  0.90506347
  1938  H    0.82582749    C  858  0.89442099
  1939  H    0.81756230    N  862  0.84016927
  1940  H    0.83836878    C  863  0.90688504
  1941  H    0.85945833    C  866  0.88446022
  1942  H    0.85302676    C  866  0.90116766
  1943  H    0.84790077    C  867  0.88883409
  1944  H    0.84216828    C  867  0.88117337
  1945  H    0.86300768    C  868  0.88351283
  1946  H    0.86367302    C  868  0.88945568
  1947  H    0.85408901    C  869  0.90046395
  1948  H    0.85788559    C  869  0.89594059
  1949  H    0.76597163    N  870  0.81389922
  1950  H    0.76652211    N  870  0.80844464
  1951  H    0.76958013    N  870  0.81436764
  1952  H    0.80838270    N  871  0.83453024
  1953  H    0.85731320    C  872  0.90037893
  1954  H    0.84006650    C  875  0.88857696
  1955  H    0.84090188    C  875  0.89694148
  1956  H    0.85938794    C  876  0.89800238
  1957  H    0.84016680    C  877  0.91032058
  1958  H    0.84205615    C  877  0.90184514
  1959  H    0.82356874    C  877  0.92617408
  1960  H    0.86874125    C  878  0.90422033
  1961  H    0.86302940    C  878  0.90868789
  1962  H    0.86575076    C  878  0.90152600
  1963  H    0.83915264    N  879  0.85111184
  1964  H    0.85873798    C  880  0.88115717
  1965  H    0.85976804    C  883  0.88696488
  1966  H    0.68256612    O  884  0.74622034
  1967  H    0.87686201    C  885  0.90177752
  1968  H    0.87068301    C  885  0.89881767
  1969  H    0.86130057    C  885  0.90851579
  1970  H    0.81976393    N  886  0.84404996
  1971  H    0.84824010    C  887  0.88905586
  1972  H    0.86244212    C  890  0.86593939
  1973  H    0.87052607    C  890  0.90483839
  1974  H    0.82980968    N  894  0.85022450
  1975  H    0.85622991    C  895  0.88747386
  1976  H    0.85876506    C  898  0.89500819
  1977  H    0.86361753    C  898  0.89581973
  1978  H    0.85457707    C  899  0.89577254
  1979  H    0.87274414    C  899  0.87368417
  1980  H    0.82763172    N  903  0.85527057
  1981  H    0.85821407    C  904  0.88907121
  1982  H    0.85701655    C  907  0.88365594
  1983  H    0.84907783    C  907  0.90106041
  1984  H    0.84040240    C  908  0.90141523
  1985  H    0.86934945    C  908  0.90219627
  1986  H    0.82914959    N  912  0.85629955
  1987  H    0.82698807    C  913  0.90043103
  1988  H    0.85539558    C  916  0.87810145
  1989  H    0.83745876    C  917  0.90991858
  1990  H    0.83393106    C  917  0.90925331
  1991  H    0.84553742    C  917  0.92098816
  1992  H    0.85634125    C  918  0.90499307
  1993  H    0.84745158    C  918  0.92847601
  1994  H    0.84073605    C  918  0.92303421
  1995  H    0.84609100    N  919  0.86206951
  1996  H    0.86074652    C  920  0.89017051
  1997  H    0.85651258    C  923  0.88635892
  1998  H    0.86019064    C  923  0.90038320
  1999  H    0.83168530    N  927  0.85739860
  2000  H    0.86054934    C  928  0.89171133
  2001  H    0.86862034    C  931  0.88995056
  2002  H    0.85905804    C  931  0.89870747
  2003  H    0.85213679    C  932  0.89535090
  2004  H    0.84863472    C  932  0.91113464
  2005  H    0.83320765    N  936  0.85631725
  2006  H    0.86143624    C  937  0.89179061
  2007  H    0.86622985    C  940  0.88809604
  2008  H    0.84993936    C  940  0.90751322
  2009  H    0.85475113    C  941  0.89585328
  2010  H    0.86427378    C  941  0.87646950
  2011  H    0.83408684    C  943  0.89615395
  2012  H    0.82999118    C  943  0.90504288
  2013  H    0.80415781    C  943  0.91675535
  2014  H    0.84620491    N  944  0.85952536
  2015  H    0.84799296    C  945  0.89997210
  2016  H    0.86880497    C  948  0.89371266
  2017  H    0.84890470    C  949  0.90535648
  2018  H    0.85307856    C  949  0.90540006
  2019  H    0.85812521    C  950  0.90396000
  2020  H    0.85929565    C  950  0.90812723
  2021  H    0.84675200    C  950  0.90968004
  2022  H    0.85480268    C  951  0.90294643
  2023  H    0.85217585    C  951  0.91511975
  2024  H    0.84893594    C  951  0.91816824
  2025  H    0.84827430    N  952  0.85804775
  2026  H    0.85027609    C  953  0.89189597
  2027  H    0.85742788    C  956  0.89412504
  2028  H    0.85092590    C  956  0.89763155
  2029  H    0.85037697    C  957  0.89760567
  2030  H    0.86150325    C  957  0.88425230
  2031  H    0.85531533    C  958  0.90775197
  2032  H    0.85750065    C  958  0.89950178
  2033  H    0.82613039    N  959  0.83931730
  2034  H    0.82696402    N  961  0.83287487
  2035  H    0.81738937    N  961  0.84188421
  2036  H    0.82073212    N  962  0.84196691
  2037  H    0.83717975    N  962  0.84065091
  2038  H    0.82765910    N  963  0.85099445
  2039  H    0.86405539    C  964  0.88237103
  2040  H    0.85081234    C  967  0.89662775
  2041  H    0.86594125    C  967  0.89145572
  2042  H    0.87451366    C  968  0.90236076
  2043  H    0.82846526    C  968  0.90436360
  2044  H    0.83398711    N  972  0.85385967
  2045  H    0.85253244    C  973  0.89778410
  2046  H    0.85819443    C  976  0.89166573
  2047  H    0.83671993    C  976  0.91601805
  2048  H    0.85233748    C  976  0.91452864
  2049  H    0.83974222    N  977  0.86414298
  2050  H    0.87809658    C  978  0.89797229
  2051  H    0.85450729    C  981  0.89138918
  2052  H    0.84541574    C  981  0.86266974
  2053  H    0.82409974    N  985  0.84537968
  2054  H    0.85428054    C  986  0.88403308
  2055  H    0.84648265    C  989  0.88824618
  2056  H    0.83486086    C  990  0.89319380
  2057  H    0.86577254    C  990  0.89635458
  2058  H    0.84831686    C  991  0.90297774
  2059  H    0.85269752    C  991  0.89975526
  2060  H    0.86827685    C  991  0.90436110
  2061  H    0.84872385    C  992  0.89993230
  2062  H    0.85332904    C  992  0.89678556
  2063  H    0.85614540    C  992  0.91891951
  2064  H    0.84752507    N  993  0.84815375
  2065  H    0.84785234    C  994  0.86835962
  2066  H    0.83684752    C  997  0.87603332
  2067  H    0.85511580    C  997  0.86131096
  2068  H    0.85158518    N 1001  0.85294625
  2069  H    0.85750913    C 1002  0.89184883
  2070  H    0.83355845    C 1002  0.87153216
  2071  H    0.90146170    N 1005  0.87693379
  2072  H    0.85309232    C 1006  0.87902108
  2073  H    0.85864291    C 1009  0.86747212
  2074  H    0.85696727    C 1009  0.86921591
  2075  H    0.88180839    N 1013  0.85874226
  2076  H    0.85720162    C 1014  0.89237428
  2077  H    0.85581088    C 1014  0.87817166
  2078  H    0.88368693    N 1017  0.87679836
  2079  H    0.84921939    C 1018  0.88577210
  2080  H    0.83196665    C 1021  0.90975247
  2081  H    0.85824078    C 1021  0.90797156
  2082  H    0.86619200    C 1022  0.89412497
  2083  H    0.86089789    C 1022  0.87515885
  2084  H    0.85609469    N 1025  0.87857421
  2085  H    0.80186182    N 1025  0.84657428
  2086  H    0.85479346    N 1026  0.83787159
  2087  H    0.87231552    C 1027  0.92259191
  2088  H    0.85229788    C 1030  0.90090618
  2089  H    0.85649787    C 1031  0.90211039
  2090  H    0.84928306    C 1031  0.90737302
  2091  H    0.85297814    C 1031  0.91563214
  2092  H    0.86215106    C 1032  0.90319571
  2093  H    0.86076891    C 1032  0.91205425
  2094  H    0.84619886    C 1032  0.91371897
  2095  H    0.85560471    N 1033  0.86189641
  2096  H    0.85207746    C 1034  0.88619632
  2097  H    0.84709491    C 1037  0.89241759
  2098  H    0.85617329    C 1037  0.87389723
  2099  H    0.77943018    N 1040  0.86901057
  2100  H    0.86166163    N 1040  0.87760029
  2101  H    0.82111058    N 1041  0.84016706
  2102  H    0.84856803    C 1042  0.89619602
  2103  H    0.86332572    C 1045  0.90687653
  2104  H    0.86112563    C 1045  0.83888077
  2105  H    0.89190570    C 1047  0.89843445
  2106  H    0.90322037    C 1048  0.90201602
  2107  H    0.88494130    C 1049  0.89901856
  2108  H    0.90215365    C 1050  0.89631399
  2109  H    0.69649072    O 1052  0.68310414
  2110  H    0.88231223    N 1053  0.86130085
  2111  H    0.85700106    C 1054  0.88236633
  2112  H    0.86492671    C 1057  0.88308061
  2113  H    0.85803349    C 1057  0.90165829
  2114  H    0.87117672    C 1058  0.90072390
  2115  H    0.87713260    C 1058  0.87703882
  2116  H    0.82799476    N 1062  0.88299741
  2117  H    0.84850920    C 1063  0.88273717
  2118  H    0.84222764    C 1066  0.88813840
  2119  H    0.84175142    C 1066  0.90584881
  2120  H    0.82025373    C 1067  0.89189282
  2121  H    0.83421900    C 1067  0.88738484
  2122  H    0.83756423    N 1071  0.85439156
  2123  H    0.85175184    C 1072  0.88398411
  2124  H    0.85292435    C 1075  0.90965491
  2125  H    0.84457100    C 1075  0.88896060
  2126  H    0.90712225    C 1077  0.90459193
  2127  H    0.90209108    C 1078  0.90672024
  2128  H    0.90618974    C 1079  0.90871247
  2129  H    0.92036298    C 1080  0.90376224
  2130  H    0.91696421    C 1081  0.90717871
  2131  H    0.83915177    N 1082  0.85801383
  2132  H    0.85325251    C 1083  0.88316206
  2133  H    0.86789527    C 1086  0.89203268
  2134  H    0.87004403    C 1087  0.90115324
  2135  H    0.86252901    C 1087  0.90661371
  2136  H    0.86543173    C 1087  0.90329950
  2137  H    0.86093741    C 1088  0.90371242
  2138  H    0.84493361    C 1088  0.91204207
  2139  H    0.84593215    C 1088  0.90623517
  2140  H    0.82949770    N 1089  0.84962514
  2141  H    0.86248760    C 1090  0.88336228
  2142  H    0.85899402    C 1093  0.89179798
  2143  H    0.69217768    O 1094  0.70877664
  2144  H    0.85832782    C 1095  0.90317514
  2145  H    0.85378962    C 1095  0.89417225
  2146  H    0.87603104    C 1095  0.91034936
  2147  H    0.82887467    N 1096  0.84892551
  2148  H    0.86472800    C 1097  0.89115120
  2149  H    0.85044321    C 1100  0.88897453
  2150  H    0.84511414    C 1100  0.89796122
  2151  H    0.85502622    C 1101  0.88023844
  2152  H    0.85138412    C 1101  0.87146193
  2153  H    0.83768825    C 1103  0.90335112
  2154  H    0.84367375    C 1103  0.89574928
  2155  H    0.83024016    C 1103  0.90885208
  2156  H    0.79070394    N 1104  0.81743512    O 1099  0.05580823
  2157  H    0.85644433    C 1105  0.89549603
  2158  H    0.90049810    C 1106  0.88764518
  2159  H    0.86154060    C 1108  0.88600042
  2160  H    0.85897326    C 1108  0.89353499
  2161  H    0.84549288    C 1109  0.88264098
  2162  H    0.85900582    C 1109  0.87958572
  2163  H    0.86596579    C 1111  0.88589352
  2164  H    0.86771268    C 1111  0.89128993
  2165  H    0.86599144    C 1111  0.89189416
  2166  H    0.68393993    O 1116  0.68319778
  2167  H    0.71940068    O 1116  0.73479307
  2168  H    0.73915554    O 1117  0.74798428
  2169  H    0.73138739    O 1117  0.73112053
  2170  H    0.82701435    O 1118  0.77426040
  2171  H    0.74557392    O 1118  0.75333130
  2172  H    0.73912231    O 1119  0.72581364
  2173  H    0.74861416    O 1119  0.73778312
  2174  H    0.70699134    O 1120  0.72439350
  2175  H    0.75040643    O 1120  0.73231231
  2176  H    0.72146313    O 1121  0.71633471
  2177  H    0.64508247    O 1121  0.67569721
  2178  H    0.66825834    O 1122  0.66332986
  2179  H    0.87463457    O 1122  0.75083034
dipole moment  X         Y          Z
       70.429450      222.628728     -152.413968  total     (au/Debye)      :   278.8438   708.7652
second moment  X^2       Y^2        Z^2
    -4752.179134    12309.195986     6727.853499  average   (au)            :  4761.6235
cpu  time for all   12 h  0 m 59.5 s
wall time for all    0 h 12 m 38.0 s
