 
       ==============================================
       |                 P T B                      |
       |                S.Grimme                    |
       |          Universitaet Bonn, MCTC           |
       ==============================================
       Version 3.7, Do 28. Apr 14:28:45 CEST 2022
 
       Cite work conducted with this code as
       S. Grimme, M. Mueller, A. Hansen, unpublished.
 
 filter  1.000000000000000E-006
 ../../../../.atompara                                                                                                                                                                                                                                           
          =========================
          reading ... ../../../../systems/1yme.xyz
          =========================
 basis read done.
 ncao                  46014
 nsao                  43570
 npr                  121029
 basis setup done. Ndim                 43570
 coreat                   2443
 cncao                    2467
 cnsao                    2467
 cnpr                    14802
 
 nalpha                   6754
 nbeta                    6754
 ntotal                  13508
 nopen                       0
cpu  time for startup and initial S   22.04 s
wall time for startup and initial S   22.00 s
               -----------------------
               |      PTB  model      |
               | SG, MM, AH 2020-2022 |
               -----------------------
 prop :                     1
 PA setup with Mull-Loew partitioning   0.333333 ...
 done.
EEQ done. sum q :    0.000
    atom   Zeff  qEEQ  mod   srCN   noHCN   CN(EEQ)
    1    7  5.0     0.091   3.643   0.244   3.990
    2    6  4.0    -0.048   4.017   0.251   3.981
    3    6  4.0    -0.048   3.298   0.532   2.998
    4    8  6.0    -0.111   1.361   0.285   1.003
    5    6  4.0    -0.082   3.597   0.070   3.980
    6    7  5.0    -0.013   3.472   0.351   2.996
    7    6  4.0    -0.022   4.188   0.219   3.984
    8    6  4.0    -0.049   3.426   0.584   3.008
    9    8  6.0    -0.110   1.385   0.297   1.006
   10    6  4.0    -0.058   3.917   0.105   3.975
   11    6  4.0    -0.059   3.848   0.120   3.984
   12    6  4.0    -0.059   3.857   0.197   3.985
   13    7  5.0    -0.016   3.283   0.375   3.010
   14    6  4.0    -0.077   3.228   0.617   3.003
   15    7  5.0    -0.063   2.997   0.281   3.010
   16    7  5.0    -0.067   2.874   0.280   3.007
   17    7  5.0     0.019   3.766   0.412   3.036
   18    6  4.0    -0.021   4.281   0.261   4.000
   19    6  4.0    -0.046   3.752   0.531   3.039
   20    8  6.0    -0.120   1.606   0.259   1.001
   21    6  4.0    -0.050   3.914   0.218   4.007
   22    8  6.0    -0.050   2.016   0.200   1.990
   23    7  5.0    -0.008   3.860   0.380   3.010
   24    6  4.0    -0.018   4.507   0.266   4.015
   25    6  4.0    -0.044   3.746   0.559   3.033
   26    8  6.0    -0.121   1.593   0.277   1.003
   27    6  4.0    -0.033   3.956   0.244   3.977
   28    8  6.0    -0.054   2.309   0.180   1.987
   29    6  4.0    -0.082   3.574   0.056   3.975
   30    7  5.0     0.011   3.919   0.384   3.007
   31    6  4.0    -0.015   4.525   0.249   4.023
   32    6  4.0    -0.043   3.609   0.592   3.031
   33    8  6.0    -0.106   1.461   0.306   1.005
   34    6  4.0    -0.039   4.127   0.123   3.995
   35    6  4.0    -0.040   3.183   0.584   3.007
   36    8  6.0    -0.103   1.305   0.295   1.005
   37    7  5.0    -0.058   3.145   0.293   3.003
   38    7  5.0     0.007   3.833   0.399   3.007
   39    6  4.0    -0.018   4.416   0.250   4.006
   40    6  4.0    -0.043   3.565   0.578   3.014
   41    8  6.0    -0.105   1.451   0.284   1.005
   42    6  4.0    -0.033   3.889   0.228   3.970
   43    8  6.0    -0.049   1.986   0.171   1.984
   44    6  4.0    -0.083   3.480   0.055   3.974
   45    7  5.0     0.027   3.667   0.410   3.014
   46    6  4.0    -0.018   4.302   0.241   3.998
   47    6  4.0    -0.037   3.692   0.574   3.032
   48    8  6.0    -0.100   1.549   0.296   1.006
   49    6  4.0    -0.043   4.074   0.110   3.986
   50    6  4.0    -0.039   3.617   0.273   3.017
   51    6  4.0    -0.070   3.365   0.220   3.024
   52    6  4.0    -0.064   3.454   0.228   3.024
   53    6  4.0    -0.070   3.195   0.227   3.014
   54    6  4.0    -0.068   3.276   0.229   3.017
   55    6  4.0    -0.066   3.300   0.229   3.026
   56    7  5.0     0.019   3.552   0.408   3.016
   57    6  4.0    -0.015   4.425   0.260   4.018
   58    6  4.0    -0.039   3.762   0.612   3.028
   59    8  6.0    -0.117   1.841   0.300   1.009
   60    6  4.0    -0.039   4.085   0.100   3.990
   61    6  4.0    -0.039   3.012   0.507   2.990
   62    8  6.0    -0.109   1.441   0.263   1.001
   63    7  5.0    -0.063   2.799   0.275   2.998
   64    7  5.0     0.018   3.752   0.422   3.016
   65    6  4.0    -0.018   4.331   0.239   4.002
   66    6  4.0    -0.047   3.592   0.589   3.019
   67    8  6.0    -0.118   1.473   0.298   1.005
   68    6  4.0    -0.045   4.056   0.089   3.977
   69    6  4.0    -0.042   3.557   0.265   3.009
   70    6  4.0    -0.069   3.368   0.228   3.026
   71    6  4.0    -0.064   3.465   0.233   3.033
   72    6  4.0    -0.070   3.360   0.231   3.017
   73    6  4.0    -0.069   3.395   0.232   3.016
   74    6  4.0    -0.037   3.439   0.414   3.034
   75    8  6.0    -0.041   2.036   0.233   1.995
   76    7  5.0     0.001   3.764   0.400   3.007
   77    6  4.0    -0.019   4.188   0.257   4.003
   78    6  4.0    -0.047   3.555   0.619   3.041
   79    8  6.0    -0.113   1.523   0.302   1.009
   80    6  4.0    -0.078   3.641   0.067   3.982
   81    7  5.0     0.028   3.802   0.446   3.026
   82    6  4.0    -0.017   4.522   0.256   4.032
   83    6  4.0    -0.049   3.608   0.547   3.011
   84    8  6.0    -0.109   1.482   0.280   1.003
   85    6  4.0    -0.030   4.032   0.282   3.982
   86    8  6.0    -0.047   2.205   0.224   2.006
   87    6  4.0    -0.078   3.767   0.064   3.981
   88    7  5.0     0.022   3.612   0.365   3.005
   89    6  4.0    -0.018   4.391   0.251   4.003
   90    6  4.0    -0.046   3.599   0.586   3.040
   91    8  6.0    -0.106   1.464   0.267   1.004
   92    6  4.0    -0.045   4.085   0.116   3.988
   93    6  4.0    -0.045   3.628   0.271   3.014
   94    6  4.0    -0.071   3.407   0.222   3.024
   95    6  4.0    -0.070   3.411   0.219   3.033
   96    6  4.0    -0.071   3.364   0.225   3.021
   97    6  4.0    -0.073   3.365   0.222   3.015
   98    6  4.0    -0.039   3.381   0.393   3.021
   99    8  6.0    -0.038   1.968   0.214   1.992
  100    7  5.0     0.023   3.676   0.440   3.024
  101    6  4.0    -0.017   4.439   0.274   4.023
  102    6  4.0    -0.046   3.525   0.591   3.027
  103    8  6.0    -0.111   1.548   0.310   1.007
  104    6  4.0    -0.042   4.175   0.130   4.005
  105    6  4.0    -0.062   3.768   0.364   3.159
  106    7  5.0     0.045   3.407   0.416   3.113
  107    6  4.0    -0.082   3.490   0.302   3.202
  108    6  4.0    -0.104   3.316   0.425   3.239
  109    7  5.0     0.045   3.272   0.418   3.090
  110    7  5.0     0.017   3.710   0.403   3.009
  111    6  4.0    -0.019   4.460   0.250   4.006
  112    6  4.0    -0.041   3.651   0.541   3.034
  113    8  6.0    -0.113   1.541   0.261   1.001
  114    6  4.0    -0.032   4.053   0.242   3.985
  115    8  6.0    -0.046   2.088   0.170   1.985
  116    6  4.0    -0.081   3.700   0.073   3.987
  117    7  5.0    -0.010   3.520   0.406   3.005
  118    6  4.0    -0.019   4.256   0.238   4.004
  119    6  4.0    -0.043   3.756   0.541   3.010
  120    8  6.0    -0.120   1.770   0.282   1.004
  121    6  4.0    -0.059   4.079   0.096   3.976
  122    6  4.0    -0.036   3.818   0.159   3.971
  123    6  4.0    -0.083   3.600   0.064   3.982
  124    6  4.0    -0.080   3.954   0.065   3.981
  125    7  5.0     0.014   3.652   0.373   3.003
  126    6  4.0    -0.015   4.411   0.249   4.001
  127    6  4.0    -0.039   3.740   0.589   3.041
  128    8  6.0    -0.103   1.603   0.300   1.005
  129    6  4.0    -0.038   4.052   0.113   3.995
  130    6  4.0    -0.004   2.799   0.564   2.993
  131    8  6.0    -0.100   1.291   0.229   1.001
  132    8  6.0    -0.095   1.178   0.288   1.000
  133    7  5.0     0.008   3.755   0.406   3.007
  134    6  4.0    -0.020   4.341   0.246   4.014
  135    6  4.0    -0.043   3.597   0.561   3.008
  136    8  6.0    -0.117   1.483   0.291   1.004
  137    6  4.0    -0.056   4.064   0.112   3.984
  138    6  4.0    -0.042   3.866   0.115   3.984
  139    6  4.0    -0.008   2.804   0.562   2.997
  140    8  6.0    -0.118   1.468   0.280   1.000
  141    8  6.0    -0.100   1.202   0.227   1.001
  142    7  5.0     0.009   3.747   0.384   3.006
  143    6  4.0    -0.020   4.518   0.244   4.007
  144    6  4.0    -0.044   3.799   0.574   3.026
  145    8  6.0    -0.121   1.571   0.285   1.004
  146    6  4.0    -0.036   4.180   0.168   3.981
  147    6  4.0    -0.059   3.850   0.114   3.983
  148    6  4.0    -0.079   3.787   0.057   3.983
  149    6  4.0    -0.082   3.402   0.059   3.975
  150    7  5.0     0.009   3.757   0.396   3.005
  151    6  4.0    -0.017   4.433   0.242   4.007
  152    6  4.0    -0.044   3.647   0.639   3.012
  153    8  6.0    -0.102   1.569   0.339   1.021
  154    6  4.0    -0.043   4.067   0.119   3.986
  155    6  4.0    -0.043   3.665   0.287   3.020
  156    6  4.0    -0.070   3.570   0.234   3.032
  157    6  4.0    -0.072   3.520   0.236   3.035
  158    6  4.0    -0.072   3.356   0.236   3.021
  159    6  4.0    -0.075   3.542   0.238   3.020
  160    6  4.0    -0.040   3.457   0.390   3.031
  161    8  6.0    -0.034   1.954   0.202   1.991
  162    7  5.0     0.036   3.856   0.419   3.030
  163    6  4.0    -0.018   4.386   0.244   4.000
  164    6  4.0    -0.042   3.670   0.602   3.020
  165    8  6.0    -0.112   1.567   0.314   1.007
  166    6  4.0    -0.039   4.029   0.101   3.986
  167    6  4.0     0.001   2.794   0.587   2.992
  168    8  6.0    -0.089   1.282   0.303   1.001
  169    8  6.0    -0.092   1.206   0.240   1.001
  170    7  5.0     0.009   3.717   0.371   3.004
  171    6  4.0    -0.019   4.221   0.205   3.979
  172    6  4.0    -0.036   3.735   0.537   3.011
  173    8  6.0    -0.112   1.577   0.279   1.002
  174    6  4.0    -0.043   4.021   0.112   3.981
  175    6  4.0    -0.035   3.725   0.283   3.020
  176    6  4.0    -0.067   3.487   0.230   3.029
  177    6  4.0    -0.066   3.409   0.227   3.027
  178    6  4.0    -0.073   3.202   0.230   3.014
  179    6  4.0    -0.071   3.210   0.224   3.013
  180    6  4.0    -0.068   3.236   0.225   3.030
  181    7  5.0     0.009   3.772   0.385   3.005
  182    6  4.0    -0.020   4.439   0.265   4.022
  183    6  4.0    -0.044   3.771   0.589   3.042
  184    8  6.0    -0.118   1.524   0.270   1.004
  185    6  4.0    -0.049   4.245   0.138   4.109
  186    6  4.0    -0.066   3.691   0.219   3.986
  187   16  6.0    -0.008   2.972   0.302   2.102
  188    6  4.0    -0.087   3.140   0.163   3.975
  189    7  5.0     0.021   3.805   0.411   3.010
  190    6  4.0    -0.014   4.477   0.254   4.027
  191    6  4.0    -0.042   3.737   0.570   3.047
  192    8  6.0    -0.115   1.541   0.271   1.003
  193    6  4.0    -0.038   4.060   0.129   3.995
  194    6  4.0    -0.004   2.876   0.599   2.998
  195    8  6.0    -0.118   1.598   0.240   1.002
  196    8  6.0    -0.097   1.237   0.303   1.002
  197    7  5.0     0.012   3.778   0.408   3.012
  198    6  4.0    -0.019   4.347   0.242   4.017
  199    6  4.0    -0.041   3.707   0.557   3.024
  200    8  6.0    -0.112   1.562   0.278   1.004
  201    6  4.0    -0.058   4.126   0.102   3.984
  202    6  4.0    -0.037   3.805   0.158   3.973
  203    6  4.0    -0.082   3.535   0.060   3.977
  204    6  4.0    -0.081   3.555   0.062   3.976
  205    7  5.0     0.007   3.709   0.383   3.004
  206    6  4.0    -0.020   4.320   0.226   3.997
  207    6  4.0    -0.041   3.654   0.581   3.010
  208    8  6.0    -0.113   1.487   0.306   1.004
  209    6  4.0    -0.058   4.113   0.109   3.982
  210    6  4.0    -0.038   3.803   0.155   3.971
  211    6  4.0    -0.082   3.627   0.062   3.981
  212    6  4.0    -0.084   3.541   0.054   3.977
  213    7  5.0     0.009   3.841   0.397   3.016
  214    6  4.0    -0.019   4.553   0.259   4.015
  215    6  4.0    -0.043   3.757   0.600   3.025
  216    8  6.0    -0.105   1.508   0.296   1.006
  217    6  4.0    -0.036   4.103   0.179   3.986
  218    6  4.0    -0.079   3.739   0.074   3.991
  219    6  4.0    -0.082   3.691   0.062   3.988
  220    7  5.0     0.015   3.731   0.418   3.013
  221    6  4.0    -0.019   4.129   0.248   4.001
  222    6  4.0    -0.043   3.459   0.533   3.002
  223    8  6.0    -0.107   1.348   0.269   1.003
  224    6  4.0    -0.080   3.623   0.066   3.982
  225    7  5.0     0.013   3.661   0.394   3.003
  226    6  4.0    -0.021   4.247   0.249   3.988
  227    6  4.0    -0.045   3.562   0.562   3.010
  228    8  6.0    -0.101   1.437   0.299   1.005
  229    6  4.0    -0.053   4.057   0.101   3.979
  230    6  4.0    -0.040   3.856   0.115   3.978
  231    6  4.0    -0.006   2.853   0.607   2.997
  232    8  6.0    -0.118   1.552   0.319   1.001
  233    8  6.0    -0.119   1.401   0.227   1.001
  234    7  5.0     0.022   3.870   0.384   3.017
  235    6  4.0    -0.019   4.521   0.260   4.009
  236    6  4.0    -0.053   3.767   0.580   3.034
  237    8  6.0    -0.119   1.751   0.283   1.007
  238    6  4.0    -0.038   4.229   0.146   4.003
  239    6  4.0    -0.019   3.851   0.398   3.241
  240    7  5.0    -0.100   2.629   0.408   2.111
  241    6  4.0    -0.085   3.508   0.301   3.197
  242    6  4.0    -0.062   3.258   0.439   3.298
  243    7  5.0     0.049   3.135   0.421   3.111
  244    7  5.0     0.058   4.072   0.491   3.033
  245    6  4.0    -0.020   4.518   0.251   4.013
  246    6  4.0    -0.039   3.704   0.603   3.047
  247    8  6.0    -0.094   1.505   0.307   1.010
  248    6  4.0    -0.054   4.024   0.114   3.999
  249    6  4.0    -0.056   3.867   0.122   3.993
  250    6  4.0    -0.062   4.226   0.177   3.995
  251    7  5.0     0.017   3.879   0.429   3.017
  252    6  4.0    -0.013   4.501   0.263   4.036
  253    6  4.0    -0.043   3.514   0.551   3.013
  254    8  6.0    -0.099   1.370   0.283   1.003
  255    6  4.0    -0.053   4.014   0.100   3.983
  256    6  4.0    -0.042   3.791   0.110   3.978
  257    6  4.0    -0.041   3.094   0.551   2.996
  258    8  6.0    -0.101   1.334   0.279   1.003
  259    7  5.0    -0.056   2.851   0.290   3.001
  260    7  5.0     0.010   3.697   0.366   3.010
  261    6  4.0    -0.021   4.395   0.246   3.994
  262    6  4.0    -0.044   3.580   0.564   3.036
  263    8  6.0    -0.117   1.556   0.292   1.003
  264    6  4.0    -0.053   4.328   0.126   4.015
  265    6  4.0    -0.037   3.938   0.182   3.981
  266    6  4.0    -0.080   3.794   0.067   3.997
  267    6  4.0    -0.081   3.649   0.067   3.998
  268    7  5.0     0.017   3.734   0.387   3.005
  269    6  4.0    -0.015   4.635   0.274   4.039
  270    6  4.0    -0.047   3.675   0.594   3.030
  271    8  6.0    -0.106   1.425   0.279   1.003
  272    6  4.0    -0.033   4.156   0.181   3.984
  273    6  4.0    -0.080   3.735   0.074   3.983
  274    6  4.0    -0.080   3.748   0.064   3.979
  275    7  5.0     0.009   3.773   0.431   3.022
  276    6  4.0    -0.020   4.480   0.289   4.029
  277    6  4.0    -0.050   3.609   0.616   3.037
  278    8  6.0    -0.125   1.705   0.303   1.007
  279    6  4.0    -0.054   3.844   0.236   3.984
  280    8  6.0    -0.048   1.940   0.214   1.995
  281    7  5.0     0.001   3.582   0.421   3.021
  282    6  4.0    -0.018   4.350   0.250   4.020
  283    6  4.0    -0.048   3.591   0.601   3.020
  284    8  6.0    -0.112   1.480   0.296   1.007
  285    6  4.0    -0.057   4.003   0.102   3.978
  286    6  4.0    -0.057   3.865   0.113   3.981
  287    6  4.0    -0.060   3.816   0.124   3.982
  288    6  4.0    -0.082   3.819   0.186   3.983
  289    7  5.0     0.097   3.541   0.227   3.989
  290    7  5.0     0.016   3.665   0.410   3.016
  291    6  4.0    -0.022   4.313   0.234   3.994
  292    6  4.0    -0.048   3.442   0.561   3.015
  293    8  6.0    -0.122   1.602   0.281   1.004
  294    6  4.0    -0.054   4.232   0.106   4.000
  295    6  4.0    -0.038   3.845   0.162   3.973
  296    6  4.0    -0.083   3.582   0.058   3.984
  297    6  4.0    -0.081   3.681   0.067   3.985
  298    7  5.0     0.004   3.458   0.392   3.006
  299    6  4.0    -0.021   4.347   0.246   4.001
  300    6  4.0    -0.044   3.707   0.609   3.048
  301    8  6.0    -0.108   1.597   0.313   1.015
  302    6  4.0    -0.054   4.113   0.127   3.987
  303    6  4.0    -0.040   3.993   0.116   3.987
  304    6  4.0    -0.041   3.007   0.574   2.994
  305    8  6.0    -0.106   1.303   0.301   1.006
  306    7  5.0    -0.056   2.933   0.298   3.002
  307    7  5.0     0.001   3.896   0.435   3.022
  308    6  4.0    -0.016   4.598   0.267   4.038
  309    6  4.0    -0.048   3.482   0.530   3.014
  310    8  6.0    -0.107   1.396   0.283   1.003
  311    6  4.0    -0.034   4.233   0.162   3.987
  312    6  4.0    -0.058   3.980   0.109   3.981
  313    6  4.0    -0.081   3.765   0.062   3.986
  314    6  4.0    -0.084   3.417   0.058   3.976
  315    7  5.0     0.013   3.447   0.366   3.008
  316    6  4.0    -0.043   3.951   0.203   4.002
  317    6  4.0    -0.051   3.314   0.553   3.017
  318    8  6.0    -0.117   1.568   0.279   1.002
  319    7  5.0     0.004   3.552   0.390   3.019
  320    6  4.0    -0.020   4.393   0.269   4.008
  321    6  4.0    -0.045   3.606   0.560   3.036
  322    8  6.0    -0.112   1.496   0.273   1.002
  323    6  4.0    -0.052   4.112   0.126   3.997
  324    6  4.0    -0.058   3.865   0.105   3.982
  325    6  4.0    -0.059   3.821   0.189   3.982
  326    7  5.0    -0.006   3.342   0.391   3.018
  327    6  4.0    -0.078   3.267   0.621   3.005
  328    7  5.0    -0.062   2.981   0.285   3.006
  329    7  5.0    -0.062   2.891   0.274   3.009
  330    7  5.0     0.012   3.576   0.373   3.003
  331    6  4.0    -0.018   4.209   0.222   3.990
  332    6  4.0    -0.040   3.648   0.522   3.012
  333    8  6.0    -0.104   1.652   0.265   1.001
  334    6  4.0    -0.053   3.864   0.200   3.984
  335    8  6.0    -0.049   2.113   0.180   1.987
  336    7  5.0     0.001   3.631   0.392   3.009
  337    6  4.0    -0.016   4.302   0.246   3.995
  338    6  4.0    -0.039   3.696   0.531   3.009
  339    8  6.0    -0.097   1.359   0.262   1.002
  340    6  4.0    -0.044   4.049   0.109   3.982
  341    6  4.0    -0.037   3.677   0.282   3.017
  342    6  4.0    -0.068   3.420   0.226   3.025
  343    6  4.0    -0.063   3.449   0.222   3.026
  344    6  4.0    -0.069   3.346   0.224   3.020
  345    6  4.0    -0.067   3.339   0.226   3.018
  346    6  4.0    -0.039   3.375   0.394   3.019
  347    8  6.0    -0.037   1.947   0.216   1.992
  348    7  5.0     0.007   3.835   0.370   3.001
  349    6  4.0    -0.019   4.325   0.243   3.999
  350    6  4.0    -0.045   3.436   0.562   3.008
  351    8  6.0    -0.103   1.410   0.281   1.003
  352    6  4.0    -0.052   4.090   0.116   3.983
  353    6  4.0    -0.040   3.833   0.111   3.978
  354    6  4.0    -0.006   2.717   0.546   2.992
  355    8  6.0    -0.110   1.381   0.220   1.000
  356    8  6.0    -0.101   1.181   0.276   1.000
  357    7  5.0     0.011   3.460   0.369   2.999
  358    6  4.0    -0.040   3.872   0.188   3.987
  359    6  4.0    -0.043   3.292   0.553   3.016
  360    8  6.0    -0.108   1.409   0.281   1.004
  361    7  5.0     0.022   3.591   0.380   3.002
  362    6  4.0    -0.021   4.341   0.235   4.001
  363    6  4.0    -0.047   3.721   0.557   3.030
  364    8  6.0    -0.119   1.788   0.267   1.003
  365    6  4.0    -0.058   3.970   0.110   3.983
  366    6  4.0    -0.059   3.850   0.108   3.976
  367    6  4.0    -0.060   3.806   0.171   3.980
  368    7  5.0    -0.015   3.268   0.381   3.018
  369    6  4.0    -0.079   3.299   0.640   3.005
  370    7  5.0    -0.056   3.133   0.278   3.006
  371    7  5.0    -0.061   2.920   0.287   3.017
  372    7  5.0     0.061   3.851   0.482   3.013
  373    6  4.0    -0.018   4.547   0.240   4.027
  374    6  4.0    -0.044   3.619   0.573   3.013
  375    8  6.0    -0.111   1.523   0.282   1.003
  376    6  4.0    -0.054   4.081   0.111   3.995
  377    6  4.0    -0.056   3.886   0.122   3.991
  378    6  4.0    -0.063   4.027   0.178   3.994
  379    7  5.0     0.015   3.553   0.372   3.006
  380    6  4.0    -0.020   4.423   0.218   3.995
  381    6  4.0    -0.048   3.487   0.511   3.007
  382    8  6.0    -0.120   1.488   0.261   1.001
  383    6  4.0    -0.033   4.187   0.162   3.983
  384    6  4.0    -0.059   3.855   0.105   3.984
  385    6  4.0    -0.079   3.744   0.056   3.979
  386    6  4.0    -0.082   3.440   0.059   3.976
  387    7  5.0     0.016   3.392   0.366   2.999
  388    6  4.0    -0.021   4.229   0.229   3.985
  389    6  4.0    -0.050   3.399   0.523   3.011
  390    8  6.0    -0.116   1.344   0.262   1.001
  391    6  4.0    -0.041   4.117   0.104   3.986
  392    6  4.0    -0.040   3.617   0.281   3.020
  393    6  4.0    -0.070   3.430   0.225   3.024
  394    6  4.0    -0.067   3.448   0.235   3.034
  395    6  4.0    -0.071   3.337   0.227   3.021
  396    6  4.0    -0.070   3.430   0.243   3.023
  397    6  4.0    -0.041   3.444   0.400   3.032
  398    8  6.0    -0.037   1.932   0.207   1.993
  399    7  5.0     0.007   3.646   0.367   3.012
  400    6  4.0    -0.020   4.454   0.230   4.007
  401    6  4.0    -0.047   3.654   0.577   3.055
  402    8  6.0    -0.121   1.638   0.255   1.004
  403    6  4.0    -0.033   4.127   0.186   3.987
  404    6  4.0    -0.080   3.697   0.065   3.991
  405    6  4.0    -0.079   3.815   0.082   4.004
  406    7  5.0     0.014   3.721   0.455   3.020
  407    6  4.0    -0.019   4.438   0.255   4.030
  408    6  4.0    -0.047   3.476   0.512   3.018
  409    8  6.0    -0.120   1.560   0.248   1.001
  410    6  4.0    -0.055   4.201   0.109   3.993
  411    6  4.0    -0.040   3.818   0.146   3.969
  412    6  4.0    -0.082   3.588   0.062   3.986
  413    6  4.0    -0.082   3.621   0.053   3.977
  414    7  5.0     0.012   3.518   0.387   3.009
  415    6  4.0    -0.020   4.300   0.251   4.002
  416    6  4.0    -0.045   3.613   0.552   3.035
  417    8  6.0    -0.118   1.577   0.268   1.002
  418    6  4.0    -0.053   4.064   0.110   3.995
  419    6  4.0    -0.059   3.832   0.113   3.976
  420    6  4.0    -0.060   3.793   0.122   3.981
  421    6  4.0    -0.084   3.685   0.177   3.976
  422    7  5.0     0.082   3.410   0.225   3.987
  423    7  5.0     0.023   3.685   0.396   3.013
  424    6  4.0    -0.020   4.313   0.243   3.998
  425    6  4.0    -0.049   3.424   0.534   3.009
  426    8  6.0    -0.119   1.559   0.285   1.003
  427    6  4.0    -0.041   4.125   0.124   3.992
  428    6  4.0    -0.041   3.711   0.287   3.031
  429    6  4.0    -0.068   3.501   0.231   3.031
  430    6  4.0    -0.073   3.405   0.232   3.023
  431    6  4.0    -0.073   3.240   0.234   3.017
  432    6  4.0    -0.072   3.257   0.236   3.024
  433    6  4.0    -0.070   3.286   0.235   3.034
  434    7  5.0     0.007   3.418   0.351   3.004
  435    6  4.0    -0.019   4.187   0.225   3.986
  436    6  4.0    -0.047   3.485   0.545   3.012
  437    8  6.0    -0.106   1.401   0.267   1.002
  438    6  4.0    -0.049   3.874   0.208   3.989
  439    8  6.0    -0.045   1.944   0.186   1.988
  440    7  5.0    -0.003   3.702   0.391   3.007
  441    6  4.0    -0.018   4.430   0.237   4.000
  442    6  4.0    -0.044   3.550   0.640   3.022
  443    8  6.0    -0.105   1.540   0.336   1.015
  444    6  4.0    -0.030   3.981   0.263   3.980
  445    8  6.0    -0.046   2.238   0.202   1.992
  446    6  4.0    -0.081   3.616   0.061   3.978
  447    7  5.0     0.023   3.461   0.417   3.012
  448    6  4.0    -0.043   3.907   0.190   3.999
  449    6  4.0    -0.043   3.295   0.548   3.015
  450    8  6.0    -0.103   1.481   0.269   1.005
  451    7  5.0     0.021   3.395   0.423   3.013
  452    6  4.0    -0.040   4.012   0.224   4.010
  453    6  4.0    -0.047   3.311   0.541   3.009
  454    8  6.0    -0.099   1.398   0.257   1.001
  455    7  5.0     0.013   3.484   0.396   3.021
  456    6  4.0    -0.022   4.179   0.238   3.992
  457    6  4.0    -0.045   3.567   0.524   3.020
  458    8  6.0    -0.103   1.415   0.247   1.000
  459    6  4.0    -0.054   3.628   0.192   3.973
  460    8  6.0    -0.043   1.819   0.180   1.986
  461    7  5.0     0.003   3.484   0.399   3.005
  462    6  4.0    -0.014   4.325   0.253   3.998
  463    6  4.0    -0.038   3.625   0.547   3.027
  464    8  6.0    -0.108   1.569   0.289   1.003
  465    6  4.0    -0.039   4.026   0.116   3.984
  466    6  4.0    -0.043   3.049   0.521   2.996
  467    8  6.0    -0.098   1.216   0.253   1.001
  468    7  5.0    -0.032   2.949   0.291   3.003
  469    7  5.0     0.028   3.657   0.397   3.014
  470    6  4.0    -0.020   4.450   0.271   4.015
  471    6  4.0    -0.045   3.867   0.568   3.026
  472    8  6.0    -0.100   1.570   0.292   1.005
  473    6  4.0    -0.057   4.052   0.115   3.988
  474    6  4.0    -0.058   3.789   0.113   3.977
  475    6  4.0    -0.060   3.901   0.183   3.983
  476    7  5.0     0.001   3.335   0.397   3.031
  477    6  4.0    -0.080   3.333   0.675   3.005
  478    7  5.0    -0.029   3.169   0.312   3.035
  479    7  5.0    -0.054   2.894   0.282   3.009
  480    7  5.0     0.063   3.957   0.483   3.031
  481    6  4.0    -0.023   4.489   0.240   4.008
  482    6  4.0    -0.044   3.644   0.501   3.017
  483    8  6.0    -0.118   1.524   0.260   1.001
  484    6  4.0    -0.054   4.144   0.125   4.015
  485    6  4.0    -0.057   3.918   0.134   4.003
  486    6  4.0    -0.062   4.222   0.193   4.013
  487    7  5.0     0.012   3.493   0.369   3.011
  488    6  4.0    -0.020   4.205   0.249   4.014
  489    6  4.0    -0.050   3.401   0.553   3.008
  490    8  6.0    -0.127   1.678   0.271   1.004
  491    6  4.0    -0.077   3.753   0.065   3.993
  492    7  5.0     0.008   3.630   0.398   3.021
  493    6  4.0    -0.024   4.395   0.222   3.981
  494    6  4.0    -0.049   3.477   0.527   3.005
  495    8  6.0    -0.123   1.588   0.267   1.002
  496    6  4.0    -0.033   4.232   0.144   3.999
  497    6  4.0    -0.060   3.897   0.146   3.980
  498    6  4.0    -0.082   3.757   0.057   3.977
  499    6  4.0    -0.079   3.795   0.099   4.006
  500    7  5.0     0.006   3.425   0.362   2.997
  501    6  4.0    -0.019   4.194   0.203   3.978
  502    6  4.0    -0.045   3.560   0.501   3.008
  503    8  6.0    -0.121   1.554   0.249   1.001
  504    6  4.0    -0.041   4.103   0.118   3.984
  505    6  4.0    -0.035   3.988   0.313   3.181
  506    6  4.0    -0.081   3.637   0.339   3.205
  507    6  4.0    -0.014   4.122   0.328   3.193
  508    7  5.0     0.066   3.447   0.431   3.153
  509    6  4.0    -0.039   3.954   0.406   3.215
  510    6  4.0    -0.073   3.370   0.217   3.013
  511    6  4.0    -0.077   3.316   0.208   3.010
  512    6  4.0    -0.072   3.145   0.207   3.011
  513    6  4.0    -0.072   3.153   0.198   3.011
  514    7  5.0     0.019   3.630   0.389   3.005
  515    6  4.0    -0.021   4.526   0.258   4.012
  516    6  4.0    -0.047   3.573   0.551   3.025
  517    8  6.0    -0.120   1.640   0.295   1.002
  518    6  4.0    -0.033   4.231   0.162   3.987
  519    6  4.0    -0.059   3.935   0.106   3.988
  520    6  4.0    -0.082   3.706   0.051   3.976
  521    6  4.0    -0.084   3.460   0.059   3.976
  522    7  5.0     0.018   3.542   0.388   3.004
  523    6  4.0    -0.016   4.374   0.252   4.010
  524    6  4.0    -0.044   3.545   0.564   3.004
  525    8  6.0    -0.117   1.607   0.304   1.003
  526    6  4.0    -0.038   4.059   0.134   3.987
  527    6  4.0    -0.001   2.995   0.617   3.002
  528    8  6.0    -0.103   1.303   0.295   1.001
  529    8  6.0    -0.114   1.447   0.256   1.004
  530    7  5.0     0.015   3.664   0.373   3.008
  531    6  4.0    -0.021   4.326   0.244   3.999
  532    6  4.0    -0.042   3.511   0.586   3.022
  533    8  6.0    -0.111   1.640   0.291   1.004
  534    6  4.0    -0.057   4.142   0.106   3.983
  535    6  4.0    -0.038   3.976   0.168   3.979
  536    6  4.0    -0.082   3.669   0.061   3.985
  537    6  4.0    -0.082   3.630   0.069   3.985
  538    7  5.0    -0.001   3.319   0.377   3.006
  539    6  4.0    -0.037   3.935   0.185   3.996
  540    6  4.0    -0.041   3.345   0.524   3.011
  541    8  6.0    -0.108   1.416   0.269   1.002
  542    7  5.0     0.001   3.593   0.349   3.001
  543    6  4.0    -0.020   4.436   0.228   3.999
  544    6  4.0    -0.044   3.622   0.565   3.001
  545    8  6.0    -0.115   1.423   0.293   1.005
  546    6  4.0    -0.036   4.113   0.159   3.977
  547    6  4.0    -0.058   3.881   0.109   3.985
  548    6  4.0    -0.079   3.859   0.061   3.984
  549    6  4.0    -0.083   3.463   0.059   3.975
  550    7  5.0     0.024   3.703   0.379   3.006
  551    6  4.0    -0.021   4.307   0.212   3.986
  552    6  4.0    -0.044   3.467   0.516   3.010
  553    8  6.0    -0.109   1.500   0.262   1.001
  554    6  4.0    -0.050   4.319   0.118   3.986
  555    6  4.0    -0.016   4.015   0.380   3.361
  556    7  5.0    -0.347   3.372   0.556   3.059
  557    6  4.0    -0.084   3.521   0.304   3.188
  558    6  4.0    -0.062   3.658   0.449   3.420
  559    7  5.0     0.058   3.263   0.429   3.129
  560    7  5.0     0.005   3.513   0.383   3.002
  561    6  4.0    -0.020   4.285   0.260   3.996
  562    6  4.0    -0.044   3.554   0.538   3.007
  563    8  6.0    -0.113   1.429   0.288   1.002
  564    6  4.0    -0.056   3.851   0.195   3.979
  565    8  6.0    -0.046   1.943   0.175   1.986
  566    7  5.0     0.001   3.645   0.349   2.999
  567    6  4.0    -0.019   4.260   0.235   3.993
  568    6  4.0    -0.046   3.581   0.537   3.008
  569    8  6.0    -0.121   1.568   0.280   1.002
  570    6  4.0    -0.055   4.083   0.111   3.991
  571    6  4.0    -0.057   3.903   0.111   3.977
  572    6  4.0    -0.058   3.983   0.192   3.996
  573    7  5.0    -0.009   3.324   0.391   3.011
  574    6  4.0    -0.078   3.303   0.626   3.011
  575    7  5.0    -0.059   3.063   0.268   3.008
  576    7  5.0    -0.072   2.974   0.293   3.008
  577    7  5.0     0.009   3.641   0.350   2.999
  578    6  4.0    -0.022   4.152   0.205   3.978
  579    6  4.0    -0.042   3.436   0.579   3.001
  580    8  6.0    -0.115   1.792   0.321   1.008
  581    6  4.0    -0.056   3.904   0.093   3.969
  582    6  4.0    -0.041   3.897   0.109   3.976
  583    6  4.0    -0.058   3.364   0.608   3.302
  584    8  6.0    -0.163   1.951   0.265   1.653
  585    8  6.0    -0.152   1.928   0.355   1.511
  586    7  5.0     0.011   3.726   0.401   3.010
  587    6  4.0    -0.019   4.432   0.261   3.999
  588    6  4.0    -0.040   3.710   0.562   3.028
  589    8  6.0    -0.111   1.508   0.281   1.003
  590    6  4.0    -0.044   4.077   0.111   3.983
  591    6  4.0    -0.044   3.763   0.272   3.077
  592    6  4.0    -0.083   3.554   0.295   3.173
  593    6  4.0    -0.014   4.025   0.292   3.138
  594    7  5.0     0.041   3.267   0.363   3.053
  595    6  4.0    -0.033   3.900   0.360   3.162
  596    6  4.0    -0.072   3.333   0.213   3.008
  597    6  4.0    -0.071   3.328   0.221   3.009
  598    6  4.0    -0.069   3.190   0.212   3.017
  599    6  4.0    -0.066   3.235   0.225   3.017
  600    7  5.0     0.002   3.772   0.391   3.007
  601    6  4.0    -0.018   4.528   0.235   4.013
  602    6  4.0    -0.042   3.763   0.549   3.014
  603    8  6.0    -0.126   1.677   0.283   1.002
  604    6  4.0    -0.036   4.090   0.144   3.973
  605    6  4.0    -0.058   3.861   0.098   3.974
  606    6  4.0    -0.083   3.653   0.054   3.973
  607    6  4.0    -0.083   3.444   0.053   3.972
  608    7  5.0     0.007   3.746   0.368   2.999
  609    6  4.0    -0.022   4.248   0.207   3.984
  610    6  4.0    -0.045   3.538   0.543   3.001
  611    8  6.0    -0.120   1.636   0.282   1.005
  612    6  4.0    -0.035   3.844   0.243   3.967
  613    8  6.0    -0.050   2.062   0.200   1.990
  614    6  4.0    -0.082   3.569   0.051   3.971
  615    7  5.0     0.015   3.680   0.365   3.001
  616    6  4.0    -0.020   4.254   0.218   3.987
  617    6  4.0    -0.042   3.636   0.570   3.014
  618    8  6.0    -0.119   1.547   0.302   1.003
  619    6  4.0    -0.055   3.879   0.092   3.969
  620    6  4.0    -0.043   3.792   0.097   3.971
  621    6  4.0    -0.042   2.984   0.541   2.990
  622    8  6.0    -0.106   1.473   0.289   1.003
  623    7  5.0    -0.051   2.858   0.282   2.999
  624    7  5.0     0.010   3.740   0.391   3.010
  625    6  4.0    -0.021   4.124   0.252   3.995
  626    6  4.0    -0.042   3.611   0.572   3.017
  627    8  6.0    -0.113   1.458   0.303   1.003
  628    6  4.0    -0.081   3.586   0.054   3.976
  629    7  5.0     0.009   3.832   0.388   3.014
  630    6  4.0    -0.019   4.429   0.237   4.000
  631    6  4.0    -0.043   3.649   0.546   3.004
  632    8  6.0    -0.114   1.576   0.277   1.002
  633    6  4.0    -0.033   4.041   0.258   3.987
  634    8  6.0    -0.057   2.058   0.186   1.991
  635    6  4.0    -0.078   3.683   0.071   3.983
  636    7  5.0     0.010   3.615   0.394   3.005
  637    6  4.0    -0.043   3.947   0.208   4.001
  638    6  4.0    -0.045   3.506   0.572   3.018
  639    8  6.0    -0.119   1.490   0.262   1.004
  640    7  5.0     0.005   3.748   0.389   3.009
  641    6  4.0    -0.016   4.559   0.234   4.033
  642    6  4.0    -0.041   3.788   0.584   3.029
  643    8  6.0    -0.115   1.512   0.296   1.005
  644    6  4.0    -0.036   4.127   0.172   3.990
  645    6  4.0    -0.078   3.772   0.059   3.990
  646    6  4.0    -0.079   3.809   0.071   4.025
  647    7  5.0     0.010   3.747   0.414   3.014
  648    6  4.0    -0.018   4.301   0.252   3.998
  649    6  4.0    -0.038   3.644   0.541   3.005
  650    8  6.0    -0.110   1.576   0.292   1.003
  651    6  4.0    -0.043   4.061   0.115   3.987
  652    6  4.0    -0.046   3.742   0.267   3.077
  653    6  4.0    -0.087   3.431   0.299   3.183
  654    6  4.0    -0.010   4.118   0.313   3.214
  655    7  5.0     0.047   3.317   0.414   3.121
  656    6  4.0    -0.039   3.997   0.426   3.167
  657    6  4.0    -0.071   3.465   0.245   3.025
  658    6  4.0    -0.075   3.382   0.246   3.023
  659    6  4.0    -0.067   3.303   0.241   3.038
  660    6  4.0    -0.070   3.290   0.255   3.034
  661    7  5.0     0.012   3.740   0.371   3.008
  662    6  4.0    -0.019   4.396   0.242   3.995
  663    6  4.0    -0.041   3.680   0.572   3.019
  664    8  6.0    -0.104   1.667   0.299   1.007
  665    6  4.0    -0.041   4.233   0.134   4.010
  666    6  4.0    -0.040   3.635   0.288   3.018
  667    6  4.0    -0.064   3.530   0.218   3.033
  668    6  4.0    -0.071   3.374   0.224   3.029
  669    6  4.0    -0.072   3.196   0.218   3.015
  670    6  4.0    -0.071   3.226   0.223   3.024
  671    6  4.0    -0.072   3.184   0.226   3.017
  672    7  5.0     0.012   3.706   0.389   3.007
  673    6  4.0    -0.022   4.137   0.235   3.996
  674    6  4.0    -0.041   3.685   0.574   3.029
  675    8  6.0    -0.115   1.448   0.281   1.004
  676    6  4.0    -0.083   3.603   0.058   3.977
  677    7  5.0     0.009   3.792   0.423   3.020
  678    6  4.0    -0.020   4.350   0.259   4.012
  679    6  4.0    -0.043   3.728   0.538   3.018
  680    8  6.0    -0.119   1.664   0.260   1.004
  681    6  4.0    -0.057   4.032   0.114   3.987
  682    6  4.0    -0.056   3.786   0.107   3.974
  683    6  4.0    -0.059   3.728   0.099   3.970
  684    6  4.0    -0.084   3.605   0.148   3.967
  685    7  5.0     0.084   3.500   0.210   3.983
  686    7  5.0     0.018   3.825   0.417   3.019
  687    6  4.0    -0.020   4.386   0.264   4.005
  688    6  4.0    -0.045   3.717   0.496   3.012
  689    8  6.0    -0.117   1.594   0.226   1.000
  690    6  4.0    -0.056   4.097   0.122   3.995
  691    6  4.0    -0.055   3.914   0.124   3.984
  692    6  4.0    -0.058   3.893   0.129   3.984
  693    6  4.0    -0.083   3.886   0.197   3.984
  694    7  5.0     0.093   3.501   0.243   3.991
  695    7  5.0     0.018   3.738   0.386   3.005
  696    6  4.0    -0.019   4.367   0.240   4.004
  697    6  4.0    -0.042   3.742   0.585   3.027
  698    8  6.0    -0.113   1.485   0.289   1.006
  699    6  4.0    -0.043   4.061   0.108   3.983
  700    6  4.0    -0.039   3.590   0.288   3.014
  701    6  4.0    -0.061   3.567   0.233   3.047
  702    6  4.0    -0.067   3.433   0.230   3.033
  703    6  4.0    -0.069   3.263   0.232   3.018
  704    6  4.0    -0.068   3.253   0.226   3.026
  705    6  4.0    -0.070   3.203   0.234   3.025
  706    7  5.0     0.005   3.842   0.403   3.009
  707    6  4.0    -0.019   4.493   0.244   4.007
  708    6  4.0    -0.040   3.732   0.575   3.044
  709    8  6.0    -0.101   1.461   0.287   1.005
  710    6  4.0    -0.033   3.989   0.257   3.983
  711    8  6.0    -0.051   2.115   0.188   1.990
  712    6  4.0    -0.082   3.601   0.069   3.979
  713    7  5.0     0.015   3.848   0.422   3.012
  714    6  4.0    -0.017   4.419   0.281   4.031
  715    6  4.0    -0.042   3.636   0.603   3.029
  716    8  6.0    -0.099   1.415   0.296   1.006
  717    6  4.0    -0.053   4.102   0.109   3.989
  718    6  4.0    -0.041   3.762   0.111   3.976
  719    6  4.0    -0.005   2.760   0.585   2.994
  720    8  6.0    -0.102   1.228   0.205   0.999
  721    8  6.0    -0.104   1.257   0.326   1.002
  722    7  5.0     0.021   3.867   0.436   3.017
  723    6  4.0    -0.018   4.495   0.281   4.016
  724    6  4.0    -0.045   3.549   0.569   3.018
  725    8  6.0    -0.121   1.642   0.279   1.002
  726    6  4.0    -0.040   4.086   0.123   3.990
  727    6  4.0    -0.005   2.899   0.629   2.998
  728    8  6.0    -0.105   1.342   0.326   1.002
  729    8  6.0    -0.114   1.359   0.253   1.003
  730    7  5.0     0.020   3.542   0.388   3.006
  731    6  4.0    -0.015   4.376   0.238   4.005
  732    6  4.0    -0.037   3.705   0.592   3.019
  733    8  6.0    -0.095   1.465   0.307   1.006
  734    6  4.0    -0.042   4.076   0.121   3.987
  735    6  4.0    -0.040   3.724   0.287   3.022
  736    6  4.0    -0.072   3.447   0.225   3.026
  737    6  4.0    -0.066   3.441   0.229   3.027
  738    6  4.0    -0.073   3.361   0.222   3.015
  739    6  4.0    -0.068   3.331   0.230   3.017
  740    6  4.0    -0.037   3.406   0.395   3.028
  741    8  6.0    -0.030   1.992   0.216   1.993
  742    7  5.0     0.009   3.609   0.424   3.013
  743    6  4.0    -0.040   4.003   0.227   4.010
  744    6  4.0    -0.043   3.401   0.605   3.030
  745    8  6.0    -0.099   1.451   0.302   1.008
  746    7  5.0     0.017   3.786   0.416   3.012
  747    6  4.0    -0.018   4.414   0.256   4.017
  748    6  4.0    -0.046   3.499   0.613   3.016
  749    8  6.0    -0.108   1.424   0.318   1.006
  750    6  4.0    -0.054   4.009   0.098   3.976
  751    6  4.0    -0.041   3.827   0.104   3.977
  752    6  4.0    -0.039   2.959   0.530   2.992
  753    8  6.0    -0.093   1.215   0.264   1.001
  754    7  5.0    -0.042   2.913   0.289   3.000
  755    7  5.0     0.015   3.695   0.412   3.021
  756    6  4.0    -0.017   4.545   0.259   4.012
  757    6  4.0    -0.044   3.906   0.615   3.041
  758    8  6.0    -0.122   1.998   0.298   1.012
  759    6  4.0    -0.038   4.050   0.125   3.988
  760    6  4.0    -0.001   2.993   0.629   3.009
  761    8  6.0    -0.105   1.324   0.316   1.002
  762    8  6.0    -0.113   1.373   0.248   1.005
  763    7  5.0     0.060   4.043   0.523   3.036
  764    6  4.0    -0.020   4.574   0.254   4.031
  765    6  4.0    -0.043   3.604   0.528   3.021
  766    8  6.0    -0.114   1.458   0.255   1.001
  767    6  4.0    -0.057   4.025   0.121   3.994
  768    6  4.0    -0.057   3.895   0.126   4.002
  769    6  4.0    -0.064   4.168   0.188   4.001
  770    7  5.0     0.005   3.586   0.376   3.004
  771    6  4.0    -0.017   4.291   0.241   4.009
  772    6  4.0    -0.040   3.671   0.556   3.025
  773    8  6.0    -0.115   1.513   0.280   1.003
  774    6  4.0    -0.055   3.757   0.205   3.980
  775    8  6.0    -0.048   1.958   0.184   1.988
  776    7  5.0     0.005   3.689   0.422   3.011
  777    6  4.0    -0.017   4.389   0.259   4.013
  778    6  4.0    -0.039   3.710   0.536   3.008
  779    8  6.0    -0.108   1.580   0.276   1.003
  780    6  4.0    -0.043   4.065   0.123   3.986
  781    6  4.0    -0.037   3.707   0.291   3.019
  782    6  4.0    -0.067   3.473   0.232   3.036
  783    6  4.0    -0.064   3.447   0.228   3.035
  784    6  4.0    -0.070   3.235   0.227   3.018
  785    6  4.0    -0.069   3.233   0.228   3.018
  786    6  4.0    -0.069   3.216   0.226   3.022
  787    7  5.0     0.014   3.752   0.384   3.005
  788    6  4.0    -0.018   4.445   0.243   4.003
  789    6  4.0    -0.040   3.717   0.535   3.011
  790    8  6.0    -0.107   1.501   0.276   1.002
  791    6  4.0    -0.033   3.958   0.235   3.975
  792    8  6.0    -0.056   2.133   0.170   1.985
  793    6  4.0    -0.079   3.598   0.061   3.978
  794    7  5.0     0.013   3.689   0.367   3.003
  795    6  4.0    -0.020   4.163   0.254   3.999
  796    6  4.0    -0.041   3.639   0.563   3.029
  797    8  6.0    -0.110   1.438   0.291   1.003
  798    6  4.0    -0.080   3.672   0.073   3.987
  799    7  5.0     0.012   3.809   0.404   3.014
  800    6  4.0    -0.018   4.568   0.267   4.019
  801    6  4.0    -0.041   3.861   0.617   3.031
  802    8  6.0    -0.117   1.686   0.316   1.010
  803    6  4.0    -0.037   4.186   0.154   3.979
  804    6  4.0    -0.059   3.826   0.108   3.978
  805    6  4.0    -0.080   3.758   0.061   3.982
  806    6  4.0    -0.082   3.422   0.065   3.977
  807    7  5.0     0.005   3.748   0.422   3.012
  808    6  4.0    -0.019   4.351   0.246   4.008
  809    6  4.0    -0.044   3.524   0.512   3.001
  810    8  6.0    -0.112   1.503   0.265   1.001
  811    6  4.0    -0.055   4.211   0.117   3.996
  812    6  4.0    -0.036   3.822   0.165   3.975
  813    6  4.0    -0.081   3.664   0.065   3.984
  814    6  4.0    -0.083   3.613   0.058   3.987
  815    7  5.0     0.016   3.726   0.358   3.003
  816    6  4.0    -0.015   4.370   0.239   3.997
  817    6  4.0    -0.042   3.578   0.605   3.023
  818    8  6.0    -0.104   1.487   0.320   1.008
  819    6  4.0    -0.038   3.981   0.112   3.983
  820    6  4.0    -0.003   2.856   0.559   3.000
  821    8  6.0    -0.114   1.503   0.263   1.000
  822    8  6.0    -0.100   1.214   0.242   1.001
  823    7  5.0     0.012   3.717   0.380   3.003
  824    6  4.0    -0.021   4.247   0.227   3.994
  825    6  4.0    -0.048   3.498   0.588   3.034
  826    8  6.0    -0.117   1.488   0.304   1.009
  827    6  4.0    -0.050   3.847   0.212   4.006
  828    8  6.0    -0.046   1.867   0.199   1.991
  829    7  5.0     0.021   3.669   0.396   3.007
  830    6  4.0    -0.020   4.304   0.233   3.994
  831    6  4.0    -0.046   3.383   0.511   3.013
  832    8  6.0    -0.107   1.396   0.271   1.001
  833    6  4.0    -0.051   4.206   0.122   4.027
  834    6  4.0    -0.062   3.724   0.204   3.978
  835   16  6.0    -0.020   2.920   0.293   2.022
  836    6  4.0    -0.085   3.294   0.161   3.975
  837    7  5.0     0.025   3.543   0.355   3.004
  838    6  4.0    -0.018   4.350   0.240   3.995
  839    6  4.0    -0.047   3.512   0.555   3.025
  840    8  6.0    -0.122   1.571   0.286   1.003
  841    6  4.0    -0.038   4.044   0.116   3.987
  842    6  4.0    -0.006   2.911   0.633   2.997
  843    8  6.0    -0.111   1.517   0.322   1.002
  844    8  6.0    -0.110   1.257   0.260   1.003
  845    7  5.0     0.007   3.609   0.387   3.009
  846    6  4.0    -0.019   4.564   0.250   4.026
  847    6  4.0    -0.049   3.600   0.528   3.015
  848    8  6.0    -0.121   1.650   0.246   1.001
  849    6  4.0    -0.034   4.227   0.172   3.986
  850    6  4.0    -0.060   3.864   0.112   3.981
  851    6  4.0    -0.080   3.811   0.064   3.992
  852    6  4.0    -0.083   3.458   0.063   3.977
  853    7  5.0     0.014   3.614   0.378   3.004
  854    6  4.0    -0.019   4.312   0.219   3.992
  855    6  4.0    -0.048   3.437   0.573   3.012
  856    8  6.0    -0.115   1.560   0.289   1.004
  857    6  4.0    -0.041   4.091   0.118   3.988
  858    6  4.0    -0.041   3.650   0.275   3.019
  859    6  4.0    -0.067   3.465   0.220   3.022
  860    6  4.0    -0.070   3.368   0.219   3.021
  861    6  4.0    -0.068   3.192   0.217   3.013
  862    6  4.0    -0.072   3.235   0.221   3.013
  863    6  4.0    -0.068   3.218   0.221   3.019
  864    7  5.0     0.009   3.543   0.397   3.013
  865    6  4.0    -0.020   4.296   0.236   3.996
  866    6  4.0    -0.048   3.458   0.532   3.010
  867    8  6.0    -0.124   1.596   0.265   1.001
  868    6  4.0    -0.053   4.210   0.109   3.995
  869    6  4.0    -0.038   3.784   0.148   3.968
  870    6  4.0    -0.082   3.604   0.058   3.981
  871    6  4.0    -0.084   3.573   0.053   3.980
  872    7  5.0     0.003   3.457   0.365   3.004
  873    6  4.0    -0.022   4.243   0.226   3.995
  874    6  4.0    -0.046   3.472   0.528   3.005
  875    8  6.0    -0.115   1.518   0.273   1.002
  876    6  4.0    -0.054   4.053   0.115   3.982
  877    6  4.0    -0.041   3.940   0.121   3.989
  878    6  4.0    -0.046   3.028   0.638   2.999
  879    8  6.0    -0.116   1.303   0.237   1.002
  880    8  6.0    -0.032   2.057   0.351   1.922
  881    7  5.0    -0.008   3.553   0.383   3.002
  882    6  4.0    -0.019   4.499   0.247   4.003
  883    6  4.0    -0.045   3.637   0.549   3.015
  884    8  6.0    -0.115   1.407   0.279   1.002
  885    6  4.0    -0.038   4.116   0.138   3.971
  886    6  4.0    -0.061   3.841   0.105   3.978
  887    6  4.0    -0.080   3.724   0.052   3.975
  888    6  4.0    -0.082   3.429   0.063   3.977
  889    7  5.0     0.007   3.623   0.383   3.009
  890    6  4.0    -0.021   4.435   0.245   4.006
  891    6  4.0    -0.044   3.685   0.589   3.054
  892    8  6.0    -0.110   1.528   0.294   1.005
  893    6  4.0    -0.034   4.034   0.161   3.977
  894    6  4.0    -0.081   3.629   0.054   3.976
  895    6  4.0    -0.082   3.639   0.070   3.981
  896    7  5.0     0.002   3.810   0.451   3.025
  897    6  4.0    -0.016   4.537   0.281   4.034
  898    6  4.0    -0.046   3.644   0.588   3.012
  899    8  6.0    -0.116   1.452   0.299   1.005
  900    6  4.0    -0.032   3.954   0.233   3.976
  901    8  6.0    -0.049   2.038   0.183   1.988
  902    6  4.0    -0.079   3.584   0.059   3.975
  903    7  5.0     0.008   3.704   0.380   3.017
  904    6  4.0    -0.017   4.429   0.221   3.994
  905    6  4.0    -0.045   3.810   0.601   3.031
  906    8  6.0    -0.109   1.650   0.303   1.007
  907    6  4.0    -0.035   4.128   0.104   3.990
  908    6  4.0    -0.039   3.095   0.509   2.994
  909    8  6.0    -0.109   1.401   0.256   1.001
  910    7  5.0    -0.051   2.874   0.274   3.000
  911    7  5.0     0.050   3.919   0.497   3.022
  912    6  4.0    -0.022   4.470   0.242   4.006
  913    6  4.0    -0.046   3.540   0.529   3.005
  914    8  6.0    -0.119   1.485   0.276   1.002
  915    6  4.0    -0.057   4.054   0.115   3.990
  916    6  4.0    -0.058   3.874   0.124   3.992
  917    6  4.0    -0.064   4.153   0.167   3.991
  918    7  5.0     0.013   3.551   0.340   2.996
  919    6  4.0    -0.018   4.244   0.215   3.981
  920    6  4.0    -0.042   3.645   0.585   3.025
  921    8  6.0    -0.111   1.556   0.307   1.007
  922    6  4.0    -0.040   3.966   0.113   3.981
  923    6  4.0    -0.007   2.919   0.616   2.994
  924    8  6.0    -0.131   1.740   0.240   1.002
  925    8  6.0    -0.121   1.506   0.325   1.002
  926    7  5.0     0.007   3.529   0.397   3.007
  927    6  4.0    -0.039   4.000   0.211   4.009
  928    6  4.0    -0.042   3.558   0.550   3.018
  929    8  6.0    -0.118   1.543   0.281   1.003
  930    7  5.0     0.006   3.702   0.374   3.006
  931    6  4.0    -0.018   4.391   0.247   4.005
  932    6  4.0    -0.039   3.768   0.611   3.019
  933    8  6.0    -0.113   1.675   0.313   1.009
  934    6  4.0    -0.042   4.126   0.125   3.990
  935    6  4.0    -0.040   3.617   0.284   3.011
  936    6  4.0    -0.065   3.456   0.222   3.028
  937    6  4.0    -0.069   3.376   0.215   3.026
  938    6  4.0    -0.067   3.229   0.222   3.016
  939    6  4.0    -0.071   3.209   0.217   3.015
  940    6  4.0    -0.070   3.222   0.223   3.016
  941    7  5.0     0.012   3.730   0.399   3.011
  942    6  4.0    -0.021   4.090   0.216   3.994
  943    6  4.0    -0.043   3.596   0.570   3.013
  944    8  6.0    -0.117   1.529   0.289   1.005
  945    6  4.0    -0.080   3.575   0.057   3.977
  946    7  5.0     0.011   3.731   0.407   3.009
  947    6  4.0    -0.018   4.305   0.240   3.998
  948    6  4.0    -0.041   3.678   0.572   3.011
  949    8  6.0    -0.114   1.717   0.301   1.005
  950    6  4.0    -0.042   4.079   0.114   3.985
  951    6  4.0    -0.038   3.651   0.290   3.019
  952    6  4.0    -0.066   3.462   0.231   3.040
  953    6  4.0    -0.064   3.431   0.233   3.030
  954    6  4.0    -0.070   3.239   0.237   3.012
  955    6  4.0    -0.069   3.230   0.227   3.016
  956    6  4.0    -0.065   3.263   0.230   3.038
  957    7  5.0     0.014   3.773   0.388   3.008
  958    6  4.0    -0.021   4.353   0.228   3.986
  959    6  4.0    -0.041   3.621   0.550   3.022
  960    8  6.0    -0.107   1.393   0.267   1.002
  961    6  4.0    -0.033   3.868   0.220   3.963
  962    8  6.0    -0.050   2.063   0.167   1.983
  963    6  4.0    -0.081   3.571   0.067   3.978
  964    7  5.0     0.020   3.762   0.397   3.002
  965    6  4.0    -0.017   4.347   0.237   4.005
  966    6  4.0    -0.042   3.493   0.613   3.011
  967    8  6.0    -0.095   1.406   0.318   1.009
  968    6  4.0    -0.041   4.036   0.126   3.987
  969    6  4.0    -0.028   3.598   0.343   3.133
  970    7  5.0    -0.101   2.537   0.358   2.103
  971    6  4.0    -0.091   3.372   0.287   3.115
  972    6  4.0    -0.077   3.222   0.405   3.138
  973    7  5.0     0.077   3.179   0.401   3.111
  974    7  5.0     0.021   3.744   0.426   3.017
  975    6  4.0    -0.019   4.353   0.278   4.006
  976    6  4.0    -0.042   3.691   0.596   3.027
  977    8  6.0    -0.095   1.432   0.301   1.006
  978    6  4.0    -0.054   3.879   0.189   3.993
  979    8  6.0    -0.044   1.850   0.169   1.983
  980    7  5.0     0.009   3.789   0.395   3.012
  981    6  4.0    -0.019   4.370   0.260   3.999
  982    6  4.0    -0.046   3.487   0.561   3.038
  983    8  6.0    -0.108   1.441   0.282   1.004
  984    6  4.0    -0.053   4.252   0.114   3.997
  985    6  4.0    -0.041   4.040   0.114   3.982
  986    6  4.0    -0.040   3.082   0.553   2.996
  987    8  6.0    -0.099   1.274   0.278   1.003
  988    7  5.0    -0.044   2.991   0.294   3.002
  989    7  5.0     0.015   3.616   0.392   3.018
  990    6  4.0    -0.013   4.466   0.257   4.025
  991    6  4.0    -0.040   3.802   0.647   3.030
  992    8  6.0    -0.112   1.703   0.319   1.016
  993    6  4.0    -0.036   4.168   0.123   3.998
  994    6  4.0    -0.038   3.095   0.546   2.996
  995    8  6.0    -0.107   1.458   0.273   1.001
  996    7  5.0    -0.059   2.858   0.292   3.006
  997    7  5.0     0.014   3.713   0.451   3.035
  998    6  4.0    -0.020   4.373   0.252   4.006
  999    6  4.0    -0.046   3.683   0.549   3.021
 1000    8  6.0    -0.126   1.540   0.264   1.002
 1001    6  4.0    -0.056   4.039   0.105   3.992
 1002    6  4.0    -0.056   3.884   0.113   3.977
 1003    6  4.0    -0.056   3.941   0.188   3.984
 1004    7  5.0    -0.009   3.214   0.339   2.999
 1005    6  4.0    -0.076   3.278   0.560   3.003
 1006    7  5.0    -0.057   3.087   0.270   3.002
 1007    7  5.0    -0.059   2.941   0.265   3.001
 1008    7  5.0     0.003   3.759   0.393   3.003
 1009    6  4.0    -0.021   4.402   0.235   3.999
 1010    6  4.0    -0.047   3.445   0.553   3.006
 1011    8  6.0    -0.114   1.591   0.279   1.004
 1012    6  4.0    -0.054   4.274   0.133   4.006
 1013    6  4.0    -0.038   4.003   0.198   3.987
 1014    6  4.0    -0.081   3.664   0.070   4.002
 1015    6  4.0    -0.082   3.764   0.071   3.987
 1016    7  5.0     0.025   3.569   0.393   3.011
 1017    6  4.0    -0.019   4.275   0.221   3.990
 1018    6  4.0    -0.041   3.610   0.508   3.019
 1019    8  6.0    -0.124   1.592   0.246   1.002
 1020    6  4.0    -0.042   4.099   0.119   3.991
 1021    6  4.0    -0.045   3.828   0.270   3.101
 1022    6  4.0    -0.083   3.483   0.299   3.199
 1023    6  4.0    -0.016   4.084   0.309   3.177
 1024    7  5.0     0.050   3.425   0.415   3.096
 1025    6  4.0    -0.037   4.038   0.435   3.201
 1026    6  4.0    -0.072   3.363   0.216   3.016
 1027    6  4.0    -0.075   3.473   0.259   3.022
 1028    6  4.0    -0.068   3.194   0.213   3.019
 1029    6  4.0    -0.069   3.250   0.227   3.026
 1030    7  5.0     0.010   3.590   0.405   3.007
 1031    6  4.0    -0.021   4.296   0.242   4.006
 1032    6  4.0    -0.047   3.495   0.540   3.003
 1033    8  6.0    -0.111   1.400   0.277   1.004
 1034    6  4.0    -0.055   4.142   0.122   3.992
 1035    6  4.0    -0.054   4.070   0.124   3.984
 1036    6  4.0    -0.057   3.897   0.185   3.987
 1037    7  5.0    -0.014   3.313   0.365   3.005
 1038    6  4.0    -0.078   3.272   0.619   3.005
 1039    7  5.0    -0.053   3.131   0.282   3.009
 1040    7  5.0    -0.067   2.948   0.285   3.010
 1041    7  5.0     0.015   3.646   0.392   3.008
 1042    6  4.0    -0.019   4.335   0.257   3.997
 1043    6  4.0    -0.042   3.583   0.531   3.019
 1044    8  6.0    -0.109   1.602   0.278   1.002
 1045    6  4.0    -0.056   4.179   0.123   3.995
 1046    6  4.0    -0.057   3.794   0.107   3.976
 1047    6  4.0    -0.059   3.639   0.090   3.964
 1048    6  4.0    -0.085   3.669   0.171   3.967
 1049    7  5.0     0.113   3.501   0.239   3.988
 1050    7  5.0     0.017   3.777   0.367   3.010
 1051    6  4.0    -0.020   4.440   0.242   4.008
 1052    6  4.0    -0.044   3.618   0.543   3.021
 1053    8  6.0    -0.117   1.587   0.272   1.002
 1054    6  4.0    -0.031   4.079   0.258   3.987
 1055    8  6.0    -0.053   2.238   0.185   1.989
 1056    6  4.0    -0.080   3.652   0.064   3.988
 1057    7  5.0    -0.008   3.582   0.379   3.001
 1058    6  4.0    -0.020   4.259   0.228   3.990
 1059    6  4.0    -0.048   3.428   0.528   3.010
 1060    8  6.0    -0.109   1.464   0.283   1.003
 1061    6  4.0    -0.053   4.073   0.120   3.987
 1062    6  4.0    -0.059   3.787   0.102   3.971
 1063    6  4.0    -0.060   3.769   0.169   3.974
 1064    7  5.0    -0.003   3.285   0.377   3.012
 1065    6  4.0    -0.078   3.271   0.617   3.003
 1066    7  5.0    -0.056   3.008   0.271   3.003
 1067    7  5.0    -0.064   2.935   0.283   3.016
 1068    7  5.0     0.020   3.607   0.398   3.011
 1069    6  4.0    -0.021   4.253   0.268   3.991
 1070    6  4.0    -0.042   3.579   0.583   3.023
 1071    8  6.0    -0.117   1.727   0.293   1.007
 1072    6  4.0    -0.053   3.732   0.179   3.975
 1073    8  6.0    -0.047   1.887   0.168   1.983
 1074    7  5.0     0.023   3.653   0.404   3.011
 1075    6  4.0    -0.020   4.442   0.231   4.005
 1076    6  4.0    -0.046   3.786   0.572   3.031
 1077    8  6.0    -0.116   1.592   0.301   1.004
 1078    6  4.0    -0.035   4.165   0.166   3.985
 1079    6  4.0    -0.081   3.611   0.059   3.982
 1080    6  4.0    -0.078   3.995   0.076   3.989
 1081    7  5.0    -0.006   3.735   0.382   3.003
 1082    6  4.0    -0.023   4.546   0.260   4.031
 1083    6  4.0    -0.062   3.745   0.571   3.090
 1084    8  6.0    -0.114   1.435   0.283   1.002
 1085    6  4.0    -0.015   4.892   0.258   4.400
 1086    8  6.0    -0.057   2.111   0.184   1.988
 1087    6  4.0    -0.088   3.589   0.065   3.977
 1088    7  5.0     0.077   4.407   0.397   3.572
 1089    6  4.0    -0.038   4.401   0.267   4.015
 1090    6  4.0    -0.048   3.572   0.600   3.012
 1091    8  6.0    -0.109   1.512   0.334   1.005
 1092    6  4.0    -0.057   3.841   0.224   3.981
 1093    8  6.0    -0.048   1.906   0.198   1.991
 1094    7  5.0    -0.011   3.501   0.368   3.003
 1095    6  4.0    -0.019   4.206   0.242   3.999
 1096    6  4.0    -0.049   3.433   0.569   3.006
 1097    8  6.0    -0.111   1.390   0.300   1.003
 1098    6  4.0    -0.055   3.637   0.189   3.969
 1099    8  6.0    -0.051   1.734   0.187   1.988
 1100    7  5.0     0.011   3.575   0.381   3.008
 1101    6  4.0    -0.019   4.257   0.264   4.000
 1102    6  4.0    -0.044   3.567   0.568   3.030
 1103    8  6.0    -0.100   1.381   0.287   1.002
 1104    6  4.0    -0.051   3.871   0.184   3.998
 1105    8  6.0    -0.058   1.992   0.171   1.984
 1106    7  5.0    -0.004   4.227   0.389   3.013
 1107    6  4.0    -0.020   4.381   0.240   3.988
 1108    6  4.0    -0.044   3.585   0.596   3.020
 1109    8  6.0    -0.107   1.459   0.312   1.009
 1110    6  4.0    -0.055   4.183   0.116   3.994
 1111    6  4.0    -0.038   3.966   0.168   3.976
 1112    6  4.0    -0.081   3.788   0.064   3.986
 1113    6  4.0    -0.081   3.855   0.057   3.977
 1114    7  5.0     0.024   3.925   0.415   3.016
 1115    6  4.0    -0.013   4.467   0.259   4.094
 1116    6  4.0    -0.043   3.454   0.554   3.009
 1117    8  6.0    -0.101   1.433   0.299   1.003
 1118    6  4.0    -0.062   3.947   0.205   3.989
 1119   16  6.0    -0.009   2.996   0.474   2.091
 1120    7  5.0     0.015   3.500   0.380   3.006
 1121    6  4.0    -0.020   4.367   0.240   3.994
 1122    6  4.0    -0.043   3.548   0.542   3.016
 1123    8  6.0    -0.114   1.452   0.282   1.002
 1124    6  4.0    -0.034   4.003   0.140   3.977
 1125    6  4.0    -0.080   3.761   0.054   3.977
 1126    6  4.0    -0.082   3.562   0.054   3.976
 1127    7  5.0     0.011   3.353   0.375   2.999
 1128    6  4.0    -0.038   3.980   0.212   4.002
 1129    6  4.0    -0.048   3.231   0.528   3.002
 1130    8  6.0    -0.111   1.400   0.262   1.001
 1131    7  5.0    -0.002   3.558   0.343   3.006
 1132    6  4.0    -0.021   4.361   0.219   3.987
 1133    6  4.0    -0.048   3.614   0.548   3.015
 1134    8  6.0    -0.123   1.676   0.293   1.002
 1135    6  4.0    -0.033   4.043   0.152   3.977
 1136    6  4.0    -0.081   3.727   0.056   3.977
 1137    6  4.0    -0.080   3.706   0.063   3.981
 1138    7  5.0     0.003   3.603   0.379   3.019
 1139    6  4.0    -0.016   4.347   0.243   3.999
 1140    6  4.0    -0.037   3.798   0.531   3.025
 1141    8  6.0    -0.114   1.603   0.277   1.002
 1142    6  4.0    -0.037   4.077   0.131   3.991
 1143    6  4.0    -0.006   2.997   0.554   3.005
 1144    8  6.0    -0.118   1.676   0.251   1.000
 1145    8  6.0    -0.126   1.473   0.232   1.005
 1146    7  5.0     0.000   3.489   0.376   2.999
 1147    6  4.0    -0.021   4.093   0.232   3.992
 1148    6  4.0    -0.046   3.530   0.582   3.006
 1149    8  6.0    -0.123   1.534   0.323   1.005
 1150    6  4.0    -0.081   3.570   0.061   3.977
 1151    7  5.0    -0.001   3.823   0.398   3.006
 1152    6  4.0    -0.015   4.478   0.271   4.015
 1153    6  4.0    -0.043   3.623   0.594   3.021
 1154    8  6.0    -0.101   1.524   0.288   1.004
 1155    6  4.0    -0.039   4.089   0.117   3.986
 1156    6  4.0    -0.039   3.187   0.581   2.998
 1157    8  6.0    -0.116   1.434   0.282   1.005
 1158    7  5.0    -0.056   2.900   0.320   3.003
 1159    7  5.0     0.014   3.917   0.411   3.017
 1160    6  4.0    -0.018   4.387   0.246   4.014
 1161    6  4.0    -0.044   3.449   0.515   3.014
 1162    8  6.0    -0.111   1.376   0.268   1.001
 1163    6  4.0    -0.053   4.104   0.118   3.994
 1164    6  4.0    -0.056   4.055   0.126   3.998
 1165    6  4.0    -0.058   4.022   0.200   3.998
 1166    7  5.0    -0.012   3.398   0.401   3.016
 1167    6  4.0    -0.077   3.333   0.633   3.012
 1168    7  5.0    -0.067   3.094   0.270   3.009
 1169    7  5.0    -0.067   2.912   0.284   3.009
 1170    7  5.0     0.002   3.618   0.358   3.006
 1171    6  4.0    -0.019   4.235   0.229   3.983
 1172    6  4.0    -0.044   3.442   0.545   3.004
 1173    8  6.0    -0.114   1.725   0.286   1.003
 1174    6  4.0    -0.039   4.047   0.105   3.987
 1175    6  4.0    -0.041   3.080   0.527   2.992
 1176    8  6.0    -0.118   1.388   0.269   1.002
 1177    7  5.0    -0.049   2.980   0.284   2.999
 1178    7  5.0     0.029   3.735   0.374   3.002
 1179    6  4.0    -0.018   4.357   0.233   3.999
 1180    6  4.0    -0.044   3.492   0.519   3.015
 1181    8  6.0    -0.114   1.458   0.267   1.001
 1182    6  4.0    -0.043   4.091   0.128   3.985
 1183    6  4.0    -0.047   3.821   0.280   3.078
 1184    6  4.0    -0.084   3.604   0.306   3.157
 1185    6  4.0    -0.020   3.999   0.298   3.152
 1186    7  5.0     0.042   3.306   0.386   3.081
 1187    6  4.0    -0.043   3.931   0.359   3.137
 1188    6  4.0    -0.073   3.355   0.236   3.016
 1189    6  4.0    -0.078   3.238   0.202   3.007
 1190    6  4.0    -0.069   3.244   0.226   3.024
 1191    6  4.0    -0.072   3.181   0.221   3.016
 1192    7  5.0    -0.008   3.493   0.367   3.017
 1193    6  4.0    -0.014   4.399   0.254   4.005
 1194    6  4.0    -0.043   3.517   0.605   3.007
 1195    8  6.0    -0.105   1.514   0.325   1.008
 1196    6  4.0    -0.036   4.123   0.129   3.996
 1197    6  4.0     0.001   2.893   0.614   3.000
 1198    8  6.0    -0.095   1.347   0.316   1.001
 1199    8  6.0    -0.094   1.225   0.240   1.002
 1200    7  5.0     0.018   3.602   0.407   3.024
 1201    6  4.0    -0.021   4.156   0.267   3.995
 1202    6  4.0    -0.043   3.584   0.569   3.027
 1203    8  6.0    -0.111   1.592   0.294   1.004
 1204    6  4.0    -0.076   3.697   0.067   3.984
 1205    7  5.0    -0.000   3.345   0.368   3.001
 1206    6  4.0    -0.042   3.848   0.171   3.985
 1207    6  4.0    -0.041   3.323   0.522   2.999
 1208    8  6.0    -0.119   1.601   0.291   1.002
 1209    7  5.0     0.017   3.531   0.357   3.002
 1210    6  4.0    -0.017   4.301   0.246   3.993
 1211    6  4.0    -0.039   3.772   0.564   3.012
 1212    8  6.0    -0.104   1.447   0.277   1.004
 1213    6  4.0    -0.043   4.046   0.109   3.983
 1214    6  4.0    -0.038   3.707   0.291   3.020
 1215    6  4.0    -0.067   3.448   0.236   3.029
 1216    6  4.0    -0.064   3.500   0.230   3.037
 1217    6  4.0    -0.063   3.293   0.225   3.027
 1218    6  4.0    -0.068   3.223   0.231   3.017
 1219    6  4.0    -0.065   3.278   0.227   3.022
 1220    7  5.0     0.011   3.429   0.389   3.005
 1221    6  4.0    -0.041   3.889   0.186   3.991
 1222    6  4.0    -0.040   3.364   0.551   3.026
 1223    8  6.0    -0.100   1.417   0.294   1.003
 1224    7  5.0     0.025   3.778   0.387   3.013
 1225    6  4.0    -0.019   4.471   0.282   4.035
 1226    6  4.0    -0.040   3.642   0.541   3.027
 1227    8  6.0    -0.104   1.695   0.263   1.002
 1228    6  4.0    -0.056   4.207   0.141   4.002
 1229    6  4.0    -0.060   4.175   0.126   3.992
 1230    6  4.0    -0.061   3.809   0.118   3.984
 1231    6  4.0    -0.084   3.740   0.190   3.981
 1232    7  5.0     0.082   3.650   0.235   3.990
 1233    7  5.0     0.014   3.513   0.387   3.009
 1234    6  4.0    -0.018   4.104   0.239   3.998
 1235    6  4.0    -0.040   3.504   0.517   3.004
 1236    8  6.0    -0.098   1.430   0.246   1.001
 1237    6  4.0    -0.081   3.599   0.057   3.979
 1238    7  5.0    -0.002   3.384   0.386   3.004
 1239    6  4.0    -0.042   3.904   0.198   3.993
 1240    6  4.0    -0.049   3.264   0.605   3.003
 1241    8  6.0    -0.121   1.623   0.313   1.008
 1242    7  5.0     0.021   3.583   0.385   3.010
 1243    6  4.0    -0.023   4.081   0.225   3.984
 1244    6  4.0    -0.048   3.518   0.582   3.039
 1245    8  6.0    -0.110   1.541   0.287   1.006
 1246    6  4.0    -0.079   3.638   0.060   3.978
 1247    7  5.0     0.016   3.605   0.427   3.016
 1248    6  4.0    -0.017   4.341   0.261   4.020
 1249    6  4.0    -0.042   3.590   0.549   3.017
 1250    8  6.0    -0.114   1.590   0.276   1.002
 1251    6  4.0    -0.054   3.838   0.182   3.985
 1252    8  6.0    -0.053   2.050   0.170   1.984
 1253    7  5.0     0.007   3.603   0.375   3.002
 1254    6  4.0    -0.018   4.186   0.228   3.986
 1255    6  4.0    -0.044   3.505   0.543   3.011
 1256    8  6.0    -0.113   1.433   0.296   1.003
 1257    6  4.0    -0.053   3.729   0.171   3.975
 1258    8  6.0    -0.048   1.860   0.156   1.979
 1259    7  5.0     0.013   3.602   0.370   3.008
 1260    6  4.0    -0.020   4.374   0.261   3.996
 1261    6  4.0    -0.045   3.856   0.590   3.025
 1262    8  6.0    -0.113   1.774   0.307   1.008
 1263    6  4.0    -0.054   3.836   0.207   3.991
 1264    8  6.0    -0.050   1.923   0.181   1.988
 1265    7  5.0     0.051   3.962   0.502   3.019
 1266    6  4.0    -0.017   4.683   0.275   4.045
 1267    6  4.0    -0.042   3.704   0.567   3.021
 1268    8  6.0    -0.108   1.452   0.300   1.004
 1269    6  4.0    -0.054   4.123   0.129   4.004
 1270    6  4.0    -0.057   3.894   0.126   4.004
 1271    6  4.0    -0.063   4.077   0.179   4.009
 1272    7  5.0    -0.002   3.908   0.375   3.006
 1273    6  4.0    -0.013   4.558   0.251   4.068
 1274    6  4.0    -0.044   3.532   0.563   3.015
 1275    8  6.0    -0.104   1.432   0.299   1.004
 1276    6  4.0    -0.061   3.874   0.209   3.988
 1277   16  6.0    -0.013   2.894   0.488   2.074
 1278    7  5.0     0.020   3.636   0.366   3.013
 1279    6  4.0    -0.019   4.278   0.257   3.998
 1280    6  4.0    -0.041   3.721   0.589   3.022
 1281    8  6.0    -0.114   1.647   0.283   1.008
 1282    6  4.0    -0.054   3.941   0.216   4.000
 1283    8  6.0    -0.052   1.993   0.198   1.990
 1284    7  5.0     0.002   3.698   0.409   3.013
 1285    6  4.0    -0.020   4.279   0.230   3.994
 1286    6  4.0    -0.047   3.624   0.588   3.027
 1287    8  6.0    -0.123   1.542   0.292   1.005
 1288    6  4.0    -0.055   3.908   0.098   3.977
 1289    6  4.0    -0.042   3.716   0.104   3.973
 1290    6  4.0    -0.006   2.720   0.564   2.991
 1291    8  6.0    -0.102   1.226   0.227   1.001
 1292    8  6.0    -0.104   1.193   0.289   1.000
 1293    7  5.0     0.004   3.896   0.411   3.008
 1294    6  4.0    -0.018   4.419   0.232   4.009
 1295    6  4.0    -0.046   3.483   0.517   3.012
 1296    8  6.0    -0.117   1.555   0.253   1.001
 1297    6  4.0    -0.031   3.978   0.257   3.976
 1298    8  6.0    -0.048   2.010   0.197   1.990
 1299    6  4.0    -0.081   3.626   0.065   3.981
 1300    7  5.0     0.007   3.508   0.360   3.002
 1301    6  4.0    -0.018   4.306   0.225   3.991
 1302    6  4.0    -0.038   3.624   0.577   3.009
 1303    8  6.0    -0.115   1.609   0.302   1.005
 1304    6  4.0    -0.038   4.160   0.125   3.994
 1305    6  4.0    -0.037   3.713   0.282   3.017
 1306    6  4.0    -0.066   3.519   0.220   3.021
 1307    6  4.0    -0.070   3.449   0.226   3.029
 1308    6  4.0    -0.069   3.376   0.222   3.015
 1309    6  4.0    -0.072   3.348   0.229   3.014
 1310    6  4.0    -0.038   3.430   0.406   3.030
 1311    8  6.0    -0.034   1.954   0.227   1.995
 1312    7  5.0     0.012   3.563   0.388   3.001
 1313    6  4.0    -0.021   4.193   0.216   3.982
 1314    6  4.0    -0.045   3.428   0.529   3.005
 1315    8  6.0    -0.119   1.542   0.285   1.002
 1316    6  4.0    -0.044   3.966   0.113   3.978
 1317    6  4.0    -0.056   3.720   0.333   3.165
 1318    7  5.0     0.070   3.442   0.409   3.110
 1319    6  4.0    -0.057   3.277   0.283   3.119
 1320    6  4.0    -0.077   3.207   0.440   3.171
 1321    7  5.0    -0.083   2.406   0.395   2.146
 1322    7  5.0     0.013   3.415   0.390   3.001
 1323    6  4.0    -0.042   3.976   0.213   4.002
 1324    6  4.0    -0.041   3.381   0.568   3.023
 1325    8  6.0    -0.109   1.619   0.294   1.004
 1326    7  5.0    -0.005   3.641   0.408   3.013
 1327    6  4.0    -0.016   4.416   0.291   4.020
 1328    6  4.0    -0.046   3.622   0.554   3.017
 1329    8  6.0    -0.108   1.369   0.271   1.003
 1330    6  4.0    -0.057   4.050   0.121   3.990
 1331    6  4.0    -0.059   3.944   0.119   3.980
 1332    6  4.0    -0.061   3.819   0.125   3.984
 1333    6  4.0    -0.084   3.724   0.186   3.980
 1334    7  5.0     0.079   3.468   0.228   3.991
 1335    7  5.0     0.029   3.646   0.361   3.004
 1336    6  4.0    -0.019   4.275   0.225   3.986
 1337    6  4.0    -0.041   3.659   0.539   3.018
 1338    8  6.0    -0.110   1.691   0.275   1.002
 1339    6  4.0    -0.040   4.051   0.109   3.981
 1340    6  4.0    -0.036   3.704   0.290   3.020
 1341    6  4.0    -0.065   3.518   0.236   3.030
 1342    6  4.0    -0.068   3.445   0.229   3.033
 1343    6  4.0    -0.069   3.414   0.233   3.023
 1344    6  4.0    -0.070   3.342   0.232   3.017
 1345    6  4.0    -0.038   3.406   0.408   3.030
 1346    8  6.0    -0.034   1.939   0.225   1.994
 1347    7  5.0     0.018   3.479   0.369   3.003
 1348    6  4.0    -0.018   4.140   0.244   3.996
 1349    6  4.0    -0.038   3.748   0.557   3.022
 1350    8  6.0    -0.102   1.594   0.284   1.003
 1351    6  4.0    -0.078   3.625   0.063   3.981
 1352    7  5.0     0.015   3.693   0.407   3.003
 1353    6  4.0    -0.013   4.455   0.268   4.012
 1354    6  4.0    -0.044   3.642   0.546   3.021
 1355    8  6.0    -0.106   1.467   0.250   1.002
 1356    6  4.0    -0.036   4.167   0.114   3.988
 1357    6  4.0    -0.043   3.161   0.609   2.997
 1358    8  6.0    -0.106   1.303   0.287   1.012
 1359    7  5.0    -0.058   3.076   0.341   3.013
 1360    7  5.0     0.024   3.712   0.396   3.005
 1361    6  4.0    -0.018   4.245   0.238   3.997
 1362    6  4.0    -0.042   3.595   0.525   3.017
 1363    8  6.0    -0.105   1.378   0.267   1.002
 1364    6  4.0    -0.054   3.808   0.204   3.982
 1365    8  6.0    -0.053   1.977   0.187   1.988
 1366    7  5.0     0.034   3.760   0.399   3.011
 1367    6  4.0    -0.017   4.461   0.275   4.015
 1368    6  4.0    -0.042   3.668   0.617   3.021
 1369    8  6.0    -0.114   1.710   0.308   1.009
 1370    6  4.0    -0.053   4.053   0.112   3.987
 1371    6  4.0    -0.044   3.826   0.105   3.974
 1372    6  4.0    -0.011   2.917   0.552   2.993
 1373    8  6.0    -0.127   1.553   0.273   1.000
 1374    8  6.0    -0.117   1.285   0.232   1.000
 1375    7  5.0     0.006   3.579   0.395   3.011
 1376    6  4.0    -0.021   4.325   0.214   3.986
 1377    6  4.0    -0.042   3.757   0.547   3.024
 1378    8  6.0    -0.124   1.785   0.277   1.003
 1379    6  4.0    -0.036   3.832   0.130   3.961
 1380    6  4.0    -0.079   3.653   0.053   3.975
 1381    6  4.0    -0.080   3.564   0.048   3.971
 1382    7  5.0     0.009   3.817   0.385   3.002
 1383    6  4.0    -0.018   4.289   0.240   4.006
 1384    6  4.0    -0.044   3.495   0.544   3.005
 1385    8  6.0    -0.114   1.351   0.277   1.003
 1386    6  4.0    -0.056   3.915   0.097   3.973
 1387    6  4.0    -0.043   3.727   0.101   3.972
 1388    6  4.0    -0.008   2.815   0.582   2.993
 1389    8  6.0    -0.116   1.428   0.302   1.001
 1390    8  6.0    -0.114   1.278   0.231   1.002
 1391    7  5.0     0.008   3.748   0.373   3.006
 1392    6  4.0    -0.021   4.427   0.223   3.994
 1393    6  4.0    -0.043   3.701   0.579   3.018
 1394    8  6.0    -0.120   1.672   0.295   1.004
 1395    6  4.0    -0.035   4.075   0.157   3.981
 1396    6  4.0    -0.080   3.719   0.056   3.978
 1397    6  4.0    -0.081   3.658   0.062   3.983
 1398    7  5.0    -0.002   3.710   0.394   3.006
 1399    6  4.0    -0.017   4.399   0.241   4.007
 1400    6  4.0    -0.042   3.718   0.549   3.015
 1401    8  6.0    -0.111   1.620   0.259   1.002
 1402    6  4.0    -0.056   3.985   0.114   3.984
 1403    6  4.0    -0.057   3.798   0.103   3.973
 1404    6  4.0    -0.059   3.851   0.100   3.971
 1405    6  4.0    -0.083   3.692   0.168   3.974
 1406    7  5.0     0.095   3.543   0.225   3.987
 1407    7  5.0     0.014   3.699   0.380   3.002
 1408    6  4.0    -0.019   4.169   0.217   3.990
 1409    6  4.0    -0.042   3.565   0.544   3.015
 1410    8  6.0    -0.112   1.383   0.275   1.002
 1411    6  4.0    -0.056   3.666   0.159   3.965
 1412    8  6.0    -0.055   1.789   0.155   1.978
 1413    7  5.0     0.010   3.809   0.385   3.011
 1414    6  4.0    -0.020   4.534   0.262   4.013
 1415    6  4.0    -0.043   3.698   0.513   3.016
 1416    8  6.0    -0.117   1.533   0.257   1.001
 1417    6  4.0    -0.035   4.313   0.173   3.996
 1418    6  4.0    -0.060   3.860   0.102   3.980
 1419    6  4.0    -0.080   3.831   0.054   3.981
 1420    6  4.0    -0.082   3.526   0.058   3.978
 1421    7  5.0     0.007   3.665   0.380   3.003
 1422    6  4.0    -0.021   4.364   0.228   3.990
 1423    6  4.0    -0.044   3.639   0.506   3.001
 1424    8  6.0    -0.115   1.515   0.260   1.002
 1425    6  4.0    -0.035   4.098   0.183   3.984
 1426    6  4.0    -0.079   3.789   0.070   3.995
 1427    6  4.0    -0.082   3.709   0.072   3.991
 1428    7  5.0     0.020   3.721   0.393   3.009
 1429    6  4.0    -0.016   4.395   0.270   4.006
 1430    6  4.0    -0.040   3.672   0.573   3.030
 1431    8  6.0    -0.104   1.679   0.297   1.007
 1432    6  4.0    -0.038   4.081   0.116   3.996
 1433    6  4.0    -0.005   2.880   0.565   2.993
 1434    8  6.0    -0.118   1.525   0.314   1.001
 1435    8  6.0    -0.104   1.165   0.202   0.999
 1436    7  5.0     0.015   3.684   0.390   3.015
 1437    6  4.0    -0.016   4.383   0.253   4.004
 1438    6  4.0    -0.037   3.678   0.566   3.013
 1439    8  6.0    -0.106   1.519   0.302   1.005
 1440    6  4.0    -0.042   4.180   0.120   3.999
 1441    6  4.0    -0.036   3.700   0.283   3.023
 1442    6  4.0    -0.067   3.414   0.226   3.025
 1443    6  4.0    -0.066   3.429   0.233   3.023
 1444    6  4.0    -0.069   3.202   0.226   3.020
 1445    6  4.0    -0.067   3.228   0.232   3.024
 1446    6  4.0    -0.067   3.216   0.229   3.020
 1447    7  5.0     0.011   3.770   0.400   3.011
 1448    6  4.0    -0.021   4.402   0.245   3.993
 1449    6  4.0    -0.043   3.586   0.543   3.002
 1450    8  6.0    -0.115   1.479   0.280   1.003
 1451    6  4.0    -0.036   3.994   0.152   3.976
 1452    6  4.0    -0.080   3.609   0.058   3.977
 1453    6  4.0    -0.082   3.637   0.061   3.981
 1454    7  5.0     0.006   3.609   0.374   3.000
 1455    6  4.0    -0.020   4.323   0.242   3.999
 1456    6  4.0    -0.041   3.735   0.554   3.052
 1457    8  6.0    -0.099   1.460   0.272   1.002
 1458    6  4.0    -0.057   3.976   0.113   3.986
 1459    6  4.0    -0.058   3.837   0.117   3.983
 1460    6  4.0    -0.059   3.719   0.121   3.978
 1461    6  4.0    -0.083   3.713   0.182   3.978
 1462    7  5.0     0.080   3.402   0.230   3.988
 1463    7  5.0     0.024   3.780   0.410   3.009
 1464    6  4.0    -0.013   4.437   0.274   4.030
 1465    6  4.0    -0.042   3.744   0.613   3.032
 1466    8  6.0    -0.091   1.544   0.299   1.019
 1467    6  4.0    -0.036   4.072   0.123   3.993
 1468    6  4.0     0.000   2.812   0.569   2.995
 1469    8  6.0    -0.091   1.251   0.294   1.000
 1470    8  6.0    -0.091   1.201   0.221   1.001
 1471    7  5.0     0.026   3.800   0.420   3.024
 1472    6  4.0    -0.017   4.391   0.237   4.008
 1473    6  4.0    -0.039   3.756   0.575   3.016
 1474    8  6.0    -0.099   1.483   0.286   1.003
 1475    6  4.0    -0.043   4.112   0.127   3.989
 1476    6  4.0    -0.015   3.761   0.372   3.253
 1477    7  5.0    -0.095   2.557   0.386   2.102
 1478    6  4.0    -0.093   3.932   0.329   3.155
 1479    6  4.0    -0.068   3.241   0.425   3.250
 1480    7  5.0     0.071   3.226   0.435   3.160
 1481    7  5.0     0.015   3.479   0.406   3.003
 1482    6  4.0    -0.041   3.830   0.188   3.988
 1483    6  4.0    -0.041   3.305   0.575   3.019
 1484    8  6.0    -0.102   1.482   0.294   1.013
 1485    7  5.0     0.001   3.984   0.413   3.014
 1486    6  4.0    -0.015   4.461   0.242   4.012
 1487    6  4.0    -0.046   3.460   0.550   3.004
 1488    8  6.0    -0.114   1.573   0.292   1.003
 1489    6  4.0    -0.037   4.106   0.111   3.982
 1490    6  4.0    -0.039   3.104   0.570   2.995
 1491    8  6.0    -0.109   1.403   0.287   1.005
 1492    7  5.0    -0.046   2.973   0.306   3.003
 1493    7  5.0     0.017   3.486   0.356   2.998
 1494    6  4.0    -0.017   4.273   0.211   3.983
 1495    6  4.0    -0.043   3.508   0.566   3.018
 1496    8  6.0    -0.112   1.492   0.300   1.004
 1497    6  4.0    -0.045   3.942   0.097   3.972
 1498    6  4.0    -0.042   3.602   0.256   3.019
 1499    6  4.0    -0.069   3.400   0.207   3.021
 1500    6  4.0    -0.070   3.379   0.226   3.014
 1501    6  4.0    -0.072   3.180   0.214   3.006
 1502    6  4.0    -0.067   3.247   0.225   3.016
 1503    6  4.0    -0.066   3.200   0.213   3.022
 1504    7  5.0    -0.003   3.768   0.393   3.008
 1505    6  4.0    -0.019   4.524   0.268   4.011
 1506    6  4.0    -0.049   3.486   0.547   3.021
 1507    8  6.0    -0.120   1.361   0.275   1.002
 1508    6  4.0    -0.056   4.051   0.108   3.994
 1509    6  4.0    -0.060   3.703   0.102   3.972
 1510    6  4.0    -0.058   3.865   0.101   3.973
 1511    6  4.0    -0.083   3.647   0.171   3.973
 1512    7  5.0     0.092   3.401   0.227   3.987
 1513    7  5.0     0.002   3.557   0.346   3.001
 1514    6  4.0    -0.022   4.083   0.217   3.982
 1515    6  4.0    -0.049   3.398   0.547   3.009
 1516    8  6.0    -0.121   1.510   0.278   1.001
 1517    6  4.0    -0.079   3.631   0.072   3.982
 1518    7  5.0     0.000   3.535   0.395   3.012
 1519    6  4.0    -0.019   4.294   0.253   3.996
 1520    6  4.0    -0.048   3.567   0.532   3.021
 1521    8  6.0    -0.122   1.547   0.279   1.002
 1522    6  4.0    -0.039   4.157   0.125   3.993
 1523    6  4.0    -0.041   3.621   0.289   3.015
 1524    6  4.0    -0.064   3.468   0.226   3.032
 1525    6  4.0    -0.070   3.421   0.229   3.028
 1526    6  4.0    -0.066   3.218   0.221   3.022
 1527    6  4.0    -0.067   3.288   0.228   3.028
 1528    6  4.0    -0.069   3.198   0.228   3.015
 1529    7  5.0     0.017   3.717   0.391   3.023
 1530    6  4.0    -0.021   4.507   0.280   4.011
 1531    6  4.0    -0.047   3.568   0.578   3.041
 1532    8  6.0    -0.117   1.593   0.273   1.004
 1533    6  4.0    -0.052   4.355   0.125   4.024
 1534    6  4.0    -0.038   3.985   0.188   3.982
 1535    6  4.0    -0.083   3.622   0.069   3.989
 1536    6  4.0    -0.081   3.792   0.074   3.988
 1537    7  5.0     0.014   3.548   0.397   3.011
 1538    6  4.0    -0.019   4.392   0.247   4.012
 1539    6  4.0    -0.049   3.593   0.590   3.036
 1540    8  6.0    -0.125   1.601   0.292   1.004
 1541    6  4.0    -0.051   3.855   0.249   4.000
 1542    8  6.0    -0.050   1.974   0.226   1.998
 1543    7  5.0     0.011   3.673   0.393   3.013
 1544    6  4.0    -0.021   4.473   0.227   3.997
 1545    6  4.0    -0.050   3.452   0.500   3.002
 1546    8  6.0    -0.114   1.309   0.244   1.000
 1547    6  4.0    -0.035   4.221   0.160   3.985
 1548    6  4.0    -0.060   3.900   0.123   3.979
 1549    6  4.0    -0.082   3.714   0.057   3.978
 1550    6  4.0    -0.081   3.605   0.077   3.982
 1551    7  5.0     0.016   3.599   0.363   3.002
 1552    6  4.0    -0.023   4.252   0.207   3.979
 1553    6  4.0    -0.052   3.473   0.499   3.022
 1554    8  6.0    -0.125   1.635   0.252   1.001
 1555    6  4.0    -0.047   4.369   0.122   3.991
 1556    6  4.0    -0.032   3.956   0.389   3.205
 1557    7  5.0    -0.281   3.327   0.490   3.051
 1558    6  4.0    -0.079   3.554   0.307   3.194
 1559    6  4.0    -0.078   3.542   0.417   3.256
 1560    7  5.0     0.056   3.157   0.424   3.114
 1561    7  5.0     0.017   3.711   0.375   3.020
 1562    6  4.0    -0.019   4.386   0.251   3.996
 1563    6  4.0    -0.045   3.599   0.540   3.020
 1564    8  6.0    -0.121   1.601   0.293   1.003
 1565    6  4.0    -0.056   3.766   0.176   3.970
 1566    8  6.0    -0.052   1.875   0.163   1.982
 1567    7  5.0     0.022   3.565   0.357   3.003
 1568    6  4.0    -0.022   4.252   0.220   3.975
 1569    6  4.0    -0.042   3.566   0.546   3.003
 1570    8  6.0    -0.108   1.685   0.279   1.003
 1571    6  4.0    -0.041   4.072   0.112   3.981
 1572    6  4.0    -0.036   3.717   0.281   3.013
 1573    6  4.0    -0.066   3.515   0.225   3.028
 1574    6  4.0    -0.062   3.476   0.222   3.032
 1575    6  4.0    -0.069   3.394   0.226   3.017
 1576    6  4.0    -0.068   3.335   0.228   3.014
 1577    6  4.0    -0.037   3.381   0.402   3.027
 1578    8  6.0    -0.030   1.929   0.221   1.993
 1579    7  5.0     0.007   3.616   0.397   3.002
 1580    6  4.0    -0.020   4.346   0.257   3.997
 1581    6  4.0    -0.045   3.601   0.556   3.029
 1582    8  6.0    -0.108   1.485   0.292   1.004
 1583    6  4.0    -0.049   4.009   0.227   3.999
 1584    8  6.0    -0.050   1.966   0.209   1.996
 1585    7  5.0     0.002   3.647   0.362   2.997
 1586    6  4.0    -0.015   4.300   0.224   3.995
 1587    6  4.0    -0.042   3.505   0.515   3.003
 1588    8  6.0    -0.112   1.430   0.259   1.001
 1589    6  4.0    -0.052   4.139   0.096   3.973
 1590    6  4.0    -0.042   3.963   0.114   3.983
 1591    6  4.0    -0.043   3.035   0.545   2.998
 1592    8  6.0    -0.117   1.327   0.291   1.004
 1593    7  5.0    -0.065   2.954   0.266   2.997
 1594    7  5.0     0.016   3.665   0.368   3.007
 1595    6  4.0    -0.022   4.432   0.258   4.002
 1596    6  4.0    -0.048   3.508   0.547   3.029
 1597    8  6.0    -0.122   1.609   0.277   1.002
 1598    6  4.0    -0.053   4.314   0.126   4.018
 1599    6  4.0    -0.038   3.943   0.158   3.978
 1600    6  4.0    -0.083   3.594   0.064   3.986
 1601    6  4.0    -0.081   3.606   0.054   3.975
 1602    7  5.0     0.003   3.535   0.366   3.014
 1603    6  4.0    -0.021   4.317   0.237   3.989
 1604    6  4.0    -0.048   3.540   0.521   3.021
 1605    8  6.0    -0.122   1.511   0.267   1.001
 1606    6  4.0    -0.055   4.123   0.112   3.985
 1607    6  4.0    -0.036   3.896   0.162   3.975
 1608    6  4.0    -0.080   3.723   0.067   3.993
 1609    6  4.0    -0.082   3.657   0.064   3.998
 1610    7  5.0     0.006   3.585   0.382   3.005
 1611    6  4.0    -0.020   4.350   0.255   4.002
 1612    6  4.0    -0.049   3.435   0.573   3.011
 1613    8  6.0    -0.122   1.574   0.293   1.002
 1614    6  4.0    -0.054   4.233   0.107   3.995
 1615    6  4.0    -0.037   3.947   0.183   3.979
 1616    6  4.0    -0.082   3.668   0.074   3.996
 1617    6  4.0    -0.080   3.693   0.068   3.990
 1618    7  5.0     0.020   3.585   0.375   3.009
 1619    6  4.0    -0.020   4.316   0.217   3.986
 1620    6  4.0    -0.050   3.640   0.587   3.011
 1621    8  6.0    -0.114   1.632   0.291   1.009
 1622    6  4.0    -0.043   4.025   0.102   3.974
 1623    6  4.0    -0.039   3.590   0.258   3.008
 1624    6  4.0    -0.068   3.394   0.218   3.020
 1625    6  4.0    -0.066   3.377   0.215   3.021
 1626    6  4.0    -0.070   3.342   0.226   3.014
 1627    6  4.0    -0.069   3.309   0.218   3.011
 1628    6  4.0    -0.039   3.377   0.363   3.019
 1629    8  6.0    -0.041   2.098   0.188   1.989
 1630    7  5.0     0.057   3.844   0.473   3.014
 1631    6  4.0    -0.021   4.593   0.211   4.000
 1632    6  4.0    -0.046   3.420   0.541   3.003
 1633    8  6.0    -0.114   1.350   0.285   1.003
 1634    6  4.0    -0.057   4.024   0.107   3.983
 1635    6  4.0    -0.058   3.856   0.111   3.995
 1636    6  4.0    -0.065   4.103   0.167   3.989
 1637    7  5.0     0.020   3.554   0.391   3.013
 1638    6  4.0    -0.023   4.394   0.244   3.991
 1639    6  4.0    -0.044   3.489   0.571   3.026
 1640    8  6.0    -0.119   1.568   0.309   1.005
 1641    6  4.0    -0.040   4.181   0.110   4.000
 1642    6  4.0    -0.041   3.590   0.264   3.016
 1643    6  4.0    -0.068   3.421   0.221   3.020
 1644    6  4.0    -0.071   3.380   0.214   3.018
 1645    6  4.0    -0.070   3.325   0.222   3.012
 1646    6  4.0    -0.068   3.336   0.227   3.015
 1647    6  4.0    -0.036   3.414   0.404   3.028
 1648    8  6.0    -0.033   2.033   0.230   1.995
 1649    7  5.0    -0.008   3.498   0.378   3.005
 1650    6  4.0    -0.041   3.931   0.189   3.996
 1651    6  4.0    -0.041   3.326   0.553   3.015
 1652    8  6.0    -0.118   1.536   0.306   1.005
 1653    7  5.0     0.009   3.588   0.360   3.000
 1654    6  4.0    -0.016   4.315   0.236   3.999
 1655    6  4.0    -0.043   3.555   0.576   3.012
 1656    8  6.0    -0.104   1.417   0.297   1.004
 1657    6  4.0    -0.041   4.043   0.104   3.980
 1658    6  4.0    -0.037   3.663   0.273   3.014
 1659    6  4.0    -0.066   3.469   0.228   3.035
 1660    6  4.0    -0.069   3.441   0.227   3.023
 1661    6  4.0    -0.068   3.341   0.232   3.012
 1662    6  4.0    -0.072   3.346   0.222   3.015
 1663    6  4.0    -0.035   3.407   0.399   3.035
 1664    8  6.0    -0.031   1.968   0.222   1.994
 1665    7  5.0     0.023   3.674   0.399   3.007
 1666    6  4.0    -0.022   4.288   0.231   3.987
 1667    6  4.0    -0.047   3.500   0.508   3.002
 1668    8  6.0    -0.108   1.387   0.261   1.001
 1669    6  4.0    -0.031   3.893   0.218   3.967
 1670    8  6.0    -0.052   2.031   0.165   1.983
 1671    6  4.0    -0.077   3.697   0.063   3.977
 1672    7  5.0    -0.005   3.601   0.368   3.001
 1673    6  4.0    -0.019   4.306   0.237   3.985
 1674    6  4.0    -0.040   3.610   0.545   3.023
 1675    8  6.0    -0.105   1.487   0.282   1.004
 1676    6  4.0    -0.033   3.947   0.251   3.979
 1677    8  6.0    -0.049   2.083   0.190   1.992
 1678    6  4.0    -0.082   3.576   0.067   3.981
 1679    7  5.0     0.020   3.642   0.386   3.009
 1680    6  4.0    -0.020   4.327   0.257   4.004
 1681    6  4.0    -0.039   3.651   0.561   3.005
 1682    8  6.0    -0.104   1.481   0.309   1.005
 1683    6  4.0    -0.052   4.102   0.111   3.989
 1684    6  4.0    -0.040   3.980   0.114   3.982
 1685    6  4.0    -0.040   3.036   0.569   2.998
 1686    8  6.0    -0.103   1.336   0.291   1.004
 1687    7  5.0    -0.055   2.859   0.293   3.001
 1688    7  5.0     0.011   3.461   0.357   3.000
 1689    6  4.0    -0.022   4.193   0.232   3.983
 1690    6  4.0    -0.041   3.596   0.569   3.045
 1691    8  6.0    -0.109   1.560   0.285   1.007
 1692    6  4.0    -0.054   3.992   0.216   3.993
 1693    8  6.0    -0.058   1.984   0.205   1.991
 1694    7  5.0     0.010   3.652   0.406   3.007
 1695    6  4.0    -0.019   4.593   0.237   4.020
 1696    6  4.0    -0.049   3.829   0.556   3.014
 1697    8  6.0    -0.112   1.589   0.285   1.008
 1698    6  4.0    -0.035   4.293   0.173   3.988
 1699    6  4.0    -0.056   4.092   0.116   3.991
 1700    6  4.0    -0.079   3.800   0.069   3.988
 1701    6  4.0    -0.082   3.499   0.061   3.978
 1702    7  5.0     0.051   3.962   0.497   3.028
 1703    6  4.0    -0.019   4.515   0.244   4.014
 1704    6  4.0    -0.043   3.644   0.549   3.026
 1705    8  6.0    -0.105   1.412   0.283   1.003
 1706    6  4.0    -0.054   4.121   0.130   4.010
 1707    6  4.0    -0.057   3.914   0.132   4.004
 1708    6  4.0    -0.062   4.146   0.204   4.011
 1709    7  5.0     0.014   3.812   0.383   3.008
 1710    6  4.0    -0.016   4.474   0.260   4.021
 1711    6  4.0    -0.045   3.618   0.579   3.048
 1712    8  6.0    -0.118   1.651   0.277   1.003
 1713    6  4.0    -0.037   4.176   0.128   4.004
 1714    6  4.0    -0.007   2.969   0.606   3.003
 1715    8  6.0    -0.103   1.297   0.239   1.003
 1716    8  6.0    -0.116   1.486   0.308   1.001
 1717    7  5.0    -0.002   3.639   0.421   3.010
 1718    6  4.0    -0.019   4.382   0.259   4.024
 1719    6  4.0    -0.042   3.802   0.595   3.019
 1720    8  6.0    -0.113   1.730   0.312   1.016
 1721    6  4.0    -0.059   4.114   0.124   3.984
 1722    6  4.0    -0.060   4.014   0.116   3.982
 1723    6  4.0    -0.062   3.755   0.118   3.979
 1724    6  4.0    -0.083   3.730   0.185   3.979
 1725    7  5.0     0.079   3.841   0.229   3.989
 1726    7  5.0     0.013   3.701   0.403   3.021
 1727    6  4.0    -0.018   4.468   0.231   4.004
 1728    6  4.0    -0.038   3.802   0.565   3.040
 1729    8  6.0    -0.112   1.525   0.291   1.004
 1730    6  4.0    -0.034   4.039   0.259   3.987
 1731    8  6.0    -0.052   2.042   0.197   1.993
 1732    6  4.0    -0.080   3.616   0.065   3.978
 1733    7  5.0     0.006   3.695   0.417   3.012
 1734    6  4.0    -0.018   4.333   0.269   4.023
 1735    6  4.0    -0.042   3.676   0.479   3.016
 1736    8  6.0    -0.121   1.547   0.244   1.000
 1737    6  4.0    -0.054   4.069   0.114   3.989
 1738    6  4.0    -0.040   3.781   0.099   3.971
 1739    6  4.0    -0.011   2.756   0.551   2.990
 1740    8  6.0    -0.116   1.504   0.288   1.001
 1741    8  6.0    -0.104   1.819   0.219   1.089
 1742    7  5.0    -0.002   3.640   0.349   2.998
 1743    6  4.0    -0.019   4.366   0.231   3.998
 1744    6  4.0    -0.041   3.659   0.584   3.036
 1745    8  6.0    -0.119   1.672   0.305   1.004
 1746    6  4.0    -0.057   4.150   0.110   3.987
 1747    6  4.0    -0.038   3.888   0.172   3.977
 1748    6  4.0    -0.082   3.647   0.064   3.993
 1749    6  4.0    -0.080   3.747   0.071   3.991
 1750    7  5.0     0.017   3.848   0.435   3.029
 1751    6  4.0    -0.015   4.426   0.279   4.027
 1752    6  4.0    -0.037   3.773   0.588   3.036
 1753    8  6.0    -0.111   1.654   0.301   1.009
 1754    6  4.0    -0.039   4.110   0.115   3.996
 1755    6  4.0    -0.039   3.045   0.512   2.996
 1756    8  6.0    -0.102   1.227   0.250   1.001
 1757    7  5.0    -0.058   2.962   0.278   2.998
 1758    7  5.0     0.022   3.801   0.427   3.023
 1759    6  4.0    -0.017   4.400   0.270   4.017
 1760    6  4.0    -0.039   3.844   0.635   3.034
 1761    8  6.0    -0.110   1.648   0.332   1.013
 1762    6  4.0    -0.054   3.841   0.087   3.969
 1763    6  4.0    -0.040   3.712   0.085   3.962
 1764    6  4.0    -0.041   2.877   0.498   2.986
 1765    8  6.0    -0.106   1.216   0.261   1.002
 1766    7  5.0    -0.054   2.807   0.273   2.998
 1767    7  5.0     0.008   3.869   0.414   3.013
 1768    6  4.0    -0.019   4.531   0.248   4.020
 1769    6  4.0    -0.043   3.726   0.572   3.010
 1770    8  6.0    -0.119   1.627   0.302   1.004
 1771    6  4.0    -0.037   4.037   0.162   3.978
 1772    6  4.0    -0.081   3.618   0.050   3.974
 1773    6  4.0    -0.080   3.754   0.066   3.997
 1774    7  5.0     0.012   3.745   0.386   3.008
 1775    6  4.0    -0.020   4.159   0.249   3.998
 1776    6  4.0    -0.041   3.689   0.565   3.024
 1777    8  6.0    -0.119   1.627   0.287   1.004
 1778    6  4.0    -0.080   3.682   0.065   3.986
 1779    7  5.0     0.017   3.742   0.382   3.011
 1780    6  4.0    -0.020   4.304   0.239   4.002
 1781    6  4.0    -0.043   3.730   0.560   3.020
 1782    8  6.0    -0.117   1.558   0.289   1.006
 1783    6  4.0    -0.057   4.049   0.118   3.987
 1784    6  4.0    -0.056   3.936   0.118   3.985
 1785    6  4.0    -0.061   3.820   0.126   3.983
 1786    6  4.0    -0.084   3.789   0.201   3.985
 1787    7  5.0     0.079   3.458   0.239   3.991
 1788    7  5.0     0.015   3.863   0.414   3.014
 1789    6  4.0    -0.017   4.403   0.274   4.020
 1790    6  4.0    -0.042   3.725   0.589   3.037
 1791    8  6.0    -0.115   1.493   0.289   1.003
 1792    6  4.0    -0.057   3.781   0.179   3.981
 1793    8  6.0    -0.052   1.830   0.166   1.983
 1794    7  5.0     0.008   3.801   0.394   3.011
 1795    6  4.0    -0.019   4.170   0.229   4.010
 1796    6  4.0    -0.042   3.589   0.587   3.013
 1797    8  6.0    -0.118   1.511   0.299   1.004
 1798    6  4.0    -0.081   3.615   0.060   3.980
 1799    7  5.0     0.007   3.850   0.403   3.016
 1800    6  4.0    -0.020   4.451   0.250   4.001
 1801    6  4.0    -0.043   3.580   0.507   3.004
 1802    8  6.0    -0.115   1.435   0.258   1.001
 1803    6  4.0    -0.035   4.119   0.181   3.989
 1804    6  4.0    -0.080   3.624   0.069   3.978
 1805    6  4.0    -0.083   3.642   0.064   3.979
 1806    7  5.0     0.007   3.597   0.362   3.000
 1807    6  4.0    -0.022   4.018   0.232   3.982
 1808    6  4.0    -0.042   3.498   0.555   3.009
 1809    8  6.0    -0.110   1.453   0.295   1.007
 1810    6  4.0    -0.081   3.541   0.062   3.977
 1811    7  5.0     0.015   3.647   0.394   3.011
 1812    6  4.0    -0.021   4.186   0.250   4.004
 1813    6  4.0    -0.041   3.753   0.632   3.052
 1814    8  6.0    -0.121   1.825   0.314   1.013
 1815    6  4.0    -0.081   3.663   0.057   3.983
 1816    7  5.0     0.013   3.819   0.464   3.031
 1817    6  4.0    -0.018   4.322   0.254   4.025
 1818    6  4.0    -0.043   3.848   0.593   3.016
 1819    8  6.0    -0.112   1.515   0.304   1.008
 1820    6  4.0    -0.056   4.177   0.098   3.988
 1821    6  4.0    -0.035   3.840   0.164   3.974
 1822    6  4.0    -0.080   3.654   0.068   3.995
 1823    6  4.0    -0.079   3.715   0.061   3.991
 1824    7  5.0     0.008   3.868   0.421   3.016
 1825    6  4.0    -0.018   4.371   0.260   4.014
 1826    6  4.0    -0.042   3.821   0.581   3.040
 1827    8  6.0    -0.113   1.626   0.280   1.004
 1828    6  4.0    -0.054   4.089   0.112   3.997
 1829    6  4.0    -0.057   3.888   0.115   3.977
 1830    6  4.0    -0.061   3.732   0.115   3.978
 1831    6  4.0    -0.084   3.690   0.184   3.977
 1832    7  5.0     0.082   3.435   0.233   3.988
 1833    7  5.0     0.013   3.850   0.410   3.012
 1834    6  4.0    -0.017   4.310   0.249   4.010
 1835    6  4.0    -0.040   3.566   0.541   3.013
 1836    8  6.0    -0.100   1.362   0.263   1.002
 1837    6  4.0    -0.055   3.727   0.193   3.975
 1838    8  6.0    -0.048   1.980   0.185   1.989
 1839    7  5.0     0.012   3.548   0.379   3.001
 1840    6  4.0    -0.020   4.394   0.229   3.997
 1841    6  4.0    -0.039   3.587   0.596   3.033
 1842    8  6.0    -0.100   1.431   0.312   1.006
 1843    6  4.0    -0.053   4.375   0.135   4.031
 1844    6  4.0    -0.038   3.938   0.202   3.982
 1845    6  4.0    -0.083   3.605   0.060   3.983
 1846    6  4.0    -0.079   3.775   0.072   4.004
 1847    7  5.0     0.010   3.776   0.396   3.005
 1848    6  4.0    -0.017   4.395   0.255   4.005
 1849    6  4.0    -0.046   3.535   0.597   3.026
 1850    8  6.0    -0.103   1.479   0.296   1.005
 1851    6  4.0    -0.041   4.121   0.119   3.989
 1852    6  4.0    -0.040   3.707   0.302   3.021
 1853    6  4.0    -0.064   3.452   0.239   3.036
 1854    6  4.0    -0.067   3.510   0.234   3.050
 1855    6  4.0    -0.066   3.350   0.225   3.027
 1856    6  4.0    -0.073   3.396   0.238   3.019
 1857    6  4.0    -0.039   3.358   0.380   3.025
 1858    8  6.0    -0.033   1.990   0.197   1.990
 1859    7  5.0     0.005   3.499   0.383   3.004
 1860    6  4.0    -0.039   3.912   0.173   3.999
 1861    6  4.0    -0.045   3.252   0.559   3.001
 1862    8  6.0    -0.111   1.381   0.288   1.004
 1863    7  5.0     0.025   3.566   0.376   3.004
 1864    6  4.0    -0.020   4.400   0.231   3.996
 1865    6  4.0    -0.045   3.596   0.569   3.016
 1866    8  6.0    -0.114   1.415   0.279   1.003
 1867    6  4.0    -0.031   3.986   0.260   3.980
 1868    8  6.0    -0.050   2.084   0.199   1.991
 1869    6  4.0    -0.079   3.637   0.060   3.979
 1870    7  5.0     0.009   3.565   0.420   3.014
 1871    6  4.0    -0.019   4.297   0.262   4.001
 1872    6  4.0    -0.047   3.469   0.550   3.022
 1873    8  6.0    -0.116   1.492   0.278   1.002
 1874    6  4.0    -0.053   3.832   0.210   3.990
 1875    8  6.0    -0.056   1.837   0.198   1.990
 1876    7  5.0     0.014   3.537   0.391   3.007
 1877    6  4.0    -0.018   4.405   0.258   4.007
 1878    6  4.0    -0.048   3.564   0.592   3.033
 1879    8  6.0    -0.113   1.478   0.290   1.006
 1880    6  4.0    -0.040   4.175   0.121   4.003
 1881    6  4.0    -0.041   3.645   0.283   3.020
 1882    6  4.0    -0.071   3.463   0.223   3.024
 1883    6  4.0    -0.066   3.528   0.231   3.032
 1884    6  4.0    -0.071   3.375   0.229   3.021
 1885    6  4.0    -0.069   3.443   0.236   3.021
 1886    6  4.0    -0.040   3.443   0.427   3.030
 1887    8  6.0    -0.035   2.018   0.238   1.996
 1888    7  5.0     0.020   3.711   0.421   3.022
 1889    6  4.0    -0.024   4.320   0.250   4.001
 1890    6  4.0    -0.051   3.454   0.506   3.021
 1891    8  6.0    -0.124   1.558   0.257   1.001
 1892    6  4.0    -0.058   4.341   0.120   3.989
 1893    6  4.0    -0.061   4.091   0.116   3.986
 1894    6  4.0    -0.061   3.775   0.121   3.980
 1895    6  4.0    -0.083   3.782   0.183   3.981
 1896    7  5.0     0.081   3.729   0.228   3.988
 1897    7  5.0     0.012   3.536   0.361   3.000
 1898    6  4.0    -0.017   4.354   0.240   3.994
 1899    6  4.0    -0.047   3.475   0.554   3.017
 1900    8  6.0    -0.105   1.399   0.264   1.002
 1901    6  4.0    -0.039   4.166   0.124   3.990
 1902    6  4.0    -0.036   3.723   0.275   3.017
 1903    6  4.0    -0.069   3.433   0.220   3.021
 1904    6  4.0    -0.064   3.402   0.218   3.021
 1905    6  4.0    -0.070   3.287   0.215   3.011
 1906    6  4.0    -0.069   3.334   0.222   3.012
 1907    6  4.0    -0.037   3.417   0.399   3.027
 1908    8  6.0    -0.036   1.979   0.227   1.994
 1909    7  5.0     0.012   3.422   0.414   3.011
 1910    6  4.0    -0.042   3.990   0.208   4.009
 1911    6  4.0    -0.044   3.415   0.576   3.022
 1912    8  6.0    -0.114   1.600   0.280   1.003
 1913    7  5.0     0.017   3.532   0.398   3.013
 1914    6  4.0    -0.020   4.268   0.235   3.997
 1915    6  4.0    -0.041   3.702   0.553   3.021
 1916    8  6.0    -0.115   1.743   0.272   1.005
 1917    6  4.0    -0.054   3.773   0.198   3.983
 1918    8  6.0    -0.050   2.004   0.182   1.987
 1919    7  5.0     0.003   3.586   0.397   3.005
 1920    6  4.0    -0.019   4.463   0.238   4.006
 1921    6  4.0    -0.040   3.837   0.566   3.042
 1922    8  6.0    -0.114   1.606   0.275   1.003
 1923    6  4.0    -0.038   4.134   0.144   3.972
 1924    6  4.0    -0.061   3.749   0.099   3.971
 1925    6  4.0    -0.081   3.649   0.046   3.969
 1926    6  4.0    -0.083   3.357   0.049   3.970
 1927    7  5.0     0.002   3.823   0.422   3.016
 1928    6  4.0    -0.016   4.601   0.283   4.036
 1929    6  4.0    -0.040   3.807   0.601   3.027
 1930    8  6.0    -0.101   1.536   0.316   1.009
 1931    6  4.0    -0.034   4.228   0.161   3.985
 1932    6  4.0    -0.057   3.866   0.116   3.981
 1933    6  4.0    -0.081   3.688   0.048   3.970
 1934    6  4.0    -0.083   3.441   0.060   3.977
 1935    7  5.0     0.006   3.833   0.380   3.006
 1936    6  4.0    -0.017   4.435   0.228   4.008
 1937    6  4.0    -0.041   3.578   0.592   3.023
 1938    8  6.0    -0.100   1.413   0.300   1.006
 1939    6  4.0    -0.033   3.979   0.249   3.980
 1940    8  6.0    -0.055   2.111   0.187   1.988
 1941    6  4.0    -0.081   3.607   0.065   3.981
 1942    7  5.0     0.023   3.858   0.432   3.016
 1943    6  4.0    -0.019   4.541   0.277   4.021
 1944    6  4.0    -0.045   3.563   0.611   3.009
 1945    8  6.0    -0.105   1.386   0.303   1.006
 1946    6  4.0    -0.033   4.067   0.263   3.983
 1947    8  6.0    -0.050   2.104   0.186   1.995
 1948    6  4.0    -0.078   3.700   0.078   3.990
 1949    7  5.0     0.023   3.744   0.404   3.016
 1950    6  4.0    -0.022   4.438   0.234   3.997
 1951    6  4.0    -0.046   3.488   0.524   3.007
 1952    8  6.0    -0.096   1.307   0.264   1.001
 1953    6  4.0    -0.037   4.397   0.187   3.989
 1954    6  4.0    -0.059   3.939   0.124   3.992
 1955    6  4.0    -0.080   3.848   0.070   3.986
 1956    6  4.0    -0.083   3.513   0.060   3.979
 1957    7  5.0     0.019   3.798   0.385   3.016
 1958    6  4.0    -0.019   4.398   0.254   4.007
 1959    6  4.0    -0.043   3.807   0.608   3.072
 1960    8  6.0    -0.113   1.619   0.283   1.004
 1961    6  4.0    -0.041   4.225   0.115   3.998
 1962    6  4.0    -0.040   3.714   0.275   3.020
 1963    6  4.0    -0.069   3.374   0.219   3.016
 1964    6  4.0    -0.069   3.481   0.228   3.021
 1965    6  4.0    -0.068   3.297   0.218   3.020
 1966    6  4.0    -0.067   3.314   0.232   3.019
 1967    6  4.0    -0.039   3.302   0.355   3.013
 1968    8  6.0    -0.034   1.845   0.184   1.987
 1969    7  5.0     0.018   3.869   0.473   3.043
 1970    6  4.0    -0.017   4.578   0.313   4.065
 1971    6  4.0    -0.043   3.841   0.623   3.030
 1972    8  6.0    -0.110   1.578   0.325   1.009
 1973    6  4.0    -0.057   4.298   0.124   3.998
 1974    6  4.0    -0.038   4.156   0.128   4.002
 1975    6  4.0    -0.038   3.081   0.556   2.998
 1976    8  6.0    -0.095   1.296   0.270   1.002
 1977    7  5.0    -0.059   3.005   0.298   3.005
 1978    7  5.0     0.014   3.617   0.384   3.018
 1979    6  4.0    -0.021   4.130   0.243   3.989
 1980    6  4.0    -0.048   3.532   0.606   3.029
 1981    8  6.0    -0.106   1.575   0.316   1.008
 1982    6  4.0    -0.075   3.660   0.069   3.990
 1983    7  5.0     0.025   3.569   0.418   3.014
 1984    6  4.0    -0.019   4.241   0.262   3.996
 1985    6  4.0    -0.040   3.429   0.556   3.006
 1986    8  6.0    -0.105   1.447   0.305   1.003
 1987    6  4.0    -0.053   3.809   0.188   3.983
 1988    8  6.0    -0.044   1.876   0.174   1.985
 1989    7  5.0    -0.002   3.280   0.334   2.995
 1990    6  4.0    -0.041   3.888   0.173   3.985
 1991    6  4.0    -0.041   3.281   0.585   3.003
 1992    8  6.0    -0.109   1.634   0.301   1.004
 1993    7  5.0     0.027   3.359   0.401   3.003
 1994    6  4.0    -0.043   3.938   0.207   3.998
 1995    6  4.0    -0.044   3.353   0.585   3.016
 1996    8  6.0    -0.113   1.493   0.286   1.004
 1997    7  5.0     0.005   3.519   0.407   3.009
 1998    6  4.0    -0.017   4.289   0.247   4.003
 1999    6  4.0    -0.041   3.584   0.547   3.012
 2000    8  6.0    -0.116   1.523   0.275   1.002
 2001    6  4.0    -0.053   3.806   0.211   3.980
 2002    8  6.0    -0.049   1.884   0.198   1.990
 2003    7  5.0     0.000   3.684   0.389   3.003
 2004    6  4.0    -0.021   4.480   0.252   4.004
 2005    6  4.0    -0.046   3.631   0.515   3.011
 2006    8  6.0    -0.118   1.479   0.259   1.001
 2007    6  4.0    -0.035   4.172   0.165   3.981
 2008    6  4.0    -0.059   3.865   0.114   3.979
 2009    6  4.0    -0.082   3.675   0.059   3.980
 2010    6  4.0    -0.082   3.481   0.061   3.978
 2011    7  5.0     0.016   3.785   0.375   3.016
 2012    6  4.0    -0.018   4.408   0.265   4.006
 2013    6  4.0    -0.043   3.646   0.555   3.032
 2014    8  6.0    -0.110   1.522   0.277   1.005
 2015    6  4.0    -0.041   4.144   0.135   3.999
 2016    6  4.0    -0.008   2.957   0.665   2.999
 2017    8  6.0    -0.120   1.443   0.345   1.004
 2018    8  6.0    -0.121   1.490   0.273   1.005
 2019    7  5.0     0.008   3.785   0.423   3.014
 2020    6  4.0    -0.016   4.370   0.261   4.009
 2021    6  4.0    -0.038   3.721   0.518   3.007
 2022    8  6.0    -0.114   1.559   0.258   1.001
 2023    6  4.0    -0.045   4.066   0.113   3.983
 2024    6  4.0    -0.043   3.904   0.304   3.112
 2025    6  4.0    -0.085   3.525   0.316   3.227
 2026    6  4.0    -0.011   4.191   0.347   3.240
 2027    7  5.0     0.048   3.363   0.414   3.127
 2028    6  4.0    -0.037   4.087   0.430   3.217
 2029    6  4.0    -0.072   3.536   0.271   3.038
 2030    6  4.0    -0.077   3.400   0.245   3.017
 2031    6  4.0    -0.072   3.297   0.244   3.037
 2032    6  4.0    -0.071   3.281   0.242   3.045
 2033    7  5.0     0.014   3.691   0.386   3.001
 2034    6  4.0    -0.022   4.330   0.255   3.999
 2035    6  4.0    -0.041   3.822   0.609   3.058
 2036    8  6.0    -0.115   1.648   0.298   1.007
 2037    6  4.0    -0.055   3.805   0.230   3.982
 2038    8  6.0    -0.044   2.027   0.208   1.994
 2039    7  5.0     0.015   3.872   0.469   3.026
 2040    6  4.0    -0.014   4.461   0.281   4.046
 2041    6  4.0    -0.039   3.858   0.568   3.020
 2042    8  6.0    -0.102   1.622   0.289   1.005
 2043    6  4.0    -0.042   4.146   0.113   3.992
 2044    6  4.0    -0.036   3.645   0.274   3.019
 2045    6  4.0    -0.068   3.361   0.217   3.018
 2046    6  4.0    -0.064   3.430   0.229   3.023
 2047    6  4.0    -0.069   3.310   0.219   3.016
 2048    6  4.0    -0.067   3.336   0.230   3.018
 2049    6  4.0    -0.038   3.360   0.369   3.019
 2050    8  6.0    -0.041   1.989   0.193   1.989
 2051    7  5.0     0.019   3.814   0.385   3.004
 2052    6  4.0    -0.015   4.406   0.248   4.002
 2053    6  4.0    -0.046   3.637   0.590   3.016
 2054    8  6.0    -0.100   1.410   0.286   1.005
 2055    6  4.0    -0.039   4.084   0.116   3.991
 2056    6  4.0    -0.040   3.049   0.528   2.995
 2057    8  6.0    -0.117   1.619   0.262   1.005
 2058    7  5.0    -0.051   2.853   0.288   3.002
 2059    7  5.0     0.022   3.913   0.400   3.009
 2060    6  4.0    -0.018   4.343   0.221   3.988
 2061    6  4.0    -0.044   3.508   0.583   3.021
 2062    8  6.0    -0.103   1.472   0.297   1.007
 2063    6  4.0    -0.050   4.055   0.110   3.984
 2064    6  4.0    -0.039   4.035   0.137   3.991
 2065    6  4.0    -0.039   3.192   0.541   3.002
 2066    8  6.0    -0.104   1.331   0.277   1.006
 2067    7  5.0    -0.045   2.884   0.263   2.999
 2068    7  5.0     0.016   3.545   0.405   3.003
 2069    6  4.0    -0.039   3.936   0.196   4.002
 2070    6  4.0    -0.044   3.228   0.548   3.000
 2071    8  6.0    -0.106   1.367   0.292   1.004
 2072    7  5.0     0.021   3.637   0.347   3.010
 2073    6  4.0    -0.020   4.554   0.240   4.022
 2074    6  4.0    -0.042   3.718   0.614   3.042
 2075    8  6.0    -0.111   1.624   0.302   1.006
 2076    6  4.0    -0.033   4.314   0.196   3.990
 2077    6  4.0    -0.057   4.015   0.130   4.010
 2078    6  4.0    -0.078   3.863   0.073   4.003
 2079    6  4.0    -0.083   3.472   0.062   3.978
 2080    7  5.0     0.013   3.666   0.448   3.028
 2081    6  4.0    -0.019   4.431   0.280   4.022
 2082    6  4.0    -0.046   3.740   0.580   3.015
 2083    8  6.0    -0.122   1.492   0.290   1.005
 2084    6  4.0    -0.057   4.111   0.119   3.991
 2085    6  4.0    -0.057   3.967   0.127   3.986
 2086    6  4.0    -0.059   3.825   0.119   3.982
 2087    6  4.0    -0.085   3.749   0.187   3.979
 2088    7  5.0     0.095   3.524   0.235   3.989
 2089    7  5.0     0.018   3.673   0.393   3.008
 2090    6  4.0    -0.019   4.357   0.241   4.000
 2091    6  4.0    -0.049   3.375   0.535   3.001
 2092    8  6.0    -0.121   1.490   0.268   1.001
 2093    6  4.0    -0.043   4.105   0.117   3.986
 2094    6  4.0    -0.042   3.675   0.291   3.018
 2095    6  4.0    -0.069   3.460   0.231   3.037
 2096    6  4.0    -0.069   3.422   0.229   3.030
 2097    6  4.0    -0.073   3.439   0.229   3.015
 2098    6  4.0    -0.070   3.317   0.220   3.018
 2099    6  4.0    -0.038   3.435   0.387   3.026
 2100    8  6.0    -0.038   2.068   0.208   1.992
 2101    7  5.0     0.017   3.499   0.362   3.002
 2102    6  4.0    -0.022   4.212   0.225   3.988
 2103    6  4.0    -0.047   3.500   0.558   3.023
 2104    8  6.0    -0.115   1.440   0.268   1.002
 2105    6  4.0    -0.054   3.707   0.170   3.971
 2106    8  6.0    -0.057   1.940   0.159   1.980
 2107    7  5.0     0.016   3.568   0.397   3.007
 2108    6  4.0    -0.018   4.378   0.241   4.007
 2109    6  4.0    -0.049   3.548   0.596   3.041
 2110    8  6.0    -0.122   1.560   0.294   1.004
 2111    6  4.0    -0.040   4.146   0.109   4.001
 2112    6  4.0    -0.041   3.618   0.280   3.013
 2113    6  4.0    -0.067   3.422   0.229   3.038
 2114    6  4.0    -0.067   3.445   0.232   3.030
 2115    6  4.0    -0.073   3.176   0.225   3.010
 2116    6  4.0    -0.071   3.212   0.225   3.015
 2117    6  4.0    -0.068   3.216   0.222   3.031
 2118    7  5.0     0.005   3.570   0.407   3.009
 2119    6  4.0    -0.020   4.396   0.230   4.005
 2120    6  4.0    -0.047   3.530   0.524   3.017
 2121    8  6.0    -0.120   1.560   0.268   1.003
 2122    6  4.0    -0.031   3.989   0.277   3.989
 2123    8  6.0    -0.056   2.043   0.213   1.995
 2124    6  4.0    -0.081   3.795   0.061   3.981
 2125    7  5.0     0.012   3.555   0.380   3.005
 2126    6  4.0    -0.021   4.255   0.244   3.986
 2127    6  4.0    -0.049   3.458   0.513   3.019
 2128    8  6.0    -0.121   1.602   0.251   1.001
 2129    6  4.0    -0.041   4.130   0.119   3.998
 2130    6  4.0    -0.046   3.560   0.282   3.011
 2131    6  4.0    -0.070   3.440   0.221   3.032
 2132    6  4.0    -0.070   3.401   0.231   3.035
 2133    6  4.0    -0.074   3.228   0.226   3.017
 2134    6  4.0    -0.073   3.206   0.227   3.016
 2135    6  4.0    -0.073   3.215   0.231   3.023
 2136    7  5.0     0.009   3.555   0.379   3.010
 2137    6  4.0    -0.020   4.264   0.218   3.985
 2138    6  4.0    -0.045   3.433   0.520   3.012
 2139    8  6.0    -0.114   1.588   0.273   1.002
 2140    6  4.0    -0.052   4.006   0.109   3.980
 2141    6  4.0    -0.042   3.822   0.110   3.980
 2142    6  4.0    -0.009   2.907   0.582   2.994
 2143    8  6.0    -0.104   1.474   0.285   1.000
 2144    8  6.0    -0.125   1.517   0.248   1.003
 2145    7  5.0     0.009   3.538   0.394   3.000
 2146    6  4.0    -0.023   4.238   0.234   3.979
 2147    6  4.0    -0.043   3.352   0.468   2.991
 2148    8  6.0    -0.108   1.520   0.256   1.000
 2149    6  4.0    -0.058   4.182   0.109   3.983
 2150    6  4.0    -0.040   3.887   0.167   3.976
 2151    6  4.0    -0.083   3.584   0.060   3.984
 2152    6  4.0    -0.081   3.717   0.064   3.987
 2153    7  5.0     0.007   3.494   0.339   3.001
 2154    6  4.0    -0.020   4.338   0.232   3.987
 2155    6  4.0    -0.045   3.530   0.521   3.017
 2156    8  6.0    -0.112   1.381   0.261   1.001
 2157    6  4.0    -0.056   4.143   0.114   4.000
 2158    6  4.0    -0.061   3.823   0.126   3.980
 2159    6  4.0    -0.059   3.947   0.196   3.992
 2160    7  5.0    -0.007   3.308   0.394   3.011
 2161    6  4.0    -0.079   3.274   0.647   3.005
 2162    7  5.0    -0.064   3.115   0.286   3.015
 2163    7  5.0    -0.055   2.976   0.288   3.013
 2164    7  5.0     0.016   3.572   0.370   3.005
 2165    6  4.0    -0.021   4.351   0.251   3.987
 2166    6  4.0    -0.042   3.589   0.493   3.031
 2167    8  6.0    -0.114   1.470   0.238   1.000
 2168    6  4.0    -0.041   4.070   0.109   3.980
 2169    6  4.0    -0.013   2.866   0.514   2.989
 2170    8  6.0    -0.115   1.520   0.219   0.999
 2171    8  6.0    -0.126   1.516   0.251   1.002
 2172    7  5.0     0.001   3.768   0.370   3.001
 2173    6  4.0    -0.018   4.478   0.250   4.013
 2174    6  4.0    -0.049   3.420   0.523   3.007
 2175    8  6.0    -0.110   1.373   0.265   1.001
 2176    6  4.0    -0.030   4.033   0.281   3.984
 2177    8  6.0    -0.049   2.144   0.212   1.998
 2178    6  4.0    -0.079   3.672   0.065   3.984
 2179    7  5.0     0.000   3.352   0.357   2.995
 2180    6  4.0    -0.042   3.825   0.171   3.984
 2181    6  4.0    -0.043   3.231   0.553   2.998
 2182    8  6.0    -0.094   1.465   0.311   1.004
 2183    7  5.0     0.007   3.497   0.358   3.005
 2184    6  4.0    -0.019   4.331   0.250   3.991
 2185    6  4.0    -0.040   3.705   0.511   3.016
 2186    8  6.0    -0.103   1.349   0.244   1.001
 2187    6  4.0    -0.057   4.037   0.127   3.987
 2188    6  4.0    -0.055   3.855   0.126   3.980
 2189    6  4.0    -0.056   3.956   0.192   3.982
 2190    7  5.0    -0.014   3.208   0.361   3.005
 2191    6  4.0    -0.077   3.220   0.621   3.001
 2192    7  5.0    -0.061   2.949   0.278   3.008
 2193    7  5.0    -0.064   2.917   0.297   3.014
 2194    7  5.0     0.019   3.767   0.367   2.998
 2195    6  4.0    -0.018   4.355   0.244   4.002
 2196    6  4.0    -0.043   3.466   0.542   3.015
 2197    8  6.0    -0.109   1.510   0.280   1.003
 2198    6  4.0    -0.043   4.114   0.122   3.990
 2199    6  4.0    -0.041   3.705   0.285   3.022
 2200    6  4.0    -0.069   3.400   0.231   3.028
 2201    6  4.0    -0.068   3.515   0.232   3.038
 2202    6  4.0    -0.069   3.385   0.231   3.029
 2203    6  4.0    -0.070   3.381   0.230   3.022
 2204    6  4.0    -0.040   3.377   0.400   3.022
 2205    8  6.0    -0.032   1.909   0.214   1.992
 2206    7  5.0     0.029   3.407   0.377   3.003
 2207    6  4.0    -0.041   3.978   0.193   3.999
 2208    6  4.0    -0.040   3.473   0.556   3.011
 2209    8  6.0    -0.103   1.421   0.282   1.002
 2210    7  5.0     0.008   3.605   0.381   3.005
 2211    6  4.0    -0.017   4.352   0.240   3.997
 2212    6  4.0    -0.046   3.563   0.557   3.016
 2213    8  6.0    -0.118   1.517   0.297   1.003
 2214    6  4.0    -0.044   4.066   0.112   3.985
 2215    6  4.0    -0.044   3.658   0.278   3.017
 2216    6  4.0    -0.069   3.475   0.227   3.031
 2217    6  4.0    -0.070   3.379   0.225   3.025
 2218    6  4.0    -0.073   3.228   0.228   3.012
 2219    6  4.0    -0.071   3.232   0.225   3.014
 2220    6  4.0    -0.067   3.250   0.225   3.030
 2221    7  5.0     0.011   3.779   0.369   3.024
 2222    6  4.0    -0.019   4.350   0.259   4.007
 2223    6  4.0    -0.042   3.641   0.616   3.042
 2224    8  6.0    -0.111   1.596   0.304   1.008
 2225    6  4.0    -0.054   4.232   0.110   4.002
 2226    6  4.0    -0.038   3.833   0.179   3.978
 2227    6  4.0    -0.081   3.651   0.067   3.984
 2228    6  4.0    -0.081   3.672   0.067   4.001
 2229    7  5.0     0.026   3.671   0.403   3.023
 2230    6  4.0    -0.020   4.392   0.231   4.003
 2231    6  4.0    -0.046   3.681   0.506   3.010
 2232    8  6.0    -0.111   1.605   0.253   1.000
 2233    6  4.0    -0.056   4.174   0.109   3.991
 2234    6  4.0    -0.037   3.864   0.171   3.977
 2235    6  4.0    -0.081   3.601   0.061   3.981
 2236    6  4.0    -0.082   3.604   0.065   3.985
 2237    7  5.0     0.059   3.801   0.441   3.020
 2238    6  4.0    -0.020   4.500   0.249   4.016
 2239    6  4.0    -0.043   3.613   0.534   3.011
 2240    8  6.0    -0.115   1.650   0.270   1.002
 2241    6  4.0    -0.056   4.075   0.120   4.002
 2242    6  4.0    -0.055   3.910   0.124   4.005
 2243    6  4.0    -0.063   4.107   0.173   3.990
 2244    7  5.0    -0.012   3.497   0.380   3.003
 2245    6  4.0    -0.019   4.156   0.257   3.997
 2246    6  4.0    -0.044   3.676   0.583   3.019
 2247    8  6.0    -0.112   1.519   0.282   1.006
 2248    6  4.0    -0.081   3.598   0.068   3.980
 2249    7  5.0     0.009   3.798   0.426   3.010
 2250    6  4.0    -0.018   4.313   0.259   4.006
 2251    6  4.0    -0.043   3.623   0.555   3.020
 2252    8  6.0    -0.114   1.413   0.275   1.003
 2253    6  4.0    -0.055   3.801   0.204   3.988
 2254    8  6.0    -0.050   1.940   0.187   1.989
 2255    7  5.0     0.005   3.756   0.377   2.998
 2256    6  4.0    -0.022   4.278   0.218   3.995
 2257    6  4.0    -0.046   3.483   0.584   3.011
 2258    8  6.0    -0.121   1.694   0.300   1.005
 2259    6  4.0    -0.055   4.107   0.113   3.985
 2260    6  4.0    -0.042   3.949   0.133   3.989
 2261    6  4.0    -0.042   3.101   0.576   3.003
 2262    8  6.0    -0.109   1.281   0.272   1.006
 2263    7  5.0    -0.067   3.185   0.313   3.005
 2264    7  5.0     0.003   3.634   0.412   3.006
 2265    6  4.0    -0.021   4.426   0.243   3.997
 2266    6  4.0    -0.042   3.714   0.548   3.010
 2267    8  6.0    -0.117   1.593   0.274   1.003
 2268    6  4.0    -0.037   4.074   0.130   3.964
 2269    6  4.0    -0.058   3.816   0.106   3.976
 2270    6  4.0    -0.080   3.653   0.047   3.969
 2271    6  4.0    -0.082   3.467   0.062   3.976
 2272    7  5.0    -0.005   3.677   0.380   3.002
 2273    6  4.0    -0.019   4.576   0.242   4.002
 2274    6  4.0    -0.047   3.853   0.532   3.007
 2275    8  6.0    -0.116   1.684   0.273   1.003
 2276    6  4.0    -0.037   4.234   0.182   3.984
 2277    6  4.0    -0.059   3.849   0.131   3.984
 2278    6  4.0    -0.078   3.873   0.073   3.992
 2279    6  4.0    -0.082   3.588   0.078   3.979
 2280    7  5.0     0.053   3.940   0.454   3.013
 2281    6  4.0    -0.019   4.560   0.240   4.033
 2282    6  4.0    -0.041   3.628   0.574   3.012
 2283    8  6.0    -0.110   1.526   0.302   1.005
 2284    6  4.0    -0.057   4.109   0.133   3.998
 2285    6  4.0    -0.055   3.957   0.138   4.019
 2286    6  4.0    -0.062   4.161   0.198   4.006
 2287    7  5.0     0.017   3.684   0.373   3.004
 2288    6  4.0    -0.020   4.334   0.215   3.986
 2289    6  4.0    -0.042   3.676   0.535   3.010
 2290    8  6.0    -0.124   1.730   0.273   1.001
 2291    6  4.0    -0.034   3.895   0.208   3.962
 2292    8  6.0    -0.058   1.991   0.157   1.980
 2293    6  4.0    -0.079   3.628   0.061   3.979
 2294    7  5.0     0.008   3.695   0.392   3.005
 2295    6  4.0    -0.020   4.148   0.255   4.003
 2296    6  4.0    -0.041   3.664   0.553   3.033
 2297    8  6.0    -0.114   1.535   0.255   1.002
 2298    6  4.0    -0.080   3.633   0.063   3.979
 2299    7  5.0     0.019   3.774   0.422   3.012
 2300    6  4.0    -0.019   4.367   0.262   4.020
 2301    6  4.0    -0.041   3.708   0.588   3.037
 2302    8  6.0    -0.114   1.497   0.303   1.006
 2303    6  4.0    -0.054   4.104   0.110   3.988
 2304    6  4.0    -0.043   3.862   0.107   3.980
 2305    6  4.0    -0.042   3.023   0.544   2.995
 2306    8  6.0    -0.122   1.657   0.266   1.009
 2307    7  5.0    -0.064   2.866   0.300   3.003
 2308    7  5.0     0.005   3.708   0.417   3.009
 2309    6  4.0    -0.021   4.274   0.251   4.006
 2310    6  4.0    -0.043   3.607   0.544   3.002
 2311    8  6.0    -0.115   1.492   0.296   1.004
 2312    6  4.0    -0.056   3.940   0.103   3.976
 2313    6  4.0    -0.040   3.914   0.103   3.973
 2314    6  4.0    -0.008   2.782   0.579   2.992
 2315    8  6.0    -0.128   1.632   0.234   1.001
 2316    8  6.0    -0.122   1.368   0.296   1.001
 2317    7  5.0     0.006   3.740   0.388   3.005
 2318    6  4.0    -0.021   4.374   0.240   3.990
 2319    6  4.0    -0.043   3.654   0.553   3.004
 2320    8  6.0    -0.116   1.589   0.286   1.003
 2321    6  4.0    -0.034   3.936   0.235   3.975
 2322    8  6.0    -0.059   2.011   0.174   1.985
 2323    6  4.0    -0.080   3.588   0.062   3.978
 2324    7  5.0     0.010   3.683   0.387   3.005
 2325    6  4.0    -0.018   4.321   0.224   3.989
 2326    6  4.0    -0.036   3.788   0.602   3.013
 2327    8  6.0    -0.110   1.752   0.320   1.010
 2328    6  4.0    -0.043   4.118   0.121   3.983
 2329    6  4.0    -0.042   3.932   0.328   3.146
 2330    6  4.0    -0.083   3.538   0.336   3.267
 2331    6  4.0    -0.010   4.215   0.338   3.239
 2332    7  5.0     0.035   3.373   0.428   3.130
 2333    6  4.0    -0.034   4.028   0.422   3.248
 2334    6  4.0    -0.069   3.496   0.248   3.029
 2335    6  4.0    -0.076   3.330   0.229   3.012
 2336    6  4.0    -0.071   3.344   0.240   3.023
 2337    6  4.0    -0.068   3.289   0.231   3.037
 2338    7  5.0     0.017   3.679   0.381   3.004
 2339    6  4.0    -0.020   4.363   0.225   3.995
 2340    6  4.0    -0.040   3.654   0.573   3.023
 2341    8  6.0    -0.119   1.581   0.304   1.004
 2342    6  4.0    -0.058   4.141   0.111   3.986
 2343    6  4.0    -0.035   3.824   0.163   3.975
 2344    6  4.0    -0.083   3.617   0.062   3.975
 2345    6  4.0    -0.084   3.557   0.060   3.975
 2346    7  5.0     0.007   3.455   0.374   3.000
 2347    6  4.0    -0.042   3.868   0.181   3.992
 2348    6  4.0    -0.044   3.359   0.561   3.009
 2349    8  6.0    -0.119   1.445   0.286   1.005
 2350    7  5.0     0.012   3.748   0.403   3.010
 2351    6  4.0    -0.020   4.460   0.238   4.001
 2352    6  4.0    -0.043   3.728   0.585   3.012
 2353    8  6.0    -0.121   1.634   0.310   1.005
 2354    6  4.0    -0.037   3.968   0.145   3.972
 2355    6  4.0    -0.080   3.657   0.058   3.976
 2356    6  4.0    -0.082   3.592   0.056   3.977
 2357    7  5.0     0.009   3.772   0.395   3.010
 2358    6  4.0    -0.021   4.325   0.243   3.995
 2359    6  4.0    -0.042   3.700   0.552   3.015
 2360    8  6.0    -0.113   1.569   0.285   1.003
 2361    6  4.0    -0.057   4.150   0.110   3.985
 2362    6  4.0    -0.035   3.921   0.174   3.978
 2363    6  4.0    -0.080   3.669   0.066   3.984
 2364    6  4.0    -0.081   3.598   0.069   3.986
 2365    7  5.0     0.017   3.778   0.387   3.011
 2366    6  4.0    -0.019   4.417   0.253   4.001
 2367    6  4.0    -0.042   3.749   0.560   3.020
 2368    8  6.0    -0.113   1.476   0.273   1.004
 2369    6  4.0    -0.033   4.018   0.237   3.981
 2370    8  6.0    -0.052   1.961   0.164   1.982
 2371    6  4.0    -0.079   3.630   0.069   3.978
 2372    7  5.0     0.006   3.769   0.385   3.005
 2373    6  4.0    -0.020   4.455   0.222   4.000
 2374    6  4.0    -0.042   3.734   0.593   3.018
 2375    8  6.0    -0.120   1.608   0.302   1.006
 2376    6  4.0    -0.036   4.195   0.158   3.980
 2377    6  4.0    -0.059   3.866   0.115   3.982
 2378    6  4.0    -0.079   3.764   0.064   3.980
 2379    6  4.0    -0.082   3.501   0.065   3.979
 2380    7  5.0     0.007   3.732   0.399   3.004
 2381    6  4.0    -0.021   4.244   0.219   3.997
 2382    6  4.0    -0.045   3.611   0.559   3.008
 2383    8  6.0    -0.121   1.603   0.289   1.003
 2384    6  4.0    -0.057   3.998   0.101   4.000
 2385    6  4.0    -0.065   3.514   0.188   3.969
 2386   16  6.0    -0.023   2.774   0.304   2.011
 2387    6  4.0    -0.087   3.194   0.177   3.977
 2388    7  5.0     0.007   3.769   0.382   3.009
 2389    6  4.0    -0.020   4.362   0.254   4.004
 2390    6  4.0    -0.040   3.829   0.594   3.047
 2391    8  6.0    -0.118   1.557   0.308   1.006
 2392    6  4.0    -0.053   4.162   0.122   4.001
 2393    6  4.0    -0.041   3.855   0.124   3.982
 2394    6  4.0    -0.005   2.797   0.563   2.996
 2395    8  6.0    -0.100   1.255   0.298   1.000
 2396    8  6.0    -0.117   1.436   0.209   1.001
 2397    7  5.0     0.002   3.940   0.404   3.022
 2398    6  4.0    -0.016   4.500   0.278   4.036
 2399    6  4.0    -0.040   3.880   0.624   3.049
 2400    8  6.0    -0.114   1.828   0.303   1.010
 2401    6  4.0    -0.046   4.120   0.134   3.996
 2402    6  4.0    -0.054   3.855   0.368   3.195
 2403    7  5.0     0.034   3.350   0.414   3.099
 2404    6  4.0    -0.053   3.477   0.292   3.176
 2405    6  4.0    -0.066   3.267   0.434   3.249
 2406    7  5.0    -0.081   2.538   0.392   2.107
 2407    7  5.0     0.022   3.985   0.447   3.029
 2408    6  4.0    -0.017   4.519   0.261   4.031
 2409    6  4.0    -0.044   3.841   0.608   3.026
 2410    8  6.0    -0.103   1.511   0.292   1.007
 2411    6  4.0    -0.033   4.031   0.238   3.976
 2412    8  6.0    -0.054   1.959   0.170   1.985
 2413    6  4.0    -0.078   3.718   0.075   3.981
 2414    7  5.0     0.006   3.882   0.425   3.018
 2415    6  4.0    -0.019   4.487   0.240   4.010
 2416    6  4.0    -0.043   3.714   0.554   3.011
 2417    8  6.0    -0.097   1.320   0.271   1.002
 2418    6  4.0    -0.036   4.008   0.156   3.974
 2419    6  4.0    -0.080   3.828   0.066   3.982
 2420    6  4.0    -0.082   3.564   0.056   3.976
 2421    7  5.0     0.016   3.883   0.412   3.011
 2422    6  4.0    -0.017   4.340   0.263   3.999
 2423    6  4.0    -0.044   3.549   0.577   3.023
 2424    8  6.0    -0.096   1.475   0.294   1.004
 2425    6  4.0    -0.039   4.045   0.111   3.984
 2426    6  4.0    -0.042   3.032   0.516   2.994
 2427    8  6.0    -0.100   1.245   0.252   1.001
 2428    7  5.0    -0.052   2.852   0.283   2.999
 2429    7  5.0     0.039   3.618   0.393   3.004
 2430    6  4.0    -0.017   4.079   0.242   4.002
 2431    6  4.0    -0.071   2.849   0.314   2.991
 2432    8  6.0    -0.092   1.111   0.252   1.001
 2433    6  4.0    -0.039   3.995   0.106   3.979
 2434    6  4.0    -0.036   3.075   0.553   2.993
 2435    8  6.0    -0.093   1.260   0.283   1.004
 2436    7  5.0    -0.026   3.082   0.293   3.001
 2437   30 20.0     1.245   5.749   0.405   4.361
 2438    8  6.0    -0.083   1.440   0.018   1.837
 2439    8  6.0    -0.136   2.225   0.137   2.784
 2440    8  6.0    -0.084   1.502   0.019   1.837
 2441    8  6.0    -0.093   1.533   0.019   1.837
 2442    8  6.0    -0.097   1.398   0.018   1.837
 2443    8  6.0    -0.080   1.424   0.018   1.837
 2444    1  1.0    -0.000   0.908   0.037   0.997
 2445    1  1.0     0.005   0.901   0.037   0.997
 2446    1  1.0     0.009   0.907   0.037   0.997
 2447    1  1.0     0.047   1.074   0.003   0.994
 2448    1  1.0     0.050   0.838   0.003   0.994
 2449    1  1.0     0.039   0.832   0.003   0.994
 2450    1  1.0     0.040   0.833   0.003   0.994
 2451    1  1.0     0.034   0.971   0.037   0.997
 2452    1  1.0     0.060   1.013   0.003   0.994
 2453    1  1.0     0.049   0.908   0.003   0.994
 2454    1  1.0     0.038   0.897   0.003   0.994
 2455    1  1.0     0.043   0.917   0.003   0.994
 2456    1  1.0     0.043   0.914   0.003   0.994
 2457    1  1.0     0.042   0.920   0.003   0.994
 2458    1  1.0     0.043   0.907   0.003   0.994
 2459    1  1.0     0.040   0.992   0.037   0.997
 2460    1  1.0     0.048   0.892   0.037   0.997
 2461    1  1.0     0.045   0.913   0.037   0.997
 2462    1  1.0     0.049   0.891   0.037   0.997
 2463    1  1.0     0.047   0.888   0.037   0.997
 2464    1  1.0     0.048   1.072   0.037   0.998
 2465    1  1.0     0.058   0.960   0.003   0.994
 2466    1  1.0     0.044   0.895   0.003   0.994
 2467    1  1.0     0.045   0.873   0.003   0.994
 2468    1  1.0     0.057   0.909   0.045   0.995
 2469    1  1.0     0.060   1.090   0.037   0.997
 2470    1  1.0     0.051   1.025   0.003   0.994
 2471    1  1.0     0.043   0.958   0.003   0.994
 2472    1  1.0     0.075   1.060   0.045   0.995
 2473    1  1.0     0.042   0.823   0.003   0.994
 2474    1  1.0     0.043   0.823   0.003   0.994
 2475    1  1.0     0.054   0.835   0.003   0.994
 2476    1  1.0     0.051   1.126   0.037   0.997
 2477    1  1.0     0.060   1.037   0.003   0.994
 2478    1  1.0     0.057   0.918   0.003   0.994
 2479    1  1.0     0.054   0.916   0.003   0.994
 2480    1  1.0     0.049   0.919   0.037   0.997
 2481    1  1.0     0.046   0.913   0.037   0.997
 2482    1  1.0     0.055   1.057   0.037   0.997
 2483    1  1.0     0.065   1.052   0.003   0.994
 2484    1  1.0     0.050   0.954   0.003   0.994
 2485    1  1.0     0.041   0.897   0.045   0.995
 2486    1  1.0     0.038   0.819   0.003   0.994
 2487    1  1.0     0.044   0.821   0.003   0.994
 2488    1  1.0     0.044   0.824   0.003   0.994
 2489    1  1.0     0.052   1.054   0.037   0.997
 2490    1  1.0     0.045   0.973   0.003   0.994
 2491    1  1.0     0.060   0.917   0.003   0.994
 2492    1  1.0     0.044   0.907   0.003   0.994
 2493    1  1.0     0.059   0.907   0.003   0.995
 2494    1  1.0     0.082   0.917   0.003   0.995
 2495    1  1.0     0.065   0.900   0.003   0.995
 2496    1  1.0     0.063   0.904   0.003   0.995
 2497    1  1.0     0.062   0.916   0.003   0.995
 2498    1  1.0     0.041   0.987   0.037   0.997
 2499    1  1.0     0.063   1.004   0.003   0.994
 2500    1  1.0     0.049   0.908   0.003   0.994
 2501    1  1.0     0.045   0.899   0.003   0.994
 2502    1  1.0     0.053   0.882   0.037   0.997
 2503    1  1.0     0.044   0.892   0.037   0.997
 2504    1  1.0     0.043   1.014   0.037   0.998
 2505    1  1.0     0.060   0.969   0.003   0.994
 2506    1  1.0     0.046   0.896   0.003   0.994
 2507    1  1.0     0.042   0.895   0.003   0.994
 2508    1  1.0     0.061   0.909   0.003   0.995
 2509    1  1.0     0.069   0.921   0.003   0.995
 2510    1  1.0     0.066   0.907   0.003   0.995
 2511    1  1.0     0.077   0.904   0.003   0.995
 2512    1  1.0     0.069   1.081   0.045   0.995
 2513    1  1.0     0.059   1.099   0.037   0.997
 2514    1  1.0     0.054   1.042   0.003   0.994
 2515    1  1.0     0.052   0.836   0.003   0.994
 2516    1  1.0     0.038   0.831   0.003   0.994
 2517    1  1.0     0.054   0.834   0.003   0.994
 2518    1  1.0     0.060   1.063   0.037   0.998
 2519    1  1.0     0.050   1.012   0.003   0.994
 2520    1  1.0     0.048   0.914   0.003   0.994
 2521    1  1.0     0.049   0.942   0.045   0.995
 2522    1  1.0     0.042   0.826   0.003   0.994
 2523    1  1.0     0.056   0.834   0.003   0.994
 2524    1  1.0     0.064   0.851   0.003   0.994
 2525    1  1.0     0.041   0.996   0.037   0.997
 2526    1  1.0     0.052   1.008   0.003   0.994
 2527    1  1.0     0.053   0.911   0.003   0.994
 2528    1  1.0     0.050   0.916   0.003   0.994
 2529    1  1.0     0.062   0.907   0.003   0.995
 2530    1  1.0     0.059   0.919   0.003   0.995
 2531    1  1.0     0.066   0.914   0.003   0.995
 2532    1  1.0     0.072   0.901   0.003   0.995
 2533    1  1.0     0.076   1.078   0.045   0.995
 2534    1  1.0     0.039   1.009   0.037   0.998
 2535    1  1.0     0.065   1.030   0.003   0.994
 2536    1  1.0     0.048   0.935   0.003   0.994
 2537    1  1.0     0.044   0.927   0.003   0.994
 2538    1  1.0     0.052   1.054   0.037   0.997
 2539    1  1.0     0.065   0.873   0.003   0.995
 2540    1  1.0     0.058   0.866   0.003   0.995
 2541    1  1.0     0.052   1.027   0.037   0.997
 2542    1  1.0     0.056   0.984   0.003   0.994
 2543    1  1.0     0.044   0.929   0.003   0.994
 2544    1  1.0     0.053   0.922   0.045   0.995
 2545    1  1.0     0.045   0.833   0.003   0.994
 2546    1  1.0     0.052   0.840   0.003   0.994
 2547    1  1.0     0.052   0.853   0.003   0.994
 2548    1  1.0     0.038   0.992   0.037   0.997
 2549    1  1.0     0.050   0.993   0.003   0.994
 2550    1  1.0     0.046   0.901   0.003   0.994
 2551    1  1.0     0.038   0.898   0.003   0.994
 2552    1  1.0     0.040   0.992   0.003   0.994
 2553    1  1.0     0.036   0.833   0.003   0.994
 2554    1  1.0     0.042   0.830   0.003   0.994
 2555    1  1.0     0.038   0.834   0.003   0.994
 2556    1  1.0     0.059   1.004   0.003   0.994
 2557    1  1.0     0.050   0.833   0.003   0.994
 2558    1  1.0     0.070   0.969   0.003   0.994
 2559    1  1.0     0.045   0.978   0.037   0.997
 2560    1  1.0     0.065   0.982   0.003   0.994
 2561    1  1.0     0.065   0.909   0.003   0.994
 2562    1  1.0     0.052   0.913   0.003   0.994
 2563    1  1.0     0.047   1.010   0.037   0.997
 2564    1  1.0     0.058   1.003   0.003   0.994
 2565    1  1.0     0.050   0.908   0.003   0.994
 2566    1  1.0     0.055   0.914   0.003   0.994
 2567    1  1.0     0.050   0.916   0.003   0.994
 2568    1  1.0     0.052   0.904   0.003   0.994
 2569    1  1.0     0.057   1.034   0.037   0.997
 2570    1  1.0     0.051   1.013   0.003   0.994
 2571    1  1.0     0.048   0.978   0.003   0.994
 2572    1  1.0     0.045   0.913   0.003   0.994
 2573    1  1.0     0.035   0.911   0.003   0.994
 2574    1  1.0     0.032   0.829   0.003   0.994
 2575    1  1.0     0.044   0.856   0.003   0.994
 2576    1  1.0     0.038   0.832   0.003   0.994
 2577    1  1.0     0.040   0.821   0.003   0.994
 2578    1  1.0     0.044   0.826   0.003   0.994
 2579    1  1.0     0.035   0.827   0.003   0.994
 2580    1  1.0     0.063   1.089   0.037   0.997
 2581    1  1.0     0.057   1.035   0.003   0.994
 2582    1  1.0     0.056   0.918   0.003   0.994
 2583    1  1.0     0.055   0.913   0.003   0.994
 2584    1  1.0     0.060   0.942   0.003   0.995
 2585    1  1.0     0.062   0.920   0.003   0.995
 2586    1  1.0     0.059   0.908   0.003   0.995
 2587    1  1.0     0.059   0.908   0.003   0.995
 2588    1  1.0     0.061   0.972   0.045   0.995
 2589    1  1.0     0.060   1.079   0.037   0.998
 2590    1  1.0     0.072   0.957   0.003   0.994
 2591    1  1.0     0.058   0.904   0.003   0.994
 2592    1  1.0     0.060   0.905   0.003   0.994
 2593    1  1.0     0.057   1.059   0.037   0.997
 2594    1  1.0     0.052   0.971   0.003   0.994
 2595    1  1.0     0.055   0.914   0.003   0.994
 2596    1  1.0     0.050   0.908   0.003   0.994
 2597    1  1.0     0.061   0.916   0.003   0.995
 2598    1  1.0     0.066   0.913   0.003   0.995
 2599    1  1.0     0.054   0.902   0.003   0.995
 2600    1  1.0     0.063   0.909   0.003   0.995
 2601    1  1.0     0.060   0.913   0.003   0.995
 2602    1  1.0     0.055   1.020   0.037   0.997
 2603    1  1.0     0.050   1.013   0.003   0.994
 2604    1  1.0     0.039   0.979   0.003   0.994
 2605    1  1.0     0.051   0.986   0.003   0.994
 2606    1  1.0     0.049   1.018   0.003   0.994
 2607    1  1.0     0.034   1.001   0.003   0.994
 2608    1  1.0     0.041   0.916   0.003   0.994
 2609    1  1.0     0.035   0.918   0.003   0.994
 2610    1  1.0     0.035   0.918   0.003   0.994
 2611    1  1.0     0.059   1.008   0.037   0.998
 2612    1  1.0     0.063   1.029   0.003   0.994
 2613    1  1.0     0.057   0.922   0.003   0.994
 2614    1  1.0     0.059   0.920   0.003   0.994
 2615    1  1.0     0.060   1.057   0.037   0.998
 2616    1  1.0     0.053   0.981   0.003   0.994
 2617    1  1.0     0.052   0.909   0.003   0.994
 2618    1  1.0     0.048   0.906   0.003   0.994
 2619    1  1.0     0.051   1.040   0.003   0.994
 2620    1  1.0     0.056   0.834   0.003   0.994
 2621    1  1.0     0.041   0.826   0.003   0.994
 2622    1  1.0     0.051   0.829   0.003   0.994
 2623    1  1.0     0.049   0.829   0.003   0.994
 2624    1  1.0     0.052   0.827   0.003   0.994
 2625    1  1.0     0.043   0.829   0.003   0.994
 2626    1  1.0     0.060   1.076   0.037   0.997
 2627    1  1.0     0.052   0.984   0.003   0.994
 2628    1  1.0     0.046   0.910   0.003   0.994
 2629    1  1.0     0.048   0.910   0.003   0.994
 2630    1  1.0     0.043   0.992   0.003   0.994
 2631    1  1.0     0.038   0.835   0.003   0.994
 2632    1  1.0     0.040   0.831   0.003   0.994
 2633    1  1.0     0.039   0.831   0.003   0.994
 2634    1  1.0     0.043   0.826   0.003   0.994
 2635    1  1.0     0.041   0.824   0.003   0.994
 2636    1  1.0     0.033   0.820   0.003   0.994
 2637    1  1.0     0.054   1.047   0.037   0.997
 2638    1  1.0     0.058   1.016   0.003   0.994
 2639    1  1.0     0.049   0.983   0.003   0.994
 2640    1  1.0     0.039   0.839   0.003   0.994
 2641    1  1.0     0.050   0.854   0.003   0.994
 2642    1  1.0     0.051   0.846   0.003   0.994
 2643    1  1.0     0.038   0.830   0.003   0.994
 2644    1  1.0     0.043   0.836   0.003   0.994
 2645    1  1.0     0.043   0.836   0.003   0.994
 2646    1  1.0     0.059   1.068   0.037   0.998
 2647    1  1.0     0.056   1.013   0.003   0.994
 2648    1  1.0     0.049   0.833   0.003   0.994
 2649    1  1.0     0.047   0.831   0.003   0.994
 2650    1  1.0     0.054   0.835   0.003   0.994
 2651    1  1.0     0.060   1.057   0.037   0.997
 2652    1  1.0     0.060   1.008   0.003   0.994
 2653    1  1.0     0.059   0.897   0.003   0.994
 2654    1  1.0     0.058   0.908   0.003   0.994
 2655    1  1.0     0.058   0.925   0.003   0.994
 2656    1  1.0     0.052   0.901   0.003   0.994
 2657    1  1.0     0.061   1.017   0.037   0.997
 2658    1  1.0     0.059   0.987   0.003   0.994
 2659    1  1.0     0.049   0.933   0.003   0.994
 2660    1  1.0     0.050   0.941   0.003   0.994
 2661    1  1.0     0.061   0.871   0.003   0.995
 2662    1  1.0     0.068   0.871   0.003   0.995
 2663    1  1.0     0.065   0.980   0.003   0.994
 2664    1  1.0     0.048   0.898   0.003   0.994
 2665    1  1.0     0.055   0.912   0.003   0.994
 2666    1  1.0     0.049   0.904   0.003   0.994
 2667    1  1.0     0.044   0.904   0.003   0.994
 2668    1  1.0     0.046   0.896   0.003   0.994
 2669    1  1.0     0.064   0.945   0.003   0.994
 2670    1  1.0     0.039   1.028   0.037   0.998
 2671    1  1.0     0.077   1.042   0.003   0.994
 2672    1  1.0     0.052   0.917   0.003   0.994
 2673    1  1.0     0.043   0.903   0.003   0.994
 2674    1  1.0     0.055   0.897   0.003   0.994
 2675    1  1.0     0.043   0.904   0.003   0.994
 2676    1  1.0     0.054   0.890   0.037   0.997
 2677    1  1.0     0.045   0.898   0.037   0.997
 2678    1  1.0     0.054   1.083   0.037   0.997
 2679    1  1.0     0.064   1.018   0.003   0.994
 2680    1  1.0     0.040   0.928   0.003   0.994
 2681    1  1.0     0.041   0.941   0.003   0.994
 2682    1  1.0     0.043   0.965   0.003   0.994
 2683    1  1.0     0.038   0.836   0.003   0.994
 2684    1  1.0     0.053   0.861   0.003   0.994
 2685    1  1.0     0.043   0.844   0.003   0.994
 2686    1  1.0     0.039   0.834   0.003   0.994
 2687    1  1.0     0.042   0.844   0.003   0.994
 2688    1  1.0     0.039   0.834   0.003   0.994
 2689    1  1.0     0.061   1.056   0.037   0.997
 2690    1  1.0     0.066   1.171   0.003   0.994
 2691    1  1.0     0.051   1.052   0.003   0.994
 2692    1  1.0     0.036   0.840   0.003   0.994
 2693    1  1.0     0.041   0.848   0.003   0.994
 2694    1  1.0     0.051   0.839   0.003   0.994
 2695    1  1.0     0.038   0.832   0.003   0.994
 2696    1  1.0     0.044   0.844   0.003   0.994
 2697    1  1.0     0.051   0.834   0.003   0.994
 2698    1  1.0     0.056   1.086   0.037   0.998
 2699    1  1.0     0.049   1.118   0.003   0.994
 2700    1  1.0     0.054   0.878   0.003   0.994
 2701    1  1.0     0.045   0.886   0.003   0.994
 2702    1  1.0     0.055   0.983   0.045   0.995
 2703    1  1.0     0.038   0.994   0.037   0.998
 2704    1  1.0     0.054   1.046   0.003   0.994
 2705    1  1.0     0.046   0.902   0.003   0.994
 2706    1  1.0     0.036   0.896   0.003   0.994
 2707    1  1.0     0.042   0.900   0.003   0.994
 2708    1  1.0     0.054   0.922   0.003   0.994
 2709    1  1.0     0.042   0.916   0.003   0.994
 2710    1  1.0     0.047   0.913   0.003   0.994
 2711    1  1.0     0.045   0.904   0.003   0.994
 2712    1  1.0     0.041   0.900   0.003   0.994
 2713    1  1.0     0.032   1.104   0.037   0.998
 2714    1  1.0     0.005   0.888   0.037   0.997
 2715    1  1.0     0.011   0.899   0.037   0.997
 2716    1  1.0     0.058   1.106   0.037   0.998
 2717    1  1.0     0.051   0.963   0.003   0.994
 2718    1  1.0     0.043   0.916   0.003   0.994
 2719    1  1.0     0.048   0.918   0.003   0.994
 2720    1  1.0     0.044   0.963   0.003   0.994
 2721    1  1.0     0.034   0.826   0.003   0.994
 2722    1  1.0     0.038   0.826   0.003   0.994
 2723    1  1.0     0.039   0.832   0.003   0.994
 2724    1  1.0     0.038   0.833   0.003   0.994
 2725    1  1.0     0.041   0.839   0.003   0.994
 2726    1  1.0     0.050   0.846   0.003   0.994
 2727    1  1.0     0.042   0.993   0.037   0.997
 2728    1  1.0     0.057   1.024   0.003   0.994
 2729    1  1.0     0.054   0.918   0.003   0.994
 2730    1  1.0     0.042   0.923   0.003   0.994
 2731    1  1.0     0.057   0.915   0.003   0.994
 2732    1  1.0     0.063   0.921   0.003   0.994
 2733    1  1.0     0.052   0.894   0.037   0.997
 2734    1  1.0     0.042   0.914   0.037   0.997
 2735    1  1.0     0.049   1.053   0.037   0.998
 2736    1  1.0     0.064   1.063   0.003   0.994
 2737    1  1.0     0.052   0.968   0.003   0.994
 2738    1  1.0     0.047   0.926   0.003   0.994
 2739    1  1.0     0.042   0.913   0.003   0.994
 2740    1  1.0     0.041   0.830   0.003   0.994
 2741    1  1.0     0.045   0.831   0.003   0.994
 2742    1  1.0     0.044   0.855   0.003   0.994
 2743    1  1.0     0.039   0.821   0.003   0.994
 2744    1  1.0     0.046   0.825   0.003   0.994
 2745    1  1.0     0.037   0.827   0.003   0.994
 2746    1  1.0     0.055   1.020   0.037   0.997
 2747    1  1.0     0.050   0.913   0.003   0.994
 2748    1  1.0     0.055   0.906   0.003   0.994
 2749    1  1.0     0.045   1.003   0.037   0.997
 2750    1  1.0     0.058   1.019   0.003   0.994
 2751    1  1.0     0.057   0.923   0.003   0.994
 2752    1  1.0     0.050   0.926   0.003   0.994
 2753    1  1.0     0.058   0.914   0.003   0.994
 2754    1  1.0     0.051   0.902   0.003   0.994
 2755    1  1.0     0.044   0.928   0.003   0.994
 2756    1  1.0     0.046   0.888   0.003   0.994
 2757    1  1.0     0.045   0.994   0.037   0.997
 2758    1  1.0     0.051   0.890   0.037   0.997
 2759    1  1.0     0.045   0.912   0.037   0.997
 2760    1  1.0     0.050   0.885   0.037   0.997
 2761    1  1.0     0.052   0.890   0.037   0.997
 2762    1  1.0     0.061   1.161   0.037   0.998
 2763    1  1.0     0.048   0.964   0.003   0.994
 2764    1  1.0     0.039   0.870   0.003   0.994
 2765    1  1.0     0.058   0.880   0.003   0.994
 2766    1  1.0     0.073   1.103   0.045   0.995
 2767    1  1.0     0.053   1.027   0.037   0.997
 2768    1  1.0     0.060   0.975   0.003   0.994
 2769    1  1.0     0.056   0.913   0.003   0.994
 2770    1  1.0     0.048   0.903   0.003   0.994
 2771    1  1.0     0.063   0.913   0.003   0.995
 2772    1  1.0     0.070   0.912   0.003   0.995
 2773    1  1.0     0.063   0.906   0.003   0.995
 2774    1  1.0     0.068   0.906   0.003   0.995
 2775    1  1.0     0.053   0.938   0.045   0.995
 2776    1  1.0     0.062   1.116   0.037   0.997
 2777    1  1.0     0.062   1.022   0.003   0.994
 2778    1  1.0     0.062   0.914   0.003   0.994
 2779    1  1.0     0.062   0.924   0.003   0.994
 2780    1  1.0     0.054   0.909   0.003   0.994
 2781    1  1.0     0.052   0.906   0.003   0.994
 2782    1  1.0     0.067   1.149   0.037   0.998
 2783    1  1.0     0.061   0.907   0.003   0.994
 2784    1  1.0     0.054   0.898   0.003   0.994
 2785    1  1.0     0.046   1.044   0.037   0.997
 2786    1  1.0     0.051   0.993   0.003   0.994
 2787    1  1.0     0.040   0.905   0.003   0.994
 2788    1  1.0     0.047   0.910   0.003   0.994
 2789    1  1.0     0.049   0.909   0.003   0.994
 2790    1  1.0     0.046   0.905   0.003   0.994
 2791    1  1.0     0.036   0.902   0.003   0.994
 2792    1  1.0     0.048   0.897   0.003   0.994
 2793    1  1.0     0.039   0.981   0.037   0.997
 2794    1  1.0     0.069   0.995   0.037   0.997
 2795    1  1.0     0.060   0.987   0.037   0.997
 2796    1  1.0     0.054   0.892   0.037   0.997
 2797    1  1.0     0.047   0.898   0.037   0.997
 2798    1  1.0     0.052   0.963   0.003   0.994
 2799    1  1.0     0.050   0.900   0.003   0.994
 2800    1  1.0     0.064   0.927   0.003   0.994
 2801    1  1.0     0.041   0.904   0.003   0.994
 2802    1  1.0     0.047   0.906   0.003   0.994
 2803    1  1.0     0.039   0.894   0.003   0.994
 2804    1  1.0     0.044   0.892   0.003   0.994
 2805    1  1.0     0.057   1.053   0.037   0.997
 2806    1  1.0     0.052   0.985   0.003   0.994
 2807    1  1.0     0.052   0.975   0.003   0.994
 2808    1  1.0     0.050   0.918   0.003   0.994
 2809    1  1.0     0.041   0.902   0.003   0.994
 2810    1  1.0     0.043   0.824   0.003   0.994
 2811    1  1.0     0.052   0.844   0.003   0.994
 2812    1  1.0     0.054   0.830   0.003   0.994
 2813    1  1.0     0.041   0.823   0.003   0.994
 2814    1  1.0     0.047   0.827   0.003   0.994
 2815    1  1.0     0.041   0.828   0.003   0.994
 2816    1  1.0     0.046   0.983   0.037   0.997
 2817    1  1.0     0.060   1.000   0.003   0.994
 2818    1  1.0     0.049   0.915   0.003   0.994
 2819    1  1.0     0.048   0.920   0.003   0.994
 2820    1  1.0     0.069   0.911   0.003   0.995
 2821    1  1.0     0.072   0.923   0.003   0.995
 2822    1  1.0     0.060   0.903   0.003   0.995
 2823    1  1.0     0.066   0.911   0.003   0.995
 2824    1  1.0     0.049   0.951   0.045   0.995
 2825    1  1.0     0.059   1.082   0.037   0.997
 2826    1  1.0     0.056   0.974   0.003   0.994
 2827    1  1.0     0.044   1.001   0.003   0.994
 2828    1  1.0     0.037   0.834   0.003   0.994
 2829    1  1.0     0.053   0.837   0.003   0.994
 2830    1  1.0     0.051   0.838   0.003   0.994
 2831    1  1.0     0.035   0.849   0.003   0.994
 2832    1  1.0     0.043   0.855   0.003   0.994
 2833    1  1.0     0.044   0.861   0.003   0.994
 2834    1  1.0     0.057   1.146   0.037   0.998
 2835    1  1.0     0.056   1.020   0.003   0.994
 2836    1  1.0     0.047   0.914   0.003   0.994
 2837    1  1.0     0.045   0.912   0.003   0.994
 2838    1  1.0     0.041   0.939   0.003   0.994
 2839    1  1.0     0.033   0.828   0.003   0.994
 2840    1  1.0     0.032   0.831   0.003   0.994
 2841    1  1.0     0.034   0.838   0.003   0.994
 2842    1  1.0     0.036   0.821   0.003   0.994
 2843    1  1.0     0.037   0.828   0.003   0.994
 2844    1  1.0     0.042   0.830   0.003   0.994
 2845    1  1.0     0.058   1.104   0.037   0.998
 2846    1  1.0     0.060   0.987   0.003   0.994
 2847    1  1.0     0.048   0.921   0.003   0.994
 2848    1  1.0     0.039   0.905   0.003   0.994
 2849    1  1.0     0.055   0.921   0.003   0.994
 2850    1  1.0     0.052   0.912   0.003   0.994
 2851    1  1.0     0.038   0.919   0.003   0.994
 2852    1  1.0     0.035   0.914   0.003   0.994
 2853    1  1.0     0.047   0.892   0.003   0.994
 2854    1  1.0     0.041   0.891   0.003   0.994
 2855    1  1.0     0.007   0.886   0.037   0.997
 2856    1  1.0     0.003   0.889   0.037   0.997
 2857    1  1.0     0.002   0.897   0.037   0.997
 2858    1  1.0     0.062   1.183   0.037   0.998
 2859    1  1.0     0.064   0.998   0.003   0.994
 2860    1  1.0     0.042   0.922   0.003   0.994
 2861    1  1.0     0.049   0.923   0.003   0.994
 2862    1  1.0     0.073   0.918   0.003   0.995
 2863    1  1.0     0.057   0.907   0.003   0.995
 2864    1  1.0     0.056   0.902   0.003   0.995
 2865    1  1.0     0.057   0.909   0.003   0.995
 2866    1  1.0     0.055   0.919   0.003   0.995
 2867    1  1.0     0.062   1.016   0.037   0.997
 2868    1  1.0     0.057   0.961   0.003   0.994
 2869    1  1.0     0.055   0.880   0.003   0.994
 2870    1  1.0     0.052   0.876   0.003   0.994
 2871    1  1.0     0.078   1.024   0.045   0.995
 2872    1  1.0     0.044   0.985   0.037   0.997
 2873    1  1.0     0.062   1.010   0.003   0.994
 2874    1  1.0     0.059   0.943   0.003   0.994
 2875    1  1.0     0.069   1.063   0.045   0.995
 2876    1  1.0     0.054   0.831   0.003   0.994
 2877    1  1.0     0.046   0.827   0.003   0.994
 2878    1  1.0     0.045   0.830   0.003   0.994
 2879    1  1.0     0.053   1.075   0.037   0.998
 2880    1  1.0     0.057   0.931   0.003   0.994
 2881    1  1.0     0.053   0.896   0.003   0.994
 2882    1  1.0     0.038   0.997   0.037   0.997
 2883    1  1.0     0.051   0.935   0.003   0.994
 2884    1  1.0     0.041   0.912   0.003   0.994
 2885    1  1.0     0.047   1.019   0.037   0.997
 2886    1  1.0     0.054   1.022   0.003   0.994
 2887    1  1.0     0.048   0.865   0.003   0.994
 2888    1  1.0     0.048   0.859   0.003   0.994
 2889    1  1.0     0.061   0.907   0.045   0.995
 2890    1  1.0     0.041   0.995   0.037   0.997
 2891    1  1.0     0.058   1.120   0.003   0.994
 2892    1  1.0     0.060   0.924   0.003   0.994
 2893    1  1.0     0.059   0.910   0.003   0.994
 2894    1  1.0     0.069   0.904   0.037   0.997
 2895    1  1.0     0.048   0.905   0.037   0.997
 2896    1  1.0     0.044   0.984   0.037   0.997
 2897    1  1.0     0.050   1.001   0.003   0.994
 2898    1  1.0     0.050   0.927   0.003   0.994
 2899    1  1.0     0.061   0.915   0.003   0.994
 2900    1  1.0     0.048   0.910   0.003   0.994
 2901    1  1.0     0.043   0.909   0.003   0.994
 2902    1  1.0     0.055   0.900   0.003   0.994
 2903    1  1.0     0.063   0.919   0.003   0.994
 2904    1  1.0     0.038   1.003   0.037   0.997
 2905    1  1.0     0.057   0.961   0.037   0.998
 2906    1  1.0     0.050   0.952   0.037   0.997
 2907    1  1.0     0.055   0.891   0.037   0.997
 2908    1  1.0     0.048   0.889   0.037   0.997
 2909    1  1.0     0.057   0.950   0.003   0.994
 2910    1  1.0     0.037   0.907   0.003   0.994
 2911    1  1.0     0.043   0.962   0.003   0.994
 2912    1  1.0     0.041   0.914   0.003   0.994
 2913    1  1.0     0.042   0.912   0.003   0.994
 2914    1  1.0     0.049   0.912   0.003   0.994
 2915    1  1.0     0.041   0.905   0.003   0.994
 2916    1  1.0     0.056   1.018   0.037   0.997
 2917    1  1.0     0.059   1.015   0.003   0.994
 2918    1  1.0     0.049   0.836   0.003   0.994
 2919    1  1.0     0.050   0.833   0.003   0.994
 2920    1  1.0     0.059   0.840   0.003   0.994
 2921    1  1.0     0.053   1.066   0.037   0.997
 2922    1  1.0     0.052   0.959   0.003   0.994
 2923    1  1.0     0.045   0.997   0.003   0.994
 2924    1  1.0     0.034   0.925   0.003   0.994
 2925    1  1.0     0.043   0.928   0.003   0.994
 2926    1  1.0     0.030   0.833   0.003   0.994
 2927    1  1.0     0.048   0.837   0.003   0.994
 2928    1  1.0     0.036   0.838   0.003   0.994
 2929    1  1.0     0.034   0.855   0.003   0.994
 2930    1  1.0     0.033   0.885   0.003   0.994
 2931    1  1.0     0.042   0.880   0.003   0.994
 2932    1  1.0     0.057   1.052   0.037   0.997
 2933    1  1.0     0.058   0.945   0.003   0.994
 2934    1  1.0     0.053   0.916   0.003   0.994
 2935    1  1.0     0.050   0.914   0.003   0.994
 2936    1  1.0     0.079   0.884   0.003   0.995
 2937    1  1.0     0.047   1.066   0.037   0.997
 2938    1  1.0     0.065   0.903   0.003   0.995
 2939    1  1.0     0.059   0.900   0.003   0.995
 2940    1  1.0     0.060   0.895   0.003   0.995
 2941    1  1.0     0.057   0.892   0.003   0.995
 2942    1  1.0     0.063   1.059   0.037   0.997
 2943    1  1.0     0.058   1.015   0.003   0.994
 2944    1  1.0     0.045   0.971   0.003   0.994
 2945    1  1.0     0.047   0.922   0.003   0.994
 2946    1  1.0     0.040   0.905   0.003   0.994
 2947    1  1.0     0.032   0.824   0.003   0.994
 2948    1  1.0     0.045   0.834   0.003   0.994
 2949    1  1.0     0.038   0.825   0.003   0.994
 2950    1  1.0     0.030   0.837   0.003   0.994
 2951    1  1.0     0.034   0.826   0.003   0.994
 2952    1  1.0     0.033   0.834   0.003   0.994
 2953    1  1.0     0.061   1.034   0.037   0.997
 2954    1  1.0     0.056   1.079   0.003   0.994
 2955    1  1.0     0.050   0.931   0.003   0.994
 2956    1  1.0     0.052   0.926   0.003   0.994
 2957    1  1.0     0.058   1.058   0.037   0.997
 2958    1  1.0     0.055   0.991   0.003   0.994
 2959    1  1.0     0.049   0.907   0.003   0.994
 2960    1  1.0     0.059   0.923   0.003   0.994
 2961    1  1.0     0.049   1.043   0.003   0.994
 2962    1  1.0     0.034   0.833   0.003   0.994
 2963    1  1.0     0.050   0.833   0.003   0.994
 2964    1  1.0     0.037   0.833   0.003   0.994
 2965    1  1.0     0.034   0.837   0.003   0.994
 2966    1  1.0     0.047   0.845   0.003   0.994
 2967    1  1.0     0.037   0.835   0.003   0.994
 2968    1  1.0     0.044   0.976   0.037   0.997
 2969    1  1.0     0.056   0.914   0.003   0.994
 2970    1  1.0     0.055   0.904   0.003   0.994
 2971    1  1.0     0.047   0.966   0.037   0.997
 2972    1  1.0     0.052   1.005   0.003   0.994
 2973    1  1.0     0.045   0.961   0.003   0.994
 2974    1  1.0     0.036   0.903   0.003   0.994
 2975    1  1.0     0.048   0.913   0.003   0.994
 2976    1  1.0     0.040   0.839   0.003   0.994
 2977    1  1.0     0.043   0.833   0.003   0.994
 2978    1  1.0     0.047   0.850   0.003   0.994
 2979    1  1.0     0.041   0.823   0.003   0.994
 2980    1  1.0     0.040   0.825   0.003   0.994
 2981    1  1.0     0.043   0.835   0.003   0.994
 2982    1  1.0     0.042   1.051   0.037   0.997
 2983    1  1.0     0.059   0.962   0.003   0.994
 2984    1  1.0     0.050   0.917   0.003   0.994
 2985    1  1.0     0.022   1.021   0.003   0.994
 2986    1  1.0     0.066   0.875   0.003   0.995
 2987    1  1.0     0.035   0.922   0.003   0.995
 2988    1  1.0     0.051   0.999   0.037   0.997
 2989    1  1.0     0.059   1.051   0.003   0.994
 2990    1  1.0     0.052   0.868   0.003   0.994
 2991    1  1.0     0.052   0.883   0.003   0.994
 2992    1  1.0     0.069   1.010   0.045   0.995
 2993    1  1.0     0.044   0.977   0.037   0.997
 2994    1  1.0     0.055   0.989   0.003   0.994
 2995    1  1.0     0.056   0.915   0.003   0.994
 2996    1  1.0     0.047   0.911   0.003   0.994
 2997    1  1.0     0.050   0.911   0.003   0.994
 2998    1  1.0     0.043   0.905   0.003   0.994
 2999    1  1.0     0.055   0.969   0.003   0.994
 3000    1  1.0     0.044   0.902   0.003   0.994
 3001    1  1.0     0.049   1.019   0.037   0.997
 3002    1  1.0     0.054   0.884   0.037   0.997
 3003    1  1.0     0.057   0.981   0.037   0.997
 3004    1  1.0     0.049   0.895   0.037   0.997
 3005    1  1.0     0.041   0.944   0.037   0.997
 3006    1  1.0     0.060   1.048   0.037   0.997
 3007    1  1.0     0.051   0.985   0.003   0.994
 3008    1  1.0     0.050   0.885   0.003   0.994
 3009    1  1.0     0.059   0.891   0.003   0.994
 3010    1  1.0     0.047   0.923   0.003   0.994
 3011    1  1.0     0.049   0.904   0.003   0.994
 3012    1  1.0     0.055   1.068   0.037   0.997
 3013    1  1.0     0.071   1.048   0.003   0.994
 3014    1  1.0     0.059   0.916   0.003   0.994
 3015    1  1.0     0.050   0.908   0.003   0.994
 3016    1  1.0     0.076   0.895   0.003   0.995
 3017    1  1.0     0.040   0.983   0.037   0.997
 3018    1  1.0     0.072   0.895   0.003   0.995
 3019    1  1.0     0.076   0.897   0.003   0.995
 3020    1  1.0     0.064   0.902   0.003   0.995
 3021    1  1.0     0.071   0.910   0.003   0.995
 3022    1  1.0     0.042   0.997   0.037   0.997
 3023    1  1.0     0.048   0.995   0.003   0.994
 3024    1  1.0     0.039   0.980   0.003   0.994
 3025    1  1.0     0.046   0.914   0.003   0.994
 3026    1  1.0     0.033   0.892   0.003   0.994
 3027    1  1.0     0.041   0.821   0.003   0.994
 3028    1  1.0     0.043   0.823   0.003   0.994
 3029    1  1.0     0.040   0.831   0.003   0.994
 3030    1  1.0     0.039   0.817   0.003   0.994
 3031    1  1.0     0.041   0.828   0.003   0.994
 3032    1  1.0     0.038   0.819   0.003   0.994
 3033    1  1.0     0.058   1.113   0.037   0.997
 3034    1  1.0     0.049   0.990   0.003   0.994
 3035    1  1.0     0.044   0.947   0.003   0.994
 3036    1  1.0     0.072   0.985   0.045   0.995
 3037    1  1.0     0.050   0.828   0.003   0.994
 3038    1  1.0     0.041   0.818   0.003   0.994
 3039    1  1.0     0.044   0.822   0.003   0.994
 3040    1  1.0     0.062   1.036   0.037   0.997
 3041    1  1.0     0.055   0.971   0.003   0.994
 3042    1  1.0     0.041   0.885   0.003   0.994
 3043    1  1.0     0.056   0.894   0.003   0.994
 3044    1  1.0     0.051   0.899   0.003   0.994
 3045    1  1.0     0.043   0.892   0.003   0.994
 3046    1  1.0     0.064   0.891   0.037   0.997
 3047    1  1.0     0.046   0.893   0.037   0.997
 3048    1  1.0     0.055   1.036   0.037   0.997
 3049    1  1.0     0.053   0.990   0.003   0.994
 3050    1  1.0     0.043   0.823   0.003   0.994
 3051    1  1.0     0.044   0.821   0.003   0.994
 3052    1  1.0     0.048   0.824   0.003   0.994
 3053    1  1.0     0.058   1.065   0.037   0.997
 3054    1  1.0     0.052   0.961   0.003   0.994
 3055    1  1.0     0.047   0.934   0.003   0.994
 3056    1  1.0     0.060   0.990   0.045   0.995
 3057    1  1.0     0.036   0.831   0.003   0.994
 3058    1  1.0     0.056   0.854   0.003   0.994
 3059    1  1.0     0.047   0.838   0.003   0.994
 3060    1  1.0     0.062   1.098   0.037   0.997
 3061    1  1.0     0.039   0.907   0.003   0.994
 3062    1  1.0     0.048   0.913   0.003   0.994
 3063    1  1.0     0.057   1.055   0.037   0.998
 3064    1  1.0     0.049   0.993   0.003   0.994
 3065    1  1.0     0.048   0.955   0.003   0.994
 3066    1  1.0     0.046   0.844   0.003   0.994
 3067    1  1.0     0.052   0.850   0.003   0.994
 3068    1  1.0     0.058   0.849   0.003   0.994
 3069    1  1.0     0.036   0.839   0.003   0.994
 3070    1  1.0     0.037   0.855   0.003   0.994
 3071    1  1.0     0.040   0.854   0.003   0.994
 3072    1  1.0     0.056   1.035   0.037   0.997
 3073    1  1.0     0.059   0.973   0.003   0.994
 3074    1  1.0     0.053   0.917   0.003   0.994
 3075    1  1.0     0.046   0.910   0.003   0.994
 3076    1  1.0     0.058   0.875   0.003   0.995
 3077    1  1.0     0.028   0.947   0.037   0.997
 3078    1  1.0     0.065   0.918   0.003   0.995
 3079    1  1.0     0.059   0.908   0.003   0.995
 3080    1  1.0     0.061   0.921   0.003   0.995
 3081    1  1.0     0.056   0.921   0.003   0.995
 3082    1  1.0     0.063   1.101   0.037   0.997
 3083    1  1.0     0.055   0.968   0.003   0.994
 3084    1  1.0     0.054   0.944   0.003   0.994
 3085    1  1.0     0.053   0.939   0.003   0.994
 3086    1  1.0     0.061   0.940   0.003   0.995
 3087    1  1.0     0.054   0.910   0.003   0.995
 3088    1  1.0     0.066   0.895   0.003   0.995
 3089    1  1.0     0.052   0.913   0.003   0.995
 3090    1  1.0     0.058   0.902   0.003   0.995
 3091    1  1.0     0.056   1.027   0.037   0.997
 3092    1  1.0     0.056   0.988   0.003   0.994
 3093    1  1.0     0.036   0.829   0.003   0.994
 3094    1  1.0     0.036   0.826   0.003   0.994
 3095    1  1.0     0.047   0.829   0.003   0.994
 3096    1  1.0     0.053   1.036   0.037   0.998
 3097    1  1.0     0.048   0.981   0.003   0.994
 3098    1  1.0     0.054   0.912   0.003   0.994
 3099    1  1.0     0.042   0.907   0.003   0.994
 3100    1  1.0     0.058   0.906   0.003   0.994
 3101    1  1.0     0.051   0.898   0.003   0.994
 3102    1  1.0     0.039   0.894   0.003   0.994
 3103    1  1.0     0.043   0.895   0.003   0.994
 3104    1  1.0     0.051   0.880   0.003   0.994
 3105    1  1.0     0.045   0.873   0.003   0.994
 3106    1  1.0     0.006   0.995   0.037   0.997
 3107    1  1.0     0.003   0.878   0.037   0.997
 3108    1  1.0     0.011   1.019   0.037   0.998
 3109    1  1.0     0.060   1.110   0.037   0.997
 3110    1  1.0     0.057   1.009   0.003   0.994
 3111    1  1.0     0.055   0.920   0.003   0.994
 3112    1  1.0     0.054   0.917   0.003   0.994
 3113    1  1.0     0.057   0.927   0.003   0.994
 3114    1  1.0     0.048   0.919   0.003   0.994
 3115    1  1.0     0.046   0.922   0.003   0.994
 3116    1  1.0     0.054   0.915   0.003   0.994
 3117    1  1.0     0.052   0.927   0.003   0.994
 3118    1  1.0     0.038   0.905   0.003   0.994
 3119    1  1.0     0.023   0.918   0.037   0.997
 3120    1  1.0     0.002   0.906   0.037   0.997
 3121    1  1.0     0.001   0.897   0.037   0.997
 3122    1  1.0     0.065   1.070   0.037   0.997
 3123    1  1.0     0.059   0.986   0.003   0.994
 3124    1  1.0     0.047   0.904   0.003   0.994
 3125    1  1.0     0.054   0.913   0.003   0.994
 3126    1  1.0     0.070   0.941   0.003   0.995
 3127    1  1.0     0.079   0.957   0.003   0.995
 3128    1  1.0     0.067   0.973   0.003   0.995
 3129    1  1.0     0.056   0.912   0.003   0.995
 3130    1  1.0     0.054   0.905   0.003   0.995
 3131    1  1.0     0.052   1.010   0.037   0.997
 3132    1  1.0     0.054   1.013   0.003   0.994
 3133    1  1.0     0.057   0.949   0.003   0.994
 3134    1  1.0     0.070   1.065   0.045   0.995
 3135    1  1.0     0.039   0.833   0.003   0.994
 3136    1  1.0     0.036   0.833   0.003   0.994
 3137    1  1.0     0.045   0.839   0.003   0.994
 3138    1  1.0     0.061   1.061   0.037   0.997
 3139    1  1.0     0.064   1.040   0.003   0.994
 3140    1  1.0     0.062   0.924   0.003   0.994
 3141    1  1.0     0.059   0.917   0.003   0.994
 3142    1  1.0     0.049   0.901   0.003   0.994
 3143    1  1.0     0.053   0.898   0.003   0.994
 3144    1  1.0     0.061   1.156   0.037   0.998
 3145    1  1.0     0.072   1.101   0.003   0.994
 3146    1  1.0     0.056   0.923   0.003   0.994
 3147    1  1.0     0.058   0.921   0.003   0.994
 3148    1  1.0     0.056   1.016   0.037   0.997
 3149    1  1.0     0.050   1.031   0.003   0.994
 3150    1  1.0     0.055   0.918   0.003   0.994
 3151    1  1.0     0.042   0.911   0.003   0.994
 3152    1  1.0     0.060   0.912   0.003   0.995
 3153    1  1.0     0.070   0.913   0.003   0.995
 3154    1  1.0     0.074   0.899   0.003   0.995
 3155    1  1.0     0.069   0.904   0.003   0.995
 3156    1  1.0     0.079   1.125   0.045   0.995
 3157    1  1.0     0.045   1.058   0.037   0.997
 3158    1  1.0     0.066   0.936   0.003   0.994
 3159    1  1.0     0.052   0.912   0.003   0.994
 3160    1  1.0     0.059   1.127   0.037   0.997
 3161    1  1.0     0.074   1.070   0.003   0.994
 3162    1  1.0     0.051   0.910   0.003   0.994
 3163    1  1.0     0.054   0.891   0.003   0.994
 3164    1  1.0     0.058   0.894   0.003   0.994
 3165    1  1.0     0.067   0.907   0.003   0.994
 3166    1  1.0     0.057   0.889   0.037   0.997
 3167    1  1.0     0.046   0.918   0.037   0.997
 3168    1  1.0     0.054   1.089   0.037   0.997
 3169    1  1.0     0.059   1.065   0.003   0.994
 3170    1  1.0     0.058   0.923   0.003   0.994
 3171    1  1.0     0.057   0.909   0.003   0.994
 3172    1  1.0     0.053   1.007   0.003   0.994
 3173    1  1.0     0.043   0.903   0.003   0.994
 3174    1  1.0     0.047   0.915   0.003   0.994
 3175    1  1.0     0.043   0.908   0.003   0.994
 3176    1  1.0     0.041   0.907   0.003   0.994
 3177    1  1.0     0.052   0.899   0.003   0.994
 3178    1  1.0     0.054   0.912   0.003   0.994
 3179    1  1.0     0.048   0.987   0.037   0.997
 3180    1  1.0     0.059   1.033   0.003   0.994
 3181    1  1.0     0.051   0.872   0.003   0.994
 3182    1  1.0     0.046   0.868   0.003   0.994
 3183    1  1.0     0.072   1.102   0.045   0.995
 3184    1  1.0     0.057   1.055   0.037   0.997
 3185    1  1.0     0.052   1.020   0.003   0.994
 3186    1  1.0     0.051   0.919   0.003   0.994
 3187    1  1.0     0.045   0.913   0.003   0.994
 3188    1  1.0     0.056   0.921   0.003   0.995
 3189    1  1.0     0.067   0.919   0.003   0.995
 3190    1  1.0     0.058   0.906   0.003   0.995
 3191    1  1.0     0.064   0.906   0.003   0.995
 3192    1  1.0     0.060   0.903   0.003   0.995
 3193    1  1.0     0.059   1.082   0.037   0.997
 3194    1  1.0     0.056   0.990   0.003   0.994
 3195    1  1.0     0.052   0.930   0.003   0.994
 3196    1  1.0     0.075   1.111   0.045   0.996
 3197    1  1.0     0.048   0.823   0.003   0.994
 3198    1  1.0     0.064   0.838   0.003   0.994
 3199    1  1.0     0.056   0.839   0.003   0.994
 3200    1  1.0     0.060   1.041   0.037   0.997
 3201    1  1.0     0.057   1.003   0.003   0.994
 3202    1  1.0     0.048   0.839   0.003   0.994
 3203    1  1.0     0.048   0.835   0.003   0.994
 3204    1  1.0     0.053   0.843   0.003   0.994
 3205    1  1.0     0.058   1.042   0.037   0.997
 3206    1  1.0     0.051   1.019   0.003   0.994
 3207    1  1.0     0.052   0.973   0.003   0.994
 3208    1  1.0     0.043   0.916   0.003   0.994
 3209    1  1.0     0.039   0.909   0.003   0.994
 3210    1  1.0     0.036   0.830   0.003   0.994
 3211    1  1.0     0.048   0.859   0.003   0.994
 3212    1  1.0     0.041   0.836   0.003   0.994
 3213    1  1.0     0.039   0.827   0.003   0.994
 3214    1  1.0     0.045   0.831   0.003   0.994
 3215    1  1.0     0.036   0.830   0.003   0.994
 3216    1  1.0     0.059   1.055   0.037   0.998
 3217    1  1.0     0.060   1.026   0.003   0.994
 3218    1  1.0     0.048   0.923   0.003   0.994
 3219    1  1.0     0.046   0.935   0.003   0.994
 3220    1  1.0     0.046   0.959   0.003   0.994
 3221    1  1.0     0.046   0.832   0.003   0.994
 3222    1  1.0     0.054   0.845   0.003   0.994
 3223    1  1.0     0.038   0.838   0.003   0.994
 3224    1  1.0     0.036   0.825   0.003   0.994
 3225    1  1.0     0.041   0.840   0.003   0.994
 3226    1  1.0     0.041   0.830   0.003   0.994
 3227    1  1.0     0.062   1.038   0.037   0.997
 3228    1  1.0     0.070   1.007   0.003   0.994
 3229    1  1.0     0.063   0.911   0.003   0.994
 3230    1  1.0     0.062   0.908   0.003   0.994
 3231    1  1.0     0.057   1.038   0.037   0.997
 3232    1  1.0     0.065   0.986   0.003   0.994
 3233    1  1.0     0.053   0.875   0.003   0.994
 3234    1  1.0     0.047   0.881   0.003   0.994
 3235    1  1.0     0.061   0.940   0.045   0.995
 3236    1  1.0     0.062   1.060   0.037   0.997
 3237    1  1.0     0.058   0.997   0.003   0.994
 3238    1  1.0     0.047   0.966   0.003   0.994
 3239    1  1.0     0.050   0.941   0.003   0.994
 3240    1  1.0     0.045   0.993   0.003   0.994
 3241    1  1.0     0.047   1.001   0.003   0.994
 3242    1  1.0     0.037   0.916   0.003   0.994
 3243    1  1.0     0.046   0.925   0.003   0.994
 3244    1  1.0     0.038   0.931   0.003   0.994
 3245    1  1.0     0.053   1.003   0.037   0.997
 3246    1  1.0     0.067   0.992   0.003   0.994
 3247    1  1.0     0.055   0.910   0.003   0.994
 3248    1  1.0     0.054   0.911   0.003   0.994
 3249    1  1.0     0.057   1.044   0.037   0.997
 3250    1  1.0     0.055   1.030   0.003   0.994
 3251    1  1.0     0.046   0.987   0.003   0.994
 3252    1  1.0     0.047   0.922   0.003   0.994
 3253    1  1.0     0.037   0.908   0.003   0.994
 3254    1  1.0     0.038   0.831   0.003   0.994
 3255    1  1.0     0.051   0.872   0.003   0.994
 3256    1  1.0     0.040   0.839   0.003   0.994
 3257    1  1.0     0.036   0.827   0.003   0.994
 3258    1  1.0     0.039   0.829   0.003   0.994
 3259    1  1.0     0.040   0.832   0.003   0.994
 3260    1  1.0     0.057   1.106   0.037   0.998
 3261    1  1.0     0.063   0.992   0.003   0.994
 3262    1  1.0     0.048   0.919   0.003   0.994
 3263    1  1.0     0.051   0.919   0.003   0.994
 3264    1  1.0     0.066   0.912   0.003   0.995
 3265    1  1.0     0.058   0.908   0.003   0.995
 3266    1  1.0     0.062   0.900   0.003   0.995
 3267    1  1.0     0.054   0.900   0.003   0.995
 3268    1  1.0     0.063   0.906   0.003   0.995
 3269    1  1.0     0.059   1.103   0.037   0.998
 3270    1  1.0     0.057   0.984   0.003   0.994
 3271    1  1.0     0.045   0.920   0.003   0.994
 3272    1  1.0     0.039   0.916   0.003   0.994
 3273    1  1.0     0.045   0.951   0.003   0.994
 3274    1  1.0     0.035   0.826   0.003   0.994
 3275    1  1.0     0.039   0.829   0.003   0.994
 3276    1  1.0     0.035   0.832   0.003   0.994
 3277    1  1.0     0.043   0.822   0.003   0.994
 3278    1  1.0     0.040   0.829   0.003   0.994
 3279    1  1.0     0.033   0.821   0.003   0.994
 3280    1  1.0     0.060   1.093   0.037   0.997
 3281    1  1.0     0.053   0.999   0.003   0.994
 3282    1  1.0     0.054   0.912   0.003   0.994
 3283    1  1.0     0.048   0.909   0.003   0.994
 3284    1  1.0     0.056   0.918   0.003   0.994
 3285    1  1.0     0.059   0.919   0.003   0.994
 3286    1  1.0     0.039   0.989   0.037   0.997
 3287    1  1.0     0.052   1.018   0.003   0.994
 3288    1  1.0     0.036   0.941   0.003   0.994
 3289    1  1.0     0.039   0.915   0.003   0.994
 3290    1  1.0     0.041   0.901   0.003   0.994
 3291    1  1.0     0.034   0.821   0.003   0.994
 3292    1  1.0     0.047   0.850   0.003   0.994
 3293    1  1.0     0.047   0.826   0.003   0.994
 3294    1  1.0     0.035   0.825   0.003   0.994
 3295    1  1.0     0.032   0.829   0.003   0.994
 3296    1  1.0     0.036   0.832   0.003   0.994
 3297    1  1.0     0.044   0.991   0.037   0.997
 3298    1  1.0     0.053   1.016   0.003   0.994
 3299    1  1.0     0.050   1.013   0.003   0.994
 3300    1  1.0     0.037   0.823   0.003   0.994
 3301    1  1.0     0.051   0.831   0.003   0.994
 3302    1  1.0     0.043   0.824   0.003   0.994
 3303    1  1.0     0.036   0.835   0.003   0.994
 3304    1  1.0     0.039   0.836   0.003   0.994
 3305    1  1.0     0.036   0.838   0.003   0.994
 3306    1  1.0     0.052   1.046   0.037   0.997
 3307    1  1.0     0.071   1.043   0.003   0.994
 3308    1  1.0     0.051   0.933   0.003   0.994
 3309    1  1.0     0.069   0.973   0.045   0.995
 3310    1  1.0     0.041   0.822   0.003   0.994
 3311    1  1.0     0.048   0.835   0.003   0.994
 3312    1  1.0     0.051   0.826   0.003   0.994
 3313    1  1.0     0.048   1.009   0.037   0.997
 3314    1  1.0     0.054   0.954   0.003   0.994
 3315    1  1.0     0.063   0.916   0.003   0.994
 3316    1  1.0     0.051   0.898   0.003   0.994
 3317    1  1.0     0.068   0.934   0.037   0.997
 3318    1  1.0     0.062   0.914   0.037   0.997
 3319    1  1.0     0.045   0.972   0.003   0.994
 3320    1  1.0     0.038   0.898   0.003   0.994
 3321    1  1.0     0.044   0.929   0.003   0.994
 3322    1  1.0     0.043   0.905   0.003   0.994
 3323    1  1.0     0.037   0.907   0.003   0.994
 3324    1  1.0     0.043   0.891   0.003   0.994
 3325    1  1.0     0.059   0.909   0.003   0.994
 3326    1  1.0     0.047   0.967   0.037   0.997
 3327    1  1.0     0.063   0.977   0.003   0.994
 3328    1  1.0     0.055   0.906   0.003   0.994
 3329    1  1.0     0.050   0.908   0.003   0.994
 3330    1  1.0     0.059   1.020   0.037   0.997
 3331    1  1.0     0.052   0.908   0.003   0.994
 3332    1  1.0     0.053   0.921   0.003   0.994
 3333    1  1.0     0.060   1.021   0.037   0.997
 3334    1  1.0     0.051   0.987   0.003   0.994
 3335    1  1.0     0.050   0.929   0.003   0.994
 3336    1  1.0     0.047   0.916   0.003   0.994
 3337    1  1.0     0.068   0.916   0.003   0.995
 3338    1  1.0     0.058   0.910   0.003   0.995
 3339    1  1.0     0.073   0.907   0.003   0.995
 3340    1  1.0     0.065   0.905   0.003   0.995
 3341    1  1.0     0.069   0.901   0.003   0.995
 3342    1  1.0     0.059   1.070   0.037   0.998
 3343    1  1.0     0.053   0.966   0.003   0.994
 3344    1  1.0     0.047   0.824   0.003   0.994
 3345    1  1.0     0.042   0.822   0.003   0.994
 3346    1  1.0     0.055   0.827   0.003   0.994
 3347    1  1.0     0.058   1.042   0.037   0.997
 3348    1  1.0     0.056   0.987   0.003   0.994
 3349    1  1.0     0.054   0.918   0.003   0.994
 3350    1  1.0     0.049   0.911   0.003   0.994
 3351    1  1.0     0.064   0.920   0.003   0.995
 3352    1  1.0     0.069   0.922   0.003   0.995
 3353    1  1.0     0.063   0.900   0.003   0.995
 3354    1  1.0     0.062   0.901   0.003   0.995
 3355    1  1.0     0.062   0.916   0.003   0.995
 3356    1  1.0     0.058   1.037   0.037   0.997
 3357    1  1.0     0.070   1.025   0.003   0.994
 3358    1  1.0     0.053   0.955   0.003   0.994
 3359    1  1.0     0.070   0.983   0.045   0.995
 3360    1  1.0     0.050   0.832   0.003   0.994
 3361    1  1.0     0.055   0.833   0.003   0.994
 3362    1  1.0     0.052   0.837   0.003   0.994
 3363    1  1.0     0.058   1.044   0.037   0.997
 3364    1  1.0     0.070   0.995   0.003   0.994
 3365    1  1.0     0.060   0.927   0.003   0.994
 3366    1  1.0     0.053   0.919   0.003   0.994
 3367    1  1.0     0.079   0.880   0.003   0.995
 3368    1  1.0     0.075   0.856   0.003   0.995
 3369    1  1.0     0.055   1.087   0.037   0.998
 3370    1  1.0     0.067   1.012   0.003   0.994
 3371    1  1.0     0.046   0.876   0.003   0.994
 3372    1  1.0     0.051   0.867   0.003   0.994
 3373    1  1.0     0.071   0.969   0.045   0.995
 3374    1  1.0     0.057   1.108   0.037   0.997
 3375    1  1.0     0.071   1.047   0.003   0.994
 3376    1  1.0     0.048   0.944   0.003   0.994
 3377    1  1.0     0.055   0.915   0.003   0.994
 3378    1  1.0     0.048   0.901   0.003   0.994
 3379    1  1.0     0.050   0.985   0.003   0.994
 3380    1  1.0     0.057   0.891   0.037   0.997
 3381    1  1.0     0.044   0.943   0.037   0.997
 3382    1  1.0     0.061   1.032   0.037   0.997
 3383    1  1.0     0.060   1.014   0.003   0.994
 3384    1  1.0     0.050   0.925   0.003   0.994
 3385    1  1.0     0.051   0.915   0.003   0.994
 3386    1  1.0     0.055   0.890   0.037   0.997
 3387    1  1.0     0.043   0.907   0.037   0.997
 3388    1  1.0     0.038   1.044   0.037   0.998
 3389    1  1.0     0.060   0.977   0.003   0.994
 3390    1  1.0     0.039   0.908   0.003   0.994
 3391    1  1.0     0.043   0.903   0.003   0.994
 3392    1  1.0     0.046   0.912   0.003   0.994
 3393    1  1.0     0.036   0.902   0.003   0.994
 3394    1  1.0     0.049   0.897   0.003   0.994
 3395    1  1.0     0.055   0.922   0.003   0.994
 3396    1  1.0     0.044   0.948   0.037   0.997
 3397    1  1.0     0.064   0.964   0.037   0.997
 3398    1  1.0     0.060   0.982   0.037   0.997
 3399    1  1.0     0.063   0.925   0.037   0.997
 3400    1  1.0     0.050   0.882   0.037   0.997
 3401    1  1.0     0.058   1.063   0.037   0.997
 3402    1  1.0     0.051   1.085   0.003   0.994
 3403    1  1.0     0.048   0.946   0.003   0.994
 3404    1  1.0     0.049   0.922   0.003   0.994
 3405    1  1.0     0.039   1.003   0.003   0.994
 3406    1  1.0     0.037   0.836   0.003   0.994
 3407    1  1.0     0.039   0.839   0.003   0.994
 3408    1  1.0     0.038   0.844   0.003   0.994
 3409    1  1.0     0.034   0.836   0.003   0.994
 3410    1  1.0     0.037   0.841   0.003   0.994
 3411    1  1.0     0.042   0.856   0.003   0.994
 3412    1  1.0     0.054   1.042   0.037   0.998
 3413    1  1.0     0.058   0.938   0.003   0.994
 3414    1  1.0     0.053   0.923   0.003   0.994
 3415    1  1.0     0.048   0.912   0.003   0.994
 3416    1  1.0     0.069   0.871   0.003   0.995
 3417    1  1.0     0.052   0.983   0.037   0.997
 3418    1  1.0     0.065   0.900   0.003   0.995
 3419    1  1.0     0.069   0.923   0.003   0.995
 3420    1  1.0     0.065   0.900   0.003   0.995
 3421    1  1.0     0.068   0.905   0.003   0.995
 3422    1  1.0     0.044   0.985   0.037   0.997
 3423    1  1.0     0.057   1.015   0.003   0.994
 3424    1  1.0     0.048   0.925   0.003   0.994
 3425    1  1.0     0.048   0.911   0.003   0.994
 3426    1  1.0     0.050   0.921   0.003   0.994
 3427    1  1.0     0.047   0.928   0.003   0.994
 3428    1  1.0     0.049   0.915   0.003   0.994
 3429    1  1.0     0.054   0.898   0.003   0.994
 3430    1  1.0     0.043   0.983   0.037   0.997
 3431    1  1.0     0.063   0.972   0.037   0.997
 3432    1  1.0     0.058   0.967   0.037   0.997
 3433    1  1.0     0.046   0.895   0.037   0.997
 3434    1  1.0     0.042   0.896   0.037   0.997
 3435    1  1.0     0.041   1.010   0.037   0.997
 3436    1  1.0     0.055   1.015   0.003   0.994
 3437    1  1.0     0.055   0.946   0.003   0.994
 3438    1  1.0     0.051   0.918   0.003   0.994
 3439    1  1.0     0.045   0.902   0.003   0.994
 3440    1  1.0     0.044   0.904   0.003   0.994
 3441    1  1.0     0.051   0.885   0.003   0.994
 3442    1  1.0     0.049   0.892   0.003   0.994
 3443    1  1.0     0.052   0.886   0.003   0.994
 3444    1  1.0     0.050   0.881   0.003   0.994
 3445    1  1.0     0.024   0.964   0.037   0.997
 3446    1  1.0     0.013   0.895   0.037   0.997
 3447    1  1.0     0.023   0.927   0.037   0.997
 3448    1  1.0     0.051   1.068   0.037   0.997
 3449    1  1.0     0.057   0.959   0.003   0.994
 3450    1  1.0     0.047   0.941   0.003   0.994
 3451    1  1.0     0.065   1.010   0.045   0.995
 3452    1  1.0     0.046   0.826   0.003   0.994
 3453    1  1.0     0.048   0.833   0.003   0.994
 3454    1  1.0     0.046   0.845   0.003   0.994
 3455    1  1.0     0.041   0.984   0.037   0.997
 3456    1  1.0     0.053   0.999   0.003   0.994
 3457    1  1.0     0.059   0.928   0.003   0.994
 3458    1  1.0     0.049   0.914   0.003   0.994
 3459    1  1.0     0.048   0.895   0.003   0.994
 3460    1  1.0     0.047   0.898   0.003   0.994
 3461    1  1.0     0.050   0.879   0.003   0.994
 3462    1  1.0     0.049   0.892   0.003   0.994
 3463    1  1.0     0.046   1.000   0.037   0.997
 3464    1  1.0     0.049   0.886   0.037   0.997
 3465    1  1.0     0.060   0.940   0.037   0.997
 3466    1  1.0     0.047   0.891   0.037   0.997
 3467    1  1.0     0.049   0.896   0.037   0.997
 3468    1  1.0     0.042   1.020   0.037   0.997
 3469    1  1.0     0.063   1.011   0.003   0.994
 3470    1  1.0     0.048   0.857   0.003   0.994
 3471    1  1.0     0.052   0.860   0.003   0.994
 3472    1  1.0     0.073   1.062   0.045   0.995
 3473    1  1.0     0.047   0.993   0.037   0.998
 3474    1  1.0     0.057   0.976   0.003   0.994
 3475    1  1.0     0.042   1.004   0.003   0.994
 3476    1  1.0     0.041   0.829   0.003   0.994
 3477    1  1.0     0.043   0.824   0.003   0.994
 3478    1  1.0     0.049   0.833   0.003   0.994
 3479    1  1.0     0.042   0.844   0.003   0.994
 3480    1  1.0     0.049   0.868   0.003   0.994
 3481    1  1.0     0.053   0.987   0.003   0.994
 3482    1  1.0     0.047   0.987   0.037   0.997
 3483    1  1.0     0.051   1.032   0.003   0.994
 3484    1  1.0     0.051   2.342   0.003   2.390
 3485    1  1.0     0.060   0.934   0.045   0.995
 3486    1  1.0     0.036   0.827   0.003   0.994
 3487    1  1.0     0.037   0.829   0.003   0.994
 3488    1  1.0     0.056   0.858   0.003   0.994
 3489    1  1.0     0.010   2.238   0.037   2.202
 3490    1  1.0     0.074   1.398   0.003   0.994
 3491    1  1.0     0.052   0.885   0.003   0.994
 3492    1  1.0     0.039   0.879   0.003   0.994
 3493    1  1.0     0.062   0.957   0.045   0.995
 3494    1  1.0     0.040   0.962   0.037   0.997
 3495    1  1.0     0.064   1.224   0.003   0.994
 3496    1  1.0     0.049   0.860   0.003   0.994
 3497    1  1.0     0.050   0.857   0.003   0.994
 3498    1  1.0     0.052   0.904   0.045   0.995
 3499    1  1.0     0.061   1.071   0.037   0.997
 3500    1  1.0     0.049   1.027   0.003   0.994
 3501    1  1.0     0.058   0.878   0.003   0.994
 3502    1  1.0     0.045   0.866   0.003   0.994
 3503    1  1.0     0.045   0.895   0.045   0.995
 3504    1  1.0     0.031   1.445   0.037   1.003
 3505    1  1.0     0.060   0.975   0.003   0.994
 3506    1  1.0     0.042   0.907   0.003   0.994
 3507    1  1.0     0.050   0.933   0.003   0.994
 3508    1  1.0     0.038   0.984   0.003   0.994
 3509    1  1.0     0.040   0.829   0.003   0.994
 3510    1  1.0     0.042   0.832   0.003   0.994
 3511    1  1.0     0.050   0.956   0.003   0.994
 3512    1  1.0     0.039   0.823   0.003   0.994
 3513    1  1.0     0.035   1.180   0.003   1.000
 3514    1  1.0     0.041   0.824   0.003   0.994
 3515    1  1.0     0.044   1.162   0.037   0.997
 3516    1  1.0     0.050   1.107   0.003   0.994
 3517    1  1.0     0.053   0.999   0.003   0.994
 3518    1  1.0     0.049   1.062   0.003   0.994
 3519    1  1.0     0.041   0.978   0.037   0.997
 3520    1  1.0     0.058   0.977   0.003   0.994
 3521    1  1.0     0.046   0.975   0.003   0.994
 3522    1  1.0     0.047   0.833   0.003   0.994
 3523    1  1.0     0.050   0.850   0.003   0.994
 3524    1  1.0     0.057   0.830   0.003   0.994
 3525    1  1.0     0.041   0.824   0.003   0.994
 3526    1  1.0     0.043   0.825   0.003   0.994
 3527    1  1.0     0.050   0.822   0.003   0.994
 3528    1  1.0     0.060   1.096   0.037   0.998
 3529    1  1.0     0.056   0.934   0.003   0.994
 3530    1  1.0     0.048   0.928   0.003   0.994
 3531    1  1.0     0.047   1.041   0.037   0.997
 3532    1  1.0     0.051   0.965   0.003   0.994
 3533    1  1.0     0.051   0.980   0.003   0.994
 3534    1  1.0     0.045   0.824   0.003   0.994
 3535    1  1.0     0.059   0.855   0.003   0.994
 3536    1  1.0     0.058   0.838   0.003   0.994
 3537    1  1.0     0.050   0.838   0.003   0.994
 3538    1  1.0     0.045   0.839   0.003   0.994
 3539    1  1.0     0.052   0.838   0.003   0.994
 3540    1  1.0     0.054   1.064   0.037   0.997
 3541    1  1.0     0.052   0.957   0.003   0.994
 3542    1  1.0     0.060   0.923   0.003   0.994
 3543    1  1.0     0.054   0.919   0.003   0.994
 3544    1  1.0     0.045   0.969   0.037   0.997
 3545    1  1.0     0.051   1.029   0.003   0.994
 3546    1  1.0     0.041   0.831   0.003   0.994
 3547    1  1.0     0.037   0.826   0.003   0.994
 3548    1  1.0     0.042   0.829   0.003   0.994
 3549    1  1.0     0.061   1.091   0.037   0.997
 3550    1  1.0     0.067   1.080   0.003   0.994
 3551    1  1.0     0.052   0.916   0.003   0.994
 3552    1  1.0     0.041   0.906   0.003   0.994
 3553    1  1.0     0.048   0.903   0.037   0.998
 3554    1  1.0     0.047   0.934   0.037   0.997
 3555    1  1.0     0.059   1.143   0.037   0.997
 3556    1  1.0     0.072   1.006   0.003   0.994
 3557    1  1.0     0.052   0.925   0.003   0.994
 3558    1  1.0     0.055   0.918   0.003   0.994
 3559    1  1.0     0.057   0.926   0.003   0.994
 3560    1  1.0     0.058   0.933   0.003   0.994
 3561    1  1.0     0.046   0.922   0.003   0.994
 3562    1  1.0     0.053   0.934   0.003   0.994
 3563    1  1.0     0.058   1.105   0.037   0.997
 3564    1  1.0     0.045   0.885   0.037   0.997
 3565    1  1.0     0.060   0.982   0.037   0.997
 3566    1  1.0     0.045   0.891   0.037   0.997
 3567    1  1.0     0.057   0.902   0.037   0.997
 3568    1  1.0     0.048   1.027   0.037   0.997
 3569    1  1.0     0.063   0.974   0.003   0.994
 3570    1  1.0     0.053   0.905   0.003   0.994
 3571    1  1.0     0.048   0.904   0.003   0.994
 3572    1  1.0     0.058   0.914   0.037   0.997
 3573    1  1.0     0.063   1.002   0.037   0.997
 3574    1  1.0     0.057   1.095   0.037   0.997
 3575    1  1.0     0.052   0.996   0.003   0.994
 3576    1  1.0     0.047   0.920   0.003   0.994
 3577    1  1.0     0.066   0.928   0.003   0.994
 3578    1  1.0     0.075   0.907   0.003   0.995
 3579    1  1.0     0.041   0.968   0.037   0.997
 3580    1  1.0     0.069   0.911   0.003   0.995
 3581    1  1.0     0.058   0.883   0.003   0.995
 3582    1  1.0     0.065   0.917   0.003   0.995
 3583    1  1.0     0.056   0.907   0.003   0.995
 3584    1  1.0     0.039   0.979   0.037   0.997
 3585    1  1.0     0.057   1.008   0.003   0.994
 3586    1  1.0     0.059   0.923   0.003   0.994
 3587    1  1.0     0.052   0.922   0.003   0.994
 3588    1  1.0     0.054   1.051   0.037   0.997
 3589    1  1.0     0.053   0.999   0.003   0.994
 3590    1  1.0     0.048   0.834   0.003   0.994
 3591    1  1.0     0.046   0.835   0.003   0.994
 3592    1  1.0     0.055   0.838   0.003   0.994
 3593    1  1.0     0.041   0.964   0.037   0.997
 3594    1  1.0     0.060   0.899   0.003   0.994
 3595    1  1.0     0.043   0.883   0.003   0.994
 3596    1  1.0     0.042   1.003   0.037   0.997
 3597    1  1.0     0.053   1.006   0.003   0.994
 3598    1  1.0     0.053   0.905   0.003   0.994
 3599    1  1.0     0.049   0.907   0.003   0.994
 3600    1  1.0     0.076   0.914   0.003   0.995
 3601    1  1.0     0.072   0.923   0.003   0.995
 3602    1  1.0     0.076   0.917   0.003   0.995
 3603    1  1.0     0.068   0.901   0.003   0.995
 3604    1  1.0     0.080   0.906   0.003   0.995
 3605    1  1.0     0.044   0.980   0.037   0.997
 3606    1  1.0     0.063   0.904   0.003   0.994
 3607    1  1.0     0.060   0.897   0.003   0.994
 3608    1  1.0     0.059   1.097   0.037   0.997
 3609    1  1.0     0.053   1.028   0.003   0.994
 3610    1  1.0     0.044   0.945   0.003   0.994
 3611    1  1.0     0.053   0.932   0.003   0.994
 3612    1  1.0     0.054   0.923   0.003   0.994
 3613    1  1.0     0.037   0.981   0.003   0.994
 3614    1  1.0     0.040   0.912   0.003   0.994
 3615    1  1.0     0.041   0.903   0.003   0.994
 3616    1  1.0     0.036   0.894   0.003   0.994
 3617    1  1.0     0.036   0.894   0.003   0.994
 3618    1  1.0     0.005   0.957   0.037   0.997
 3619    1  1.0     0.001   0.892   0.037   0.997
 3620    1  1.0     0.001   0.901   0.037   0.997
 3621    1  1.0     0.034   0.995   0.037   0.997
 3622    1  1.0     0.049   0.992   0.003   0.994
 3623    1  1.0     0.045   0.825   0.003   0.994
 3624    1  1.0     0.039   0.824   0.003   0.994
 3625    1  1.0     0.056   0.832   0.003   0.994
 3626    1  1.0     0.039   0.993   0.037   0.997
 3627    1  1.0     0.061   0.917   0.003   0.994
 3628    1  1.0     0.048   0.899   0.003   0.994
 3629    1  1.0     0.055   1.061   0.037   0.997
 3630    1  1.0     0.047   0.987   0.003   0.994
 3631    1  1.0     0.043   0.829   0.003   0.994
 3632    1  1.0     0.051   0.826   0.003   0.994
 3633    1  1.0     0.052   0.829   0.003   0.994
 3634    1  1.0     0.055   1.066   0.037   0.998
 3635    1  1.0     0.056   1.015   0.003   0.994
 3636    1  1.0     0.055   0.871   0.003   0.994
 3637    1  1.0     0.041   0.859   0.003   0.994
 3638    1  1.0     0.043   0.890   0.045   0.995
 3639    1  1.0     0.041   0.981   0.037   0.997
 3640    1  1.0     0.065   0.970   0.003   0.994
 3641    1  1.0     0.052   0.857   0.003   0.994
 3642    1  1.0     0.052   0.864   0.003   0.994
 3643    1  1.0     0.051   0.879   0.045   0.995
 3644    1  1.0     0.046   1.096   0.037   0.997
 3645    1  1.0     0.048   1.024   0.003   0.994
 3646    1  1.0     0.044   0.883   0.003   0.994
 3647    1  1.0     0.038   0.871   0.003   0.994
 3648    1  1.0     0.044   0.902   0.045   0.995
 3649    1  1.0     0.070   1.037   0.003   0.994
 3650    1  1.0     0.049   0.910   0.003   0.994
 3651    1  1.0     0.047   0.938   0.003   0.994
 3652    1  1.0     0.043   0.907   0.003   0.994
 3653    1  1.0     0.038   0.906   0.003   0.994
 3654    1  1.0     0.038   0.891   0.003   0.994
 3655    1  1.0     0.052   0.895   0.003   0.994
 3656    1  1.0     0.041   1.026   0.037   0.997
 3657    1  1.0     0.055   1.107   0.003   0.994
 3658    1  1.0     0.053   1.018   0.003   0.994
 3659    1  1.0     0.044   0.995   0.003   0.994
 3660    1  1.0     0.058   1.108   0.037   0.997
 3661    1  1.0     0.047   0.982   0.003   0.994
 3662    1  1.0     0.056   0.887   0.003   0.994
 3663    1  1.0     0.039   0.875   0.003   0.994
 3664    1  1.0     0.044   0.909   0.045   0.995
 3665    1  1.0     0.036   1.000   0.037   0.998
 3666    1  1.0     0.065   0.965   0.003   0.994
 3667    1  1.0     0.050   0.908   0.003   0.994
 3668    1  1.0     0.038   0.895   0.003   0.994
 3669    1  1.0     0.045   0.896   0.003   0.994
 3670    1  1.0     0.052   0.900   0.003   0.994
 3671    1  1.0     0.048   1.089   0.037   0.998
 3672    1  1.0     0.059   1.038   0.003   0.994
 3673    1  1.0     0.050   0.952   0.003   0.994
 3674    1  1.0     0.046   0.916   0.045   0.995
 3675    1  1.0     0.040   0.827   0.003   0.994
 3676    1  1.0     0.046   0.833   0.003   0.994
 3677    1  1.0     0.044   0.838   0.003   0.994
 3678    1  1.0     0.051   1.010   0.037   0.997
 3679    1  1.0     0.060   0.988   0.003   0.994
 3680    1  1.0     0.051   0.934   0.003   0.994
 3681    1  1.0     0.058   0.919   0.003   0.994
 3682    1  1.0     0.081   0.915   0.003   0.995
 3683    1  1.0     0.072   0.921   0.003   0.995
 3684    1  1.0     0.073   0.902   0.003   0.995
 3685    1  1.0     0.065   0.901   0.003   0.995
 3686    1  1.0     0.053   0.954   0.045   0.995
 3687    1  1.0     0.060   1.051   0.037   0.997
 3688    1  1.0     0.060   0.998   0.003   0.994
 3689    1  1.0     0.043   0.912   0.003   0.994
 3690    1  1.0     0.062   0.907   0.003   0.994
 3691    1  1.0     0.051   1.038   0.037   0.997
 3692    1  1.0     0.070   0.864   0.003   0.995
 3693    1  1.0     0.068   0.865   0.003   0.995
 3694    1  1.0     0.056   1.000   0.037   0.997
 3695    1  1.0     0.051   0.928   0.003   0.994
 3696    1  1.0     0.045   0.914   0.003   0.994
 3697    1  1.0     0.034   1.010   0.037   0.997
 3698    1  1.0     0.059   1.061   0.003   0.994
 3699    1  1.0     0.038   0.912   0.003   0.994
 3700    1  1.0     0.048   0.925   0.003   0.994
 3701    1  1.0     0.047   0.912   0.003   0.994
 3702    1  1.0     0.038   0.934   0.003   0.994
 3703    1  1.0     0.036   0.917   0.003   0.994
 3704    1  1.0     0.035   0.929   0.003   0.994
 3705    1  1.0     0.039   0.909   0.003   0.994
 3706    1  1.0     0.035   0.893   0.003   0.994
 3707    1  1.0     0.006   0.897   0.037   0.997
 3708    1  1.0    -0.000   0.896   0.037   0.997
 3709    1  1.0     0.002   0.888   0.037   0.997
 3710    1  1.0     0.049   1.007   0.037   0.997
 3711    1  1.0     0.055   0.991   0.003   0.994
 3712    1  1.0     0.051   0.902   0.003   0.994
 3713    1  1.0     0.050   0.913   0.003   0.994
 3714    1  1.0     0.086   0.947   0.003   0.995
 3715    1  1.0     0.065   0.916   0.003   0.995
 3716    1  1.0     0.067   0.910   0.003   0.995
 3717    1  1.0     0.061   0.902   0.003   0.995
 3718    1  1.0     0.053   0.950   0.045   0.995
 3719    1  1.0     0.040   0.971   0.037   0.997
 3720    1  1.0     0.061   1.002   0.003   0.994
 3721    1  1.0     0.053   0.832   0.003   0.994
 3722    1  1.0     0.049   0.830   0.003   0.994
 3723    1  1.0     0.057   0.832   0.003   0.994
 3724    1  1.0     0.063   1.171   0.037   0.998
 3725    1  1.0     0.050   1.061   0.003   0.994
 3726    1  1.0     0.049   0.911   0.003   0.994
 3727    1  1.0     0.065   0.909   0.003   0.994
 3728    1  1.0     0.048   0.914   0.037   0.998
 3729    1  1.0     0.042   0.949   0.037   0.998
 3730    1  1.0     0.060   1.059   0.037   0.997
 3731    1  1.0     0.060   0.989   0.003   0.994
 3732    1  1.0     0.056   0.876   0.003   0.994
 3733    1  1.0     0.046   0.869   0.003   0.994
 3734    1  1.0     0.065   0.945   0.045   0.995
 3735    1  1.0     0.055   1.068   0.037   0.997
 3736    1  1.0     0.063   1.029   0.003   0.994
 3737    1  1.0     0.053   0.907   0.003   0.994
 3738    1  1.0     0.046   0.908   0.003   0.994
 3739    1  1.0     0.041   0.891   0.003   0.994
 3740    1  1.0     0.054   0.909   0.003   0.994
 3741    1  1.0     0.040   0.991   0.037   0.998
 3742    1  1.0     0.055   0.997   0.003   0.994
 3743    1  1.0     0.042   0.954   0.003   0.994
 3744    1  1.0     0.052   0.823   0.003   0.994
 3745    1  1.0     0.046   0.822   0.003   0.994
 3746    1  1.0     0.054   0.831   0.003   0.994
 3747    1  1.0     0.047   0.818   0.003   0.994
 3748    1  1.0     0.053   0.827   0.003   0.994
 3749    1  1.0     0.044   0.815   0.003   0.994
 3750    1  1.0     0.059   1.106   0.037   0.997
 3751    1  1.0     0.053   1.009   0.003   0.994
 3752    1  1.0     0.052   0.894   0.003   0.994
 3753    1  1.0     0.047   0.896   0.003   0.994
 3754    1  1.0     0.044   0.894   0.003   0.994
 3755    1  1.0     0.048   0.890   0.003   0.994
 3756    1  1.0     0.049   1.043   0.037   0.997
 3757    1  1.0     0.055   0.958   0.003   0.994
 3758    1  1.0     0.051   0.976   0.003   0.994
 3759    1  1.0     0.047   0.822   0.003   0.994
 3760    1  1.0     0.048   0.850   0.003   0.994
 3761    1  1.0     0.057   0.838   0.003   0.994
 3762    1  1.0     0.045   0.827   0.003   0.994
 3763    1  1.0     0.043   0.834   0.003   0.994
 3764    1  1.0     0.037   0.839   0.003   0.994
 3765    1  1.0     0.056   1.059   0.037   0.998
 3766    1  1.0     0.048   1.016   0.003   0.994
 3767    1  1.0     0.048   0.910   0.003   0.994
 3768    1  1.0     0.051   0.911   0.003   0.994
 3769    1  1.0     0.050   0.893   0.003   0.994
 3770    1  1.0     0.042   0.898   0.003   0.994
 3771    1  1.0     0.041   0.899   0.003   0.994
 3772    1  1.0     0.061   0.908   0.003   0.994
 3773    1  1.0     0.039   0.884   0.003   0.994
 3774    1  1.0     0.041   0.882   0.003   0.994
 3775    1  1.0     0.031   1.022   0.037   0.997
 3776    1  1.0     0.002   0.886   0.037   0.997
 3777    1  1.0     0.004   0.898   0.037   0.997
 3778    1  1.0     0.057   1.038   0.037   0.997
 3779    1  1.0     0.064   0.963   0.003   0.994
 3780    1  1.0     0.054   0.852   0.003   0.994
 3781    1  1.0     0.048   0.852   0.003   0.994
 3782    1  1.0     0.068   1.051   0.045   0.995
 3783    1  1.0     0.053   1.029   0.037   0.997
 3784    1  1.0     0.051   0.992   0.003   0.994
 3785    1  1.0     0.049   0.993   0.003   0.994
 3786    1  1.0     0.049   0.902   0.003   0.994
 3787    1  1.0     0.038   0.899   0.003   0.994
 3788    1  1.0     0.037   0.836   0.003   0.994
 3789    1  1.0     0.049   0.854   0.003   0.994
 3790    1  1.0     0.049   0.830   0.003   0.994
 3791    1  1.0     0.039   0.823   0.003   0.994
 3792    1  1.0     0.042   0.827   0.003   0.994
 3793    1  1.0     0.039   0.844   0.003   0.994
 3794    1  1.0     0.057   1.095   0.037   0.997
 3795    1  1.0     0.053   0.983   0.003   0.994
 3796    1  1.0     0.048   0.989   0.003   0.994
 3797    1  1.0     0.042   0.836   0.003   0.994
 3798    1  1.0     0.049   0.867   0.003   0.994
 3799    1  1.0     0.043   0.848   0.003   0.994
 3800    1  1.0     0.044   0.848   0.003   0.994
 3801    1  1.0     0.049   0.845   0.003   0.994
 3802    1  1.0     0.049   0.841   0.003   0.994
 3803    1  1.0     0.063   1.093   0.037   0.997
 3804    1  1.0     0.063   0.989   0.003   0.994
 3805    1  1.0     0.064   0.911   0.003   0.994
 3806    1  1.0     0.060   0.915   0.003   0.994
 3807    1  1.0     0.055   1.007   0.037   0.997
 3808    1  1.0     0.063   0.989   0.003   0.994
 3809    1  1.0     0.052   0.924   0.003   0.994
 3810    1  1.0     0.049   0.916   0.003   0.994
 3811    1  1.0     0.066   0.911   0.003   0.995
 3812    1  1.0     0.064   0.912   0.003   0.995
 3813    1  1.0     0.061   0.903   0.003   0.995
 3814    1  1.0     0.066   0.910   0.003   0.995
 3815    1  1.0     0.063   0.910   0.003   0.995
 3816    1  1.0     0.057   1.093   0.037   0.997
 3817    1  1.0     0.055   0.995   0.003   0.994
 3818    1  1.0     0.048   0.985   0.003   0.994
 3819    1  1.0     0.036   0.826   0.003   0.994
 3820    1  1.0     0.047   0.832   0.003   0.994
 3821    1  1.0     0.045   0.828   0.003   0.994
 3822    1  1.0     0.040   0.829   0.003   0.994
 3823    1  1.0     0.048   0.832   0.003   0.994
 3824    1  1.0     0.046   0.833   0.003   0.994
 3825    1  1.0     0.059   1.061   0.037   0.997
 3826    1  1.0     0.056   1.015   0.003   0.994
 3827    1  1.0     0.054   0.920   0.003   0.994
 3828    1  1.0     0.053   0.910   0.003   0.994
 3829    1  1.0     0.042   0.927   0.003   0.994
 3830    1  1.0     0.044   0.916   0.003   0.994
 3831    1  1.0     0.040   0.919   0.003   0.994
 3832    1  1.0     0.039   0.905   0.003   0.994
 3833    1  1.0     0.042   0.893   0.003   0.994
 3834    1  1.0     0.041   0.905   0.003   0.994
 3835    1  1.0     0.002   0.894   0.037   0.997
 3836    1  1.0     0.004   0.893   0.037   0.997
 3837    1  1.0     0.003   0.889   0.037   0.997
 3838    1  1.0     0.065   1.103   0.037   0.997
 3839    1  1.0     0.073   1.027   0.003   0.994
 3840    1  1.0     0.064   0.925   0.003   0.994
 3841    1  1.0     0.064   0.917   0.003   0.994
 3842    1  1.0     0.058   1.051   0.037   0.998
 3843    1  1.0     0.069   0.972   0.003   0.994
 3844    1  1.0     0.051   0.924   0.003   0.994
 3845    1  1.0     0.060   0.919   0.003   0.994
 3846    1  1.0     0.072   1.693   0.003   1.734
 3847    1  1.0     0.067   0.864   0.003   0.995
 3848    1  1.0     0.058   1.062   0.037   0.997
 3849    1  1.0     0.065   0.896   0.003   0.994
 3850    1  1.0     0.054   0.891   0.003   0.994
 3851    1  1.0     0.041   1.755   0.037   1.734
 3852    1  1.0     0.075   1.085   0.003   0.994
 3853    1  1.0     0.053   0.920   0.003   0.994
 3854    1  1.0     0.055   0.905   0.003   0.994
 3855    1  1.0     0.052   0.897   0.037   0.997
 3856    1  1.0     0.065   0.961   0.037   0.997
 3857    1  1.0     0.043   0.982   0.037   0.997
 3858    1  1.0     0.062   1.003   0.003   0.994
 3859    1  1.0     0.050   0.899   0.003   0.994
 3860    1  1.0     0.044   0.897   0.003   0.994
 3861    1  1.0     0.072   0.907   0.003   0.995
 3862    1  1.0     0.064   0.905   0.003   0.995
 3863    1  1.0     0.066   0.891   0.003   0.995
 3864    1  1.0     0.068   0.913   0.003   0.995
 3865    1  1.0     0.069   0.906   0.003   0.995
 3866    1  1.0     0.061   1.214   0.037   1.000
 3867    1  1.0     0.054   1.051   0.003   0.994
 3868    1  1.0     0.046   0.909   0.003   0.994
 3869    1  1.0     0.041   0.905   0.003   0.994
 3870    1  1.0     0.040   0.889   0.003   0.994
 3871    1  1.0     0.044   0.894   0.003   0.994
 3872    1  1.0     0.049   0.999   0.003   0.994
 3873    1  1.0     0.039   0.901   0.003   0.994
 3874    1  1.0     0.042   0.886   0.003   0.994
 3875    1  1.0     0.059   0.891   0.003   0.994
 3876    1  1.0     0.007   0.897   0.037   0.997
 3877    1  1.0     0.014   0.889   0.037   0.997
 3878    1  1.0     0.003   0.888   0.037   0.997
 3879    1  1.0     0.050   1.021   0.037   0.997
 3880    1  1.0     0.057   0.993   0.003   0.994
 3881    1  1.0     0.043   0.837   0.003   0.994
 3882    1  1.0     0.041   0.834   0.003   0.994
 3883    1  1.0     0.039   0.842   0.003   0.994
 3884    1  1.0     0.058   1.073   0.037   0.997
 3885    1  1.0     0.058   0.991   0.003   0.994
 3886    1  1.0     0.051   0.928   0.003   0.994
 3887    1  1.0     0.041   0.926   0.003   0.994
 3888    1  1.0     0.071   0.921   0.003   0.995
 3889    1  1.0     0.059   0.911   0.003   0.995
 3890    1  1.0     0.067   0.902   0.003   0.995
 3891    1  1.0     0.059   0.914   0.003   0.995
 3892    1  1.0     0.064   0.899   0.003   0.995
 3893    1  1.0     0.060   1.101   0.037   0.998
 3894    1  1.0     0.060   1.020   0.003   0.994
 3895    1  1.0     0.040   0.930   0.003   0.994
 3896    1  1.0     0.044   0.934   0.003   0.994
 3897    1  1.0     0.042   1.002   0.003   0.994
 3898    1  1.0     0.033   0.835   0.003   0.994
 3899    1  1.0     0.031   0.835   0.003   0.994
 3900    1  1.0     0.033   0.840   0.003   0.994
 3901    1  1.0     0.035   0.839   0.003   0.994
 3902    1  1.0     0.038   0.844   0.003   0.994
 3903    1  1.0     0.055   0.892   0.003   0.994
 3904    1  1.0     0.053   1.016   0.037   0.998
 3905    1  1.0     0.065   1.037   0.003   0.994
 3906    1  1.0     0.057   0.888   0.003   0.994
 3907    1  1.0     0.048   0.907   0.003   0.994
 3908    1  1.0     0.066   0.947   0.045   0.995
 3909    1  1.0     0.060   1.098   0.037   0.997
 3910    1  1.0     0.051   0.995   0.003   0.994
 3911    1  1.0     0.046   1.012   0.003   0.994
 3912    1  1.0     0.033   0.910   0.003   0.994
 3913    1  1.0     0.046   0.918   0.003   0.994
 3914    1  1.0     0.031   0.825   0.003   0.994
 3915    1  1.0     0.043   0.835   0.003   0.994
 3916    1  1.0     0.037   0.830   0.003   0.994
 3917    1  1.0     0.035   0.835   0.003   0.994
 3918    1  1.0     0.037   0.846   0.003   0.994
 3919    1  1.0     0.046   0.850   0.003   0.994
 3920    1  1.0     0.061   1.115   0.037   0.998
 3921    1  1.0     0.045   0.932   0.003   0.994
 3922    1  1.0     0.017   1.046   0.003   0.994
 3923    1  1.0     0.064   0.924   0.003   0.994
 3924    1  1.0     0.067   0.880   0.003   0.995
 3925    1  1.0     0.047   0.894   0.003   0.995
 3926    1  1.0     0.045   1.086   0.037   0.997
 3927    1  1.0     0.058   1.001   0.003   0.994
 3928    1  1.0     0.044   0.866   0.003   0.994
 3929    1  1.0     0.048   0.861   0.003   0.994
 3930    1  1.0     0.056   0.935   0.045   0.995
 3931    1  1.0     0.058   1.006   0.037   0.997
 3932    1  1.0     0.055   0.975   0.003   0.994
 3933    1  1.0     0.053   0.904   0.003   0.994
 3934    1  1.0     0.065   0.921   0.003   0.994
 3935    1  1.0     0.072   0.921   0.003   0.995
 3936    1  1.0     0.077   0.922   0.003   0.995
 3937    1  1.0     0.070   0.909   0.003   0.995
 3938    1  1.0     0.072   0.901   0.003   0.995
 3939    1  1.0     0.052   0.945   0.045   0.995
 3940    1  1.0     0.058   1.079   0.037   0.997
 3941    1  1.0     0.056   1.001   0.003   0.994
 3942    1  1.0     0.052   0.913   0.003   0.994
 3943    1  1.0     0.050   0.888   0.003   0.994
 3944    1  1.0     0.075   1.061   0.045   0.995
 3945    1  1.0     0.057   1.022   0.037   0.997
 3946    1  1.0     0.062   1.025   0.003   0.994
 3947    1  1.0     0.060   0.898   0.003   0.994
 3948    1  1.0     0.062   0.898   0.003   0.994
 3949    1  1.0     0.060   0.920   0.003   0.994
 3950    1  1.0     0.051   0.904   0.003   0.994
 3951    1  1.0     0.051   0.878   0.037   0.997
 3952    1  1.0     0.058   0.951   0.037   0.997
 3953    1  1.0     0.054   1.017   0.037   0.997
 3954    1  1.0     0.058   1.006   0.003   0.994
 3955    1  1.0     0.041   0.927   0.003   0.994
 3956    1  1.0     0.041   0.936   0.003   0.994
 3957    1  1.0     0.052   1.003   0.003   0.994
 3958    1  1.0     0.038   0.829   0.003   0.994
 3959    1  1.0     0.034   0.833   0.003   0.994
 3960    1  1.0     0.033   0.836   0.003   0.994
 3961    1  1.0     0.039   0.821   0.003   0.994
 3962    1  1.0     0.037   0.824   0.003   0.994
 3963    1  1.0     0.048   0.829   0.003   0.994
 3964    1  1.0     0.056   1.057   0.037   0.997
 3965    1  1.0     0.055   1.006   0.003   0.994
 3966    1  1.0     0.044   0.908   0.003   0.994
 3967    1  1.0     0.042   0.909   0.003   0.994
 3968    1  1.0     0.047   0.960   0.003   0.994
 3969    1  1.0     0.042   0.835   0.003   0.994
 3970    1  1.0     0.052   0.841   0.003   0.994
 3971    1  1.0     0.055   0.852   0.003   0.994
 3972    1  1.0     0.037   0.834   0.003   0.994
 3973    1  1.0     0.039   0.841   0.003   0.994
 3974    1  1.0     0.039   0.832   0.003   0.994
 3975    1  1.0     0.059   1.078   0.037   0.997
 3976    1  1.0     0.062   1.031   0.003   0.994
 3977    1  1.0     0.044   0.912   0.003   0.994
 3978    1  1.0     0.044   0.917   0.003   0.994
 3979    1  1.0     0.046   0.990   0.003   0.994
 3980    1  1.0     0.032   0.842   0.003   0.994
 3981    1  1.0     0.034   0.840   0.003   0.994
 3982    1  1.0     0.033   0.847   0.003   0.994
 3983    1  1.0     0.033   0.835   0.003   0.994
 3984    1  1.0     0.044   0.841   0.003   0.994
 3985    1  1.0     0.051   0.838   0.003   0.994
 3986    1  1.0     0.060   1.025   0.037   0.997
 3987    1  1.0     0.051   1.009   0.003   0.994
 3988    1  1.0     0.050   0.898   0.003   0.994
 3989    1  1.0     0.042   0.931   0.003   0.994
 3990    1  1.0     0.074   0.914   0.003   0.995
 3991    1  1.0     0.064   0.908   0.003   0.995
 3992    1  1.0     0.057   0.905   0.003   0.995
 3993    1  1.0     0.061   0.896   0.003   0.995
 3994    1  1.0     0.047   0.927   0.045   0.995
 3995    1  1.0     0.050   0.987   0.003   0.994
 3996    1  1.0     0.049   0.898   0.003   0.994
 3997    1  1.0     0.051   0.909   0.003   0.994
 3998    1  1.0     0.045   0.898   0.003   0.994
 3999    1  1.0     0.043   0.899   0.003   0.994
 4000    1  1.0     0.040   0.887   0.003   0.994
 4001    1  1.0     0.046   0.904   0.003   0.994
 4002    1  1.0     0.049   0.989   0.037   0.997
 4003    1  1.0     0.054   1.016   0.003   0.994
 4004    1  1.0     0.051   0.926   0.003   0.994
 4005    1  1.0     0.055   0.924   0.003   0.994
 4006    1  1.0     0.072   0.924   0.003   0.995
 4007    1  1.0     0.075   0.910   0.003   0.995
 4008    1  1.0     0.072   0.898   0.003   0.995
 4009    1  1.0     0.069   0.908   0.003   0.995
 4010    1  1.0     0.081   1.195   0.045   0.999
 4011    1  1.0     0.062   1.081   0.037   0.997
 4012    1  1.0     0.048   0.894   0.003   0.994
 4013    1  1.0     0.056   0.934   0.003   0.994
 4014    1  1.0     0.048   0.993   0.037   0.997
 4015    1  1.0     0.066   1.030   0.003   0.994
 4016    1  1.0     0.050   0.903   0.003   0.994
 4017    1  1.0     0.050   0.900   0.003   0.994
 4018    1  1.0     0.076   0.952   0.003   0.995
 4019    1  1.0     0.067   0.909   0.003   0.995
 4020    1  1.0     0.067   0.900   0.003   0.995
 4021    1  1.0     0.060   0.900   0.003   0.995
 4022    1  1.0     0.054   0.947   0.045   0.995
 4023    1  1.0     0.048   1.020   0.037   0.997
 4024    1  1.0     0.053   0.979   0.003   0.994
 4025    1  1.0     0.047   0.921   0.003   0.994
 4026    1  1.0     0.047   0.886   0.045   0.995
 4027    1  1.0     0.053   0.825   0.003   0.994
 4028    1  1.0     0.056   0.837   0.003   0.994
 4029    1  1.0     0.058   0.836   0.003   0.994
 4030    1  1.0     0.040   0.985   0.037   0.997
 4031    1  1.0     0.052   0.976   0.003   0.994
 4032    1  1.0     0.048   0.931   0.003   0.994
 4033    1  1.0     0.047   0.906   0.045   0.995
 4034    1  1.0     0.039   0.829   0.003   0.994
 4035    1  1.0     0.037   0.830   0.003   0.994
 4036    1  1.0     0.041   0.835   0.003   0.994
 4037    1  1.0     0.044   1.055   0.037   0.997
 4038    1  1.0     0.046   0.993   0.003   0.994
 4039    1  1.0     0.057   0.915   0.003   0.994
 4040    1  1.0     0.047   0.901   0.003   0.994
 4041    1  1.0     0.049   0.900   0.003   0.994
 4042    1  1.0     0.060   0.965   0.003   0.994
 4043    1  1.0     0.055   0.890   0.037   0.997
 4044    1  1.0     0.050   0.900   0.037   0.997
 4045    1  1.0     0.037   0.985   0.037   0.997
 4046    1  1.0     0.049   0.972   0.003   0.994
 4047    1  1.0     0.039   0.979   0.003   0.994
 4048    1  1.0     0.051   0.876   0.003   0.994
 4049    1  1.0     0.051   0.935   0.045   0.995
 4050    1  1.0     0.034   0.993   0.037   0.997
 4051    1  1.0     0.048   0.996   0.003   0.994
 4052    1  1.0     0.047   0.992   0.003   0.994
 4053    1  1.0     0.051   0.944   0.003   0.994
 4054    1  1.0     0.040   0.929   0.003   0.994
 4055    1  1.0     0.046   0.844   0.003   0.994
 4056    1  1.0     0.050   0.838   0.003   0.994
 4057    1  1.0     0.050   0.845   0.003   0.994
 4058    1  1.0     0.039   0.823   0.003   0.994
 4059    1  1.0     0.042   0.828   0.003   0.994
 4060    1  1.0     0.041   0.838   0.003   0.994
 4061    1  1.0     0.056   0.962   0.003   0.994
 4062    1  1.0     0.045   0.910   0.003   0.994
 4063    1  1.0     0.057   0.938   0.003   0.994
 4064    1  1.0     0.042   0.912   0.003   0.994
 4065    1  1.0     0.045   0.911   0.003   0.994
 4066    1  1.0     0.043   0.910   0.003   0.994
 4067    1  1.0     0.043   0.909   0.003   0.994
 4068    1  1.0     0.042   0.997   0.037   0.997
 4069    1  1.0     0.069   1.012   0.003   0.994
 4070    1  1.0     0.055   0.926   0.003   0.994
 4071    1  1.0     0.045   0.922   0.003   0.994
 4072    1  1.0     0.056   1.050   0.037   0.997
 4073    1  1.0     0.051   1.051   0.003   0.994
 4074    1  1.0     0.044   0.919   0.003   0.994
 4075    1  1.0     0.039   0.915   0.003   0.994
 4076    1  1.0     0.036   0.911   0.003   0.994
 4077    1  1.0     0.055   0.989   0.003   0.994
 4078    1  1.0     0.039   0.902   0.003   0.994
 4079    1  1.0     0.040   0.908   0.003   0.994
 4080    1  1.0     0.035   0.894   0.003   0.994
 4081    1  1.0     0.036   0.893   0.003   0.994
 4082    1  1.0     0.005   1.063   0.037   0.997
 4083    1  1.0    -0.001   0.895   0.037   0.997
 4084    1  1.0     0.003   0.941   0.037   0.997
 4085    1  1.0     0.041   0.996   0.037   0.997
 4086    1  1.0     0.055   0.949   0.003   0.994
 4087    1  1.0     0.042   0.944   0.003   0.994
 4088    1  1.0     0.048   0.915   0.045   0.995
 4089    1  1.0     0.040   0.826   0.003   0.994
 4090    1  1.0     0.050   0.850   0.003   0.994
 4091    1  1.0     0.047   0.831   0.003   0.994
 4092    1  1.0     0.044   0.999   0.037   0.997
 4093    1  1.0     0.053   1.004   0.003   0.994
 4094    1  1.0     0.054   0.915   0.003   0.994
 4095    1  1.0     0.049   0.908   0.003   0.994
 4096    1  1.0     0.052   0.890   0.003   0.994
 4097    1  1.0     0.055   0.903   0.003   0.994
 4098    1  1.0     0.058   1.018   0.037   0.997
 4099    1  1.0     0.050   1.003   0.003   0.994
 4100    1  1.0     0.049   0.920   0.003   0.994
 4101    1  1.0     0.048   0.905   0.003   0.994
 4102    1  1.0     0.044   0.971   0.003   0.994
 4103    1  1.0     0.047   0.837   0.003   0.994
 4104    1  1.0     0.037   0.834   0.003   0.994
 4105    1  1.0     0.047   0.839   0.003   0.994
 4106    1  1.0     0.043   0.838   0.003   0.994
 4107    1  1.0     0.041   0.846   0.003   0.994
 4108    1  1.0     0.041   0.849   0.003   0.994
 4109    1  1.0     0.057   1.082   0.037   0.997
 4110    1  1.0     0.057   1.005   0.003   0.994
 4111    1  1.0     0.063   0.911   0.003   0.994
 4112    1  1.0     0.051   0.917   0.003   0.994
 4113    1  1.0     0.054   0.884   0.037   0.997
 4114    1  1.0     0.052   1.036   0.037   0.997
 4115    1  1.0     0.058   1.036   0.037   0.997
 4116    1  1.0     0.065   1.002   0.003   0.994
 4117    1  1.0     0.047   0.885   0.003   0.994
 4118    1  1.0     0.052   0.879   0.003   0.994
 4119    1  1.0     0.047   0.891   0.003   0.994
 4120    1  1.0     0.045   0.880   0.003   0.994
 4121    1  1.0     0.050   0.883   0.037   0.997
 4122    1  1.0     0.046   0.893   0.037   0.997
 4123    1  1.0     0.058   1.099   0.037   0.997
 4124    1  1.0     0.050   1.003   0.003   0.994
 4125    1  1.0     0.047   0.963   0.003   0.994
 4126    1  1.0     0.038   0.817   0.003   0.994
 4127    1  1.0     0.047   0.831   0.003   0.994
 4128    1  1.0     0.042   0.823   0.003   0.994
 4129    1  1.0     0.046   0.832   0.003   0.994
 4130    1  1.0     0.042   0.842   0.003   0.994
 4131    1  1.0     0.050   0.858   0.003   0.994
 4132    1  1.0     0.062   1.123   0.037   0.998
 4133    1  1.0     0.048   0.983   0.003   0.994
 4134    1  1.0     0.044   0.833   0.003   0.994
 4135    1  1.0     0.043   0.830   0.003   0.994
 4136    1  1.0     0.054   0.839   0.003   0.994
 4137    1  1.0     0.060   1.070   0.037   0.997
 4138    1  1.0     0.059   0.982   0.003   0.994
 4139    1  1.0     0.054   0.915   0.003   0.994
 4140    1  1.0     0.052   0.921   0.003   0.994
 4141    1  1.0     0.044   0.914   0.003   0.994
 4142    1  1.0     0.048   0.924   0.003   0.994
 4143    1  1.0     0.047   0.911   0.003   0.994
 4144    1  1.0     0.041   0.918   0.003   0.994
 4145    1  1.0     0.035   0.911   0.003   0.994
 4146    1  1.0     0.036   0.904   0.003   0.994
 4147    1  1.0     0.002   0.907   0.037   0.997
 4148    1  1.0     0.003   0.898   0.037   0.997
 4149    1  1.0    -0.001   0.894   0.037   0.997
 4150    1  1.0     0.059   1.041   0.037   0.997
 4151    1  1.0     0.055   0.998   0.003   0.994
 4152    1  1.0     0.047   0.865   0.003   0.994
 4153    1  1.0     0.049   0.867   0.003   0.994
 4154    1  1.0     0.048   0.885   0.045   0.995
 4155    1  1.0     0.062   1.105   0.037   0.997
 4156    1  1.0     0.051   0.989   0.003   0.994
 4157    1  1.0     0.047   0.828   0.003   0.994
 4158    1  1.0     0.041   0.825   0.003   0.994
 4159    1  1.0     0.045   0.833   0.003   0.994
 4160    1  1.0     0.056   1.100   0.037   0.997
 4161    1  1.0     0.052   1.008   0.003   0.994
 4162    1  1.0     0.053   1.182   0.003   0.994
 4163    1  1.0     0.043   0.835   0.003   0.994
 4164    1  1.0     0.046   0.835   0.003   0.994
 4165    1  1.0     0.049   0.832   0.003   0.994
 4166    1  1.0     0.042   0.831   0.003   0.994
 4167    1  1.0     0.040   0.832   0.003   0.994
 4168    1  1.0     0.042   0.833   0.003   0.994
 4169    1  1.0     0.059   1.043   0.037   0.997
 4170    1  1.0     0.052   0.998   0.003   0.994
 4171    1  1.0     0.045   0.827   0.003   0.994
 4172    1  1.0     0.042   0.826   0.003   0.994
 4173    1  1.0     0.051   0.828   0.003   0.994
 4174    1  1.0     0.057   1.032   0.037   0.997
 4175    1  1.0     0.053   0.985   0.003   0.994
 4176    1  1.0     0.045   0.825   0.003   0.994
 4177    1  1.0     0.046   0.824   0.003   0.994
 4178    1  1.0     0.052   0.831   0.003   0.994
 4179    1  1.0     0.054   1.089   0.037   0.998
 4180    1  1.0     0.056   0.962   0.003   0.994
 4181    1  1.0     0.050   0.914   0.003   0.994
 4182    1  1.0     0.043   0.912   0.003   0.994
 4183    1  1.0     0.052   0.960   0.003   0.994
 4184    1  1.0     0.045   0.836   0.003   0.994
 4185    1  1.0     0.039   0.834   0.003   0.994
 4186    1  1.0     0.045   0.844   0.003   0.994
 4187    1  1.0     0.046   0.831   0.003   0.994
 4188    1  1.0     0.047   0.840   0.003   0.994
 4189    1  1.0     0.056   0.853   0.003   0.994
 4190    1  1.0     0.059   1.067   0.037   0.998
 4191    1  1.0     0.060   0.969   0.003   0.994
 4192    1  1.0     0.052   0.914   0.003   0.994
 4193    1  1.0     0.049   0.910   0.003   0.994
 4194    1  1.0     0.053   0.910   0.003   0.994
 4195    1  1.0     0.051   0.914   0.003   0.994
 4196    1  1.0     0.039   0.907   0.003   0.994
 4197    1  1.0     0.039   0.908   0.003   0.994
 4198    1  1.0     0.037   0.898   0.003   0.994
 4199    1  1.0     0.035   0.892   0.003   0.994
 4200    1  1.0     0.003   0.897   0.037   0.997
 4201    1  1.0     0.001   0.891   0.037   0.997
 4202    1  1.0     0.010   0.897   0.037   0.997
 4203    1  1.0     0.060   1.109   0.037   0.997
 4204    1  1.0     0.058   1.032   0.003   0.994
 4205    1  1.0     0.050   0.865   0.003   0.994
 4206    1  1.0     0.052   0.861   0.003   0.994
 4207    1  1.0     0.070   1.079   0.045   0.995
 4208    1  1.0     0.051   0.993   0.037   0.997
 4209    1  1.0     0.060   1.026   0.003   0.994
 4210    1  1.0     0.059   0.985   0.003   0.994
 4211    1  1.0     0.041   0.930   0.003   0.994
 4212    1  1.0     0.038   1.017   0.003   0.994
 4213    1  1.0     0.039   0.827   0.003   0.994
 4214    1  1.0     0.040   0.831   0.003   0.994
 4215    1  1.0     0.046   0.834   0.003   0.994
 4216    1  1.0     0.039   0.837   0.003   0.994
 4217    1  1.0     0.048   0.845   0.003   0.994
 4218    1  1.0     0.043   0.864   0.003   0.994
 4219    1  1.0     0.042   0.999   0.037   0.997
 4220    1  1.0     0.066   1.028   0.003   0.994
 4221    1  1.0     0.056   0.914   0.003   0.994
 4222    1  1.0     0.051   0.919   0.003   0.994
 4223    1  1.0     0.068   0.917   0.003   0.995
 4224    1  1.0     0.067   0.930   0.003   0.995
 4225    1  1.0     0.069   0.910   0.003   0.995
 4226    1  1.0     0.066   0.906   0.003   0.995
 4227    1  1.0     0.076   1.186   0.045   1.002
 4228    1  1.0     0.056   1.068   0.037   0.997
 4229    1  1.0     0.061   0.905   0.003   0.994
 4230    1  1.0     0.048   0.889   0.003   0.994
 4231    1  1.0     0.044   1.018   0.037   0.997
 4232    1  1.0     0.051   0.994   0.003   0.994
 4233    1  1.0     0.051   0.942   0.003   0.994
 4234    1  1.0     0.074   1.135   0.045   0.996
 4235    1  1.0     0.048   0.824   0.003   0.994
 4236    1  1.0     0.050   0.839   0.003   0.994
 4237    1  1.0     0.049   0.829   0.003   0.994
 4238    1  1.0     0.038   1.015   0.037   0.998
 4239    1  1.0     0.051   1.017   0.003   0.994
 4240    1  1.0     0.051   0.879   0.003   0.994
 4241    1  1.0     0.046   0.876   0.003   0.994
 4242    1  1.0     0.055   0.925   0.045   0.995
 4243    1  1.0     0.042   0.978   0.037   0.997
 4244    1  1.0     0.068   1.014   0.003   0.994
 4245    1  1.0     0.052   0.948   0.003   0.994
 4246    1  1.0     0.045   0.918   0.003   0.994
 4247    1  1.0     0.069   0.914   0.003   0.995
 4248    1  1.0     0.071   0.934   0.003   0.995
 4249    1  1.0     0.062   0.907   0.003   0.995
 4250    1  1.0     0.070   0.908   0.003   0.995
 4251    1  1.0     0.046   0.974   0.045   0.995
 4252    1  1.0     0.050   1.029   0.037   0.998
 4253    1  1.0     0.052   0.978   0.003   0.994
 4254    1  1.0     0.038   0.955   0.003   0.994
 4255    1  1.0     0.041   0.939   0.003   0.994
 4256    1  1.0     0.047   0.930   0.003   0.994
 4257    1  1.0     0.036   0.925   0.003   0.994
 4258    1  1.0     0.042   0.908   0.003   0.994
 4259    1  1.0     0.040   0.903   0.003   0.994
 4260    1  1.0     0.035   0.892   0.003   0.994
 4261    1  1.0     0.037   0.892   0.003   0.994
 4262    1  1.0    -0.000   1.133   0.037   0.998
 4263    1  1.0     0.001   0.896   0.037   0.997
 4264    1  1.0     0.001   0.888   0.037   0.997
 4265    1  1.0     0.051   0.974   0.037   0.997
 4266    1  1.0     0.061   1.031   0.003   0.994
 4267    1  1.0     0.045   0.916   0.003   0.994
 4268    1  1.0     0.047   0.923   0.003   0.994
 4269    1  1.0     0.064   0.910   0.003   0.995
 4270    1  1.0     0.065   0.905   0.003   0.995
 4271    1  1.0     0.063   0.893   0.003   0.995
 4272    1  1.0     0.073   0.900   0.003   0.995
 4273    1  1.0     0.052   0.952   0.045   0.995
 4274    1  1.0     0.055   1.032   0.037   0.997
 4275    1  1.0     0.053   0.921   0.003   0.994
 4276    1  1.0     0.051   0.911   0.003   0.994
 4277    1  1.0     0.034   0.994   0.037   0.997
 4278    1  1.0     0.068   0.983   0.003   0.994
 4279    1  1.0     0.043   0.869   0.003   0.994
 4280    1  1.0     0.056   0.865   0.003   0.994
 4281    1  1.0     0.056   1.005   0.045   0.995
 4282    1  1.0     0.053   1.026   0.037   0.997
 4283    1  1.0     0.049   1.001   0.003   0.994
 4284    1  1.0     0.049   1.006   0.003   0.994
 4285    1  1.0     0.046   0.903   0.003   0.994
 4286    1  1.0     0.034   0.894   0.003   0.994
 4287    1  1.0     0.037   0.818   0.003   0.994
 4288    1  1.0     0.054   0.832   0.003   0.994
 4289    1  1.0     0.039   0.816   0.003   0.994
 4290    1  1.0     0.037   0.815   0.003   0.994
 4291    1  1.0     0.049   0.816   0.003   0.994
 4292    1  1.0     0.039   0.818   0.003   0.994
 4293    1  1.0     0.050   1.038   0.037   0.997
 4294    1  1.0     0.063   1.040   0.003   0.994
 4295    1  1.0     0.050   1.023   0.003   0.994
 4296    1  1.0     0.046   0.914   0.003   0.994
 4297    1  1.0     0.048   0.908   0.003   0.994
 4298    1  1.0     0.050   0.819   0.003   0.994
 4299    1  1.0     0.053   0.826   0.003   0.994
 4300    1  1.0     0.043   0.826   0.003   0.994
 4301    1  1.0     0.039   0.822   0.003   0.994
 4302    1  1.0     0.053   0.827   0.003   0.994
 4303    1  1.0     0.045   0.830   0.003   0.994
 4304    1  1.0     0.048   0.992   0.037   0.997
 4305    1  1.0     0.060   0.983   0.003   0.994
 4306    1  1.0     0.048   0.951   0.003   0.994
 4307    1  1.0     0.052   0.904   0.045   0.995
 4308    1  1.0     0.040   0.827   0.003   0.994
 4309    1  1.0     0.040   0.832   0.003   0.994
 4310    1  1.0     0.041   0.842   0.003   0.994
 4311    1  1.0     0.057   1.076   0.037   0.998
 4312    1  1.0     0.064   1.045   0.003   0.994
 4313    1  1.0     0.044   0.930   0.003   0.994
 4314    1  1.0     0.068   0.991   0.045   0.995
 4315    1  1.0     0.039   0.839   0.003   0.994
 4316    1  1.0     0.044   0.848   0.003   0.994
 4317    1  1.0     0.045   0.845   0.003   0.994
 4318    1  1.0     0.055   1.105   0.037   0.998
 4319    1  1.0     0.059   0.993   0.003   0.994
 4320    1  1.0     0.044   1.025   0.003   0.994
 4321    1  1.0     0.039   0.926   0.003   0.994
 4322    1  1.0     0.039   0.916   0.003   0.994
 4323    1  1.0     0.036   0.850   0.003   0.994
 4324    1  1.0     0.043   0.875   0.003   0.994
 4325    1  1.0     0.042   0.839   0.003   0.994
 4326    1  1.0     0.032   0.823   0.003   0.994
 4327    1  1.0     0.034   0.828   0.003   0.994
 4328    1  1.0     0.036   0.840   0.003   0.994
 4329    1  1.0     0.050   1.097   0.037   0.997
 4330    1  1.0     0.060   0.961   0.003   0.994
 4331    1  1.0     0.053   0.931   0.003   0.994
 4332    1  1.0     0.052   0.918   0.003   0.994
 4333    1  1.0     0.071   0.904   0.003   0.995
 4334    1  1.0     0.074   0.920   0.003   0.995
 4335    1  1.0     0.065   0.906   0.003   0.995
 4336    1  1.0     0.066   0.910   0.003   0.995
 4337    1  1.0     0.052   0.912   0.045   0.995
 4338    1  1.0     0.046   1.078   0.037   0.998
 4339    1  1.0     0.048   1.036   0.003   0.994
 4340    1  1.0     0.051   0.921   0.003   0.994
 4341    1  1.0     0.039   0.924   0.003   0.994
 4342    1  1.0     0.058   0.935   0.003   0.994
 4343    1  1.0     0.064   0.951   0.003   0.994
 4344    1  1.0     0.049   0.893   0.037   0.997
 4345    1  1.0     0.043   0.971   0.037   0.997
 4346    1  1.0     0.060   1.068   0.037   0.997
 4347    1  1.0     0.055   0.978   0.003   0.994
 4348    1  1.0     0.049   0.835   0.003   0.994
 4349    1  1.0     0.047   0.831   0.003   0.994
 4350    1  1.0     0.050   0.843   0.003   0.994
 4351    1  1.0     0.053   1.020   0.037   0.997
 4352    1  1.0     0.052   1.014   0.003   0.994
 4353    1  1.0     0.056   0.865   0.003   0.994
 4354    1  1.0     0.057   0.883   0.003   0.994
 4355    1  1.0     0.075   1.024   0.045   0.995
 4356    1  1.0     0.054   0.994   0.037   0.997
 4357    1  1.0     0.068   0.902   0.003   0.994
 4358    1  1.0     0.060   0.900   0.003   0.994
 4359    1  1.0     0.046   1.016   0.037   0.997
 4360    1  1.0     0.046   0.905   0.003   0.994
 4361    1  1.0     0.067   0.930   0.003   0.994
 4362    1  1.0     0.050   1.026   0.037   0.997
 4363    1  1.0     0.065   1.036   0.003   0.994
 4364    1  1.0     0.050   0.876   0.003   0.994
 4365    1  1.0     0.056   0.869   0.003   0.994
 4366    1  1.0     0.051   0.908   0.045   0.995
 4367    1  1.0     0.039   0.990   0.037   0.997
 4368    1  1.0     0.059   1.062   0.003   0.994
 4369    1  1.0     0.046   1.014   0.003   0.994
 4370    1  1.0     0.049   0.923   0.003   0.994
 4371    1  1.0     0.039   0.904   0.003   0.994
 4372    1  1.0     0.051   0.834   0.003   0.994
 4373    1  1.0     0.045   0.828   0.003   0.994
 4374    1  1.0     0.043   0.835   0.003   0.994
 4375    1  1.0     0.042   0.824   0.003   0.994
 4376    1  1.0     0.044   0.831   0.003   0.994
 4377    1  1.0     0.046   0.835   0.003   0.994
 4378    1  1.0     0.048   1.000   0.037   0.997
 4379    1  1.0     0.059   0.991   0.003   0.994
 4380    1  1.0     0.048   0.926   0.003   0.994
 4381    1  1.0     0.054   0.932   0.003   0.994
 4382    1  1.0     0.054   1.047   0.037   0.997
 4383    1  1.0     0.056   1.000   0.003   0.994
 4384    1  1.0     0.057   0.914   0.003   0.994
 4385    1  1.0     0.045   0.905   0.003   0.994
 4386    1  1.0     0.069   0.891   0.003   0.995
 4387    1  1.0     0.032   0.944   0.037   0.997
 4388    1  1.0     0.070   0.931   0.003   0.995
 4389    1  1.0     0.058   0.904   0.003   0.995
 4390    1  1.0     0.058   0.916   0.003   0.995
 4391    1  1.0     0.059   0.916   0.003   0.995
 4392    1  1.0     0.060   1.073   0.037   0.997
 4393    1  1.0     0.054   1.034   0.003   0.994
 4394    1  1.0     0.053   0.878   0.003   0.994
 4395    1  1.0     0.041   0.881   0.003   0.994
 4396    1  1.0     0.055   1.015   0.045   0.995
 4397    1  1.0     0.058   1.086   0.037   0.998
 4398    1  1.0     0.071   1.008   0.003   0.994
 4399    1  1.0     0.054   0.922   0.003   0.994
 4400    1  1.0     0.046   0.910   0.003   0.994
 4401    1  1.0     0.072   0.904   0.003   0.995
 4402    1  1.0     0.073   0.914   0.003   0.995
 4403    1  1.0     0.065   0.900   0.003   0.995
 4404    1  1.0     0.065   0.907   0.003   0.995
 4405    1  1.0     0.076   1.121   0.045   0.995
 4406    1  1.0     0.061   1.039   0.037   0.997
 4407    1  1.0     0.073   1.020   0.003   0.994
 4408    1  1.0     0.060   0.920   0.003   0.994
 4409    1  1.0     0.055   0.915   0.003   0.994
 4410    1  1.0     0.057   0.902   0.037   0.997
 4411    1  1.0     0.048   0.901   0.037   0.997
 4412    1  1.0     0.062   1.088   0.037   0.998
 4413    1  1.0     0.072   0.984   0.003   0.994
 4414    1  1.0     0.058   0.904   0.003   0.994
 4415    1  1.0     0.050   0.905   0.003   0.994
 4416    1  1.0     0.055   0.925   0.003   0.994
 4417    1  1.0     0.063   0.971   0.003   0.994
 4418    1  1.0     0.056   0.877   0.037   0.997
 4419    1  1.0     0.060   0.907   0.037   0.997
 4420    1  1.0     0.065   1.140   0.037   0.997
 4421    1  1.0     0.066   0.926   0.003   0.994
 4422    1  1.0     0.057   0.900   0.003   0.994
 4423    1  1.0     0.056   1.012   0.037   0.997
 4424    1  1.0     0.052   1.000   0.003   0.994
 4425    1  1.0     0.054   0.990   0.003   0.994
 4426    1  1.0     0.048   0.946   0.003   0.994
 4427    1  1.0     0.050   0.931   0.003   0.994
 4428    1  1.0     0.040   0.846   0.003   0.994
 4429    1  1.0     0.053   0.845   0.003   0.994
 4430    1  1.0     0.054   0.856   0.003   0.994
 4431    1  1.0     0.038   0.824   0.003   0.994
 4432    1  1.0     0.039   0.828   0.003   0.994
 4433    1  1.0     0.037   0.834   0.003   0.994
 4434    1  1.0     0.042   1.036   0.037   0.997
 4435    1  1.0     0.062   1.034   0.003   0.994
 4436    1  1.0     0.047   0.922   0.003   0.994
 4437    1  1.0     0.045   0.907   0.003   0.994
 4438    1  1.0     0.051   0.919   0.003   0.994
 4439    1  1.0     0.054   0.983   0.003   0.994
 4440    1  1.0     0.047   0.909   0.003   0.994
 4441    1  1.0     0.050   0.925   0.003   0.994
 4442    1  1.0     0.040   0.895   0.003   0.994
 4443    1  1.0     0.055   0.901   0.003   0.994
 4444    1  1.0     0.030   1.092   0.037   0.998
 4445    1  1.0     0.007   0.892   0.037   0.997
 4446    1  1.0     0.005   0.896   0.037   0.997
 4447    1  1.0     0.048   0.998   0.037   0.997
 4448    1  1.0     0.053   1.016   0.003   0.994
 4449    1  1.0     0.046   0.909   0.003   0.994
 4450    1  1.0     0.052   0.920   0.003   0.994
 4451    1  1.0     0.057   0.922   0.003   0.995
 4452    1  1.0     0.068   0.916   0.003   0.995
 4453    1  1.0     0.070   0.905   0.003   0.995
 4454    1  1.0     0.066   0.902   0.003   0.995
 4455    1  1.0     0.092   1.318   0.045   1.085
 4456    1  1.0     0.052   0.998   0.037   0.997
 4457    1  1.0     0.060   1.004   0.003   0.994
 4458    1  1.0     0.047   0.861   0.003   0.994
 4459    1  1.0     0.048   0.859   0.003   0.994
 4460    1  1.0     0.070   0.948   0.045   0.995
 4461    1  1.0     0.053   1.023   0.037   0.997
 4462    1  1.0     0.061   0.998   0.003   0.994
 4463    1  1.0     0.048   0.919   0.003   0.994
 4464    1  1.0     0.044   0.916   0.003   0.994
 4465    1  1.0     0.067   0.922   0.003   0.995
 4466    1  1.0     0.063   0.915   0.003   0.995
 4467    1  1.0     0.063   0.894   0.003   0.995
 4468    1  1.0     0.057   0.902   0.003   0.995
 4469    1  1.0     0.057   0.909   0.003   0.995
 4470    1  1.0     0.057   1.084   0.037   0.998
 4471    1  1.0     0.059   1.011   0.003   0.994
 4472    1  1.0     0.046   0.945   0.003   0.994
 4473    1  1.0     0.047   0.949   0.045   0.995
 4474    1  1.0     0.043   0.852   0.003   0.994
 4475    1  1.0     0.056   0.849   0.003   0.994
 4476    1  1.0     0.050   0.855   0.003   0.994
 4477    1  1.0     0.050   1.022   0.037   0.997
 4478    1  1.0     0.060   0.972   0.003   0.994
 4479    1  1.0     0.045   0.936   0.003   0.994
 4480    1  1.0     0.043   0.922   0.003   0.994
 4481    1  1.0     0.062   0.913   0.003   0.995
 4482    1  1.0     0.060   0.921   0.003   0.995
 4483    1  1.0     0.053   0.905   0.003   0.995
 4484    1  1.0     0.058   0.901   0.003   0.995
 4485    1  1.0     0.061   0.907   0.003   0.995
 4486    1  1.0     0.060   1.115   0.037   0.998
 4487    1  1.0     0.068   0.973   0.003   0.994
 4488    1  1.0     0.060   0.910   0.003   0.994
 4489    1  1.0     0.042   0.906   0.003   0.994
 4490    1  1.0     0.041   0.896   0.003   0.994
 4491    1  1.0     0.050   0.907   0.003   0.994
 4492    1  1.0     0.057   1.138   0.037   0.998
 4493    1  1.0     0.050   1.024   0.003   0.994
 4494    1  1.0     0.036   0.916   0.003   0.994
 4495    1  1.0     0.042   0.906   0.003   0.994
 4496    1  1.0     0.047   0.982   0.003   0.994
 4497    1  1.0     0.033   0.831   0.003   0.994
 4498    1  1.0     0.035   0.826   0.003   0.994
 4499    1  1.0     0.036   0.833   0.003   0.994
 4500    1  1.0     0.034   0.832   0.003   0.994
 4501    1  1.0     0.040   0.838   0.003   0.994
 4502    1  1.0     0.039   0.843   0.003   0.994
 4503    1  1.0     0.032   0.977   0.037   0.997
 4504    1  1.0     0.054   0.963   0.003   0.994
 4505    1  1.0     0.039   0.932   0.003   0.994
 4506    1  1.0     0.042   0.918   0.003   0.994
 4507    1  1.0     0.043   0.912   0.003   0.994
 4508    1  1.0     0.049   0.913   0.003   0.994
 4509    1  1.0     0.041   0.911   0.003   0.994
 4510    1  1.0     0.040   0.919   0.003   0.994
 4511    1  1.0     0.061   1.100   0.037   0.997
 4512    1  1.0     0.047   0.895   0.037   0.997
 4513    1  1.0     0.042   1.122   0.037   0.997
 4514    1  1.0     0.049   0.896   0.037   0.997
 4515    1  1.0     0.065   0.969   0.037   0.997
 4516    1  1.0     0.059   0.999   0.037   0.997
 4517    1  1.0     0.052   1.042   0.003   0.994
 4518    1  1.0     0.042   0.901   0.003   0.994
 4519    1  1.0     0.044   0.921   0.003   0.994
 4520    1  1.0     0.041   0.996   0.037   0.997
 4521    1  1.0     0.061   1.063   0.003   0.994
 4522    1  1.0     0.052   0.931   0.003   0.994
 4523    1  1.0     0.058   0.948   0.045   0.995
 4524    1  1.0     0.044   0.827   0.003   0.994
 4525    1  1.0     0.051   0.831   0.003   0.994
 4526    1  1.0     0.054   0.844   0.003   0.994
 4527    1  1.0     0.063   1.071   0.037   0.997
 4528    1  1.0     0.062   0.907   0.003   0.994
 4529    1  1.0     0.058   0.890   0.003   0.994
 4530    1  1.0     0.040   0.980   0.037   0.997
 4531    1  1.0     0.056   0.988   0.003   0.994
 4532    1  1.0     0.049   0.927   0.003   0.994
 4533    1  1.0     0.038   0.917   0.003   0.994
 4534    1  1.0     0.053   0.943   0.003   0.994
 4535    1  1.0     0.039   0.921   0.003   0.994
 4536    1  1.0     0.053   0.929   0.003   0.994
 4537    1  1.0     0.059   0.912   0.003   0.994
 4538    1  1.0     0.041   0.986   0.037   0.997
 4539    1  1.0     0.047   0.891   0.037   0.997
 4540    1  1.0     0.050   0.897   0.037   0.997
 4541    1  1.0     0.048   0.900   0.037   0.997
 4542    1  1.0     0.047   0.899   0.037   0.997
 4543    1  1.0     0.067   1.225   0.037   1.000
 4544    1  1.0     0.069   1.059   0.003   0.994
 4545    1  1.0     0.060   0.923   0.003   0.994
 4546    1  1.0     0.051   0.918   0.003   0.994
 4547    1  1.0     0.065   0.909   0.003   0.995
 4548    1  1.0     0.070   0.926   0.003   0.995
 4549    1  1.0     0.061   0.917   0.003   0.995
 4550    1  1.0     0.067   0.902   0.003   0.995
 4551    1  1.0     0.051   0.938   0.045   0.995
 4552    1  1.0     0.057   1.038   0.037   0.997
 4553    1  1.0     0.052   0.916   0.003   0.994
 4554    1  1.0     0.062   0.911   0.003   0.994
 4555    1  1.0     0.042   0.985   0.037   0.997
 4556    1  1.0     0.059   1.006   0.003   0.994
 4557    1  1.0     0.054   0.907   0.003   0.994
 4558    1  1.0     0.042   0.911   0.003   0.994
 4559    1  1.0     0.060   0.918   0.003   0.995
 4560    1  1.0     0.058   0.910   0.003   0.995
 4561    1  1.0     0.072   0.911   0.003   0.995
 4562    1  1.0     0.062   0.900   0.003   0.995
 4563    1  1.0     0.061   0.912   0.003   0.995
 4564    1  1.0     0.057   1.040   0.037   0.997
 4565    1  1.0     0.054   0.995   0.003   0.994
 4566    1  1.0     0.053   0.931   0.003   0.994
 4567    1  1.0     0.046   0.949   0.003   0.994
 4568    1  1.0     0.040   0.995   0.003   0.994
 4569    1  1.0     0.035   0.835   0.003   0.994
 4570    1  1.0     0.048   0.851   0.003   0.994
 4571    1  1.0     0.038   0.836   0.003   0.994
 4572    1  1.0     0.036   0.836   0.003   0.994
 4573    1  1.0     0.038   0.842   0.003   0.994
 4574    1  1.0     0.039   0.837   0.003   0.994
 4575    1  1.0     0.049   1.022   0.037   0.997
 4576    1  1.0     0.046   1.014   0.003   0.994
 4577    1  1.0     0.047   0.921   0.003   0.994
 4578    1  1.0     0.048   0.917   0.003   0.994
 4579    1  1.0     0.047   0.993   0.003   0.994
 4580    1  1.0     0.043   0.829   0.003   0.994
 4581    1  1.0     0.045   0.829   0.003   0.994
 4582    1  1.0     0.049   0.832   0.003   0.994
 4583    1  1.0     0.037   0.831   0.003   0.994
 4584    1  1.0     0.041   0.836   0.003   0.994
 4585    1  1.0     0.039   0.832   0.003   0.994
 4586    1  1.0     0.046   0.983   0.003   0.994
 4587    1  1.0     0.039   0.903   0.003   0.994
 4588    1  1.0     0.050   0.921   0.003   0.994
 4589    1  1.0     0.046   0.907   0.003   0.994
 4590    1  1.0     0.048   0.905   0.003   0.994
 4591    1  1.0     0.046   0.891   0.003   0.994
 4592    1  1.0     0.054   0.904   0.003   0.994
 4593    1  1.0     0.037   0.983   0.037   0.997
 4594    1  1.0     0.055   1.043   0.003   0.994
 4595    1  1.0     0.054   0.839   0.003   0.994
 4596    1  1.0     0.040   0.831   0.003   0.994
 4597    1  1.0     0.044   0.832   0.003   0.994
 4598    1  1.0     0.042   1.035   0.037   0.998
 4599    1  1.0     0.055   0.993   0.003   0.994
 4600    1  1.0     0.040   0.867   0.003   0.994
 4601    1  1.0     0.050   0.877   0.003   0.994
 4602    1  1.0     0.048   0.899   0.045   0.995
 4603    1  1.0     0.064   1.138   0.037   0.998
 4604    1  1.0     0.056   1.031   0.003   0.994
 4605    1  1.0     0.046   0.934   0.003   0.994
 4606    1  1.0     0.050   0.905   0.003   0.994
 4607    1  1.0     0.052   0.919   0.003   0.994
 4608    1  1.0     0.046   0.923   0.003   0.994
 4609    1  1.0     0.049   0.901   0.037   0.997
 4610    1  1.0     0.035   1.052   0.037   0.997
 4611    1  1.0     0.054   1.064   0.037   0.997
 4612    1  1.0     0.049   1.011   0.003   0.994
 4613    1  1.0     0.049   0.950   0.003   0.994
 4614    1  1.0     0.048   0.913   0.003   0.994
 4615    1  1.0     0.040   0.901   0.003   0.994
 4616    1  1.0     0.049   0.817   0.003   0.994
 4617    1  1.0     0.049   0.838   0.003   0.994
 4618    1  1.0     0.043   0.818   0.003   0.994
 4619    1  1.0     0.055   0.835   0.003   0.994
 4620    1  1.0     0.054   0.829   0.003   0.994
 4621    1  1.0     0.050   0.828   0.003   0.994
 4622    1  1.0     0.039   0.983   0.037   0.997
 4623    1  1.0     0.054   1.028   0.003   0.994
 4624    1  1.0     0.038   1.032   0.003   0.994
 4625    1  1.0     0.037   0.936   0.003   0.994
 4626    1  1.0     0.036   0.915   0.003   0.994
 4627    1  1.0     0.038   0.841   0.003   0.994
 4628    1  1.0     0.055   0.874   0.003   0.994
 4629    1  1.0     0.047   0.844   0.003   0.994
 4630    1  1.0     0.043   0.855   0.003   0.994
 4631    1  1.0     0.040   0.846   0.003   0.994
 4632    1  1.0     0.045   0.846   0.003   0.994
 4633    1  1.0     0.055   0.977   0.003   0.994
 4634    1  1.0     0.050   0.916   0.003   0.994
 4635    1  1.0     0.050   0.936   0.003   0.994
 4636    1  1.0     0.042   0.917   0.003   0.994
 4637    1  1.0     0.043   0.915   0.003   0.994
 4638    1  1.0     0.056   0.919   0.003   0.994
 4639    1  1.0     0.040   0.906   0.003   0.994
 4640    1  1.0     0.056   1.031   0.037   0.997
 4641    1  1.0     0.062   0.963   0.003   0.994
 4642    1  1.0     0.050   0.897   0.003   0.994
 4643    1  1.0     0.063   0.981   0.045   0.995
 4644    1  1.0     0.034   0.828   0.003   0.994
 4645    1  1.0     0.046   0.846   0.003   0.994
 4646    1  1.0     0.043   0.830   0.003   0.994
 4647    1  1.0     0.061   1.091   0.037   0.997
 4648    1  1.0     0.051   1.017   0.003   0.994
 4649    1  1.0     0.053   0.840   0.003   0.994
 4650    1  1.0     0.042   0.826   0.003   0.994
 4651    1  1.0     0.054   0.830   0.003   0.994
 4652    1  1.0     0.062   1.142   0.037   0.998
 4653    1  1.0     0.056   1.008   0.003   0.994
 4654    1  1.0     0.047   0.916   0.003   0.994
 4655    1  1.0     0.056   0.916   0.003   0.994
 4656    1  1.0     0.054   0.904   0.003   0.994
 4657    1  1.0     0.042   0.904   0.003   0.994
 4658    1  1.0     0.053   0.894   0.037   0.998
 4659    1  1.0     0.043   0.906   0.037   0.997
 4660    1  1.0     0.056   1.040   0.037   0.997
 4661    1  1.0     0.052   1.003   0.003   0.994
 4662    1  1.0     0.048   0.898   0.003   0.994
 4663    1  1.0     0.055   0.895   0.003   0.994
 4664    1  1.0     0.049   0.911   0.003   0.994
 4665    1  1.0     0.062   0.920   0.003   0.994
 4666    1  1.0     0.056   1.076   0.037   0.997
 4667    1  1.0     0.051   0.981   0.003   0.994
 4668    1  1.0     0.048   0.931   0.003   0.994
 4669    1  1.0     0.066   1.052   0.045   0.995
 4670    1  1.0     0.034   0.824   0.003   0.994
 4671    1  1.0     0.045   0.839   0.003   0.994
 4672    1  1.0     0.044   0.829   0.003   0.994
 4673    1  1.0     0.059   1.067   0.037   0.997
 4674    1  1.0     0.053   0.963   0.003   0.994
 4675    1  1.0     0.056   0.925   0.003   0.994
 4676    1  1.0     0.046   0.909   0.003   0.994
 4677    1  1.0     0.053   0.887   0.003   0.995
 4678    1  1.0     0.031   0.948   0.037   0.997
 4679    1  1.0     0.067   0.923   0.003   0.995
 4680    1  1.0     0.066   0.897   0.003   0.995
 4681    1  1.0     0.057   0.914   0.003   0.995
 4682    1  1.0     0.064   0.922   0.003   0.995
 4683    1  1.0     0.055   0.987   0.037   0.997
 4684    1  1.0     0.052   0.993   0.003   0.994
 4685    1  1.0     0.045   0.915   0.003   0.994
 4686    1  1.0     0.051   0.910   0.003   0.994
 4687    1  1.0     0.040   1.248   0.003   0.994
 4688    1  1.0     0.039   0.829   0.003   0.994
 4689    1  1.0     0.038   0.826   0.003   0.994
 4690    1  1.0     0.045   0.831   0.003   0.994
 4691    1  1.0     0.037   0.828   0.003   0.994
 4692    1  1.0     0.043   0.825   0.003   0.994
 4693    1  1.0     0.043   0.825   0.003   0.994
 4694    1  1.0     0.055   0.988   0.037   0.997
 4695    1  1.0     0.042   0.888   0.003   0.994
 4696    1  1.0     0.055   0.895   0.003   0.994
 4697    1  1.0     0.061   1.077   0.037   0.997
 4698    1  1.0     0.050   0.989   0.003   0.994
 4699    1  1.0     0.049   0.972   0.003   0.994
 4700    1  1.0     0.035   0.824   0.003   0.994
 4701    1  1.0     0.048   0.846   0.003   0.994
 4702    1  1.0     0.037   0.828   0.003   0.994
 4703    1  1.0     0.036   0.822   0.003   0.994
 4704    1  1.0     0.037   0.827   0.003   0.994
 4705    1  1.0     0.048   0.827   0.003   0.994
 4706    1  1.0     0.061   1.124   0.037   0.997
 4707    1  1.0     0.050   0.986   0.003   0.994
 4708    1  1.0     0.051   0.910   0.003   0.994
 4709    1  1.0     0.053   0.907   0.003   0.994
 4710    1  1.0     0.059   1.004   0.003   0.994
 4711    1  1.0     0.041   0.833   0.003   0.994
 4712    1  1.0     0.043   0.838   0.003   0.994
 4713    1  1.0     0.040   0.836   0.003   0.994
 4714    1  1.0     0.048   0.835   0.003   0.994
 4715    1  1.0     0.044   0.838   0.003   0.994
 4716    1  1.0     0.043   0.834   0.003   0.994
 4717    1  1.0     0.055   1.035   0.037   0.997
 4718    1  1.0     0.065   0.980   0.003   0.994
 4719    1  1.0     0.051   0.969   0.003   0.994
 4720    1  1.0     0.064   0.961   0.045   0.995
 4721    1  1.0     0.046   0.840   0.003   0.994
 4722    1  1.0     0.047   0.845   0.003   0.994
 4723    1  1.0     0.049   0.833   0.003   0.994
 4724    1  1.0     0.054   1.008   0.037   0.997
 4725    1  1.0     0.051   0.973   0.003   0.994
 4726    1  1.0     0.047   0.985   0.003   0.994
 4727    1  1.0     0.044   0.913   0.003   0.994
 4728    1  1.0     0.038   0.910   0.003   0.994
 4729    1  1.0     0.034   0.840   0.003   0.994
 4730    1  1.0     0.046   0.847   0.003   0.994
 4731    1  1.0     0.042   0.834   0.003   0.994
 4732    1  1.0     0.039   0.826   0.003   0.994
 4733    1  1.0     0.037   0.831   0.003   0.994
 4734    1  1.0     0.041   0.844   0.003   0.994
 4735    1  1.0     0.060   1.072   0.037   0.998
 4736    1  1.0     0.047   0.973   0.003   0.994
 4737    1  1.0     0.041   0.933   0.003   0.994
 4738    1  1.0     0.046   0.922   0.003   0.994
 4739    1  1.0     0.048   0.983   0.003   0.994
 4740    1  1.0     0.035   0.976   0.003   0.994
 4741    1  1.0     0.035   0.926   0.003   0.994
 4742    1  1.0     0.031   0.934   0.003   0.994
 4743    1  1.0     0.032   0.931   0.003   0.994
 4744    1  1.0     0.060   1.061   0.037   0.997
 4745    1  1.0     0.049   0.978   0.003   0.994
 4746    1  1.0     0.054   0.929   0.003   0.994
 4747    1  1.0     0.063   0.930   0.003   0.994
 4748    1  1.0     0.048   0.918   0.003   0.994
 4749    1  1.0     0.046   0.909   0.003   0.994
 4750    1  1.0     0.056   1.027   0.037   0.997
 4751    1  1.0     0.054   1.001   0.003   0.994
 4752    1  1.0     0.052   0.926   0.003   0.994
 4753    1  1.0     0.042   0.923   0.003   0.994
 4754    1  1.0     0.028   0.943   0.037   0.997
 4755    1  1.0     0.077   0.887   0.003   0.995
 4756    1  1.0     0.064   0.868   0.003   0.995
 4757    1  1.0     0.058   1.131   0.037   0.998
 4758    1  1.0     0.063   1.009   0.003   0.994
 4759    1  1.0     0.051   0.963   0.003   0.994
 4760    1  1.0     0.063   0.951   0.045   0.995
 4761    1  1.0     0.035   0.837   0.003   0.994
 4762    1  1.0     0.049   0.871   0.003   0.994
 4763    1  1.0     0.047   0.839   0.003   0.994
 4764    1  1.0     0.055   1.074   0.037   0.998
 4765    1  1.0     0.058   1.011   0.003   0.994
 4766    1  1.0     0.041   1.004   0.003   0.994
 4767    1  1.0     0.041   0.834   0.003   0.994
 4768    1  1.0     0.056   0.853   0.003   0.994
 4769    1  1.0     0.060   0.863   0.003   0.994
 4770    1  1.0     0.041   0.824   0.003   0.994
 4771    1  1.0     0.051   0.824   0.003   0.994
 4772    1  1.0     0.040   0.866   0.003   0.994
 4773    1  1.0     0.053   1.063   0.037   0.997
 4774    1  1.0     0.075   1.046   0.003   0.994
 4775    1  1.0     0.063   0.908   0.003   0.994
 4776    1  1.0     0.051   0.914   0.003   0.994
 4777    1  1.0     0.054   0.886   0.037   0.997
 4778    1  1.0     0.052   0.900   0.037   0.997
 4779    1  1.0     0.062   1.013   0.037   0.997
 4780    1  1.0     0.074   1.069   0.003   0.994
 4781    1  1.0     0.070   0.840   0.003   0.995
 4782    1  1.0     0.056   0.902   0.003   0.994
 4783    1  1.0     0.058   0.907   0.003   0.994
 4784    1  1.0     0.053   0.892   0.037   0.997
 4785    1  1.0     0.070   1.092   0.037   0.998
 4786    1  1.0     0.033   0.691   0.009   0.919
 4787    1  1.0     0.051   0.657   0.009   0.919
 4788    1  1.0    -0.003   0.812   0.009   0.919
 4789    1  1.0     0.029   1.008   0.009   0.919
 4790    1  1.0     0.038   0.745   0.009   0.919
 4791    1  1.0     0.044   0.687   0.009   0.919
 4792    1  1.0     0.042   0.646   0.009   0.919
 4793    1  1.0     0.056   0.659   0.009   0.919
 4794    1  1.0     0.036   0.646   0.009   0.919
 4795    1  1.0     0.040   0.659   0.009   0.919
 4796    1  1.0     0.047   0.665   0.009   0.919
 4797    1  1.0     0.039   0.651   0.009   0.919
 4798    1  1.0     0.050   1.100   0.037   0.998
 4799    1  1.0     0.026   0.944   0.037   0.997
 4800    1  1.0     0.058   1.149   0.037   0.999
 4801    1  1.0     0.030   0.939   0.037   0.997
 4802    1  1.0     0.046   0.880   0.009   0.919
 4803    1  1.0     0.043   0.970   0.037   0.997
 4804    1  1.0     0.034   0.956   0.037   0.997
 computing Vecp ...
 WARNING: RUNNING ONLY THE FIRST ITERATION!!!
 PTB H matrix iteration                      1  done. Now solving ...

Total solve2                                1277.216406107 sec
* sygvd solver                              1155.190619946 sec

nel: 13508, nel_calc:     13508.00000000
 nel in P=   13508.0000000001      required nel=                 13508
 idempotency deviation  6.043519005557996E-003  9.999999776482582E-003
 Stupid simple implementation of the submatrix method:                     3                     2
 number of submatrices=                     1
 average sm dim=                 43570
 effort for full matrix ops=   396249657497.822     
 sums of efforts for submatrices=   396249657497.822     
 ratio   1.00000000000000     
 sm                     1                 43570   1259.07583498955     
 muiter                     1 mu  0.000000000000000E+000   37418.3902998924      of                 13508
 muiter                     2 mu  -5.00000000000000        6.00000000000006      of                 13508
 muiter                     3 mu  -2.50000000000000        5061.08549204388      of                 13508
 muiter                     4 mu  -1.25000000000000        14919.7266866076      of                 13508
 muiter                     5 mu  -1.87500000000000        12879.5298988860      of                 13508
 muiter                     6 mu  -1.56250000000000        13506.0002145545      of                 13508
 muiter                     7 mu  -1.40625000000000        14041.6857961381      of                 13508
 muiter                     8 mu  -1.48437500000000        13539.4254037986      of                 13508
 muiter                     9 mu  -1.52343750000000        13511.1406513728      of                 13508
 muiter                    10 mu  -1.54296875000000        13509.2675215006      of                 13508
 muiter                    11 mu  -1.55273437500000        13507.5151619004      of                 13508
 muiter                    12 mu  -1.54785156250000        13508.0163343391      of                 13508
 muiter                    13 mu  -1.55029296875000        13507.9537159298      of                 13508
 muiter                    14 mu  -1.54907226562500        13507.9921279387      of                 13508
 muiter                    15 mu  -1.54846191406250        13508.0035051227      of                 13508
 muiter                    16 mu  -1.54876708984375        13507.9979217558      of                 13508
 muiter                    17 mu  -1.54861450195312        13508.0007045706      of                 13508
 muiter                    18 mu  -1.54869079589844        13507.9993153147      of                 13508
 muiter                    19 mu  -1.54865264892578        13508.0000099348      of                 13508
 iteration of chemical potential converged
 final iteration to get density matrix

Submatrix                                   1538.663340092 sec
* alloc and filter                            15.527453184 sec
* submatrix combination                        0.000684977 sec
* submatrix stats                              2.837418079 sec
* mu iter                                   1514.068579912 sec
* submatrix construction                       1.333786011 sec
* submatrix matrix function                 1392.971595049 sec
* submatrix eigendecomp                     1267.858030081 sec
* submatrix fe                               125.112257957 sec
* submatrix occ                                0.008499622 sec
* submatrix Nel                                0.001086235 sec
* submatrix final iter                       114.188855886 sec
* submatrix dealloc                            6.229004860 sec
*                                              0.000000000 sec
*                                              0.000000000 sec
*                                              0.000000000 sec
*                                              0.000000000 sec
*                                              0.000000000 sec
*                                              0.000000000 sec
*                                              0.000000000 sec
*                                              0.000000000 sec

 first elements Pref   1.04522082588839       0.279006043621281       7.625714723683907E-002 -1.090675088709931E-002  4.541061810752730E-003  0.586006830773948       2.695075571105184E-002  2.055244146332358E-003  2.738170393230388E-003  0.567637282379228     
 first elements P      1.04522082588839       0.279006043621281       7.625714723683907E-002 -1.090675088709931E-002  4.541061810752730E-003  0.586006830773948       2.695075571105184E-002  2.055244146332358E-003  2.738170393230388E-003  0.567637282379228     
 Sparsity of Pref:
   dimension                                   43570
   nonzero elements                        949623286
   sparsity                     0.500237488983166     
   average elements per column                 21795
 Sparsity of P:
   dimension                                   43570
   nonzero elements                        949623278
   sparsity                     0.500237484768969     
   average elements per column                 21795
 maximal deviation in density matrix  1.199266602691651E-006             499137810  0.760968301257041       0.760967101990439     
 MSE of density matrix  1.437621428464332E-018
 Inf-norm of density matrix  1.199266602691651E-006
 Tr(H Pref)=  -34751.8620557178     
 Tr(H P)=  -34751.8620711032     
 energy deviation abs(Tr(H P)-Tr(H Pref))= -1.538539800094441E-005
 energy deviation per atom abs(Tr(H P)-Tr(H Pref))/n= -3.202622398198253E-009
nel: 13508, nel_calc:     13508.00000993
 nel in P=   13508.0000099348      required nel=                 13508
 idempotency deviation  6.041754875882125E-003  9.999999776482582E-003
 D4 dispersion energy      :     -1.180186

     ------  PTB results ------
  # element  Z   pop.                shell populations
    1     N   5.0  0.33685141       0.74280369  0.29449600  2.50583506  0.90333268  0.21668116
    2     C   4.0 -0.04422161       0.62049752  0.26368985  2.04721218  0.70601763  0.40680443
    3     C   4.0  0.01581959       0.63589323  0.24647011  1.80834663  0.64660075  0.64686969
    4     O   6.0 -0.31802685       1.15795565  0.43771639  3.58342493  1.05707502  0.08185486
    5     C   4.0 -0.20575399       0.64385909  0.29921773  2.16972303  0.82585876  0.26709538
    6     N   5.0  0.08497000       0.81352925  0.30061969  2.69046324  0.90734193  0.20307588
    7     C   4.0 -0.01643785       0.63058531  0.26999503  1.98208767  0.71900657  0.41476326
    8     C   4.0 -0.05420821       0.62724918  0.23910050  1.85943532  0.64352107  0.68490214
    9     O   6.0 -0.33725780       1.15355694  0.43500715  3.60685349  1.05523244  0.08660778
   10     C   4.0 -0.13306561       0.63754940  0.28571749  2.11409783  0.77440646  0.32129443
   11     C   4.0 -0.16695500       0.63155383  0.28287998  2.15093023  0.76819518  0.33339578
   12     C   4.0 -0.10126123       0.63165885  0.28338158  2.06095135  0.73134488  0.39392456
   13     N   5.0  0.05500062       0.80051291  0.29998258  2.73875391  0.90583187  0.19991810
   14     C   4.0 -0.00954980       0.62966961  0.23747551  1.86948919  0.64461273  0.62830275
   15     N   5.0  0.01800388       0.80849373  0.31719387  2.76148921  0.95292717  0.14189214
   16     N   5.0  0.02910419       0.80838001  0.31898287  2.74606133  0.95657229  0.14089932
   17     N   5.0  0.11639659       0.79585958  0.28478193  2.69272178  0.88018507  0.23005505
   18     C   4.0 -0.01948356       0.61667794  0.26296234  2.01607740  0.70198457  0.42178131
   19     C   4.0  0.01740225       0.62678719  0.24128613  1.82678890  0.64311936  0.64461616
   20     O   6.0 -0.35561038       1.16821420  0.43386871  3.62162614  1.05226889  0.07963244
   21     C   4.0 -0.09414907       0.63107729  0.27637953  2.01752037  0.71907957  0.45009232
   22     O   6.0 -0.17095084       1.10538030  0.39522380  3.55060101  1.02377519  0.09597055
   23     N   5.0  0.12294555       0.79891092  0.29024795  2.70008415  0.87425292  0.21355852
   24     C   4.0 -0.02865563       0.61213106  0.25639087  2.01624119  0.70422187  0.43967063
   25     C   4.0  0.00458733       0.62155938  0.23725390  1.83300114  0.63884299  0.66475526
   26     O   6.0 -0.28215118       1.16078782  0.42324495  3.57685506  1.03838584  0.08287751
   27     C   4.0  0.00247953       0.62241304  0.26318559  1.93756908  0.69989364  0.47445912
   28     O   6.0 -0.19090295       1.12465894  0.38354328  3.56638074  1.02284282  0.09347717
   29     C   4.0 -0.16810418       0.64036405  0.29121178  2.15644389  0.83778071  0.24230374
   30     N   5.0  0.10408739       0.79935485  0.29056564  2.71471721  0.87718317  0.21409174
   31     C   4.0 -0.02183412       0.61758393  0.26115516  1.99587119  0.70388359  0.44334026
   32     C   4.0 -0.04700315       0.62013233  0.23426053  1.85961449  0.63550405  0.69749175
   33     O   6.0 -0.32210182       1.14961660  0.43099880  3.61137915  1.04209712  0.08801015
   34     C   4.0 -0.09744810       0.63395464  0.28263229  2.10631603  0.76714042  0.30740472
   35     C   4.0 -0.06857347       0.62496883  0.23927806  1.86693144  0.64775860  0.68963654
   36     O   6.0 -0.37016634       1.15641987  0.43922317  3.62321985  1.06305018  0.08825327
   37     N   5.0  0.09296360       0.80449557  0.31037879  2.71229541  0.92479259  0.15507404
   38     N   5.0  0.10360479       0.79459059  0.28955701  2.71369219  0.87656969  0.22198573
   39     C   4.0 -0.03077677       0.62012422  0.26285729  2.00734913  0.70916630  0.43127983
   40     C   4.0 -0.04007686       0.62600648  0.23884866  1.85830283  0.63871621  0.67820268
   41     O   6.0 -0.36346592       1.16023827  0.43686220  3.61858130  1.06277487  0.08500929
   42     C   4.0 -0.03703082       0.63378340  0.27081048  1.95498037  0.70466875  0.47278782
   43     O   6.0 -0.20714795       1.11650908  0.39879346  3.54893243  1.05340147  0.08951151
   44     C   4.0 -0.21872792       0.65246499  0.30321884  2.17610067  0.84113221  0.24581122
   45     N   5.0  0.13440819       0.79419017  0.28588405  2.67657399  0.88333389  0.22560970
   46     C   4.0 -0.00927458       0.62060958  0.26499104  1.99067050  0.70919660  0.42380685
   47     C   4.0 -0.02732282       0.62443322  0.23854800  1.85098088  0.63836321  0.67499752
   48     O   6.0 -0.33963047       1.15372086  0.43079033  3.62360692  1.04522932  0.08628304
   49     C   4.0 -0.10434800       0.62698686  0.27778718  2.08425170  0.78209187  0.33323038
   50     C   4.0 -0.05093072       0.63965672  0.26040301  2.03136164  0.73123299  0.38827636
   51     C   4.0 -0.07961216       0.65307283  0.27871284  2.06426227  0.76356323  0.32000099
   52     C   4.0 -0.06141279       0.64795119  0.27531835  2.05787063  0.75882709  0.32144553
   53     C   4.0 -0.06760497       0.64878589  0.27928820  2.05701029  0.76407178  0.31844881
   54     C   4.0 -0.05417596       0.64481103  0.27714044  2.05489284  0.75953254  0.31779910
   55     C   4.0 -0.06430417       0.64705175  0.27723360  2.05742949  0.76210295  0.32048638
   56     N   5.0  0.12654325       0.79353225  0.28772989  2.68227780  0.88518566  0.22473115
   57     C   4.0 -0.04150143       0.61566979  0.26202014  2.01606232  0.70322700  0.44452219
   58     C   4.0 -0.04783017       0.61310375  0.23059261  1.87005144  0.63307263  0.70100974
   59     O   6.0 -0.28582855       1.15357864  0.40709516  3.61513484  1.01656002  0.09345989
   60     C   4.0 -0.10855221       0.64067817  0.28593075  2.09992725  0.78195937  0.30005667
   61     C   4.0  0.01988947       0.64512157  0.25198051  1.79968584  0.65731095  0.62601166
   62     O   6.0 -0.36744972       1.17280519  0.43799871  3.60300767  1.07255030  0.08108785
   63     N   5.0  0.05298786       0.81424797  0.31701326  2.70820051  0.95651832  0.15103207
   64     N   5.0  0.13463873       0.78982693  0.28601578  2.68969870  0.86952278  0.23029708
   65     C   4.0  0.00995471       0.62388879  0.26582170  1.98013955  0.70776230  0.41243295
   66     C   4.0 -0.03936296       0.61657649  0.23553361  1.85595220  0.64032643  0.69097423
   67     O   6.0 -0.29588643       1.14791703  0.42738676  3.59432077  1.04200315  0.08425871
   68     C   4.0 -0.08958898       0.63815284  0.28633386  2.05948859  0.79139915  0.31421454
   69     C   4.0 -0.07359269       0.64568305  0.26439694  2.04957771  0.73938376  0.37455123
   70     C   4.0 -0.03852692       0.64414293  0.27503535  2.03504312  0.75812671  0.32617881
   71     C   4.0 -0.10922336       0.64849347  0.27509791  2.07742620  0.76201539  0.34619040
   72     C   4.0 -0.04396092       0.64344919  0.27540350  2.06940138  0.75824651  0.29746034
   73     C   4.0 -0.09946038       0.64926970  0.27668631  2.10578901  0.75873382  0.30898154
   74     C   4.0 -0.00314269       0.62437189  0.24637142  1.92702073  0.68842375  0.51695491
   75     O   6.0 -0.10180442       1.09037197  0.38063315  3.48651671  1.03335139  0.11093120
   76     N   5.0  0.09663408       0.79640746  0.28939280  2.71362656  0.88011435  0.22382475
   77     C   4.0 -0.03380035       0.61439550  0.25998342  2.01239711  0.70698929  0.44003503
   78     C   4.0 -0.05857540       0.61578721  0.23093788  1.87937868  0.63038602  0.70208561
   79     O   6.0 -0.35400007       1.15171576  0.42757043  3.64564383  1.04090881  0.08816124
   80     C   4.0 -0.20359628       0.64353353  0.29666817  2.17041713  0.83142488  0.26155258
   81     N   5.0  0.13990755       0.78194147  0.28065407  2.69343108  0.86907700  0.23498883
   82     C   4.0 -0.00604772       0.61611420  0.26109684  2.00152779  0.70284133  0.42446757
   83     C   4.0 -0.00641409       0.62788457  0.24293089  1.83256847  0.64527276  0.65775741
   84     O   6.0 -0.32791564       1.15751052  0.43429658  3.60208178  1.05219737  0.08182940
   85     C   4.0 -0.05757021       0.62317681  0.26487744  1.97939926  0.68079793  0.50931876
   86     O   6.0 -0.21249644       1.10353827  0.38602614  3.59037971  1.01803744  0.11451486
   87     C   4.0 -0.20398603       0.63910675  0.29228097  2.18317115  0.83240919  0.25701797
   88     N   5.0  0.10362619       0.80644447  0.29411998  2.68728095  0.89862844  0.20989996
   89     C   4.0 -0.02175446       0.61590242  0.26035810  2.00127238  0.70655788  0.43766368
   90     C   4.0 -0.03770731       0.62141800  0.23425977  1.86638945  0.63921672  0.67642336
   91     O   6.0 -0.41765941       1.16909313  0.43947542  3.66060400  1.06545734  0.08302952
   92     C   4.0 -0.09523822       0.62600327  0.27936342  2.07837057  0.77711301  0.33438795
   93     C   4.0 -0.07847795       0.64079738  0.26129964  2.05555040  0.73581447  0.38501607
   94     C   4.0 -0.03960599       0.64456272  0.27606311  2.03914475  0.75694835  0.32288705
   95     C   4.0 -0.10325458       0.65060359  0.27687383  2.06931651  0.76762879  0.33883186
   96     C   4.0 -0.04288720       0.64282006  0.27651200  2.06634593  0.75921807  0.29799114
   97     C   4.0 -0.09452131       0.65228301  0.27898741  2.09408647  0.76412235  0.30504207
   98     C   4.0  0.01118921       0.63049930  0.24943177  1.91392231  0.69328684  0.50167057
   99     O   6.0 -0.10664003       1.09968662  0.38810334  3.46298128  1.05232322  0.10354556
  100     N   5.0  0.17003797       0.77955639  0.28241751  2.66748708  0.86887679  0.23162426
  101     C   4.0 -0.02371292       0.60956615  0.25677824  2.01786184  0.69791265  0.44159403
  102     C   4.0 -0.01660860       0.61731654  0.23405807  1.84734017  0.63347426  0.68441956
  103     O   6.0 -0.30279848       1.14541662  0.42594841  3.60844326  1.03639078  0.08659941
  104     C   4.0 -0.09275847       0.61714816  0.27372026  2.07612634  0.77350257  0.35226114
  105     C   4.0 -0.05842478       0.64571118  0.25599340  2.04586357  0.69233336  0.41852327
  106     N   5.0  0.19411630       0.78798687  0.29180157  2.59177315  0.88482457  0.24949753
  107     C   4.0 -0.02328004       0.65081316  0.27973089  2.05462825  0.71385197  0.32425576
  108     C   4.0  0.04857878       0.64589393  0.27310407  1.98788530  0.65883470  0.38570322
  109     N   5.0  0.25681960       0.77019358  0.29314128  2.54530197  0.88818127  0.24636231
  110     N   5.0  0.09941694       0.78955430  0.28742722  2.71808922  0.88214701  0.22336531
  111     C   4.0 -0.01378149       0.61737490  0.26228905  1.99978620  0.70842899  0.42590235
  112     C   4.0 -0.00481350       0.63061720  0.24145514  1.83168322  0.64638625  0.65467169
  113     O   6.0 -0.34751286       1.16795146  0.43321326  3.60084617  1.06481820  0.08068376
  114     C   4.0 -0.02079146       0.62609649  0.26633176  1.95806289  0.69290406  0.47739627
  115     O   6.0 -0.21688851       1.11729634  0.39713410  3.56667447  1.04673672  0.08904689
  116     C   4.0 -0.22374798       0.63915050  0.29486859  2.19493014  0.82526235  0.26953640
  117     N   5.0  0.12932161       0.79177749  0.28859568  2.68216920  0.88810638  0.22002965
  118     C   4.0 -0.00391225       0.61779833  0.26411927  1.97892523  0.71696702  0.42610241
  119     C   4.0  0.01856659       0.62937611  0.24350996  1.81967562  0.64183657  0.64703514
  120     O   6.0 -0.30027143       1.16507459  0.41618779  3.60631418  1.02564421  0.08705065
  121     C   4.0 -0.12045575       0.63662791  0.28231877  2.10159552  0.77951379  0.32039976
  122     C   4.0 -0.11568761       0.62002945  0.26737332  2.08834398  0.73863037  0.40131049
  123     C   4.0 -0.19670146       0.63522243  0.28868353  2.16960490  0.83614478  0.26704581
  124     C   4.0 -0.19609432       0.63378948  0.28801334  2.18840486  0.81542882  0.27045782
  125     N   5.0  0.09799537       0.80462486  0.29357231  2.70137584  0.89107606  0.21135557
  126     C   4.0 -0.03390051       0.61672276  0.26303491  2.00337839  0.70840687  0.44235758
  127     C   4.0 -0.04168414       0.61549479  0.23357496  1.85961092  0.63851550  0.69448797
  128     O   6.0 -0.30062900       1.15102506  0.42173767  3.60010588  1.03938192  0.08837847
  129     C   4.0 -0.13768664       0.63810509  0.28404507  2.11989623  0.78124194  0.31439831
  130     C   4.0 -0.07379203       0.64303815  0.24952754  1.78367800  0.65335484  0.74419349
  131     O   6.0 -0.52296090       1.19138265  0.45543680  3.70029151  1.10041866  0.07543128
  132     O   6.0 -0.39561178       1.16681433  0.44819862  3.60981703  1.08569965  0.08508216
  133     N   5.0  0.11176306       0.79093993  0.28785804  2.70840526  0.87874439  0.22228933
  134     C   4.0 -0.03687259       0.61849910  0.26316470  2.00268859  0.71127309  0.44124712
  135     C   4.0 -0.03097931       0.62792647  0.24167757  1.84461731  0.64670679  0.67005118
  136     O   6.0 -0.31935320       1.15466464  0.42816782  3.60093641  1.04973531  0.08584903
  137     C   4.0 -0.11876077       0.62866062  0.27986747  2.11338472  0.77045740  0.32639055
  138     C   4.0 -0.15090125       0.63667005  0.28425264  2.13209593  0.78271525  0.31516738
  139     C   4.0 -0.04628294       0.63794315  0.24678959  1.77392432  0.65378672  0.73383916
  140     O   6.0 -0.34051314       1.16656482  0.43169415  3.60793662  1.05129865  0.08301890
  141     O   6.0 -0.54673118       1.19616580  0.45687488  3.70857763  1.10944736  0.07566551
  142     N   5.0  0.11521139       0.79932272  0.29039684  2.69345182  0.88485011  0.21676711
  143     C   4.0 -0.01014744       0.61658257  0.25931743  1.99247295  0.70706303  0.43471146
  144     C   4.0 -0.02662911       0.61991990  0.23715089  1.84937596  0.64256412  0.67761824
  145     O   6.0 -0.31475526       1.15436268  0.42403665  3.61324942  1.03960061  0.08350590
  146     C   4.0 -0.09551014       0.61764181  0.26385140  2.07994890  0.73050798  0.40356005
  147     C   4.0 -0.15634196       0.62627679  0.27625662  2.13221246  0.77563271  0.34596338
  148     C   4.0 -0.16598244       0.63617802  0.28864172  2.14992929  0.83287345  0.25835996
  149     C   4.0 -0.17765664       0.63701117  0.29122743  2.15309370  0.83916405  0.25716029
  150     N   5.0  0.12620281       0.79156929  0.28827435  2.70093572  0.87629211  0.21672572
  151     C   4.0 -0.00614942       0.61572939  0.26259542  1.98826277  0.70943223  0.43012961
  152     C   4.0 -0.07734964       0.61116916  0.23309039  1.88592839  0.63010713  0.71705457
  153     O   6.0 -0.28831127       1.13332486  0.41889575  3.61976218  1.02266791  0.09366056
  154     C   4.0 -0.11978785       0.62463504  0.27756909  2.09594387  0.77745840  0.34418146
  155     C   4.0 -0.07797097       0.63383234  0.25720000  2.06381398  0.72718605  0.39593859
  156     C   4.0 -0.05076756       0.64332139  0.27268457  2.04992783  0.75245260  0.33238117
  157     C   4.0 -0.09228617       0.64239240  0.27464271  2.08647031  0.74673624  0.34204451
  158     C   4.0 -0.04155858       0.64328218  0.27536032  2.06808072  0.75419596  0.30063941
  159     C   4.0 -0.08947388       0.64462513  0.27594680  2.10193926  0.74806857  0.31889413
  160     C   4.0  0.02214646       0.63050169  0.24955072  1.91720581  0.68811817  0.49247715
  161     O   6.0 -0.11345989       1.10627413  0.39164111  3.45658767  1.05943716  0.09951983
  162     N   5.0  0.09783209       0.79049462  0.28457361  2.72404796  0.86927348  0.23377823
  163     C   4.0 -0.01315621       0.62087852  0.26613820  1.99850798  0.70364992  0.42398160
  164     C   4.0 -0.06634979       0.61619210  0.23406781  1.86897635  0.64113572  0.70597780
  165     O   6.0 -0.31865586       1.14641511  0.42112833  3.62457836  1.03538570  0.09114835
  166     C   4.0 -0.11015774       0.64307088  0.28705135  2.09981549  0.78654647  0.29367356
  167     C   4.0 -0.09279090       0.63816029  0.24693780  1.79536384  0.65333980  0.75898917
  168     O   6.0 -0.38034870       1.15748489  0.44169992  3.62564754  1.06797385  0.08754249
  169     O   6.0 -0.53213934       1.18967819  0.45502275  3.70460701  1.10458773  0.07824365
  170     N   5.0  0.10447827       0.80658185  0.29314542  2.69745511  0.88817677  0.21016258
  171     C   4.0  0.01024232       0.63618964  0.27175471  1.95953870  0.71898904  0.40328559
  172     C   4.0 -0.00125356       0.63160866  0.24456784  1.82141620  0.64816475  0.65549611
  173     O   6.0 -0.31224790       1.16153753  0.42497069  3.58889401  1.05204710  0.08479858
  174     C   4.0 -0.09697002       0.62630820  0.27928787  2.07993746  0.78064647  0.33079001
  175     C   4.0 -0.05111064       0.63652086  0.25796688  2.03345537  0.72789459  0.39527294
  176     C   4.0 -0.05565177       0.64657640  0.27494174  2.05755079  0.75535525  0.32122758
  177     C   4.0 -0.07881089       0.65012950  0.27551976  2.06580538  0.76239133  0.32496493
  178     C   4.0 -0.04617778       0.64479333  0.27726114  2.04636943  0.76302628  0.31472759
  179     C   4.0 -0.06650679       0.64821208  0.27826631  2.05705881  0.76590820  0.31706140
  180     C   4.0 -0.06067670       0.64612681  0.27641749  2.05145174  0.76664539  0.32003527
  181     N   5.0  0.12515180       0.79603297  0.29004064  2.69112051  0.88319799  0.21445609
  182     C   4.0 -0.02614141       0.60942698  0.25610358  2.01044744  0.70164530  0.44851811
  183     C   4.0 -0.03960914       0.61727536  0.23355094  1.86534172  0.63982657  0.68361456
  184     O   6.0 -0.34917201       1.16247463  0.43003505  3.62003398  1.05496383  0.08166452
  185     C   4.0 -0.14908146       0.61744392  0.27212387  2.11946082  0.77804843  0.36200442
  186     C   4.0 -0.22907585       0.64750803  0.29489419  2.04879469  0.85327902  0.38459992
  187     S   6.0  0.27598246       1.07482564  0.41067857  3.13076419  0.89731577  0.21043337
  188     C   4.0 -0.30430295       0.66003960  0.31201965  2.08277649  0.94258970  0.30687751
  189     N   5.0  0.13905678       0.79109168  0.28813857  2.69095385  0.87159398  0.21916514
  190     C   4.0 -0.02861418       0.61181265  0.25929174  2.00489640  0.70717604  0.44543734
  191     C   4.0 -0.01976107       0.62000912  0.23526804  1.85089195  0.63941041  0.67418155
  192     O   6.0 -0.35100986       1.16453087  0.43035948  3.61569393  1.05753165  0.08289392
  193     C   4.0 -0.12212940       0.63012213  0.27919632  2.12033987  0.77278860  0.31968248
  194     C   4.0 -0.05558912       0.63031107  0.24154983  1.78887302  0.64345670  0.75139850
  195     O   6.0 -0.45183857       1.19332004  0.43233898  3.68629515  1.05927521  0.08060919
  196     O   6.0 -0.37071927       1.15759683  0.44086096  3.61733663  1.06853390  0.08639096
  197     N   5.0  0.13517731       0.79029596  0.28754571  2.68996930  0.87526414  0.22174758
  198     C   4.0 -0.02040324       0.61957812  0.26480260  1.99359244  0.71079023  0.43163984
  199     C   4.0 -0.02249778       0.62756330  0.23971207  1.84320557  0.64646634  0.66555049
  200     O   6.0 -0.35588696       1.16301322  0.42696807  3.62691522  1.05408272  0.08490773
  201     C   4.0 -0.11188454       0.63221616  0.27907360  2.09685630  0.77770293  0.32603557
  202     C   4.0 -0.14638041       0.62265402  0.26793855  2.10420674  0.74391256  0.40766853
  203     C   4.0 -0.19967561       0.64279485  0.29316065  2.16475123  0.83559102  0.26337787
  204     C   4.0 -0.22349951       0.64531410  0.29820600  2.17856419  0.83437636  0.26703886
  205     N   5.0  0.13988757       0.79711115  0.29030913  2.67838597  0.88273963  0.21156654
  206     C   4.0  0.00402791       0.62302881  0.26553819  1.97620749  0.71467903  0.41651857
  207     C   4.0 -0.03712943       0.62096632  0.23787990  1.84884638  0.64272317  0.68671367
  208     O   6.0 -0.29268714       1.14612365  0.42470214  3.59175897  1.04298252  0.08711987
  209     C   4.0 -0.12214308       0.62862408  0.27686530  2.10815322  0.77680232  0.33169815
  210     C   4.0 -0.11734781       0.62303251  0.26774684  2.08697766  0.74056746  0.39902335
  211     C   4.0 -0.19867400       0.63750017  0.28793833  2.17202955  0.83405180  0.26715415
  212     C   4.0 -0.17375256       0.63856864  0.29052141  2.14749444  0.84428339  0.25288469
  213     N   5.0  0.10582067       0.79392534  0.28675482  2.71293563  0.87735224  0.22321131
  214     C   4.0 -0.02769799       0.61392885  0.25761613  2.01143366  0.70040613  0.44431321
  215     C   4.0 -0.05411046       0.61668175  0.23506124  1.87020165  0.63748541  0.69468040
  216     O   6.0 -0.32395531       1.15049732  0.42925838  3.60885596  1.04908228  0.08626137
  217     C   4.0 -0.12097694       0.61519337  0.26379511  2.10061800  0.72708258  0.41428788
  218     C   4.0 -0.21634906       0.63675213  0.29195529  2.18310529  0.82544577  0.27909058
  219     C   4.0 -0.17702835       0.63585418  0.28818569  2.16384715  0.82836363  0.26077770
  220     N   5.0  0.11667937       0.79024678  0.28591463  2.70397311  0.87576246  0.22742364
  221     C   4.0 -0.04437256       0.61777937  0.26539546  2.00488889  0.71575087  0.44055796
  222     C   4.0  0.00490592       0.63668036  0.24695092  1.82298940  0.64759064  0.64088275
  223     O   6.0 -0.38367619       1.16683435  0.44186142  3.62051463  1.07286116  0.08160462
  224     C   4.0 -0.19793013       0.64311141  0.29775444  2.16662514  0.83051717  0.25992197
  225     N   5.0  0.10756790       0.79503733  0.29019254  2.69617134  0.88846415  0.22256673
  226     C   4.0 -0.04268978       0.61924815  0.26420560  2.00302464  0.71436343  0.44184796
  227     C   4.0 -0.03138302       0.62702084  0.24257928  1.84396046  0.64549904  0.67232341
  228     O   6.0 -0.34276317       1.15288544  0.43267715  3.61946249  1.05038017  0.08735792
  229     C   4.0 -0.12024467       0.63423246  0.28352562  2.10556513  0.77674498  0.32017648
  230     C   4.0 -0.13926268       0.63756496  0.28335297  2.12860733  0.78017282  0.30956459
  231     C   4.0 -0.06006573       0.62441248  0.23809043  1.78902346  0.64773412  0.76080525
  232     O   6.0 -0.29474171       1.15277183  0.41977718  3.60224950  1.02985030  0.09009289
  233     O   6.0 -0.47932371       1.19366360  0.44167903  3.69291604  1.07667556  0.07438948
  234     N   5.0  0.11648097       0.79796112  0.29036552  2.69793028  0.87789106  0.21937106
  235     C   4.0 -0.01618878       0.61503094  0.26131943  2.00386041  0.69897352  0.43700447
  236     C   4.0  0.00260924       0.61762106  0.23304853  1.84255278  0.62813923  0.67602916
  237     O   6.0 -0.28100257       1.16119623  0.41869271  3.58506715  1.03122127  0.08482520
  238     C   4.0 -0.13028647       0.61512387  0.27216876  2.11035681  0.76912607  0.36351096
  239     C   4.0 -0.16100974       0.64109957  0.25177649  2.08262151  0.70241107  0.48310109
  240     N   5.0 -0.25181685       0.93769610  0.35808152  2.81956226  0.92867774  0.20779924
  241     C   4.0 -0.06863371       0.65542156  0.28009084  2.08501542  0.71503678  0.33306912
  242     C   4.0 -0.06112742       0.65741533  0.27478963  2.01876575  0.67527229  0.43488443
  243     N   5.0  0.18130286       0.78503251  0.29831061  2.56769365  0.90161484  0.26604553
  244     N   5.0  0.07879349       0.80750591  0.27321315  2.71073937  0.84817651  0.28157157
  245     C   4.0 -0.03022595       0.62102073  0.26331908  2.01403832  0.70178846  0.43005937
  246     C   4.0 -0.05703620       0.61748546  0.23606306  1.87290490  0.63405688  0.69652589
  247     O   6.0 -0.30388611       1.14837778  0.42996085  3.59662819  1.04108304  0.08783626
  248     C   4.0 -0.12984617       0.63577384  0.28429574  2.12831342  0.75801529  0.32344788
  249     C   4.0 -0.15762162       0.63280547  0.28311330  2.15721112  0.75726868  0.32722305
  250     C   4.0 -0.07186715       0.63595587  0.28261304  2.05484116  0.73346166  0.36499542
  251     N   5.0  0.09441438       0.78888530  0.28613105  2.73021871  0.86804023  0.23231033
  252     C   4.0 -0.05020323       0.61440396  0.26073071  2.01760632  0.70732616  0.45013608
  253     C   4.0 -0.03007275       0.62878793  0.24004339  1.84306741  0.64445068  0.67372334
  254     O   6.0 -0.33969941       1.15793073  0.43852013  3.59700990  1.06197509  0.08426355
  255     C   4.0 -0.11641027       0.63832325  0.28643599  2.10057837  0.77131802  0.31975465
  256     C   4.0 -0.13418662       0.63781130  0.28877366  2.11811602  0.77960193  0.30988371
  257     C   4.0 -0.04695255       0.63703460  0.24689627  1.84638304  0.65438285  0.66225580
  258     O   6.0 -0.37950883       1.16298199  0.44245851  3.62240279  1.06801057  0.08365497
  259     N   5.0  0.05515900       0.81294018  0.31502447  2.71251786  0.94833550  0.15602300
  260     N   5.0  0.11679803       0.80416596  0.29338360  2.68074882  0.89287901  0.21202458
  261     C   4.0 -0.01248604       0.61931413  0.26228693  2.00209606  0.70235491  0.42643401
  262     C   4.0  0.00071458       0.62352407  0.23598003  1.83494210  0.63615243  0.66868678
  263     O   6.0 -0.28917522       1.15610421  0.42380461  3.58770430  1.03656375  0.08499834
  264     C   4.0 -0.14356359       0.62400961  0.27139172  2.13160425  0.76085101  0.35570700
  265     C   4.0 -0.12838054       0.61269951  0.26286793  2.11218399  0.72566389  0.41496523
  266     C   4.0 -0.20261860       0.63594598  0.28772604  2.18074322  0.82390103  0.27430233
  267     C   4.0 -0.20021489       0.63696879  0.28939724  2.17207372  0.82940301  0.27237213
  268     N   5.0  0.12608484       0.79466099  0.29034078  2.69434094  0.87920848  0.21536398
  269     C   4.0 -0.04398409       0.60666275  0.25105280  2.03087240  0.69406047  0.46133566
  270     C   4.0 -0.03353072       0.61515129  0.23198500  1.86072928  0.63590930  0.68975585
  271     O   6.0 -0.36725143       1.15913379  0.43592191  3.62635422  1.06156534  0.08427617
  272     C   4.0 -0.12169013       0.61326718  0.25880036  2.10148269  0.72573416  0.42240574
  273     C   4.0 -0.20218777       0.63249147  0.28498638  2.17656827  0.82891679  0.27922487
  274     C   4.0 -0.17579523       0.63354695  0.28738853  2.15811771  0.83168058  0.26506145
  275     N   5.0  0.15616455       0.77674365  0.28133348  2.68731767  0.86609611  0.23234455
  276     C   4.0 -0.06274085       0.60395008  0.25093985  2.05048537  0.69806641  0.45929914
  277     C   4.0 -0.03171305       0.61111039  0.22833337  1.86210805  0.62954886  0.70061238
  278     O   6.0 -0.28704937       1.15189469  0.41418922  3.61145103  1.02046245  0.08905198
  279     C   4.0 -0.08436850       0.62919378  0.27727896  2.02100235  0.70640397  0.45048943
  280     O   6.0 -0.20792197       1.09954596  0.39459175  3.57537079  1.03565007  0.10276340
  281     N   5.0  0.13819961       0.78965092  0.28534946  2.68707651  0.87616581  0.22355770
  282     C   4.0 -0.00890375       0.61544001  0.26071009  1.99711263  0.70503503  0.43060599
  283     C   4.0 -0.05266932       0.61926186  0.23457119  1.87157941  0.63685104  0.69040582
  284     O   6.0 -0.38881048       1.15615213  0.43246371  3.66100824  1.05096573  0.08822068
  285     C   4.0 -0.12425091       0.63377041  0.28070331  2.11098129  0.77410743  0.32468848
  286     C   4.0 -0.12725250       0.62397164  0.27659249  2.11916232  0.77354418  0.33398187
  287     C   4.0 -0.13629178       0.62183321  0.27586877  2.13224787  0.76883800  0.33750393
  288     C   4.0 -0.08916870       0.63258767  0.27981824  2.09508669  0.72974989  0.35192621
  289     N   5.0  0.32190395       0.74439919  0.29900941  2.52984637  0.89590958  0.20893150
  290     N   5.0  0.16130607       0.78623807  0.28539014  2.66727293  0.87667641  0.22311638
  291     C   4.0 -0.00650255       0.62402844  0.26761883  1.98404652  0.71262181  0.41818694
  292     C   4.0 -0.00248113       0.62743932  0.23921858  1.82994229  0.64364733  0.66223361
  293     O   6.0 -0.31539550       1.16193378  0.42187294  3.60534167  1.04162756  0.08461955
  294     C   4.0 -0.13543037       0.63136977  0.27664256  2.11580569  0.77518934  0.33642302
  295     C   4.0 -0.12533157       0.62191516  0.26867142  2.09460658  0.73863193  0.40150648
  296     C   4.0 -0.19540894       0.64011294  0.29287565  2.16510493  0.83717152  0.26014391
  297     C   4.0 -0.22602632       0.64066601  0.29478243  2.18381321  0.83154124  0.27522343
  298     N   5.0  0.12291524       0.80205595  0.29131299  2.66932839  0.89481211  0.21957532
  299     C   4.0 -0.01865665       0.61430055  0.25979874  2.00225013  0.70711614  0.43519109
  300     C   4.0 -0.03928217       0.61737961  0.23284563  1.87113255  0.62808047  0.68984390
  301     O   6.0 -0.36639485       1.15152979  0.42573535  3.66571569  1.03172222  0.09169179
  302     C   4.0 -0.14386212       0.62417674  0.27819940  2.13561219  0.75940344  0.34647035
  303     C   4.0 -0.10489014       0.62815380  0.27871478  2.10740983  0.77824275  0.31236898
  304     C   4.0 -0.04214629       0.62983590  0.24336699  1.84834462  0.64821191  0.67238686
  305     O   6.0 -0.36649277       1.15382993  0.43620202  3.62513864  1.06356257  0.08775961
  306     N   5.0  0.05988001       0.80693376  0.31168649  2.72128487  0.94220102  0.15801386
  307     N   5.0  0.13956953       0.78080517  0.28231764  2.70500028  0.85917935  0.23312803
  308     C   4.0 -0.04171621       0.61294281  0.25783896  2.01375514  0.70227906  0.45490023
  309     C   4.0  0.00246721       0.63697350  0.24536858  1.82240957  0.64186533  0.65091581
  310     O   6.0 -0.33990442       1.15844846  0.43726945  3.59740412  1.06326056  0.08352184
  311     C   4.0 -0.09873185       0.62192696  0.26515016  2.08383751  0.72907382  0.39874339
  312     C   4.0 -0.14634287       0.62611669  0.27629438  2.13221180  0.77352911  0.33819088
  313     C   4.0 -0.19024181       0.63623118  0.28900310  2.16804224  0.83137803  0.26558726
  314     C   4.0 -0.18001064       0.63598120  0.28988710  2.15663660  0.83998364  0.25752210
  315     N   5.0  0.08101615       0.80855340  0.29567936  2.70612746  0.90167096  0.20695267
  316     C   4.0 -0.05969521       0.62825757  0.27950829  2.04338175  0.74226359  0.36628401
  317     C   4.0  0.00048035       0.62633157  0.23981878  1.83159983  0.64474200  0.65702747
  318     O   6.0 -0.32421548       1.16146111  0.42727247  3.60736811  1.04439348  0.08372031
  319     N   5.0  0.11872089       0.79827541  0.29020873  2.68557602  0.89053479  0.21668416
  320     C   4.0 -0.04150929       0.60867298  0.25652269  2.01989990  0.70403129  0.45238243
  321     C   4.0 -0.02005222       0.62377065  0.23732395  1.84617460  0.64368600  0.66909702
  322     O   6.0 -0.36901784       1.16220605  0.43436444  3.62754536  1.06264022  0.08226177
  323     C   4.0 -0.14334104       0.62502855  0.27531874  2.13329452  0.76353240  0.34616682
  324     C   4.0 -0.14921916       0.63670564  0.28273377  2.13384628  0.77333209  0.32260138
  325     C   4.0 -0.09017664       0.63583165  0.28593257  2.05352718  0.73400819  0.38087704
  326     N   5.0  0.05315202       0.79353034  0.29637474  2.75088829  0.89857182  0.20748279
  327     C   4.0 -0.01092949       0.62423956  0.23692694  1.87415546  0.64498086  0.63062666
  328     N   5.0  0.04720897       0.80201948  0.31534845  2.74407929  0.94988215  0.14146166
  329     N   5.0  0.02972977       0.80498266  0.31758678  2.75389123  0.95391399  0.13989557
  330     N   5.0  0.14581458       0.79848784  0.29095516  2.67057174  0.88639045  0.20778023
  331     C   4.0  0.01232608       0.62432510  0.26685974  1.97749686  0.71958326  0.39940896
  332     C   4.0  0.02940095       0.63504261  0.24660110  1.80893391  0.64513977  0.63488165
  333     O   6.0 -0.34947117       1.17342722  0.43134427  3.60374856  1.05680585  0.08414527
  334     C   4.0 -0.02832561       0.62551206  0.27575856  1.98626089  0.72332497  0.41746912
  335     O   6.0 -0.21330314       1.10952115  0.38827929  3.59502459  1.02832013  0.09215798
  336     N   5.0  0.12686543       0.79167908  0.28888965  2.68531698  0.88806823  0.21918063
  337     C   4.0 -0.03015101       0.62314236  0.26527190  1.99324799  0.71314695  0.43534181
  338     C   4.0 -0.01184676       0.63565266  0.24721889  1.83322752  0.64888166  0.64686603
  339     O   6.0 -0.39522644       1.17001593  0.44339022  3.62358034  1.07678357  0.08145639
  340     C   4.0 -0.08192185       0.62796891  0.28067333  2.07156795  0.77816324  0.32354842
  341     C   4.0 -0.06334661       0.63550586  0.25833270  2.04847139  0.72904901  0.39198765
  342     C   4.0 -0.06465545       0.64863771  0.27722645  2.05574310  0.75493631  0.32811188
  343     C   4.0 -0.05085205       0.64645463  0.27734122  2.04788589  0.75510943  0.32406087
  344     C   4.0 -0.09721730       0.65382415  0.27940863  2.09419656  0.76164927  0.30813869
  345     C   4.0 -0.08583454       0.65041041  0.27888331  2.08858722  0.76099163  0.30696196
  346     C   4.0 -0.01834178       0.63124627  0.25031647  1.93392521  0.69629014  0.50656369
  347     O   6.0 -0.14307622       1.10558128  0.39472681  3.48722136  1.04910806  0.10643871
  348     N   5.0  0.11835393       0.80234939  0.29257500  2.69993109  0.87904754  0.20774305
  349     C   4.0 -0.02007542       0.61773384  0.26231557  1.99930507  0.70738816  0.43333278
  350     C   4.0 -0.02520183       0.62848294  0.23976594  1.84425187  0.64092901  0.67177206
  351     O   6.0 -0.36689630       1.16155422  0.43850461  3.61895168  1.06355339  0.08433241
  352     C   4.0 -0.12971669       0.62642032  0.27960595  2.11980736  0.76890066  0.33498239
  353     C   4.0 -0.14690747       0.63517421  0.28206009  2.12920916  0.78768638  0.31277763
  354     C   4.0 -0.03536934       0.64504701  0.25065929  1.76024455  0.65707554  0.72234295
  355     O   6.0 -0.49012577       1.19841242  0.44574359  3.68187499  1.08977130  0.07432347
  356     O   6.0 -0.40165738       1.17118168  0.44788411  3.61208391  1.08869874  0.08180893
  357     N   5.0  0.11471339       0.80081767  0.29653481  2.68645173  0.89480087  0.20668153
  358     C   4.0 -0.05879528       0.63103485  0.27951968  2.03583771  0.75526333  0.35713971
  359     C   4.0 -0.01431773       0.63083273  0.24168015  1.83785450  0.64415246  0.65979788
  360     O   6.0 -0.37380219       1.16163898  0.43778294  3.62620747  1.06392443  0.08424837
  361     N   5.0  0.12997238       0.79897481  0.29265076  2.67649090  0.89237201  0.20953913
  362     C   4.0 -0.01963582       0.62152183  0.26541433  1.98798573  0.71428870  0.43042523
  363     C   4.0  0.00705699       0.62641901  0.23769930  1.82812369  0.63516316  0.66553786
  364     O   6.0 -0.30397098       1.17166650  0.41635695  3.58827162  1.04073822  0.08693769
  365     C   4.0 -0.11608049       0.62704611  0.27842137  2.10234314  0.77705154  0.33121832
  366     C   4.0 -0.16766464       0.63563269  0.28198481  2.14026582  0.77643143  0.33334989
  367     C   4.0 -0.04344362       0.63098681  0.28159520  2.02056336  0.74539964  0.36489861
  368     N   5.0  0.07845309       0.79488575  0.29698044  2.73073977  0.90140575  0.19753519
  369     C   4.0 -0.02389286       0.61958230  0.23419595  1.88528341  0.64222546  0.64260575
  370     N   5.0  0.07589906       0.78989816  0.30793059  2.74602056  0.94003865  0.14021299
  371     N   5.0  0.03078276       0.80157077  0.31379989  2.75887644  0.95030233  0.14466780
  372     N   5.0  0.11331031       0.80907589  0.27605405  2.67286777  0.85908967  0.26960230
  373     C   4.0 -0.01985886       0.62541944  0.26329404  2.00827110  0.69895014  0.42392414
  374     C   4.0 -0.04458083       0.62293994  0.23633483  1.85444731  0.64512610  0.68573265
  375     O   6.0 -0.34360613       1.16155910  0.42919797  3.61148608  1.05637065  0.08499233
  376     C   4.0 -0.10745446       0.63223380  0.28053269  2.11536688  0.76153705  0.31778406
  377     C   4.0 -0.14040861       0.62891215  0.28045043  2.14608449  0.75984947  0.32511206
  378     C   4.0 -0.06724513       0.63550597  0.28304970  2.04660785  0.73506443  0.36701716
  379     N   5.0  0.14543622       0.80183029  0.29227731  2.65937638  0.89068505  0.21039475
  380     C   4.0 -0.00038545       0.62682921  0.26518959  1.97402138  0.71337801  0.42096727
  381     C   4.0  0.02115794       0.64039719  0.24648920  1.80564171  0.65260935  0.63370461
  382     O   6.0 -0.37611443       1.16930211  0.43159258  3.63000941  1.06307340  0.08213693
  383     C   4.0 -0.10706816       0.62114018  0.26518133  2.08440006  0.73695719  0.39938939
  384     C   4.0 -0.14391395       0.63045716  0.27898914  2.12353224  0.77604803  0.33488738
  385     C   4.0 -0.16648369       0.63352615  0.29036665  2.14873755  0.84030098  0.25355237
  386     C   4.0 -0.19257598       0.63642436  0.29035407  2.16412288  0.83944169  0.26223297
  387     N   5.0  0.14147850       0.80320805  0.29536611  2.64357334  0.90706381  0.20931019
  388     C   4.0 -0.01764770       0.62666637  0.26703221  1.98492306  0.71845698  0.42056908
  389     C   4.0  0.00207704       0.63688594  0.24532394  1.81912941  0.65239519  0.64418848
  390     O   6.0 -0.34018003       1.16574657  0.44129440  3.57975578  1.07416937  0.07921391
  391     C   4.0 -0.10484643       0.63038319  0.27887768  2.07963192  0.78590465  0.33004899
  392     C   4.0 -0.05693677       0.63852429  0.25913680  2.04338640  0.72835673  0.38753255
  393     C   4.0 -0.04508995       0.64500606  0.27611202  2.04410225  0.75622918  0.32364044
  394     C   4.0 -0.05575878       0.64462548  0.27297440  2.05137181  0.75436597  0.33242111
  395     C   4.0 -0.07607710       0.64573050  0.27820659  2.08543992  0.76018125  0.30651885
  396     C   4.0 -0.09053250       0.64445770  0.27359980  2.10524434  0.75133032  0.31590034
  397     C   4.0 -0.01437039       0.62885571  0.24935164  1.94077927  0.69212599  0.50325779
  398     O   6.0 -0.16543410       1.10848367  0.39613271  3.49669540  1.05976874  0.10435359
  399     N   5.0  0.12724821       0.80129367  0.29192960  2.67750764  0.89217675  0.20984413
  400     C   4.0  0.01914319       0.62391609  0.26422828  1.97318226  0.70456737  0.41496281
  401     C   4.0 -0.00914078       0.62369353  0.23453440  1.85295552  0.63567181  0.66228553
  402     O   6.0 -0.40850534       1.17597795  0.42661417  3.66641819  1.05584371  0.08365132
  403     C   4.0 -0.13185677       0.61344320  0.26049328  2.10777450  0.72562571  0.42452009
  404     C   4.0 -0.17290217       0.62977481  0.28648481  2.15899140  0.83349344  0.26415771
  405     C   4.0 -0.19144846       0.62430894  0.28120223  2.17703974  0.82004723  0.28885032
  406     N   5.0  0.18677462       0.77200752  0.27901611  2.66400582  0.86057499  0.23762094
  407     C   4.0 -0.02404338       0.61657882  0.26074585  2.00152236  0.70572338  0.43947297
  408     C   4.0  0.04149808       0.64129305  0.24531561  1.80097228  0.64604174  0.62487924
  409     O   6.0 -0.34926738       1.17625713  0.42981488  3.60283709  1.06059870  0.07975958
  410     C   4.0 -0.11186329       0.62765062  0.27581435  2.10362738  0.77474694  0.33002400
  411     C   4.0 -0.09565245       0.62973219  0.27219978  2.07652050  0.73662955  0.38057043
  412     C   4.0 -0.19070974       0.63602662  0.28803751  2.15865290  0.83964449  0.26834821
  413     C   4.0 -0.19052034       0.64123130  0.29128978  2.15997660  0.84039156  0.25763110
  414     N   5.0  0.14782952       0.79506707  0.28919435  2.65662110  0.89376190  0.21752607
  415     C   4.0 -0.01469678       0.61600721  0.26171383  1.99833196  0.70513280  0.43351098
  416     C   4.0 -0.00033429       0.62766719  0.23717061  1.83437115  0.64100829  0.66011706
  417     O   6.0 -0.36628714       1.16767406  0.42718127  3.63553667  1.05211815  0.08377698
  418     C   4.0 -0.12418246       0.62804312  0.27664924  2.11246312  0.77076639  0.33626060
  419     C   4.0 -0.11919735       0.62418705  0.27793181  2.11222893  0.77110976  0.33373980
  420     C   4.0 -0.15973261       0.62435329  0.27665406  2.14072996  0.77188322  0.34611207
  421     C   4.0 -0.06731397       0.63478726  0.28199902  2.07765287  0.73468274  0.33819208
  422     N   5.0  0.31965690       0.74869442  0.30614263  2.51018423  0.90854758  0.20677425
  423     N   5.0  0.17339070       0.78784138  0.28658214  2.65638065  0.87659788  0.21920724
  424     C   4.0 -0.01377957       0.62218130  0.26444077  1.98453593  0.71019191  0.43242966
  425     C   4.0  0.01713451       0.63712698  0.24450295  1.81117231  0.64622241  0.64384084
  426     O   6.0 -0.32914253       1.15872943  0.42500216  3.61518776  1.04572648  0.08449670
  427     C   4.0 -0.11301785       0.62186140  0.27420709  2.09589845  0.77634545  0.34470547
  428     C   4.0 -0.05592072       0.63603747  0.25627857  2.04077470  0.72505635  0.39777362
  429     C   4.0 -0.05199200       0.64540994  0.27421162  2.05739778  0.75542189  0.31955077
  430     C   4.0 -0.06922584       0.64561546  0.27547014  2.06807375  0.75672732  0.32333917
  431     C   4.0 -0.03870845       0.64153486  0.27659142  2.04682279  0.75649174  0.31726764
  432     C   4.0 -0.07465778       0.64256269  0.27538425  2.06697965  0.76253021  0.32720099
  433     C   4.0 -0.06595729       0.64201117  0.27445465  2.06297708  0.76147479  0.32503960
  434     N   5.0  0.11387232       0.81066227  0.29711589  2.66687077  0.90896395  0.20251480
  435     C   4.0 -0.00864458       0.62881184  0.26806679  1.98709661  0.71473975  0.40992959
  436     C   4.0 -0.00495549       0.63202113  0.24322437  1.83336872  0.64690669  0.64943459
  437     O   6.0 -0.36754820       1.16485500  0.43926594  3.61607134  1.06649262  0.08086330
  438     C   4.0 -0.07698539       0.63016522  0.27673322  2.00814086  0.72761878  0.43432730
  439     O   6.0 -0.20584600       1.10779440  0.39581132  3.56806356  1.04127809  0.09289863
  440     N   5.0  0.12443016       0.79737300  0.29134268  2.68771106  0.88230941  0.21683370
  441     C   4.0 -0.00642812       0.62498623  0.26395041  2.00063658  0.70268074  0.41417417
  442     C   4.0 -0.08607593       0.61487144  0.23075208  1.88966697  0.62594360  0.72484183
  443     O   6.0 -0.33936828       1.13952494  0.42420536  3.65337110  1.02660784  0.09565904
  444     C   4.0 -0.03844281       0.62297738  0.26509196  1.96605581  0.69268937  0.49162829
  445     O   6.0 -0.19035214       1.10587394  0.38436154  3.58314919  1.01713616  0.09983131
  446     C   4.0 -0.18613965       0.63987255  0.29172254  2.17256528  0.83105409  0.25092519
  447     N   5.0  0.11921927       0.79015398  0.28970292  2.69307005  0.88405168  0.22380209
  448     C   4.0 -0.05869579       0.63143468  0.28111398  2.04285884  0.74809511  0.35519318
  449     C   4.0  0.00240447       0.63129085  0.24471943  1.82908392  0.64687316  0.64562816
  450     O   6.0 -0.34185241       1.16600955  0.43588823  3.59820938  1.06174523  0.08000003
  451     N   5.0  0.08677394       0.78985095  0.29030439  2.71852160  0.88507566  0.22947346
  452     C   4.0 -0.08200571       0.62221843  0.27569246  2.06607383  0.73590118  0.38211981
  453     C   4.0 -0.01252695       0.63590777  0.24230680  1.83784389  0.64630553  0.65016296
  454     O   6.0 -0.39006188       1.17347264  0.44649309  3.61099875  1.07924733  0.07985007
  455     N   5.0  0.10317037       0.80057377  0.29124281  2.68457383  0.89422935  0.22620988
  456     C   4.0 -0.04051682       0.62766260  0.26756033  2.01473713  0.71369736  0.41685940
  457     C   4.0 -0.00314456       0.63829964  0.24631311  1.82727689  0.64911622  0.64213870
  458     O   6.0 -0.39184478       1.17547488  0.44695091  3.60854638  1.08266982  0.07820278
  459     C   4.0 -0.07408316       0.64243567  0.28668082  2.00721604  0.72546716  0.41228348
  460     O   6.0 -0.22970846       1.11205757  0.41258168  3.55390501  1.06086633  0.09029787
  461     N   5.0  0.13882607       0.79766554  0.29223603  2.65974045  0.88851503  0.22301689
  462     C   4.0 -0.02804515       0.61380249  0.25898039  2.01337308  0.70976683  0.43212235
  463     C   4.0  0.01449066       0.62654334  0.24086419  1.81748819  0.64194623  0.65866739
  464     O   6.0 -0.32059708       1.15907085  0.42811620  3.60108352  1.04736319  0.08496332
  465     C   4.0 -0.12106294       0.63701510  0.28471294  2.11427730  0.77539988  0.30965771
  466     C   4.0 -0.01777060       0.64247751  0.24979557  1.83520269  0.65503301  0.63526182
  467     O   6.0 -0.41465711       1.17617917  0.45160681  3.61144876  1.09543222  0.07999015
  468     N   5.0  0.09882647       0.80494565  0.30898210  2.68738949  0.94261715  0.15723914
  469     N   5.0  0.10775697       0.79381275  0.28945529  2.70776016  0.88360709  0.21760774
  470     C   4.0 -0.04881790       0.60923165  0.25926709  2.01319784  0.70765908  0.45946223
  471     C   4.0 -0.02120100       0.62443113  0.23887996  1.84264487  0.63731343  0.67793161
  472     O   6.0 -0.28827162       1.15428126  0.43069902  3.56988311  1.04863149  0.08477675
  473     C   4.0 -0.10473140       0.62236166  0.27602643  2.10621649  0.76726820  0.33285862
  474     C   4.0 -0.15112484       0.62786853  0.27968818  2.13491720  0.77387697  0.33477396
  475     C   4.0 -0.07360427       0.62621009  0.27888334  2.04100209  0.74378651  0.38372223
  476     N   5.0  0.06642301       0.78836066  0.29319316  2.74897850  0.89592168  0.20712300
  477     C   4.0 -0.05324619       0.61082333  0.22987603  1.90930158  0.63643719  0.66680805
  478     N   5.0  0.08701659       0.78715086  0.30194250  2.74640018  0.92720932  0.15028056
  479     N   5.0  0.03218142       0.80243218  0.31486246  2.75497121  0.95367229  0.14188045
  480     N   5.0  0.07110083       0.80949581  0.27615857  2.71051794  0.85518393  0.27754292
  481     C   4.0 -0.01297048       0.62569100  0.26547676  1.99705392  0.70288174  0.42186706
  482     C   4.0  0.02109283       0.64235723  0.24826026  1.80199319  0.65198484  0.63431165
  483     O   6.0 -0.36091057       1.16914773  0.43285683  3.61616397  1.06218505  0.08055700
  484     C   4.0 -0.10890077       0.62406760  0.27573237  2.12930971  0.74788895  0.33190214
  485     C   4.0 -0.15275337       0.62680721  0.27904975  2.15903634  0.75029162  0.33756845
  486     C   4.0 -0.08877764       0.63089961  0.27832928  2.06960708  0.72646894  0.38347274
  487     N   5.0  0.12245252       0.80424213  0.29283348  2.67184967  0.89791325  0.21070895
  488     C   4.0 -0.02924163       0.61973429  0.26238272  2.00660551  0.70905735  0.43146177
  489     C   4.0  0.01476238       0.62459165  0.23714589  1.81955618  0.64357598  0.66036793
  490     O   6.0 -0.30239847       1.16457117  0.41284174  3.58554339  1.04838556  0.09105662
  491     C   4.0 -0.17517561       0.63498932  0.28646269  2.15694606  0.83100253  0.26577500
  492     N   5.0  0.15914701       0.78921318  0.28662694  2.65385896  0.88789588  0.22325803
  493     C   4.0  0.00200747       0.62921280  0.26755199  1.97230577  0.71678557  0.41213641
  494     C   4.0  0.01378005       0.63749784  0.24491628  1.81396502  0.65030734  0.63953347
  495     O   6.0 -0.35925903       1.16724908  0.42272598  3.62914693  1.05426210  0.08587494
  496     C   4.0 -0.08839993       0.62813669  0.26597854  2.06572634  0.73771757  0.39084078
  497     C   4.0 -0.16029886       0.61674672  0.27193433  2.14619100  0.76118535  0.36424145
  498     C   4.0 -0.16168394       0.63434005  0.28882641  2.15155387  0.82950637  0.25745725
  499     C   4.0 -0.21946830       0.62040257  0.27864572  2.19917130  0.81215239  0.30909632
  500     N   5.0  0.15036754       0.80252510  0.29489025  2.64435238  0.90260002  0.20526470
  501     C   4.0  0.02431578       0.63657326  0.27246326  1.94695330  0.72232440  0.39737000
  502     C   4.0  0.03859508       0.64239162  0.24906699  1.79764655  0.65089335  0.62140641
  503     O   6.0 -0.36119156       1.17600250  0.42950338  3.61065364  1.06395197  0.08108006
  504     C   4.0 -0.11347117       0.62018776  0.27621654  2.08114135  0.78113332  0.35479220
  505     C   4.0 -0.15211682       0.63049197  0.25011706  2.14205152  0.71149321  0.41796305
  506     C   4.0 -0.01952588       0.63801122  0.26913732  2.04667616  0.69202818  0.37367300
  507     C   4.0 -0.11414316       0.62852466  0.24634019  2.08611143  0.70529848  0.44786840
  508     N   5.0  0.14654744       0.76875514  0.28606659  2.64488173  0.88312939  0.27061971
  509     C   4.0 -0.06037433       0.62724882  0.24422279  2.03538537  0.68364845  0.46986890
  510     C   4.0 -0.07168377       0.64898747  0.27794337  2.05702710  0.76502159  0.32270423
  511     C   4.0 -0.04613884       0.64618725  0.28057125  2.03854716  0.77060370  0.31022948
  512     C   4.0 -0.09880989       0.65478861  0.28133816  2.06305039  0.78313032  0.31650241
  513     C   4.0 -0.06905261       0.65356332  0.28276566  2.04296243  0.78262714  0.30713407
  514     N   5.0  0.15286294       0.79062408  0.28932354  2.65775174  0.88875550  0.22068220
  515     C   4.0 -0.03245354       0.61340773  0.25748879  2.00402534  0.70613602  0.45139566
  516     C   4.0  0.01477776       0.62962484  0.23930891  1.81920248  0.63913049  0.65795551
  517     O   6.0 -0.30798801       1.15544987  0.41698730  3.60695052  1.03857604  0.09002428
  518     C   4.0 -0.09472553       0.62210029  0.26455712  2.08029348  0.73017225  0.39760239
  519     C   4.0 -0.14010524       0.62894011  0.27795723  2.11947763  0.77701294  0.33671733
  520     C   4.0 -0.15580114       0.63513863  0.28975353  2.13847429  0.84288204  0.24955266
  521     C   4.0 -0.18254824       0.63539487  0.28943160  2.15660900  0.83759692  0.26351584
  522     N   5.0  0.14982414       0.79120749  0.29016602  2.66431761  0.88927785  0.21520690
  523     C   4.0 -0.02336223       0.61310822  0.25839487  1.99366748  0.70953245  0.44865921
  524     C   4.0 -0.00953975       0.62522137  0.23882493  1.82881230  0.64268894  0.67399220
  525     O   6.0 -0.29279264       1.14997327  0.41675279  3.60055661  1.03547895  0.09003102
  526     C   4.0 -0.10596576       0.62220609  0.27441463  2.11271918  0.77196035  0.32466552
  527     C   4.0 -0.10399345       0.62475109  0.23916066  1.81088001  0.65155551  0.77764619
  528     O   6.0 -0.35580871       1.15637100  0.43661731  3.61523807  1.06289089  0.08469144
  529     O   6.0 -0.45237571       1.18030596  0.43482295  3.69524729  1.05990809  0.08209142
  530     N   5.0  0.12259569       0.79678452  0.29007161  2.68852460  0.88973418  0.21228940
  531     C   4.0 -0.00569443       0.61722851  0.26123214  1.99229723  0.70789950  0.42703706
  532     C   4.0 -0.03111406       0.62000793  0.23389712  1.85491312  0.63934609  0.68294980
  533     O   6.0 -0.33047198       1.15708649  0.42156264  3.62440646  1.04047778  0.08693860
  534     C   4.0 -0.09170031       0.62928599  0.27688026  2.09418756  0.77109289  0.32025361
  535     C   4.0 -0.12117082       0.61638987  0.26242626  2.10199153  0.73266836  0.40769480
  536     C   4.0 -0.17927652       0.63091290  0.28586340  2.15916991  0.83610648  0.26722383
  537     C   4.0 -0.17758985       0.62676603  0.28457287  2.15876955  0.83467904  0.27280237
  538     N   5.0  0.15054453       0.79822469  0.29453841  2.65995359  0.89332926  0.20340952
  539     C   4.0 -0.04049363       0.62188864  0.27398434  2.02332717  0.76547162  0.35582185
  540     C   4.0  0.01208532       0.63233727  0.24465765  1.81192946  0.65311691  0.64587338
  541     O   6.0 -0.33873437       1.16423225  0.43624365  3.58723128  1.07071540  0.08031179
  542     N   5.0  0.10175769       0.80892664  0.29700565  2.69471949  0.89888939  0.19870113
  543     C   4.0 -0.01214057       0.62285823  0.26310390  1.97551823  0.71949111  0.43116911
  544     C   4.0 -0.03610290       0.62901676  0.24258299  1.84628409  0.64876346  0.66945560
  545     O   6.0 -0.33355402       1.15274394  0.42974469  3.61430311  1.05037323  0.08638905
  546     C   4.0 -0.08136196       0.62013847  0.26552433  2.07044840  0.73363189  0.39161887
  547     C   4.0 -0.13995841       0.62488395  0.27628535  2.12368578  0.77489834  0.34020500
  548     C   4.0 -0.17696534       0.62833977  0.28702068  2.15975678  0.83664791  0.26520019
  549     C   4.0 -0.17989505       0.63336575  0.28985575  2.15559614  0.84030612  0.26077130
  550     N   5.0  0.14881996       0.79551780  0.29118857  2.66253912  0.88931239  0.21262216
  551     C   4.0  0.03026514       0.63006163  0.26980963  1.95053178  0.71613717  0.40319465
  552     C   4.0  0.02586992       0.64248568  0.24713419  1.80587280  0.64777449  0.63086293
  553     O   6.0 -0.33140281       1.16664219  0.43473774  3.58619237  1.06399211  0.07983840
  554     C   4.0 -0.08064111       0.62054318  0.27688664  2.06238818  0.78741035  0.33341276
  555     C   4.0 -0.06909885       0.64394063  0.25134555  2.00358796  0.70674522  0.46347949
  556     N   5.0 -0.24692141       0.87186736  0.33829015  2.79853290  1.01887614  0.21935486
  557     C   4.0 -0.05568785       0.65491015  0.27782327  2.07789510  0.72638792  0.31867141
  558     C   4.0  0.05339623       0.63563097  0.26720649  1.93798774  0.67261294  0.43316564
  559     N   5.0  0.23699392       0.77108502  0.29122362  2.55078518  0.89200586  0.25790640
  560     N   5.0  0.11146713       0.79953986  0.29105404  2.67989188  0.89881116  0.21923592
  561     C   4.0 -0.04497865       0.61285287  0.25739664  2.02257466  0.71149820  0.44065628
  562     C   4.0 -0.00349323       0.62936383  0.24367382  1.82129908  0.64940763  0.65974888
  563     O   6.0 -0.29863608       1.15263569  0.43013242  3.57929456  1.05347252  0.08310089
  564     C   4.0 -0.02103102       0.62809646  0.27819559  1.97783619  0.72806212  0.40884066
  565     O   6.0 -0.19937851       1.10525095  0.39531910  3.56309855  1.04695898  0.08875092
  566     N   5.0  0.09751399       0.80752259  0.29684237  2.69864833  0.89941859  0.20005412
  567     C   4.0 -0.01596281       0.61843473  0.26262683  1.98188400  0.71930087  0.43371639
  568     C   4.0 -0.00347792       0.63052487  0.24323365  1.82808745  0.64767529  0.65395666
  569     O   6.0 -0.31205040       1.16190672  0.42579821  3.59933925  1.04009187  0.08491436
  570     C   4.0 -0.11538083       0.62400621  0.27454922  2.10656607  0.77554849  0.33471084
  571     C   4.0 -0.10290298       0.62512356  0.27865058  2.10972220  0.76824751  0.32115912
  572     C   4.0 -0.09209651       0.62292022  0.27305511  2.05600774  0.74112450  0.39898895
  573     N   5.0  0.09896969       0.78428066  0.29291838  2.72493947  0.89540383  0.20348797
  574     C   4.0 -0.00384542       0.61892945  0.23522282  1.87401509  0.64495032  0.63072775
  575     N   5.0  0.03251549       0.80160415  0.31144050  2.76069105  0.95434582  0.13940299
  576     N   5.0  0.08404909       0.79034442  0.30914900  2.73534691  0.93678483  0.14432575
  577     N   5.0  0.13069119       0.80826259  0.29665357  2.66390640  0.89801216  0.20247410
  578     C   4.0  0.01563194       0.63379025  0.27108186  1.95848393  0.72286056  0.39815144
  579     C   4.0  0.00971219       0.62539840  0.23892502  1.82268411  0.63456631  0.66871398
  580     O   6.0 -0.25371326       1.14865553  0.40860203  3.58555377  1.01853231  0.09236962
  581     C   4.0 -0.08432176       0.63175583  0.28342876  2.07601297  0.78915381  0.30397039
  582     C   4.0 -0.08481321       0.62820035  0.27817276  2.08642632  0.79390338  0.29811040
  583     C   4.0 -0.00598302       0.61319673  0.24270730  1.74016577  0.67335398  0.73655924
  584     O   6.0 -0.44554057       1.19338012  0.43498686  3.63148212  1.11294118  0.07275029
  585     O   6.0 -0.29800514       1.15039909  0.41744977  3.56851196  1.07317641  0.08846790
  586     N   5.0  0.09029361       0.79360920  0.28673035  2.71962869  0.88341063  0.22632752
  587     C   4.0 -0.03292474       0.61186898  0.25851217  2.01024574  0.70696700  0.44533086
  588     C   4.0 -0.02207553       0.62208211  0.23926005  1.84253132  0.64580974  0.67239231
  589     O   6.0 -0.31495692       1.15642107  0.42988330  3.59039390  1.05562681  0.08263184
  590     C   4.0 -0.08773378       0.62494409  0.27947363  2.06342715  0.77904819  0.34084071
  591     C   4.0 -0.12522610       0.64363849  0.25882736  2.10560578  0.73156549  0.38558898
  592     C   4.0 -0.02111129       0.64974391  0.27472094  2.02178180  0.71505202  0.35981262
  593     C   4.0 -0.09869952       0.63677651  0.25391811  2.05824780  0.72292469  0.42683240
  594     N   5.0  0.14389682       0.79348487  0.29788816  2.62389374  0.91018420  0.23065221
  595     C   4.0 -0.04250225       0.63867086  0.25269863  2.00110728  0.69793379  0.45209169
  596     C   4.0 -0.06657670       0.65058774  0.28126836  2.04936814  0.76583275  0.31951971
  597     C   4.0 -0.07450998       0.64616942  0.28068131  2.05826712  0.76759604  0.32179609
  598     C   4.0 -0.12691049       0.65427011  0.28200182  2.08860517  0.77791333  0.32412006
  599     C   4.0 -0.12119707       0.64772356  0.27949446  2.08909261  0.77231020  0.33257624
  600     N   5.0  0.11070123       0.79754925  0.29096034  2.70199776  0.88282976  0.21596167
  601     C   4.0 -0.01734260       0.62246406  0.26292145  1.98530746  0.71266679  0.43398283
  602     C   4.0 -0.00592322       0.62672579  0.23999459  1.83175713  0.64410965  0.66333606
  603     O   6.0 -0.30501931       1.16084135  0.41700521  3.60621083  1.03416386  0.08679806
  604     C   4.0 -0.08479615       0.62781239  0.26941589  2.05969059  0.74066374  0.38721355
  605     C   4.0 -0.13823801       0.63080347  0.27890411  2.11609763  0.78309472  0.32933808
  606     C   4.0 -0.16886607       0.63449752  0.29116368  2.14589316  0.84601361  0.25129810
  607     C   4.0 -0.18326423       0.63763577  0.29067492  2.15470004  0.84517005  0.25508344
  608     N   5.0  0.13304084       0.79993069  0.29269144  2.67865980  0.88832954  0.20734770
  609     C   4.0  0.01797142       0.63278061  0.27015758  1.95533812  0.72716214  0.39659013
  610     C   4.0  0.00928666       0.63204372  0.24514790  1.82129902  0.64794683  0.64427587
  611     O   6.0 -0.32644028       1.16228890  0.42182881  3.61589682  1.04146478  0.08496098
  612     C   4.0 -0.01445620       0.62619209  0.26634765  1.93609273  0.70838064  0.47744309
  613     O   6.0 -0.16757476       1.10003495  0.38725430  3.54437733  1.03796834  0.09793985
  614     C   4.0 -0.15963594       0.63576448  0.29016131  2.14604938  0.84629512  0.24136565
  615     N   5.0  0.11589048       0.80518872  0.29454631  2.68560112  0.89198565  0.20678773
  616     C   4.0  0.01064562       0.62670135  0.26781332  1.96892393  0.71850863  0.40740715
  617     C   4.0 -0.02139392       0.62280601  0.23858513  1.83787781  0.64311393  0.67901104
  618     O   6.0 -0.28895798       1.14974248  0.42224443  3.58799124  1.04164192  0.08733790
  619     C   4.0 -0.08871815       0.63543981  0.28468683  2.07434100  0.78763515  0.30661535
  620     C   4.0 -0.09860651       0.63461763  0.28273255  2.08964401  0.79593091  0.29568142
  621     C   4.0 -0.00871831       0.63528365  0.24750990  1.82578504  0.65519586  0.64494386
  622     O   6.0 -0.34504826       1.15950108  0.42874700  3.62075603  1.05004275  0.08600141
  623     N   5.0  0.09871814       0.79966962  0.30840299  2.69337541  0.94813001  0.15170383
  624     N   5.0  0.09226593       0.79685581  0.28938341  2.71448135  0.88574404  0.22126946
  625     C   4.0 -0.04123523       0.61962992  0.26486173  2.00866431  0.71107513  0.43700414
  626     C   4.0 -0.03812132       0.62587303  0.23894377  1.85060102  0.64200018  0.68070332
  627     O   6.0 -0.30567130       1.14834905  0.42829320  3.59161603  1.04973844  0.08767458
  628     C   4.0 -0.15712757       0.63982213  0.29324892  2.13560891  0.84065315  0.24779446
  629     N   5.0  0.10490353       0.79519492  0.28892305  2.70640540  0.88239875  0.22217433
  630     C   4.0 -0.01519868       0.62716818  0.26535472  1.99113667  0.71004382  0.42149529
  631     C   4.0 -0.00897966       0.63048524  0.24347194  1.83036262  0.64699526  0.65766461
  632     O   6.0 -0.31709507       1.16232347  0.42319784  3.59342527  1.05190811  0.08624038
  633     C   4.0 -0.01974255       0.62049347  0.26239952  1.95929956  0.69047458  0.48707540
  634     O   6.0 -0.19426065       1.11063492  0.38865149  3.55563736  1.04344329  0.09589359
  635     C   4.0 -0.17464855       0.63068962  0.28671187  2.16183686  0.83827996  0.25713024
  636     N   5.0  0.14176324       0.78947330  0.28994632  2.67927754  0.88359091  0.21594870
  637     C   4.0 -0.02209221       0.61609060  0.27254441  2.02772444  0.74821706  0.35751569
  638     C   4.0 -0.02344120       0.62370640  0.23789543  1.85313892  0.64615308  0.66254737
  639     O   6.0 -0.36910851       1.16720653  0.43266273  3.62933695  1.06000391  0.07989840
  640     N   5.0  0.13766566       0.79609573  0.28933379  2.68418312  0.88001338  0.21270832
  641     C   4.0  0.00574772       0.61915207  0.26051372  1.97910833  0.70749351  0.42798464
  642     C   4.0 -0.04129856       0.61864907  0.23652400  1.85466748  0.64228515  0.68917286
  643     O   6.0 -0.31790600       1.14914465  0.42545956  3.61345255  1.04381338  0.08603586
  644     C   4.0 -0.09495836       0.61708629  0.26454496  2.09025621  0.72453654  0.39853435
  645     C   4.0 -0.17314284       0.63528752  0.28923246  2.15561604  0.82915589  0.26385092
  646     C   4.0 -0.19895766       0.62997282  0.28412837  2.17085099  0.82718913  0.28681635
  647     N   5.0  0.11497120       0.78763688  0.28511956  2.70527613  0.87885067  0.22814556
  648     C   4.0 -0.02567052       0.62031144  0.26374963  1.99217838  0.71096900  0.43846207
  649     C   4.0  0.00188354       0.63453931  0.24511430  1.82337171  0.64469667  0.65039448
  650     O   6.0 -0.32211762       1.15701878  0.42248765  3.60655653  1.04791686  0.08813780
  651     C   4.0 -0.09412190       0.62072164  0.27772248  2.06675333  0.78579202  0.34313244
  652     C   4.0 -0.09064190       0.64489454  0.26131800  2.08162004  0.72773428  0.37507504
  653     C   4.0 -0.04256036       0.65517813  0.27607116  2.04067808  0.71253434  0.35809865
  654     C   4.0 -0.08762347       0.63077724  0.24905917  2.06775147  0.70769341  0.43234218
  655     N   5.0  0.08804435       0.78656793  0.29268274  2.66775125  0.89681062  0.26814311
  656     C   4.0 -0.08713333       0.62707984  0.24234033  2.05221587  0.67591958  0.48957771
  657     C   4.0 -0.04479307       0.63566333  0.27254516  2.05749822  0.74467643  0.33440994
  658     C   4.0 -0.09700092       0.64225829  0.27528358  2.09259230  0.75368515  0.33318161
  659     C   4.0 -0.08639178       0.63902253  0.27205366  2.08859396  0.75733322  0.32938841
  660     C   4.0 -0.09943379       0.63745314  0.27137032  2.08971584  0.75364581  0.34724869
  661     N   5.0  0.12342946       0.79706597  0.29114103  2.69049340  0.88656840  0.21130173
  662     C   4.0  0.00266232       0.61829054  0.26376513  1.98332977  0.70612985  0.42582239
  663     C   4.0 -0.01537063       0.62544775  0.23943527  1.83924538  0.64100176  0.67024047
  664     O   6.0 -0.32314215       1.15472507  0.41898891  3.62033772  1.03969958  0.08939085
  665     C   4.0 -0.09565459       0.61477476  0.27066126  2.09217685  0.77011663  0.34792508
  666     C   4.0 -0.04632502       0.63637125  0.25608063  2.02988589  0.72495659  0.39903066
  667     C   4.0 -0.07254944       0.64757216  0.27499485  2.06399971  0.76323718  0.32274554
  668     C   4.0 -0.05081983       0.65027130  0.27524725  2.04902017  0.75947201  0.31680910
  669     C   4.0 -0.06088734       0.64889675  0.27915224  2.04916674  0.76833306  0.31533854
  670     C   4.0 -0.06433231       0.64967936  0.27675620  2.04778785  0.77058969  0.31951921
  671     C   4.0 -0.06175873       0.64713210  0.27814701  2.05191916  0.76645376  0.31810670
  672     N   5.0  0.11745557       0.79702270  0.28971082  2.69583791  0.88423854  0.21573446
  673     C   4.0 -0.00635473       0.61971027  0.26468077  1.98578942  0.71481302  0.42136125
  674     C   4.0 -0.02900539       0.62314594  0.23832181  1.84971297  0.64349289  0.67433178
  675     O   6.0 -0.32751907       1.15562177  0.43159530  3.59970677  1.05782047  0.08277477
  676     C   4.0 -0.14565292       0.63537329  0.28938895  2.13233083  0.83936739  0.24919245
  677     N   5.0  0.12332901       0.78518385  0.28361040  2.70373058  0.87450305  0.22964311
  678     C   4.0 -0.02543463       0.61246306  0.26069838  1.99815643  0.70960337  0.44451340
  679     C   4.0  0.03066944       0.63195848  0.24323472  1.82263517  0.63884428  0.63265790
  680     O   6.0 -0.34543047       1.17428660  0.42472240  3.61593604  1.04835537  0.08213005
  681     C   4.0 -0.11206051       0.62368006  0.27598587  2.10568303  0.77347259  0.33323897
  682     C   4.0 -0.13238890       0.62808686  0.28135362  2.11102241  0.77918731  0.33273869
  683     C   4.0 -0.13805460       0.63340777  0.28242153  2.11607492  0.78542908  0.32072131
  684     C   4.0 -0.05427390       0.64517933  0.28693098  2.05816025  0.74640746  0.31759588
  685     N   5.0  0.35100177       0.74795461  0.29856589  2.50196660  0.90024552  0.20026562
  686     N   5.0  0.13677856       0.78536099  0.28336930  2.69088572  0.87345570  0.23014972
  687     C   4.0 -0.04280861       0.61139178  0.25917426  2.01174182  0.70845313  0.45204762
  688     C   4.0  0.04580428       0.63853914  0.24835025  1.80361193  0.65059851  0.61309589
  689     O   6.0 -0.38809954       1.18730855  0.43238011  3.61759806  1.07310101  0.07771181
  690     C   4.0 -0.11715730       0.61988258  0.27377781  2.11640221  0.76679066  0.34030404
  691     C   4.0 -0.12805665       0.61851209  0.27343759  2.12591660  0.76722202  0.34296835
  692     C   4.0 -0.15199187       0.62070465  0.27457598  2.14630753  0.76419158  0.34621213
  693     C   4.0 -0.08381969       0.62576288  0.27494031  2.09550178  0.73190969  0.35570503
  694     N   5.0  0.31707349       0.74164277  0.30070099  2.51991409  0.90280694  0.21786171
  695     N   5.0  0.16743070       0.79291147  0.29063132  2.65341580  0.88271663  0.21289408
  696     C   4.0 -0.00499158       0.61746842  0.26320666  1.98971826  0.71247131  0.42212694
  697     C   4.0 -0.03688741       0.62004513  0.23634678  1.85570729  0.64194681  0.68284141
  698     O   6.0 -0.34082601       1.15468061  0.42955840  3.61983061  1.05186433  0.08489207
  699     C   4.0 -0.08620693       0.62582529  0.27787799  2.06962770  0.78543778  0.32743818
  700     C   4.0 -0.04944104       0.63574827  0.25802392  2.03209609  0.72779649  0.39577628
  701     C   4.0 -0.08778895       0.64530861  0.27223223  2.07821202  0.75920583  0.33283025
  702     C   4.0 -0.05484226       0.64589721  0.27452776  2.05433416  0.75743520  0.32264792
  703     C   4.0 -0.05456967       0.64526993  0.27578339  2.05584526  0.75654386  0.32112722
  704     C   4.0 -0.05155135       0.64595008  0.27565175  2.04714155  0.76455893  0.31824904
  705     C   4.0 -0.05621786       0.64567399  0.27611914  2.05315948  0.76044911  0.32081614
  706     N   5.0  0.12167362       0.79164124  0.28819996  2.70275915  0.87635127  0.21937476
  707     C   4.0 -0.01555451       0.61764741  0.26070595  2.00189900  0.70919414  0.42610801
  708     C   4.0 -0.02555208       0.62239659  0.23707569  1.85033911  0.63724869  0.67849199
  709     O   6.0 -0.35453078       1.15782762  0.43404248  3.62233722  1.05517593  0.08514753
  710     C   4.0 -0.02573112       0.62153220  0.26287478  1.95635796  0.69579491  0.48917127
  711     O   6.0 -0.21206523       1.10944033  0.39008370  3.57569242  1.04215047  0.09469832
  712     C   4.0 -0.18466459       0.63521343  0.28736559  2.17119801  0.83411267  0.25677489
  713     N   5.0  0.12171729       0.78516591  0.28439176  2.70922697  0.87142563  0.22807245
  714     C   4.0 -0.05516022       0.60649383  0.25675839  2.02852231  0.70028694  0.46309875
  715     C   4.0 -0.04964074       0.61669016  0.23298019  1.87284738  0.63147436  0.69564866
  716     O   6.0 -0.35523302       1.15379310  0.43381968  3.62235725  1.05789095  0.08737204
  717     C   4.0 -0.13510275       0.63127583  0.27982935  2.12123287  0.77194265  0.33082205
  718     C   4.0 -0.14644539       0.63900828  0.28540096  2.12863922  0.78542204  0.30797489
  719     C   4.0 -0.08669406       0.63701260  0.24535973  1.79493624  0.65286717  0.75651832
  720     O   6.0 -0.55633764       1.20125508  0.46179509  3.70658755  1.11713299  0.06956692
  721     O   6.0 -0.34009026       1.14745367  0.43505934  3.61077750  1.05540767  0.09139209
  722     N   5.0  0.12987471       0.77976853  0.28139877  2.70688051  0.86225137  0.23982611
  723     C   4.0 -0.06429707       0.60770655  0.25418100  2.03948474  0.69776444  0.46516034
  724     C   4.0 -0.00858342       0.62141806  0.23582754  1.84155709  0.63717096  0.67260978
  725     O   6.0 -0.32320128       1.16393399  0.42136109  3.60991406  1.04165298  0.08633916
  726     C   4.0 -0.10020609       0.63139045  0.27764517  2.11079895  0.77171022  0.30866130
  727     C   4.0 -0.10906126       0.62431443  0.23834190  1.81388086  0.64728115  0.78524292
  728     O   6.0 -0.35542088       1.14536119  0.43228543  3.63607049  1.04989108  0.09181270
  729     O   6.0 -0.48657728       1.17949116  0.44094288  3.71480525  1.07168767  0.07965032
  730     N   5.0  0.15483668       0.79852307  0.29090071  2.65382242  0.88863987  0.21327726
  731     C   4.0 -0.02517530       0.61974472  0.26129141  1.99907774  0.71054432  0.43451711
  732     C   4.0 -0.04897327       0.62179095  0.23755969  1.86406362  0.63581344  0.68974557
  733     O   6.0 -0.32897375       1.14851415  0.43124732  3.61407602  1.04626513  0.08887113
  734     C   4.0 -0.10405273       0.62091368  0.27596390  2.09017330  0.77518141  0.34182043
  735     C   4.0 -0.07111502       0.63476777  0.25675964  2.05647802  0.72765580  0.39545378
  736     C   4.0 -0.04529859       0.64470863  0.27476192  2.04784608  0.75360271  0.32437925
  737     C   4.0 -0.07191869       0.64946568  0.27678576  2.05809134  0.75536032  0.33221558
  738     C   4.0 -0.06624942       0.64678037  0.27799305  2.08223462  0.75991796  0.29932341
  739     C   4.0 -0.09755461       0.65388519  0.27891305  2.09663534  0.76087400  0.30724703
  740     C   4.0 -0.00609195       0.63233989  0.24996062  1.92490011  0.69274300  0.50614832
  741     O   6.0 -0.14829390       1.10167658  0.39103749  3.49967140  1.04798383  0.10792460
  742     N   5.0  0.11001727       0.78403294  0.28675810  2.71689039  0.87219137  0.23010993
  743     C   4.0 -0.07193346       0.62218773  0.27531713  2.06378037  0.73153839  0.37910984
  744     C   4.0 -0.05118353       0.62072045  0.23360369  1.87410742  0.63075411  0.69199786
  745     O   6.0 -0.36908865       1.15602827  0.43391201  3.64284527  1.04730511  0.08899799
  746     N   5.0  0.12762129       0.78955430  0.28565115  2.69849062  0.87305126  0.22563138
  747     C   4.0 -0.03912884       0.61681110  0.26042739  2.01934463  0.70356208  0.43898365
  748     C   4.0 -0.06151610       0.61534089  0.23162265  1.87110370  0.63279849  0.71065036
  749     O   6.0 -0.31674158       1.14415824  0.42961764  3.61229277  1.03996822  0.09070471
  750     C   4.0 -0.11376826       0.63781661  0.28576466  2.10272670  0.77006149  0.31739880
  751     C   4.0 -0.12583840       0.63746428  0.28615418  2.11472279  0.78498195  0.30251519
  752     C   4.0 -0.02486379       0.64208877  0.24936432  1.83199179  0.65431212  0.64710679
  753     O   6.0 -0.40460296       1.17282498  0.45081395  3.60879278  1.09043500  0.08173625
  754     N   5.0  0.05739107       0.81155032  0.31498367  2.71318102  0.94593906  0.15695486
  755     N   5.0  0.13364185       0.78921449  0.28524977  2.68374634  0.87723991  0.23090764
  756     C   4.0 -0.02731698       0.61590320  0.26006952  2.00718683  0.69707337  0.44708406
  757     C   4.0 -0.00907721       0.61165017  0.22791351  1.85960108  0.61463694  0.69527551
  758     O   6.0 -0.25856369       1.16032243  0.40166351  3.59196401  1.00989664  0.09471711
  759     C   4.0 -0.10190738       0.63144147  0.28039172  2.11653048  0.76650320  0.30704050
  760     C   4.0 -0.11175186       0.62187421  0.23715425  1.81708580  0.64603640  0.78960120
  761     O   6.0 -0.37227988       1.15099788  0.43580586  3.63793123  1.05734032  0.09020459
  762     O   6.0 -0.47586353       1.18126965  0.44110259  3.70556116  1.06872487  0.07920526
  763     N   5.0  0.10334910       0.79854125  0.26895529  2.69924545  0.84015498  0.28975393
  764     C   4.0 -0.03883660       0.61981034  0.26198745  2.02161396  0.69865130  0.43677356
  765     C   4.0  0.00580604       0.63023812  0.24309200  1.82625741  0.64933953  0.64526691
  766     O   6.0 -0.34429215       1.17142141  0.43720248  3.58741570  1.06925133  0.07900124
  767     C   4.0 -0.13398327       0.63384056  0.28512350  2.13552618  0.75324433  0.32624871
  768     C   4.0 -0.16552963       0.63201523  0.28368470  2.16342431  0.75272641  0.33367899
  769     C   4.0 -0.08212503       0.63398010  0.28329125  2.06389552  0.72946838  0.37148979
  770     N   5.0  0.12972113       0.80402917  0.29536587  2.66845042  0.89230478  0.21012864
  771     C   4.0 -0.04105610       0.62115443  0.26495162  2.01234955  0.71383218  0.42876833
  772     C   4.0 -0.01747227       0.62643731  0.24087818  1.83885306  0.64562710  0.66567662
  773     O   6.0 -0.30904285       1.15751374  0.42921683  3.58776248  1.05169913  0.08285068
  774     C   4.0 -0.06787511       0.63181847  0.28208217  2.00876051  0.71395886  0.43125509
  775     O   6.0 -0.20561551       1.10351038  0.39701852  3.57086420  1.04150730  0.09271511
  776     N   5.0  0.11299886       0.78818840  0.28499871  2.70234990  0.87739536  0.23406876
  777     C   4.0 -0.03341229       0.61679500  0.26099786  1.99914616  0.70959808  0.44687518
  778     C   4.0  0.00963148       0.63474518  0.24574430  1.81973475  0.64373939  0.64640490
  779     O   6.0 -0.30847154       1.16200447  0.42717031  3.58366704  1.05300191  0.08262781
  780     C   4.0 -0.09701899       0.62157470  0.27589417  2.08646435  0.77386029  0.33922549
  781     C   4.0 -0.05349822       0.63303798  0.25590977  2.04004931  0.72390608  0.40059507
  782     C   4.0 -0.06561450       0.64568537  0.27345636  2.06652242  0.75472480  0.32522554
  783     C   4.0 -0.07752737       0.64872110  0.27425635  2.06685692  0.76043320  0.32725981
  784     C   4.0 -0.05050969       0.64729083  0.27706879  2.04739821  0.76356785  0.31518401
  785     C   4.0 -0.07126266       0.64663452  0.27646047  2.06123829  0.76587170  0.32105768
  786     C   4.0 -0.05281647       0.64697236  0.27727738  2.04928285  0.76325561  0.31602827
  787     N   5.0  0.10343023       0.79798764  0.28998944  2.70387310  0.88631150  0.21840809
  788     C   4.0 -0.02526368       0.62073493  0.26254454  2.00280499  0.70947672  0.42970249
  789     C   4.0 -0.00311036       0.62952739  0.24324429  1.82357854  0.64898144  0.65777871
  790     O   6.0 -0.31332915       1.16039848  0.42973542  3.58489537  1.05600643  0.08229344
  791     C   4.0 -0.01608820       0.62815648  0.26811174  1.95080793  0.69631723  0.47269482
  792     O   6.0 -0.19314586       1.11727691  0.38928807  3.56400645  1.03300399  0.08957045
  793     C   4.0 -0.19143551       0.64278531  0.29623038  2.17064315  0.83430123  0.24747544
  794     N   5.0  0.09934469       0.80472779  0.29399514  2.70105952  0.89110619  0.20976666
  795     C   4.0 -0.05943833       0.61648619  0.26342624  2.02023405  0.71098231  0.44830953
  796     C   4.0 -0.02899801       0.62469089  0.23888476  1.84776771  0.64248483  0.67516982
  797     O   6.0 -0.31227213       1.15194488  0.43282261  3.58436561  1.05803117  0.08510786
  798     C   4.0 -0.19778368       0.63935548  0.29527807  2.17029929  0.82574344  0.26710740
  799     N   5.0  0.10776448       0.79250264  0.28644273  2.70673960  0.87887681  0.22767375
  800     C   4.0 -0.04251986       0.61222351  0.25684780  2.01561344  0.70331411  0.45452101
  801     C   4.0 -0.05856660       0.61086529  0.23207256  1.87362236  0.63517776  0.70682862
  802     O   6.0 -0.29619407       1.14436984  0.41412956  3.62588990  1.02066627  0.09113851
  803     C   4.0 -0.08311838       0.62488514  0.26765966  2.07122350  0.73139234  0.38795774
  804     C   4.0 -0.15507951       0.63064504  0.27833238  2.13127291  0.77771080  0.33711838
  805     C   4.0 -0.18165948       0.63673806  0.28986797  2.15804386  0.83434305  0.26266654
  806     C   4.0 -0.18811644       0.63390559  0.28908241  2.16465443  0.83499959  0.26547441
  807     N   5.0  0.13262124       0.78450269  0.28531769  2.70258522  0.86866367  0.22630950
  808     C   4.0 -0.00953025       0.61605179  0.26246881  1.98761439  0.71035671  0.43303853
  809     C   4.0  0.03447794       0.63945705  0.24826457  1.80099517  0.64600246  0.63080282
  810     O   6.0 -0.31237036       1.16903079  0.42872855  3.57238078  1.06004921  0.08218103
  811     C   4.0 -0.13386882       0.62519217  0.27267179  2.12162030  0.77052303  0.34386155
  812     C   4.0 -0.11691449       0.61965638  0.26683035  2.09276140  0.73346256  0.40420379
  813     C   4.0 -0.18358572       0.63405216  0.28795466  2.16727442  0.82882345  0.26548104
  814     C   4.0 -0.18065806       0.63778597  0.28912973  2.15841830  0.83481708  0.26050697
  815     N   5.0  0.09398442       0.80874515  0.29560313  2.70162714  0.89290845  0.20713172
  816     C   4.0 -0.02625710       0.62411511  0.26497507  1.99820101  0.70807843  0.43088748
  817     C   4.0 -0.07231897       0.61935145  0.23413719  1.87326920  0.63926263  0.70629850
  818     O   6.0 -0.34014899       1.14413905  0.42687339  3.64103401  1.03565642  0.09244613
  819     C   4.0 -0.10192807       0.63966668  0.28519222  2.10006434  0.77972956  0.29727527
  820     C   4.0 -0.03572740       0.63883930  0.24533728  1.76724142  0.65386398  0.73044541
  821     O   6.0 -0.36431146       1.17744100  0.42942256  3.61518574  1.05870572  0.08355645
  822     O   6.0 -0.49189451       1.18574524  0.45177820  3.67979693  1.09749189  0.07708224
  823     N   5.0  0.11977183       0.79861307  0.29353517  2.69192874  0.88571474  0.21043644
  824     C   4.0 -0.01079359       0.62944871  0.26835263  1.99252588  0.70882548  0.41164089
  825     C   4.0 -0.04356600       0.62078553  0.23773485  1.85712641  0.63941120  0.68850800
  826     O   6.0 -0.35171419       1.15087163  0.42796993  3.63916564  1.04555497  0.08815202
  827     C   4.0 -0.07333817       0.63453919  0.27981740  2.00686651  0.72009052  0.43202454
  828     O   6.0 -0.22453018       1.10759568  0.40317580  3.56523567  1.04971343  0.09880959
  829     N   5.0  0.12670134       0.79661900  0.28929058  2.68390799  0.88485643  0.21862467
  830     C   4.0 -0.01169240       0.62223190  0.26406801  1.98926502  0.71468259  0.42144488
  831     C   4.0  0.02449967       0.63926798  0.24634776  1.80368805  0.65241498  0.63378157
  832     O   6.0 -0.35115737       1.16374445  0.43700927  3.60075891  1.06798050  0.08166424
  833     C   4.0 -0.15178304       0.62779284  0.27495950  2.11888373  0.77898888  0.35115809
  834     C   4.0 -0.25935458       0.65553099  0.29869393  2.05206364  0.87106857  0.38199746
  835     S   6.0  0.29349831       1.08082473  0.41921240  3.10645384  0.90335548  0.19665524
  836     C   4.0 -0.29930712       0.66082770  0.31066385  2.09424537  0.92641428  0.30715592
  837     N   5.0  0.12262617       0.80416578  0.29557171  2.67314774  0.90083209  0.20365651
  838     C   4.0 -0.02960006       0.62166572  0.26442558  1.99760133  0.71347819  0.43242925
  839     C   4.0 -0.01596470       0.62895250  0.23894207  1.83827424  0.64345101  0.66634488
  840     O   6.0 -0.34051064       1.15988171  0.42544681  3.62481034  1.04451820  0.08585358
  841     C   4.0 -0.10715571       0.63346595  0.27905411  2.10728657  0.78144106  0.30590802
  842     C   4.0 -0.11450424       0.62242919  0.23899063  1.81390369  0.64963248  0.78954824
  843     O   6.0 -0.32209598       1.14784384  0.42295679  3.62707198  1.03250793  0.09171544
  844     O   6.0 -0.48901526       1.17542005  0.44446853  3.70419395  1.08365995  0.08127279
  845     N   5.0  0.13740192       0.79463720  0.28957194  2.67693633  0.88542131  0.21603130
  846     C   4.0 -0.02083003       0.61755723  0.25802931  1.99636096  0.70536208  0.44352045
  847     C   4.0  0.02710428       0.63359535  0.24102211  1.81387967  0.64639641  0.63800218
  848     O   6.0 -0.35769050       1.17770171  0.42162377  3.61453545  1.05912060  0.08470897
  849     C   4.0 -0.10660149       0.61830735  0.26221916  2.09062248  0.72655970  0.40889279
  850     C   4.0 -0.14243379       0.62772107  0.27736455  2.12404609  0.77346335  0.33983873
  851     C   4.0 -0.16736191       0.63120592  0.28551942  2.15393579  0.83091521  0.26578557
  852     C   4.0 -0.19108157       0.63383657  0.28915727  2.16378909  0.83991352  0.26438512
  853     N   5.0  0.18133317       0.79387212  0.29101756  2.63939112  0.88418925  0.21019678
  854     C   4.0  0.00789615       0.62917572  0.26708609  1.97027785  0.71265621  0.41290798
  855     C   4.0 -0.02512687       0.62705779  0.23782654  1.84517461  0.64249599  0.67257194
  856     O   6.0 -0.33837104       1.15795827  0.42420477  3.62214208  1.04672134  0.08734459
  857     C   4.0 -0.09248856       0.62259442  0.27594155  2.08231765  0.77930635  0.33232859
  858     C   4.0 -0.03347797       0.64020264  0.25894579  2.01965314  0.72652183  0.38815456
  859     C   4.0 -0.04963220       0.64825606  0.27607787  2.05149627  0.75933124  0.31447076
  860     C   4.0 -0.05558715       0.64867598  0.27710515  2.05204308  0.76181184  0.31595110
  861     C   4.0 -0.06570256       0.64945304  0.27884144  2.05040157  0.77026421  0.31674230
  862     C   4.0 -0.08102013       0.64752799  0.27983698  2.06679440  0.76557426  0.32128650
  863     C   4.0 -0.09545434       0.65039575  0.27939281  2.07341409  0.76997079  0.32228090
  864     N   5.0  0.15619040       0.79143316  0.28746080  2.65866053  0.88578787  0.22046723
  865     C   4.0  0.00300021       0.62145543  0.26458398  1.98238111  0.70894928  0.41962999
  866     C   4.0  0.01592352       0.63240725  0.24180526  1.81746584  0.64726447  0.64513367
  867     O   6.0 -0.34936332       1.16928959  0.42351294  3.61652017  1.05422312  0.08581751
  868     C   4.0 -0.13660830       0.62866455  0.27437282  2.11411333  0.77804479  0.34141281
  869     C   4.0 -0.09541481       0.62627852  0.27061817  2.07476920  0.73863254  0.38511638
  870     C   4.0 -0.17656660       0.63344067  0.28778598  2.15583223  0.83841744  0.26109028
  871     C   4.0 -0.17854844       0.63590491  0.28915372  2.15069753  0.84636042  0.25643186
  872     N   5.0  0.17729611       0.80068427  0.29338443  2.62557262  0.89656553  0.20649704
  873     C   4.0 -0.01121664       0.62490344  0.26510194  1.98195380  0.71635929  0.42289817
  874     C   4.0  0.02117117       0.63780177  0.24490643  1.81326151  0.64568105  0.63717807
  875     O   6.0 -0.32701680       1.16209447  0.42792377  3.59776735  1.05645210  0.08277911
  876     C   4.0 -0.11216488       0.62418818  0.27737626  2.11066127  0.77188779  0.32805137
  877     C   4.0 -0.07971986       0.62252665  0.27590269  2.09582061  0.77738295  0.30808697
  878     C   4.0  0.01990752       0.61355418  0.23118034  1.79597545  0.62939142  0.70999110
  879     O   6.0 -0.45441916       1.18031979  0.44390434  3.68189895  1.07541439  0.07288169
  880     O   6.0  0.08903299       1.08619797  0.37193355  3.31545043  1.01181588  0.12556919
  881     N   5.0  0.10880735       0.79976904  0.29121387  2.68686819  0.89549908  0.21784246
  882     C   4.0 -0.03104469       0.61841559  0.25956610  1.99829894  0.71181940  0.44294466
  883     C   4.0 -0.02426790       0.62765574  0.24065568  1.83562970  0.65148555  0.66884124
  884     O   6.0 -0.30606488       1.15432787  0.43208566  3.58570898  1.05172539  0.08221699
  885     C   4.0 -0.06519468       0.63217044  0.27137038  2.05103427  0.73732087  0.37329872
  886     C   4.0 -0.13515640       0.62919497  0.27883187  2.11625481  0.77828287  0.33259188
  887     C   4.0 -0.16567100       0.63558358  0.28904164  2.14466584  0.84268203  0.25369791
  888     C   4.0 -0.19283601       0.63551861  0.28923896  2.16049081  0.83929187  0.26829575
  889     N   5.0  0.13024572       0.79745448  0.29149607  2.67148185  0.89205921  0.21726268
  890     C   4.0 -0.02070128       0.61876851  0.26080543  2.00019449  0.70538554  0.43554731
  891     C   4.0 -0.02993528       0.61994094  0.23399815  1.86144209  0.63353263  0.68102147
  892     O   6.0 -0.33467091       1.15265167  0.42979446  3.61594141  1.05002415  0.08625922
  893     C   4.0 -0.12273726       0.62326193  0.26573443  2.09536999  0.73616108  0.40220982
  894     C   4.0 -0.17301197       0.63644373  0.28998557  2.15035808  0.84158480  0.25463979
  895     C   4.0 -0.19234322       0.63101387  0.28630942  2.16382098  0.83822337  0.27297558
  896     N   5.0  0.13221877       0.77431023  0.27916095  2.70680737  0.86233950  0.24516319
  897     C   4.0 -0.04370560       0.61038637  0.25634503  2.02759320  0.70053297  0.44884803
  898     C   4.0 -0.05477751       0.61901760  0.23699538  1.86189723  0.64435415  0.69251315
  899     O   6.0 -0.33321238       1.14928854  0.42909199  3.62268615  1.04545733  0.08668837
  900     C   4.0  0.00713070       0.62711197  0.26706800  1.92953569  0.69645299  0.47270065
  901     O   6.0 -0.17653100       1.10961163  0.38920113  3.54064518  1.04418394  0.09288911
  902     C   4.0 -0.16533055       0.63381374  0.29057464  2.15165412  0.84409648  0.24519156
  903     N   5.0  0.13922156       0.79973221  0.29023910  2.66849566  0.88849893  0.21381255
  904     C   4.0  0.02451110       0.62611085  0.26890093  1.96914983  0.70834009  0.40298720
  905     C   4.0 -0.04599332       0.61741489  0.23272587  1.85897136  0.63429169  0.70258950
  906     O   6.0 -0.28821163       1.14963436  0.42187724  3.59497654  1.03458628  0.08713721
  907     C   4.0 -0.09240093       0.63210160  0.28096676  2.08952612  0.78834945  0.30145701
  908     C   4.0  0.01030430       0.64276725  0.25112185  1.80698097  0.66202985  0.62679578
  909     O   6.0 -0.39901739       1.17392302  0.43959188  3.63014591  1.07472506  0.08063153
  910     N   5.0  0.10720227       0.79949248  0.30880979  2.68253773  0.95096469  0.15099304
  911     N   5.0  0.08595586       0.80486143  0.27309161  2.70389134  0.85234517  0.27985459
  912     C   4.0 -0.01538008       0.62422872  0.26383325  1.99666744  0.70571469  0.42493598
  913     C   4.0  0.00154034       0.63296920  0.24512213  1.81559294  0.65276669  0.65200869
  914     O   6.0 -0.32982400       1.16181457  0.42850581  3.59894657  1.05664599  0.08391106
  915     C   4.0 -0.10531824       0.63021576  0.27754965  2.11359411  0.76086700  0.32309171
  916     C   4.0 -0.13480247       0.62461728  0.27516896  2.14520013  0.76044688  0.32936922
  917     C   4.0 -0.03491817       0.63521409  0.28115270  2.02858609  0.73888581  0.35107949
  918     N   5.0  0.11329978       0.81271172  0.30008036  2.67378747  0.90443060  0.19569007
  919     C   4.0  0.00020883       0.62768370  0.26918873  1.97006476  0.71953508  0.41331890
  920     C   4.0 -0.04654510       0.62270862  0.23797771  1.86311269  0.64169514  0.68105094
  921     O   6.0 -0.33743123       1.14846623  0.42347866  3.63424575  1.04081795  0.09042264
  922     C   4.0 -0.09562860       0.63120949  0.27908257  2.09783703  0.78597097  0.30152854
  923     C   4.0 -0.03700566       0.61968452  0.23841971  1.78187370  0.64165771  0.75537002
  924     O   6.0 -0.42226044       1.19226146  0.42209187  3.69267190  1.03490657  0.08032865
  925     O   6.0 -0.27844660       1.14776587  0.41749838  3.59408212  1.02954373  0.08955650
  926     N   5.0  0.13041402       0.79079217  0.29164851  2.69398528  0.87953281  0.21362721
  927     C   4.0 -0.03554970       0.61731189  0.27261752  2.03106380  0.74723794  0.36731856
  928     C   4.0 -0.00188322       0.62524325  0.24096864  1.83264714  0.64678863  0.65623555
  929     O   6.0 -0.34092989       1.15952897  0.42618370  3.62237787  1.04923210  0.08360725
  930     N   5.0  0.12150398       0.79843938  0.29165858  2.69394147  0.88580939  0.20864719
  931     C   4.0 -0.00637878       0.61542642  0.26142389  1.98831826  0.70745656  0.43375365
  932     C   4.0 -0.05457087       0.61482096  0.23377614  1.87059611  0.63651939  0.69885828
  933     O   6.0 -0.28648285       1.14648783  0.41695032  3.61376631  1.01924568  0.09003271
  934     C   4.0 -0.09560459       0.61714435  0.27284300  2.08750814  0.77599561  0.34211349
  935     C   4.0 -0.03870456       0.63465166  0.25744379  2.02420211  0.72683024  0.39557676
  936     C   4.0 -0.05185812       0.64725220  0.27522904  2.05344397  0.75866142  0.31727149
  937     C   4.0 -0.06448426       0.65261739  0.27691093  2.05099130  0.76698257  0.31698207
  938     C   4.0 -0.05924376       0.64725697  0.27829146  2.05218959  0.76534931  0.31615642
  939     C   4.0 -0.07510802       0.65069485  0.27898854  2.05572850  0.77244844  0.31724770
  940     C   4.0 -0.07137025       0.64813638  0.27980602  2.05935246  0.76517434  0.31890105
  941     N   5.0  0.12064080       0.79479647  0.28880841  2.70041287  0.87775251  0.21758895
  942     C   4.0 -0.00296179       0.62850428  0.27113444  1.97486961  0.71850522  0.40994825
  943     C   4.0 -0.02643321       0.62561101  0.24048389  1.84768099  0.64330666  0.66935066
  944     O   6.0 -0.34439819       1.15719771  0.42846632  3.62275887  1.05008730  0.08588798
  945     C   4.0 -0.18357927       0.64269960  0.29610446  2.15082967  0.84327182  0.25067372
  946     N   5.0  0.12356566       0.79203361  0.28786227  2.69359821  0.87992850  0.22301174
  947     C   4.0 -0.01054522       0.62163359  0.26520246  1.98617601  0.71092941  0.42660375
  948     C   4.0 -0.01042282       0.62165707  0.23817344  1.84193170  0.63808717  0.67057344
  949     O   6.0 -0.30798167       1.15620863  0.41368559  3.61671615  1.02973425  0.09163704
  950     C   4.0 -0.09232117       0.62308669  0.27685055  2.08337361  0.77997047  0.32903985
  951     C   4.0 -0.03830305       0.63219601  0.25639609  2.02928567  0.72496532  0.39545997
  952     C   4.0 -0.07674263       0.64833522  0.27543065  2.07278389  0.75321959  0.32697329
  953     C   4.0 -0.04147141       0.64458472  0.27345708  2.04925209  0.75320806  0.32096947
  954     C   4.0 -0.09536103       0.64571714  0.28006238  2.08297920  0.75976376  0.32683855
  955     C   4.0 -0.06722770       0.64799380  0.27838096  2.06077558  0.76300885  0.31706851
  956     C   4.0 -0.10084217       0.64822704  0.27893028  2.07954019  0.76268096  0.33146371
  957     N   5.0  0.12435312       0.79568988  0.29034826  2.69182563  0.87944925  0.21833386
  958     C   4.0  0.00066970       0.62689453  0.26663366  1.98351181  0.71530207  0.40698824
  959     C   4.0 -0.02323879       0.63024169  0.24195647  1.84067249  0.64763378  0.66273436
  960     O   6.0 -0.37445922       1.16437459  0.43781909  3.62534308  1.06482542  0.08209704
  961     C   4.0  0.01034150       0.62937820  0.26808533  1.92103088  0.71009409  0.46107000
  962     O   6.0 -0.16673840       1.12110102  0.39221954  3.52581191  1.04263762  0.08496831
  963     C   4.0 -0.17819433       0.63066506  0.28634962  2.16638786  0.83842924  0.25636255
  964     N   5.0  0.12480626       0.79263645  0.28978658  2.68901950  0.88552213  0.21822908
  965     C   4.0 -0.00911603       0.62432122  0.26555058  1.98427105  0.70911886  0.42585431
  966     C   4.0 -0.06631187       0.62139881  0.23560016  1.87379509  0.63104981  0.70446800
  967     O   6.0 -0.33051406       1.14595556  0.43225944  3.61410069  1.04681772  0.09138064
  968     C   4.0 -0.11715638       0.62366670  0.28005815  2.08393252  0.78048563  0.34901338
  969     C   4.0 -0.14445967       0.66101301  0.26275128  2.05766529  0.72248720  0.44054290
  970     N   5.0 -0.29682397       0.96015888  0.36854607  2.82150626  0.95066008  0.19595267
  971     C   4.0 -0.05785665       0.65956122  0.28339484  2.05846959  0.73049310  0.32593790
  972     C   4.0 -0.02895302       0.66259247  0.28292924  1.99596328  0.68808883  0.39937920
  973     N   5.0  0.19455456       0.78255427  0.29903626  2.55262190  0.90714490  0.26408810
  974     N   5.0  0.11580767       0.78683931  0.28315115  2.70021439  0.87690625  0.23708124
  975     C   4.0 -0.05271477       0.61052322  0.25795683  2.04110527  0.69458802  0.44854142
  976     C   4.0 -0.05375784       0.61517346  0.23390239  1.86911225  0.63606873  0.69950100
  977     O   6.0 -0.33800360       1.15027034  0.43264842  3.61960208  1.04687989  0.08860287
  978     C   4.0 -0.04048816       0.63370794  0.28047392  1.99444085  0.72007479  0.41179066
  979     O   6.0 -0.21255713       1.11572075  0.40698338  3.54176390  1.06139606  0.08669304
  980     N   5.0  0.13097997       0.79044676  0.28846043  2.69488889  0.87335393  0.22187002
  981     C   4.0 -0.04622959       0.61265355  0.25929630  2.02084047  0.70601209  0.44742719
  982     C   4.0 -0.01515220       0.62541598  0.23883355  1.84236717  0.63992143  0.66861407
  983     O   6.0 -0.37069014       1.16179597  0.43701676  3.62944543  1.05794045  0.08449153
  984     C   4.0 -0.12863203       0.63065505  0.27817619  2.12262172  0.75847524  0.33870383
  985     C   4.0 -0.10404634       0.63244486  0.28112882  2.11463928  0.76655920  0.30927417
  986     C   4.0 -0.03641445       0.63400424  0.24531971  1.84528536  0.65036422  0.66144093
  987     O   6.0 -0.38530341       1.16433585  0.44417506  3.61992776  1.07276547  0.08409927
  988     N   5.0  0.06079671       0.80929261  0.31281126  2.72096086  0.93823308  0.15790549
  989     N   5.0  0.15379138       0.79564464  0.28974220  2.66444379  0.88152856  0.21484943
  990     C   4.0 -0.03064184       0.61473829  0.26137727  2.01339930  0.69935791  0.44176906
  991     C   4.0 -0.08700079       0.60616356  0.22994806  1.89548063  0.63122869  0.72417986
  992     O   6.0 -0.28296462       1.14164507  0.41661611  3.61974669  1.01499259  0.08996415
  993     C   4.0 -0.11865984       0.63089228  0.27828178  2.12156695  0.77181791  0.31610092
  994     C   4.0 -0.01625936       0.63361990  0.24364406  1.83077520  0.65082149  0.65739871
  995     O   6.0 -0.36322089       1.16753888  0.43629110  3.60799122  1.06812155  0.08327814
  996     N   5.0  0.07772142       0.80707777  0.31159714  2.70358247  0.94322884  0.15679237
  997     N   5.0  0.11838436       0.78335392  0.28102836  2.70760232  0.86593339  0.24369764
  998     C   4.0 -0.00368683       0.61520499  0.26232952  1.99494898  0.70482232  0.42638102
  999     C   4.0  0.00226969       0.62321764  0.23941508  1.82980824  0.64622989  0.65905946
 1000     O   6.0 -0.30751505       1.16348279  0.42779320  3.59255540  1.04414889  0.07953477
 1001     C   4.0 -0.13398732       0.63151246  0.28187925  2.11131418  0.77464147  0.33463996
 1002     C   4.0 -0.16319961       0.63082761  0.28073266  2.13623607  0.77850932  0.33689395
 1003     C   4.0 -0.09991299       0.62644470  0.27818483  2.05262434  0.74651538  0.39614373
 1004     N   5.0  0.05434966       0.80364883  0.30477011  2.72956824  0.92034000  0.18732316
 1005     C   4.0  0.04457758       0.63205850  0.24649367  1.83481306  0.65545051  0.58660669
 1006     N   5.0  0.08524494       0.79275799  0.30857551  2.72444588  0.95063183  0.13834386
 1007     N   5.0  0.07068938       0.79642826  0.31368819  2.73023856  0.95224494  0.13671067
 1008     N   5.0  0.12239002       0.79420340  0.29122448  2.69065082  0.88300577  0.21852551
 1009     C   4.0 -0.01189652       0.61978859  0.26189080  1.99138510  0.70983069  0.42900135
 1010     C   4.0 -0.00517736       0.63099474  0.24200022  1.83399659  0.64236480  0.65582101
 1011     O   6.0 -0.32473014       1.16408479  0.42757910  3.60629129  1.04277363  0.08400131
 1012     C   4.0 -0.14855515       0.62194586  0.27245548  2.13758385  0.76008083  0.35648913
 1013     C   4.0 -0.17031528       0.60960227  0.26061195  2.13536054  0.72574869  0.43899183
 1014     C   4.0 -0.22126940       0.64025754  0.29557303  2.18346578  0.82479566  0.27717739
 1015     C   4.0 -0.18797166       0.63348812  0.28644693  2.17560327  0.82100612  0.27142723
 1016     N   5.0  0.11927898       0.79840171  0.28894979  2.67698359  0.89414248  0.22224345
 1017     C   4.0  0.00028513       0.63248414  0.27047220  1.96820390  0.71554528  0.41300935
 1018     C   4.0  0.03139243       0.64226514  0.24841189  1.80908328  0.64913696  0.61971029
 1019     O   6.0 -0.35360510       1.17828798  0.43130249  3.61297405  1.05236831  0.07867227
 1020     C   4.0 -0.11532062       0.61959898  0.27691495  2.07981873  0.78510809  0.35387987
 1021     C   4.0 -0.12034700       0.64122427  0.25908887  2.10897434  0.72762367  0.38343585
 1022     C   4.0  0.00662159       0.64985234  0.27523172  2.00642967  0.70767601  0.35418868
 1023     C   4.0 -0.10282745       0.63190126  0.24995627  2.06943738  0.71216691  0.43936563
 1024     N   5.0  0.15083586       0.77658343  0.28934678  2.63860238  0.88902760  0.25560395
 1025     C   4.0 -0.08187505       0.61775327  0.23953453  2.05630505  0.67549427  0.49278793
 1026     C   4.0 -0.08373998       0.65083301  0.28005862  2.06266022  0.76524092  0.32494721
 1027     C   4.0 -0.08329988       0.63306350  0.27126083  2.08874857  0.74840476  0.34182223
 1028     C   4.0 -0.12256427       0.65652674  0.28209904  2.08335024  0.77625349  0.32433475
 1029     C   4.0 -0.10060128       0.64763284  0.27839795  2.08285654  0.76512229  0.32659167
 1030     N   5.0  0.13301365       0.79342574  0.28800535  2.67404217  0.88796499  0.22354810
 1031     C   4.0  0.00299502       0.61961120  0.26354846  1.97882098  0.71235046  0.42267387
 1032     C   4.0  0.00749429       0.63422227  0.24629408  1.82066232  0.64654857  0.64477847
 1033     O   6.0 -0.31262870       1.15746343  0.43424499  3.58367991  1.05667171  0.08056866
 1034     C   4.0 -0.12230289       0.62185824  0.27367324  2.11939257  0.76581052  0.34156832
 1035     C   4.0 -0.15472201       0.62367767  0.27460849  2.14462751  0.76719636  0.34461198
 1036     C   4.0 -0.08416892       0.62638479  0.27665329  2.04375350  0.74525411  0.39212322
 1037     N   5.0  0.08298347       0.79260600  0.29800513  2.72674185  0.90659356  0.19306999
 1038     C   4.0  0.00180480       0.62473381  0.23570746  1.86675662  0.64482501  0.62617230
 1039     N   5.0  0.06092489       0.79221869  0.30650818  2.75074208  0.94658700  0.14301916
 1040     N   5.0  0.08035244       0.79494810  0.31078991  2.71982777  0.95312753  0.14095424
 1041     N   5.0  0.10595607       0.79543078  0.28920740  2.69546783  0.89331758  0.22062034
 1042     C   4.0 -0.01972330       0.60863823  0.25783262  2.00014806  0.71001798  0.44308642
 1043     C   4.0  0.02791076       0.63009411  0.24410045  1.81168890  0.64533667  0.64086910
 1044     O   6.0 -0.32767671       1.16046238  0.42968172  3.61283863  1.04175434  0.08293965
 1045     C   4.0 -0.13216420       0.62090230  0.27287951  2.12440073  0.76793233  0.34604932
 1046     C   4.0 -0.12170599       0.62441486  0.27770075  2.10782224  0.77939999  0.33236815
 1047     C   4.0 -0.11675804       0.63394517  0.28300646  2.09611696  0.79020682  0.31348263
 1048     C   4.0 -0.07202192       0.63662481  0.28176656  2.07763773  0.74429373  0.33169908
 1049     N   5.0  0.33866248       0.73583859  0.29428473  2.50635380  0.90883064  0.21602975
 1050     N   5.0  0.11897514       0.79713875  0.29127154  2.69903475  0.88640791  0.20717191
 1051     C   4.0  0.00899063       0.61893904  0.26394278  1.98150766  0.70819564  0.41842425
 1052     C   4.0 -0.00434963       0.63465822  0.24341804  1.82745194  0.64735371  0.65146772
 1053     O   6.0 -0.37138047       1.16463423  0.43122184  3.64363921  1.04885677  0.08302843
 1054     C   4.0 -0.02689251       0.61843812  0.26159233  1.96488541  0.69079033  0.49118632
 1055     O   6.0 -0.17969137       1.11132729  0.38440615  3.56541848  1.02360457  0.09493488
 1056     C   4.0 -0.18563175       0.63475329  0.28834894  2.16986996  0.83595246  0.25670710
 1057     N   5.0  0.12579152       0.80037713  0.29340580  2.68097639  0.89008662  0.20936254
 1058     C   4.0  0.00487604       0.62311596  0.26571110  1.97723556  0.71314836  0.41591299
 1059     C   4.0  0.03437066       0.63555235  0.24581540  1.80534166  0.64276788  0.63615206
 1060     O   6.0 -0.35011421       1.15984738  0.43402323  3.61459112  1.05835217  0.08330031
 1061     C   4.0 -0.15263355       0.62565291  0.27518058  2.12973487  0.77564961  0.34641558
 1062     C   4.0 -0.12565681       0.62896800  0.27951109  2.11360067  0.78460145  0.31897559
 1063     C   4.0 -0.05197568       0.63403136  0.28282863  2.02027899  0.75159937  0.36323733
 1064     N   5.0  0.06895849       0.79430717  0.29658154  2.73415077  0.90527987  0.20072216
 1065     C   4.0 -0.00581215       0.62058961  0.23854557  1.87143207  0.64779451  0.62745039
 1066     N   5.0  0.06764524       0.79656428  0.31188434  2.73174369  0.95467812  0.13748433
 1067     N   5.0  0.02237802       0.80221838  0.31366208  2.76619095  0.95115715  0.14439343
 1068     N   5.0  0.10057647       0.79487789  0.28862888  2.69771051  0.89332592  0.22488033
 1069     C   4.0 -0.04067446       0.61467475  0.26197481  2.01465911  0.70910089  0.44026491
 1070     C   4.0 -0.01887971       0.62607068  0.23651610  1.84533161  0.63519540  0.67576592
 1071     O   6.0 -0.33326677       1.16180277  0.41702798  3.63408101  1.03059775  0.08975727
 1072     C   4.0 -0.02822217       0.63691109  0.28346321  1.97722811  0.73000744  0.40061232
 1073     O   6.0 -0.21302462       1.10771024  0.40153593  3.56541681  1.05287316  0.08548847
 1074     N   5.0  0.12706071       0.79401189  0.28857234  2.68932396  0.88178587  0.21924523
 1075     C   4.0  0.01750268       0.62507552  0.26587763  1.97841644  0.70336160  0.40976612
 1076     C   4.0 -0.01261800       0.62232441  0.23773535  1.83772993  0.63494350  0.67988481
 1077     O   6.0 -0.30763205       1.15337455  0.42708272  3.60494649  1.03600976  0.08621852
 1078     C   4.0 -0.13424043       0.62272418  0.26704803  2.10062057  0.73388284  0.40996481
 1079     C   4.0 -0.20456359       0.64428222  0.29656279  2.16915327  0.83318388  0.26138142
 1080     C   4.0 -0.22822236       0.63734657  0.29092765  2.19813925  0.81180534  0.29000356
 1081     N   5.0  0.11186193       0.79822874  0.29427865  2.70331413  0.87826398  0.21405257
 1082     C   4.0 -0.01267669       0.60944980  0.25658020  2.01748735  0.69359006  0.43556927
 1083     C   4.0  0.02174675       0.61823297  0.23282142  1.83436728  0.62293494  0.66989665
 1084     O   6.0 -0.29564750       1.15984225  0.43660149  3.56461287  1.04999861  0.08459228
 1085     C   4.0  0.08345819       0.61707807  0.24193701  1.91613692  0.63143833  0.50995148
 1086     O   6.0 -0.18479590       1.11387622  0.39652643  3.54129529  1.04241577  0.09068219
 1087     C   4.0 -0.20272985       0.64388663  0.29709589  2.18078029  0.82926026  0.25170678
 1088     N   5.0  0.15984218       0.81385171  0.26571575  2.67268133  0.82122090  0.26668812
 1089     C   4.0 -0.08835571       0.61671174  0.25485334  2.07824779  0.70024036  0.43830249
 1090     C   4.0 -0.04993343       0.61646444  0.23583822  1.84330863  0.63789664  0.71642551
 1091     O   6.0 -0.25262023       1.13586569  0.42511237  3.58109128  1.01982895  0.09072194
 1092     C   4.0 -0.08961023       0.63294405  0.28066608  2.01371509  0.70997262  0.45231239
 1093     O   6.0 -0.21769575       1.10670316  0.40649208  3.56970155  1.03899938  0.09579957
 1094     N   5.0  0.08583931       0.81397361  0.29930818  2.68912584  0.89622501  0.21552806
 1095     C   4.0 -0.05518973       0.62344366  0.26354599  2.02781534  0.71651508  0.42386966
 1096     C   4.0 -0.01894447       0.62750334  0.23784687  1.82387763  0.64192933  0.68778731
 1097     O   6.0 -0.31826614       1.15127861  0.43575206  3.59007251  1.05597451  0.08518843
 1098     C   4.0 -0.08653669       0.64163619  0.28728166  1.99793959  0.73259737  0.42708188
 1099     O   6.0 -0.19556986       1.10912514  0.41208497  3.51791060  1.06370711  0.09274204
 1100     N   5.0  0.10166068       0.80092639  0.29242769  2.69335979  0.89641270  0.21521275
 1101     C   4.0 -0.05820470       0.61512703  0.25945291  2.03190935  0.70624653  0.44546890
 1102     C   4.0 -0.02222262       0.62069774  0.23761010  1.84249496  0.63964133  0.68177848
 1103     O   6.0 -0.32006871       1.15460694  0.43737781  3.58351672  1.06094530  0.08362194
 1104     C   4.0 -0.04909747       0.63840103  0.28157425  1.99233663  0.72458133  0.41220422
 1105     O   6.0 -0.16673943       1.11525810  0.39859718  3.53294992  1.03434199  0.08559223
 1106     N   5.0  0.10010985       0.79683554  0.28460729  2.74434227  0.85072178  0.22338327
 1107     C   4.0 -0.00462693       0.62117255  0.26609853  1.99512798  0.70537080  0.41685707
 1108     C   4.0 -0.04877064       0.62390691  0.23573349  1.86291355  0.63286808  0.69334861
 1109     O   6.0 -0.32003657       1.14694238  0.43058562  3.60895646  1.04466173  0.08889039
 1110     C   4.0 -0.14123032       0.63090706  0.28140599  2.12676656  0.76477100  0.33737971
 1111     C   4.0 -0.15101823       0.62065041  0.27105910  2.11238652  0.73642500  0.41049720
 1112     C   4.0 -0.22574510       0.64593416  0.29851463  2.19043720  0.82058421  0.27027489
 1113     C   4.0 -0.13473612       0.64512205  0.29424191  2.14385021  0.79746607  0.25405589
 1114     N   5.0  0.09161406       0.79346621  0.28478494  2.71726871  0.87929946  0.23356662
 1115     C   4.0 -0.06612632       0.61586249  0.26249394  2.01419216  0.72134703  0.45223070
 1116     C   4.0 -0.01762719       0.63279581  0.24236199  1.83558875  0.64198446  0.66489617
 1117     O   6.0 -0.32922588       1.15300488  0.43473303  3.60002577  1.05401367  0.08744852
 1118     C   4.0 -0.21416322       0.66065413  0.30005237  2.03915131  0.85612938  0.35817603
 1119     S   6.0  0.17146829       1.14580512  0.42498571  3.00058365  0.94503503  0.31212221
 1120     N   5.0  0.11961782       0.80021805  0.29302186  2.67632294  0.89753222  0.21328712
 1121     C   4.0 -0.02461366       0.62458104  0.26541716  1.99459457  0.71189843  0.42812245
 1122     C   4.0 -0.01450049       0.63210076  0.24240930  1.83049738  0.64814873  0.66134431
 1123     O   6.0 -0.33409529       1.15637004  0.43299499  3.60426557  1.05717158  0.08329310
 1124     C   4.0 -0.10044765       0.63280874  0.27234238  2.06820887  0.74305272  0.38403492
 1125     C   4.0 -0.18533269       0.63870329  0.29054913  2.16173196  0.83793077  0.25641755
 1126     C   4.0 -0.21903723       0.64889538  0.29892427  2.17061782  0.84074450  0.25985527
 1127     N   5.0  0.13589166       0.79561990  0.29451549  2.67153102  0.89164123  0.21080069
 1128     C   4.0 -0.06938837       0.61627316  0.26899624  2.05482548  0.75276436  0.37652913
 1129     C   4.0  0.00453656       0.63165969  0.24336971  1.81931603  0.65569727  0.64542074
 1130     O   6.0 -0.37563310       1.16968346  0.43733180  3.62025988  1.06747040  0.08088756
 1131     N   5.0  0.14122676       0.80599183  0.29596356  2.66539145  0.89631400  0.19511241
 1132     C   4.0 -0.00178160       0.62762028  0.26631531  1.97725612  0.71730748  0.41328241
 1133     C   4.0 -0.00001048       0.62618673  0.24028097  1.82794625  0.64400455  0.66159198
 1134     O   6.0 -0.29413439       1.15423763  0.41950271  3.60176539  1.03147116  0.08715750
 1135     C   4.0 -0.09714416       0.62601519  0.26787040  2.07194221  0.73752041  0.39379596
 1136     C   4.0 -0.17115372       0.63433933  0.28865820  2.15450877  0.83701047  0.25663695
 1137     C   4.0 -0.19859622       0.63606936  0.28952777  2.16859514  0.83528031  0.26912364
 1138     N   5.0  0.12621925       0.79573804  0.28959227  2.67909485  0.88953862  0.21981698
 1139     C   4.0 -0.02185836       0.62251079  0.26527208  1.99059784  0.71081100  0.43266664
 1140     C   4.0 -0.00831305       0.63553882  0.24525519  1.82438862  0.64958233  0.65354810
 1141     O   6.0 -0.34342817       1.16027546  0.42805341  3.62275696  1.04808685  0.08425549
 1142     C   4.0 -0.10077112       0.62431288  0.27561098  2.10973692  0.77594286  0.31516748
 1143     C   4.0  0.01210910       0.63083166  0.24166964  1.74951112  0.64702304  0.71885544
 1144     O   6.0 -0.31949560       1.18371022  0.42499414  3.58392382  1.04777795  0.07908947
 1145     O   6.0 -0.45222170       1.19143736  0.43388599  3.69212234  1.05844104  0.07633496
 1146     N   5.0  0.11787226       0.80179566  0.29411784  2.67830795  0.89622784  0.21167845
 1147     C   4.0 -0.02699579       0.62439823  0.26545107  1.99050403  0.71905831  0.42758416
 1148     C   4.0 -0.02778932       0.62244511  0.23963152  1.83968693  0.64099857  0.68502719
 1149     O   6.0 -0.27156969       1.13906014  0.41878054  3.59407747  1.02963838  0.09001317
 1150     C   4.0 -0.15063521       0.63483405  0.29152259  2.13447475  0.83549210  0.25431171
 1151     N   5.0  0.11171984       0.79214704  0.28863576  2.70817220  0.87619752  0.22312764
 1152     C   4.0 -0.03106283       0.60806715  0.25476524  2.01580060  0.70072146  0.45170838
 1153     C   4.0 -0.04198650       0.61801791  0.23348737  1.86126804  0.63586240  0.69335078
 1154     O   6.0 -0.32315299       1.15414286  0.42987689  3.60769701  1.04681361  0.08462262
 1155     C   4.0 -0.06484411       0.62471056  0.27722684  2.08441538  0.77508335  0.30340800
 1156     C   4.0 -0.03994662       0.62521178  0.23971911  1.85527593  0.64920714  0.67053266
 1157     O   6.0 -0.38445413       1.16041541  0.43135405  3.65341437  1.05420044  0.08506987
 1158     N   5.0  0.12491686       0.79172170  0.30398834  2.68104160  0.93498182  0.16334968
 1159     N   5.0  0.12324020       0.78820789  0.28461975  2.70544207  0.87133262  0.22715747
 1160     C   4.0 -0.00977810       0.61656535  0.26091409  1.99285656  0.70898758  0.43045452
 1161     C   4.0  0.01998678       0.63647968  0.24601926  1.80650657  0.65222210  0.63878562
 1162     O   6.0 -0.36083444       1.16357028  0.43753287  3.61094511  1.06769311  0.08109306
 1163     C   4.0 -0.10770659       0.62416416  0.27523246  2.11216688  0.76398902  0.33215407
 1164     C   4.0 -0.14968964       0.62180853  0.27305558  2.14676094  0.76317050  0.34489409
 1165     C   4.0 -0.08239842       0.61843425  0.27159116  2.05566067  0.74043776  0.39627459
 1166     N   5.0  0.08402029       0.78343982  0.28999400  2.74763656  0.88628376  0.20862558
 1167     C   4.0 -0.01285442       0.62004602  0.23469329  1.87985504  0.64160720  0.63665288
 1168     N   5.0  0.06724945       0.79726571  0.31084779  2.73981130  0.94764608  0.13717967
 1169     N   5.0  0.04754127       0.79882729  0.31243673  2.74410397  0.95397764  0.14311310
 1170     N   5.0  0.11378422       0.80436844  0.29531795  2.68161583  0.89824966  0.20666391
 1171     C   4.0 -0.00353502       0.62650341  0.26801696  1.97347611  0.71506257  0.42047596
 1172     C   4.0  0.02193389       0.63238502  0.24243282  1.81179196  0.63895445  0.65250187
 1173     O   6.0 -0.31369941       1.16245496  0.41276705  3.60273147  1.04386094  0.09188498
 1174     C   4.0 -0.07583162       0.63248855  0.28066108  2.07944757  0.78408019  0.29915424
 1175     C   4.0  0.00525102       0.63615769  0.24969570  1.81412411  0.65846597  0.63630551
 1176     O   6.0 -0.35639228       1.16636908  0.43276739  3.61333859  1.06190133  0.08201589
 1177     N   5.0  0.09316997       0.79872262  0.30605718  2.70334589  0.94379523  0.15490909
 1178     N   5.0  0.12904163       0.79980868  0.29188040  2.68056905  0.88831779  0.21038244
 1179     C   4.0 -0.02141630       0.62397915  0.26411882  1.99142879  0.71397769  0.42791184
 1180     C   4.0  0.00974239       0.63720101  0.24444509  1.81481129  0.64955333  0.64424689
 1181     O   6.0 -0.33423078       1.16495979  0.43556145  3.59182560  1.05998108  0.08190286
 1182     C   4.0 -0.10541738       0.61587769  0.27468595  2.07588112  0.77788658  0.36108603
 1183     C   4.0 -0.13459241       0.63816404  0.25678018  2.11918205  0.72704618  0.39341997
 1184     C   4.0 -0.03885793       0.64955491  0.27230972  2.03597140  0.71308747  0.36793442
 1185     C   4.0 -0.10203466       0.63235050  0.25372702  2.06348521  0.72054443  0.43192751
 1186     N   5.0  0.13520095       0.78713125  0.29383710  2.63110083  0.90563133  0.24709853
 1187     C   4.0 -0.03394979       0.63801628  0.25416303  2.00675148  0.69371617  0.44130283
 1188     C   4.0 -0.09225123       0.64211178  0.27522048  2.07141495  0.76498464  0.33851938
 1189     C   4.0 -0.03285329       0.65111488  0.28439146  2.02467757  0.77305043  0.29961894
 1190     C   4.0 -0.10519973       0.64553636  0.27564213  2.08181268  0.77377579  0.32843277
 1191     C   4.0 -0.06759698       0.64489150  0.27808061  2.05201560  0.77176860  0.32084066
 1192     N   5.0  0.11879967       0.80474406  0.29217750  2.67525560  0.89881593  0.21020724
 1193     C   4.0 -0.04565083       0.61565602  0.26044992  2.01356661  0.70752503  0.44845325
 1194     C   4.0 -0.05278763       0.62190866  0.23508433  1.86420310  0.63521089  0.69638066
 1195     O   6.0 -0.31201038       1.13992560  0.42512283  3.62412798  1.03083885  0.09199512
 1196     C   4.0 -0.13049490       0.62870210  0.27767363  2.13476789  0.77339160  0.31595967
 1197     C   4.0 -0.10514571       0.62908673  0.24004030  1.80974948  0.64709532  0.77917387
 1198     O   6.0 -0.36476506       1.15119827  0.43625340  3.62994790  1.05766627  0.08969922
 1199     O   6.0 -0.54240134       1.18982708  0.45454764  3.71846855  1.10150549  0.07805257
 1200     N   5.0  0.11795985       0.79444873  0.28575757  2.68591380  0.88599783  0.22992221
 1201     C   4.0 -0.04855091       0.61216307  0.26038545  2.02307194  0.70357347  0.44935698
 1202     C   4.0 -0.01702969       0.62484121  0.23779127  1.84518892  0.63885747  0.67035082
 1203     O   6.0 -0.30871113       1.15339446  0.42471182  3.60073483  1.04439965  0.08547036
 1204     C   4.0 -0.16684172       0.63416034  0.28818113  2.15845406  0.82926261  0.25678358
 1205     N   5.0  0.09289056       0.80689675  0.29969296  2.69878668  0.89673805  0.20499501
 1206     C   4.0 -0.03399318       0.63777775  0.28518787  2.01067406  0.75893342  0.34142008
 1207     C   4.0  0.02429943       0.63793385  0.24809180  1.80396307  0.64906554  0.63664632
 1208     O   6.0 -0.29660164       1.15964329  0.42246121  3.58676350  1.04169458  0.08603906
 1209     N   5.0  0.08457800       0.81202614  0.29642084  2.69489270  0.90468913  0.20739318
 1210     C   4.0 -0.02912180       0.61874169  0.26251116  1.99774247  0.71054126  0.43958521
 1211     C   4.0 -0.04639926       0.62720311  0.24255642  1.85793215  0.64687717  0.67183041
 1212     O   6.0 -0.39799153       1.16334844  0.43806452  3.64408517  1.06758207  0.08491134
 1213     C   4.0 -0.09118546       0.62655044  0.28008100  2.07817012  0.77894239  0.32744151
 1214     C   4.0 -0.05619516       0.63293493  0.25729808  2.04164541  0.72447777  0.39983897
 1215     C   4.0 -0.04367055       0.64294004  0.27349582  2.05724061  0.74976304  0.32023103
 1216     C   4.0 -0.09965438       0.64856267  0.27643126  2.08565283  0.75763479  0.33137283
 1217     C   4.0 -0.04258073       0.64379758  0.27623671  2.04780996  0.75826348  0.31647300
 1218     C   4.0 -0.09504891       0.64908427  0.27925658  2.07623440  0.76318580  0.32728785
 1219     C   4.0 -0.06752464       0.64644510  0.27873605  2.06250679  0.76045813  0.31937857
 1220     N   5.0  0.13329320       0.79617077  0.29394782  2.68092602  0.88451830  0.21114389
 1221     C   4.0 -0.04521407       0.63357425  0.28225884  2.03021556  0.75067304  0.34849238
 1222     C   4.0 -0.00927194       0.63376468  0.24272944  1.83311576  0.64007306  0.65958900
 1223     O   6.0 -0.34769305       1.15726960  0.43688545  3.60841191  1.05870196  0.08642413
 1224     N   5.0  0.10988487       0.79549336  0.28928199  2.70910138  0.88234520  0.21389319
 1225     C   4.0 -0.06111874       0.60466415  0.25536028  2.03043818  0.69999629  0.47065984
 1226     C   4.0  0.01758730       0.63037640  0.23969747  1.82630563  0.63770445  0.64832876
 1227     O   6.0 -0.30798286       1.17200422  0.42708775  3.57736886  1.04881385  0.08270818
 1228     C   4.0 -0.13797334       0.61738771  0.27166691  2.13998026  0.75365330  0.35528516
 1229     C   4.0 -0.16962408       0.62382686  0.27605158  2.15415555  0.75938536  0.35620473
 1230     C   4.0 -0.14778614       0.62936872  0.28080365  2.14307064  0.76429601  0.33024712
 1231     C   4.0 -0.09230493       0.63621306  0.28377533  2.10053456  0.72520675  0.34657523
 1232     N   5.0  0.29928525       0.74793088  0.30609864  2.53312558  0.89997247  0.21358718
 1233     N   5.0  0.09584629       0.80351681  0.29180759  2.69735634  0.89346904  0.21800394
 1234     C   4.0 -0.04812777       0.62395340  0.26804376  2.00572056  0.71599361  0.43441644
 1235     C   4.0 -0.00850089       0.63809878  0.24775784  1.82360661  0.65846588  0.64057179
 1236     O   6.0 -0.36919910       1.17376602  0.44239753  3.60206831  1.07360956  0.07735769
 1237     C   4.0 -0.19857875       0.64825875  0.30080795  2.16084540  0.83539468  0.25327197
 1238     N   5.0  0.11207843       0.79895878  0.29553220  2.68339455  0.89486569  0.21517036
 1239     C   4.0 -0.03191014       0.62940806  0.27792326  2.03147429  0.74097714  0.35212739
 1240     C   4.0 -0.03964556       0.61857355  0.23440419  1.85810602  0.63603482  0.69252699
 1241     O   6.0 -0.26461125       1.14765441  0.41640517  3.59361029  1.01792845  0.08901292
 1242     N   5.0  0.09037574       0.80697674  0.29184443  2.70054704  0.89449930  0.21575675
 1243     C   4.0  0.00271735       0.62272519  0.26676956  1.98185694  0.71324317  0.41268779
 1244     C   4.0 -0.01655896       0.62577850  0.23615165  1.85466439  0.63240482  0.66755961
 1245     O   6.0 -0.39153837       1.16224325  0.43411741  3.66146946  1.04746616  0.08624210
 1246     C   4.0 -0.16268633       0.63470471  0.28918064  2.15051675  0.83594444  0.25233979
 1247     N   5.0  0.15736182       0.78115022  0.28392759  2.67317665  0.87674043  0.22764329
 1248     C   4.0 -0.04544910       0.61947095  0.26208371  2.02518445  0.70172763  0.43698236
 1249     C   4.0 -0.00928978       0.62773621  0.24032044  1.83132607  0.64464186  0.66526520
 1250     O   6.0 -0.32097913       1.16264367  0.42519632  3.60507774  1.04455963  0.08350177
 1251     C   4.0 -0.02240946       0.63775539  0.28322732  1.97820395  0.72589970  0.39732309
 1252     O   6.0 -0.20086089       1.11735201  0.39879447  3.56165743  1.03661507  0.08644191
 1253     N   5.0  0.09370713       0.80532938  0.29584095  2.69959199  0.89289108  0.21263947
 1254     C   4.0 -0.00552775       0.62796736  0.26895061  1.98235846  0.72030181  0.40594951
 1255     C   4.0 -0.00708080       0.63568729  0.24498138  1.82373136  0.64411193  0.65856884
 1256     O   6.0 -0.33240333       1.15294230  0.43259290  3.60880518  1.05196843  0.08609453
 1257     C   4.0 -0.03089223       0.64507943  0.28965190  1.98245257  0.72747117  0.38623716
 1258     O   6.0 -0.25520434       1.12304211  0.41408405  3.56801701  1.06753466  0.08252652
 1259     N   5.0  0.11283956       0.80267817  0.29268262  2.68073487  0.89846990  0.21259489
 1260     C   4.0 -0.05228063       0.61790901  0.26097810  2.02542007  0.70259869  0.44537475
 1261     C   4.0 -0.01834959       0.61627346  0.23507655  1.84568882  0.63008249  0.69122827
 1262     O   6.0 -0.26930423       1.15004873  0.41570240  3.59596348  1.01936847  0.08822115
 1263     C   4.0 -0.05942690       0.63344920  0.28145036  2.00934559  0.71330832  0.42187343
 1264     O   6.0 -0.20569084       1.10888982  0.40477866  3.55267763  1.04910970  0.09023503
 1265     N   5.0  0.08480939       0.80274463  0.27315810  2.71021116  0.84894773  0.28012898
 1266     C   4.0 -0.03810123       0.61182618  0.25566763  2.02793139  0.68893650  0.45373952
 1267     C   4.0 -0.02244797       0.62138820  0.23862347  1.83731753  0.64149104  0.68362774
 1268     O   6.0 -0.27592584       1.14615798  0.42858574  3.57118201  1.04600868  0.08399143
 1269     C   4.0 -0.10979560       0.62624723  0.27704260  2.12656343  0.74951851  0.33042384
 1270     C   4.0 -0.15019534       0.63055301  0.28079295  2.15182483  0.75535575  0.33166881
 1271     C   4.0 -0.08503900       0.63774312  0.28410608  2.05819291  0.73621149  0.36878540
 1272     N   5.0  0.05734866       0.80584669  0.29395983  2.73791051  0.89076734  0.21416698
 1273     C   4.0 -0.05856548       0.62023658  0.26310548  2.00165290  0.72059697  0.45297356
 1274     C   4.0 -0.03117357       0.62903112  0.23961897  1.84564626  0.63887319  0.67800403
 1275     O   6.0 -0.31676712       1.15146506  0.43350330  3.59245408  1.05231419  0.08703049
 1276     C   4.0 -0.25139805       0.66656226  0.30576614  2.05023080  0.87003541  0.35880344
 1277     S   6.0  0.13452907       1.13781893  0.42039374  3.02043343  0.94992062  0.33690421
 1278     N   5.0  0.11502211       0.80311245  0.29231253  2.68182433  0.89659345  0.21113513
 1279     C   4.0 -0.03501226       0.61727548  0.26201338  2.02005470  0.70129788  0.43437083
 1280     C   4.0 -0.03560629       0.61689228  0.23540394  1.86351246  0.63851391  0.68128371
 1281     O   6.0 -0.33188155       1.15948319  0.42427763  3.62698400  1.03635022  0.08478650
 1282     C   4.0 -0.06783634       0.62520158  0.27642974  2.00612283  0.72394308  0.43613911
 1283     O   6.0 -0.17237915       1.10119951  0.39501333  3.55416536  1.02773291  0.09426804
 1284     N   5.0  0.11235676       0.79464304  0.28924555  2.70079094  0.87668687  0.22627683
 1285     C   4.0  0.00343611       0.62617385  0.26779756  1.98069620  0.71232481  0.40957146
 1286     C   4.0 -0.04543144       0.61948806  0.23580952  1.85965824  0.64289938  0.68757623
 1287     O   6.0 -0.29282277       1.15359151  0.42314404  3.59746361  1.03336614  0.08525746
 1288     C   4.0 -0.10952973       0.63493633  0.28515992  2.08580649  0.78184544  0.32178156
 1289     C   4.0 -0.16991498       0.64293265  0.28822219  2.12921560  0.79612283  0.31342170
 1290     C   4.0 -0.07762653       0.64145106  0.24960563  1.78281623  0.66232120  0.74143241
 1291     O   6.0 -0.53198368       1.19179034  0.45575449  3.70606709  1.10323152  0.07514024
 1292     O   6.0 -0.35830464       1.16073656  0.44387618  3.59195614  1.07815078  0.08358498
 1293     N   5.0  0.11586153       0.79248333  0.28802338  2.70661288  0.87209767  0.22492120
 1294     C   4.0  0.02195559       0.62138569  0.26307911  1.97717071  0.71074028  0.40566862
 1295     C   4.0  0.03318950       0.63590199  0.24466164  1.80650634  0.64813964  0.63160089
 1296     O   6.0 -0.34831623       1.17361331  0.43239555  3.60366189  1.05957431  0.07907117
 1297     C   4.0 -0.04312319       0.62229049  0.26339799  1.96563178  0.69918194  0.49262097
 1298     O   6.0 -0.21807194       1.10902441  0.39569357  3.56657100  1.04724112  0.09954185
 1299     C   4.0 -0.19951606       0.63977140  0.29353914  2.17588520  0.83400577  0.25631455
 1300     N   5.0  0.13514697       0.80723441  0.29439843  2.65780014  0.90282622  0.20259384
 1301     C   4.0 -0.00745211       0.62363905  0.26605317  1.97955680  0.71446382  0.42373928
 1302     C   4.0 -0.02891164       0.62379718  0.23867266  1.84347653  0.64288935  0.68007591
 1303     O   6.0 -0.29607924       1.15122962  0.41928998  3.60346329  1.03396842  0.08812794
 1304     C   4.0 -0.12716658       0.61850303  0.27158368  2.10449451  0.77878132  0.35380403
 1305     C   4.0 -0.06304094       0.63126493  0.25750527  2.05276030  0.72778352  0.39372693
 1306     C   4.0 -0.05947284       0.64424348  0.27718577  2.05456662  0.75704531  0.32643166
 1307     C   4.0 -0.04531085       0.64292884  0.27516299  2.04667461  0.75435176  0.32619265
 1308     C   4.0 -0.09030237       0.64905459  0.27822009  2.09533286  0.76388346  0.30381138
 1309     C   4.0 -0.06696976       0.64565116  0.27855921  2.08605832  0.75601248  0.30068859
 1310     C   4.0 -0.01581096       0.62797946  0.24866870  1.93190253  0.69334465  0.51391562
 1311     O   6.0 -0.13712843       1.10203338  0.39078450  3.48293161  1.05076811  0.11061083
 1312     N   5.0  0.11421951       0.79755104  0.29123548  2.68841785  0.89213574  0.21644038
 1313     C   4.0  0.01467187       0.62843961  0.26912954  1.95813680  0.72272775  0.40689444
 1314     C   4.0  0.02274492       0.63512456  0.24675179  1.80652267  0.64646521  0.64239085
 1315     O   6.0 -0.29258630       1.15996516  0.42158431  3.57832289  1.04723936  0.08547458
 1316     C   4.0 -0.09240411       0.62270898  0.27935842  2.06547540  0.78797042  0.33689089
 1317     C   4.0 -0.08328247       0.65914464  0.26327792  2.03803825  0.70322062  0.41960104
 1318     N   5.0  0.13670122       0.79567796  0.29433930  2.61161292  0.89386311  0.26780549
 1319     C   4.0 -0.10078533       0.66660893  0.28822920  2.06258118  0.74536853  0.33799750
 1320     C   4.0 -0.07111638       0.65826893  0.27666065  2.02589178  0.68220338  0.42809164
 1321     N   5.0 -0.24891437       0.92889231  0.36422637  2.79228288  0.94963869  0.21387411
 1322     N   5.0  0.10165681       0.79319525  0.29312700  2.70192504  0.89407474  0.21602117
 1323     C   4.0 -0.05751718       0.62029326  0.27354375  2.04459190  0.74632598  0.37276229
 1324     C   4.0  0.00135783       0.62713099  0.23879243  1.83380848  0.63656691  0.66234336
 1325     O   6.0 -0.30913237       1.15764964  0.42640495  3.60003126  1.03948840  0.08555812
 1326     N   5.0  0.10009370       0.79431421  0.28697196  2.71720141  0.87874430  0.22267442
 1327     C   4.0 -0.06907499       0.60264009  0.25388148  2.03451824  0.70305078  0.47498439
 1328     C   4.0 -0.02728044       0.62798905  0.23909701  1.84622949  0.64523451  0.66873037
 1329     O   6.0 -0.37634760       1.16513121  0.44020066  3.61946988  1.06917107  0.08237478
 1330     C   4.0 -0.13521136       0.62717390  0.27821833  2.12307382  0.76333836  0.34340696
 1331     C   4.0 -0.14944601       0.62474257  0.27711093  2.14064229  0.76566006  0.34129016
 1332     C   4.0 -0.16339203       0.62756354  0.27865118  2.15217960  0.76489824  0.34009948
 1333     C   4.0 -0.06470588       0.63591260  0.28280064  2.08405679  0.72549662  0.33643923
 1334     N   5.0  0.31098121       0.75020498  0.30539867  2.51919663  0.90647367  0.20774484
 1335     N   5.0  0.12775830       0.80720150  0.29521939  2.66841918  0.89701638  0.20438525
 1336     C   4.0 -0.01088318       0.62522531  0.26711053  1.98612249  0.71797518  0.41444968
 1337     C   4.0  0.00575436       0.62578732  0.24074073  1.82723880  0.64599048  0.65448832
 1338     O   6.0 -0.31368576       1.16314721  0.42546910  3.60175145  1.04073709  0.08258091
 1339     C   4.0 -0.12660524       0.63390398  0.28435111  2.09228313  0.77993743  0.33612958
 1340     C   4.0 -0.09407403       0.63602245  0.25802937  2.07033765  0.72897178  0.40071278
 1341     C   4.0 -0.05628154       0.64408320  0.27493927  2.05805618  0.74608672  0.33311618
 1342     C   4.0 -0.08147471       0.64876240  0.27714857  2.06537324  0.75486411  0.33532638
 1343     C   4.0 -0.07789808       0.64750868  0.27701861  2.09630924  0.75041001  0.30665154
 1344     C   4.0 -0.09085568       0.65088975  0.27881458  2.09859794  0.75628011  0.30627329
 1345     C   4.0 -0.01348285       0.63041466  0.24744739  1.92990154  0.69030225  0.51541700
 1346     O   6.0 -0.13682310       1.10329306  0.39543962  3.47852278  1.05147803  0.10808961
 1347     N   5.0  0.11505157       0.80304533  0.29428002  2.68274951  0.89697483  0.20789873
 1348     C   4.0 -0.03324079       0.61657774  0.26346141  2.00435489  0.71381173  0.43503501
 1349     C   4.0 -0.01447877       0.62737089  0.24211858  1.84038389  0.64088620  0.66371921
 1350     O   6.0 -0.37271918       1.16245353  0.43088424  3.64226854  1.05085251  0.08626036
 1351     C   4.0 -0.17278815       0.63785762  0.29287282  2.15388083  0.83160333  0.25657355
 1352     N   5.0  0.15808224       0.78257734  0.28654367  2.67959517  0.87233892  0.22086266
 1353     C   4.0 -0.03164004       0.60533273  0.25500226  2.00988662  0.70959656  0.45182186
 1354     C   4.0 -0.00299341       0.62758207  0.23955680  1.83463973  0.64381424  0.65740057
 1355     O   6.0 -0.38754323       1.17320657  0.44061682  3.62293124  1.07320103  0.07758757
 1356     C   4.0 -0.09807044       0.63241500  0.28014624  2.10147434  0.77671951  0.30731535
 1357     C   4.0 -0.07983925       0.62162250  0.23809701  1.88465118  0.64624700  0.68922155
 1358     O   6.0 -0.41776131       1.16210485  0.43884867  3.66147542  1.06850863  0.08682374
 1359     N   5.0  0.13984253       0.78580981  0.29891530  2.69382823  0.91135627  0.17024786
 1360     N   5.0  0.13126087       0.79274350  0.28932488  2.68332756  0.88446793  0.21887526
 1361     C   4.0 -0.03075337       0.62296653  0.26516223  2.00182819  0.71672072  0.42407570
 1362     C   4.0  0.00810818       0.63695127  0.24691449  1.82481587  0.64568992  0.63752027
 1363     O   6.0 -0.38303841       1.16841125  0.44203943  3.61628318  1.07449242  0.08181212
 1364     C   4.0 -0.05573466       0.62869376  0.27829552  1.99766016  0.72922760  0.42185763
 1365     O   6.0 -0.18230321       1.10440993  0.39464268  3.55686784  1.03607786  0.09030490
 1366     N   5.0  0.13610991       0.78838003  0.28753042  2.68231821  0.88196674  0.22369469
 1367     C   4.0 -0.04559506       0.60841465  0.25683773  2.02305752  0.70060691  0.45667826
 1368     C   4.0 -0.05208550       0.61283582  0.23066571  1.87156665  0.63346729  0.70355003
 1369     O   6.0 -0.30807156       1.14901483  0.41650754  3.62552047  1.02706486  0.08996386
 1370     C   4.0 -0.09792872       0.62447190  0.27634656  2.09180528  0.77179509  0.33350988
 1371     C   4.0 -0.11089511       0.63381368  0.28225926  2.10032535  0.79071343  0.30378340
 1372     C   4.0 -0.02087810       0.63993740  0.24947888  1.76002660  0.65557495  0.71586027
 1373     O   6.0 -0.30288368       1.17513001  0.42086878  3.57924139  1.04250643  0.08513706
 1374     O   6.0 -0.49135991       1.18816996  0.44647580  3.69484293  1.08657563  0.07529559
 1375     N   5.0  0.12589496       0.79924464  0.29074827  2.68369567  0.88313553  0.21728093
 1376     C   4.0 -0.00193990       0.62910533  0.26867205  1.97500670  0.72009858  0.40905724
 1377     C   4.0  0.00678691       0.62528121  0.23942433  1.83061016  0.64086135  0.65703604
 1378     O   6.0 -0.30438982       1.16616178  0.41307184  3.60511816  1.03130108  0.08873697
 1379     C   4.0 -0.08477549       0.63662130  0.27891552  2.05164677  0.74638499  0.37120690
 1380     C   4.0 -0.20399255       0.64127529  0.29383931  2.16995710  0.84340392  0.25551694
 1381     C   4.0 -0.19487354       0.64662915  0.29961988  2.15389705  0.84585115  0.24887630
 1382     N   5.0  0.12562234       0.79842591  0.29110977  2.69232142  0.87865663  0.21386393
 1383     C   4.0 -0.02322920       0.61957151  0.26453879  1.98606277  0.71828023  0.43477591
 1384     C   4.0 -0.01323851       0.63206679  0.24335960  1.82990497  0.64938313  0.65852403
 1385     O   6.0 -0.32428060       1.15945351  0.43689099  3.57902145  1.06760743  0.08130721
 1386     C   4.0 -0.11290044       0.63440239  0.28353053  2.09339416  0.78472081  0.31685254
 1387     C   4.0 -0.11926015       0.63834828  0.28470877  2.09876829  0.79643953  0.30099528
 1388     C   4.0 -0.06051265       0.63532519  0.24585268  1.78086150  0.65403676  0.74443652
 1389     O   6.0 -0.33981464       1.15958536  0.43014178  3.61132860  1.05161375  0.08714515
 1390     O   6.0 -0.51875939       1.19067740  0.44669670  3.71282113  1.09279454  0.07576962
 1391     N   5.0  0.10100046       0.80325276  0.29166046  2.69465458  0.89363536  0.21579638
 1392     C   4.0  0.00811811       0.62758756  0.26608583  1.97435135  0.71003538  0.41382177
 1393     C   4.0 -0.02666031       0.62277925  0.23769942  1.84646308  0.64028636  0.67943220
 1394     O   6.0 -0.29445420       1.15452802  0.41724274  3.59983432  1.03452733  0.08832179
 1395     C   4.0 -0.10689189       0.62257451  0.26635593  2.08399850  0.73730239  0.39666056
 1396     C   4.0 -0.17119076       0.63458216  0.28868541  2.15457916  0.83621737  0.25712665
 1397     C   4.0 -0.18034718       0.63097900  0.28736669  2.15926647  0.83922535  0.26350966
 1398     N   5.0  0.13134000       0.79288429  0.28890514  2.69353020  0.87961847  0.21372190
 1399     C   4.0 -0.01112495       0.61474872  0.26084512  1.99194503  0.70969070  0.43389538
 1400     C   4.0 -0.00506282       0.62572491  0.23941626  1.83795655  0.64488921  0.65707590
 1401     O   6.0 -0.35670669       1.17127299  0.42595258  3.62178814  1.05475864  0.08293434
 1402     C   4.0 -0.12872325       0.62541294  0.27734050  2.11927283  0.77210703  0.33458994
 1403     C   4.0 -0.15041002       0.63195843  0.28380802  2.12758833  0.77839102  0.32866422
 1404     C   4.0 -0.13324152       0.63153356  0.28186110  2.11889231  0.78310081  0.31785373
 1405     C   4.0 -0.08148947       0.63917279  0.28574705  2.07883960  0.74316543  0.33456459
 1406     N   5.0  0.31172994       0.74855065  0.30454507  2.52371389  0.90283406  0.20862639
 1407     N   5.0  0.13795314       0.79941308  0.29269925  2.67313045  0.88517159  0.21163249
 1408     C   4.0 -0.01361157       0.63314861  0.27113107  1.98718709  0.71993531  0.40220949
 1409     C   4.0 -0.01799974       0.62821925  0.24225882  1.83461577  0.65148535  0.66142055
 1410     O   6.0 -0.34202578       1.15999091  0.43519714  3.59797871  1.06631640  0.08254262
 1411     C   4.0 -0.00384264       0.64526528  0.28750676  1.95450813  0.74119934  0.37536313
 1412     O   6.0 -0.21897073       1.11375165  0.40481645  3.54995155  1.06799707  0.08245401
 1413     N   5.0  0.12406450       0.79802603  0.28921169  2.68713039  0.88481680  0.21675060
 1414     C   4.0 -0.03538250       0.61211658  0.25722963  2.00357360  0.70656216  0.45590054
 1415     C   4.0  0.03418215       0.63814402  0.24537033  1.80298680  0.64648697  0.63282974
 1416     O   6.0 -0.34697240       1.17083180  0.42879772  3.60171080  1.06400928  0.08162281
 1417     C   4.0 -0.10781792       0.61604732  0.26109314  2.09212565  0.72964036  0.40891144
 1418     C   4.0 -0.12600231       0.62959981  0.27984026  2.11412507  0.77567011  0.32676706
 1419     C   4.0 -0.16083158       0.63450718  0.28816590  2.15051514  0.83313024  0.25451313
 1420     C   4.0 -0.17790048       0.63378984  0.28936955  2.16009998  0.83401161  0.26062949
 1421     N   5.0  0.12444153       0.79403460  0.29002729  2.68220824  0.89380854  0.21547979
 1422     C   4.0 -0.00394868       0.62694144  0.26627293  1.97204655  0.71492809  0.42375967
 1423     C   4.0  0.03935875       0.64364946  0.25194395  1.79635239  0.64988160  0.61881386
 1424     O   6.0 -0.35165511       1.17157722  0.43040514  3.59961116  1.06840256  0.08165903
 1425     C   4.0 -0.12424903       0.61139286  0.26115268  2.10525692  0.72806872  0.41837785
 1426     C   4.0 -0.20000770       0.63361835  0.28673100  2.17491418  0.82729977  0.27744438
 1427     C   4.0 -0.17723599       0.62875932  0.28509733  2.16691965  0.82549568  0.27096402
 1428     N   5.0  0.12041371       0.79099250  0.28869289  2.69652182  0.88342127  0.21995781
 1429     C   4.0 -0.04812680       0.60981661  0.26025775  2.01756656  0.70537078  0.45511509
 1430     C   4.0 -0.01008850       0.62088704  0.23637764  1.84360856  0.63596933  0.67324594
 1431     O   6.0 -0.32671405       1.15783298  0.41858336  3.62243950  1.03764528  0.09021293
 1432     C   4.0 -0.11968038       0.63463557  0.28168869  2.11471570  0.77879739  0.30984304
 1433     C   4.0 -0.04667425       0.63726503  0.24796620  1.77186841  0.65609048  0.73348413
 1434     O   6.0 -0.31817587       1.15309024  0.42692938  3.61262047  1.03679419  0.08874159
 1435     O   6.0 -0.55573466       1.20177948  0.46288389  3.70034981  1.12189648  0.06882500
 1436     N   5.0  0.12039665       0.79731715  0.28961867  2.69262397  0.88277107  0.21727249
 1437     C   4.0 -0.03474165       0.61713511  0.26273945  2.00177133  0.70763311  0.44546265
 1438     C   4.0 -0.01492894       0.62407011  0.24018095  1.83836979  0.64016022  0.67214787
 1439     O   6.0 -0.31158662       1.15198684  0.42532337  3.60027337  1.04650185  0.08750120
 1440     C   4.0 -0.11012350       0.62239420  0.27563795  2.09645104  0.77402678  0.34161352
 1441     C   4.0 -0.04605662       0.63727903  0.25794819  2.03118688  0.72513004  0.39451248
 1442     C   4.0 -0.08728020       0.65113854  0.27725768  2.07678211  0.75853938  0.32356249
 1443     C   4.0 -0.04611028       0.64624220  0.27459493  2.05280519  0.75437747  0.31809049
 1444     C   4.0 -0.09183767       0.65311438  0.27937853  2.06766945  0.76658836  0.32508695
 1445     C   4.0 -0.05077402       0.64686114  0.27573496  2.04766589  0.76034550  0.32016652
 1446     C   4.0 -0.07600746       0.65116245  0.27783379  2.06133729  0.76504239  0.32063154
 1447     N   5.0  0.11340966       0.78947788  0.28622535  2.70558465  0.87981528  0.22548718
 1448     C   4.0 -0.01778688       0.62079227  0.26367146  1.98862183  0.71162365  0.43307766
 1449     C   4.0  0.00111782       0.63197130  0.24528052  1.82428211  0.64646672  0.65088154
 1450     O   6.0 -0.33560180       1.16025770  0.42932448  3.60539317  1.05629605  0.08433041
 1451     C   4.0 -0.09388810       0.62480390  0.26822740  2.07094836  0.73942140  0.39048704
 1452     C   4.0 -0.18706186       0.63749641  0.29157236  2.15660548  0.84298959  0.25839801
 1453     C   4.0 -0.17869814       0.63504165  0.28871441  2.15825069  0.83569974  0.26099165
 1454     N   5.0  0.12309109       0.79889709  0.29314217  2.68332726  0.89115804  0.21038435
 1455     C   4.0 -0.02729852       0.61746669  0.26259145  2.00524402  0.70991936  0.43207701
 1456     C   4.0 -0.01906087       0.62745392  0.23958386  1.84703356  0.63964997  0.66533955
 1457     O   6.0 -0.35839334       1.16339695  0.43866992  3.60697114  1.06645983  0.08289548
 1458     C   4.0 -0.11395390       0.62959206  0.28124586  2.11094218  0.76724271  0.32493109
 1459     C   4.0 -0.16058028       0.62661535  0.27849239  2.14426917  0.77046430  0.34073908
 1460     C   4.0 -0.14032337       0.62325704  0.27844772  2.13450402  0.77022119  0.33389341
 1461     C   4.0 -0.09973004       0.63705391  0.28368542  2.10193449  0.73253328  0.34452295
 1462     N   5.0  0.31561533       0.74758399  0.30717447  2.51400781  0.90694931  0.20866909
 1463     N   5.0  0.12028269       0.78752446  0.28657451  2.70946676  0.87248644  0.22366514
 1464     C   4.0 -0.06265558       0.60710144  0.25863218  2.02507454  0.70428650  0.46756091
 1465     C   4.0 -0.07032720       0.61740887  0.23450324  1.88816303  0.63108104  0.69917101
 1466     O   6.0 -0.38444498       1.15547585  0.43095949  3.66335201  1.04490912  0.08974850
 1467     C   4.0 -0.12873733       0.63201922  0.28087980  2.12219298  0.77753785  0.31610748
 1468     C   4.0 -0.07335727       0.63866478  0.24714702  1.78593236  0.65446644  0.74714667
 1469     O   6.0 -0.38128750       1.16126251  0.44459617  3.61339831  1.07654190  0.08548860
 1470     O   6.0 -0.54035454       1.19624817  0.45870841  3.70116830  1.11043566  0.07379400
 1471     N   5.0  0.12798140       0.79061079  0.28564996  2.69727677  0.86983332  0.22864776
 1472     C   4.0 -0.00222769       0.62240195  0.26624331  1.98671919  0.70533407  0.42152917
 1473     C   4.0 -0.04515839       0.62188518  0.23915866  1.86209035  0.64001542  0.68200877
 1474     O   6.0 -0.34528116       1.15681386  0.43369368  3.61539960  1.05378777  0.08558625
 1475     C   4.0 -0.11767700       0.61734062  0.27611518  2.09485590  0.77996202  0.34940328
 1476     C   4.0 -0.12323900       0.64557016  0.25566322  2.06108814  0.70292117  0.45799631
 1477     N   5.0 -0.21948009       0.94773793  0.36325544  2.77698290  0.93571913  0.19578468
 1478     C   4.0  0.00937354       0.63302237  0.25797725  2.07689404  0.67150593  0.35122687
 1479     C   4.0 -0.01745524       0.65733773  0.27509546  1.99642622  0.67851812  0.41007771
 1480     N   5.0  0.18133807       0.77489847  0.29188898  2.57391530  0.89588252  0.28207666
 1481     N   5.0  0.12852591       0.78740233  0.29136434  2.68532008  0.88692406  0.22046328
 1482     C   4.0 -0.05459862       0.63185132  0.28292215  2.03231251  0.75393669  0.35357595
 1483     C   4.0 -0.00178774       0.62855595  0.24209212  1.84050107  0.63247620  0.65816241
 1484     O   6.0 -0.37215199       1.16334248  0.43422583  3.63937783  1.04791492  0.08729093
 1485     N   5.0  0.19164011       0.78922069  0.27483511  2.68199241  0.83791327  0.22439840
 1486     C   4.0 -0.00570710       0.61824358  0.26245937  1.99283820  0.70549954  0.42666641
 1487     C   4.0 -0.00434171       0.62784135  0.24076346  1.83021647  0.64500469  0.66051575
 1488     O   6.0 -0.31028961       1.15565753  0.42322847  3.60279834  1.04289967  0.08570560
 1489     C   4.0 -0.09191325       0.63083345  0.28095889  2.10538834  0.77427614  0.30045643
 1490     C   4.0 -0.03319492       0.62765080  0.24175987  1.84925526  0.64804803  0.66648097
 1491     O   6.0 -0.39281540       1.16009331  0.43585655  3.65186143  1.05976418  0.08523994
 1492     N   5.0  0.08872143       0.79957676  0.30828559  2.71123904  0.93148431  0.16069287
 1493     N   5.0  0.12076791       0.80971467  0.29768622  2.66531259  0.90369788  0.20282073
 1494     C   4.0  0.00031067       0.63340944  0.26960513  1.96776491  0.72039817  0.40851167
 1495     C   4.0 -0.02578454       0.62755054  0.24018049  1.84282815  0.64384352  0.67138183
 1496     O   6.0 -0.35944794       1.15216208  0.42947319  3.64428878  1.04480243  0.08872146
 1497     C   4.0 -0.06717655       0.63438666  0.28466353  2.05101573  0.78912777  0.30798287
 1498     C   4.0 -0.04495564       0.64724219  0.26326755  2.01921582  0.73547320  0.37975689
 1499     C   4.0 -0.04579499       0.65025574  0.27936345  2.04411930  0.76459625  0.30746024
 1500     C   4.0 -0.08652388       0.64842099  0.27638382  2.07112873  0.76672634  0.32386400
 1501     C   4.0 -0.03395809       0.64671832  0.28091022  2.03318739  0.76681998  0.30632217
 1502     C   4.0 -0.08228355       0.64648265  0.27719089  2.06494915  0.76880209  0.32485877
 1503     C   4.0 -0.06436614       0.65098864  0.27942070  2.04746968  0.77295622  0.31353090
 1504     N   5.0  0.13645951       0.78881884  0.28650185  2.69619870  0.87340441  0.21861668
 1505     C   4.0 -0.04554240       0.61418104  0.25773427  2.02091354  0.69979253  0.45292101
 1506     C   4.0 -0.02475850       0.62781650  0.24024202  1.83986881  0.64983569  0.66699547
 1507     O   6.0 -0.34767375       1.15951073  0.43537167  3.60400069  1.06618151  0.08260915
 1508     C   4.0 -0.10728898       0.62969935  0.27804929  2.10208619  0.77125451  0.32619964
 1509     C   4.0 -0.12394245       0.63130802  0.28402072  2.10275662  0.78009388  0.32576321
 1510     C   4.0 -0.15425516       0.63303864  0.28311121  2.14210850  0.77079687  0.32519994
 1511     C   4.0 -0.08142644       0.63688463  0.28364205  2.07856047  0.74509460  0.33724469
 1512     N   5.0  0.32331701       0.74727267  0.30582765  2.50811273  0.90814215  0.20732780
 1513     N   5.0  0.12515222       0.81451583  0.29763654  2.66148084  0.90299657  0.19821800
 1514     C   4.0 -0.01124358       0.62810487  0.26770648  1.97911209  0.72239046  0.41392969
 1515     C   4.0  0.00031476       0.63197136  0.24183455  1.82698429  0.64628287  0.65261218
 1516     O   6.0 -0.33277649       1.16165268  0.42878893  3.60504031  1.05211252  0.08518204
 1517     C   4.0 -0.17642540       0.63361800  0.28708968  2.15402764  0.83379146  0.26789862
 1518     N   5.0  0.16021152       0.79131186  0.28794992  2.65193361  0.88965669  0.21893639
 1519     C   4.0 -0.01195883       0.61592937  0.26173681  1.99129564  0.70674318  0.43625384
 1520     C   4.0  0.02179652       0.63135821  0.24285129  1.81877691  0.64418955  0.64102753
 1521     O   6.0 -0.33482401       1.15952182  0.42582694  3.62144601  1.04433656  0.08369269
 1522     C   4.0 -0.11732145       0.62032449  0.27225021  2.09767085  0.77764159  0.34943430
 1523     C   4.0 -0.04483552       0.63275170  0.25762901  2.03315300  0.72595739  0.39534442
 1524     C   4.0 -0.05501175       0.64504880  0.27427107  2.05646938  0.75908867  0.32013384
 1525     C   4.0 -0.06971835       0.64500517  0.27521163  2.06601834  0.75971428  0.32376893
 1526     C   4.0 -0.04457694       0.64756548  0.27742708  2.03992498  0.76527762  0.31438177
 1527     C   4.0 -0.07588324       0.64485914  0.27677372  2.06175691  0.76638722  0.32610625
 1528     C   4.0 -0.05979906       0.64722115  0.27789485  2.05336893  0.76493977  0.31637437
 1529     N   5.0  0.15025665       0.78944939  0.28644109  2.67232609  0.88147563  0.22005115
 1530     C   4.0 -0.02876990       0.60540694  0.25587773  2.01715165  0.69631039  0.45402318
 1531     C   4.0 -0.01710625       0.62073219  0.23328428  1.85053223  0.63951889  0.67303867
 1532     O   6.0 -0.36205811       1.16384780  0.42568117  3.64216542  1.04659769  0.08376602
 1533     C   4.0 -0.12389433       0.62099636  0.26880920  2.11894506  0.76238434  0.35275938
 1534     C   4.0 -0.14151289       0.61018735  0.25952917  2.11674237  0.72726665  0.42778734
 1535     C   4.0 -0.18267750       0.63117671  0.28601500  2.15970808  0.83487266  0.27090504
 1536     C   4.0 -0.18183911       0.62509000  0.28308293  2.17099828  0.82470769  0.27796021
 1537     N   5.0  0.17483836       0.79134619  0.28946081  2.63866282  0.88635498  0.21933684
 1538     C   4.0 -0.01280665       0.61725664  0.25826120  2.01584744  0.69841300  0.42302836
 1539     C   4.0 -0.04304606       0.61824393  0.23239613  1.86057848  0.63911206  0.69271547
 1540     O   6.0 -0.33472140       1.15492952  0.42036545  3.63933229  1.03316197  0.08693216
 1541     C   4.0 -0.06017575       0.61425966  0.27054834  2.00693721  0.71152367  0.45690687
 1542     O   6.0 -0.18349481       1.09151852  0.38827863  3.56841302  1.02770919  0.10757545
 1543     N   5.0  0.15702471       0.79098636  0.28691277  2.66748416  0.87866208  0.21892992
 1544     C   4.0 -0.00495664       0.62367654  0.26374975  1.97975624  0.71493700  0.42283712
 1545     C   4.0  0.01861880       0.64331949  0.24966092  1.80687922  0.65880665  0.62271491
 1546     O   6.0 -0.36181387       1.17203534  0.44454902  3.58484948  1.08392444  0.07645559
 1547     C   4.0 -0.10023339       0.61901897  0.26203397  2.07935274  0.73749170  0.40233602
 1548     C   4.0 -0.14086880       0.62017488  0.27384919  2.12521160  0.77114534  0.35048778
 1549     C   4.0 -0.16382588       0.62983966  0.28712979  2.14939731  0.83893663  0.25852249
 1550     C   4.0 -0.19456561       0.62591559  0.28475922  2.17443287  0.83008635  0.27937157
 1551     N   5.0  0.14486366       0.79971337  0.29274774  2.65598363  0.89901060  0.20768100
 1552     C   4.0  0.04998232       0.63282716  0.27151611  1.93657190  0.72217739  0.38692512
 1553     C   4.0  0.06316295       0.64032745  0.24781775  1.78458393  0.65077771  0.61333021
 1554     O   6.0 -0.35132289       1.17634141  0.42479932  3.61185741  1.05638862  0.08193612
 1555     C   4.0 -0.08783257       0.62135941  0.27531427  2.05378157  0.79290032  0.34447700
 1556     C   4.0 -0.09544445       0.64054829  0.25233096  2.03198552  0.70852888  0.46205080
 1557     N   5.0 -0.25217901       0.88652515  0.34127656  2.78820926  1.01354876  0.22261928
 1558     C   4.0 -0.04661233       0.65129250  0.27701473  2.07189840  0.71787930  0.32852739
 1559     C   4.0  0.06087128       0.64879704  0.27364969  1.93575209  0.68373038  0.39719952
 1560     N   5.0  0.23566332       0.77764153  0.29374599  2.52972102  0.90356100  0.25966713
 1561     N   5.0  0.12760322       0.79697895  0.28998199  2.68091947  0.89280993  0.21170644
 1562     C   4.0 -0.03694492       0.61585808  0.26114163  2.00958347  0.71827954  0.43208220
 1563     C   4.0  0.01609404       0.62896287  0.24455360  1.80508494  0.64683388  0.65847066
 1564     O   6.0 -0.28462207       1.15496325  0.42482495  3.58260274  1.03846508  0.08376604
 1565     C   4.0 -0.01008043       0.63691127  0.28173655  1.96656066  0.73476315  0.39010879
 1566     O   6.0 -0.20902705       1.11416662  0.40069619  3.55029798  1.05948541  0.08438086
 1567     N   5.0  0.09006603       0.80647236  0.29475930  2.69794434  0.90475091  0.20600704
 1568     C   4.0  0.01525585       0.62793046  0.26868987  1.95964468  0.71667792  0.41180122
 1569     C   4.0  0.01470209       0.63385320  0.24445166  1.82163763  0.63930781  0.64604762
 1570     O   6.0 -0.33461689       1.16728842  0.42611107  3.61936665  1.03682831  0.08502244
 1571     C   4.0 -0.09750350       0.62363452  0.27687126  2.07897496  0.78437436  0.33364840
 1572     C   4.0 -0.05952179       0.63442379  0.25876206  2.04981810  0.72642031  0.39009753
 1573     C   4.0 -0.04198093       0.64250225  0.27542171  2.04648614  0.75104250  0.32652833
 1574     C   4.0 -0.05779887       0.64624417  0.27516228  2.04900742  0.75818469  0.32920032
 1575     C   4.0 -0.07997933       0.64876449  0.27709910  2.09067100  0.75801453  0.30543021
 1576     C   4.0 -0.09074438       0.65020752  0.27816603  2.09363139  0.76150943  0.30723002
 1577     C   4.0 -0.02209123       0.63225180  0.24856560  1.93633580  0.69242384  0.51251420
 1578     O   6.0 -0.16164307       1.10575032  0.39670241  3.49317884  1.05644181  0.10956968
 1579     N   5.0  0.11361712       0.79160827  0.28746781  2.69206429  0.88936618  0.22587633
 1580     C   4.0 -0.03966262       0.62014824  0.25945848  2.02092999  0.70218600  0.43693990
 1581     C   4.0 -0.02587945       0.62659985  0.24000496  1.84034997  0.64288829  0.67603638
 1582     O   6.0 -0.34474046       1.15393007  0.43113542  3.62269342  1.04996714  0.08701442
 1583     C   4.0 -0.04940820       0.62472498  0.27658495  2.00200832  0.71301617  0.43307377
 1584     O   6.0 -0.22875073       1.09998047  0.39724505  3.59666348  1.03178602  0.10307571
 1585     N   5.0  0.13913447       0.80242223  0.29552624  2.66578257  0.89379254  0.20334196
 1586     C   4.0 -0.01749257       0.62092543  0.26390171  1.98355985  0.72466519  0.42444039
 1587     C   4.0  0.01619411       0.63662833  0.24717931  1.80918998  0.65670255  0.63410572
 1588     O   6.0 -0.37779156       1.17011750  0.43533510  3.62486553  1.06720459  0.08026883
 1589     C   4.0 -0.12787056       0.63628489  0.28392318  2.11306596  0.78064674  0.31394979
 1590     C   4.0 -0.10004277       0.62850589  0.27885389  2.10228264  0.78278095  0.30761940
 1591     C   4.0 -0.01803594       0.63282382  0.24558987  1.82696652  0.65359759  0.65905813
 1592     O   6.0 -0.35658712       1.15649331  0.43298641  3.62415683  1.05714929  0.08580128
 1593     N   5.0  0.06018465       0.80992591  0.31297565  2.71587509  0.95366743  0.14737127
 1594     N   5.0  0.14414055       0.79861093  0.29221296  2.66730845  0.88914034  0.20858677
 1595     C   4.0 -0.03258696       0.61211890  0.25811914  2.01127487  0.70611963  0.44495443
 1596     C   4.0  0.00831094       0.62617993  0.23893733  1.82126397  0.64491253  0.66039529
 1597     O   6.0 -0.29973250       1.16181183  0.42100105  3.58808649  1.04343513  0.08539802
 1598     C   4.0 -0.11930058       0.62103230  0.27065402  2.11785030  0.76072253  0.34904142
 1599     C   4.0 -0.12395495       0.62259370  0.26696020  2.09684134  0.73660789  0.40095182
 1600     C   4.0 -0.19810531       0.63469738  0.28905523  2.16679668  0.83746913  0.27008688
 1601     C   4.0 -0.19734782       0.64113843  0.29236993  2.16619813  0.84045303  0.25718829
 1602     N   5.0  0.13339338       0.80398130  0.29185840  2.66329640  0.89674473  0.21072579
 1603     C   4.0 -0.01739780       0.61965168  0.26263162  1.99065393  0.71215227  0.43230829
 1604     C   4.0  0.02903606       0.63545483  0.24310097  1.80945647  0.64629416  0.63665751
 1605     O   6.0 -0.37506028       1.16719687  0.43037981  3.63625228  1.05916137  0.08206996
 1606     C   4.0 -0.12111977       0.62858027  0.27626842  2.10863489  0.77431570  0.33332048
 1607     C   4.0 -0.10891726       0.62081391  0.26646551  2.09031850  0.73274514  0.39857420
 1608     C   4.0 -0.17740703       0.62839544  0.28563330  2.16352934  0.83009438  0.26975457
 1609     C   4.0 -0.19625765       0.63200176  0.28606316  2.16806662  0.83728911  0.27283699
 1610     N   5.0  0.15201340       0.79119533  0.29043299  2.66365111  0.88840258  0.21430459
 1611     C   4.0 -0.03014720       0.61603951  0.26051378  2.00651008  0.70823318  0.43885065
 1612     C   4.0 -0.01314877       0.62267751  0.23576897  1.83502877  0.64196631  0.67770721
 1613     O   6.0 -0.28885718       1.15501761  0.42123032  3.58710420  1.03922653  0.08627852
 1614     C   4.0 -0.11677798       0.62913990  0.27416229  2.10701722  0.77190669  0.33455187
 1615     C   4.0 -0.13289041       0.61198378  0.26130328  2.11006480  0.72875668  0.42078187
 1616     C   4.0 -0.18517872       0.62910813  0.28476182  2.16794980  0.82599042  0.27736855
 1617     C   4.0 -0.19527209       0.63148373  0.28475508  2.17297989  0.83328901  0.27276437
 1618     N   5.0  0.12443802       0.80089337  0.29207021  2.67822665  0.89479336  0.20957839
 1619     C   4.0  0.01653571       0.62663573  0.26682907  1.96337736  0.71855910  0.40806303
 1620     C   4.0 -0.02809297       0.62292486  0.23658258  1.85088462  0.63595910  0.68174180
 1621     O   6.0 -0.33428574       1.15933406  0.42237076  3.62667823  1.03916460  0.08673808
 1622     C   4.0 -0.08530694       0.62970889  0.28036049  2.06543535  0.78636862  0.32343359
 1623     C   4.0 -0.04908695       0.64665580  0.26482791  2.02890682  0.73673628  0.37196014
 1624     C   4.0 -0.05912365       0.64960086  0.27795085  2.04416627  0.76279987  0.32460580
 1625     C   4.0 -0.03906552       0.64931613  0.27775782  2.02965838  0.76412591  0.31820727
 1626     C   4.0 -0.09837463       0.65097648  0.27702996  2.09405714  0.76626371  0.31004734
 1627     C   4.0 -0.06012524       0.64781821  0.27955133  2.06560987  0.76879306  0.29835277
 1628     C   4.0  0.02072581       0.63965440  0.25448948  1.90714782  0.70297883  0.47500365
 1629     O   6.0 -0.15011184       1.12577903  0.38882732  3.49096560  1.04552931  0.09901057
 1630     N   5.0  0.10448183       0.81344390  0.27720141  2.67932683  0.85893440  0.26661162
 1631     C   4.0 -0.00375473       0.63441390  0.26806235  1.98098648  0.71307868  0.40721332
 1632     C   4.0 -0.00583113       0.63549584  0.24581470  1.82260376  0.64877634  0.65314049
 1633     O   6.0 -0.34259703       1.15949321  0.43575159  3.59704208  1.06582692  0.08448323
 1634     C   4.0 -0.10294652       0.63160795  0.28065261  2.10869545  0.76734431  0.31464620
 1635     C   4.0 -0.11872812       0.62984538  0.27859503  2.12458688  0.76541285  0.32028798
 1636     C   4.0 -0.04245142       0.63658953  0.28135791  2.03230619  0.73859803  0.35359975
 1637     N   5.0  0.10279989       0.79835653  0.29028219  2.69540465  0.89389163  0.21926511
 1638     C   4.0 -0.00072469       0.62178814  0.26448670  1.98739004  0.70543931  0.42162049
 1639     C   4.0 -0.02262556       0.62471771  0.23758920  1.84130245  0.64193599  0.67708021
 1640     O   6.0 -0.32652823       1.14943278  0.42163369  3.62855411  1.03720558  0.08970208
 1641     C   4.0 -0.12574911       0.62769049  0.27560592  2.09294486  0.78371161  0.34579622
 1642     C   4.0 -0.06713285       0.64287692  0.26214024  2.04232854  0.73722415  0.38256300
 1643     C   4.0 -0.03657783       0.64473623  0.27644345  2.03841954  0.75461675  0.32236185
 1644     C   4.0 -0.06521509       0.64967442  0.27948821  2.04898101  0.76263465  0.32443681
 1645     C   4.0 -0.05783688       0.64930183  0.27775410  2.07146496  0.76150617  0.29780983
 1646     C   4.0 -0.09371121       0.64936447  0.27844790  2.09710652  0.76205215  0.30674018
 1647     C   4.0 -0.01121065       0.63069385  0.24847808  1.92644626  0.69183499  0.51375747
 1648     O   6.0 -0.14158434       1.09574747  0.38552126  3.50979793  1.03738466  0.11313302
 1649     N   5.0  0.11231297       0.79737771  0.29322305  2.70506465  0.88400757  0.20801404
 1650     C   4.0 -0.02430419       0.62763065  0.27881992  2.01605803  0.75130548  0.35049011
 1651     C   4.0  0.00642731       0.62951589  0.24291036  1.82353926  0.64350146  0.65410573
 1652     O   6.0 -0.31899225       1.15091288  0.42237601  3.62121916  1.03627911  0.08820510
 1653     N   5.0  0.09568869       0.80738187  0.29660004  2.70221919  0.89560327  0.20250694
 1654     C   4.0 -0.02499218       0.62232542  0.26402241  1.98611230  0.71691911  0.43561295
 1655     C   4.0 -0.04374444       0.62616605  0.23952003  1.85057533  0.64153835  0.68594469
 1656     O   6.0 -0.33701040       1.15247643  0.43305683  3.61009526  1.05459964  0.08678223
 1657     C   4.0 -0.09935851       0.62863809  0.27912971  2.07695162  0.78666386  0.32797522
 1658     C   4.0 -0.07411981       0.63924700  0.26118928  2.05615646  0.73330298  0.38422409
 1659     C   4.0 -0.04120437       0.64274478  0.27329558  2.04327846  0.75251506  0.32937049
 1660     C   4.0 -0.08487811       0.64616597  0.27761993  2.06636226  0.75858541  0.33614455
 1661     C   4.0 -0.04930665       0.64560664  0.27579647  2.07339889  0.75623637  0.29826828
 1662     C   4.0 -0.10319607       0.65205604  0.28001782  2.10299075  0.76338790  0.30474355
 1663     C   4.0 -0.00327152       0.63206214  0.24894872  1.92062348  0.69297321  0.50866396
 1664     O   6.0 -0.13345226       1.10399997  0.39209846  3.48195022  1.04683399  0.10856961
 1665     N   5.0  0.12131882       0.79441035  0.28854576  2.68339294  0.89049345  0.22183868
 1666     C   4.0 -0.02425936       0.63054174  0.26913673  1.99102372  0.71819893  0.41535825
 1667     C   4.0  0.02678519       0.63993496  0.25052857  1.80300403  0.65274480  0.62700245
 1668     O   6.0 -0.33044891       1.16470349  0.44050395  3.57847965  1.06910428  0.07765754
 1669     C   4.0 -0.00636813       0.63956231  0.27251738  1.93786639  0.69983494  0.45658711
 1670     O   6.0 -0.22976674       1.12455058  0.40152770  3.56975639  1.04704231  0.08688976
 1671     C   4.0 -0.19211151       0.63683486  0.29071075  2.17528188  0.83979797  0.24948605
 1672     N   5.0  0.07924571       0.80574697  0.29605806  2.70724332  0.90019691  0.21150902
 1673     C   4.0 -0.00874164       0.62411499  0.26691926  1.98629087  0.71648586  0.41493067
 1674     C   4.0 -0.00393659       0.63418043  0.24270807  1.83052337  0.64063242  0.65589230
 1675     O   6.0 -0.34968912       1.16193616  0.43670070  3.60494709  1.06219780  0.08390736
 1676     C   4.0 -0.03128816       0.62835574  0.26970163  1.95983326  0.69439465  0.47900288
 1677     O   6.0 -0.23780168       1.11438739  0.39868686  3.58636022  1.04170305  0.09666417
 1678     C   4.0 -0.22953651       0.64710426  0.29925638  2.18734765  0.83360904  0.26221917
 1679     N   5.0  0.10590346       0.80091125  0.29099900  2.69226813  0.89292097  0.21699719
 1680     C   4.0 -0.05161144       0.61507779  0.26228565  2.01111412  0.70871484  0.45441903
 1681     C   4.0 -0.02602866       0.62788093  0.24305882  1.83558267  0.64552043  0.67398580
 1682     O   6.0 -0.29042808       1.14640772  0.42780277  3.58508980  1.04430810  0.08681968
 1683     C   4.0 -0.11952567       0.63030899  0.28208095  2.10931695  0.76936516  0.32845363
 1684     C   4.0 -0.12019790       0.63493127  0.28324527  2.11990690  0.77122024  0.31089423
 1685     C   4.0 -0.05425044       0.63177365  0.24285415  1.85637403  0.64773223  0.67551639
 1686     O   6.0 -0.39337532       1.16016757  0.44058627  3.63747621  1.06769943  0.08744584
 1687     N   5.0  0.08784189       0.80656540  0.31223220  2.69815618  0.94090718  0.15429715
 1688     N   5.0  0.07892008       0.80890685  0.29744923  2.70167798  0.90455434  0.20849152
 1689     C   4.0 -0.01920722       0.62456703  0.26661110  1.99717820  0.71275435  0.41809654
 1690     C   4.0 -0.01634995       0.62610972  0.23886390  1.84709460  0.63971545  0.66456629
 1691     O   6.0 -0.38299418       1.15954399  0.43195045  3.65572691  1.05003640  0.08573643
 1692     C   4.0 -0.05815391       0.63028735  0.27855262  2.00465208  0.71059465  0.43406720
 1693     O   6.0 -0.19787948       1.10592091  0.39739805  3.55880010  1.03506866  0.10069175
 1694     N   5.0  0.14153086       0.79190236  0.28788248  2.67910236  0.88173655  0.21784539
 1695     C   4.0 -0.00957761       0.61955214  0.26270434  1.97695017  0.71299389  0.43737707
 1696     C   4.0 -0.00274976       0.63165045  0.24335539  1.83433646  0.63643385  0.65697361
 1697     O   6.0 -0.34366787       1.16009784  0.42980489  3.62226307  1.04692209  0.08457998
 1698     C   4.0 -0.10266558       0.61420876  0.26149282  2.08657169  0.72935170  0.41104061
 1699     C   4.0 -0.15701337       0.62613332  0.27550828  2.14361995  0.76365957  0.34809224
 1700     C   4.0 -0.18208068       0.63000137  0.28544456  2.17213660  0.82614845  0.26834970
 1701     C   4.0 -0.18848167       0.63508421  0.28833026  2.16866171  0.83552742  0.26087807
 1702     N   5.0  0.07474390       0.80590361  0.27389064  2.71089077  0.85295966  0.28161141
 1703     C   4.0 -0.02673078       0.62473583  0.26556009  2.00818324  0.69826674  0.42998487
 1704     C   4.0 -0.01928771       0.62911576  0.24223863  1.83955938  0.64429960  0.66407435
 1705     O   6.0 -0.36322896       1.16065538  0.43757305  3.61965525  1.06071126  0.08463402
 1706     C   4.0 -0.14020235       0.62911361  0.28083390  2.14334941  0.74934728  0.33755814
 1707     C   4.0 -0.15395043       0.62853360  0.28152919  2.16010809  0.74767862  0.33610093
 1708     C   4.0 -0.08963168       0.62790400  0.27713510  2.07440841  0.72534525  0.38483892
 1709     N   5.0  0.11947203       0.79964948  0.29178011  2.69493145  0.88084996  0.21331698
 1710     C   4.0 -0.02718028       0.61561882  0.25971046  2.00446635  0.69925512  0.44812951
 1711     C   4.0 -0.01463930       0.62059647  0.23260178  1.84921104  0.63429484  0.67793518
 1712     O   6.0 -0.31333816       1.16072130  0.42370713  3.60033798  1.04479581  0.08377594
 1713     C   4.0 -0.12537001       0.62873518  0.27646509  2.12656295  0.77272812  0.32087867
 1714     C   4.0 -0.08567993       0.62810773  0.24082282  1.80112231  0.64931411  0.76631296
 1715     O   6.0 -0.52614861       1.18625438  0.44885096  3.72249961  1.09083408  0.07770958
 1716     O   6.0 -0.27875395       1.15663660  0.42174339  3.57415807  1.03563699  0.09057889
 1717     N   5.0  0.12781532       0.79007798  0.28615376  2.68864596  0.87962204  0.22768493
 1718     C   4.0 -0.02440540       0.60897100  0.25733611  2.00436175  0.70831464  0.44542190
 1719     C   4.0 -0.03024706       0.61818945  0.23698892  1.85418355  0.63560712  0.68527801
 1720     O   6.0 -0.28818967       1.14795470  0.41564733  3.61527598  1.02047026  0.08884140
 1721     C   4.0 -0.13675908       0.62291336  0.27634940  2.12736785  0.76620467  0.34392380
 1722     C   4.0 -0.14147873       0.62404305  0.27590305  2.13639700  0.76762114  0.33751449
 1723     C   4.0 -0.16130645       0.62981218  0.28260291  2.14000738  0.77198812  0.33689586
 1724     C   4.0 -0.08363950       0.63571143  0.28325859  2.09470868  0.72761571  0.34234508
 1725     N   5.0  0.32542335       0.74416274  0.29806706  2.52124929  0.89944923  0.21164832
 1726     N   5.0  0.08166933       0.80058664  0.28937739  2.71704894  0.88413006  0.22718763
 1727     C   4.0 -0.01085568       0.62822688  0.26852655  1.98999220  0.70950976  0.41460029
 1728     C   4.0 -0.02705547       0.62282777  0.23982389  1.84294343  0.64562659  0.67583379
 1729     O   6.0 -0.31111872       1.15330982  0.42741343  3.59729826  1.04810166  0.08499553
 1730     C   4.0 -0.06115907       0.62561530  0.26700702  1.97506905  0.69419283  0.49927487
 1731     O   6.0 -0.22155313       1.11306465  0.39699933  3.56542599  1.04341185  0.10265131
 1732     C   4.0 -0.21965481       0.64648968  0.29997173  2.18568468  0.83250244  0.25500628
 1733     N   5.0  0.11052511       0.79033035  0.28686631  2.70512033  0.87986478  0.22729313
 1734     C   4.0 -0.05970548       0.61208415  0.26057154  2.01385188  0.71113962  0.46205829
 1735     C   4.0  0.05379170       0.64575857  0.25100049  1.78920698  0.65207507  0.60816719
 1736     O   6.0 -0.34945860       1.17774534  0.43122631  3.59554708  1.06617564  0.07876423
 1737     C   4.0 -0.14538831       0.62997788  0.28064910  2.12529230  0.77132900  0.33814003
 1738     C   4.0 -0.10897031       0.64103222  0.28644022  2.09712666  0.79067861  0.29369260
 1739     C   4.0  0.04150531       0.63929737  0.24606815  1.72763526  0.64039125  0.70510267
 1740     O   6.0 -0.32417175       1.17027223  0.42442185  3.59144580  1.05159402  0.08643785
 1741     O   6.0 -0.41313927       1.20210695  0.41379929  3.65083170  1.06020701  0.08619432
 1742     N   5.0  0.12508613       0.80626410  0.29749507  2.67463201  0.89588475  0.20063794
 1743     C   4.0 -0.01474667       0.62282604  0.26484925  1.98406255  0.71518016  0.42782867
 1744     C   4.0 -0.01499133       0.61993998  0.23629078  1.84133023  0.63519497  0.68223536
 1745     O   6.0 -0.25462200       1.14983559  0.41496414  3.56899917  1.03137803  0.08944507
 1746     C   4.0 -0.11788313       0.62810981  0.27537197  2.10848898  0.77472551  0.33118686
 1747     C   4.0 -0.13227063       0.61783808  0.26457703  2.10628676  0.73122168  0.41234707
 1748     C   4.0 -0.18272237       0.63437635  0.28662941  2.16296989  0.83144870  0.26729802
 1749     C   4.0 -0.19839465       0.63087344  0.28535330  2.17677039  0.82881275  0.27658476
 1750     N   5.0  0.10357573       0.78336382  0.28123710  2.72428119  0.86942917  0.23811300
 1751     C   4.0 -0.02028555       0.60693878  0.25778696  2.00123954  0.70003402  0.45428625
 1752     C   4.0 -0.01250841       0.61833227  0.23555841  1.84988779  0.63153519  0.67719477
 1753     O   6.0 -0.30363354       1.15226483  0.41901588  3.61173904  1.03268042  0.08793336
 1754     C   4.0 -0.09568964       0.63198668  0.28045842  2.09493542  0.77968760  0.30862153
 1755     C   4.0 -0.00085698       0.64329100  0.25081104  1.81981951  0.65984483  0.62709060
 1756     O   6.0 -0.44174694       1.17867696  0.45097610  3.63589883  1.09636596  0.07982908
 1757     N   5.0  0.09942023       0.80608016  0.31066647  2.69076794  0.94219491  0.15087028
 1758     N   5.0  0.10259455       0.78637075  0.28422862  2.72046471  0.87092495  0.23541642
 1759     C   4.0 -0.04273199       0.61392826  0.26083478  2.01715517  0.70308398  0.44772980
 1760     C   4.0 -0.08208426       0.60912198  0.22940816  1.88776702  0.63105710  0.72473001
 1761     O   6.0 -0.29768346       1.13526106  0.41500768  3.63398170  1.01923889  0.09419413
 1762     C   4.0 -0.09940044       0.64126605  0.29041332  2.07378620  0.78640233  0.30753254
 1763     C   4.0 -0.11889535       0.64598888  0.29403630  2.08558840  0.80433828  0.28894350
 1764     C   4.0  0.01408521       0.65352714  0.25885433  1.79748482  0.66457123  0.61147727
 1765     O   6.0 -0.43042281       1.17567194  0.45028996  3.62996495  1.09380999  0.08068597
 1766     N   5.0  0.06370065       0.81550401  0.31650227  2.69437611  0.96027625  0.14964071
 1767     N   5.0  0.12142580       0.78689742  0.28456208  2.71031338  0.86966661  0.22713471
 1768     C   4.0 -0.02427717       0.61804265  0.26056349  1.99702799  0.70672011  0.44192292
 1769     C   4.0 -0.02813777       0.62464380  0.23962265  1.84442073  0.64145370  0.67799688
 1770     O   6.0 -0.29348245       1.15184867  0.41874826  3.59761250  1.03627139  0.08900162
 1771     C   4.0 -0.09347839       0.62050259  0.26720473  2.07952160  0.73350747  0.39274200
 1772     C   4.0 -0.16608218       0.64020956  0.29272726  2.14324957  0.84479016  0.24510563
 1773     C   4.0 -0.20600958       0.63553810  0.28874543  2.17561132  0.83153339  0.27458134
 1774     N   5.0  0.11886886       0.79769742  0.28904137  2.69697791  0.88066873  0.21674570
 1775     C   4.0 -0.01251002       0.61515176  0.26255241  1.99667293  0.70799658  0.43013635
 1776     C   4.0 -0.00582189       0.62364227  0.23759574  1.83552790  0.63970482  0.66935117
 1777     O   6.0 -0.29989988       1.15680707  0.42093438  3.59618843  1.04069328  0.08527672
 1778     C   4.0 -0.15931959       0.63420099  0.28805235  2.14734459  0.83240338  0.25731828
 1779     N   5.0  0.10709639       0.79801720  0.28956389  2.70785594  0.88325587  0.21421070
 1780     C   4.0 -0.01230412       0.61902821  0.26410201  1.98595542  0.71210763  0.43111085
 1781     C   4.0 -0.00933152       0.62600672  0.24158803  1.83838278  0.64113958  0.66221441
 1782     O   6.0 -0.32520604       1.15762985  0.42516455  3.60757279  1.04904106  0.08579778
 1783     C   4.0 -0.12759805       0.62553346  0.27674890  2.11842388  0.76915076  0.33774105
 1784     C   4.0 -0.15103758       0.62520677  0.27765378  2.13338447  0.77115908  0.34363348
 1785     C   4.0 -0.16007602       0.62638122  0.27918047  2.14677101  0.76500995  0.34273337
 1786     C   4.0 -0.10632232       0.63207340  0.28076127  2.10815173  0.72478826  0.36054765
 1787     N   5.0  0.30352530       0.74723345  0.30683184  2.52600086  0.90186971  0.21453885
 1788     N   5.0  0.10324750       0.79008210  0.28600955  2.71606916  0.87360859  0.23098310
 1789     C   4.0 -0.05919796       0.61387044  0.25990763  2.03435177  0.70323989  0.44782823
 1790     C   4.0 -0.05768532       0.61597276  0.23426202  1.86808199  0.64353932  0.69582923
 1791     O   6.0 -0.32754564       1.15413296  0.42810276  3.60815835  1.05090243  0.08624914
 1792     C   4.0 -0.01466665       0.64101279  0.28565246  1.97493410  0.72270362  0.39036368
 1793     O   6.0 -0.24641157       1.11772764  0.40742859  3.56943470  1.06481984  0.08700079
 1794     N   5.0  0.14014707       0.79566807  0.28894877  2.68481940  0.87523717  0.21517953
 1795     C   4.0 -0.00484828       0.62258840  0.26567400  1.98452073  0.71425796  0.41780720
 1796     C   4.0 -0.03697371       0.62148136  0.23636815  1.85357594  0.63948487  0.68606339
 1797     O   6.0 -0.29201392       1.14995456  0.42376590  3.58866608  1.04280207  0.08682532
 1798     C   4.0 -0.15545692       0.63607770  0.28976065  2.13945514  0.83850400  0.25165942
 1799     N   5.0  0.11530875       0.79418164  0.28530723  2.70813990  0.87462106  0.22244142
 1800     C   4.0 -0.01098383       0.61619502  0.26088420  1.98621386  0.70627211  0.44141864
 1801     C   4.0  0.03927440       0.63862514  0.24827090  1.79755470  0.64898220  0.62729266
 1802     O   6.0 -0.33670225       1.17079711  0.43519691  3.58048177  1.07112861  0.07909786
 1803     C   4.0 -0.12814305       0.61202163  0.25746778  2.10965163  0.73192559  0.41707643
 1804     C   4.0 -0.20579378       0.63878745  0.29215473  2.16171753  0.83489722  0.27823684
 1805     C   4.0 -0.17297215       0.63533217  0.28813243  2.15179032  0.82965195  0.26806528
 1806     N   5.0  0.09792252       0.80552065  0.29507121  2.69520456  0.89776811  0.20851294
 1807     C   4.0 -0.04231170       0.62648416  0.26979208  1.99434489  0.72223468  0.42945589
 1808     C   4.0 -0.01845717       0.63427907  0.24498273  1.83822310  0.64352247  0.65744979
 1809     O   6.0 -0.33983183       1.15427744  0.43273279  3.60926545  1.05704096  0.08651519
 1810     C   4.0 -0.19573542       0.64544493  0.29961047  2.15837204  0.83696339  0.25534459
 1811     N   5.0  0.10036498       0.79898512  0.29026622  2.70034164  0.88748053  0.22256151
 1812     C   4.0 -0.03828407       0.61942947  0.26538327  2.01034236  0.70791298  0.43521599
 1813     C   4.0 -0.05102874       0.60842460  0.22947510  1.87868613  0.62834169  0.70610122
 1814     O   6.0 -0.27331458       1.14810669  0.40726620  3.61190772  1.01117936  0.09485461
 1815     C   4.0 -0.16811416       0.64085519  0.29503313  2.14777368  0.83503252  0.24941963
 1816     N   5.0  0.14299659       0.77321297  0.27718723  2.70164812  0.85852572  0.24642938
 1817     C   4.0 -0.00151972       0.61771196  0.26448694  1.98511416  0.70652446  0.42768221
 1818     C   4.0 -0.04901382       0.62125582  0.24004045  1.86200875  0.64002907  0.68567973
 1819     O   6.0 -0.31898071       1.14657354  0.42615837  3.61834693  1.04047793  0.08742394
 1820     C   4.0 -0.11277943       0.63255399  0.27814317  2.10217613  0.77754588  0.32236025
 1821     C   4.0 -0.11141236       0.61831295  0.26666096  2.09221148  0.73458119  0.39964578
 1822     C   4.0 -0.18549873       0.63077390  0.28597993  2.16468024  0.83320755  0.27085711
 1823     C   4.0 -0.19546640       0.63532758  0.28727323  2.17005986  0.83511156  0.26769418
 1824     N   5.0  0.12069600       0.78494734  0.28456429  2.71232069  0.86887059  0.22860111
 1825     C   4.0 -0.00451070       0.61061192  0.25964788  1.99755561  0.70114581  0.43554948
 1826     C   4.0 -0.02479708       0.61724555  0.23414958  1.85542965  0.63563126  0.68234104
 1827     O   6.0 -0.34468271       1.16165900  0.42643428  3.62821293  1.04382399  0.08455252
 1828     C   4.0 -0.11905573       0.62565780  0.27759707  2.11136055  0.77014184  0.33429847
 1829     C   4.0 -0.16132505       0.62712413  0.27963650  2.13714343  0.77518073  0.34224026
 1830     C   4.0 -0.15240045       0.62903208  0.28255615  2.13372868  0.77325194  0.33383161
 1831     C   4.0 -0.09922510       0.63701743  0.28510854  2.09477419  0.73435709  0.34796786
 1832     N   5.0  0.31866590       0.74746710  0.30449003  2.51429194  0.90534434  0.20974069
 1833     N   5.0  0.12097465       0.79066306  0.28589916  2.70163250  0.87461102  0.22621960
 1834     C   4.0 -0.05755234       0.62048393  0.26277310  2.02257770  0.71424237  0.43747524
 1835     C   4.0 -0.01891259       0.63223964  0.24396396  1.83645171  0.64867976  0.65757752
 1836     O   6.0 -0.39029490       1.16997826  0.44430593  3.61685324  1.07784846  0.08130901
 1837     C   4.0 -0.03381377       0.64168048  0.28858775  1.98261631  0.71880931  0.40211993
 1838     O   6.0 -0.22454076       1.10584271  0.39871687  3.58522773  1.04246262  0.09229084
 1839     N   5.0  0.13459342       0.80177051  0.29459754  2.66393727  0.89567965  0.20942162
 1840     C   4.0 -0.00674886       0.62391126  0.26541224  1.99210238  0.70627545  0.41904753
 1841     C   4.0 -0.05670319       0.62021691  0.23521820  1.85874337  0.63951468  0.70301004
 1842     O   6.0 -0.33505240       1.14721835  0.43075940  3.62290490  1.04396942  0.09020034
 1843     C   4.0 -0.14119833       0.61786640  0.26709181  2.13281310  0.75895822  0.36446880
 1844     C   4.0 -0.16049944       0.60571235  0.25931132  2.13032639  0.72463000  0.44051938
 1845     C   4.0 -0.17385330       0.63598889  0.29100254  2.15758318  0.83303836  0.25624033
 1846     C   4.0 -0.22527690       0.63966608  0.29384798  2.19424170  0.81682394  0.28069720
 1847     N   5.0  0.11039607       0.79562205  0.29040077  2.70630562  0.87844852  0.21882696
 1848     C   4.0 -0.03369483       0.61857820  0.26108265  2.01195186  0.70190392  0.44017819
 1849     C   4.0 -0.05984920       0.62026137  0.23435099  1.87274438  0.63384621  0.69864625
 1850     O   6.0 -0.34749766       1.15414369  0.43382972  3.62171113  1.05076581  0.08704729
 1851     C   4.0 -0.10617112       0.62637854  0.27845609  2.09068906  0.77212037  0.33852706
 1852     C   4.0 -0.09155592       0.63111776  0.25521663  2.07412159  0.72468048  0.40641946
 1853     C   4.0 -0.09215190       0.64780796  0.27560040  2.07355142  0.75293827  0.34225385
 1854     C   4.0 -0.04757438       0.64138496  0.27182481  2.05456102  0.74570341  0.33410018
 1855     C   4.0 -0.09848247       0.65444481  0.27922183  2.09314013  0.76314771  0.30852799
 1856     C   4.0 -0.05810042       0.64269519  0.27477029  2.08581835  0.74943250  0.30538409
 1857     C   4.0  0.01659399       0.63551152  0.25113747  1.91290027  0.69244589  0.49141087
 1858     O   6.0 -0.14681667       1.11160612  0.39320278  3.48466486  1.05751637  0.09982654
 1859     N   5.0  0.12158065       0.80138826  0.29650179  2.68479621  0.88822821  0.20750488
 1860     C   4.0 -0.05128350       0.63675886  0.28418887  2.02442336  0.75803246  0.34787995
 1861     C   4.0 -0.03092310       0.63018256  0.24275854  1.84363502  0.64847927  0.66586770
 1862     O   6.0 -0.35572165       1.15836787  0.43748677  3.60846376  1.06623226  0.08517099
 1863     N   5.0  0.11331320       0.80690604  0.29291075  2.67388433  0.89878082  0.21420485
 1864     C   4.0 -0.02138534       0.62668914  0.26556155  2.00136501  0.71035349  0.41741616
 1865     C   4.0 -0.02733166       0.62450892  0.23878393  1.84767741  0.64555836  0.67080305
 1866     O   6.0 -0.33249577       1.15710759  0.43558756  3.59782481  1.05963883  0.08233698
 1867     C   4.0 -0.03488680       0.61919266  0.26279220  1.96580255  0.69228125  0.49481814
 1868     O   6.0 -0.21049308       1.10266411  0.38760096  3.58838761  1.03222710  0.09961330
 1869     C   4.0 -0.18153184       0.63832724  0.29025021  2.16606718  0.83827202  0.24861518
 1870     N   5.0  0.12796036       0.78794360  0.28532764  2.68147862  0.88355330  0.23373648
 1871     C   4.0 -0.05458543       0.61801523  0.26091975  2.03185904  0.70496537  0.43882604
 1872     C   4.0 -0.00719699       0.62853301  0.23986840  1.83535004  0.64385863  0.65958692
 1873     O   6.0 -0.35260686       1.16194236  0.43207598  3.62149286  1.05288380  0.08421185
 1874     C   4.0 -0.07354259       0.63506567  0.28132468  2.01174366  0.71719080  0.42821776
 1875     O   6.0 -0.21582189       1.10478425  0.40430054  3.55806172  1.05139858  0.09727681
 1876     N   5.0  0.14204852       0.79552400  0.29141960  2.66660136  0.88965571  0.21475081
 1877     C   4.0 -0.02094276       0.61559957  0.26040900  2.00515699  0.70456500  0.43521219
 1878     C   4.0 -0.04322834       0.62328196  0.23500966  1.86176264  0.63610080  0.68707329
 1879     O   6.0 -0.38950737       1.15942013  0.43433043  3.65347195  1.05549201  0.08679284
 1880     C   4.0 -0.10650093       0.62265801  0.27387121  2.08905870  0.77382529  0.34708772
 1881     C   4.0 -0.08687904       0.63685095  0.25756747  2.06722927  0.73026553  0.39496583
 1882     C   4.0 -0.07026021       0.64558917  0.27647018  2.05867475  0.75820608  0.33132001
 1883     C   4.0 -0.06082689       0.64353979  0.27340811  2.05287939  0.75478925  0.33621035
 1884     C   4.0 -0.06583901       0.64344102  0.27607879  2.08650964  0.75716668  0.30264287
 1885     C   4.0 -0.05672418       0.64363098  0.27367026  2.08412343  0.75147659  0.30382292
 1886     C   4.0 -0.00527645       0.62078863  0.24421091  1.93315560  0.68335001  0.52377129
 1887     O   6.0 -0.08688003       1.09284103  0.38145420  3.46352768  1.03821635  0.11084077
 1888     N   5.0  0.13380090       0.78533816  0.28440794  2.69232380  0.87468037  0.22944882
 1889     C   4.0 -0.02071849       0.61812568  0.26354489  1.99828047  0.70871259  0.43205486
 1890     C   4.0  0.03832704       0.64102846  0.24575810  1.79829961  0.64830886  0.62827793
 1891     O   6.0 -0.33886660       1.17311513  0.43045416  3.59838438  1.05728453  0.07962839
 1892     C   4.0 -0.11618379       0.62658739  0.27540839  2.11458445  0.75673106  0.34287250
 1893     C   4.0 -0.17077474       0.62961394  0.28112662  2.14739662  0.76625249  0.34638507
 1894     C   4.0 -0.15276336       0.62863821  0.28266722  2.14294660  0.76547676  0.33303457
 1895     C   4.0 -0.08679544       0.63660282  0.28325012  2.09769404  0.72818388  0.34106458
 1896     N   5.0  0.33021047       0.74418122  0.30139914  2.52608228  0.89005592  0.20807097
 1897     N   5.0  0.10237465       0.80859971  0.29620540  2.68310076  0.90315020  0.20656927
 1898     C   4.0 -0.01866435       0.62048584  0.26247117  1.99144584  0.71324657  0.43101493
 1899     C   4.0 -0.01597727       0.63232958  0.24146631  1.84607673  0.64254974  0.65355491
 1900     O   6.0 -0.41665309       1.17017078  0.44306847  3.64305317  1.07782134  0.08253932
 1901     C   4.0 -0.11689466       0.62120533  0.27309436  2.09678817  0.77694565  0.34886116
 1902     C   4.0 -0.06754784       0.64068091  0.25933063  2.05041981  0.72997463  0.38714187
 1903     C   4.0 -0.05947013       0.64999032  0.27727839  2.04726380  0.76003180  0.32490581
 1904     C   4.0 -0.04562558       0.64942247  0.27721560  2.03722835  0.75991070  0.32184846
 1905     C   4.0 -0.07983397       0.65560287  0.28162849  2.07942325  0.76620440  0.29697496
 1906     C   4.0 -0.08599059       0.65231127  0.27875283  2.08838052  0.76452157  0.30202440
 1907     C   4.0 -0.02002595       0.63128608  0.25008211  1.93274844  0.69529225  0.51061707
 1908     O   6.0 -0.15405931       1.10039830  0.39238438  3.50239003  1.04719344  0.11169316
 1909     N   5.0  0.14839366       0.78907973  0.28751957  2.66905105  0.88613677  0.21981922
 1910     C   4.0 -0.04725855       0.62452519  0.27610460  2.04547054  0.74091299  0.36024524
 1911     C   4.0 -0.01794943       0.61989772  0.23594718  1.84965891  0.64153120  0.67091443
 1912     O   6.0 -0.31764741       1.16059101  0.42613018  3.60675216  1.04171592  0.08245815
 1913     N   5.0  0.11408529       0.79511714  0.28858423  2.69581336  0.88679796  0.21960201
 1914     C   4.0  0.00193862       0.62243694  0.26550275  1.98956853  0.71217199  0.40838117
 1915     C   4.0  0.00413217       0.62885267  0.24069707  1.83196735  0.64150177  0.65284897
 1916     O   6.0 -0.36022533       1.16927528  0.42221123  3.63997233  1.04413903  0.08462746
 1917     C   4.0 -0.04027281       0.63245904  0.27969521  1.98841745  0.72652839  0.41317271
 1918     O   6.0 -0.21019814       1.10665154  0.39823040  3.56694424  1.04629126  0.09208069
 1919     N   5.0  0.15713802       0.79389924  0.28817075  2.66096818  0.88370258  0.21612122
 1920     C   4.0 -0.01073866       0.61894655  0.26166123  1.98874229  0.71132471  0.43006388
 1921     C   4.0 -0.00902648       0.61966020  0.23708241  1.83801395  0.64249398  0.67177595
 1922     O   6.0 -0.32335465       1.16136336  0.42383468  3.60646439  1.04755163  0.08414058
 1923     C   4.0 -0.08713787       0.62735844  0.26898038  2.06142163  0.74191800  0.38745942
 1924     C   4.0 -0.13704611       0.63209605  0.28187796  2.11367154  0.78313257  0.32626798
 1925     C   4.0 -0.17392037       0.64353317  0.29494467  2.14306748  0.84628579  0.24608925
 1926     C   4.0 -0.17366463       0.64254016  0.29667929  2.14323336  0.84435278  0.24685904
 1927     N   5.0  0.12883664       0.78382444  0.28348067  2.70818502  0.86858284  0.22709038
 1928     C   4.0 -0.04675931       0.60395044  0.25256968  2.01989830  0.70109119  0.46924971
 1929     C   4.0 -0.05629229       0.61758250  0.23482658  1.86875457  0.63501078  0.70011786
 1930     O   6.0 -0.32017043       1.14335799  0.42520964  3.62767887  1.03356650  0.09035742
 1931     C   4.0 -0.09339530       0.61967027  0.26369208  2.07714397  0.73259310  0.40029587
 1932     C   4.0 -0.16032108       0.62793422  0.27945417  2.13617468  0.77238180  0.34437622
 1933     C   4.0 -0.18556868       0.64717972  0.29644725  2.15776193  0.83743513  0.24674465
 1934     C   4.0 -0.20276752       0.64078003  0.29300404  2.17230606  0.83536270  0.26131469
 1935     N   5.0  0.10728406       0.79887974  0.29238969  2.71152806  0.87897569  0.21094275
 1936     C   4.0 -0.01547664       0.62818307  0.26711288  1.99127710  0.71138047  0.41752313
 1937     C   4.0 -0.05186775       0.62113655  0.23642804  1.86705697  0.63507724  0.69216897
 1938     O   6.0 -0.34944704       1.15360236  0.43511406  3.61765778  1.05479351  0.08827933
 1939     C   4.0 -0.04555739       0.62438655  0.26600161  1.96580893  0.69848189  0.49087841
 1940     O   6.0 -0.17262769       1.11405766  0.39192951  3.54304051  1.03107446  0.09252554
 1941     C   4.0 -0.20916013       0.64410853  0.29827228  2.17783588  0.83230700  0.25663644
 1942     N   5.0  0.11993336       0.78380132  0.28221667  2.70230299  0.87126416  0.24048150
 1943     C   4.0 -0.04780373       0.61247736  0.25646013  2.03491998  0.69713098  0.44681528
 1944     C   4.0 -0.06606472       0.61594921  0.23298474  1.87468874  0.63668132  0.70576070
 1945     O   6.0 -0.33654492       1.15063202  0.43393248  3.61378431  1.05015868  0.08803742
 1946     C   4.0 -0.02063300       0.61795461  0.26096413  1.96526152  0.68535417  0.49109858
 1947     O   6.0 -0.19628092       1.11306965  0.38733187  3.55914056  1.04069325  0.09604557
 1948     C   4.0 -0.19484389       0.63335872  0.28736338  2.18016779  0.82847431  0.26547968
 1949     N   5.0  0.14733665       0.78989267  0.28625467  2.67330575  0.87626719  0.22694305
 1950     C   4.0 -0.01638635       0.62291729  0.26393336  1.99414492  0.70661923  0.42877154
 1951     C   4.0  0.00477451       0.63787895  0.24520518  1.82389355  0.64715657  0.64109124
 1952     O   6.0 -0.37999897       1.16938829  0.44569868  3.60063672  1.08231449  0.08196078
 1953     C   4.0 -0.14285885       0.61097920  0.25908056  2.11870092  0.72670127  0.42739689
 1954     C   4.0 -0.16216726       0.62386441  0.27589628  2.14229161  0.76751010  0.35260486
 1955     C   4.0 -0.19238368       0.63574028  0.29248402  2.17426920  0.81883648  0.27105371
 1956     C   4.0 -0.18507188       0.63859802  0.29399881  2.16365868  0.82951961  0.25929676
 1957     N   5.0  0.11586479       0.79860514  0.28861597  2.69138235  0.88578254  0.21974921
 1958     C   4.0 -0.02493267       0.61918414  0.26185876  2.01253366  0.70159149  0.42976461
 1959     C   4.0 -0.03989074       0.60948825  0.22947824  1.87278914  0.62997505  0.69816006
 1960     O   6.0 -0.30040022       1.15540707  0.42924181  3.59285498  1.03966364  0.08323272
 1961     C   4.0 -0.12023641       0.62954074  0.27963382  2.09514564  0.77330141  0.34261480
 1962     C   4.0 -0.07116008       0.63880062  0.26011777  2.05066705  0.72867362  0.39290102
 1963     C   4.0 -0.06989837       0.65430272  0.28050426  2.05465740  0.75846466  0.32196933
 1964     C   4.0 -0.05540221       0.64758259  0.27746689  2.05335999  0.75151730  0.32547545
 1965     C   4.0 -0.10933957       0.65873760  0.28143471  2.08986712  0.76889522  0.31040491
 1966     C   4.0 -0.08964972       0.65283877  0.27811727  2.08690578  0.75986533  0.31192258
 1967     C   4.0  0.01154341       0.64687657  0.25619012  1.90988517  0.70161611  0.47388862
 1968     O   6.0 -0.17044948       1.12007654  0.40812984  3.46790469  1.07872510  0.09561332
 1969     N   5.0  0.12814451       0.77145797  0.27525240  2.71403813  0.85837767  0.25272932
 1970     C   4.0 -0.06282225       0.59415847  0.24747230  2.05025429  0.69044532  0.48049187
 1971     C   4.0 -0.07604000       0.61031240  0.23013300  1.88006020  0.63420610  0.72132830
 1972     O   6.0 -0.31836632       1.14001799  0.42192984  3.63607419  1.02788162  0.09246269
 1973     C   4.0 -0.12550526       0.62397826  0.27745530  2.12607187  0.75508943  0.34291040
 1974     C   4.0 -0.11401397       0.62366092  0.27363405  2.12562597  0.76743233  0.32366070
 1975     C   4.0 -0.03996404       0.63119382  0.24345917  1.84346169  0.65448642  0.66736294
 1976     O   6.0 -0.37578932       1.16501260  0.44333050  3.60734534  1.07823923  0.08186165
 1977     N   5.0  0.06217805       0.80805445  0.30979159  2.71738005  0.94155377  0.16104209
 1978     N   5.0  0.13248204       0.79749542  0.28853348  2.68077660  0.88389352  0.21681894
 1979     C   4.0 -0.01974637       0.61871266  0.26423359  1.99771452  0.70952494  0.42956065
 1980     C   4.0 -0.04398118       0.61820608  0.23307037  1.86413592  0.63286366  0.69570515
 1981     O   6.0 -0.31140807       1.14186132  0.42468503  3.62341046  1.03236544  0.08908582
 1982     C   4.0 -0.17530260       0.63727951  0.29234591  2.15447760  0.83088070  0.26031888
 1983     N   5.0  0.12086180       0.78945440  0.28530297  2.69009191  0.88330320  0.23098573
 1984     C   4.0 -0.02275646       0.61234808  0.26038459  2.01241535  0.70761947  0.42998897
 1985     C   4.0 -0.02137745       0.62970883  0.24096106  1.83517018  0.64370282  0.67183456
 1986     O   6.0 -0.30168439       1.14881015  0.42943701  3.58404493  1.05244881  0.08694349
 1987     C   4.0 -0.05018133       0.63239181  0.27727124  1.99374110  0.72857274  0.41820444
 1988     O   6.0 -0.19363577       1.10324645  0.39769742  3.55144298  1.05274251  0.08850640
 1989     N   5.0  0.08999661       0.81393623  0.30241242  2.69040763  0.91014335  0.19310376
 1990     C   4.0 -0.03277421       0.63208008  0.27930039  2.01586008  0.75892369  0.34660996
 1991     C   4.0 -0.03556672       0.61870068  0.23739548  1.85184103  0.64391290  0.68371663
 1992     O   6.0 -0.28285485       1.15135276  0.41816729  3.59745944  1.02833551  0.08753984
 1993     N   5.0  0.12232434       0.79230767  0.29104725  2.68014359  0.89333242  0.22084473
 1994     C   4.0 -0.05076323       0.62102222  0.27428424  2.04681689  0.74344853  0.36519135
 1995     C   4.0 -0.03829066       0.62219971  0.23668830  1.86056548  0.64228335  0.67655381
 1996     O   6.0 -0.36058032       1.15685141  0.43082729  3.63126934  1.05609697  0.08553532
 1997     N   5.0  0.14178464       0.79052961  0.28782418  2.67682356  0.88201776  0.22102025
 1998     C   4.0 -0.02711648       0.61834610  0.26087984  2.00562757  0.71458764  0.42767532
 1999     C   4.0  0.00218380       0.62580818  0.24048379  1.82638896  0.64613369  0.65900158
 2000     O   6.0 -0.31518661       1.16220415  0.42626014  3.59243464  1.05076578  0.08352189
 2001     C   4.0 -0.04764986       0.62364292  0.27568221  1.98985732  0.72932491  0.42914250
 2002     O   6.0 -0.18187502       1.09924471  0.39596820  3.54804695  1.04474974  0.09386542
 2003     N   5.0  0.12380350       0.79459882  0.29099408  2.68672967  0.88665882  0.21721511
 2004     C   4.0 -0.03627089       0.61448294  0.25709906  2.00134724  0.71371631  0.44962534
 2005     C   4.0  0.02159617       0.63705122  0.24604501  1.81220990  0.64764386  0.63545383
 2006     O   6.0 -0.34521682       1.16815662  0.43212122  3.60072374  1.06388947  0.08032576
 2007     C   4.0 -0.09063677       0.61655617  0.26209167  2.07383668  0.73344210  0.40471016
 2008     C   4.0 -0.14185120       0.62438852  0.27668411  2.12723273  0.77423573  0.33931012
 2009     C   4.0 -0.15823217       0.63037097  0.28755841  2.14733922  0.83534241  0.25762116
 2010     C   4.0 -0.17750182       0.63057208  0.28742766  2.15927774  0.83717000  0.26305434
 2011     N   5.0  0.12103512       0.79966736  0.29154497  2.68993801  0.88579780  0.21201674
 2012     C   4.0 -0.03743034       0.61090237  0.25946018  2.00775099  0.70694545  0.45237136
 2013     C   4.0  0.00533097       0.62884980  0.24038506  1.83442825  0.63868622  0.65231969
 2014     O   6.0 -0.34905007       1.16297650  0.42987147  3.61287212  1.05908358  0.08424639
 2015     C   4.0 -0.11334116       0.62294066  0.27349970  2.12439132  0.77164392  0.32086557
 2016     C   4.0 -0.12054492       0.61218184  0.23395810  1.82328773  0.64482982  0.80628743
 2017     O   6.0 -0.30365153       1.13212311  0.41985604  3.63449502  1.02444640  0.09273096
 2018     O   6.0 -0.43721148       1.17375898  0.42947981  3.70507681  1.04444793  0.08444794
 2019     N   5.0  0.11615607       0.78573734  0.28332397  2.70577061  0.87627816  0.23273385
 2020     C   4.0 -0.03842159       0.61519605  0.26053855  2.00135654  0.71296559  0.44836486
 2021     C   4.0  0.02433533       0.63496137  0.24663989  1.81398457  0.64820091  0.63187793
 2022     O   6.0 -0.37211453       1.17275918  0.43010014  3.63347781  1.05485836  0.08091904
 2023     C   4.0 -0.07554216       0.61992925  0.27724290  2.06328654  0.77970567  0.33537779
 2024     C   4.0 -0.11197148       0.63103604  0.25293869  2.11276394  0.71370947  0.40152333
 2025     C   4.0 -0.04817414       0.64902288  0.27169386  2.05691874  0.70294029  0.36759838
 2026     C   4.0 -0.09850871       0.61835307  0.24312477  2.08696187  0.69704588  0.45302313
 2027     N   5.0  0.09281056       0.78497386  0.29148093  2.67197126  0.89263701  0.26612637
 2028     C   4.0 -0.08116323       0.62210917  0.24116124  2.05312848  0.67169456  0.49306977
 2029     C   4.0 -0.06652670       0.63058007  0.26773915  2.08070445  0.73706350  0.35043954
 2030     C   4.0 -0.08424718       0.63785875  0.27582175  2.09361470  0.74944486  0.32750713
 2031     C   4.0 -0.08422456       0.64062428  0.27223635  2.08635157  0.75772305  0.32728931
 2032     C   4.0 -0.07985662       0.64040035  0.27332574  2.07129622  0.75696200  0.33787231
 2033     N   5.0  0.14721753       0.79022074  0.29003885  2.67106956  0.88221556  0.21923776
 2034     C   4.0 -0.03779552       0.61622864  0.25817895  2.01740909  0.70927365  0.43670519
 2035     C   4.0 -0.04652976       0.61416763  0.23343217  1.87277448  0.63291991  0.69323557
 2036     O   6.0 -0.32093954       1.15003097  0.42129573  3.62937045  1.03225404  0.08798834
 2037     C   4.0 -0.04008694       0.61849004  0.27406013  1.99131864  0.72122243  0.43499570
 2038     O   6.0 -0.17235690       1.09185326  0.38732931  3.57045746  1.02432942  0.09838745
 2039     N   5.0  0.14295555       0.77001971  0.27703732  2.70593464  0.85720044  0.24685233
 2040     C   4.0 -0.02644046       0.60563397  0.25678232  2.01008230  0.69940211  0.45453975
 2041     C   4.0 -0.01284183       0.62421554  0.23994602  1.84449303  0.63693252  0.66725471
 2042     O   6.0 -0.33528518       1.16028547  0.42515951  3.62153494  1.04083082  0.08747443
 2043     C   4.0 -0.09081107       0.62202990  0.27570915  2.08080506  0.77821414  0.33405281
 2044     C   4.0 -0.05186728       0.63900232  0.25933123  2.04014289  0.72931986  0.38407098
 2045     C   4.0 -0.03457376       0.64927924  0.27739415  2.03094935  0.76120450  0.31574652
 2046     C   4.0 -0.06608185       0.64754570  0.27514213  2.05541885  0.75835592  0.32961925
 2047     C   4.0 -0.06785495       0.65255547  0.27804828  2.06921005  0.76642987  0.30161129
 2048     C   4.0 -0.09239740       0.64920068  0.27760246  2.09035993  0.76320918  0.31202516
 2049     C   4.0  0.00745442       0.63857520  0.25379163  1.91627944  0.69982563  0.48407369
 2050     O   6.0 -0.16912274       1.10911846  0.39247325  3.51580751  1.05145794  0.10026557
 2051     N   5.0  0.12298252       0.79531229  0.29057953  2.69952852  0.87883893  0.21275823
 2052     C   4.0 -0.02147672       0.61447930  0.26139954  2.00135672  0.70740925  0.43683191
 2053     C   4.0 -0.05515286       0.61916357  0.23626429  1.87071490  0.63895498  0.69005511
 2054     O   6.0 -0.37584113       1.15936542  0.43685725  3.63313484  1.06064078  0.08584284
 2055     C   4.0 -0.08179235       0.62939566  0.28025436  2.09360415  0.77462937  0.30390880
 2056     C   4.0  0.02834034       0.63657629  0.24548039  1.81056416  0.64801854  0.63102028
 2057     O   6.0 -0.32899003       1.17379522  0.42035678  3.59402430  1.05283260  0.08798113
 2058     N   5.0  0.09776400       0.80607754  0.31022829  2.68525183  0.94652975  0.15414859
 2059     N   5.0  0.12865822       0.79326934  0.28875905  2.69543916  0.87268069  0.22119354
 2060     C   4.0 -0.00153067       0.62719655  0.26881164  1.98028123  0.71376689  0.41147435
 2061     C   4.0 -0.04596622       0.62773418  0.23883730  1.86266160  0.63657750  0.68015563
 2062     O   6.0 -0.36813511       1.15565956  0.43359458  3.64042306  1.05041274  0.08804517
 2063     C   4.0 -0.10529281       0.62718958  0.27996761  2.09653282  0.77289137  0.32871143
 2064     C   4.0 -0.12565449       0.61829829  0.27356786  2.13308376  0.76736546  0.33333913
 2065     C   4.0 -0.03222244       0.63157243  0.24497777  1.83913839  0.65349489  0.66303896
 2066     O   6.0 -0.39816661       1.16496730  0.44103026  3.63120425  1.07477933  0.08618547
 2067     N   5.0  0.09099930       0.80840069  0.31496298  2.68594533  0.95317304  0.14651866
 2068     N   5.0  0.11617482       0.79125786  0.29184490  2.69970059  0.88159254  0.21942929
 2069     C   4.0 -0.05749407       0.62989849  0.28032801  2.03880715  0.74532638  0.36313404
 2070     C   4.0 -0.01986020       0.63425422  0.24315563  1.83616376  0.64518210  0.66110449
 2071     O   6.0 -0.35783086       1.15771294  0.43817374  3.61433244  1.06150490  0.08610684
 2072     N   5.0  0.12374618       0.81085950  0.29684511  2.66578072  0.89928076  0.20348773
 2073     C   4.0 -0.00664716       0.61882901  0.25967154  1.99682373  0.69967814  0.43164474
 2074     C   4.0 -0.05446471       0.61317253  0.22946018  1.87269974  0.63178377  0.70734850
 2075     O   6.0 -0.28381765       1.14934552  0.42103609  3.59703517  1.02932775  0.08707311
 2076     C   4.0 -0.11731698       0.60555589  0.25660783  2.10990781  0.72134364  0.42390181
 2077     C   4.0 -0.17418160       0.62068349  0.27235150  2.15067250  0.76338427  0.36708985
 2078     C   4.0 -0.16681751       0.62508500  0.28232363  2.16577679  0.82104863  0.27258347
 2079     C   4.0 -0.18145232       0.63483834  0.28955841  2.16313463  0.83271450  0.26120643
 2080     N   5.0  0.11248814       0.78265756  0.28009984  2.70664257  0.87118623  0.24692566
 2081     C   4.0 -0.04999331       0.60751051  0.25537005  2.02999765  0.69970918  0.45740593
 2082     C   4.0 -0.04100450       0.61879820  0.23654297  1.85935664  0.64315358  0.68315312
 2083     O   6.0 -0.31868525       1.15167964  0.42725489  3.61756885  1.03802696  0.08415492
 2084     C   4.0 -0.12647494       0.62751997  0.27858248  2.12587750  0.75778314  0.33671185
 2085     C   4.0 -0.13545708       0.61939847  0.27367875  2.13463920  0.76204392  0.34569673
 2086     C   4.0 -0.14495888       0.62394637  0.27636370  2.13728088  0.76973975  0.33762819
 2087     C   4.0 -0.09249378       0.63392514  0.28171217  2.09813821  0.72855359  0.35016466
 2088     N   5.0  0.32217412       0.74250984  0.30045584  2.52865493  0.89306238  0.21314288
 2089     N   5.0  0.13434409       0.79765570  0.28951457  2.67271566  0.88550314  0.22026683
 2090     C   4.0 -0.02092751       0.62142968  0.26254982  1.99174005  0.71191163  0.43329633
 2091     C   4.0  0.00462834       0.63436848  0.24253646  1.82116205  0.65156619  0.64573849
 2092     O   6.0 -0.32649210       1.16570497  0.43011466  3.59229910  1.05612469  0.08224869
 2093     C   4.0 -0.09402979       0.62258822  0.27648714  2.08457690  0.77826749  0.33211004
 2094     C   4.0 -0.06592291       0.63643384  0.25667620  2.05254996  0.72625998  0.39400294
 2095     C   4.0 -0.05768181       0.64560622  0.27326068  2.05141044  0.75482956  0.33257491
 2096     C   4.0 -0.05486810       0.64678413  0.27525896  2.04652292  0.75699610  0.32930601
 2097     C   4.0 -0.08208952       0.64660454  0.27674216  2.09514815  0.75671664  0.30687804
 2098     C   4.0 -0.08081956       0.65064889  0.27971616  2.08429998  0.76458357  0.30157095
 2099     C   4.0 -0.00519661       0.63084614  0.25167608  1.92557400  0.69513527  0.50196511
 2100     O   6.0 -0.16806162       1.10159266  0.38491738  3.53786600  1.03702611  0.10665947
 2101     N   5.0  0.14314749       0.80615407  0.29507074  2.64671016  0.90031853  0.20859901
 2102     C   4.0 -0.00917322       0.62746435  0.26645508  1.99394757  0.71342801  0.40787821
 2103     C   4.0 -0.01882920       0.62659627  0.23879801  1.84270763  0.64835800  0.66236928
 2104     O   6.0 -0.38376475       1.16489959  0.43570143  3.63593459  1.06519133  0.08203782
 2105     C   4.0  0.00196205       0.63814855  0.28388527  1.96169960  0.73340490  0.38089963
 2106     O   6.0 -0.18716768       1.11989391  0.39534336  3.53963149  1.04850417  0.08379475
 2107     N   5.0  0.16935229       0.79016662  0.28907114  2.64776617  0.88707983  0.21656395
 2108     C   4.0 -0.00993152       0.62100840  0.26246348  1.99101347  0.70962277  0.42582341
 2109     C   4.0 -0.04572571       0.61595237  0.23291408  1.86024797  0.64300893  0.69360236
 2110     O   6.0 -0.32395866       1.15224445  0.42292029  3.62317026  1.03874895  0.08687472
 2111     C   4.0 -0.09017561       0.62640089  0.27693510  2.07129490  0.78085274  0.33469199
 2112     C   4.0 -0.03886677       0.64006382  0.26020682  2.02441829  0.72817200  0.38600583
 2113     C   4.0 -0.06699909       0.64716196  0.27352589  2.05949289  0.76051421  0.32630414
 2114     C   4.0 -0.05546163       0.64457363  0.27453414  2.05600339  0.75638354  0.32396693
 2115     C   4.0 -0.07017422       0.64963472  0.27845252  2.05622900  0.76904219  0.31681579
 2116     C   4.0 -0.06951234       0.64858210  0.27746338  2.05667907  0.76837504  0.31841275
 2117     C   4.0 -0.08402437       0.65003967  0.27718201  2.06155849  0.77041583  0.32482837
 2118     N   5.0  0.16444481       0.78526264  0.28695962  2.66182292  0.88204709  0.21946293
 2119     C   4.0  0.01448790       0.62285060  0.26348853  1.97835279  0.70975031  0.41106988
 2120     C   4.0  0.03535328       0.63688511  0.24340847  1.80530655  0.64442329  0.63462330
 2121     O   6.0 -0.36594462       1.16843224  0.42629376  3.63173342  1.05542329  0.08406192
 2122     C   4.0 -0.04477318       0.61708719  0.26037335  1.96799409  0.69259562  0.50672293
 2123     O   6.0 -0.17977725       1.10051501  0.38724354  3.55442071  1.03410873  0.10348927
 2124     C   4.0 -0.16265790       0.63093394  0.28801382  2.16227448  0.82803719  0.25339848
 2125     N   5.0  0.13721740       0.79536211  0.29065716  2.66943949  0.89310896  0.21421486
 2126     C   4.0 -0.01039363       0.62140304  0.26470912  1.97949523  0.71263604  0.43215021
 2127     C   4.0  0.03720184       0.64111370  0.24556409  1.80169898  0.64677012  0.62765127
 2128     O   6.0 -0.34972763       1.17579889  0.42599735  3.60691690  1.05875996  0.08225453
 2129     C   4.0 -0.09247516       0.61966443  0.27347684  2.07883316  0.77999425  0.34050648
 2130     C   4.0 -0.03737696       0.63879406  0.25958508  2.02139544  0.72927891  0.38832346
 2131     C   4.0 -0.04599652       0.64848399  0.27606472  2.04610717  0.75936647  0.31597416
 2132     C   4.0 -0.07172983       0.64711154  0.27388400  2.06101960  0.76216759  0.32754711
 2133     C   4.0 -0.06188053       0.64618814  0.27705058  2.05407745  0.76652804  0.31803632
 2134     C   4.0 -0.07473317       0.64868081  0.27764711  2.06088096  0.76732442  0.32019988
 2135     C   4.0 -0.07712775       0.64583993  0.27651399  2.06365234  0.76628149  0.32484000
 2136     N   5.0  0.14677909       0.79684699  0.29041073  2.65758002  0.89329544  0.21508774
 2137     C   4.0  0.01246507       0.62862360  0.26928589  1.96316171  0.71803662  0.40842711
 2138     C   4.0  0.03779734       0.64011830  0.24730468  1.79895091  0.64792678  0.62790199
 2139     O   6.0 -0.36265631       1.16532159  0.42847371  3.63463759  1.05167332  0.08255009
 2140     C   4.0 -0.13209311       0.62786067  0.27846131  2.11699581  0.77823932  0.33053600
 2141     C   4.0 -0.12660421       0.63511431  0.28135771  2.10963136  0.78985594  0.31064489
 2142     C   4.0 -0.05197395       0.62980336  0.24230425  1.78108573  0.65367694  0.74510366
 2143     O   6.0 -0.35408507       1.15988255  0.43061221  3.61825621  1.06287634  0.08245776
 2144     O   6.0 -0.38269699       1.18476260  0.43029082  3.62578297  1.06147766  0.08038295
 2145     N   5.0  0.13420546       0.78788525  0.28831220  2.67675430  0.89199492  0.22084788
 2146     C   4.0 -0.01641088       0.62263155  0.26712245  1.97811025  0.72055973  0.42798690
 2147     C   4.0  0.07647818       0.65652108  0.25710636  1.75872129  0.65619008  0.59498300
 2148     O   6.0 -0.33924268       1.17358053  0.43320405  3.58244252  1.07002464  0.07999094
 2149     C   4.0 -0.12496032       0.62748361  0.27561647  2.11038899  0.77582787  0.33564338
 2150     C   4.0 -0.11526242       0.61624461  0.26436427  2.09523296  0.73378070  0.40563988
 2151     C   4.0 -0.16981144       0.63346761  0.28688651  2.14779043  0.84025665  0.26141023
 2152     C   4.0 -0.18052155       0.62976098  0.28531787  2.16453195  0.83198258  0.26892817
 2153     N   5.0  0.09930019       0.81322515  0.29837373  2.67805427  0.91421264  0.19683401
 2154     C   4.0 -0.01205887       0.62196946  0.26615325  1.98049986  0.71700852  0.42642778
 2155     C   4.0  0.01031262       0.63496453  0.24570602  1.81148684  0.65406200  0.64346799
 2156     O   6.0 -0.33306106       1.16808760  0.43996337  3.57254207  1.07347327  0.07899474
 2157     C   4.0 -0.11623822       0.62349397  0.27378938  2.10642338  0.77301224  0.33951926
 2158     C   4.0 -0.12333669       0.62002611  0.27600509  2.12282622  0.76619706  0.33828221
 2159     C   4.0 -0.09573364       0.62196982  0.27309039  2.05600017  0.74218579  0.40248746
 2160     N   5.0  0.09654050       0.78455949  0.29209098  2.72605896  0.89644808  0.20430199
 2161     C   4.0 -0.01787907       0.61724037  0.23234533  1.88392007  0.63852258  0.64585072
 2162     N   5.0  0.06267244       0.79257506  0.30657956  2.75918716  0.93508938  0.14389640
 2163     N   5.0  0.06396626       0.79289567  0.30756402  2.74464792  0.94699326  0.14393286
 2164     N   5.0  0.11042555       0.80157542  0.29259741  2.68865955  0.89672989  0.21001218
 2165     C   4.0 -0.02043279       0.61415082  0.26138020  1.99436420  0.71133667  0.43920089
 2166     C   4.0  0.05376358       0.64135456  0.24678303  1.79299581  0.64993973  0.61516328
 2167     O   6.0 -0.35991446       1.17772937  0.44004488  3.60164237  1.06604525  0.07445258
 2168     C   4.0 -0.12655863       0.63788009  0.28174514  2.11275280  0.78581910  0.30836151
 2169     C   4.0  0.04198768       0.64551032  0.25517687  1.72245467  0.65415415  0.68071631
 2170     O   6.0 -0.43799956       1.19488478  0.44342744  3.66509533  1.06341013  0.07118188
 2171     O   6.0 -0.33807027       1.18554437  0.42856392  3.58015680  1.06337979  0.08042538
 2172     N   5.0  0.10573999       0.80152720  0.29510453  2.70329261  0.88523713  0.20909854
 2173     C   4.0 -0.03823249       0.61906624  0.26007512  2.01282406  0.70686552  0.43940156
 2174     C   4.0 -0.00041714       0.63919604  0.24602896  1.82223856  0.64753491  0.64541867
 2175     O   6.0 -0.38908107       1.16864884  0.44223499  3.62314689  1.07312220  0.08192815
 2176     C   4.0 -0.06805052       0.62019187  0.26355094  1.98973495  0.68518014  0.50939262
 2177     O   6.0 -0.23127748       1.10948706  0.39135104  3.58911395  1.03218472  0.10914070
 2178     C   4.0 -0.19293384       0.63991433  0.29487860  2.17411083  0.83310974  0.25092033
 2179     N   5.0  0.11853757       0.80546504  0.29905489  2.66982388  0.90587950  0.20123912
 2180     C   4.0 -0.04561164       0.63984406  0.28518808  2.01735902  0.75899230  0.34422819
 2181     C   4.0 -0.01117215       0.63400722  0.24653022  1.82766712  0.64205399  0.66091360
 2182     O   6.0 -0.31173394       1.14966571  0.43284765  3.59081364  1.04977590  0.08863104
 2183     N   5.0  0.08420475       0.81177032  0.29770505  2.69720411  0.90483338  0.20428239
 2184     C   4.0 -0.05101008       0.61738783  0.26455334  2.00935888  0.71265514  0.44705489
 2185     C   4.0  0.00642098       0.63779747  0.24720573  1.82086051  0.65430768  0.63340762
 2186     O   6.0 -0.40807470       1.17574894  0.44593507  3.62948549  1.07877985  0.07812535
 2187     C   4.0 -0.14328849       0.62199831  0.27699545  2.13459522  0.76511355  0.34458597
 2188     C   4.0 -0.14307870       0.62385917  0.27827239  2.13860923  0.76324777  0.33909014
 2189     C   4.0 -0.10596596       0.62829071  0.27837163  2.06444770  0.74020760  0.39464831
 2190     N   5.0  0.05544514       0.80247408  0.30247897  2.73168153  0.91355017  0.19437012
 2191     C   4.0 -0.01056668       0.62767804  0.23683202  1.87142193  0.64446615  0.63016854
 2192     N   5.0  0.03691829       0.80615395  0.31656414  2.74656045  0.95437610  0.13942706
 2193     N   5.0  0.02759528       0.80430061  0.31503579  2.75753373  0.94859603  0.14693856
 2194     N   5.0  0.13353316       0.80133927  0.29299426  2.68178797  0.88194770  0.20839765
 2195     C   4.0 -0.03637239       0.61916113  0.26195291  2.00009990  0.71187752  0.44328093
 2196     C   4.0 -0.00346129       0.63399130  0.24285945  1.83204418  0.64067324  0.65389312
 2197     O   6.0 -0.33793237       1.16273046  0.43292344  3.59927285  1.05878562  0.08422002
 2198     C   4.0 -0.09416244       0.62106931  0.27632269  2.08395314  0.77517539  0.33764190
 2199     C   4.0 -0.06479025       0.63623565  0.25861561  2.05274230  0.72602011  0.39117657
 2200     C   4.0 -0.06930485       0.64809048  0.27757093  2.05873299  0.75371073  0.33119972
 2201     C   4.0 -0.06160462       0.64321637  0.27448347  2.06115067  0.75016201  0.33259211
 2202     C   4.0 -0.10877742       0.65058601  0.27742550  2.10646796  0.75912620  0.31517175
 2203     C   4.0 -0.07708682       0.64877748  0.27952558  2.08975375  0.75141554  0.30761447
 2204     C   4.0 -0.02127260       0.63167244  0.24908049  1.93583757  0.69398077  0.51070133
 2205     O   6.0 -0.14385102       1.10819280  0.39832202  3.47089678  1.06050259  0.10593684
 2206     N   5.0  0.11264118       0.80347955  0.29436803  2.68154055  0.89583722  0.21213347
 2207     C   4.0 -0.05611497       0.62744582  0.27829993  2.03891128  0.75076978  0.36068816
 2208     C   4.0 -0.03474157       0.62774253  0.24243362  1.84685576  0.64980690  0.66790275
 2209     O   6.0 -0.32807619       1.15788615  0.43698081  3.58449721  1.06561792  0.08309409
 2210     N   5.0  0.09925607       0.80275714  0.29347658  2.70025319  0.89047387  0.21378315
 2211     C   4.0 -0.01315760       0.62156212  0.26341170  1.98737782  0.71206883  0.42873713
 2212     C   4.0 -0.01738973       0.62648225  0.24011077  1.83435386  0.64373940  0.67270344
 2213     O   6.0 -0.28354570       1.15219796  0.42490304  3.58103812  1.03988791  0.08551869
 2214     C   4.0 -0.09344727       0.62710023  0.27850455  2.07547998  0.78162101  0.33074150
 2215     C   4.0 -0.05349840       0.63880867  0.25923932  2.03495252  0.72900327  0.39149463
 2216     C   4.0 -0.04231422       0.64439619  0.27362442  2.05274475  0.75311293  0.31843594
 2217     C   4.0 -0.09525108       0.65031391  0.27765402  2.07463539  0.76475817  0.32788958
 2218     C   4.0 -0.02755634       0.64105010  0.27712655  2.03862011  0.75922708  0.31153249
 2219     C   4.0 -0.09064791       0.64925224  0.28103191  2.07389385  0.76473629  0.32173363
 2220     C   4.0 -0.06716269       0.64565849  0.27808324  2.05940253  0.76262593  0.32139250
 2221     N   5.0  0.09070517       0.80733174  0.29208958  2.70949268  0.88807824  0.21230258
 2222     C   4.0 -0.00868482       0.61398548  0.26211062  2.00403917  0.69949104  0.42905851
 2223     C   4.0 -0.05535036       0.61494058  0.22920890  1.87681866  0.63267949  0.70170272
 2224     O   6.0 -0.35524089       1.15096533  0.42688945  3.65193570  1.03624517  0.08920525
 2225     C   4.0 -0.15116994       0.63347697  0.27803090  2.13348854  0.76969117  0.33648236
 2226     C   4.0 -0.15097356       0.61537766  0.26633450  2.11407065  0.73343204  0.42175870
 2227     C   4.0 -0.18801218       0.63478184  0.28980529  2.16872752  0.82841417  0.26628336
 2228     C   4.0 -0.22885120       0.64281642  0.29731449  2.18534219  0.82680634  0.27657176
 2229     N   5.0  0.14119908       0.79445267  0.28685835  2.68102294  0.87752283  0.21894413
 2230     C   4.0 -0.00841404       0.62282211  0.26545721  1.98219156  0.71361692  0.42432624
 2231     C   4.0  0.04566649       0.63881671  0.24649043  1.79562050  0.64278699  0.63061887
 2232     O   6.0 -0.30164637       1.17735171  0.43040648  3.55400240  1.05927405  0.08061172
 2233     C   4.0 -0.11456574       0.62833416  0.27678213  2.10884851  0.77024145  0.33035949
 2234     C   4.0 -0.13595839       0.61676598  0.26413190  2.10681576  0.73550536  0.41273940
 2235     C   4.0 -0.19281643       0.63686270  0.28864035  2.16767329  0.83618325  0.26345685
 2236     C   4.0 -0.17881463       0.63276744  0.28671074  2.16100550  0.83343935  0.26489161
 2237     N   5.0  0.08968640       0.82350576  0.28249645  2.67623883  0.87044492  0.25762763
 2238     C   4.0 -0.05015205       0.62266928  0.26292455  2.01890320  0.70198745  0.44366758
 2239     C   4.0  0.01890790       0.62852430  0.24386206  1.81638992  0.64687671  0.64543910
 2240     O   6.0 -0.31001467       1.16731369  0.42665574  3.58548927  1.04778561  0.08277035
 2241     C   4.0 -0.12927454       0.63263601  0.28181192  2.12805349  0.75617225  0.33060087
 2242     C   4.0 -0.15567662       0.63012457  0.28030503  2.15447122  0.75781029  0.33296551
 2243     C   4.0 -0.05666338       0.63555658  0.28080931  2.03661454  0.74109010  0.36259284
 2244     N   5.0  0.10886418       0.80200678  0.29395688  2.68989068  0.89291117  0.21237032
 2245     C   4.0 -0.03620636       0.61284399  0.25997427  2.00820625  0.71257859  0.44260325
 2246     C   4.0 -0.03404947       0.62175304  0.23838711  1.85678571  0.63813202  0.67899159
 2247     O   6.0 -0.31617271       1.15616322  0.43059999  3.60071445  1.04647297  0.08222209
 2248     C   4.0 -0.17677244       0.63954055  0.29381683  2.15421015  0.82941599  0.25978891
 2249     N   5.0  0.09575452       0.79026854  0.28710723  2.71628535  0.87642112  0.23416324
 2250     C   4.0 -0.03981460       0.61748272  0.26297963  2.01744336  0.70793234  0.43397655
 2251     C   4.0 -0.02536297       0.62970257  0.24077299  1.84401113  0.64503936  0.66583692
 2252     O   6.0 -0.37484541       1.16359222  0.43823847  3.62682271  1.06312373  0.08306827
 2253     C   4.0 -0.06317917       0.63650548  0.28566006  2.00531805  0.71525152  0.42044406
 2254     O   6.0 -0.22301606       1.10944057  0.40406987  3.57167524  1.04495600  0.09287439
 2255     N   5.0  0.13068034       0.79961425  0.29369020  2.68244576  0.88329920  0.21027024
 2256     C   4.0  0.00478979       0.62830639  0.26655313  1.97544801  0.71364953  0.41125315
 2257     C   4.0 -0.01797163       0.61974704  0.23616813  1.84312314  0.63674849  0.68218483
 2258     O   6.0 -0.28028814       1.15481246  0.41465983  3.59311819  1.02895361  0.08874405
 2259     C   4.0 -0.10324870       0.62859666  0.27775955  2.10268712  0.76494797  0.32925740
 2260     C   4.0 -0.12673219       0.62652552  0.27719161  2.12871337  0.76853323  0.32576846
 2261     C   4.0 -0.04066165       0.62755525  0.23985660  1.85821187  0.64734286  0.66769506
 2262     O   6.0 -0.42564133       1.16883647  0.44372335  3.65121543  1.07842317  0.08344290
 2263     N   5.0  0.13758177       0.79575181  0.30201203  2.69215590  0.91224864  0.16024986
 2264     N   5.0  0.11880734       0.79256654  0.28652820  2.68677211  0.88668332  0.22864250
 2265     C   4.0 -0.01223623       0.61890823  0.26204482  1.98979104  0.71072339  0.43076877
 2266     C   4.0 -0.00042801       0.62779218  0.24173801  1.82532960  0.64712290  0.65844531
 2267     O   6.0 -0.30052950       1.16273963  0.42359748  3.58353496  1.04758605  0.08307137
 2268     C   4.0 -0.07107076       0.63593322  0.27371886  2.04771972  0.74439429  0.36930467
 2269     C   4.0 -0.14993848       0.62849975  0.27785653  2.12479746  0.78253767  0.33624707
 2270     C   4.0 -0.16638902       0.64201164  0.29439065  2.14110863  0.84502617  0.24385193
 2271     C   4.0 -0.19505005       0.63439703  0.28897876  2.16691607  0.84033942  0.26441877
 2272     N   5.0  0.10557842       0.80108750  0.29229274  2.70010662  0.88827327  0.21266145
 2273     C   4.0 -0.00912401       0.61592913  0.26007202  1.98556411  0.71052894  0.43702981
 2274     C   4.0  0.03149752       0.62880272  0.24277093  1.80292314  0.64172156  0.65228413
 2275     O   6.0 -0.28272686       1.16531610  0.41823766  3.57402098  1.04090527  0.08424685
 2276     C   4.0 -0.12079438       0.61180747  0.26117283  2.10345936  0.72604656  0.41830816
 2277     C   4.0 -0.17416172       0.62320083  0.27492839  2.15046746  0.76438802  0.36117701
 2278     C   4.0 -0.20680897       0.63406038  0.28912988  2.17763895  0.82449970  0.28148006
 2279     C   4.0 -0.19521906       0.62846106  0.28752717  2.17917162  0.82183194  0.27822726
 2280     N   5.0  0.08591677       0.81718326  0.28046256  2.69778299  0.85849202  0.26016240
 2281     C   4.0 -0.02049416       0.62322927  0.26168317  2.00428009  0.69999163  0.43131001
 2282     C   4.0 -0.03825121       0.62213808  0.23795894  1.84854859  0.64519078  0.68441482
 2283     O   6.0 -0.29042435       1.14823353  0.42328125  3.59006524  1.04138243  0.08746189
 2284     C   4.0 -0.11795012       0.62343854  0.27647394  2.13341314  0.75129913  0.33332538
 2285     C   4.0 -0.15646959       0.62455153  0.27585775  2.15916163  0.74897122  0.34792746
 2286     C   4.0 -0.08546410       0.62758863  0.27676404  2.06375396  0.72991718  0.38744029
 2287     N   5.0  0.10127447       0.80239373  0.29247797  2.69734389  0.89129883  0.21521112
 2288     C   4.0 -0.00457864       0.63413399  0.26987714  1.97518706  0.72142108  0.40395937
 2289     C   4.0  0.02271267       0.62911224  0.24238554  1.81239995  0.64538951  0.64800008
 2290     O   6.0 -0.28126429       1.16750276  0.41345868  3.57602715  1.03665432  0.08762138
 2291     C   4.0  0.02781877       0.63890338  0.27380654  1.91861290  0.70194012  0.43891830
 2292     O   6.0 -0.21940288       1.12308538  0.39559400  3.55558062  1.05933779  0.08580509
 2293     C   4.0 -0.16555392       0.63435733  0.28915307  2.15220731  0.84154746  0.24828874
 2294     N   5.0  0.13224999       0.79248792  0.28902614  2.68309247  0.88304245  0.22010102
 2295     C   4.0 -0.03150154       0.61363757  0.26100451  2.00649720  0.71091844  0.43944382
 2296     C   4.0  0.00088113       0.62788391  0.23971915  1.83722991  0.64111526  0.65317063
 2297     O   6.0 -0.33498253       1.17030644  0.43145740  3.59076679  1.06299713  0.07945477
 2298     C   4.0 -0.15381921       0.63360029  0.28907099  2.14042759  0.83703525  0.25368507
 2299     N   5.0  0.13084635       0.78424871  0.28373998  2.69879884  0.87292245  0.22944367
 2300     C   4.0 -0.02897627       0.61091679  0.25926507  2.00625044  0.70593542  0.44660855
 2301     C   4.0 -0.03629935       0.61843163  0.23604077  1.85539335  0.63989593  0.68653767
 2302     O   6.0 -0.31233236       1.14740682  0.42648119  3.60998297  1.04161060  0.08685079
 2303     C   4.0 -0.12434668       0.62853748  0.27821699  2.11169249  0.77312836  0.33277136
 2304     C   4.0 -0.09700984       0.63278586  0.28269553  2.09843445  0.78268437  0.30040963
 2305     C   4.0  0.01479607       0.63413978  0.24352606  1.81456852  0.64768802  0.64528156
 2306     O   6.0 -0.35021238       1.17280364  0.41335279  3.61880434  1.05277577  0.09247585
 2307     N   5.0  0.08026488       0.80743843  0.31160212  2.69950229  0.94267672  0.15851556
 2308     N   5.0  0.11499696       0.78572065  0.28541163  2.70888102  0.87763131  0.22735844
 2309     C   4.0 -0.02948374       0.61763346  0.26308864  1.99006611  0.71736825  0.44132727
 2310     C   4.0 -0.00362515       0.63334507  0.24616005  1.82811028  0.64630845  0.64970131
 2311     O   6.0 -0.31328872       1.14992833  0.42701635  3.60479784  1.04564738  0.08589882
 2312     C   4.0 -0.11853721       0.63100022  0.28084484  2.09893596  0.78288941  0.32486678
 2313     C   4.0 -0.11862890       0.63476342  0.28102717  2.11159122  0.79202709  0.29922001
 2314     C   4.0 -0.01604514       0.63050348  0.24500580  1.76092291  0.64940774  0.73020521
 2315     O   6.0 -0.42460184       1.19378233  0.42807940  3.67039013  1.05238488  0.07996511
 2316     O   6.0 -0.30723049       1.15867627  0.42925552  3.58416641  1.05173180  0.08340050
 2317     N   5.0  0.10711458       0.79216456  0.28927505  2.70189536  0.88616973  0.22338072
 2318     C   4.0 -0.01834625       0.62562495  0.26524657  1.98980153  0.71354772  0.42412548
 2319     C   4.0 -0.00798881       0.63006163  0.24336396  1.82881635  0.64637788  0.65936899
 2320     O   6.0 -0.30681084       1.15853655  0.42379162  3.59075153  1.04840240  0.08532875
 2321     C   4.0 -0.00537312       0.62745541  0.26644120  1.94177139  0.69830535  0.47139977
 2322     O   6.0 -0.19295988       1.11106873  0.39314240  3.54918742  1.04924405  0.09031729
 2323     C   4.0 -0.15846149       0.63408381  0.28971890  2.14814538  0.84068197  0.24583143
 2324     N   5.0  0.11945338       0.79568571  0.28953633  2.69019043  0.88839865  0.21673550
 2325     C   4.0  0.02675183       0.62450957  0.26702577  1.96429032  0.71025597  0.40716654
 2326     C   4.0 -0.04514635       0.61796570  0.23590931  1.85566002  0.63779199  0.69781932
 2327     O   6.0 -0.28430374       1.14455426  0.40986329  3.61384678  1.02213135  0.09390805
 2328     C   4.0 -0.10056470       0.61683053  0.27473989  2.08175200  0.77779090  0.34945137
 2329     C   4.0 -0.13640301       0.62547100  0.24819052  2.13028842  0.70729230  0.42516077
 2330     C   4.0 -0.06586235       0.64385968  0.26879230  2.07275492  0.69755088  0.38290457
 2331     C   4.0 -0.10086136       0.62387288  0.24371038  2.09101439  0.69596408  0.44629963
 2332     N   5.0  0.10609531       0.77839750  0.28992617  2.67022181  0.88617337  0.26918585
 2333     C   4.0 -0.07649741       0.62497604  0.24213868  2.04647297  0.67548312  0.48742660
 2334     C   4.0 -0.05512590       0.63962901  0.27111411  2.06205523  0.74518722  0.33714033
 2335     C   4.0 -0.07477982       0.64572716  0.27803305  2.06855547  0.76342215  0.31904199
 2336     C   4.0 -0.08450653       0.64368534  0.27362689  2.08099788  0.75835118  0.32784523
 2337     C   4.0 -0.06862292       0.64295751  0.27470613  2.05863017  0.76234047  0.32998864
 2338     N   5.0  0.11020137       0.80147421  0.29269475  2.69994766  0.88618883  0.20949318
 2339     C   4.0 -0.00241723       0.62289846  0.26589349  1.98034847  0.71338071  0.41989611
 2340     C   4.0 -0.03419437       0.62252402  0.23719411  1.84733063  0.64362137  0.68352424
 2341     O   6.0 -0.29972018       1.15090799  0.41835096  3.60238016  1.03776035  0.09032072
 2342     C   4.0 -0.11554323       0.62918890  0.27717942  2.08645064  0.77391370  0.34881058
 2343     C   4.0 -0.15118149       0.62029189  0.26480174  2.13112020  0.74240458  0.39256308
 2344     C   4.0 -0.21022286       0.64285457  0.29658735  2.15010041  0.83646496  0.28421557
 2345     C   4.0 -0.21195400       0.64310056  0.29402217  2.15123868  0.84045672  0.28313586
 2346     N   5.0  0.12235830       0.79883993  0.29589772  2.68254799  0.89410159  0.20625447
 2347     C   4.0 -0.03826994       0.63058829  0.28002939  2.01509953  0.76159510  0.35095764
 2348     C   4.0 -0.01888407       0.62878162  0.24327855  1.84122658  0.64785400  0.65774333
 2349     O   6.0 -0.33626602       1.15574956  0.42985865  3.61275280  1.05392611  0.08397890
 2350     N   5.0  0.11779764       0.79142547  0.28721854  2.69805193  0.88044155  0.22506487
 2351     C   4.0 -0.00524270       0.62344599  0.26348993  1.98518437  0.70975640  0.42336601
 2352     C   4.0 -0.03266230       0.62029082  0.23756661  1.84724754  0.63986996  0.68768738
 2353     O   6.0 -0.27924648       1.14662778  0.41610840  3.59762120  1.02933359  0.08955550
 2354     C   4.0 -0.08081887       0.62842768  0.27036685  2.06083411  0.73951681  0.38167342
 2355     C   4.0 -0.17838412       0.63412625  0.28970250  2.15048474  0.84568343  0.25838720
 2356     C   4.0 -0.17319241       0.63676083  0.29029301  2.14716816  0.84326276  0.25570765
 2357     N   5.0  0.11595528       0.79180437  0.28709280  2.70695567  0.87801954  0.22017233
 2358     C   4.0 -0.00936765       0.61738342  0.26321384  1.98791116  0.71102616  0.42983306
 2359     C   4.0 -0.00296585       0.62880445  0.24186784  1.83112553  0.64237796  0.65879008
 2360     O   6.0 -0.32285023       1.15782773  0.42452818  3.60702837  1.04826438  0.08520156
 2361     C   4.0 -0.11583978       0.62644041  0.27649486  2.10859811  0.77260478  0.33170162
 2362     C   4.0 -0.14179102       0.61567801  0.26391521  2.10896385  0.73452097  0.41871298
 2363     C   4.0 -0.19141599       0.63421464  0.28644487  2.17006236  0.83271849  0.26797563
 2364     C   4.0 -0.20895110       0.63805783  0.29120675  2.17562842  0.83118531  0.27287279
 2365     N   5.0  0.11407527       0.79631162  0.28882831  2.69792545  0.88463527  0.21822408
 2366     C   4.0 -0.03085719       0.61802602  0.26204699  2.00871944  0.70711567  0.43494907
 2367     C   4.0 -0.02616535       0.62458688  0.24012716  1.84843963  0.64621301  0.66679867
 2368     O   6.0 -0.36795398       1.16198218  0.43268716  3.63046300  1.05976939  0.08305224
 2369     C   4.0 -0.01198024       0.62408668  0.26375744  1.95297146  0.69794270  0.47322197
 2370     O   6.0 -0.22217879       1.11811125  0.40016773  3.55786407  1.05935577  0.08667997
 2371     C   4.0 -0.18280427       0.63563037  0.29088455  2.16616356  0.83464471  0.25548108
 2372     N   5.0  0.13454256       0.79743201  0.29055628  2.68151814  0.88290846  0.21304255
 2373     C   4.0  0.00789047       0.62746155  0.26588494  1.97042507  0.71319433  0.41514365
 2374     C   4.0 -0.04813033       0.61877263  0.23655120  1.86050314  0.64202148  0.69028190
 2375     O   6.0 -0.31139564       1.15015078  0.41944385  3.61999512  1.03310123  0.08870467
 2376     C   4.0 -0.09139627       0.62256837  0.26550034  2.07294548  0.73404041  0.39634168
 2377     C   4.0 -0.14758379       0.62611717  0.27671760  2.12888592  0.77083942  0.34502367
 2378     C   4.0 -0.17759384       0.63409841  0.28788745  2.15790838  0.83332303  0.26437656
 2379     C   4.0 -0.18121799       0.63341087  0.28817245  2.16116357  0.83287308  0.26559802
 2380     N   5.0  0.13687056       0.79212612  0.28896070  2.68694091  0.87943417  0.21566754
 2381     C   4.0  0.01919011       0.62613171  0.26815885  1.96033430  0.71721718  0.40896785
 2382     C   4.0 -0.00630255       0.62693387  0.24148417  1.83049613  0.64514567  0.66224271
 2383     O   6.0 -0.31719871       1.15894079  0.42366788  3.60692894  1.04208896  0.08557214
 2384     C   4.0 -0.12522855       0.63243997  0.28211349  2.08862889  0.79813927  0.32390692
 2385     C   4.0 -0.22261085       0.65937561  0.30333045  2.02518475  0.87448940  0.36023065
 2386     S   6.0  0.27739375       1.07384121  0.41388160  3.11079687  0.91089350  0.21319307
 2387     C   4.0 -0.31621747       0.65416068  0.30932611  2.09367007  0.94278622  0.31627440
 2388     N   5.0  0.11594867       0.79939169  0.28983569  2.69795340  0.88279167  0.21407888
 2389     C   4.0 -0.01624852       0.61466986  0.26045838  2.00405329  0.70311865  0.43394833
 2390     C   4.0 -0.04274173       0.61435735  0.23259477  1.86017227  0.63658439  0.69903295
 2391     O   6.0 -0.31406327       1.14607942  0.42204180  3.62307763  1.03388751  0.08897691
 2392     C   4.0 -0.13744108       0.62496382  0.27654213  2.12687403  0.76610713  0.34295397
 2393     C   4.0 -0.14497819       0.62865275  0.27913108  2.13442057  0.78214005  0.32063374
 2394     C   4.0 -0.03544942       0.63930869  0.24604394  1.76919651  0.65038551  0.73051476
 2395     O   6.0 -0.34581800       1.15801597  0.44100371  3.59148180  1.07110250  0.08421402
 2396     O   6.0 -0.48143764       1.20493996  0.44288278  3.67624938  1.08301073  0.07435479
 2397     N   5.0  0.11651923       0.79111814  0.28668690  2.71565121  0.86746657  0.22255794
 2398     C   4.0 -0.03840562       0.60900956  0.25654003  2.01874030  0.69535053  0.45876520
 2399     C   4.0 -0.03690950       0.60761696  0.22849524  1.87803775  0.62457906  0.69818049
 2400     O   6.0 -0.28157470       1.15409863  0.41097572  3.60611141  1.01850384  0.09188509
 2401     C   4.0 -0.09673762       0.61647379  0.27602974  2.08419919  0.76993273  0.35010217
 2402     C   4.0 -0.10396905       0.64653862  0.25594488  2.06442696  0.69585295  0.44120565
 2403     N   5.0  0.12064556       0.79719794  0.29641300  2.63058984  0.89072713  0.26442653
 2404     C   4.0 -0.09679812       0.66100097  0.28433946  2.06711513  0.73904760  0.34529496
 2405     C   4.0 -0.07123129       0.65735072  0.27640557  2.02002716  0.68196431  0.43548353
 2406     N   5.0 -0.19927234       0.93463528  0.36210027  2.75515747  0.94196886  0.20541046
 2407     N   5.0  0.14355098       0.77923942  0.27867073  2.69741505  0.85964668  0.24147715
 2408     C   4.0 -0.02242850       0.61465847  0.25928569  2.01401520  0.70269793  0.43177121
 2409     C   4.0 -0.06541117       0.61346978  0.23443396  1.87793475  0.63806869  0.70150398
 2410     O   6.0 -0.33363221       1.15172744  0.43053305  3.62028813  1.04514483  0.08593876
 2411     C   4.0 -0.00877904       0.62598771  0.26490271  1.94843954  0.69280194  0.47664715
 2412     O   6.0 -0.18861952       1.11517203  0.39527252  3.53511691  1.05457193  0.08848614
 2413     C   4.0 -0.18155239       0.63079053  0.28700966  2.17134827  0.83144563  0.26095830
 2414     N   5.0  0.13266511       0.78561199  0.28361824  2.70132709  0.86585638  0.23092119
 2415     C   4.0 -0.01400873       0.62000543  0.26300251  1.99551171  0.70868956  0.42679952
 2416     C   4.0 -0.02458052       0.62757248  0.24211979  1.84477520  0.64357699  0.66653606
 2417     O   6.0 -0.35079412       1.16377211  0.44245088  3.58805978  1.07434055  0.08217080
 2418     C   4.0 -0.09831512       0.62171966  0.26779991  2.07790875  0.73887469  0.39201211
 2419     C   4.0 -0.21635076       0.63769102  0.29096305  2.18425786  0.82888642  0.27455240
 2420     C   4.0 -0.19048402       0.64266115  0.29522914  2.15863717  0.83853956  0.25541701
 2421     N   5.0  0.10504206       0.78829873  0.28622529  2.71514142  0.87411103  0.23118148
 2422     C   4.0 -0.04634570       0.61342484  0.25975582  2.01682752  0.70666957  0.44966795
 2423     C   4.0 -0.04702874       0.62416685  0.23777382  1.86017704  0.63906910  0.68584193
 2424     O   6.0 -0.36059699       1.15589595  0.43383458  3.63311779  1.04968712  0.08806154
 2425     C   4.0 -0.10076206       0.63439560  0.28271869  2.09978473  0.77688807  0.30697497
 2426     C   4.0 -0.00957441       0.64277303  0.25093740  1.82652444  0.65834568  0.63099386
 2427     O   6.0 -0.43415452       1.17664397  0.45074987  3.63326502  1.09336519  0.08013047
 2428     N   5.0  0.09038477       0.80985302  0.31470472  2.68511903  0.94781807  0.15212040
 2429     N   5.0  0.08381772       0.80900890  0.29222393  2.70296615  0.88581946  0.22616383
 2430     C   4.0 -0.25263503       0.62411624  0.26842725  2.01248437  0.73238556  0.61522160
 2431     C   4.0 -0.70496839       0.67695361  0.29184973  2.42843485  0.78958479  0.51814540
 2432     O   6.0 -0.85342749       1.17340851  0.45848724  3.93899429  1.09959441  0.18294304
 2433     C   4.0 -0.13450456       0.63857985  0.28358862  2.11830497  0.78682244  0.30720869
 2434     C   4.0 -0.04219130       0.63312036  0.24752539  1.84675020  0.65425321  0.66054213
 2435     O   6.0 -0.40976131       1.16541398  0.44412723  3.63717723  1.07691297  0.08612991
 2436     N   5.0  0.09830508       0.79797739  0.30705729  2.71237314  0.92713377  0.15715333
 2437     Zn 20.0  1.04256928       1.13871431  0.84883785  0.38551924  5.84707475  0.77387723  5.60819960  4.35520774
 2438     O   6.0 -0.36545597       1.18593979  0.44570372  3.50647068  1.19188988  0.03545190
 2439     O   6.0 -0.37826337       1.19668281  0.43342191  3.47534132  1.23096713  0.04185020
 2440     O   6.0 -0.35227010       1.18095136  0.44821984  3.50345290  1.18302241  0.03662360
 2441     O   6.0 -0.42336117       1.19389808  0.45347637  3.52690756  1.20933497  0.03974418
 2442     O   6.0 -0.38778889       1.18332851  0.45830655  3.51866412  1.19286233  0.03462737
 2443     O   6.0 -0.40222396       1.18775380  0.45357370  3.52347422  1.20140442  0.03601782
 2444     H   1.0  0.19238225       0.57588857  0.09751541  0.13421376
 2445     H   1.0  0.19125710       0.57384789  0.10208672  0.13280829
 2446     H   1.0  0.16948369       0.58647853  0.10379444  0.14024334
 2447     H   1.0  0.10617470       0.65500718  0.12775229  0.11106583
 2448     H   1.0  0.09643030       0.65665513  0.12303521  0.12387935
 2449     H   1.0  0.09581712       0.65994161  0.12050465  0.12373662
 2450     H   1.0  0.07676996       0.66869217  0.12737195  0.12716592
 2451     H   1.0  0.13759619       0.57321334  0.11381914  0.17537132
 2452     H   1.0  0.09527445       0.65408176  0.13797039  0.11267340
 2453     H   1.0  0.09163273       0.65707004  0.13082629  0.12047094
 2454     H   1.0  0.08207618       0.66361028  0.13204478  0.12226877
 2455     H   1.0  0.08841659       0.66087723  0.12916163  0.12154456
 2456     H   1.0  0.09553665       0.65774149  0.12522693  0.12149494
 2457     H   1.0  0.09794381       0.66200614  0.12112165  0.11892840
 2458     H   1.0  0.08891543       0.66602761  0.12758778  0.11746919
 2459     H   1.0  0.16075753       0.56226116  0.10225188  0.17472943
 2460     H   1.0  0.15961473       0.56653839  0.09146054  0.18238633
 2461     H   1.0  0.15089075       0.56619167  0.09209819  0.19081939
 2462     H   1.0  0.16099323       0.56522405  0.09176561  0.18201710
 2463     H   1.0  0.16204932       0.56490237  0.09187914  0.18116917
 2464     H   1.0  0.13427415       0.56621987  0.11982881  0.17967717
 2465     H   1.0  0.10064354       0.64388984  0.14306763  0.11239899
 2466     H   1.0  0.07856420       0.67079151  0.13712497  0.11351932
 2467     H   1.0  0.08458814       0.66827446  0.12968464  0.11745275
 2468     H   1.0  0.16407912       0.51638252  0.09279629  0.22674207
 2469     H   1.0  0.07147986       0.56062323  0.12371571  0.24418119
 2470     H   1.0  0.10887402       0.64246088  0.13964999  0.10901511
 2471     H   1.0  0.09485574       0.65659475  0.14288379  0.10566571
 2472     H   1.0  0.08633206       0.51856005  0.11036078  0.28474711
 2473     H   1.0  0.07516496       0.66383028  0.13525781  0.12574695
 2474     H   1.0  0.08405887       0.65476745  0.13632070  0.12485298
 2475     H   1.0  0.05853799       0.67163557  0.14052993  0.12929652
 2476     H   1.0  0.08985034       0.56108147  0.12066761  0.22840058
 2477     H   1.0  0.10384051       0.64847714  0.13594940  0.11173295
 2478     H   1.0  0.10337782       0.64530921  0.12874483  0.12256815
 2479     H   1.0  0.08985840       0.65602469  0.13664599  0.11747092
 2480     H   1.0  0.15372736       0.56118006  0.10056961  0.18452298
 2481     H   1.0  0.15504776       0.56491548  0.10377315  0.17626361
 2482     H   1.0  0.12139502       0.56273651  0.12181351  0.19405496
 2483     H   1.0  0.10706439       0.64081520  0.13461143  0.11750898
 2484     H   1.0  0.08451213       0.66476452  0.13547668  0.11524666
 2485     H   1.0  0.14366320       0.52654552  0.09905978  0.23073150
 2486     H   1.0  0.08287885       0.66410673  0.12333746  0.12967697
 2487     H   1.0  0.09118165       0.65873814  0.12207926  0.12800095
 2488     H   1.0  0.07635619       0.66652972  0.12942868  0.12768541
 2489     H   1.0  0.14130674       0.56506014  0.12045451  0.17317861
 2490     H   1.0  0.08768104       0.66100430  0.14012156  0.11119309
 2491     H   1.0  0.08174306       0.66074300  0.13996990  0.11754404
 2492     H   1.0  0.07904515       0.65942037  0.13995564  0.12157884
 2493     H   1.0  0.07359730       0.64977610  0.14367451  0.13295209
 2494     H   1.0  0.07529806       0.64844066  0.14724287  0.12901841
 2495     H   1.0  0.07983764       0.64541793  0.14451520  0.13022923
 2496     H   1.0  0.08006820       0.64352971  0.14861259  0.12778950
 2497     H   1.0  0.07714243       0.64639705  0.14661998  0.12984054
 2498     H   1.0  0.15553843       0.56085086  0.11595149  0.16765923
 2499     H   1.0  0.09262143       0.65269083  0.14099452  0.11369322
 2500     H   1.0  0.08464650       0.65545523  0.13632579  0.12357247
 2501     H   1.0  0.08360228       0.65956259  0.13145673  0.12537840
 2502     H   1.0  0.14509267       0.57070196  0.10422841  0.17997696
 2503     H   1.0  0.14898933       0.57103139  0.10189796  0.17808132
 2504     H   1.0  0.14996939       0.56497389  0.12030993  0.16474678
 2505     H   1.0  0.10543687       0.64159703  0.14398457  0.10898153
 2506     H   1.0  0.07909415       0.65978873  0.14091530  0.12020181
 2507     H   1.0  0.07679591       0.66410375  0.13971083  0.11938952
 2508     H   1.0  0.08325700       0.64255166  0.14819787  0.12599346
 2509     H   1.0  0.07182166       0.65292358  0.14373299  0.13152176
 2510     H   1.0  0.07676832       0.64194041  0.15075108  0.13054018
 2511     H   1.0  0.07423849       0.64346355  0.14660259  0.13569537
 2512     H   1.0  0.08589004       0.52037871  0.10993207  0.28379918
 2513     H   1.0  0.10452060       0.56807786  0.11995895  0.20744259
 2514     H   1.0  0.10298801       0.64582574  0.13762581  0.11356043
 2515     H   1.0  0.08778269       0.65767479  0.12857811  0.12596441
 2516     H   1.0  0.08345013       0.66416782  0.12748291  0.12489914
 2517     H   1.0  0.07289157       0.66896808  0.13157532  0.12656503
 2518     H   1.0  0.14815797       0.55825508  0.12213375  0.17145320
 2519     H   1.0  0.09412723       0.64962643  0.14033607  0.11591027
 2520     H   1.0  0.08092495       0.66245890  0.14270164  0.11391451
 2521     H   1.0  0.16553155       0.51738214  0.09120235  0.22588395
 2522     H   1.0  0.07620336       0.66284341  0.13193080  0.12902244
 2523     H   1.0  0.06704706       0.66379726  0.14072649  0.12842919
 2524     H   1.0  0.07916859       0.66006070  0.13752997  0.12324074
 2525     H   1.0  0.13300643       0.57088864  0.12225905  0.17384588
 2526     H   1.0  0.09719666       0.65146989  0.14457673  0.10675672
 2527     H   1.0  0.09593038       0.64810407  0.13885038  0.11711517
 2528     H   1.0  0.07991681       0.66059184  0.14157116  0.11792019
 2529     H   1.0  0.08133649       0.64205390  0.14983459  0.12677502
 2530     H   1.0  0.06488355       0.65502816  0.14587720  0.13421109
 2531     H   1.0  0.07349548       0.64616549  0.14905095  0.13128807
 2532     H   1.0  0.06964384       0.64628130  0.14689246  0.13718240
 2533     H   1.0  0.08870614       0.52141643  0.10939884  0.28047859
 2534     H   1.0  0.17189680       0.55342394  0.11692549  0.15775378
 2535     H   1.0  0.08881374       0.64982998  0.14591570  0.11544057
 2536     H   1.0  0.08549735       0.65757614  0.13964829  0.11727822
 2537     H   1.0  0.10074257       0.64955658  0.13758837  0.11211248
 2538     H   1.0  0.10793671       0.55745953  0.11588226  0.21872150
 2539     H   1.0  0.09199891       0.62184006  0.14929833  0.13686271
 2540     H   1.0  0.09572760       0.62854022  0.14354500  0.13218718
 2541     H   1.0  0.11507782       0.57075357  0.12483191  0.18933669
 2542     H   1.0  0.10011426       0.64399689  0.14265738  0.11323146
 2543     H   1.0  0.09063411       0.65828675  0.13970600  0.11137314
 2544     H   1.0  0.14691408       0.52287358  0.09945524  0.23075709
 2545     H   1.0  0.07744347       0.66677541  0.12703948  0.12874165
 2546     H   1.0  0.08383552       0.66042233  0.13053504  0.12520712
 2547     H   1.0  0.08052171       0.66361177  0.13108253  0.12478398
 2548     H   1.0  0.15548681       0.55969131  0.11747193  0.16734994
 2549     H   1.0  0.09155052       0.65377945  0.14668541  0.10798463
 2550     H   1.0  0.06706532       0.66937160  0.14065239  0.12291069
 2551     H   1.0  0.07811082       0.65992558  0.13874076  0.12322284
 2552     H   1.0  0.08181363       0.65837258  0.14146738  0.11834641
 2553     H   1.0  0.07671467       0.66311759  0.13631681  0.12385094
 2554     H   1.0  0.07549563       0.66113943  0.13865723  0.12470772
 2555     H   1.0  0.06781691       0.67031538  0.13647239  0.12539531
 2556     H   1.0  0.04741550       0.65970856  0.13089104  0.16198490
 2557     H   1.0  0.06990129       0.66416687  0.13830808  0.12762377
 2558     H   1.0  0.03543993       0.65438604  0.13590872  0.17426531
 2559     H   1.0  0.13958127       0.56531292  0.12106971  0.17403610
 2560     H   1.0  0.09290844       0.65141869  0.14506502  0.11060785
 2561     H   1.0  0.09944271       0.64451247  0.13041864  0.12562617
 2562     H   1.0  0.07665456       0.66343218  0.13734776  0.12256550
 2563     H   1.0  0.13671003       0.56352532  0.12439781  0.17536684
 2564     H   1.0  0.08740527       0.65834224  0.14320643  0.11104606
 2565     H   1.0  0.09019594       0.65305346  0.13761358  0.11913702
 2566     H   1.0  0.07172662       0.66156143  0.14641860  0.12029335
 2567     H   1.0  0.08566667       0.65386212  0.13586855  0.12460266
 2568     H   1.0  0.08787330       0.65580231  0.13313578  0.12318861
 2569     H   1.0  0.11620918       0.56811386  0.12721235  0.18846462
 2570     H   1.0  0.09349778       0.65370691  0.14586355  0.10693177
 2571     H   1.0  0.07737248       0.65775055  0.14778079  0.11709618
 2572     H   1.0  0.06349381       0.67079896  0.14104299  0.12466424
 2573     H   1.0  0.07145216       0.66799116  0.13984010  0.12071658
 2574     H   1.0  0.07442520       0.66475928  0.13674323  0.12407229
 2575     H   1.0  0.06642617       0.66868997  0.13875929  0.12612458
 2576     H   1.0  0.07513639       0.66248578  0.13968934  0.12268849
 2577     H   1.0  0.07804066       0.65935057  0.13663918  0.12596959
 2578     H   1.0  0.06762055       0.66909152  0.13792095  0.12536698
 2579     H   1.0  0.06982427       0.66831356  0.13790324  0.12395892
 2580     H   1.0  0.09163553       0.56198478  0.12526344  0.22111625
 2581     H   1.0  0.09113146       0.65457916  0.14453302  0.10975635
 2582     H   1.0  0.08812420       0.65575135  0.13497576  0.12114869
 2583     H   1.0  0.07605906       0.66391706  0.13845643  0.12156744
 2584     H   1.0  0.07806303       0.64847881  0.14487337  0.12858479
 2585     H   1.0  0.07456946       0.64749634  0.14495081  0.13298339
 2586     H   1.0  0.08504157       0.63952422  0.14652820  0.12890601
 2587     H   1.0  0.07607329       0.64574021  0.14556122  0.13262528
 2588     H   1.0  0.13593542       0.52412623  0.10991058  0.23002777
 2589     H   1.0  0.10692784       0.57045853  0.12490488  0.19770875
 2590     H   1.0  0.09447811       0.64706504  0.14651471  0.11194213
 2591     H   1.0  0.09236049       0.64895576  0.13389495  0.12478880
 2592     H   1.0  0.08315679       0.65467143  0.14003235  0.12213943
 2593     H   1.0  0.10848638       0.57111424  0.12549180  0.19490758
 2594     H   1.0  0.08007547       0.66302794  0.14367211  0.11322448
 2595     H   1.0  0.07384334       0.66149032  0.14406241  0.12060393
 2596     H   1.0  0.07800932       0.66170746  0.13978416  0.12049906
 2597     H   1.0  0.07664664       0.64677656  0.14849386  0.12808295
 2598     H   1.0  0.06884331       0.65117961  0.14826576  0.13171132
 2599     H   1.0  0.08179287       0.64270359  0.14758179  0.12792175
 2600     H   1.0  0.06501930       0.64847481  0.14704925  0.13945664
 2601     H   1.0  0.06715298       0.65173125  0.15097690  0.13013887
 2602     H   1.0  0.12558477       0.56405073  0.12709476  0.18326973
 2603     H   1.0  0.09652264       0.65090477  0.14582944  0.10674315
 2604     H   1.0  0.07970100       0.66036046  0.14398229  0.11595625
 2605     H   1.0  0.06872731       0.66468555  0.14875032  0.11783682
 2606     H   1.0  0.05875851       0.66726112  0.14688170  0.12709867
 2607     H   1.0  0.06824359       0.66585344  0.14524625  0.12065672
 2608     H   1.0  0.07267565       0.66033834  0.14197491  0.12501110
 2609     H   1.0  0.05898840       0.67565501  0.13907515  0.12628145
 2610     H   1.0  0.05569940       0.67672390  0.14012927  0.12744743
 2611     H   1.0  0.14446170       0.55906081  0.12506495  0.17141254
 2612     H   1.0  0.09494990       0.65155536  0.14337185  0.11012289
 2613     H   1.0  0.10448398       0.64287645  0.12960438  0.12303519
 2614     H   1.0  0.08121677       0.65959406  0.13880728  0.12038188
 2615     H   1.0  0.12221391       0.55931467  0.12444272  0.19402871
 2616     H   1.0  0.08588970       0.65972322  0.14224736  0.11213972
 2617     H   1.0  0.07851462       0.66030657  0.14026088  0.12091793
 2618     H   1.0  0.08246848       0.65623689  0.14149550  0.11979914
 2619     H   1.0  0.07505159       0.66710699  0.13458060  0.12326083
 2620     H   1.0  0.07279545       0.66519332  0.13103478  0.13097645
 2621     H   1.0  0.08581812       0.66072243  0.12893677  0.12452268
 2622     H   1.0  0.07046559       0.66866881  0.13400422  0.12686139
 2623     H   1.0  0.08356297       0.66274726  0.12653020  0.12715957
 2624     H   1.0  0.07185688       0.66721755  0.13302284  0.12790272
 2625     H   1.0  0.08156120       0.66613352  0.12451533  0.12778994
 2626     H   1.0  0.10354153       0.56230199  0.12499609  0.20916039
 2627     H   1.0  0.08290978       0.65895915  0.14641155  0.11171952
 2628     H   1.0  0.07743574       0.66060090  0.14156705  0.12039630
 2629     H   1.0  0.07654593       0.65967208  0.14244939  0.12133260
 2630     H   1.0  0.06934529       0.66683084  0.14281303  0.12101084
 2631     H   1.0  0.07081566       0.66617584  0.13714434  0.12586415
 2632     H   1.0  0.06236907       0.67007381  0.13865449  0.12890264
 2633     H   1.0  0.07006949       0.66599947  0.13932662  0.12460442
 2634     H   1.0  0.07332395       0.66208690  0.13960010  0.12498904
 2635     H   1.0  0.07055514       0.66662925  0.13908665  0.12372895
 2636     H   1.0  0.07116547       0.66515517  0.13806431  0.12561505
 2637     H   1.0  0.12408807       0.56644154  0.12541375  0.18405665
 2638     H   1.0  0.09926452       0.65087640  0.14361322  0.10624585
 2639     H   1.0  0.08392857       0.65904129  0.14032577  0.11670438
 2640     H   1.0  0.08538917       0.66198218  0.12713520  0.12549345
 2641     H   1.0  0.07783503       0.66580850  0.12947632  0.12688015
 2642     H   1.0  0.08012320       0.66234344  0.13436241  0.12317095
 2643     H   1.0  0.07527882       0.66520041  0.13345589  0.12606488
 2644     H   1.0  0.06985206       0.66789222  0.13852362  0.12373210
 2645     H   1.0  0.07570461       0.66100407  0.13813971  0.12515161
 2646     H   1.0  0.12465360       0.56247669  0.12147092  0.19139878
 2647     H   1.0  0.09528061       0.65638822  0.13639118  0.11193999
 2648     H   1.0  0.08767895       0.66178060  0.12488385  0.12565660
 2649     H   1.0  0.08740449       0.65994823  0.12669951  0.12594777
 2650     H   1.0  0.07627063       0.66417766  0.13445519  0.12509652
 2651     H   1.0  0.12054221       0.56740814  0.12370096  0.18834868
 2652     H   1.0  0.09411841       0.65367806  0.13996863  0.11223489
 2653     H   1.0  0.08653322       0.65522355  0.13615191  0.12209132
 2654     H   1.0  0.07462129       0.66180450  0.14309733  0.12047689
 2655     H   1.0  0.07644750       0.65805560  0.13788275  0.12761414
 2656     H   1.0  0.08896045       0.65332425  0.13083664  0.12687866
 2657     H   1.0  0.13246297       0.56178796  0.12506509  0.18068398
 2658     H   1.0  0.10219336       0.64304376  0.14295475  0.11180813
 2659     H   1.0  0.09545580       0.65100318  0.13588403  0.11765699
 2660     H   1.0  0.09817079       0.65034842  0.13873413  0.11274665
 2661     H   1.0  0.07679098       0.62994385  0.15112422  0.14214094
 2662     H   1.0  0.08879644       0.63352537  0.14379156  0.13388663
 2663     H   1.0  0.10378288       0.64543277  0.13914640  0.11163795
 2664     H   1.0  0.09136603       0.65871382  0.12743267  0.12248748
 2665     H   1.0  0.08502839       0.66034257  0.13160922  0.12301982
 2666     H   1.0  0.08949276       0.65907592  0.12799692  0.12343440
 2667     H   1.0  0.08399107       0.66502810  0.12754947  0.12343136
 2668     H   1.0  0.09071738       0.65873629  0.13169375  0.11885258
 2669     H   1.0  0.07618980       0.66101217  0.13565353  0.12714450
 2670     H   1.0  0.14986695       0.56188190  0.11559527  0.17265588
 2671     H   1.0  0.09638987       0.64694667  0.14085767  0.11580579
 2672     H   1.0  0.09171653       0.65652221  0.12947585  0.12228541
 2673     H   1.0  0.08443704       0.66387373  0.13045745  0.12123179
 2674     H   1.0  0.09660969       0.65431547  0.12648067  0.12259417
 2675     H   1.0  0.08899670       0.66198725  0.12531856  0.12369750
 2676     H   1.0  0.15214450       0.56997770  0.10065098  0.17722682
 2677     H   1.0  0.15450437       0.57155019  0.09761685  0.17632858
 2678     H   1.0  0.10842154       0.56724936  0.11894895  0.20538015
 2679     H   1.0  0.09090470       0.64743507  0.14040014  0.12126009
 2680     H   1.0  0.07632680       0.66535497  0.13944530  0.11887293
 2681     H   1.0  0.08234511       0.66062045  0.13737810  0.11965634
 2682     H   1.0  0.09113838       0.65138829  0.14107208  0.11640126
 2683     H   1.0  0.07594683       0.66559881  0.13348497  0.12496938
 2684     H   1.0  0.06424850       0.66382015  0.13443078  0.13750057
 2685     H   1.0  0.07561797       0.66470867  0.13501520  0.12465815
 2686     H   1.0  0.08008675       0.66111261  0.13418412  0.12461652
 2687     H   1.0  0.07570267       0.66760319  0.13307899  0.12361514
 2688     H   1.0  0.07598536       0.66550124  0.13314769  0.12536572
 2689     H   1.0  0.10723316       0.56517500  0.12154787  0.20604398
 2690     H   1.0  0.08576581       0.65265483  0.13435288  0.12722648
 2691     H   1.0  0.08318248       0.66186297  0.13661699  0.11833756
 2692     H   1.0  0.07973928       0.66171086  0.13597143  0.12257843
 2693     H   1.0  0.07239023       0.66550523  0.13612537  0.12597917
 2694     H   1.0  0.06608222       0.66749024  0.14108850  0.12533903
 2695     H   1.0  0.08075260       0.65885282  0.13795421  0.12244038
 2696     H   1.0  0.06421806       0.67173600  0.13687828  0.12716766
 2697     H   1.0  0.07603715       0.66134608  0.13892171  0.12369506
 2698     H   1.0  0.11776469       0.56040919  0.12082441  0.20100171
 2699     H   1.0  0.09415208       0.65448564  0.13767475  0.11368752
 2700     H   1.0  0.09121096       0.65964657  0.13690932  0.11223315
 2701     H   1.0  0.08190132       0.66721028  0.13651028  0.11437812
 2702     H   1.0  0.15180399       0.52150464  0.10330155  0.22338982
 2703     H   1.0  0.15469378       0.56205422  0.11687874  0.16637326
 2704     H   1.0  0.08709939       0.65504634  0.14271970  0.11513456
 2705     H   1.0  0.06858747       0.66752702  0.14061792  0.12326759
 2706     H   1.0  0.07583340       0.66352367  0.13901488  0.12162805
 2707     H   1.0  0.08341859       0.65601677  0.14028986  0.12027478
 2708     H   1.0  0.07367883       0.66422361  0.14176694  0.12033063
 2709     H   1.0  0.07884393       0.66139638  0.14025310  0.11950658
 2710     H   1.0  0.08146932       0.65814167  0.14053929  0.11984972
 2711     H   1.0  0.08195336       0.66501755  0.13550405  0.11752504
 2712     H   1.0  0.08416152       0.66521811  0.13233373  0.11828664
 2713     H   1.0  0.05556935       0.57935739  0.10197350  0.26309976
 2714     H   1.0  0.17889949       0.58284289  0.09721801  0.14103962
 2715     H   1.0  0.17811446       0.58067787  0.10449235  0.13671533
 2716     H   1.0  0.10467186       0.55980235  0.12006383  0.21546196
 2717     H   1.0  0.08689309       0.65462196  0.14373915  0.11474581
 2718     H   1.0  0.07987022       0.66107285  0.13723917  0.12181775
 2719     H   1.0  0.08237383       0.65894288  0.13920318  0.11948012
 2720     H   1.0  0.08465413       0.65581459  0.14113981  0.11839148
 2721     H   1.0  0.07385244       0.66629010  0.13340296  0.12645449
 2722     H   1.0  0.07995684       0.65922606  0.13587520  0.12494191
 2723     H   1.0  0.07279806       0.66908884  0.13319045  0.12492265
 2724     H   1.0  0.07995600       0.66422045  0.12913154  0.12669200
 2725     H   1.0  0.07847461       0.66688597  0.12940218  0.12523725
 2726     H   1.0  0.07455412       0.66686463  0.13156049  0.12702076
 2727     H   1.0  0.14861042       0.56800926  0.11414443  0.16923589
 2728     H   1.0  0.08666589       0.65751982  0.14542440  0.11038990
 2729     H   1.0  0.07899728       0.66161239  0.13797051  0.12141982
 2730     H   1.0  0.07979589       0.66296917  0.13493943  0.12229551
 2731     H   1.0  0.09305553       0.64678723  0.13927016  0.12088709
 2732     H   1.0  0.08860577       0.65538228  0.13677905  0.11923290
 2733     H   1.0  0.15037077       0.56831503  0.10393280  0.17738140
 2734     H   1.0  0.13824211       0.57470554  0.10532025  0.18173210
 2735     H   1.0  0.12831260       0.55989361  0.12392380  0.18786999
 2736     H   1.0  0.09455089       0.64306933  0.13899250  0.12338728
 2737     H   1.0  0.08509806       0.65237170  0.14456077  0.11796946
 2738     H   1.0  0.06919409       0.66452312  0.14282037  0.12346241
 2739     H   1.0  0.07000435       0.66596627  0.14349104  0.12053834
 2740     H   1.0  0.07797837       0.66028273  0.13676532  0.12497358
 2741     H   1.0  0.07095031       0.66532743  0.13663073  0.12709153
 2742     H   1.0  0.07315936       0.66525692  0.13748696  0.12409675
 2743     H   1.0  0.07714696       0.66056460  0.13722751  0.12506093
 2744     H   1.0  0.06689145       0.66961199  0.13852045  0.12497611
 2745     H   1.0  0.06837936       0.66873461  0.13811968  0.12476635
 2746     H   1.0  0.11889964       0.56889129  0.12529735  0.18691172
 2747     H   1.0  0.09131313       0.65489513  0.13812006  0.11567169
 2748     H   1.0  0.09106608       0.65517521  0.13412993  0.11962878
 2749     H   1.0  0.15332917       0.56119061  0.11629097  0.16918926
 2750     H   1.0  0.09144220       0.65176266  0.14578326  0.11101187
 2751     H   1.0  0.08727551       0.65663201  0.13725834  0.11883414
 2752     H   1.0  0.08075154       0.66186804  0.13860469  0.11877573
 2753     H   1.0  0.07715298       0.66079926  0.13858977  0.12345798
 2754     H   1.0  0.07984333       0.66048765  0.13755402  0.12211500
 2755     H   1.0  0.08832184       0.66245025  0.12863255  0.12059536
 2756     H   1.0  0.09043168       0.66157889  0.12787683  0.12011259
 2757     H   1.0  0.15914871       0.56160307  0.10541921  0.17382901
 2758     H   1.0  0.15909335       0.56492823  0.09476128  0.18121713
 2759     H   1.0  0.14911574       0.56278819  0.09674872  0.19134734
 2760     H   1.0  0.15092888       0.56661606  0.09782147  0.18463358
 2761     H   1.0  0.15486301       0.56369704  0.09888164  0.18255831
 2762     H   1.0  0.05555920       0.55919129  0.12084316  0.26440635
 2763     H   1.0  0.09614412       0.64572096  0.14628254  0.11185238
 2764     H   1.0  0.07160663       0.66849446  0.14193849  0.11796041
 2765     H   1.0  0.07927900       0.66128302  0.14535233  0.11408565
 2766     H   1.0  0.02228044       0.52068448  0.11407390  0.34296118
 2767     H   1.0  0.13262583       0.56082416  0.12374023  0.18280979
 2768     H   1.0  0.08700493       0.65574104  0.14535397  0.11190006
 2769     H   1.0  0.08153717       0.65746385  0.14300914  0.11798984
 2770     H   1.0  0.09158530       0.65053087  0.13903655  0.11884727
 2771     H   1.0  0.08695170       0.64350563  0.14051165  0.12903102
 2772     H   1.0  0.08106786       0.64662111  0.14347117  0.12883986
 2773     H   1.0  0.07992698       0.64674538  0.13830405  0.13502359
 2774     H   1.0  0.07668548       0.64608091  0.14246266  0.13477096
 2775     H   1.0  0.16922681       0.51824600  0.09238872  0.22013847
 2776     H   1.0  0.07588328       0.55985028  0.12591062  0.23835582
 2777     H   1.0  0.10047016       0.64661169  0.13898274  0.11393540
 2778     H   1.0  0.08242434       0.65635067  0.13792932  0.12329566
 2779     H   1.0  0.07180448       0.66339976  0.14154010  0.12325566
 2780     H   1.0  0.08122727       0.65271163  0.14010319  0.12595791
 2781     H   1.0  0.07418011       0.66307026  0.13731232  0.12543731
 2782     H   1.0  0.07043073       0.56624550  0.11974663  0.24357715
 2783     H   1.0  0.09372619       0.65481645  0.13427554  0.11718182
 2784     H   1.0  0.09890239       0.65084964  0.13299495  0.11725302
 2785     H   1.0  0.11359741       0.56328613  0.12126031  0.20185615
 2786     H   1.0  0.08536946       0.65794283  0.14310004  0.11358767
 2787     H   1.0  0.08611556       0.65799105  0.13666399  0.11922940
 2788     H   1.0  0.08158830       0.65972751  0.14064276  0.11804142
 2789     H   1.0  0.06767579       0.66966724  0.13882154  0.12383543
 2790     H   1.0  0.07240615       0.66656286  0.13626640  0.12476460
 2791     H   1.0  0.08489442       0.66330057  0.13508554  0.11671947
 2792     H   1.0  0.07891821       0.66412973  0.14234529  0.11460676
 2793     H   1.0  0.15080023       0.56254554  0.11044480  0.17620943
 2794     H   1.0  0.07768312       0.56354260  0.11291674  0.24585754
 2795     H   1.0  0.08867212       0.56310368  0.12017926  0.22804495
 2796     H   1.0  0.15000814       0.56630141  0.10059436  0.18309609
 2797     H   1.0  0.15154666       0.56622887  0.10034755  0.18187692
 2798     H   1.0  0.08781389       0.65673673  0.14253438  0.11291500
 2799     H   1.0  0.07777656       0.66399449  0.13430217  0.12392678
 2800     H   1.0  0.08583445       0.65467000  0.13944058  0.12005497
 2801     H   1.0  0.08449852       0.66019481  0.13165349  0.12365318
 2802     H   1.0  0.08208273       0.66189945  0.13595453  0.12006329
 2803     H   1.0  0.08781771       0.66117984  0.13384241  0.11716004
 2804     H   1.0  0.08377957       0.66525459  0.13149491  0.11947093
 2805     H   1.0  0.10221662       0.56844127  0.12436725  0.20497486
 2806     H   1.0  0.08877921       0.65325963  0.14853546  0.10942570
 2807     H   1.0  0.07063562       0.66213143  0.14861928  0.11861367
 2808     H   1.0  0.06295222       0.66886061  0.14310323  0.12508394
 2809     H   1.0  0.07751776       0.66237473  0.14001793  0.12008958
 2810     H   1.0  0.07381693       0.66067278  0.14031066  0.12519963
 2811     H   1.0  0.07001226       0.66294777  0.14169198  0.12534798
 2812     H   1.0  0.07466973       0.66099352  0.14166547  0.12267128
 2813     H   1.0  0.06650792       0.66750365  0.13890642  0.12708201
 2814     H   1.0  0.06301966       0.67061579  0.13989975  0.12646480
 2815     H   1.0  0.07225118       0.66604292  0.13749352  0.12421238
 2816     H   1.0  0.15044831       0.56251132  0.12058564  0.16645472
 2817     H   1.0  0.07049434       0.66311258  0.14829573  0.11809735
 2818     H   1.0  0.07738398       0.65798330  0.14293039  0.12170233
 2819     H   1.0  0.07802212       0.66186231  0.14373223  0.11638333
 2820     H   1.0  0.07799086       0.64585018  0.14665349  0.12950547
 2821     H   1.0  0.08016276       0.64603418  0.14768980  0.12611325
 2822     H   1.0  0.06879419       0.65085292  0.14479809  0.13555481
 2823     H   1.0  0.07788197       0.64490372  0.14550099  0.13171333
 2824     H   1.0  0.16585645       0.51956320  0.09539987  0.21918048
 2825     H   1.0  0.08655380       0.56469095  0.12387402  0.22488123
 2826     H   1.0  0.09249902       0.64748269  0.14974785  0.11027044
 2827     H   1.0  0.07625867       0.66279197  0.14387648  0.11707288
 2828     H   1.0  0.07101417       0.66497630  0.14057554  0.12343399
 2829     H   1.0  0.06573728       0.66529840  0.14331472  0.12564960
 2830     H   1.0  0.07458598       0.66114116  0.14303228  0.12124058
 2831     H   1.0  0.07138664       0.66524792  0.14025065  0.12311479
 2832     H   1.0  0.07678268       0.66393816  0.13982889  0.11945027
 2833     H   1.0  0.06777980       0.66618526  0.14053933  0.12549561
 2834     H   1.0  0.09510080       0.55406970  0.12199314  0.22883636
 2835     H   1.0  0.07480251       0.65942526  0.14625220  0.11952003
 2836     H   1.0  0.07997556       0.65853304  0.14408612  0.11740528
 2837     H   1.0  0.07550843       0.66069347  0.14580941  0.11798869
 2838     H   1.0  0.07897523       0.65418041  0.14686121  0.11998315
 2839     H   1.0  0.06796055       0.66742110  0.13787700  0.12674135
 2840     H   1.0  0.07403009       0.66380650  0.13831832  0.12384510
 2841     H   1.0  0.06833442       0.66930360  0.13983804  0.12252394
 2842     H   1.0  0.06583165       0.66921914  0.13660708  0.12834213
 2843     H   1.0  0.07013573       0.66778946  0.13741855  0.12465625
 2844     H   1.0  0.06104844       0.67016703  0.13762560  0.13115893
 2845     H   1.0  0.08299096       0.56367004  0.12195551  0.23138349
 2846     H   1.0  0.08940341       0.65145802  0.14833948  0.11079909
 2847     H   1.0  0.06757875       0.67126215  0.13956958  0.12158953
 2848     H   1.0  0.07270158       0.66344696  0.14110108  0.12275038
 2849     H   1.0  0.07272144       0.66161799  0.14149316  0.12416741
 2850     H   1.0  0.07500350       0.66370296  0.14100316  0.12029037
 2851     H   1.0  0.07429196       0.66787267  0.13574250  0.12209287
 2852     H   1.0  0.07208802       0.66806746  0.13787974  0.12196478
 2853     H   1.0  0.08247771       0.66163665  0.13833496  0.11755068
 2854     H   1.0  0.08423529       0.66603565  0.13183992  0.11788914
 2855     H   1.0  0.18623395       0.58277410  0.09276887  0.13822307
 2856     H   1.0  0.18468428       0.58350271  0.09556936  0.13624365
 2857     H   1.0  0.18085108       0.58646685  0.09580118  0.13688089
 2858     H   1.0  0.05501176       0.55602044  0.12355599  0.26541182
 2859     H   1.0  0.07739447       0.65864271  0.14819890  0.11576392
 2860     H   1.0  0.08214529       0.65933317  0.14089553  0.11762601
 2861     H   1.0  0.07748557       0.66200745  0.14295304  0.11755395
 2862     H   1.0  0.07375132       0.64625078  0.15097664  0.12902125
 2863     H   1.0  0.07297971       0.64698088  0.14951748  0.13052193
 2864     H   1.0  0.07783880       0.64594293  0.14903899  0.12717928
 2865     H   1.0  0.06970088       0.65048778  0.14965513  0.13015620
 2866     H   1.0  0.06902980       0.65298498  0.14870033  0.12928490
 2867     H   1.0  0.10526375       0.56993240  0.12177242  0.20303144
 2868     H   1.0  0.08846352       0.65130067  0.14808050  0.11215532
 2869     H   1.0  0.07941771       0.66328269  0.14480002  0.11249957
 2870     H   1.0  0.07759270       0.66429228  0.14438094  0.11373408
 2871     H   1.0  0.08738141       0.52184087  0.11051628  0.28026144
 2872     H   1.0  0.15363974       0.55999082  0.11938921  0.16698023
 2873     H   1.0  0.10308563       0.64023346  0.13889813  0.11778278
 2874     H   1.0  0.09586847       0.65219235  0.14153373  0.11040544
 2875     H   1.0  0.09714715       0.51678431  0.11071325  0.27535529
 2876     H   1.0  0.07369314       0.66391557  0.13511091  0.12728037
 2877     H   1.0  0.07785185       0.66119128  0.13381103  0.12714583
 2878     H   1.0  0.07621729       0.66334629  0.13607463  0.12436179
 2879     H   1.0  0.12559905       0.56799972  0.11537743  0.19102379
 2880     H   1.0  0.08969928       0.65838885  0.13151786  0.12039401
 2881     H   1.0  0.09882178       0.65423054  0.12542570  0.12152199
 2882     H   1.0  0.15670102       0.56729424  0.10516958  0.17083516
 2883     H   1.0  0.09499221       0.65706378  0.13203053  0.11591347
 2884     H   1.0  0.10615144       0.65128124  0.12539725  0.11717008
 2885     H   1.0  0.15583311       0.56350386  0.11088423  0.16977879
 2886     H   1.0  0.10171240       0.65392369  0.13301556  0.11134835
 2887     H   1.0  0.08000811       0.67072177  0.13033034  0.11893979
 2888     H   1.0  0.10131598       0.65809602  0.12700514  0.11358286
 2889     H   1.0  0.15614988       0.52391863  0.09199405  0.22793745
 2890     H   1.0  0.17202546       0.55803597  0.10429344  0.16564513
 2891     H   1.0  0.10795659       0.64632761  0.13070565  0.11501014
 2892     H   1.0  0.08564995       0.65847903  0.13260010  0.12327092
 2893     H   1.0  0.08823866       0.65638149  0.13312109  0.12225876
 2894     H   1.0  0.13668001       0.56940508  0.11424846  0.17966645
 2895     H   1.0  0.14642835       0.57156360  0.10876358  0.17324447
 2896     H   1.0  0.15508248       0.55855960  0.11603351  0.17032441
 2897     H   1.0  0.08806848       0.65747833  0.14196922  0.11248397
 2898     H   1.0  0.07971661       0.65953749  0.13682146  0.12392443
 2899     H   1.0  0.08536446       0.65808678  0.13873291  0.11781585
 2900     H   1.0  0.07005003       0.67027605  0.13563652  0.12403740
 2901     H   1.0  0.07495539       0.66667515  0.13398843  0.12438103
 2902     H   1.0  0.08406000       0.66502154  0.13568714  0.11523132
 2903     H   1.0  0.06862511       0.66591418  0.13963877  0.12582195
 2904     H   1.0  0.14218979       0.56886619  0.11244601  0.17649801
 2905     H   1.0  0.11659417       0.56427282  0.11048805  0.20864496
 2906     H   1.0  0.15370799       0.55710572  0.10987125  0.17931504
 2907     H   1.0  0.15619364       0.56250578  0.09847619  0.18282439
 2908     H   1.0  0.14928433       0.56827694  0.09793738  0.18450135
 2909     H   1.0  0.08291711       0.65309036  0.14433154  0.11966099
 2910     H   1.0  0.08287330       0.66114885  0.13386896  0.12210890
 2911     H   1.0  0.07460989       0.65658331  0.13202536  0.13678144
 2912     H   1.0  0.08394428       0.66385067  0.13006373  0.12214132
 2913     H   1.0  0.09240443       0.65428591  0.13169435  0.12161532
 2914     H   1.0  0.08087081       0.66218442  0.13515761  0.12178716
 2915     H   1.0  0.08744866       0.66122532  0.13139713  0.11992889
 2916     H   1.0  0.11286559       0.56513661  0.12447735  0.19752045
 2917     H   1.0  0.08087152       0.65327609  0.14652771  0.11932469
 2918     H   1.0  0.07237524       0.66325605  0.14095770  0.12341101
 2919     H   1.0  0.06632479       0.66566575  0.14287326  0.12513620
 2920     H   1.0  0.06839556       0.66526216  0.14337806  0.12296421
 2921     H   1.0  0.12495606       0.56454629  0.12506227  0.18543538
 2922     H   1.0  0.07939671       0.65772462  0.15188724  0.11099144
 2923     H   1.0  0.06223798       0.66892874  0.14738502  0.12144827
 2924     H   1.0  0.08340553       0.65618885  0.14087375  0.11953188
 2925     H   1.0  0.07701429       0.65903944  0.14268017  0.12126610
 2926     H   1.0  0.06508055       0.66368908  0.13516596  0.13606442
 2927     H   1.0  0.07388704       0.66245002  0.13997249  0.12369045
 2928     H   1.0  0.06511180       0.66989166  0.13709269  0.12790385
 2929     H   1.0  0.06519770       0.66973448  0.13973238  0.12533545
 2930     H   1.0  0.07404005       0.66385216  0.13732426  0.12478354
 2931     H   1.0  0.07174974       0.66464221  0.14178468  0.12182336
 2932     H   1.0  0.09106085       0.56758142  0.12772360  0.21363413
 2933     H   1.0  0.07497793       0.65720606  0.15422609  0.11358992
 2934     H   1.0  0.07147697       0.66403717  0.14657161  0.11791425
 2935     H   1.0  0.07091180       0.66292572  0.14474206  0.12142042
 2936     H   1.0  0.08293583       0.62712842  0.15738603  0.13254971
 2937     H   1.0  0.06964846       0.56452692  0.12757105  0.23825358
 2938     H   1.0  0.06710028       0.65004915  0.14989223  0.13295834
 2939     H   1.0  0.06156106       0.65004444  0.15413274  0.13426176
 2940     H   1.0  0.06334847       0.65068841  0.15053453  0.13542859
 2941     H   1.0  0.06391095       0.64909279  0.15255108  0.13444517
 2942     H   1.0  0.10607348       0.56459713  0.12779562  0.20153376
 2943     H   1.0  0.07800081       0.65769547  0.15203595  0.11226776
 2944     H   1.0  0.06994897       0.66132832  0.14954717  0.11917554
 2945     H   1.0  0.06386149       0.66557640  0.14619097  0.12437114
 2946     H   1.0  0.06770825       0.66564959  0.14687936  0.11976279
 2947     H   1.0  0.06637838       0.66645128  0.14057279  0.12659756
 2948     H   1.0  0.06746595       0.66496664  0.14333658  0.12423082
 2949     H   1.0  0.06923545       0.66540015  0.14289838  0.12246602
 2950     H   1.0  0.06439895       0.67098910  0.13518663  0.12942533
 2951     H   1.0  0.06608583       0.66826737  0.14149772  0.12414909
 2952     H   1.0  0.06731150       0.66769958  0.13963841  0.12535052
 2953     H   1.0  0.10458724       0.56568587  0.12870768  0.20101921
 2954     H   1.0  0.07222451       0.66175908  0.14750399  0.11851242
 2955     H   1.0  0.07343127       0.66509461  0.14344920  0.11802492
 2956     H   1.0  0.07869238       0.65248585  0.14324035  0.12558142
 2957     H   1.0  0.10114544       0.57233512  0.12954533  0.19697411
 2958     H   1.0  0.08570609       0.65353310  0.15229315  0.10846767
 2959     H   1.0  0.07112646       0.66055530  0.14836796  0.11995028
 2960     H   1.0  0.06486014       0.66450274  0.15072961  0.11990751
 2961     H   1.0  0.06366784       0.66783601  0.14837994  0.12011621
 2962     H   1.0  0.06249127       0.67032272  0.14349145  0.12369457
 2963     H   1.0  0.06185544       0.66547561  0.14653865  0.12613031
 2964     H   1.0  0.06110768       0.67105788  0.14515081  0.12268363
 2965     H   1.0  0.07107347       0.66297662  0.14308530  0.12286461
 2966     H   1.0  0.05966495       0.67143381  0.14441085  0.12449039
 2967     H   1.0  0.06432404       0.66786879  0.14403366  0.12377351
 2968     H   1.0  0.13445934       0.56667739  0.12814766  0.17071561
 2969     H   1.0  0.07869922       0.65847039  0.14689267  0.11593772
 2970     H   1.0  0.08628593       0.64843053  0.14636108  0.11892246
 2971     H   1.0  0.12916113       0.56342316  0.13079913  0.17661658
 2972     H   1.0  0.07502137       0.66159642  0.15207465  0.11130757
 2973     H   1.0  0.07946453       0.65304762  0.15004602  0.11744183
 2974     H   1.0  0.06281035       0.66925550  0.14462470  0.12330946
 2975     H   1.0  0.06087173       0.66976660  0.14718582  0.12217585
 2976     H   1.0  0.06484316       0.66622961  0.14291184  0.12601539
 2977     H   1.0  0.06438266       0.66509902  0.14675711  0.12376121
 2978     H   1.0  0.06424840       0.66524154  0.14837536  0.12213470
 2979     H   1.0  0.06270359       0.66889459  0.14218582  0.12621600
 2980     H   1.0  0.06815252       0.66614413  0.14147416  0.12422919
 2981     H   1.0  0.06533560       0.66869748  0.14029105  0.12567588
 2982     H   1.0  0.10678106       0.57122201  0.12738769  0.19460925
 2983     H   1.0  0.07304693       0.65854174  0.15346864  0.11494269
 2984     H   1.0  0.07868285       0.65288407  0.15039676  0.11803632
 2985     H   1.0  0.06054645       0.65669298  0.15306658  0.12969400
 2986     H   1.0  0.07384428       0.62431633  0.15504281  0.14679657
 2987     H   1.0  0.07497248       0.63804752  0.16174531  0.12523470
 2988     H   1.0  0.12446273       0.57022119  0.12898605  0.17633004
 2989     H   1.0  0.09011661       0.65256107  0.14590567  0.11141665
 2990     H   1.0  0.08383026       0.65781736  0.14895184  0.10940054
 2991     H   1.0  0.06686708       0.67036009  0.14867269  0.11410015
 2992     H   1.0  0.07328097       0.53126794  0.11831497  0.27713612
 2993     H   1.0  0.12469792       0.56831551  0.12983707  0.17714950
 2994     H   1.0  0.08281814       0.65518874  0.14817451  0.11381861
 2995     H   1.0  0.06268557       0.66542143  0.14722933  0.12466368
 2996     H   1.0  0.07106367       0.66301674  0.14589910  0.12002049
 2997     H   1.0  0.07236145       0.66158074  0.14681907  0.11923874
 2998     H   1.0  0.07449893       0.66016912  0.14599468  0.11933727
 2999     H   1.0  0.05563004       0.66855359  0.13975953  0.13605685
 3000     H   1.0  0.06162929       0.67607307  0.14347515  0.11882249
 3001     H   1.0  0.12337297       0.56015134  0.12194404  0.19453165
 3002     H   1.0  0.13756137       0.56796211  0.10837331  0.18610321
 3003     H   1.0  0.09057695       0.56757599  0.11334547  0.22850159
 3004     H   1.0  0.14697101       0.56541270  0.10610683  0.18150945
 3005     H   1.0  0.12567417       0.55326903  0.10743845  0.21361835
 3006     H   1.0  0.10415276       0.56752694  0.12883918  0.19948112
 3007     H   1.0  0.07488446       0.65880448  0.15165317  0.11465790
 3008     H   1.0  0.06605738       0.66071355  0.15165530  0.12157376
 3009     H   1.0  0.06355880       0.66155022  0.15455432  0.12033666
 3010     H   1.0  0.06685815       0.66300464  0.14658627  0.12355095
 3011     H   1.0  0.07028886       0.65930825  0.14655893  0.12384396
 3012     H   1.0  0.10597969       0.57149827  0.12735187  0.19517017
 3013     H   1.0  0.07412559       0.65856832  0.14874981  0.11855628
 3014     H   1.0  0.08033560       0.65976626  0.14153217  0.11836597
 3015     H   1.0  0.07507918       0.66301107  0.14246210  0.11944764
 3016     H   1.0  0.07083276       0.63462859  0.15702654  0.13751211
 3017     H   1.0  0.10558499       0.55973518  0.12543662  0.20924322
 3018     H   1.0  0.07624421       0.64382243  0.14750130  0.13243205
 3019     H   1.0  0.06918731       0.64644760  0.15105236  0.13331274
 3020     H   1.0  0.06781710       0.64985019  0.14357436  0.13875835
 3021     H   1.0  0.07081941       0.64714372  0.14575444  0.13628243
 3022     H   1.0  0.14275606       0.56149685  0.12383366  0.17191343
 3023     H   1.0  0.07951451       0.65945965  0.14598112  0.11504472
 3024     H   1.0  0.06901536       0.66306370  0.14555880  0.12236213
 3025     H   1.0  0.06265431       0.66728407  0.14524342  0.12481820
 3026     H   1.0  0.06169074       0.66867965  0.14432731  0.12530230
 3027     H   1.0  0.07070728       0.66358680  0.14120600  0.12449992
 3028     H   1.0  0.07004003       0.66370851  0.14129718  0.12495429
 3029     H   1.0  0.06409837       0.66712815  0.14548564  0.12328785
 3030     H   1.0  0.06729763       0.66721845  0.13846251  0.12702141
 3031     H   1.0  0.06039264       0.66961890  0.14191574  0.12807271
 3032     H   1.0  0.05954556       0.67102277  0.14217721  0.12725446
 3033     H   1.0  0.07868328       0.56574297  0.12959050  0.22598325
 3034     H   1.0  0.08233602       0.65585995  0.15045467  0.11134937
 3035     H   1.0  0.07860169       0.66140157  0.15273115  0.10726559
 3036     H   1.0  0.10105966       0.52663666  0.11844189  0.25386178
 3037     H   1.0  0.06601958       0.66162413  0.14588596  0.12647032
 3038     H   1.0  0.06157036       0.66495448  0.14683594  0.12663922
 3039     H   1.0  0.05156571       0.67342287  0.14903219  0.12597923
 3040     H   1.0  0.08939838       0.57027870  0.13251618  0.20780674
 3041     H   1.0  0.08254896       0.65514392  0.15295160  0.10935552
 3042     H   1.0  0.07798539       0.65925205  0.14188665  0.12087591
 3043     H   1.0  0.06269128       0.66485238  0.15106104  0.12139529
 3044     H   1.0  0.07140229       0.65777904  0.14684756  0.12397111
 3045     H   1.0  0.06823022       0.66365391  0.14346963  0.12464624
 3046     H   1.0  0.12580108       0.57014471  0.12404379  0.18001042
 3047     H   1.0  0.13072198       0.57147789  0.12170552  0.17609461
 3048     H   1.0  0.12147045       0.56919837  0.12746803  0.18186314
 3049     H   1.0  0.08406506       0.65693927  0.14773889  0.11125678
 3050     H   1.0  0.07308791       0.66610759  0.13639587  0.12440863
 3051     H   1.0  0.06983151       0.66617793  0.13824151  0.12574905
 3052     H   1.0  0.06516014       0.66721922  0.14438263  0.12323802
 3053     H   1.0  0.10642347       0.56606609  0.12932648  0.19818396
 3054     H   1.0  0.08267178       0.65550423  0.15160516  0.11021883
 3055     H   1.0  0.07595316       0.66178870  0.15250424  0.10975390
 3056     H   1.0  0.09627922       0.52498662  0.11121155  0.26752260
 3057     H   1.0  0.07377759       0.66190398  0.14031069  0.12400774
 3058     H   1.0  0.07799922       0.65643376  0.14247505  0.12309196
 3059     H   1.0  0.06703897       0.66645551  0.14356738  0.12293814
 3060     H   1.0  0.09474320       0.56796718  0.12898584  0.20830379
 3061     H   1.0  0.09277992       0.64898199  0.14574875  0.11248934
 3062     H   1.0  0.08498356       0.65595084  0.14890267  0.11016293
 3063     H   1.0  0.10790023       0.56592691  0.12859361  0.19757925
 3064     H   1.0  0.09329301       0.65224349  0.14884061  0.10562289
 3065     H   1.0  0.08286593       0.65226930  0.14793557  0.11692919
 3066     H   1.0  0.06841072       0.66774255  0.13528328  0.12856345
 3067     H   1.0  0.06072679       0.67104143  0.14028724  0.12794455
 3068     H   1.0  0.07025705       0.66640443  0.13938515  0.12395338
 3069     H   1.0  0.06626766       0.66935503  0.13843499  0.12594232
 3070     H   1.0  0.07186374       0.66644716  0.14159317  0.12009592
 3071     H   1.0  0.06904986       0.66689670  0.14054079  0.12351264
 3072     H   1.0  0.12999468       0.56571370  0.12767620  0.17661541
 3073     H   1.0  0.08232756       0.65744436  0.15037102  0.10985707
 3074     H   1.0  0.07748051       0.66054976  0.14598435  0.11598538
 3075     H   1.0  0.08163806       0.65571588  0.14317325  0.11947281
 3076     H   1.0  0.07812583       0.63735467  0.14646524  0.13805426
 3077     H   1.0  0.14289992       0.56728113  0.11394430  0.17587465
 3078     H   1.0  0.07356635       0.64470780  0.14831789  0.13340796
 3079     H   1.0  0.07350862       0.64780974  0.14458029  0.13410134
 3080     H   1.0  0.07366985       0.64835644  0.14572319  0.13225051
 3081     H   1.0  0.07728488       0.64653999  0.14634596  0.12982918
 3082     H   1.0  0.07964911       0.56511796  0.12892912  0.22630382
 3083     H   1.0  0.08509795       0.65451515  0.14956200  0.11082490
 3084     H   1.0  0.08938352       0.65287238  0.14230044  0.11544365
 3085     H   1.0  0.07916755       0.65710115  0.14573653  0.11799476
 3086     H   1.0  0.05429193       0.65981555  0.14481238  0.14108014
 3087     H   1.0  0.07671672       0.64636070  0.14870834  0.12821424
 3088     H   1.0  0.06596354       0.64948148  0.15260792  0.13194707
 3089     H   1.0  0.06996856       0.64973253  0.15018095  0.13011796
 3090     H   1.0  0.06885587       0.65089679  0.14804325  0.13220410
 3091     H   1.0  0.11616546       0.56967807  0.12913150  0.18502497
 3092     H   1.0  0.08201792       0.65914017  0.14881156  0.11003035
 3093     H   1.0  0.07259656       0.66450465  0.13937832  0.12352047
 3094     H   1.0  0.07222341       0.66438460  0.14025223  0.12313975
 3095     H   1.0  0.06234207       0.67023492  0.14434460  0.12307842
 3096     H   1.0  0.13633520       0.56232685  0.12732862  0.17400933
 3097     H   1.0  0.08711886       0.65678412  0.14652145  0.10957558
 3098     H   1.0  0.08059024       0.65759671  0.14188795  0.11992510
 3099     H   1.0  0.07364178       0.66328889  0.14279661  0.12027272
 3100     H   1.0  0.07274238       0.66563666  0.14004207  0.12157889
 3101     H   1.0  0.07748623       0.66152066  0.13799375  0.12299936
 3102     H   1.0  0.06823870       0.66719657  0.14185072  0.12271400
 3103     H   1.0  0.07014631       0.66689557  0.13987587  0.12308225
 3104     H   1.0  0.07154816       0.66863203  0.13561767  0.12420214
 3105     H   1.0  0.07655191       0.66517758  0.13759102  0.12067949
 3106     H   1.0  0.13561118       0.58428395  0.09737641  0.18272846
 3107     H   1.0  0.17860759       0.58345652  0.09972446  0.13821144
 3108     H   1.0  0.11202200       0.57978439  0.10342298  0.20477062
 3109     H   1.0  0.10555680       0.56414741  0.12591009  0.20438570
 3110     H   1.0  0.08301650       0.66072160  0.14525025  0.11101165
 3111     H   1.0  0.07681338       0.66012907  0.14316647  0.11989108
 3112     H   1.0  0.07915821       0.65939146  0.14246808  0.11898225
 3113     H   1.0  0.07683152       0.66094571  0.14266643  0.11955634
 3114     H   1.0  0.08164963       0.65866256  0.14063647  0.11905133
 3115     H   1.0  0.07622610       0.66306764  0.14118251  0.11952375
 3116     H   1.0  0.07312286       0.66374266  0.14208819  0.12104629
 3117     H   1.0  0.07237328       0.66378319  0.14063567  0.12320786
 3118     H   1.0  0.08077613       0.66499662  0.13900292  0.11522433
 3119     H   1.0  0.16732479       0.58570111  0.10435063  0.14262347
 3120     H   1.0  0.18301477       0.58376163  0.09772474  0.13549886
 3121     H   1.0  0.18687328       0.58087939  0.09511412  0.13713321
 3122     H   1.0  0.11034854       0.55856562  0.12666345  0.20442240
 3123     H   1.0  0.08311532       0.65671474  0.14978132  0.11038863
 3124     H   1.0  0.08358589       0.65421331  0.14169993  0.12050087
 3125     H   1.0  0.07366383       0.66402602  0.14450325  0.11780690
 3126     H   1.0  0.06174959       0.65551186  0.14985767  0.13288089
 3127     H   1.0  0.06500785       0.65253359  0.14646642  0.13599214
 3128     H   1.0  0.06216675       0.64740103  0.14066845  0.14976377
 3129     H   1.0  0.07006628       0.65051657  0.15070949  0.12870766
 3130     H   1.0  0.07559533       0.64612961  0.14967491  0.12860015
 3131     H   1.0  0.13840342       0.56371927  0.12753294  0.17034436
 3132     H   1.0  0.09738505       0.65002722  0.14159387  0.11099386
 3133     H   1.0  0.08865587       0.65846294  0.14498585  0.10789533
 3134     H   1.0  0.07968447       0.52339721  0.11200690  0.28491142
 3135     H   1.0  0.07090614       0.66413122  0.13818371  0.12677892
 3136     H   1.0  0.08016698       0.65800107  0.13671632  0.12511564
 3137     H   1.0  0.07070740       0.66468173  0.14167254  0.12293833
 3138     H   1.0  0.12381002       0.56099153  0.12705158  0.18814688
 3139     H   1.0  0.09459190       0.65142286  0.14326599  0.11071925
 3140     H   1.0  0.08180880       0.65950882  0.13653372  0.12214866
 3141     H   1.0  0.07534163       0.66102564  0.14250912  0.12112361
 3142     H   1.0  0.08446569       0.65326333  0.13750997  0.12476101
 3143     H   1.0  0.08217078       0.65718150  0.13329671  0.12735101
 3144     H   1.0  0.09492970       0.56315672  0.12250328  0.21941029
 3145     H   1.0  0.08581081       0.65564781  0.14259094  0.11595044
 3146     H   1.0  0.09248642       0.64909518  0.13885097  0.11956743
 3147     H   1.0  0.08868535       0.64741886  0.14148167  0.12241413
 3148     H   1.0  0.14381273       0.56076288  0.12051126  0.17491313
 3149     H   1.0  0.08265708       0.66410035  0.14352494  0.10971762
 3150     H   1.0  0.08118832       0.65927386  0.14178708  0.11775074
 3151     H   1.0  0.08727620       0.65526539  0.13964139  0.11781702
 3152     H   1.0  0.08198295       0.64370483  0.14769502  0.12661720
 3153     H   1.0  0.08395957       0.64457721  0.14152743  0.12993580
 3154     H   1.0  0.07534318       0.64182675  0.15006508  0.13276499
 3155     H   1.0  0.08107491       0.64459038  0.13849446  0.13584025
 3156     H   1.0  0.05581998       0.51891136  0.10398997  0.32127869
 3157     H   1.0  0.11657926       0.56432468  0.11791331  0.20118275
 3158     H   1.0  0.10548019       0.64631462  0.13200705  0.11619814
 3159     H   1.0  0.10620577       0.64980745  0.12831999  0.11566679
 3160     H   1.0  0.10061490       0.56193173  0.11845705  0.21899632
 3161     H   1.0  0.09019169       0.65035528  0.13923302  0.12022001
 3162     H   1.0  0.08338350       0.66132164  0.12857041  0.12672445
 3163     H   1.0  0.08619368       0.65882128  0.13401020  0.12097484
 3164     H   1.0  0.10004617       0.64745063  0.12550960  0.12699360
 3165     H   1.0  0.08753337       0.65649378  0.13296786  0.12300499
 3166     H   1.0  0.15000153       0.57245094  0.09890854  0.17863899
 3167     H   1.0  0.14831687       0.57002664  0.09730227  0.18435423
 3168     H   1.0  0.12272196       0.56363010  0.11628215  0.19736578
 3169     H   1.0  0.08946273       0.65749925  0.13782236  0.11521566
 3170     H   1.0  0.08604744       0.65578824  0.14175801  0.11640631
 3171     H   1.0  0.09408358       0.64537674  0.13506433  0.12547535
 3172     H   1.0  0.10040904       0.65496874  0.13262002  0.11200220
 3173     H   1.0  0.09609380       0.65783572  0.12375254  0.12231794
 3174     H   1.0  0.09020367       0.66023701  0.12863104  0.12092828
 3175     H   1.0  0.08899157       0.66451603  0.12347202  0.12302038
 3176     H   1.0  0.09155403       0.66110849  0.12386782  0.12346965
 3177     H   1.0  0.09264801       0.65940785  0.12955187  0.11839226
 3178     H   1.0  0.09083809       0.66035706  0.12668248  0.12212238
 3179     H   1.0  0.15099379       0.55995727  0.11659044  0.17245851
 3180     H   1.0  0.08821321       0.65923893  0.14010437  0.11244348
 3181     H   1.0  0.07430232       0.66881925  0.14169754  0.11518089
 3182     H   1.0  0.07769856       0.66956747  0.13431409  0.11841989
 3183     H   1.0  0.02437439       0.52289802  0.10403556  0.34869204
 3184     H   1.0  0.11609229       0.56402159  0.12288219  0.19700393
 3185     H   1.0  0.08768400       0.65934306  0.14337236  0.10960058
 3186     H   1.0  0.07519202       0.66406012  0.14363246  0.11711541
 3187     H   1.0  0.08901182       0.65230501  0.13996641  0.11871676
 3188     H   1.0  0.07297313       0.65058494  0.14743713  0.12900481
 3189     H   1.0  0.06641962       0.65493202  0.14716789  0.13148047
 3190     H   1.0  0.07899443       0.64598221  0.14782962  0.12719374
 3191     H   1.0  0.06883946       0.65042728  0.14961413  0.13111913
 3192     H   1.0  0.07367072       0.64746070  0.15042801  0.12844057
 3193     H   1.0  0.09779080       0.56508255  0.12210470  0.21502195
 3194     H   1.0  0.09312887       0.65459037  0.14345224  0.10882852
 3195     H   1.0  0.07776112       0.66617519  0.14328863  0.11277506
 3196     H   1.0  0.04869498       0.51677406  0.10524037  0.32929059
 3197     H   1.0  0.07823978       0.66459441  0.12807417  0.12909164
 3198     H   1.0  0.08391144       0.65698797  0.13199340  0.12710719
 3199     H   1.0  0.07347396       0.66356236  0.13532901  0.12763467
 3200     H   1.0  0.11003152       0.56590825  0.12397292  0.20008732
 3201     H   1.0  0.08947623       0.65933758  0.13839304  0.11279315
 3202     H   1.0  0.09214786       0.65798986  0.12597503  0.12388725
 3203     H   1.0  0.08136630       0.66338813  0.12839286  0.12685271
 3204     H   1.0  0.07753999       0.66280890  0.13512252  0.12452859
 3205     H   1.0  0.12499579       0.56362462  0.12595160  0.18542799
 3206     H   1.0  0.09296260       0.65762919  0.14267178  0.10673643
 3207     H   1.0  0.07737009       0.65775323  0.14671992  0.11815677
 3208     H   1.0  0.06657274       0.66814870  0.14033289  0.12494567
 3209     H   1.0  0.07340099       0.66506225  0.14000544  0.12153132
 3210     H   1.0  0.07644331       0.66170287  0.13784339  0.12401044
 3211     H   1.0  0.07494418       0.66169274  0.13777180  0.12559128
 3212     H   1.0  0.07212759       0.66521126  0.13965493  0.12300621
 3213     H   1.0  0.07227686       0.66574448  0.13449694  0.12748171
 3214     H   1.0  0.06229441       0.67106205  0.13930495  0.12733858
 3215     H   1.0  0.07308265       0.66517353  0.13836411  0.12337971
 3216     H   1.0  0.11937202       0.56312209  0.12399504  0.19351084
 3217     H   1.0  0.08961098       0.65232611  0.14357129  0.11449163
 3218     H   1.0  0.06971509       0.66877729  0.13912959  0.12237803
 3219     H   1.0  0.08435700       0.65740699  0.13943444  0.11880157
 3220     H   1.0  0.07266189       0.66325229  0.14299946  0.12108636
 3221     H   1.0  0.07324295       0.66400707  0.13758039  0.12516959
 3222     H   1.0  0.06402711       0.66464859  0.13741955  0.13390475
 3223     H   1.0  0.07596732       0.66498601  0.13640226  0.12264440
 3224     H   1.0  0.07307649       0.66396224  0.13744105  0.12552021
 3225     H   1.0  0.07314477       0.66819072  0.13647625  0.12218826
 3226     H   1.0  0.06538009       0.66865319  0.13892594  0.12704078
 3227     H   1.0  0.10930844       0.56820536  0.12655590  0.19593030
 3228     H   1.0  0.08992488       0.65044290  0.14301099  0.11662123
 3229     H   1.0  0.09850485       0.64424264  0.13246296  0.12478954
 3230     H   1.0  0.08518538       0.65396154  0.14061789  0.12023518
 3231     H   1.0  0.12447768       0.56356001  0.12385152  0.18811080
 3232     H   1.0  0.09366263       0.64510411  0.14195745  0.11927582
 3233     H   1.0  0.09652107       0.65405911  0.13712017  0.11229965
 3234     H   1.0  0.07802543       0.66930413  0.13931997  0.11335047
 3235     H   1.0  0.15076919       0.52354395  0.09837868  0.22730818
 3236     H   1.0  0.11294040       0.56712109  0.12460528  0.19533322
 3237     H   1.0  0.08020259       0.65621638  0.14767498  0.11590605
 3238     H   1.0  0.07791111       0.65913981  0.14265461  0.12029446
 3239     H   1.0  0.07671131       0.66119820  0.14462127  0.11746923
 3240     H   1.0  0.05982385       0.67105788  0.14588746  0.12323080
 3241     H   1.0  0.06638820       0.66880745  0.14323464  0.12156971
 3242     H   1.0  0.06495653       0.66872978  0.14133622  0.12497747
 3243     H   1.0  0.06023991       0.67095065  0.14035784  0.12845160
 3244     H   1.0  0.05080672       0.67286354  0.13240725  0.14392249
 3245     H   1.0  0.11340887       0.56644428  0.12489768  0.19524917
 3246     H   1.0  0.08160342       0.65259254  0.15167548  0.11412856
 3247     H   1.0  0.09157744       0.64359665  0.14272179  0.12210413
 3248     H   1.0  0.08207306       0.65519971  0.14330038  0.11942685
 3249     H   1.0  0.10402860       0.56316036  0.12471468  0.20809636
 3250     H   1.0  0.08708257       0.65383142  0.14806499  0.11102102
 3251     H   1.0  0.07632206       0.66054040  0.14613144  0.11700609
 3252     H   1.0  0.06831982       0.66517222  0.14223747  0.12427049
 3253     H   1.0  0.07241885       0.66659468  0.14118218  0.11980428
 3254     H   1.0  0.06857804       0.66616917  0.14057770  0.12467509
 3255     H   1.0  0.07426122       0.66073143  0.13957018  0.12543717
 3256     H   1.0  0.07180863       0.66469222  0.14192106  0.12157809
 3257     H   1.0  0.06800103       0.66436487  0.14122781  0.12640629
 3258     H   1.0  0.06463766       0.66982210  0.14070173  0.12483851
 3259     H   1.0  0.06757724       0.66757661  0.14139299  0.12345316
 3260     H   1.0  0.08715594       0.56144410  0.12588002  0.22551994
 3261     H   1.0  0.07307837       0.66076088  0.15134715  0.11481360
 3262     H   1.0  0.08437439       0.65584451  0.14305811  0.11672299
 3263     H   1.0  0.07707746       0.65970683  0.14742556  0.11579015
 3264     H   1.0  0.07090724       0.64909250  0.15168728  0.12831299
 3265     H   1.0  0.07434902       0.64888537  0.14694931  0.12981630
 3266     H   1.0  0.06845210       0.65205532  0.14817238  0.13132020
 3267     H   1.0  0.06693833       0.65353572  0.14721762  0.13230833
 3268     H   1.0  0.06559240       0.65274137  0.14660430  0.13506193
 3269     H   1.0  0.08269523       0.56610769  0.12524655  0.22595052
 3270     H   1.0  0.08012202       0.65691185  0.15025559  0.11271054
 3271     H   1.0  0.06339005       0.66933429  0.14633019  0.12094547
 3272     H   1.0  0.07134859       0.66261381  0.14576022  0.12027737
 3273     H   1.0  0.07185510       0.66086835  0.14799981  0.11927674
 3274     H   1.0  0.06704635       0.66595882  0.14254549  0.12444934
 3275     H   1.0  0.06250647       0.66788363  0.14250404  0.12710586
 3276     H   1.0  0.06640893       0.66739446  0.14351252  0.12268410
 3277     H   1.0  0.06536524       0.66511500  0.14347975  0.12604001
 3278     H   1.0  0.06435064       0.66906989  0.14271726  0.12386222
 3279     H   1.0  0.05926544       0.67051959  0.14380342  0.12641155
 3280     H   1.0  0.08703124       0.56166589  0.12364044  0.22766243
 3281     H   1.0  0.07500147       0.66266477  0.15163890  0.11069487
 3282     H   1.0  0.07070502       0.66078359  0.14944610  0.11906529
 3283     H   1.0  0.06966542       0.66083539  0.14907223  0.12042696
 3284     H   1.0  0.07917102       0.65492958  0.14386940  0.12203000
 3285     H   1.0  0.08724198       0.65091950  0.14447181  0.11736671
 3286     H   1.0  0.13520865       0.56840605  0.12606938  0.17031592
 3287     H   1.0  0.08611555       0.65863872  0.14875455  0.10649118
 3288     H   1.0  0.06973716       0.66155285  0.14960648  0.11910352
 3289     H   1.0  0.06736091       0.66656786  0.14350022  0.12257100
 3290     H   1.0  0.07167505       0.66377383  0.14531668  0.11923444
 3291     H   1.0  0.06157303       0.66993999  0.14169793  0.12678905
 3292     H   1.0  0.06279959       0.66609061  0.14385299  0.12725681
 3293     H   1.0  0.06730962       0.66509962  0.14531054  0.12228023
 3294     H   1.0  0.06858805       0.66629457  0.13883808  0.12627929
 3295     H   1.0  0.06446838       0.67230409  0.13742206  0.12580547
 3296     H   1.0  0.06504877       0.67189109  0.13869949  0.12436065
 3297     H   1.0  0.14374552       0.56198245  0.12496871  0.16930332
 3298     H   1.0  0.08650075       0.65352041  0.15040144  0.10957740
 3299     H   1.0  0.06602669       0.66478348  0.14732710  0.12186274
 3300     H   1.0  0.06683610       0.66618294  0.14085934  0.12612163
 3301     H   1.0  0.06749918       0.66772068  0.14004146  0.12473869
 3302     H   1.0  0.06871339       0.66502970  0.14217083  0.12408608
 3303     H   1.0  0.07391366       0.66259974  0.13872969  0.12475690
 3304     H   1.0  0.06965962       0.66578388  0.14174579  0.12281070
 3305     H   1.0  0.06966573       0.66502315  0.14085378  0.12445734
 3306     H   1.0  0.13538256       0.56154239  0.12763441  0.17544064
 3307     H   1.0  0.07847509       0.65491837  0.15051730  0.11608924
 3308     H   1.0  0.06470072       0.67159706  0.15214892  0.11155330
 3309     H   1.0  0.10799528       0.52528280  0.11897022  0.24775171
 3310     H   1.0  0.07120094       0.66141528  0.14283688  0.12454689
 3311     H   1.0  0.07079496       0.66017634  0.14386579  0.12516291
 3312     H   1.0  0.06129511       0.66998208  0.14443628  0.12428653
 3313     H   1.0  0.14086523       0.56295955  0.12728630  0.16888892
 3314     H   1.0  0.08641439       0.64925325  0.14962144  0.11471092
 3315     H   1.0  0.07454412       0.65462685  0.14888027  0.12194876
 3316     H   1.0  0.07924338       0.65142494  0.14656374  0.12276794
 3317     H   1.0  0.09580348       0.57545120  0.12354615  0.20519918
 3318     H   1.0  0.12228787       0.57098925  0.12045526  0.18626763
 3319     H   1.0  0.08676723       0.65728855  0.14448141  0.11146281
 3320     H   1.0  0.07757670       0.66123986  0.13974215  0.12144129
 3321     H   1.0  0.07136546       0.66659611  0.14113030  0.12090813
 3322     H   1.0  0.07886972       0.66049504  0.13943334  0.12120190
 3323     H   1.0  0.06851951       0.66918898  0.13645336  0.12583815
 3324     H   1.0  0.07981483       0.66114557  0.14161786  0.11742174
 3325     H   1.0  0.07750576       0.66063696  0.14315033  0.11870695
 3326     H   1.0  0.13719367       0.56427127  0.12369977  0.17483529
 3327     H   1.0  0.07815854       0.66103590  0.14872371  0.11208186
 3328     H   1.0  0.08849529       0.64763427  0.14011911  0.12375133
 3329     H   1.0  0.08031153       0.65557122  0.14343783  0.12067942
 3330     H   1.0  0.11153889       0.56503916  0.12642446  0.19699749
 3331     H   1.0  0.09848246       0.64542550  0.14344838  0.11264366
 3332     H   1.0  0.08458322       0.65881568  0.14539143  0.11120967
 3333     H   1.0  0.11679059       0.56528252  0.12854216  0.18938474
 3334     H   1.0  0.08222119       0.65954292  0.14891046  0.10932543
 3335     H   1.0  0.07172315       0.66525489  0.14621370  0.11680826
 3336     H   1.0  0.08672406       0.65161639  0.14252323  0.11913631
 3337     H   1.0  0.06962278       0.64983022  0.15177715  0.12876985
 3338     H   1.0  0.06743830       0.65389359  0.14746054  0.13120757
 3339     H   1.0  0.07289356       0.64695084  0.14947435  0.13068125
 3340     H   1.0  0.06574655       0.65415639  0.14839314  0.13170392
 3341     H   1.0  0.06968629       0.64752132  0.15106347  0.13172892
 3342     H   1.0  0.10480491       0.56459498  0.12626152  0.20433858
 3343     H   1.0  0.08729925       0.65590602  0.14395046  0.11284426
 3344     H   1.0  0.07960782       0.66218346  0.13160190  0.12660681
 3345     H   1.0  0.07731157       0.66208959  0.13428320  0.12631564
 3346     H   1.0  0.07247380       0.66409284  0.13891478  0.12451858
 3347     H   1.0  0.13107743       0.56405437  0.12502623  0.17984198
 3348     H   1.0  0.08530065       0.65964168  0.14389372  0.11116394
 3349     H   1.0  0.08067004       0.65861815  0.14417051  0.11654130
 3350     H   1.0  0.08489335       0.65474492  0.13992620  0.12043553
 3351     H   1.0  0.07923285       0.64758927  0.14259991  0.13057797
 3352     H   1.0  0.08068737       0.64696264  0.14500113  0.12734886
 3353     H   1.0  0.08097480       0.64482349  0.14142218  0.13277952
 3354     H   1.0  0.07954516       0.64632893  0.14398912  0.13013680
 3355     H   1.0  0.07106017       0.65277493  0.14124119  0.13492371
 3356     H   1.0  0.11638030       0.56728357  0.12782979  0.18850634
 3357     H   1.0  0.07156193       0.64891636  0.14386459  0.13565712
 3358     H   1.0  0.08121006       0.66141802  0.14888337  0.10848855
 3359     H   1.0  0.09255063       0.52738333  0.11723282  0.26283322
 3360     H   1.0  0.07340782       0.66060096  0.14145325  0.12453797
 3361     H   1.0  0.07051130       0.66123646  0.14322273  0.12502950
 3362     H   1.0  0.06057036       0.66706586  0.14562790  0.12673588
 3363     H   1.0  0.12941873       0.56239974  0.12699337  0.18118815
 3364     H   1.0  0.09405706       0.65008050  0.14596891  0.10989352
 3365     H   1.0  0.09239394       0.65374035  0.13531511  0.11855061
 3366     H   1.0  0.09116545       0.65442526  0.13743278  0.11697650
 3367     H   1.0  0.07098679       0.62510312  0.15165132  0.15225877
 3368     H   1.0  0.08822977       0.62325817  0.15291373  0.13559833
 3369     H   1.0  0.12897528       0.56827086  0.12253252  0.18022135
 3370     H   1.0  0.10181401       0.64939803  0.14009438  0.10869357
 3371     H   1.0  0.07469883       0.67155051  0.14024846  0.11350220
 3372     H   1.0  0.09371364       0.65638041  0.13628311  0.11362283
 3373     H   1.0  0.11421009       0.52865756  0.10278467  0.25434768
 3374     H   1.0  0.09434769       0.56160194  0.11868477  0.22536560
 3375     H   1.0  0.09373103       0.65342230  0.14017864  0.11266804
 3376     H   1.0  0.08289244       0.65640885  0.12846652  0.13223219
 3377     H   1.0  0.08260099       0.65993118  0.13744685  0.12002097
 3378     H   1.0  0.09916564       0.64817703  0.12807691  0.12458042
 3379     H   1.0  0.07816893       0.65652668  0.12876645  0.13653794
 3380     H   1.0  0.15128811       0.57120901  0.09952287  0.17798001
 3381     H   1.0  0.13867484       0.56745565  0.09743812  0.19643139
 3382     H   1.0  0.12584081       0.55732232  0.11898111  0.19785576
 3383     H   1.0  0.09194692       0.65653783  0.13885197  0.11266328
 3384     H   1.0  0.08884675       0.65459120  0.13699663  0.11956542
 3385     H   1.0  0.09083167       0.65243226  0.13247381  0.12426225
 3386     H   1.0  0.14896713       0.56885540  0.10555276  0.17662470
 3387     H   1.0  0.15167514       0.56990695  0.10539754  0.17302036
 3388     H   1.0  0.15572293       0.56722832  0.11210862  0.16494013
 3389     H   1.0  0.08914759       0.65214866  0.14337982  0.11532393
 3390     H   1.0  0.08031898       0.66385227  0.13315019  0.12267856
 3391     H   1.0  0.07889251       0.66478592  0.13188651  0.12443506
 3392     H   1.0  0.07070552       0.66683114  0.14063369  0.12182966
 3393     H   1.0  0.07827953       0.66303617  0.13435021  0.12433409
 3394     H   1.0  0.08286378       0.66109282  0.13922876  0.11681464
 3395     H   1.0  0.07602550       0.66408074  0.14287066  0.11702310
 3396     H   1.0  0.13617608       0.56365800  0.11545044  0.18471548
 3397     H   1.0  0.09513626       0.56153542  0.11755794  0.22577039
 3398     H   1.0  0.09054511       0.56681842  0.11843043  0.22420604
 3399     H   1.0  0.12343419       0.56175876  0.11826653  0.19654052
 3400     H   1.0  0.13753729       0.56482959  0.11414119  0.18349193
 3401     H   1.0  0.11656095       0.56533235  0.12213730  0.19596939
 3402     H   1.0  0.08843049       0.65026593  0.13902228  0.12228130
 3403     H   1.0  0.09103301       0.65697169  0.13470341  0.11729188
 3404     H   1.0  0.08224845       0.66135341  0.13574871  0.12064942
 3405     H   1.0  0.08562743       0.66023540  0.13530129  0.11883587
 3406     H   1.0  0.07969333       0.66621649  0.12716109  0.12692909
 3407     H   1.0  0.08176557       0.66586661  0.12563621  0.12673161
 3408     H   1.0  0.08534560       0.66309482  0.12933528  0.12222430
 3409     H   1.0  0.07619000       0.66650641  0.13221677  0.12508683
 3410     H   1.0  0.07980965       0.66240549  0.13598847  0.12179638
 3411     H   1.0  0.07464151       0.65967047  0.13521433  0.13047368
 3412     H   1.0  0.12203275       0.56940240  0.12455148  0.18401337
 3413     H   1.0  0.08507019       0.65371501  0.14861105  0.11260374
 3414     H   1.0  0.08568042       0.65617001  0.14344284  0.11470673
 3415     H   1.0  0.07252882       0.66319269  0.14358880  0.12068970
 3416     H   1.0  0.08117802       0.63052601  0.15385872  0.13443725
 3417     H   1.0  0.12510582       0.55979991  0.12890249  0.18619177
 3418     H   1.0  0.07177219       0.65096998  0.14329723  0.13396060
 3419     H   1.0  0.07530180       0.64377183  0.15187360  0.12905277
 3420     H   1.0  0.07244119       0.64963305  0.13990767  0.13801809
 3421     H   1.0  0.07219617       0.64632213  0.14580062  0.13568108
 3422     H   1.0  0.14320768       0.56507587  0.12350710  0.16820934
 3423     H   1.0  0.08606813       0.64907956  0.14648163  0.11837067
 3424     H   1.0  0.07329671       0.66352147  0.14439060  0.11879122
 3425     H   1.0  0.08360809       0.65486974  0.14371361  0.11780856
 3426     H   1.0  0.07652798       0.65927184  0.14513899  0.11906119
 3427     H   1.0  0.07098059       0.66374457  0.14388417  0.12139067
 3428     H   1.0  0.07088466       0.66933864  0.14002071  0.11975598
 3429     H   1.0  0.07071009       0.66793954  0.14441633  0.11693403
 3430     H   1.0  0.12909729       0.56720740  0.11807133  0.18562398
 3431     H   1.0  0.09502379       0.56471008  0.11820121  0.22206492
 3432     H   1.0  0.09817775       0.56813312  0.11768194  0.21600720
 3433     H   1.0  0.14691105       0.56387860  0.11171898  0.17749137
 3434     H   1.0  0.14009466       0.56705683  0.11196058  0.18088792
 3435     H   1.0  0.13022981       0.57345241  0.12575039  0.17056738
 3436     H   1.0  0.09207668       0.64797550  0.14927860  0.11066922
 3437     H   1.0  0.07017468       0.66387540  0.14407964  0.12187028
 3438     H   1.0  0.06761846       0.66784757  0.14480919  0.11972478
 3439     H   1.0  0.06747957       0.66876483  0.14213122  0.12162438
 3440     H   1.0  0.08099464       0.65772218  0.14210783  0.11917535
 3441     H   1.0  0.06389337       0.66710162  0.14251426  0.12649075
 3442     H   1.0  0.06222979       0.67086560  0.14286596  0.12403866
 3443     H   1.0  0.06855938       0.66820246  0.14167348  0.12156469
 3444     H   1.0  0.07641260       0.66464067  0.13751015  0.12143659
 3445     H   1.0  0.13447167       0.58412319  0.11004642  0.17135872
 3446     H   1.0  0.17863592       0.57801831  0.10539558  0.13795019
 3447     H   1.0  0.15304873       0.58213061  0.11267886  0.15214180
 3448     H   1.0  0.08304992       0.56694895  0.12722810  0.22277304
 3449     H   1.0  0.10185581       0.63982153  0.14658584  0.11173682
 3450     H   1.0  0.08449730       0.65941745  0.14390129  0.11218396
 3451     H   1.0  0.08559135       0.52062124  0.11154067  0.28224674
 3452     H   1.0  0.06563774       0.66563886  0.14150199  0.12722141
 3453     H   1.0  0.08126757       0.65604901  0.13846068  0.12422273
 3454     H   1.0  0.06941655       0.66603661  0.14164934  0.12289750
 3455     H   1.0  0.14880608       0.56082344  0.11994012  0.17043037
 3456     H   1.0  0.08742334       0.65042150  0.14451508  0.11764008
 3457     H   1.0  0.06706676       0.66369200  0.14239311  0.12684814
 3458     H   1.0  0.08285738       0.65792584  0.13922803  0.11998875
 3459     H   1.0  0.07346756       0.66096675  0.14043233  0.12513336
 3460     H   1.0  0.08011732       0.65668374  0.14065434  0.12254459
 3461     H   1.0  0.07665788       0.66366667  0.14084567  0.11882978
 3462     H   1.0  0.07069305       0.66915613  0.14445138  0.11569943
 3463     H   1.0  0.14762273       0.56293750  0.11475845  0.17468132
 3464     H   1.0  0.14533151       0.56231636  0.10926124  0.18309089
 3465     H   1.0  0.12827454       0.56394500  0.11363933  0.19414113
 3466     H   1.0  0.14276563       0.56805253  0.10447295  0.18470889
 3467     H   1.0  0.15006968       0.56481349  0.10217249  0.18294433
 3468     H   1.0  0.13777343       0.56781226  0.12236380  0.17205051
 3469     H   1.0  0.08821881       0.65453017  0.14121641  0.11603461
 3470     H   1.0  0.08079249       0.66274053  0.14075927  0.11570771
 3471     H   1.0  0.07416227       0.66729867  0.14165315  0.11688591
 3472     H   1.0  0.04297856       0.52446711  0.11137553  0.32117880
 3473     H   1.0  0.14704537       0.56365508  0.12000265  0.16929690
 3474     H   1.0  0.10479676       0.63686633  0.13897505  0.11936186
 3475     H   1.0  0.08917546       0.65921527  0.13000587  0.12160340
 3476     H   1.0  0.08591575       0.66383594  0.12336621  0.12688209
 3477     H   1.0  0.07896962       0.66562462  0.12891559  0.12649017
 3478     H   1.0  0.07684933       0.66626114  0.13202566  0.12486387
 3479     H   1.0  0.08541846       0.66452986  0.12399071  0.12606097
 3480     H   1.0  0.06960174       0.66477263  0.12914918  0.13647644
 3481     H   1.0  0.06099728       0.66329044  0.12442232  0.15128996
 3482     H   1.0  0.15649109       0.55977672  0.11065561  0.17307658
 3483     H   1.0  0.11054347       0.64351076  0.13375854  0.11218723
 3484     H   1.0 -0.03343255       0.55466205  0.08906797  0.38970254
 3485     H   1.0  0.16675644       0.51541036  0.09350266  0.22433054
 3486     H   1.0  0.08759303       0.65874881  0.12660393  0.12705423
 3487     H   1.0  0.09410362       0.65472513  0.12439844  0.12677281
 3488     H   1.0  0.07189867       0.65648419  0.13097873  0.14063841
 3489     H   1.0 -0.08557183       0.50118822  0.08309007  0.50129353
 3490     H   1.0  0.08441963       0.64162874  0.12735377  0.14659786
 3491     H   1.0  0.10079697       0.65621859  0.13137290  0.11161154
 3492     H   1.0  0.08569970       0.66829991  0.12985519  0.11614520
 3493     H   1.0  0.15096091       0.52086526  0.09384322  0.23433060
 3494     H   1.0  0.15641072       0.56320292  0.10704459  0.17334178
 3495     H   1.0  0.09346348       0.64718688  0.12606102  0.13328863
 3496     H   1.0  0.08959546       0.66576844  0.12525438  0.11938171
 3497     H   1.0  0.08313306       0.66823566  0.13134751  0.11728377
 3498     H   1.0  0.15808507       0.52543211  0.08930404  0.22717878
 3499     H   1.0  0.13942626       0.56619298  0.11239053  0.18199022
 3500     H   1.0  0.09071150       0.65888792  0.13739583  0.11300475
 3501     H   1.0  0.08902002       0.65993583  0.13890532  0.11213883
 3502     H   1.0  0.07757695       0.66923100  0.13533556  0.11785648
 3503     H   1.0  0.14927740       0.52104825  0.10164718  0.22802717
 3504     H   1.0  0.02973963       0.53607088  0.10862086  0.32556862
 3505     H   1.0  0.11357094       0.64253426  0.13222641  0.11166839
 3506     H   1.0  0.09781901       0.65767717  0.12255171  0.12195211
 3507     H   1.0  0.09328778       0.65848368  0.12819146  0.12003708
 3508     H   1.0  0.09557379       0.65669805  0.12602419  0.12170397
 3509     H   1.0  0.08424809       0.66497695  0.12221835  0.12855661
 3510     H   1.0  0.09079209       0.66194344  0.12020999  0.12705448
 3511     H   1.0  0.06371811       0.66272777  0.12210225  0.15145187
 3512     H   1.0  0.08922709       0.66190267  0.12205026  0.12681998
 3513     H   1.0  0.05686038       0.61646241  0.11374221  0.21293500
 3514     H   1.0  0.09230099       0.65728706  0.12471994  0.12569201
 3515     H   1.0  0.09251042       0.56966728  0.11782271  0.21999959
 3516     H   1.0  0.08413659       0.66022104  0.14350353  0.11213884
 3517     H   1.0  0.07796611       0.65713066  0.14027299  0.12463024
 3518     H   1.0  0.05900002       0.66333890  0.14647315  0.13118793
 3519     H   1.0  0.15240047       0.56210941  0.11630177  0.16918834
 3520     H   1.0  0.09086047       0.65144926  0.14508493  0.11260533
 3521     H   1.0  0.07685995       0.66241056  0.14124873  0.11948076
 3522     H   1.0  0.07437718       0.66383702  0.13490407  0.12688173
 3523     H   1.0  0.07120994       0.66191113  0.13902795  0.12785098
 3524     H   1.0  0.06698824       0.66605568  0.13996896  0.12698712
 3525     H   1.0  0.08151197       0.66432512  0.12680066  0.12736226
 3526     H   1.0  0.07349735       0.66952372  0.13033444  0.12664450
 3527     H   1.0  0.07325809       0.66839379  0.12867850  0.12966962
 3528     H   1.0  0.08662246       0.56327182  0.11825041  0.23185531
 3529     H   1.0  0.09007163       0.64826840  0.14216535  0.11949462
 3530     H   1.0  0.08665416       0.65744430  0.13910954  0.11679200
 3531     H   1.0  0.10051181       0.56503367  0.12475404  0.20970048
 3532     H   1.0  0.07997809       0.65597516  0.15162948  0.11241727
 3533     H   1.0  0.07421101       0.66169733  0.14688358  0.11720808
 3534     H   1.0  0.06838137       0.66429156  0.14150785  0.12581922
 3535     H   1.0  0.06725235       0.66270900  0.14112523  0.12891342
 3536     H   1.0  0.05934933       0.66872460  0.14373817  0.12818791
 3537     H   1.0  0.06761651       0.66333085  0.14006186  0.12899078
 3538     H   1.0  0.06316105       0.67302811  0.13911960  0.12469124
 3539     H   1.0  0.06919372       0.66550577  0.13817048  0.12713003
 3540     H   1.0  0.09606890       0.56554621  0.12555927  0.21282561
 3541     H   1.0  0.08300923       0.65529931  0.15180129  0.10989018
 3542     H   1.0  0.08223536       0.64843398  0.14752853  0.12180212
 3543     H   1.0  0.07865825       0.65498608  0.14507060  0.12128507
 3544     H   1.0  0.14204606       0.56097662  0.12590142  0.17107590
 3545     H   1.0  0.07775464       0.66246736  0.14523229  0.11454570
 3546     H   1.0  0.07680921       0.66255540  0.13831462  0.12232077
 3547     H   1.0  0.07488851       0.66694427  0.13452093  0.12364629
 3548     H   1.0  0.06773100       0.66864049  0.13888256  0.12474595
 3549     H   1.0  0.09579244       0.56749249  0.12759076  0.20912431
 3550     H   1.0  0.08639913       0.64945644  0.14746550  0.11667893
 3551     H   1.0  0.06923506       0.66240531  0.15045962  0.11790001
 3552     H   1.0  0.08627553       0.64816654  0.14637144  0.11918650
 3553     H   1.0  0.14718293       0.56507134  0.11722337  0.17052235
 3554     H   1.0  0.12039237       0.57455873  0.11707892  0.18796998
 3555     H   1.0  0.10280074       0.56686908  0.12591876  0.20441142
 3556     H   1.0  0.08850479       0.64647126  0.15139069  0.11363326
 3557     H   1.0  0.07217659       0.66109377  0.14568642  0.12104322
 3558     H   1.0  0.07437359       0.65898758  0.14760976  0.11902907
 3559     H   1.0  0.07622493       0.66082549  0.14457309  0.11837649
 3560     H   1.0  0.07083423       0.66250902  0.14599785  0.12065889
 3561     H   1.0  0.07312607       0.66630155  0.14520065  0.11537172
 3562     H   1.0  0.07205591       0.66515338  0.14349462  0.11929609
 3563     H   1.0  0.07078738       0.56448382  0.12039214  0.24433666
 3564     H   1.0  0.14662122       0.56342334  0.10867321  0.18128223
 3565     H   1.0  0.09755810       0.56531274  0.11717938  0.21994978
 3566     H   1.0  0.15051346       0.56440526  0.10395992  0.18112135
 3567     H   1.0  0.13588848       0.56731278  0.10880084  0.18799791
 3568     H   1.0  0.12950119       0.56705797  0.12617905  0.17726179
 3569     H   1.0  0.08146856       0.65626013  0.14863135  0.11363996
 3570     H   1.0  0.07695545       0.66086847  0.14547548  0.11670061
 3571     H   1.0  0.08450222       0.65123713  0.14272256  0.12153809
 3572     H   1.0  0.10892129       0.57414502  0.12288922  0.19404447
 3573     H   1.0  0.08101032       0.57168514  0.11978237  0.22752217
 3574     H   1.0  0.08573050       0.56713718  0.12675098  0.22038135
 3575     H   1.0  0.08405446       0.65916717  0.14558710  0.11119126
 3576     H   1.0  0.08555652       0.65825391  0.14077657  0.11541300
 3577     H   1.0  0.07765628       0.65843612  0.14431025  0.11959735
 3578     H   1.0  0.06353736       0.63674158  0.15485403  0.14486704
 3579     H   1.0  0.11831386       0.56512874  0.12870950  0.18784790
 3580     H   1.0  0.06776350       0.64935660  0.15021841  0.13266148
 3581     H   1.0  0.07399242       0.64226395  0.15167207  0.13207157
 3582     H   1.0  0.06512669       0.65012246  0.15040995  0.13434089
 3583     H   1.0  0.07068716       0.65045238  0.14685751  0.13200295
 3584     H   1.0  0.15230485       0.55916268  0.11974768  0.16878479
 3585     H   1.0  0.08289553       0.66027570  0.14513513  0.11169364
 3586     H   1.0  0.08690655       0.65264851  0.13847670  0.12196824
 3587     H   1.0  0.09361425       0.64823580  0.13665660  0.12149335
 3588     H   1.0  0.13048818       0.56835139  0.12313342  0.17802701
 3589     H   1.0  0.08614501       0.65929407  0.14331476  0.11124616
 3590     H   1.0  0.07718932       0.66188031  0.13618897  0.12474140
 3591     H   1.0  0.07454372       0.66469216  0.13652472  0.12423940
 3592     H   1.0  0.07693329       0.65906024  0.14133273  0.12267374
 3593     H   1.0  0.14292405       0.56803036  0.11244627  0.17659932
 3594     H   1.0  0.08631027       0.65740347  0.13964653  0.11663973
 3595     H   1.0  0.09205667       0.65347338  0.13472657  0.11974338
 3596     H   1.0  0.13540399       0.56897527  0.11686649  0.17875425
 3597     H   1.0  0.09104400       0.65805596  0.14089173  0.11000830
 3598     H   1.0  0.07641959       0.66194940  0.14055572  0.12107529
 3599     H   1.0  0.08315927       0.65679866  0.14089026  0.11915182
 3600     H   1.0  0.08437020       0.64068121  0.14876685  0.12618175
 3601     H   1.0  0.07035256       0.65221089  0.14332926  0.13410729
 3602     H   1.0  0.07093895       0.64894110  0.14870994  0.13141001
 3603     H   1.0  0.07805036       0.64652729  0.14222074  0.13320161
 3604     H   1.0  0.07080669       0.64827996  0.14730547  0.13360788
 3605     H   1.0  0.15680066       0.55957985  0.11542034  0.16819915
 3606     H   1.0  0.09482022       0.65178347  0.13552420  0.11787212
 3607     H   1.0  0.10003532       0.65164423  0.13168643  0.11663402
 3608     H   1.0  0.09644568       0.55966699  0.12213321  0.22175412
 3609     H   1.0  0.10130030       0.65026706  0.13710192  0.11133071
 3610     H   1.0  0.09143979       0.65930963  0.13201895  0.11723163
 3611     H   1.0  0.09155758       0.65355444  0.13822725  0.11666073
 3612     H   1.0  0.08273749       0.66054469  0.13554610  0.12117171
 3613     H   1.0  0.08046147       0.66932684  0.12741910  0.12279259
 3614     H   1.0  0.08798328       0.66427678  0.12760605  0.12013389
 3615     H   1.0  0.09194866       0.65825254  0.13022640  0.11957240
 3616     H   1.0  0.09373199       0.66413420  0.12292407  0.11920974
 3617     H   1.0  0.09641317       0.66149306  0.12444155  0.11765222
 3618     H   1.0  0.18592872       0.58053273  0.09259859  0.14093996
 3619     H   1.0  0.18860708       0.58463567  0.08848999  0.13826725
 3620     H   1.0  0.18917453       0.58360898  0.09138247  0.13583402
 3621     H   1.0  0.15146213       0.56692117  0.11017191  0.17144478
 3622     H   1.0  0.08921172       0.66157800  0.13503090  0.11417938
 3623     H   1.0  0.08812217       0.65927052  0.12693715  0.12567015
 3624     H   1.0  0.08086596       0.66643459  0.12421217  0.12848729
 3625     H   1.0  0.07405365       0.66737908  0.13252851  0.12603875
 3626     H   1.0  0.15084140       0.56913429  0.11095194  0.16907236
 3627     H   1.0  0.09232438       0.65430778  0.14025056  0.11311727
 3628     H   1.0  0.10159287       0.64923567  0.13124786  0.11792360
 3629     H   1.0  0.12234535       0.57499295  0.11820471  0.18445699
 3630     H   1.0  0.09119598       0.65668255  0.14008977  0.11203171
 3631     H   1.0  0.07531484       0.65943474  0.13993810  0.12531232
 3632     H   1.0  0.07579991       0.65769780  0.14174473  0.12475756
 3633     H   1.0  0.06681758       0.66809744  0.14024144  0.12484354
 3634     H   1.0  0.11886184       0.55813551  0.12063922  0.20236344
 3635     H   1.0  0.08756965       0.65335047  0.13966769  0.11941219
 3636     H   1.0  0.07979424       0.66196811  0.14726107  0.11097658
 3637     H   1.0  0.08463811       0.66223699  0.13668258  0.11644232
 3638     H   1.0  0.15061953       0.52256322  0.09612613  0.23069112
 3639     H   1.0  0.14589684       0.56532037  0.11588342  0.17289936
 3640     H   1.0  0.10591930       0.63722968  0.14365724  0.11319378
 3641     H   1.0  0.08019789       0.66405088  0.13743378  0.11831745
 3642     H   1.0  0.08937011       0.66006351  0.13392708  0.11663930
 3643     H   1.0  0.14775121       0.52706420  0.08937027  0.23581431
 3644     H   1.0  0.09382743       0.56682605  0.11664331  0.22270322
 3645     H   1.0  0.08925203       0.65979648  0.13785262  0.11309887
 3646     H   1.0  0.08690901       0.66405129  0.13823265  0.11080705
 3647     H   1.0  0.08650438       0.66689217  0.13032953  0.11627392
 3648     H   1.0  0.15421817       0.52408856  0.09322490  0.22846837
 3649     H   1.0  0.09418880       0.65185601  0.13672602  0.11722917
 3650     H   1.0  0.10132920       0.64821398  0.13130428  0.11915253
 3651     H   1.0  0.08113544       0.66342723  0.13598783  0.11944949
 3652     H   1.0  0.09028479       0.65964693  0.12891218  0.12115610
 3653     H   1.0  0.08174956       0.66552502  0.12957117  0.12315425
 3654     H   1.0  0.08365574       0.66593635  0.13027270  0.12013521
 3655     H   1.0  0.08378255       0.66207653  0.13346493  0.12067599
 3656     H   1.0  0.13091534       0.56782734  0.12202284  0.17923448
 3657     H   1.0  0.09058395       0.65354085  0.14161618  0.11425902
 3658     H   1.0  0.07959401       0.65841573  0.13818514  0.12380511
 3659     H   1.0  0.08451964       0.65484405  0.13869922  0.12193709
 3660     H   1.0  0.09385137       0.56563336  0.12077929  0.21973599
 3661     H   1.0  0.09410634       0.65489459  0.13878629  0.11221279
 3662     H   1.0  0.07943646       0.66269791  0.14718650  0.11067913
 3663     H   1.0  0.07802708       0.66966671  0.13685524  0.11545096
 3664     H   1.0  0.15520118       0.52058256  0.09643258  0.22778368
 3665     H   1.0  0.14646693       0.56764156  0.11666244  0.16922908
 3666     H   1.0  0.08966934       0.64946729  0.14711514  0.11374823
 3667     H   1.0  0.08432685       0.65899485  0.13744311  0.11923518
 3668     H   1.0  0.07870279       0.66323596  0.13511997  0.12294127
 3669     H   1.0  0.07370793       0.66498053  0.13165580  0.12965574
 3670     H   1.0  0.07662352       0.66243458  0.13255778  0.12838412
 3671     H   1.0  0.11237540       0.56616092  0.12247482  0.19898886
 3672     H   1.0  0.10088797       0.63843578  0.14339687  0.11727938
 3673     H   1.0  0.07604322       0.66650975  0.14418298  0.11326406
 3674     H   1.0  0.15884838       0.51926476  0.09479816  0.22708871
 3675     H   1.0  0.07611804       0.66412276  0.13246383  0.12729537
 3676     H   1.0  0.08218687       0.65823680  0.13618794  0.12338839
 3677     H   1.0  0.07116360       0.66764754  0.13534153  0.12584733
 3678     H   1.0  0.13014083       0.56437588  0.12386966  0.18161363
 3679     H   1.0  0.06107605       0.66617656  0.14795722  0.12479018
 3680     H   1.0  0.08251888       0.65966392  0.14149918  0.11631803
 3681     H   1.0  0.06895354       0.66233623  0.14276326  0.12594697
 3682     H   1.0  0.06665397       0.64750069  0.15118392  0.13466142
 3683     H   1.0  0.07361402       0.64697528  0.14781468  0.13159602
 3684     H   1.0  0.07154589       0.64540899  0.14706314  0.13598199
 3685     H   1.0  0.08211799       0.63907969  0.14593218  0.13287014
 3686     H   1.0  0.16587265       0.51942462  0.09605009  0.21865264
 3687     H   1.0  0.10511193       0.57002425  0.12565163  0.19921219
 3688     H   1.0  0.09625036       0.64771158  0.14462522  0.11141285
 3689     H   1.0  0.08870823       0.65589106  0.13435687  0.12104384
 3690     H   1.0  0.08575296       0.65370822  0.14019370  0.12034512
 3691     H   1.0  0.09565032       0.56780255  0.12440712  0.21214001
 3692     H   1.0  0.07695056       0.62784481  0.14943470  0.14576993
 3693     H   1.0  0.09064001       0.62628233  0.14757822  0.13549943
 3694     H   1.0  0.12994371       0.56980014  0.12334084  0.17691532
 3695     H   1.0  0.09660023       0.64826691  0.14029318  0.11483968
 3696     H   1.0  0.08888282       0.65673888  0.13817972  0.11619858
 3697     H   1.0  0.14758112       0.56154788  0.11262681  0.17824420
 3698     H   1.0  0.10579335       0.64976686  0.13567084  0.10876895
 3699     H   1.0  0.08726596       0.66369057  0.12850636  0.12053711
 3700     H   1.0  0.08711821       0.66033369  0.13235848  0.12018962
 3701     H   1.0  0.07515605       0.66432917  0.13819939  0.12231539
 3702     H   1.0  0.08451422       0.66116643  0.13065687  0.12366248
 3703     H   1.0  0.08346950       0.66596639  0.12976897  0.12079514
 3704     H   1.0  0.07883748       0.66855443  0.13194887  0.12065922
 3705     H   1.0  0.09643725       0.65841013  0.13122481  0.11392781
 3706     H   1.0  0.09465560       0.66250747  0.12597731  0.11685962
 3707     H   1.0  0.18172529       0.58488643  0.09810259  0.13528569
 3708     H   1.0  0.18272103       0.58615476  0.09404765  0.13707656
 3709     H   1.0  0.19004101       0.58193731  0.09051414  0.13750754
 3710     H   1.0  0.13747575       0.56353116  0.12225413  0.17673897
 3711     H   1.0  0.08946076       0.65470320  0.14020784  0.11562820
 3712     H   1.0  0.08148101       0.66292655  0.13190165  0.12369078
 3713     H   1.0  0.09500453       0.65624601  0.12941933  0.11933013
 3714     H   1.0  0.07298619       0.64240974  0.14153117  0.14307290
 3715     H   1.0  0.08179517       0.64835382  0.13926809  0.13058292
 3716     H   1.0  0.08696455       0.64274162  0.13914461  0.13114921
 3717     H   1.0  0.08154522       0.64523101  0.13826574  0.13495803
 3718     H   1.0  0.17858128       0.51642108  0.08918152  0.21581612
 3719     H   1.0  0.14570244       0.56386214  0.11715916  0.17327625
 3720     H   1.0  0.08261073       0.66045022  0.14376694  0.11317211
 3721     H   1.0  0.08522973       0.65819180  0.13413656  0.12244192
 3722     H   1.0  0.07630824       0.66404295  0.13354321  0.12610560
 3723     H   1.0  0.07400723       0.66598189  0.13415946  0.12585142
 3724     H   1.0  0.06312064       0.55233264  0.11840688  0.26613984
 3725     H   1.0  0.10903865       0.64312464  0.13650073  0.11133598
 3726     H   1.0  0.09240356       0.65031338  0.13491027  0.12237279
 3727     H   1.0  0.07398578       0.66067648  0.14359078  0.12174696
 3728     H   1.0  0.15533040       0.56266963  0.11700404  0.16499592
 3729     H   1.0  0.14265257       0.57136542  0.11533697  0.17064505
 3730     H   1.0  0.11880792       0.56286830  0.12653825  0.19178554
 3731     H   1.0  0.08710144       0.65450042  0.14363332  0.11476482
 3732     H   1.0  0.07248246       0.66432065  0.14722025  0.11597664
 3733     H   1.0  0.08005567       0.66567421  0.13987784  0.11439228
 3734     H   1.0  0.11560554       0.52450156  0.11007635  0.24981654
 3735     H   1.0  0.09904283       0.56400096  0.12641968  0.21053652
 3736     H   1.0  0.08624795       0.65775508  0.14657766  0.10941932
 3737     H   1.0  0.08055535       0.65837419  0.14251567  0.11855479
 3738     H   1.0  0.07794894       0.66160077  0.14099774  0.11945255
 3739     H   1.0  0.07998418       0.65323442  0.14293933  0.12384207
 3740     H   1.0  0.06587294       0.66675401  0.14585710  0.12151596
 3741     H   1.0  0.14360031       0.56808019  0.11807270  0.17024681
 3742     H   1.0  0.08820439       0.65642577  0.14086878  0.11450105
 3743     H   1.0  0.07484065       0.66244024  0.13755284  0.12516626
 3744     H   1.0  0.06751794       0.66634387  0.13741848  0.12871971
 3745     H   1.0  0.07092309       0.66450500  0.13648307  0.12808883
 3746     H   1.0  0.07050612       0.66253096  0.14183880  0.12512412
 3747     H   1.0  0.07652159       0.66405505  0.13155834  0.12786501
 3748     H   1.0  0.07021704       0.66502428  0.13873570  0.12602299
 3749     H   1.0  0.07424832       0.66540337  0.13129453  0.12905378
 3750     H   1.0  0.08506087       0.56164443  0.12659168  0.22670301
 3751     H   1.0  0.08466692       0.65936047  0.14481793  0.11115467
 3752     H   1.0  0.08419067       0.65441263  0.13957971  0.12181699
 3753     H   1.0  0.06882816       0.66496682  0.14419328  0.12201174
 3754     H   1.0  0.07589496       0.65922129  0.14098756  0.12389619
 3755     H   1.0  0.08375773       0.65276963  0.13886921  0.12460343
 3756     H   1.0  0.11699808       0.57139826  0.12744674  0.18415692
 3757     H   1.0  0.09441891       0.64675039  0.15083893  0.10799177
 3758     H   1.0  0.06685681       0.66392016  0.14932366  0.11989937
 3759     H   1.0  0.06946805       0.66305977  0.14188136  0.12559082
 3760     H   1.0  0.06518600       0.66854852  0.13973501  0.12653046
 3761     H   1.0  0.06965375       0.66531879  0.14048082  0.12454665
 3762     H   1.0  0.06609622       0.66543198  0.14175791  0.12671390
 3763     H   1.0  0.07219885       0.66369015  0.14248401  0.12162699
 3764     H   1.0  0.06841949       0.66600531  0.14057225  0.12500295
 3765     H   1.0  0.11265972       0.56276268  0.12431913  0.20025848
 3766     H   1.0  0.08473164       0.65947396  0.14264731  0.11314710
 3767     H   1.0  0.07763306       0.66446656  0.13679446  0.12110592
 3768     H   1.0  0.07695561       0.66285980  0.13746068  0.12272392
 3769     H   1.0  0.07365261       0.66776258  0.13480225  0.12378256
 3770     H   1.0  0.07849561       0.66393965  0.13363948  0.12392525
 3771     H   1.0  0.08465242       0.65594476  0.13709246  0.12231036
 3772     H   1.0  0.06320843       0.66373879  0.14292009  0.13013269
 3773     H   1.0  0.08513498       0.66507208  0.13011441  0.11967853
 3774     H   1.0  0.08747044       0.66070426  0.13092299  0.12090232
 3775     H   1.0  0.11635682       0.58201814  0.10423221  0.19739283
 3776     H   1.0  0.18470025       0.58482081  0.09039091  0.14008803
 3777     H   1.0  0.17940645       0.58547688  0.09704010  0.13807658
 3778     H   1.0  0.12171176       0.56307006  0.12451718  0.19070100
 3779     H   1.0  0.08271364       0.65436655  0.14824735  0.11467247
 3780     H   1.0  0.08114054       0.65991151  0.14555046  0.11339749
 3781     H   1.0  0.07455158       0.66421556  0.14688157  0.11435129
 3782     H   1.0  0.04406116       0.52996850  0.11111598  0.31485435
 3783     H   1.0  0.13295446       0.56311327  0.12756608  0.17636618
 3784     H   1.0  0.09516275       0.64983684  0.14952002  0.10548039
 3785     H   1.0  0.07552277       0.65965641  0.14849053  0.11633029
 3786     H   1.0  0.06685001       0.66378576  0.14475487  0.12460937
 3787     H   1.0  0.06740738       0.66595578  0.14588626  0.12075058
 3788     H   1.0  0.06685925       0.66428542  0.13935533  0.12950000
 3789     H   1.0  0.06808195       0.66342211  0.14166634  0.12682961
 3790     H   1.0  0.06964654       0.66368908  0.14307734  0.12358704
 3791     H   1.0  0.06504019       0.66924119  0.13778809  0.12793053
 3792     H   1.0  0.06767979       0.66792363  0.14057930  0.12381729
 3793     H   1.0  0.06499793       0.66778398  0.13915634  0.12806176
 3794     H   1.0  0.09485228       0.56463259  0.12556006  0.21495507
 3795     H   1.0  0.08672627       0.65726870  0.14643399  0.10957103
 3796     H   1.0  0.07393080       0.66372263  0.14381760  0.11852896
 3797     H   1.0  0.07632706       0.66330332  0.13422725  0.12614238
 3798     H   1.0  0.06755919       0.66594684  0.13841629  0.12807768
 3799     H   1.0  0.07417134       0.66718292  0.13510282  0.12354291
 3800     H   1.0  0.07405059       0.66633993  0.13393110  0.12567838
 3801     H   1.0  0.07427012       0.66514802  0.13897300  0.12160886
 3802     H   1.0  0.07284036       0.66138154  0.14150321  0.12427488
 3803     H   1.0  0.09402945       0.56101894  0.12437581  0.22057579
 3804     H   1.0  0.09174002       0.65269190  0.14527902  0.11028906
 3805     H   1.0  0.09410983       0.64790195  0.13273972  0.12524849
 3806     H   1.0  0.08924112       0.65328741  0.13840327  0.11906820
 3807     H   1.0  0.13621368       0.56392646  0.12465405  0.17520582
 3808     H   1.0  0.08818650       0.65610725  0.14476033  0.11094593
 3809     H   1.0  0.08273048       0.65825331  0.14352201  0.11549420
 3810     H   1.0  0.08112990       0.65891474  0.13967186  0.12028349
 3811     H   1.0  0.07515644       0.64861470  0.14339614  0.13283272
 3812     H   1.0  0.08372404       0.64342582  0.14627159  0.12657855
 3813     H   1.0  0.07465318       0.65047008  0.14133582  0.13354093
 3814     H   1.0  0.07946324       0.64761144  0.14472958  0.12819574
 3815     H   1.0  0.07518370       0.65137827  0.14208616  0.13135187
 3816     H   1.0  0.09866051       0.56710309  0.12624179  0.20799461
 3817     H   1.0  0.08992766       0.65589130  0.14615373  0.10802731
 3818     H   1.0  0.07100594       0.66362071  0.14667067  0.11870268
 3819     H   1.0  0.07967905       0.66044927  0.13594465  0.12392703
 3820     H   1.0  0.06918286       0.66496146  0.13831009  0.12754559
 3821     H   1.0  0.07023861       0.66728902  0.13815969  0.12431268
 3822     H   1.0  0.07812152       0.66207492  0.13599811  0.12380544
 3823     H   1.0  0.07127658       0.66608936  0.13921247  0.12342159
 3824     H   1.0  0.06883702       0.66458267  0.14114898  0.12543133
 3825     H   1.0  0.10126502       0.56565422  0.12254524  0.21053552
 3826     H   1.0  0.09402823       0.65453202  0.14232606  0.10911370
 3827     H   1.0  0.09031132       0.65632731  0.13265105  0.12071032
 3828     H   1.0  0.07892711       0.66001177  0.14139041  0.11967070
 3829     H   1.0  0.08847183       0.66039234  0.13160230  0.11953352
 3830     H   1.0  0.07781308       0.66711086  0.13173304  0.12334301
 3831     H   1.0  0.07898604       0.66337347  0.13795926  0.11968124
 3832     H   1.0  0.08817607       0.66171247  0.12873816  0.12137330
 3833     H   1.0  0.09157657       0.66375703  0.12494050  0.11972590
 3834     H   1.0  0.08286973       0.66880363  0.12875469  0.11957195
 3835     H   1.0  0.18933228       0.58108103  0.09415337  0.13543332
 3836     H   1.0  0.18601134       0.58306634  0.09432127  0.13660105
 3837     H   1.0  0.18844307       0.58396673  0.08944465  0.13814555
 3838     H   1.0  0.09648157       0.55569386  0.12107529  0.22674927
 3839     H   1.0  0.09446511       0.65331948  0.14109050  0.11112492
 3840     H   1.0  0.10042658       0.64623147  0.12974131  0.12360064
 3841     H   1.0  0.09300150       0.65041721  0.13690308  0.11967822
 3842     H   1.0  0.12525818       0.56439328  0.12413193  0.18621661
 3843     H   1.0  0.09799204       0.64909899  0.14192462  0.11098435
 3844     H   1.0  0.08278497       0.65899080  0.14095305  0.11727118
 3845     H   1.0  0.09273020       0.65096372  0.13781461  0.11849147
 3846     H   1.0 -0.03983226       0.56540269  0.11850706  0.35592251
 3847     H   1.0  0.08942983       0.62686068  0.15147148  0.13223801
 3848     H   1.0  0.12129944       0.56385034  0.11863904  0.19621117
 3849     H   1.0  0.09038882       0.65785384  0.13131922  0.12043811
 3850     H   1.0  0.10623710       0.64791220  0.12819436  0.11765634
 3851     H   1.0 -0.02358203       0.51769304  0.10695814  0.39893085
 3852     H   1.0  0.08195468       0.64419115  0.13970457  0.13414961
 3853     H   1.0  0.07764736       0.65900087  0.13912909  0.12422268
 3854     H   1.0  0.09118801       0.64966905  0.13514157  0.12400137
 3855     H   1.0  0.15049130       0.56677252  0.10730999  0.17542619
 3856     H   1.0  0.11622354       0.57038850  0.11297554  0.20041242
 3857     H   1.0  0.13817479       0.56757909  0.11969606  0.17455006
 3858     H   1.0  0.07458705       0.66475683  0.14810346  0.11255265
 3859     H   1.0  0.08890323       0.64959782  0.14394741  0.11755154
 3860     H   1.0  0.07524189       0.66023314  0.14525205  0.11927292
 3861     H   1.0  0.06768342       0.64876562  0.15329397  0.13025698
 3862     H   1.0  0.06796855       0.64805305  0.15204363  0.13193478
 3863     H   1.0  0.07352581       0.64391905  0.15405124  0.12850389
 3864     H   1.0  0.06696216       0.65230209  0.14838377  0.13235198
 3865     H   1.0  0.06574066       0.65348166  0.14851153  0.13226615
 3866     H   1.0  0.03760752       0.55518556  0.11937704  0.28782988
 3867     H   1.0  0.08635107       0.64056087  0.13857181  0.13451625
 3868     H   1.0  0.08242531       0.66003275  0.13773637  0.11980557
 3869     H   1.0  0.08298588       0.65773320  0.14073578  0.11854514
 3870     H   1.0  0.08129922       0.66020501  0.13444236  0.12405341
 3871     H   1.0  0.07204535       0.66611671  0.14006381  0.12177413
 3872     H   1.0  0.05528385       0.66049004  0.12975776  0.15446835
 3873     H   1.0  0.07376654       0.66581464  0.13177572  0.12864310
 3874     H   1.0  0.07906632       0.66643757  0.13323401  0.12126211
 3875     H   1.0  0.07710362       0.66339862  0.13814865  0.12134910
 3876     H   1.0  0.18640923       0.58191311  0.09598481  0.13569285
 3877     H   1.0  0.18362027       0.58251935  0.09570740  0.13815298
 3878     H   1.0  0.18227890       0.58741015  0.09263045  0.13768049
 3879     H   1.0  0.12655199       0.56781042  0.12425592  0.18138167
 3880     H   1.0  0.07180417       0.66197294  0.15040280  0.11582009
 3881     H   1.0  0.08622513       0.65385908  0.13823026  0.12168553
 3882     H   1.0  0.06858401       0.66543871  0.14065473  0.12532255
 3883     H   1.0  0.06601316       0.67296994  0.13827975  0.12273715
 3884     H   1.0  0.10375391       0.56420183  0.12481954  0.20722472
 3885     H   1.0  0.07920780       0.65991306  0.15034294  0.11053620
 3886     H   1.0  0.07115626       0.66326529  0.14645885  0.11911961
 3887     H   1.0  0.07151625       0.66523576  0.14251816  0.12072983
 3888     H   1.0  0.06658500       0.65184593  0.15241173  0.12915733
 3889     H   1.0  0.06886172       0.64841211  0.15174288  0.13098330
 3890     H   1.0  0.07005927       0.65055442  0.15094973  0.12843658
 3891     H   1.0  0.06438498       0.65413755  0.14960714  0.13187033
 3892     H   1.0  0.07272389       0.64640754  0.15085289  0.13001568
 3893     H   1.0  0.08259772       0.56333601  0.12751743  0.22654883
 3894     H   1.0  0.07856189       0.65325284  0.14886530  0.11931998
 3895     H   1.0  0.07851247       0.65959841  0.14404358  0.11784554
 3896     H   1.0  0.07229026       0.66504103  0.14544067  0.11722805
 3897     H   1.0  0.07637530       0.66017807  0.14560868  0.11783796
 3898     H   1.0  0.07170157       0.66360909  0.14007476  0.12461458
 3899     H   1.0  0.07315964       0.66400331  0.13945989  0.12337715
 3900     H   1.0  0.06758189       0.66916817  0.14197749  0.12127244
 3901     H   1.0  0.06741339       0.66711491  0.14132264  0.12414905
 3902     H   1.0  0.06814966       0.66533393  0.14305231  0.12346410
 3903     H   1.0  0.05943152       0.66592211  0.14175171  0.13289467
 3904     H   1.0  0.12390684       0.56728637  0.12667722  0.18212957
 3905     H   1.0  0.07467449       0.65987623  0.15086429  0.11458500
 3906     H   1.0  0.07357901       0.66090143  0.15015455  0.11536502
 3907     H   1.0  0.07564769       0.66554111  0.15216634  0.10664486
 3908     H   1.0  0.13949904       0.52233607  0.11514358  0.22302131
 3909     H   1.0  0.09085322       0.56347030  0.12780601  0.21787047
 3910     H   1.0  0.07558518       0.66091579  0.15341531  0.11008373
 3911     H   1.0  0.06528714       0.66642910  0.14973184  0.11855191
 3912     H   1.0  0.07231025       0.66408402  0.14300884  0.12059689
 3913     H   1.0  0.06796985       0.66375214  0.14698163  0.12129639
 3914     H   1.0  0.06622519       0.66555464  0.14365278  0.12456739
 3915     H   1.0  0.06534408       0.66656017  0.14333798  0.12475777
 3916     H   1.0  0.05939358       0.67191732  0.14483890  0.12385020
 3917     H   1.0  0.07021720       0.66415095  0.14093225  0.12469960
 3918     H   1.0  0.06679081       0.66815752  0.14148962  0.12356205
 3919     H   1.0  0.06450647       0.66803867  0.14525184  0.12220302
 3920     H   1.0  0.07091319       0.56560904  0.13083272  0.23264506
 3921     H   1.0  0.07746736       0.64928001  0.15705980  0.11619282
 3922     H   1.0  0.05735126       0.66327208  0.15962201  0.11975465
 3923     H   1.0  0.07696079       0.65479946  0.15189609  0.11634365
 3924     H   1.0  0.06736797       0.63284081  0.15705682  0.14273439
 3925     H   1.0  0.08030900       0.63086361  0.16233376  0.12649364
 3926     H   1.0  0.09491279       0.56593060  0.13326795  0.20588865
 3927     H   1.0  0.07840899       0.65496570  0.15179017  0.11483514
 3928     H   1.0  0.07757636       0.65938747  0.15168880  0.11134737
 3929     H   1.0  0.06356007       0.66992629  0.14918268  0.11733096
 3930     H   1.0  0.12072041       0.53300995  0.11396911  0.23230053
 3931     H   1.0  0.12085600       0.57152963  0.12975049  0.17786388
 3932     H   1.0  0.08292597       0.65102166  0.14893922  0.11711315
 3933     H   1.0  0.07917166       0.65473330  0.14574225  0.12035279
 3934     H   1.0  0.07006403       0.66183114  0.14516884  0.12293599
 3935     H   1.0  0.07576290       0.64610350  0.15033585  0.12779775
 3936     H   1.0  0.06643423       0.65145212  0.14899153  0.13312212
 3937     H   1.0  0.07364028       0.64674938  0.14578165  0.13382869
 3938     H   1.0  0.07278603       0.64573497  0.14593597  0.13554303
 3939     H   1.0  0.16891076       0.51903379  0.09221662  0.21983884
 3940     H   1.0  0.11566253       0.56853622  0.12574682  0.19005443
 3941     H   1.0  0.08742132       0.65329915  0.14642668  0.11285285
 3942     H   1.0  0.08709079       0.65736663  0.14453197  0.11101061
 3943     H   1.0  0.07755367       0.66281199  0.14657004  0.11306429
 3944     H   1.0  0.09243413       0.51923579  0.10780232  0.28052776
 3945     H   1.0  0.12190935       0.55924332  0.12528391  0.19356342
 3946     H   1.0  0.08518622       0.65468132  0.14539613  0.11473633
 3947     H   1.0  0.07390841       0.65785724  0.14549120  0.12274315
 3948     H   1.0  0.06048467       0.66444939  0.14914519  0.12592075
 3949     H   1.0  0.08195147       0.65259862  0.14459836  0.12085154
 3950     H   1.0  0.09276754       0.64602488  0.14218067  0.11902691
 3951     H   1.0  0.13390951       0.56978393  0.11371732  0.18258924
 3952     H   1.0  0.11043976       0.57368761  0.11509398  0.20077865
 3953     H   1.0  0.11942180       0.56432503  0.12836340  0.18788976
 3954     H   1.0  0.07773104       0.65666598  0.14820442  0.11739856
 3955     H   1.0  0.08269320       0.65937167  0.14103879  0.11689634
 3956     H   1.0  0.08374793       0.65675378  0.14246178  0.11703652
 3957     H   1.0  0.06828807       0.66579020  0.14381443  0.12210730
 3958     H   1.0  0.06866284       0.66694933  0.13627581  0.12811202
 3959     H   1.0  0.08096957       0.65991282  0.13641600  0.12270160
 3960     H   1.0  0.06934310       0.66861999  0.13876238  0.12327453
 3961     H   1.0  0.07108836       0.66588402  0.13431215  0.12871547
 3962     H   1.0  0.07082808       0.66718298  0.13654876  0.12544018
 3963     H   1.0  0.06324647       0.66760802  0.13895310  0.13019240
 3964     H   1.0  0.09785869       0.56978911  0.12504226  0.20730994
 3965     H   1.0  0.08375356       0.65803641  0.14834006  0.10986997
 3966     H   1.0  0.06808969       0.66605842  0.14433387  0.12151802
 3967     H   1.0  0.08002304       0.65673584  0.14412132  0.11911980
 3968     H   1.0  0.07545319       0.65757942  0.14782180  0.11914559
 3969     H   1.0  0.07185041       0.66412854  0.14067554  0.12334551
 3970     H   1.0  0.06208200       0.66704971  0.14315653  0.12771177
 3971     H   1.0  0.06977158       0.66700590  0.14141195  0.12181058
 3972     H   1.0  0.06957628       0.66473544  0.14119077  0.12449751
 3973     H   1.0  0.07377029       0.66330165  0.14120251  0.12172556
 3974     H   1.0  0.05646120       0.67299175  0.14377604  0.12677101
 3975     H   1.0  0.09315196       0.56249535  0.12534644  0.21900625
 3976     H   1.0  0.07099691       0.66024286  0.14807221  0.12068802
 3977     H   1.0  0.07198630       0.66462219  0.14370042  0.11969109
 3978     H   1.0  0.07667784       0.65999562  0.14423773  0.11908882
 3979     H   1.0  0.07994710       0.65735531  0.14504455  0.11765304
 3980     H   1.0  0.07079901       0.66830051  0.13610235  0.12479813
 3981     H   1.0  0.08154117       0.65970540  0.13667046  0.12208298
 3982     H   1.0  0.06603067       0.67108929  0.14080392  0.12207612
 3983     H   1.0  0.06458717       0.66984475  0.14002149  0.12554659
 3984     H   1.0  0.06759347       0.66817588  0.14098640  0.12324426
 3985     H   1.0  0.06773306       0.66452122  0.14173335  0.12601238
 3986     H   1.0  0.11099822       0.57020080  0.12680030  0.19200068
 3987     H   1.0  0.08939037       0.65029013  0.14625074  0.11406876
 3988     H   1.0  0.07981165       0.65886700  0.14175297  0.11956838
 3989     H   1.0  0.07540505       0.66040885  0.13889512  0.12529097
 3990     H   1.0  0.06879393       0.64780015  0.14911820  0.13428772
 3991     H   1.0  0.08003268       0.64341742  0.14892814  0.12762176
 3992     H   1.0  0.06903186       0.65029508  0.14587796  0.13479511
 3993     H   1.0  0.07085053       0.64681029  0.14920570  0.13313348
 3994     H   1.0  0.15481110       0.52127886  0.10109518  0.22281486
 3995     H   1.0  0.08408031       0.65384686  0.14355643  0.11851640
 3996     H   1.0  0.07438570       0.65785891  0.14380832  0.12394707
 3997     H   1.0  0.07161983       0.66482782  0.14145944  0.12209291
 3998     H   1.0  0.07522941       0.66202235  0.14293878  0.11980946
 3999     H   1.0  0.07257115       0.66263855  0.14088243  0.12390787
 4000     H   1.0  0.07325203       0.66551572  0.14085087  0.12038138
 4001     H   1.0  0.07516262       0.65877771  0.14406843  0.12199123
 4002     H   1.0  0.14251392       0.56334031  0.12347756  0.17066821
 4003     H   1.0  0.08346380       0.64844310  0.14460075  0.12349235
 4004     H   1.0  0.07434998       0.66352350  0.14035669  0.12176983
 4005     H   1.0  0.07448723       0.66406089  0.14304005  0.11841183
 4006     H   1.0  0.07891715       0.64538151  0.14766003  0.12804131
 4007     H   1.0  0.06828515       0.64806873  0.14730391  0.13634221
 4008     H   1.0  0.07868135       0.64015371  0.14934622  0.13181872
 4009     H   1.0  0.06997875       0.64935631  0.14352256  0.13714238
 4010     H   1.0  0.02907977       0.51524150  0.10341773  0.35226099
 4011     H   1.0  0.08130939       0.56619757  0.12492543  0.22756761
 4012     H   1.0  0.09375719       0.64946973  0.14047059  0.11630248
 4013     H   1.0  0.08176805       0.65618789  0.14294492  0.11909914
 4014     H   1.0  0.12013962       0.56944478  0.12558503  0.18483057
 4015     H   1.0  0.09311526       0.64829481  0.14316162  0.11542831
 4016     H   1.0  0.08409956       0.65591460  0.14032753  0.11965831
 4017     H   1.0  0.08120798       0.65748185  0.14012787  0.12118230
 4018     H   1.0  0.05968329       0.64522171  0.14734331  0.14775169
 4019     H   1.0  0.07276350       0.64810574  0.14751521  0.13161555
 4020     H   1.0  0.08091085       0.64021504  0.14902794  0.12984617
 4021     H   1.0  0.07510668       0.64610243  0.14142229  0.13736860
 4022     H   1.0  0.16276743       0.52195072  0.09518413  0.22009771
 4023     H   1.0  0.14593483       0.56337905  0.12162849  0.16905763
 4024     H   1.0  0.09138545       0.65188158  0.14093082  0.11580216
 4025     H   1.0  0.08318422       0.66291451  0.13924570  0.11465557
 4026     H   1.0  0.15268873       0.52216971  0.09171239  0.23342918
 4027     H   1.0  0.07816522       0.65824401  0.13604869  0.12754207
 4028     H   1.0  0.08255494       0.65448236  0.13809702  0.12486568
 4029     H   1.0  0.06691797       0.66427404  0.14327979  0.12552820
 4030     H   1.0  0.13820309       0.56853777  0.11741383  0.17584530
 4031     H   1.0  0.10776283       0.64287114  0.13832948  0.11103655
 4032     H   1.0  0.09745624       0.65748787  0.13429801  0.11075787
 4033     H   1.0  0.16439530       0.51906091  0.08648489  0.23005890
 4034     H   1.0  0.08519647       0.66425425  0.12249496  0.12805432
 4035     H   1.0  0.08595766       0.65982038  0.12711307  0.12710889
 4036     H   1.0  0.08452001       0.66218352  0.12880395  0.12449251
 4037     H   1.0  0.11882303       0.56499243  0.11720182  0.19898273
 4038     H   1.0  0.08682825       0.66287971  0.13708489  0.11320716
 4039     H   1.0  0.08463209       0.65832931  0.13918681  0.11785179
 4040     H   1.0  0.08591693       0.65876335  0.13238658  0.12293314
 4041     H   1.0  0.09246701       0.65350562  0.12851900  0.12550837
 4042     H   1.0  0.07482549       0.66447377  0.13407333  0.12662741
 4043     H   1.0  0.15395961       0.56664437  0.10394697  0.17544905
 4044     H   1.0  0.14746670       0.56970245  0.10866309  0.17416777
 4045     H   1.0  0.13301199       0.57479560  0.11513483  0.17705758
 4046     H   1.0  0.09567694       0.65169597  0.14089133  0.11173576
 4047     H   1.0  0.09260652       0.65412474  0.12550481  0.12776393
 4048     H   1.0  0.07861881       0.66988647  0.13678612  0.11470860
 4049     H   1.0  0.16249665       0.52089059  0.09253745  0.22407531
 4050     H   1.0  0.15344618       0.55920470  0.11486252  0.17248660
 4051     H   1.0  0.08836791       0.65553719  0.14215770  0.11393720
 4052     H   1.0  0.08230232       0.65646327  0.14224993  0.11898448
 4053     H   1.0  0.06034466       0.66923028  0.14033224  0.13009283
 4054     H   1.0  0.07856400       0.66137075  0.13608819  0.12397706
 4055     H   1.0  0.07876047       0.65893632  0.13658875  0.12571446
 4056     H   1.0  0.07004484       0.66452885  0.13951644  0.12590987
 4057     H   1.0  0.07663652       0.66206604  0.13915463  0.12214280
 4058     H   1.0  0.07161857       0.66365802  0.13821013  0.12651327
 4059     H   1.0  0.07099789       0.66610229  0.13792132  0.12497851
 4060     H   1.0  0.07422778       0.66408420  0.13562916  0.12605887
 4061     H   1.0  0.10166206       0.65039116  0.13432053  0.11362625
 4062     H   1.0  0.09248018       0.65882343  0.12535340  0.12334299
 4063     H   1.0  0.09348216       0.65728307  0.13017279  0.11906198
 4064     H   1.0  0.08901891       0.66369921  0.12505923  0.12222264
 4065     H   1.0  0.09671419       0.65537983  0.12645380  0.12145217
 4066     H   1.0  0.08459080       0.66258079  0.13386422  0.11896419
 4067     H   1.0  0.09307817       0.66080242  0.12884437  0.11727504
 4068     H   1.0  0.14502011       0.56081730  0.12055869  0.17360389
 4069     H   1.0  0.09989810       0.64252895  0.14157687  0.11599608
 4070     H   1.0  0.09618343       0.64394087  0.13821752  0.12165818
 4071     H   1.0  0.07984709       0.66009516  0.14214094  0.11791681
 4072     H   1.0  0.13913224       0.56068790  0.12050831  0.17967156
 4073     H   1.0  0.10127474       0.65301889  0.13893014  0.10677623
 4074     H   1.0  0.07620668       0.66486627  0.13885288  0.12007418
 4075     H   1.0  0.08333779       0.66091090  0.13680656  0.11894475
 4076     H   1.0  0.08187077       0.66436458  0.13313742  0.12062723
 4077     H   1.0  0.07369606       0.65929276  0.13345554  0.13355564
 4078     H   1.0  0.09731138       0.65363890  0.12668121  0.12236851
 4079     H   1.0  0.07976695       0.66761535  0.13017392  0.12244377
 4080     H   1.0  0.09601027       0.65983838  0.12751625  0.11663510
 4081     H   1.0  0.09282112       0.66274595  0.12524299  0.11918994
 4082     H   1.0  0.14421875       0.57989734  0.09353958  0.18234432
 4083     H   1.0  0.19095845       0.57501495  0.10082739  0.13319921
 4084     H   1.0  0.17892610       0.58301055  0.10077704  0.13728630
 4085     H   1.0  0.14518669       0.56538647  0.11661377  0.17281307
 4086     H   1.0  0.09832864       0.64808786  0.14239562  0.11118788
 4087     H   1.0  0.08547300       0.66615498  0.13725756  0.11111446
 4088     H   1.0  0.16176936       0.52107996  0.08869207  0.22845861
 4089     H   1.0  0.08231927       0.66502255  0.12340505  0.12925313
 4090     H   1.0  0.09216454       0.65541893  0.12621932  0.12619722
 4091     H   1.0  0.08420737       0.66227490  0.12721355  0.12630418
 4092     H   1.0  0.15200969       0.55969292  0.11895212  0.16934527
 4093     H   1.0  0.09276870       0.65549779  0.14190084  0.10983267
 4094     H   1.0  0.07780823       0.66255635  0.14031574  0.11931967
 4095     H   1.0  0.07816281       0.66228926  0.13483185  0.12471608
 4096     H   1.0  0.08478494       0.65407759  0.13463305  0.12650442
 4097     H   1.0  0.08411989       0.65291542  0.13990760  0.12305709
 4098     H   1.0  0.10709788       0.56266814  0.12456667  0.20566730
 4099     H   1.0  0.08636091       0.65757126  0.14524865  0.11081919
 4100     H   1.0  0.08731279       0.65521991  0.14037314  0.11709416
 4101     H   1.0  0.07526803       0.66132802  0.14207271  0.12133125
 4102     H   1.0  0.07216316       0.66499627  0.14186350  0.12097708
 4103     H   1.0  0.06997802       0.66462123  0.13881055  0.12659020
 4104     H   1.0  0.06779621       0.66901577  0.13737418  0.12581385
 4105     H   1.0  0.07852773       0.66047299  0.14001416  0.12098512
 4106     H   1.0  0.07429643       0.66408050  0.13740495  0.12421812
 4107     H   1.0  0.07512308       0.66441548  0.13933322  0.12112822
 4108     H   1.0  0.06735678       0.66825086  0.13665062  0.12774174
 4109     H   1.0  0.12070090       0.56358588  0.12346838  0.19224484
 4110     H   1.0  0.09869265       0.65253896  0.14377190  0.10499650
 4111     H   1.0  0.08087138       0.65968442  0.14154948  0.11789472
 4112     H   1.0  0.08660995       0.65403920  0.13791712  0.12143373
 4113     H   1.0  0.14448506       0.56849277  0.10991229  0.17710988
 4114     H   1.0  0.09715232       0.56729579  0.11267577  0.22287612
 4115     H   1.0  0.12269682       0.56690365  0.12472386  0.18567567
 4116     H   1.0  0.09661640       0.65130979  0.14291461  0.10915920
 4117     H   1.0  0.08494102       0.65749890  0.13580158  0.12175850
 4118     H   1.0  0.07368140       0.66423333  0.13553974  0.12654553
 4119     H   1.0  0.07864076       0.66548437  0.13080510  0.12506977
 4120     H   1.0  0.08978580       0.65465534  0.12457008  0.13098878
 4121     H   1.0  0.14758397       0.56986260  0.10429749  0.17825594
 4122     H   1.0  0.14143140       0.57601893  0.10327986  0.17926981
 4123     H   1.0  0.09874814       0.56565309  0.12424871  0.21135006
 4124     H   1.0  0.09111347       0.65602750  0.14456491  0.10829412
 4125     H   1.0  0.07880560       0.65824759  0.14587764  0.11706917
 4126     H   1.0  0.07792593       0.65834284  0.13834226  0.12538897
 4127     H   1.0  0.07236077       0.66263068  0.13951769  0.12549086
 4128     H   1.0  0.07068522       0.66479665  0.13927855  0.12523959
 4129     H   1.0  0.07356100       0.66158313  0.13843071  0.12642516
 4130     H   1.0  0.07224884       0.66760725  0.13641600  0.12372791
 4131     H   1.0  0.06311591       0.66774893  0.13673216  0.13240300
 4132     H   1.0  0.08106576       0.56517237  0.12423605  0.22952581
 4133     H   1.0  0.09497835       0.65338355  0.14399217  0.10764593
 4134     H   1.0  0.08160166       0.65962428  0.13637580  0.12239826
 4135     H   1.0  0.07754525       0.66124660  0.13772242  0.12348573
 4136     H   1.0  0.06310651       0.66932237  0.14320759  0.12436352
 4137     H   1.0  0.09879366       0.56440520  0.12548472  0.21131641
 4138     H   1.0  0.09230497       0.65406328  0.14405078  0.10958097
 4139     H   1.0  0.07616936       0.66314322  0.14134008  0.11934735
 4140     H   1.0  0.07792480       0.66045547  0.13902763  0.12259211
 4141     H   1.0  0.08045731       0.66127676  0.13797361  0.12029233
 4142     H   1.0  0.08133763       0.66167063  0.13620843  0.12078332
 4143     H   1.0  0.08296710       0.66370249  0.13256997  0.12076044
 4144     H   1.0  0.08381409       0.66303241  0.13316628  0.11998722
 4145     H   1.0  0.09538766       0.66181892  0.12674749  0.11604593
 4146     H   1.0  0.09508337       0.66136515  0.12647875  0.11707273
 4147     H   1.0  0.18988557       0.58275443  0.09244382  0.13491618
 4148     H   1.0  0.18994017       0.58302224  0.09072733  0.13631026
 4149     H   1.0  0.18961780       0.58361250  0.08846102  0.13830868
 4150     H   1.0  0.12478124       0.56454790  0.12576182  0.18490904
 4151     H   1.0  0.09047452       0.65430135  0.14439787  0.11082626
 4152     H   1.0  0.08412944       0.66132480  0.13883615  0.11570962
 4153     H   1.0  0.08071410       0.66215318  0.14329138  0.11384134
 4154     H   1.0  0.14331944       0.52601665  0.09754391  0.23311999
 4155     H   1.0  0.10155376       0.55997181  0.12579443  0.21268000
 4156     H   1.0  0.08204119       0.65924227  0.14595354  0.11276300
 4157     H   1.0  0.08433040       0.65503514  0.13846730  0.12216716
 4158     H   1.0  0.07343633       0.66199130  0.13968487  0.12488751
 4159     H   1.0  0.06898145       0.66886818  0.13962495  0.12252541
 4160     H   1.0  0.10273226       0.56577212  0.12494688  0.20654874
 4161     H   1.0  0.09856617       0.65086198  0.14368746  0.10688440
 4162     H   1.0  0.07004646       0.66788119  0.13366562  0.12840673
 4163     H   1.0  0.08280263       0.66337854  0.13042103  0.12339781
 4164     H   1.0  0.08117818       0.66404086  0.13025708  0.12452387
 4165     H   1.0  0.06885901       0.66969311  0.13491203  0.12653585
 4166     H   1.0  0.07471946       0.66417211  0.13706292  0.12404551
 4167     H   1.0  0.06848527       0.67035115  0.13719280  0.12397078
 4168     H   1.0  0.08099622       0.66276211  0.13433042  0.12191126
 4169     H   1.0  0.10650814       0.56721777  0.12408839  0.20218571
 4170     H   1.0  0.08533080       0.66094291  0.13964696  0.11407932
 4171     H   1.0  0.08695933       0.66201735  0.12507471  0.12594861
 4172     H   1.0  0.08476549       0.66066313  0.12826847  0.12630292
 4173     H   1.0  0.07595690       0.66597050  0.13327575  0.12479685
 4174     H   1.0  0.12331191       0.56657249  0.12252788  0.18758772
 4175     H   1.0  0.08829014       0.65892041  0.14033464  0.11245482
 4176     H   1.0  0.08069159       0.66191256  0.13253438  0.12486146
 4177     H   1.0  0.07714620       0.66293103  0.13302827  0.12689451
 4178     H   1.0  0.07456961       0.66097146  0.14154965  0.12290928
 4179     H   1.0  0.12721119       0.56046075  0.12286861  0.18945945
 4180     H   1.0  0.09158622       0.65147316  0.14784852  0.10909210
 4181     H   1.0  0.06925254       0.66709632  0.14392078  0.11973036
 4182     H   1.0  0.07736588       0.66011941  0.14070095  0.12181376
 4183     H   1.0  0.07194285       0.66174561  0.14682545  0.11948610
 4184     H   1.0  0.07619704       0.65938061  0.14089853  0.12352382
 4185     H   1.0  0.06862536       0.66647589  0.14126807  0.12363067
 4186     H   1.0  0.07462896       0.66310102  0.14032312  0.12194690
 4187     H   1.0  0.06997482       0.66392910  0.14115143  0.12494464
 4188     H   1.0  0.07021446       0.66528785  0.14128575  0.12321194
 4189     H   1.0  0.05660786       0.67049855  0.14183305  0.13106054
 4190     H   1.0  0.11730068       0.56374341  0.12473828  0.19421763
 4191     H   1.0  0.09732636       0.64676815  0.14621451  0.10969098
 4192     H   1.0  0.07636366       0.66455591  0.13942036  0.11966007
 4193     H   1.0  0.08220288       0.65665108  0.13986576  0.12128028
 4194     H   1.0  0.07476815       0.66467220  0.13885053  0.12170913
 4195     H   1.0  0.07427376       0.66470546  0.13723364  0.12378714
 4196     H   1.0  0.09387564       0.65696108  0.12740414  0.12175914
 4197     H   1.0  0.08564568       0.66125172  0.13200080  0.12110179
 4198     H   1.0  0.08800872       0.66555327  0.12719586  0.11924214
 4199     H   1.0  0.09334416       0.66347218  0.12251308  0.12067059
 4200     H   1.0  0.18337679       0.58387536  0.09588376  0.13686410
 4201     H   1.0  0.19038367       0.58330160  0.08827897  0.13803576
 4202     H   1.0  0.18196794       0.58227611  0.09910911  0.13664684
 4203     H   1.0  0.12646320       0.56004608  0.12291675  0.19057397
 4204     H   1.0  0.09127610       0.65389919  0.13781391  0.11701079
 4205     H   1.0  0.08486229       0.66238737  0.13750604  0.11524430
 4206     H   1.0  0.09406328       0.65771341  0.13499111  0.11323219
 4207     H   1.0  0.05703112       0.51994336  0.10576750  0.31725802
 4208     H   1.0  0.14811660       0.55926478  0.12119433  0.17142430
 4209     H   1.0  0.08621642       0.65341067  0.13631620  0.12405671
 4210     H   1.0  0.08714043       0.65796560  0.13595131  0.11894266
 4211     H   1.0  0.08873026       0.65543032  0.13650092  0.11933850
 4212     H   1.0  0.08689891       0.66222274  0.13217176  0.11870658
 4213     H   1.0  0.08231929       0.66037971  0.13178907  0.12551193
 4214     H   1.0  0.08023760       0.66064417  0.13532315  0.12379507
 4215     H   1.0  0.07413411       0.66635609  0.13535102  0.12415879
 4216     H   1.0  0.08026608       0.66617024  0.12645556  0.12710812
 4217     H   1.0  0.08302205       0.66291285  0.12940454  0.12466056
 4218     H   1.0  0.07832956       0.66196507  0.12186973  0.13783564
 4219     H   1.0  0.15835565       0.55962014  0.11723201  0.16479220
 4220     H   1.0  0.09991665       0.64738792  0.13814312  0.11455231
 4221     H   1.0  0.09410701       0.65159249  0.13330252  0.12099797
 4222     H   1.0  0.08938070       0.65746677  0.13778536  0.11536717
 4223     H   1.0  0.08351846       0.64740574  0.13784249  0.13123330
 4224     H   1.0  0.07908642       0.64736253  0.14633285  0.12721821
 4225     H   1.0  0.07649217       0.64918846  0.13738225  0.13693712
 4226     H   1.0  0.08167020       0.63958436  0.14904934  0.12969610
 4227     H   1.0  0.04171494       0.51322424  0.10259621  0.34246461
 4228     H   1.0  0.11805503       0.56300378  0.11608975  0.20285144
 4229     H   1.0  0.09450972       0.65634859  0.13072774  0.11841395
 4230     H   1.0  0.09191225       0.65584743  0.13214886  0.12009145
 4231     H   1.0  0.14039329       0.56599218  0.11953462  0.17407992
 4232     H   1.0  0.08505308       0.66077667  0.14212590  0.11204435
 4233     H   1.0  0.08251712       0.66346031  0.14523596  0.10878661
 4234     H   1.0  0.01620082       0.51812130  0.11114184  0.35453604
 4235     H   1.0  0.07590753       0.65838921  0.14071615  0.12498711
 4236     H   1.0  0.07517430       0.65971553  0.13960026  0.12550991
 4237     H   1.0  0.06938840       0.66551602  0.13929287  0.12580272
 4238     H   1.0  0.15422466       0.56445175  0.11661128  0.16471230
 4239     H   1.0  0.09035655       0.65711462  0.14231324  0.11021559
 4240     H   1.0  0.09510085       0.65721375  0.13596961  0.11171580
 4241     H   1.0  0.07934062       0.66924626  0.13648051  0.11493261
 4242     H   1.0  0.15136641       0.52487338  0.09770828  0.22605193
 4243     H   1.0  0.15341116       0.56072271  0.11864641  0.16721972
 4244     H   1.0  0.08657886       0.64946234  0.14706719  0.11689161
 4245     H   1.0  0.08830001       0.65538144  0.14176682  0.11455173
 4246     H   1.0  0.07915524       0.66125953  0.14049004  0.11909519
 4247     H   1.0  0.06662143       0.65027273  0.15105984  0.13204600
 4248     H   1.0  0.07171455       0.65068114  0.14874208  0.12886223
 4249     H   1.0  0.06956417       0.64671296  0.15056530  0.13315757
 4250     H   1.0  0.07749390       0.63996351  0.15340400  0.12913860
 4251     H   1.0  0.15651367       0.51835126  0.10870181  0.21643326
 4252     H   1.0  0.14115865       0.56257886  0.12191688  0.17434561
 4253     H   1.0  0.09470488       0.64806807  0.14434785  0.11287920
 4254     H   1.0  0.09904826       0.64270604  0.12464792  0.13359778
 4255     H   1.0  0.08610663       0.66078043  0.13502763  0.11808531
 4256     H   1.0  0.08266354       0.66292465  0.13281223  0.12159958
 4257     H   1.0  0.08146568       0.66892689  0.12702246  0.12258497
 4258     H   1.0  0.09312209       0.65808809  0.13044393  0.11834589
 4259     H   1.0  0.09126468       0.66035008  0.12560415  0.12278109
 4260     H   1.0  0.09496606       0.66125911  0.12627171  0.11750312
 4261     H   1.0  0.08886397       0.66712898  0.12418862  0.11981843
 4262     H   1.0  0.12918178       0.57338697  0.09615728  0.20127397
 4263     H   1.0  0.18506006       0.58455020  0.09230100  0.13808874
 4264     H   1.0  0.18961288       0.58064520  0.09227195  0.13746997
 4265     H   1.0  0.13629317       0.56659806  0.12141959  0.17568918
 4266     H   1.0  0.08160815       0.64846873  0.14469866  0.12522446
 4267     H   1.0  0.08333534       0.65750152  0.14089525  0.11826789
 4268     H   1.0  0.08547702       0.65557009  0.14227557  0.11667731
 4269     H   1.0  0.07830579       0.64712346  0.14637713  0.12819362
 4270     H   1.0  0.08074401       0.64501876  0.14653261  0.12770462
 4271     H   1.0  0.07755684       0.64332795  0.14257640  0.13653881
 4272     H   1.0  0.07505477       0.64614195  0.14474238  0.13406090
 4273     H   1.0  0.16839266       0.51786554  0.09491339  0.21882842
 4274     H   1.0  0.14192283       0.56106901  0.12357416  0.17343400
 4275     H   1.0  0.08911461       0.65544575  0.13916439  0.11627525
 4276     H   1.0  0.08672078       0.65713298  0.13814525  0.11800099
 4277     H   1.0  0.14464225       0.56654131  0.11882848  0.16998796
 4278     H   1.0  0.08357678       0.64522940  0.14752273  0.12367109
 4279     H   1.0  0.07131150       0.66985941  0.14202045  0.11680864
 4280     H   1.0  0.08999996       0.65595323  0.14356929  0.11047753
 4281     H   1.0  0.09642798       0.52754903  0.10891847  0.26710453
 4282     H   1.0  0.12910768       0.56223810  0.12504552  0.18360870
 4283     H   1.0  0.08519614       0.65850681  0.14751741  0.10877964
 4284     H   1.0  0.06480346       0.67017543  0.14509080  0.11993031
 4285     H   1.0  0.06425331       0.66712123  0.14390682  0.12471864
 4286     H   1.0  0.06855300       0.66826648  0.14065750  0.12252302
 4287     H   1.0  0.07360524       0.66492265  0.13573618  0.12573592
 4288     H   1.0  0.06546165       0.66595358  0.14058109  0.12800368
 4289     H   1.0  0.07017514       0.66792417  0.13672653  0.12517416
 4290     H   1.0  0.07497162       0.66604614  0.13360997  0.12537227
 4291     H   1.0  0.06405293       0.66926891  0.14049757  0.12618060
 4292     H   1.0  0.07002310       0.66884130  0.13488078  0.12625481
 4293     H   1.0  0.13142898       0.55984652  0.12491591  0.18380860
 4294     H   1.0  0.10466304       0.64862663  0.14099260  0.10571773
 4295     H   1.0  0.08464737       0.65864319  0.13920499  0.11750445
 4296     H   1.0  0.07963766       0.66292435  0.13584958  0.12158841
 4297     H   1.0  0.07290307       0.66574359  0.13756648  0.12378687
 4298     H   1.0  0.06847457       0.66950130  0.13296559  0.12905853
 4299     H   1.0  0.07560202       0.66050041  0.13480763  0.12908994
 4300     H   1.0  0.06314327       0.67356527  0.13381140  0.12948006
 4301     H   1.0  0.07344243       0.66563934  0.13153212  0.12938611
 4302     H   1.0  0.07589069       0.66292411  0.13584213  0.12534307
 4303     H   1.0  0.06736848       0.67202187  0.13412976  0.12647989
 4304     H   1.0  0.13323019       0.56190461  0.12624785  0.17861734
 4305     H   1.0  0.10184508       0.64503169  0.13923267  0.11389057
 4306     H   1.0  0.08779757       0.66401678  0.13506904  0.11311661
 4307     H   1.0  0.16381399       0.51516128  0.09604008  0.22498465
 4308     H   1.0  0.08278131       0.66358316  0.12604536  0.12759017
 4309     H   1.0  0.09087129       0.65827167  0.12492482  0.12593222
 4310     H   1.0  0.07387645       0.66818899  0.13212128  0.12581328
 4311     H   1.0  0.13181482       0.56388372  0.12487942  0.17942204
 4312     H   1.0  0.09604621       0.65132594  0.14369349  0.10893435
 4313     H   1.0  0.08445064       0.65918171  0.14819904  0.10816861
 4314     H   1.0  0.09415169       0.52264702  0.11011259  0.27308869
 4315     H   1.0  0.08441507       0.65821373  0.13455699  0.12281420
 4316     H   1.0  0.08149864       0.65679914  0.13677534  0.12492688
 4317     H   1.0  0.07729848       0.66439623  0.13439478  0.12391052
 4318     H   1.0  0.11326406       0.56626427  0.12063669  0.19983498
 4319     H   1.0  0.09412619       0.65043509  0.14462826  0.11081047
 4320     H   1.0  0.08557139       0.65776521  0.13915138  0.11751202
 4321     H   1.0  0.07657250       0.66227013  0.13855357  0.12260380
 4322     H   1.0  0.07796936       0.66257536  0.13819487  0.12126040
 4323     H   1.0  0.09041301       0.65803534  0.12483873  0.12671292
 4324     H   1.0  0.06948968       0.67045420  0.12886372  0.13119239
 4325     H   1.0  0.08008524       0.66432399  0.13124390  0.12434688
 4326     H   1.0  0.07405851       0.66662794  0.13363704  0.12567651
 4327     H   1.0  0.07661625       0.66561747  0.13470677  0.12305952
 4328     H   1.0  0.07628305       0.66834593  0.12754011  0.12783091
 4329     H   1.0  0.12905606       0.56206179  0.11944270  0.18943946
 4330     H   1.0  0.09189963       0.64965653  0.14515419  0.11328964
 4331     H   1.0  0.09305895       0.65522659  0.13638712  0.11532734
 4332     H   1.0  0.08689472       0.65690601  0.13505802  0.12114125
 4333     H   1.0  0.09074144       0.64219201  0.13628685  0.13077970
 4334     H   1.0  0.08763518       0.64056128  0.14045756  0.13134598
 4335     H   1.0  0.07834077       0.65064263  0.13417135  0.13684524
 4336     H   1.0  0.08575469       0.64391649  0.13711302  0.13321581
 4337     H   1.0  0.16265064       0.52551097  0.08808712  0.22375127
 4338     H   1.0  0.15846315       0.55705220  0.11602757  0.16845708
 4339     H   1.0  0.09631514       0.65599406  0.14188941  0.10580140
 4340     H   1.0  0.08557696       0.65875655  0.13772714  0.11793935
 4341     H   1.0  0.08497903       0.65994507  0.13431790  0.12075799
 4342     H   1.0  0.08813513       0.65091407  0.13810278  0.12284801
 4343     H   1.0  0.08687751       0.65065020  0.13782144  0.12465085
 4344     H   1.0  0.14519430       0.57276422  0.10459362  0.17744786
 4345     H   1.0  0.14223202       0.57150382  0.10114403  0.18512014
 4346     H   1.0  0.11209740       0.56922877  0.12239858  0.19627526
 4347     H   1.0  0.07711451       0.66322684  0.14606474  0.11359390
 4348     H   1.0  0.09196682       0.65370357  0.13236643  0.12196317
 4349     H   1.0  0.07643136       0.66083020  0.13663983  0.12609861
 4350     H   1.0  0.07781122       0.66440588  0.13616174  0.12162115
 4351     H   1.0  0.13837603       0.56962752  0.12212943  0.16986702
 4352     H   1.0  0.09829343       0.64870185  0.14095344  0.11205129
 4353     H   1.0  0.06537041       0.67089260  0.14517879  0.11855820
 4354     H   1.0  0.05898709       0.67133653  0.14345342  0.12622296
 4355     H   1.0  0.06377476       0.52604902  0.10913786  0.30103835
 4356     H   1.0  0.10570233       0.57410753  0.12327456  0.19691558
 4357     H   1.0  0.07925275       0.65839952  0.14458935  0.11775838
 4358     H   1.0  0.07921385       0.65391773  0.14245246  0.12441596
 4359     H   1.0  0.13849374       0.57047474  0.11956476  0.17146675
 4360     H   1.0  0.10099403       0.64639759  0.13608135  0.11652703
 4361     H   1.0  0.07596103       0.66365856  0.14326048  0.11711993
 4362     H   1.0  0.12520409       0.56482869  0.12440220  0.18556501
 4363     H   1.0  0.08379431       0.65765601  0.14724579  0.11130388
 4364     H   1.0  0.07217271       0.66840965  0.14586680  0.11355085
 4365     H   1.0  0.07740553       0.66315866  0.14886391  0.11057191
 4366     H   1.0  0.14464263       0.52161342  0.10758283  0.22616112
 4367     H   1.0  0.14057923       0.56422758  0.12675233  0.16844086
 4368     H   1.0  0.08592253       0.65524042  0.14580527  0.11303178
 4369     H   1.0  0.07799522       0.66044235  0.14307617  0.11848626
 4370     H   1.0  0.06869760       0.66374433  0.14506510  0.12249297
 4371     H   1.0  0.06815057       0.66350859  0.14705232  0.12128852
 4372     H   1.0  0.06537298       0.66662586  0.14255655  0.12544461
 4373     H   1.0  0.07361006       0.66301012  0.14007066  0.12330916
 4374     H   1.0  0.06513911       0.66787159  0.14433238  0.12265692
 4375     H   1.0  0.06517646       0.66724032  0.14068773  0.12689548
 4376     H   1.0  0.05948406       0.67192799  0.14257236  0.12601559
 4377     H   1.0  0.06316042       0.67001039  0.14233297  0.12449623
 4378     H   1.0  0.13910690       0.56164515  0.12733699  0.17191096
 4379     H   1.0  0.08715919       0.65362543  0.15084468  0.10837070
 4380     H   1.0  0.07764899       0.65808785  0.14274158  0.12152158
 4381     H   1.0  0.08581495       0.65043688  0.14405040  0.11969776
 4382     H   1.0  0.13246454       0.56468171  0.12708688  0.17576688
 4383     H   1.0  0.08032259       0.65988523  0.14984173  0.10995045
 4384     H   1.0  0.07546812       0.65794629  0.14675029  0.11983530
 4385     H   1.0  0.08161562       0.65780634  0.14247549  0.11810256
 4386     H   1.0  0.07233928       0.63639826  0.14930056  0.14196190
 4387     H   1.0  0.14306072       0.56467032  0.11597134  0.17629761
 4388     H   1.0  0.08265448       0.64223605  0.15012646  0.12498301
 4389     H   1.0  0.07044222       0.64982265  0.14421728  0.13551784
 4390     H   1.0  0.08042914       0.64347053  0.14654948  0.12955085
 4391     H   1.0  0.07571397       0.64845484  0.14623648  0.12959471
 4392     H   1.0  0.09440089       0.56515872  0.12805063  0.21238976
 4393     H   1.0  0.07946298       0.65981883  0.14714946  0.11356874
 4394     H   1.0  0.08466182       0.65722805  0.14904889  0.10906123
 4395     H   1.0  0.08404997       0.66258270  0.14398277  0.10938457
 4396     H   1.0  0.09086985       0.52493751  0.11284056  0.27135208
 4397     H   1.0  0.12433326       0.55793810  0.12695271  0.19077593
 4398     H   1.0  0.08593710       0.65239209  0.14717282  0.11449799
 4399     H   1.0  0.07763951       0.66133213  0.14523771  0.11579064
 4400     H   1.0  0.07835270       0.65906835  0.14367220  0.11890676
 4401     H   1.0  0.07914166       0.64229113  0.15046029  0.12810692
 4402     H   1.0  0.07943637       0.64632756  0.14588606  0.12835002
 4403     H   1.0  0.07313752       0.64554578  0.14887890  0.13243780
 4404     H   1.0  0.07033729       0.64838040  0.14606582  0.13521649
 4405     H   1.0  0.04255171       0.52102351  0.10682890  0.32959588
 4406     H   1.0  0.11675282       0.56532377  0.12729949  0.19062392
 4407     H   1.0  0.09122983       0.64952117  0.14461549  0.11463351
 4408     H   1.0  0.09631691       0.64733458  0.13414565  0.12220287
 4409     H   1.0  0.08562667       0.65446800  0.14139871  0.11850661
 4410     H   1.0  0.13074753       0.57423335  0.11069556  0.18432355
 4411     H   1.0  0.15387697       0.56704938  0.10629497  0.17277868
 4412     H   1.0  0.12047343       0.56323981  0.12672581  0.18956095
 4413     H   1.0  0.09133428       0.64939857  0.14361957  0.11564758
 4414     H   1.0  0.08703989       0.65529811  0.13679168  0.12087032
 4415     H   1.0  0.08174149       0.65874994  0.13982281  0.11968576
 4416     H   1.0  0.09588317       0.64616799  0.13535208  0.12259676
 4417     H   1.0  0.05358423       0.66348916  0.14181821  0.14110839
 4418     H   1.0  0.13646869       0.57287824  0.10894265  0.18171042
 4419     H   1.0  0.12782716       0.56715107  0.11650364  0.18851813
 4420     H   1.0  0.08201324       0.56521535  0.11968981  0.23308159
 4421     H   1.0  0.09589833       0.65286440  0.13263358  0.11860369
 4422     H   1.0  0.10239339       0.65095365  0.12894496  0.11770799
 4423     H   1.0  0.11841936       0.56982464  0.12479769  0.18695831
 4424     H   1.0  0.09247791       0.65477079  0.14505213  0.10769917
 4425     H   1.0  0.08463988       0.65370739  0.14699914  0.11465360
 4426     H   1.0  0.06632696       0.67026114  0.13770260  0.12570930
 4427     H   1.0  0.07567217       0.66605932  0.13843770  0.11983081
 4428     H   1.0  0.07491695       0.66175115  0.13810267  0.12522923
 4429     H   1.0  0.07363539       0.66076660  0.14228094  0.12331707
 4430     H   1.0  0.07105630       0.66646314  0.14098750  0.12149306
 4431     H   1.0  0.07257339       0.66541547  0.13516685  0.12684429
 4432     H   1.0  0.07136923       0.66656375  0.13762103  0.12444599
 4433     H   1.0  0.07152164       0.66523790  0.13856518  0.12467527
 4434     H   1.0  0.15196466       0.56355262  0.11889800  0.16558473
 4435     H   1.0  0.09398354       0.65619123  0.14166230  0.10816293
 4436     H   1.0  0.07940665       0.66167974  0.14123186  0.11768174
 4437     H   1.0  0.08170187       0.66049713  0.13571239  0.12208861
 4438     H   1.0  0.07689707       0.66410798  0.13889745  0.12009751
 4439     H   1.0  0.07891165       0.65680546  0.13803355  0.12624934
 4440     H   1.0  0.07888495       0.66051310  0.13856572  0.12203623
 4441     H   1.0  0.07548873       0.66597754  0.13748135  0.12105239
 4442     H   1.0  0.08711278       0.66458941  0.12910143  0.11919639
 4443     H   1.0  0.08091839       0.66616613  0.13390426  0.11901122
 4444     H   1.0  0.07862867       0.57693052  0.10325374  0.24118706
 4445     H   1.0  0.18503852       0.58258307  0.09289200  0.13948641
 4446     H   1.0  0.18237567       0.58183295  0.09888637  0.13690502
 4447     H   1.0  0.14106574       0.56662035  0.12419153  0.16812238
 4448     H   1.0  0.08273114       0.65965170  0.14691915  0.11069801
 4449     H   1.0  0.08949602       0.65193468  0.14070266  0.11786663
 4450     H   1.0  0.07625663       0.66367054  0.14420700  0.11586583
 4451     H   1.0  0.07866249       0.64896709  0.14519432  0.12717610
 4452     H   1.0  0.07747668       0.64571315  0.14762017  0.12918999
 4453     H   1.0  0.07240609       0.64375204  0.14964190  0.13419997
 4454     H   1.0  0.07062681       0.64511967  0.14769863  0.13655489
 4455     H   1.0 -0.05220734       0.51299226  0.11063250  0.42858257
 4456     H   1.0  0.12639744       0.56880569  0.12758197  0.17721490
 4457     H   1.0  0.07232393       0.65820205  0.15079574  0.11867827
 4458     H   1.0  0.08180882       0.65607047  0.14706418  0.11505653
 4459     H   1.0  0.06237894       0.67001492  0.15186755  0.11573859
 4460     H   1.0  0.10292236       0.52895528  0.11783344  0.25028893
 4461     H   1.0  0.12466867       0.56354016  0.12717324  0.18461792
 4462     H   1.0  0.07356190       0.65687430  0.15342519  0.11613862
 4463     H   1.0  0.07988760       0.66038191  0.14221855  0.11751194
 4464     H   1.0  0.07574324       0.66268653  0.14344162  0.11812861
 4465     H   1.0  0.06841939       0.65072966  0.15145205  0.12939890
 4466     H   1.0  0.07260498       0.64822769  0.15154462  0.12762271
 4467     H   1.0  0.07057116       0.64763755  0.15100768  0.13078361
 4468     H   1.0  0.07081107       0.64979112  0.14884594  0.13055187
 4469     H   1.0  0.05937554       0.65835506  0.14939781  0.13287160
 4470     H   1.0  0.09360577       0.56221944  0.12735097  0.21682382
 4471     H   1.0  0.07816872       0.65319985  0.15202515  0.11660628
 4472     H   1.0  0.08090311       0.65839940  0.15390679  0.10679070
 4473     H   1.0  0.15017249       0.52101159  0.11021875  0.21859717
 4474     H   1.0  0.06015500       0.66487205  0.13945484  0.13551810
 4475     H   1.0  0.06165902       0.66338217  0.14740655  0.12755226
 4476     H   1.0  0.05152864       0.66846430  0.14762826  0.13237879
 4477     H   1.0  0.11576617       0.56909341  0.13136443  0.18377599
 4478     H   1.0  0.07667698       0.65737754  0.15349251  0.11245297
 4479     H   1.0  0.07985114       0.66140485  0.14202940  0.11671461
 4480     H   1.0  0.07623329       0.66280878  0.14527430  0.11568363
 4481     H   1.0  0.07117438       0.64772648  0.15267330  0.12842584
 4482     H   1.0  0.06809728       0.65233094  0.14962012  0.12995167
 4483     H   1.0  0.06971835       0.64978456  0.15096524  0.12953184
 4484     H   1.0  0.07137828       0.64786667  0.14930965  0.13144540
 4485     H   1.0  0.06641645       0.65088457  0.15161735  0.13108163
 4486     H   1.0  0.07045054       0.56488192  0.12522474  0.23944280
 4487     H   1.0  0.07746886       0.65404427  0.15499039  0.11349648
 4488     H   1.0  0.06538167       0.66380239  0.14901787  0.12179808
 4489     H   1.0  0.05909060       0.67062724  0.14541256  0.12486960
 4490     H   1.0  0.07222313       0.65812331  0.14316295  0.12649060
 4491     H   1.0  0.07930427       0.65320921  0.14612375  0.12136276
 4492     H   1.0  0.05686410       0.56583256  0.12709953  0.25020382
 4493     H   1.0  0.07118997       0.65962744  0.14117913  0.12800346
 4494     H   1.0  0.07484397       0.66378087  0.14039725  0.12097792
 4495     H   1.0  0.06973010       0.66498381  0.14440553  0.12088056
 4496     H   1.0  0.06989217       0.66121417  0.14771974  0.12117392
 4497     H   1.0  0.07142978       0.66470230  0.14025265  0.12361527
 4498     H   1.0  0.06629284       0.66652936  0.14233588  0.12484192
 4499     H   1.0  0.06512748       0.66943926  0.14237177  0.12306149
 4500     H   1.0  0.06774829       0.66545188  0.14378130  0.12301853
 4501     H   1.0  0.06479458       0.66715914  0.14469919  0.12334709
 4502     H   1.0  0.06071520       0.67101330  0.14259878  0.12567273
 4503     H   1.0  0.13255624       0.56692195  0.12081504  0.17970677
 4504     H   1.0  0.07425393       0.65910238  0.14778119  0.11886249
 4505     H   1.0  0.07196427       0.66740096  0.14054839  0.12008638
 4506     H   1.0  0.07877073       0.66209102  0.14238411  0.11675414
 4507     H   1.0  0.07891078       0.66007048  0.14308970  0.11792905
 4508     H   1.0  0.07287620       0.66439265  0.14254276  0.12018838
 4509     H   1.0  0.07206090       0.67378026  0.13762358  0.11653526
 4510     H   1.0  0.06819008       0.67239749  0.14159629  0.11781614
 4511     H   1.0  0.08731462       0.56275678  0.12064505  0.22928355
 4512     H   1.0  0.14736856       0.56472647  0.10504948  0.18285548
 4513     H   1.0  0.08023651       0.55594832  0.10065760  0.26315757
 4514     H   1.0  0.14326944       0.56584871  0.10923585  0.18164600
 4515     H   1.0  0.09718549       0.56553191  0.11442950  0.22285310
 4516     H   1.0  0.12435004       0.56660074  0.12873594  0.18031327
 4517     H   1.0  0.09503274       0.64481264  0.13898250  0.12117211
 4518     H   1.0  0.07774795       0.65960258  0.13628311  0.12636635
 4519     H   1.0  0.09102708       0.64947814  0.12813891  0.13135586
 4520     H   1.0  0.13379500       0.56042576  0.11786964  0.18790960
 4521     H   1.0  0.09660133       0.63944286  0.14019501  0.12376080
 4522     H   1.0  0.08766878       0.65905285  0.13949768  0.11378068
 4523     H   1.0  0.16141474       0.51825953  0.09400173  0.22632400
 4524     H   1.0  0.08051877       0.66310394  0.12855577  0.12782151
 4525     H   1.0  0.08846069       0.65435934  0.13329537  0.12388460
 4526     H   1.0  0.07743156       0.66279370  0.13591669  0.12385805
 4527     H   1.0  0.09315844       0.56560779  0.12259846  0.21863532
 4528     H   1.0  0.09188144       0.65295219  0.13338245  0.12178392
 4529     H   1.0  0.09146448       0.65633833  0.13434215  0.11785503
 4530     H   1.0  0.14233046       0.56624806  0.11510464  0.17631684
 4531     H   1.0  0.09203355       0.65930605  0.13594675  0.11271365
 4532     H   1.0  0.08984050       0.65805095  0.13066576  0.12144278
 4533     H   1.0  0.08876739       0.66291595  0.12441853  0.12389813
 4534     H   1.0  0.07979765       0.66584116  0.12705904  0.12730215
 4535     H   1.0  0.09045645       0.66161132  0.12645738  0.12147485
 4536     H   1.0  0.07757247       0.67125684  0.13029657  0.12087412
 4537     H   1.0  0.08609290       0.66427422  0.13353741  0.11609547
 4538     H   1.0  0.15367040       0.56556952  0.10325070  0.17750939
 4539     H   1.0  0.15901443       0.56534654  0.09349000  0.18214903
 4540     H   1.0  0.15331198       0.56422454  0.09784204  0.18462144
 4541     H   1.0  0.16097303       0.56536782  0.09304076  0.18061839
 4542     H   1.0  0.16054543       0.56598234  0.09324502  0.18022720
 4543     H   1.0  0.01054664       0.55755907  0.12225472  0.30963957
 4544     H   1.0  0.08867830       0.65326315  0.14149062  0.11656792
 4545     H   1.0  0.09338258       0.64887792  0.13895138  0.11878812
 4546     H   1.0  0.08533030       0.65735692  0.14137818  0.11593461
 4547     H   1.0  0.08943146       0.64246011  0.13841197  0.12969646
 4548     H   1.0  0.08385724       0.64338517  0.14462660  0.12813098
 4549     H   1.0  0.07752448       0.64924616  0.13738127  0.13584809
 4550     H   1.0  0.08469857       0.64160430  0.14031009  0.13338703
 4551     H   1.0  0.16945706       0.52123052  0.08962438  0.21968805
 4552     H   1.0  0.09924575       0.57066679  0.12173611  0.20835135
 4553     H   1.0  0.08192315       0.66323924  0.13913575  0.11570186
 4554     H   1.0  0.09316942       0.64948964  0.13892460  0.11841634
 4555     H   1.0  0.13969875       0.56670201  0.12027377  0.17332548
 4556     H   1.0  0.09769298       0.64782447  0.14568180  0.10880075
 4557     H   1.0  0.09111958       0.64983165  0.14086027  0.11818849
 4558     H   1.0  0.07054903       0.66737968  0.14310123  0.11897007
 4559     H   1.0  0.07490971       0.64804536  0.15063207  0.12641286
 4560     H   1.0  0.06735044       0.65200758  0.14688209  0.13375989
 4561     H   1.0  0.07107444       0.64128655  0.15314922  0.13448979
 4562     H   1.0  0.07284066       0.64722025  0.14573498  0.13420410
 4563     H   1.0  0.06950698       0.65030485  0.14887498  0.13131318
 4564     H   1.0  0.11373553       0.56595004  0.12240289  0.19791154
 4565     H   1.0  0.10473622       0.64442641  0.13920222  0.11163516
 4566     H   1.0  0.07702978       0.66133821  0.13201894  0.12961307
 4567     H   1.0  0.07889910       0.66657948  0.13435625  0.12016517
 4568     H   1.0  0.08739154       0.65991366  0.13273169  0.11996311
 4569     H   1.0  0.07933630       0.66456628  0.13154028  0.12455714
 4570     H   1.0  0.07340667       0.66360009  0.13448212  0.12851113
 4571     H   1.0  0.07505401       0.66577077  0.13574284  0.12343238
 4572     H   1.0  0.07971690       0.66647160  0.12683511  0.12697639
 4573     H   1.0  0.08294467       0.66502762  0.12857620  0.12345150
 4574     H   1.0  0.08090035       0.66664976  0.12513241  0.12731748
 4575     H   1.0  0.15577912       0.55908310  0.11912394  0.16601383
 4576     H   1.0  0.07875955       0.66468734  0.14219303  0.11436008
 4577     H   1.0  0.08068343       0.66081750  0.14016578  0.11833329
 4578     H   1.0  0.08454123       0.65751719  0.13942635  0.11851522
 4579     H   1.0  0.06862052       0.66736281  0.14387605  0.12014063
 4580     H   1.0  0.06971025       0.66672474  0.13703160  0.12653340
 4581     H   1.0  0.06514189       0.66966635  0.13729128  0.12790048
 4582     H   1.0  0.07489596       0.66351390  0.13838638  0.12320376
 4583     H   1.0  0.07006250       0.66544878  0.13937284  0.12511587
 4584     H   1.0  0.07648973       0.66108084  0.14030756  0.12212187
 4585     H   1.0  0.07501516       0.66402990  0.13696200  0.12399294
 4586     H   1.0  0.08768252       0.66018653  0.13727954  0.11485141
 4587     H   1.0  0.08886907       0.65605921  0.13105200  0.12401972
 4588     H   1.0  0.08142705       0.66030896  0.13818258  0.12008141
 4589     H   1.0  0.08187916       0.66393000  0.13133909  0.12285175
 4590     H   1.0  0.08411586       0.65767097  0.13420470  0.12400846
 4591     H   1.0  0.08620815       0.65835690  0.13882214  0.11661280
 4592     H   1.0  0.08165063       0.66083860  0.13812917  0.11938159
 4593     H   1.0  0.14779309       0.56571132  0.11316175  0.17333384
 4594     H   1.0  0.09536296       0.65585524  0.13949031  0.10929149
 4595     H   1.0  0.08033529       0.65975189  0.13277726  0.12713556
 4596     H   1.0  0.08599804       0.66002727  0.13011315  0.12386154
 4597     H   1.0  0.07389203       0.66977262  0.13022178  0.12611356
 4598     H   1.0  0.14807064       0.56482500  0.11630862  0.17079574
 4599     H   1.0  0.10775869       0.64288837  0.13665664  0.11269630
 4600     H   1.0  0.07874540       0.66880441  0.13403346  0.11841674
 4601     H   1.0  0.09233754       0.66126966  0.13220774  0.11418506
 4602     H   1.0  0.15720398       0.52145779  0.09031892  0.23101931
 4603     H   1.0  0.07406311       0.56261140  0.12294601  0.24037948
 4604     H   1.0  0.08576454       0.65516013  0.14211346  0.11696186
 4605     H   1.0  0.08585799       0.65588611  0.13779229  0.12046360
 4606     H   1.0  0.07840301       0.66167384  0.14115430  0.11876885
 4607     H   1.0  0.08543790       0.65955824  0.13729891  0.11770495
 4608     H   1.0  0.09257521       0.65161169  0.13389297  0.12192013
 4609     H   1.0  0.15667822       0.56182188  0.11156339  0.16993651
 4610     H   1.0  0.12587171       0.55311954  0.10891906  0.21208968
 4611     H   1.0  0.11887408       0.57084346  0.12244449  0.18783797
 4612     H   1.0  0.09073850       0.65879011  0.14203255  0.10843884
 4613     H   1.0  0.06493635       0.66421294  0.14949575  0.12135495
 4614     H   1.0  0.06438619       0.66745752  0.14359090  0.12456539
 4615     H   1.0  0.07355305       0.66435158  0.14175747  0.12033790
 4616     H   1.0  0.06814002       0.66401160  0.14056650  0.12728189
 4617     H   1.0  0.06751747       0.66677868  0.13803236  0.12767149
 4618     H   1.0  0.07461374       0.66287959  0.13940965  0.12309703
 4619     H   1.0  0.06856064       0.66493189  0.13830166  0.12820581
 4620     H   1.0  0.05974701       0.67121494  0.14185031  0.12718774
 4621     H   1.0  0.07104904       0.66428477  0.13978180  0.12488439
 4622     H   1.0  0.14001596       0.56537849  0.12225135  0.17235420
 4623     H   1.0  0.09560877       0.65377939  0.14407319  0.10653865
 4624     H   1.0  0.07970279       0.66607380  0.13388915  0.12033425
 4625     H   1.0  0.08317180       0.66486156  0.12974602  0.12222062
 4626     H   1.0  0.07940642       0.66926497  0.12840246  0.12292616
 4627     H   1.0  0.07973323       0.66600406  0.12909143  0.12517128
 4628     H   1.0  0.07808536       0.66220039  0.13447584  0.12523841
 4629     H   1.0  0.08039080       0.66046053  0.13661669  0.12253198
 4630     H   1.0  0.07519270       0.66591471  0.13155764  0.12733494
 4631     H   1.0  0.07584420       0.66634279  0.13402766  0.12378534
 4632     H   1.0  0.07365819       0.66621822  0.13660721  0.12351637
 4633     H   1.0  0.08269157       0.66029173  0.14383355  0.11318315
 4634     H   1.0  0.08892322       0.65423024  0.13527843  0.12156811
 4635     H   1.0  0.08577527       0.65898943  0.13835509  0.11688021
 4636     H   1.0  0.08356644       0.66547120  0.12933028  0.12163209
 4637     H   1.0  0.08411312       0.66052771  0.13369121  0.12166797
 4638     H   1.0  0.07854771       0.66364968  0.13918805  0.11861456
 4639     H   1.0  0.08288539       0.66471386  0.13250503  0.11989572
 4640     H   1.0  0.11125808       0.56969011  0.12651150  0.19254031
 4641     H   1.0  0.08240111       0.65632963  0.15036339  0.11090588
 4642     H   1.0  0.07057135       0.66204703  0.15314303  0.11423859
 4643     H   1.0  0.07866155       0.52908027  0.11167873  0.28057945
 4644     H   1.0  0.07062327       0.66509670  0.13787541  0.12640462
 4645     H   1.0  0.07785097       0.65715611  0.14149801  0.12349490
 4646     H   1.0  0.07100591       0.66295999  0.14286016  0.12317394
 4647     H   1.0  0.09137148       0.56590492  0.12596530  0.21675831
 4648     H   1.0  0.08503766       0.65945125  0.14624287  0.10926822
 4649     H   1.0  0.07872950       0.65848237  0.13989878  0.12288935
 4650     H   1.0  0.07612435       0.66000944  0.14014727  0.12371893
 4651     H   1.0  0.06202034       0.66919357  0.14418943  0.12459667
 4652     H   1.0  0.08201085       0.56131220  0.12508017  0.23159679
 4653     H   1.0  0.09207702       0.65571254  0.14493360  0.10727683
 4654     H   1.0  0.08046121       0.66299504  0.13603060  0.12051315
 4655     H   1.0  0.06828956       0.66493881  0.14605840  0.12071324
 4656     H   1.0  0.08450659       0.64945096  0.14293958  0.12310287
 4657     H   1.0  0.08087596       0.66191679  0.13660680  0.12060045
 4658     H   1.0  0.14645509       0.57176113  0.10522828  0.17655550
 4659     H   1.0  0.15613566       0.56829149  0.10340023  0.17217262
 4660     H   1.0  0.11811359       0.56496519  0.12588692  0.19103430
 4661     H   1.0  0.08467526       0.65774107  0.14592910  0.11165457
 4662     H   1.0  0.06476955       0.66682917  0.14435799  0.12404329
 4663     H   1.0  0.07263064       0.66135871  0.14290889  0.12310176
 4664     H   1.0  0.07497234       0.65677917  0.14253226  0.12571623
 4665     H   1.0  0.06444079       0.65796793  0.14373320  0.13385808
 4666     H   1.0  0.09611035       0.56963599  0.12780261  0.20645105
 4667     H   1.0  0.08204822       0.65833879  0.14880849  0.11080450
 4668     H   1.0  0.07076321       0.66587794  0.15245475  0.11090410
 4669     H   1.0  0.06117859       0.52452987  0.11137941  0.30291212
 4670     H   1.0  0.07393120       0.66094041  0.14127563  0.12385276
 4671     H   1.0  0.07430017       0.66138637  0.14009172  0.12422174
 4672     H   1.0  0.06874073       0.66460258  0.14348873  0.12316796
 4673     H   1.0  0.10059626       0.56854624  0.12859039  0.20226712
 4674     H   1.0  0.08223876       0.65506029  0.14905031  0.11365064
 4675     H   1.0  0.06957525       0.66330689  0.14519937  0.12191849
 4676     H   1.0  0.07628379       0.66094279  0.14177577  0.12099765
 4677     H   1.0  0.07725204       0.63610280  0.14965433  0.13699084
 4678     H   1.0  0.14685084       0.56222081  0.11807431  0.17285404
 4679     H   1.0  0.07892041       0.64353579  0.14593518  0.13160862
 4680     H   1.0  0.07339438       0.64434344  0.14846188  0.13380031
 4681     H   1.0  0.08344692       0.64166641  0.14445516  0.13043150
 4682     H   1.0  0.07090573       0.65062052  0.14772914  0.13074461
 4683     H   1.0  0.12637173       0.56745911  0.12873152  0.17743764
 4684     H   1.0  0.08786624       0.65779257  0.14494006  0.10940113
 4685     H   1.0  0.09121728       0.66146767  0.13051289  0.11680215
 4686     H   1.0  0.07163754       0.66488588  0.14317352  0.12030306
 4687     H   1.0  0.07646351       0.66333842  0.11468179  0.14551628
 4688     H   1.0  0.08256476       0.66483635  0.12739259  0.12520630
 4689     H   1.0  0.08781154       0.66626620  0.12375173  0.12217053
 4690     H   1.0  0.06556564       0.67502528  0.13409707  0.12531201
 4691     H   1.0  0.07874371       0.66547596  0.12989259  0.12588774
 4692     H   1.0  0.06481514       0.67261308  0.13635330  0.12621847
 4693     H   1.0  0.08252716       0.66926938  0.12548736  0.12271610
 4694     H   1.0  0.12933109       0.56568468  0.12611479  0.17886944
 4695     H   1.0  0.09110302       0.65074891  0.14138921  0.11675886
 4696     H   1.0  0.07279636       0.66510147  0.14616729  0.11593488
 4697     H   1.0  0.09961306       0.56827521  0.12853026  0.20358147
 4698     H   1.0  0.08906357       0.65301722  0.15040524  0.10751396
 4699     H   1.0  0.06900418       0.66382504  0.14852749  0.11864330
 4700     H   1.0  0.07430637       0.66033429  0.14090210  0.12445724
 4701     H   1.0  0.06524792       0.66541338  0.14362432  0.12571438
 4702     H   1.0  0.06788797       0.66597557  0.14288329  0.12325317
 4703     H   1.0  0.07233664       0.66353881  0.13950355  0.12462099
 4704     H   1.0  0.06601662       0.66965550  0.14154980  0.12277808
 4705     H   1.0  0.06664648       0.66467637  0.14349416  0.12518299
 4706     H   1.0  0.08341076       0.56495357  0.12554881  0.22608686
 4707     H   1.0  0.08912038       0.65515769  0.14669344  0.10902849
 4708     H   1.0  0.07318747       0.66331327  0.14334837  0.12015089
 4709     H   1.0  0.07976749       0.65866160  0.14197734  0.11959357
 4710     H   1.0  0.07460732       0.66309524  0.14246872  0.11982873
 4711     H   1.0  0.07039423       0.66535759  0.13826440  0.12598378
 4712     H   1.0  0.07164141       0.66456223  0.13896319  0.12483317
 4713     H   1.0  0.07314474       0.66533226  0.13855761  0.12296539
 4714     H   1.0  0.07626721       0.66547161  0.13187233  0.12638885
 4715     H   1.0  0.07684435       0.66501635  0.13461456  0.12352474
 4716     H   1.0  0.07863425       0.66502798  0.13023028  0.12610750
 4717     H   1.0  0.12350096       0.56656462  0.12642320  0.18351123
 4718     H   1.0  0.08632760       0.65459347  0.14811723  0.11096171
 4719     H   1.0  0.07357668       0.66619277  0.14731856  0.11291199
 4720     H   1.0  0.10477684       0.52438968  0.10524458  0.26558889
 4721     H   1.0  0.07128369       0.66555488  0.13491774  0.12824369
 4722     H   1.0  0.08961557       0.65162188  0.13546219  0.12330036
 4723     H   1.0  0.07136835       0.66582203  0.13627446  0.12653516
 4724     H   1.0  0.13116951       0.56451207  0.12913369  0.17518473
 4725     H   1.0  0.08647295       0.65517712  0.14857024  0.10977970
 4726     H   1.0  0.07699272       0.65854061  0.14777212  0.11669455
 4727     H   1.0  0.06593121       0.66779840  0.14354810  0.12272229
 4728     H   1.0  0.06905194       0.66929907  0.14049368  0.12115531
 4729     H   1.0  0.07372591       0.66389656  0.13652587  0.12585166
 4730     H   1.0  0.07419289       0.66247565  0.13844459  0.12488687
 4731     H   1.0  0.06905535       0.66510814  0.14193751  0.12389900
 4732     H   1.0  0.07216528       0.66433817  0.13783512  0.12566143
 4733     H   1.0  0.07001298       0.66655636  0.14081559  0.12261508
 4734     H   1.0  0.06626761       0.66960514  0.13776432  0.12636293
 4735     H   1.0  0.10261607       0.56346214  0.12744994  0.20647185
 4736     H   1.0  0.08857283       0.65484959  0.14712906  0.10944853
 4737     H   1.0  0.07234014       0.66241121  0.14515713  0.12009152
 4738     H   1.0  0.06150519       0.66945314  0.14875287  0.12028879
 4739     H   1.0  0.05125608       0.67316437  0.14711961  0.12845995
 4740     H   1.0  0.06289552       0.66986758  0.14492427  0.12231264
 4741     H   1.0  0.07021884       0.66117978  0.14491844  0.12368293
 4742     H   1.0  0.04868862       0.67499769  0.14015304  0.13616066
 4743     H   1.0  0.05697915       0.67637718  0.14078461  0.12585907
 4744     H   1.0  0.10865461       0.56568998  0.12703384  0.19862156
 4745     H   1.0  0.09633174       0.65083522  0.14511330  0.10771974
 4746     H   1.0  0.08276947       0.65993518  0.13648446  0.12081090
 4747     H   1.0  0.07600832       0.66127133  0.14332056  0.11939979
 4748     H   1.0  0.08326650       0.65420872  0.14128701  0.12123776
 4749     H   1.0  0.08650594       0.65317309  0.13570261  0.12461836
 4750     H   1.0  0.14018320       0.55905610  0.12440110  0.17635960
 4751     H   1.0  0.09331798       0.65376586  0.14296380  0.10995236
 4752     H   1.0  0.09780677       0.64884126  0.13993436  0.11341760
 4753     H   1.0  0.09475694       0.65134406  0.13641807  0.11748092
 4754     H   1.0  0.15784575       0.56238133  0.11194678  0.16782615
 4755     H   1.0  0.07846303       0.62509388  0.15274085  0.14370224
 4756     H   1.0  0.08549764       0.63324934  0.14611952  0.13513349
 4757     H   1.0  0.12863837       0.56115502  0.12524372  0.18496288
 4758     H   1.0  0.09364010       0.65064996  0.14688790  0.10882204
 4759     H   1.0  0.06568876       0.66544145  0.14713143  0.12173836
 4760     H   1.0  0.10659362       0.52575010  0.10827109  0.25938518
 4761     H   1.0  0.07977869       0.65988976  0.13771950  0.12261205
 4762     H   1.0  0.07564629       0.66012323  0.13935068  0.12487980
 4763     H   1.0  0.07301882       0.66407859  0.13931525  0.12358734
 4764     H   1.0  0.12321123       0.56266946  0.12414680  0.18997251
 4765     H   1.0  0.08678253       0.65273261  0.14827959  0.11220527
 4766     H   1.0  0.08445540       0.65693772  0.14065665  0.11795023
 4767     H   1.0  0.08014480       0.66286689  0.13085909  0.12612922
 4768     H   1.0  0.06283600       0.66310644  0.13710521  0.13695235
 4769     H   1.0  0.06915363       0.66778880  0.13543722  0.12762034
 4770     H   1.0  0.08135163       0.66170239  0.13163206  0.12531392
 4771     H   1.0  0.07224225       0.66756636  0.13259260  0.12759878
 4772     H   1.0  0.06664373       0.66840798  0.13667381  0.12827449
 4773     H   1.0  0.14014022       0.56332207  0.12379444  0.17274327
 4774     H   1.0  0.09621646       0.64924788  0.14055654  0.11397911
 4775     H   1.0  0.09552899       0.64860976  0.13171309  0.12414816
 4776     H   1.0  0.08281939       0.66206515  0.13679194  0.11832351
 4777     H   1.0  0.15106422       0.56907248  0.10371444  0.17614886
 4778     H   1.0  0.14921957       0.56849229  0.10711294  0.17517520
 4779     H   1.0  0.12716966       0.56307083  0.12466013  0.18509937
 4780     H   1.0  0.04100182       0.68024516  0.14292683  0.13582619
 4781     H   1.0 -0.03715255       0.65716183  0.15355387  0.22643685
 4782     H   1.0  0.08565969       0.65394390  0.13475041  0.12564600
 4783     H   1.0  0.07587850       0.65849847  0.14070883  0.12491420
 4784     H   1.0  0.14354561       0.56695664  0.11273193  0.17676581
 4785     H   1.0  0.03326902       0.56377339  0.11814824  0.28480935
 4786     H   1.0  0.17883272       0.50311148  0.13009404  0.18796176
 4787     H   1.0  0.19252190       0.50281847  0.12956554  0.17509410
 4788     H   1.0  0.25408002       0.46505648  0.12382718  0.15703632
 4789     H   1.0  0.14204320       0.47282404  0.13473196  0.25040080
 4790     H   1.0  0.18035607       0.49959457  0.11398473  0.20606463
 4791     H   1.0  0.19438103       0.50033909  0.12530370  0.17997618
 4792     H   1.0  0.20871162       0.50372928  0.11734761  0.17021148
 4793     H   1.0  0.22370915       0.49219039  0.11791492  0.16618555
 4794     H   1.0  0.21190904       0.50172126  0.11867424  0.16769546
 4795     H   1.0  0.20849483       0.49951559  0.11602266  0.17596691
 4796     H   1.0  0.19780262       0.50227392  0.12200458  0.17791888
 4797     H   1.0  0.20892308       0.50197476  0.11751713  0.17158503
 4798     H   1.0  0.06043697       0.56087673  0.12679839  0.25188791
 4799     H   1.0  0.15265226       0.56332660  0.12474734  0.15927381
 4800     H   1.0  0.05812859       0.54920340  0.12030146  0.27236655
 4801     H   1.0  0.16155047       0.56156725  0.11303033  0.16385196
 4802     H   1.0  0.29366621       0.45663226  0.11380555  0.13589599
 4803     H   1.0  0.13476527       0.56851882  0.12545162  0.17126429
 4804     H   1.0  0.14143816       0.56811935  0.12307676  0.16736573
 largest Wiberg (=(PS)*(SP)) bond orders for each atom
           total WBO             WBO to atom > 0.05 ...
     1  N    3.33891482    C    2  0.96446181    H 2446  0.82207523    H 2444  0.80580260    H 2445  0.78792276
     2  C    3.85990581    C    5  1.05832144    C    3  0.99003130    N    1  0.96446181    H 2447  0.88498767
     3  C    3.93126092    O    4  1.62373126    N    6  1.33028956    C    2  0.99003130
     4  O    1.76406147    C    3  1.62373126    N    6  0.09184331
     5  C    3.74704856    C    2  1.05832144    H 2450  0.90880785    H 2448  0.89492224    H 2449  0.89276294
     6  N    3.15343494    C    3  1.33028956    C    7  0.96284440    H 2451  0.85217031    O    4  0.09184331
     7  C    3.87088050    C   10  1.00023889    C    8  0.96999830    N    6  0.96284440    H 2452  0.88819493
     8  C    3.99132837    O    9  1.60665509    N   17  1.42105857    C    7  0.96999830
     9  O    1.75661180    C    8  1.60665509    N   17  0.08337605
    10  C    3.79832851    C   11  1.02846553    C    7  1.00023889    H 2454  0.88957675    H 2453  0.88507627
    11  C    3.81654040    C   12  1.05379751    C   10  1.02846553    H 2455  0.88996863    H 2456  0.88188599
    12  C    3.83450881    C   11  1.05379751    N   13  0.98379732    H 2457  0.91039054    H 2458  0.88943313
    13  N    3.14791545    C   14  1.35264466    C   12  0.98379732    H 2459  0.83033703
    14  C    4.08371326    N   16  1.35589685    N   15  1.35265593    N   13  1.35264466
    15  N    3.02636769    C   14  1.35265593    H 2461  0.83618183    H 2460  0.83325075
    16  N    3.05048994    C   14  1.35589685    H 2462  0.83092162    H 2463  0.82203325
    17  N    3.22498943    C    8  1.42105857    C   18  0.95012558    H 2464  0.85142075    O    9  0.08337605
    18  C    3.85518633    C   19  1.00192422    C   21  0.99052483    N   17  0.95012558    H 2465  0.88497033
    19  C    3.93927075    O   20  1.56958943    N   23  1.38742806    C   18  1.00192422
    20  O    1.67313689    C   19  1.56958943    N   23  0.09198878
    21  C    3.79187346    O   22  0.99267219    C   18  0.99052483    H 2466  0.90382805    H 2467  0.89401792
    22  O    1.67675428    C   21  0.99267219    H 2468  0.69962958
    23  N    3.14308132    C   19  1.38742806    C   24  0.95790654    H 2469  0.84092044    O   20  0.09198878
    24  C    3.89270227    C   25  1.01881851    C   27  0.98359206    N   23  0.95790654    H 2470  0.86901352
    25  C    3.95201540    O   26  1.58008234    N   30  1.35732309    C   24  1.01881851
    26  O    1.70301062    C   25  1.58008234    N   30  0.08228304
    27  C    3.78870099    C   29  1.00174346    C   24  0.98359206    O   28  0.91956980    H 2471  0.88856004
    28  O    1.60992563    C   27  0.91956980    H 2472  0.72846051
    29  C    3.70228066    C   27  1.00174346    H 2475  0.93283169    H 2473  0.90965851    H 2474  0.89911370
    30  N    3.14546652    C   25  1.35732309    C   31  0.98315276    H 2476  0.85973901    O   26  0.08228304
    31  C    3.90897908    C   32  1.00909468    N   30  0.98315276    C   34  0.97571948    H 2477  0.89732819
    32  C    3.99461499    O   33  1.61785908    N   38  1.36689431    C   31  1.00909468
    33  O    1.76312618    C   32  1.61785908    N   38  0.08438731
    34  C    3.78788034    C   35  1.02366395    C   31  0.97571948    H 2479  0.89565490    H 2478  0.87510921
    35  C    4.01277240    O   36  1.58571640    N   37  1.40676557    C   34  1.02366395
    36  O    1.74327055    C   35  1.58571640    N   37  0.09684397
    37  N    3.10090550    C   35  1.40676557    H 2480  0.85448039    H 2481  0.83783519    O   36  0.09684397
    38  N    3.17528350    C   32  1.36689431    C   39  1.00442098    H 2482  0.84763447    O   33  0.08438731
    39  C    3.90275387    N   38  1.00442098    C   42  0.98906446    C   40  0.97445206    H 2483  0.87685780
    40  C    3.98607998    O   41  1.57374038    N   45  1.44652441    C   39  0.97445206
    41  O    1.73021055    C   40  1.57374038    N   45  0.08498847
    42  C    3.82822299    C   44  1.00621892    C   39  0.98906446    O   43  0.94533724    H 2484  0.88614004
    43  O    1.65715644    C   42  0.94533724    H 2485  0.73004390
    44  C    3.72200407    C   42  1.00621892    H 2486  0.90403025    H 2488  0.90199445    H 2487  0.89822714
    45  N    3.23361825    C   40  1.44652441    C   46  0.93927982    H 2489  0.84919872    O   41  0.08498847
    46  C    3.86519662    C   47  0.99735532    C   49  0.98990799    N   45  0.93927982    H 2490  0.91293274
    47  C    3.96682047    O   48  1.61763718    N   56  1.35868556    C   46  0.99735532
    48  O    1.73898943    C   47  1.61763718    N   56  0.08032598
    49  C    3.80933778    C   50  1.00191621    C   46  0.98990799    H 2491  0.90294777    H 2492  0.89190054
    50  C    3.87497801    C   51  1.38639218    C   52  1.38193152    C   49  1.00191621    C   55  0.05373081
    51  C    3.84565911    C   53  1.40747587    C   50  1.38639218    H 2493  0.90984392    C   54  0.05986738
    52  C    3.83015657    C   54  1.41132207    C   50  1.38193152    H 2494  0.91759784    C   53  0.05867812
    53  C    3.83304034    C   55  1.41063645    C   51  1.40747587    H 2495  0.90907005    C   52  0.05867812
    54  C    3.81278877    C   52  1.41132207    C   55  1.40509484    H 2496  0.91155189    C   51  0.05986738
    55  C    3.83054679    C   53  1.41063645    C   54  1.40509484    H 2497  0.90632727    C   50  0.05373081
    56  N    3.22879832    C   47  1.35868556    C   57  0.98443077    H 2498  0.83767548    O   48  0.08032598
    57  C    3.90612119    C   60  1.00235747    N   56  0.98443077    C   58  0.97503527    H 2499  0.91434235
    58  C    3.99818494    O   59  1.55323261    N   64  1.46524402    C   57  0.97503527
    59  O    1.63851690    C   58  1.55323261    N   64  0.07399149
    60  C    3.76535963    C   57  1.00235747    C   61  0.97324713    H 2501  0.90089160    H 2500  0.88954250
    61  C    3.90211458    O   62  1.56845479    N   63  1.36747155    C   60  0.97324713
    62  O    1.68648266    C   61  1.56845479    N   63  0.09707596
    63  N    3.14272167    C   61  1.36747155    H 2503  0.84050872    H 2502  0.83698282    O   62  0.09707596
    64  N    3.24547487    C   58  1.46524402    C   65  0.93932079    H 2504  0.85434223    O   59  0.07399149
    65  C    3.83484638    C   66  1.00016133    C   68  0.96664714    N   64  0.93932079    H 2505  0.88066481
    66  C    3.98231225    O   67  1.62570038    N   76  1.37141265    C   65  1.00016133
    67  O    1.74683460    C   66  1.62570038    N   76  0.08390523
    68  C    3.78473112    C   69  0.96787572    C   65  0.96664714    H 2507  0.92425909    H 2506  0.90423597
    69  C    3.85841024    C   71  1.40334155    C   70  1.37262848    C   68  0.96787572
    70  C    3.82663761    C   72  1.42192973    C   69  1.37262848    H 2508  0.90115689    C   73  0.05580577
    71  C    3.88728211    C   73  1.42873054    C   69  1.40334155    H 2509  0.92067327    C   72  0.05285101
    72  C    3.78907815    C   70  1.42192973    C   74  1.35492170    H 2510  0.91062349    C   71  0.05285101
    73  C    3.82777353    C   71  1.42873054    C   74  1.36000091    H 2511  0.91849723    C   70  0.05580577
    74  C    3.85872664    C   73  1.36000091    C   72  1.35492170    O   75  1.03967721
    75  O    1.82832674    C   74  1.03967721    H 2512  0.72541050
    76  N    3.19686571    C   66  1.37141265    C   77  0.98140585    H 2513  0.87707186    O   67  0.08390523
    77  C    3.89563109    C   80  1.03423094    C   78  0.98431047    N   76  0.98140585    H 2514  0.87526181
    78  C    3.99432737    O   79  1.58049210    N   81  1.44828178    C   77  0.98431047
    79  O    1.69908152    C   78  1.58049210    N   81  0.07808277
    80  C    3.74213317    C   77  1.03423094    H 2517  0.92038382    H 2516  0.90401195    H 2515  0.90068388
    81  N    3.25112704    C   78  1.44828178    C   82  0.97744178    H 2518  0.84502816    O   79  0.07808277
    82  C    3.86420021    C   83  0.99497512    N   81  0.97744178    C   85  0.95000466    H 2519  0.90406573
    83  C    3.94051511    O   84  1.61382709    N   88  1.36324973    C   82  0.99497512
    84  O    1.73926918    C   83  1.61382709    N   88  0.09105239
    85  C    3.83651029    C   87  1.02747108    O   86  0.96824608    C   82  0.95000466    H 2520  0.89401025
    86  O    1.67434881    C   85  0.96824608    H 2521  0.70419502
    87  C    3.73002774    C   85  1.02747108    H 2522  0.91344390    H 2524  0.91100641    H 2523  0.91018677
    88  N    3.17425411    C   83  1.36324973    C   89  0.93137007    H 2525  0.86443718    O   84  0.09105239
    89  C    3.87791241    C   92  1.00936785    C   90  1.00307044    N   88  0.93137007    H 2526  0.90473108
    90  C    3.97822404    O   91  1.53444039    N  100  1.44457619    C   89  1.00307044
    91  O    1.65894589    C   90  1.53444039    N  100  0.08500197
    92  C    3.82316531    C   89  1.00936785    C   93  0.98407693    H 2528  0.91437254    H 2527  0.88056837
    93  C    3.87166958    C   95  1.40540397    C   94  1.36942550    C   92  0.98407693
    94  C    3.81836819    C   96  1.42224374    C   93  1.36942550    H 2529  0.90482096    C   97  0.05742499
    95  C    3.87805498    C   97  1.41664911    C   93  1.40540397    H 2530  0.91690660    C   96  0.05197778
    96  C    3.79374680    C   94  1.42224374    C   98  1.35082764    H 2531  0.91229459    C   95  0.05197778
    97  C    3.82090153    C   95  1.41664911    C   98  1.35910877    H 2532  0.92515007    C   94  0.05742499
    98  C    3.84640593    C   97  1.35910877    C   96  1.35082764    O   99  1.02384680
    99  O    1.84510631    C   98  1.02384680    H 2533  0.73345247
   100  N    3.27665364    C   90  1.44457619    C  101  0.98125355    H 2534  0.82854061    O   91  0.08500197
   101  C    3.90896312    C  102  0.99654920    C  104  0.98433057    N  100  0.98125355    H 2535  0.91277247
   102  C    3.95408923    O  103  1.63230129    N  110  1.33656212    C  101  0.99654920
   103  O    1.74182123    C  102  1.63230129    N  110  0.07748286
   104  C    3.84300696    C  105  1.06667460    C  101  0.98433057    H 2536  0.89205153    H 2537  0.88706319
   105  C    3.82859093    C  107  1.60729490    N  106  1.12503603    C  104  1.06667460
   106  N    3.36678983    C  108  1.39585651    C  105  1.12503603    H 2538  0.83165813
   107  C    3.73494642    C  105  1.60729490    N  109  1.16462520    H 2539  0.89411744
   108  C    3.78974689    N  109  1.40056661    N  106  1.39585651    H 2540  0.90846996
   109  N    3.39359771    C  108  1.40056661    C  107  1.16462520    H 4800  0.82552330
   110  N    3.18235832    C  102  1.33656212    C  111  1.00366920    H 2541  0.87196461    O  103  0.07748286
   111  C    3.86979567    N  110  1.00366920    C  114  0.96569440    C  112  0.95836392    H 2542  0.89494993
   112  C    3.92856701    O  113  1.57439652    N  117  1.40327314    C  111  0.95836392
   113  O    1.68475018    C  112  1.57439652    N  117  0.08870545
   114  C    3.81832992    C  116  1.03599585    C  111  0.96569440    O  115  0.92211234    H 2543  0.89533835
   115  O    1.64493816    C  114  0.92211234    H 2544  0.73598634
   116  C    3.76088903    C  114  1.03599585    H 2547  0.91859818    H 2545  0.91712594    H 2546  0.90334811
   117  N    3.22129789    C  112  1.40327314    C  118  0.95881014    H 2548  0.84467411    O  113  0.08870545
   118  C    3.85794619    C  121  0.99118581    C  119  0.97991171    N  117  0.95881014    H 2549  0.89161750
   119  C    3.91398509    O  120  1.56736349    N  125  1.36190515    C  118  0.97991171
   120  O    1.66593116    C  119  1.56736349    N  125  0.07976377
   121  C    3.78492293    C  118  0.99118581    C  122  0.97582474    H 2550  0.91898915    H 2551  0.89387872
   122  C    3.86875045    C  124  1.02965224    C  123  1.01772214    C  121  0.97582474    H 2552  0.88566596
   123  C    3.72936531    C  122  1.01772214    H 2555  0.93205695    H 2553  0.91495660    H 2554  0.90458739
   124  C    3.75798971    C  122  1.02965224    H 2556  0.92961581    H 2558  0.92366214    H 2557  0.92139444
   125  N    3.15557887    C  119  1.36190515    C  126  0.95500841    H 2559  0.85102789    O  120  0.07976377
   126  C    3.90809988    C  129  1.02053665    C  127  0.99235516    N  125  0.95500841    H 2560  0.89248180
   127  C    3.99874446    O  128  1.60686018    N  133  1.39509264    C  126  0.99235516
   128  O    1.72372621    C  127  1.60686018    N  133  0.08412309
   129  C    3.80562617    C  126  1.02053665    C  130  0.95336846    H 2562  0.90920378    H 2561  0.87852838
   130  C    3.94438695    O  132  1.57987320    O  131  1.42425008    C  129  0.95336846
   131  O    1.57992123    C  130  1.42425008    O  132  0.12475194
   132  O    1.76276168    C  130  1.57987320    O  131  0.12475194
   133  N    3.19278837    C  127  1.39509264    C  134  0.97992015    H 2563  0.85190481    O  128  0.08412309
   134  C    3.90006827    C  137  1.00781634    N  133  0.97992015    C  135  0.95972600    H 2564  0.90275563
   135  C    3.95681035    O  136  1.60150552    N  142  1.40360451    C  134  0.95972600
   136  O    1.72472782    C  135  1.60150552    N  142  0.08525362
   137  C    3.79255020    C  138  1.01220506    C  134  1.00781634    H 2566  0.90801637    H 2565  0.89145757
   138  C    3.80833418    C  137  1.01220506    C  139  0.97244164    H 2568  0.90030394    H 2567  0.89451930
   139  C    3.91924213    O  140  1.56537524    O  141  1.39430353    C  138  0.97244164
   140  O    1.68169829    C  139  1.56537524    O  141  0.11446867
   141  O    1.56613258    C  139  1.39430353    O  140  0.11446867
   142  N    3.17164297    C  135  1.40360451    C  143  0.93324996    H 2569  0.86575392    O  136  0.08525362
   143  C    3.87424109    C  144  0.99516972    C  146  0.99290694    N  142  0.93324996    H 2570  0.90148837
   144  C    3.95670714    O  145  1.59142028    N  150  1.39599409    C  143  0.99516972
   145  O    1.69547993    C  144  1.59142028    N  150  0.08533891
   146  C    3.87945781    C  147  1.00778945    C  148  0.99823469    C  143  0.99290694    H 2571  0.89887601
   147  C    3.82314029    C  149  1.01932945    C  146  1.00778945    H 2572  0.91735203    H 2573  0.91326125
   148  C    3.71344894    C  146  0.99823469    H 2575  0.92545316    H 2576  0.91453258    H 2574  0.91155835
   149  C    3.72496163    C  147  1.01932945    H 2578  0.92422055    H 2579  0.92043973    H 2577  0.90987347
   150  N    3.16767113    C  144  1.39599409    C  151  0.95665041    H 2580  0.86467249    O  145  0.08533891
   151  C    3.87581537    C  154  1.01533760    C  152  0.97456382    N  150  0.95665041    H 2581  0.90723329
   152  C    4.00811186    O  153  1.63649073    N  162  1.41708814    C  151  0.97456382
   153  O    1.76436629    C  152  1.63649073    N  162  0.07011546
   154  C    3.84853392    C  151  1.01533760    C  155  0.99658244    H 2583  0.90113202    H 2582  0.89230419
   155  C    3.88199076    C  157  1.39016187    C  156  1.39011634    C  154  0.99658244
   156  C    3.83649449    C  158  1.41149449    C  155  1.39011634    H 2584  0.92063924    C  159  0.05311493
   157  C    3.87602757    C  159  1.44433634    C  155  1.39016187    H 2585  0.90810722    C  158  0.05521992
   158  C    3.79614864    C  156  1.41149449    C  160  1.36376633    H 2586  0.89719557    C  157  0.05521992
   159  C    3.83145895    C  157  1.44433634    C  160  1.35840231    H 2587  0.91683250    C  156  0.05311493
   160  C    3.83656918    C  158  1.36376633    C  159  1.35840231    O  161  1.00914840
   161  O    1.83799617    C  160  1.00914840    H 2588  0.74278018
   162  N    3.20022673    C  152  1.41708814    C  163  0.96034056    H 2589  0.87388660    O  153  0.07011546
   163  C    3.88370995    C  164  0.99877731    C  166  0.99068926    N  162  0.96034056    H 2590  0.89725200
   164  C    4.01660995    O  165  1.60614669    N  170  1.40769212    C  163  0.99877731
   165  O    1.71115240    C  164  1.60614669    N  170  0.08041102
   166  C    3.76891015    C  163  0.99068926    C  167  0.94812987    H 2592  0.90298589    H 2591  0.88936151
   167  C    3.95194285    O  168  1.60094943    O  169  1.41666677    C  166  0.94812987
   168  O    1.75689812    C  167  1.60094943    O  169  0.11808358
   169  O    1.58590310    C  167  1.41666677    O  168  0.11808358
   170  N    3.15382261    C  164  1.40769212    C  171  0.91044774    H 2593  0.86924621    O  165  0.08041102
   171  C    3.81985318    C  174  0.98837167    C  172  0.96866089    N  170  0.91044774    H 2594  0.90978296
   172  C    3.93277127    O  173  1.58749936    N  181  1.38184939    C  171  0.96866089
   173  O    1.70312014    C  172  1.58749936    N  181  0.09027373
   174  C    3.81457955    C  175  0.99859967    C  171  0.98837167    H 2595  0.90812473    H 2596  0.90499933
   175  C    3.87664816    C  177  1.39427683    C  176  1.37548580    C  174  0.99859967    C  180  0.05225009
   176  C    3.82260343    C  178  1.41069164    C  175  1.37548580    H 2597  0.91120858    C  179  0.05917598
   177  C    3.84301258    C  179  1.40288548    C  175  1.39427683    H 2598  0.91855962    C  178  0.05845442
   178  C    3.80880178    C  176  1.41069164    C  180  1.39675751    H 2599  0.90687390    C  177  0.05845442
   179  C    3.82677890    C  180  1.40909713    C  177  1.40288548    H 2600  0.92212690    C  176  0.05917598
   180  C    3.82304749    C  179  1.40909713    C  178  1.39675751    H 2601  0.91315888    C  175  0.05225009
   181  N    3.16406896    C  172  1.38184939    C  182  0.96635257    H 2602  0.86175454    O  173  0.09027373
   182  C    3.89284183    C  185  1.00152999    C  183  1.00075626    N  181  0.96635257    H 2603  0.88913836
   183  C    3.98147199    O  184  1.55201474    N  189  1.43854886    C  182  1.00075626
   184  O    1.66122897    C  183  1.55201474    N  189  0.08385000
   185  C    3.83421646    C  186  1.01292415    C  182  1.00152999    H 2605  0.91859564    H 2604  0.90676845
   186  C    3.83838433    S  187  1.06212320    C  185  1.01292415    H 2606  0.90061652    H 2607  0.88898697
   187  S    2.14585311    C  188  1.11010480    C  186  1.06212320
   188  C    3.81203192    S  187  1.11010480    H 2610  0.90629195    H 2609  0.90466082    H 2608  0.89157840
   189  N    3.19487910    C  183  1.43854886    C  190  0.94387411    H 2611  0.84573928    O  184  0.08385000
   190  C    3.92149536    C  193  1.02562122    C  191  1.01399033    N  189  0.94387411    H 2612  0.89095181
   191  C    3.97696920    O  192  1.55221479    N  197  1.40889687    C  190  1.01399033
   192  O    1.67053121    C  191  1.55221479    N  197  0.08501095
   193  C    3.81680950    C  190  1.02562122    C  194  0.97248222    H 2614  0.90152912    H 2613  0.87661004
   194  C    3.92548480    O  196  1.58980838    O  195  1.36627417    C  193  0.97248222
   195  O    1.53886679    C  194  1.36627417    O  196  0.11088977    H 2713  0.07016035
   196  O    1.75610663    C  194  1.58980838    O  195  0.11088977
   197  N    3.20101146    C  191  1.40889687    C  198  0.97707812    H 2615  0.84631049    O  192  0.08501095
   198  C    3.88887381    C  201  0.99593192    N  197  0.97707812    C  199  0.97175773    H 2616  0.90920681
   199  C    3.95486042    O  200  1.55896199    N  205  1.42586740    C  198  0.97175773
   200  O    1.66290896    C  199  1.55896199    N  205  0.08365223
   201  C    3.78674078    C  202  0.99972404    C  198  0.99593192    H 2617  0.89820209    H 2618  0.89255869
   202  C    3.90776806    C  204  1.02534182    C  203  1.01622181    C  201  0.99972404    H 2619  0.89419257
   203  C    3.72704899    C  202  1.01622181    H 2620  0.91341057    H 2622  0.91167021    H 2621  0.89657434
   204  C    3.75067024    C  202  1.02534182    H 2625  0.91272257    H 2624  0.90843111    H 2623  0.90832851
   205  N    3.16810286    C  199  1.42586740    C  206  0.92609784    H 2626  0.85388457    O  200  0.08365223
   206  C    3.84623067    C  209  1.00151653    C  207  0.98158409    N  205  0.92609784    H 2627  0.90828331
   207  C    3.96786265    O  208  1.63106076    N  213  1.37396971    C  206  0.98158409
   208  O    1.74862449    C  207  1.63106076    N  213  0.08214093
   209  C    3.79366210    C  210  1.00237381    C  206  1.00151653    H 2628  0.89936581    H 2629  0.89533275
   210  C    3.87374903    C  211  1.02079891    C  209  1.00237381    C  212  0.99315757    H 2630  0.90288531
   211  C    3.73375716    C  210  1.02079891    H 2632  0.92801661    H 2633  0.91809459    H 2631  0.91802115
   212  C    3.70161389    C  210  0.99315757    H 2635  0.92113809    H 2634  0.91170826    H 2636  0.91145824
   213  N    3.16120682    C  207  1.37396971    C  214  0.97255466    H 2637  0.86086623    O  208  0.08214093
   214  C    3.89917435    C  215  0.99888054    C  217  0.99185612    N  213  0.97255466    H 2638  0.88661053
   215  C    3.99917977    O  216  1.60416863    N  220  1.41550846    C  214  0.99888054
   216  O    1.73711548    C  215  1.60416863    N  220  0.08096162
   217  C    3.90488012    C  218  1.03910379    C  219  1.01499085    C  214  0.99185612    H 2639  0.89628037
   218  C    3.76283386    C  217  1.03910379    H 2641  0.91370234    H 2642  0.90292955    H 2640  0.90191045
   219  C    3.70883172    C  217  1.01499085    H 2644  0.92113359    H 2643  0.91135379    H 2645  0.90411359
   220  N    3.20954860    C  215  1.41550846    C  221  0.97562311    H 2646  0.84705966    O  216  0.08096162
   221  C    3.91548849    C  224  1.03324595    C  222  0.97846584    N  220  0.97562311    H 2647  0.88905329
   222  C    3.93233750    O  223  1.55966941    N  225  1.38898428    C  221  0.97846584
   223  O    1.70691741    C  222  1.55966941    N  225  0.08355989
   224  C    3.73240898    C  221  1.03324595    H 2648  0.90849873    H 2650  0.90211370    H 2649  0.89873844
   225  N    3.20619140    C  222  1.38898428    C  226  0.99155864    H 2651  0.84988142    O  223  0.08355989
   226  C    3.91509852    C  229  0.99606423    N  225  0.99155864    C  227  0.98280921    H 2652  0.89269771
   227  C    3.96354639    O  228  1.60007034    N  234  1.37774993    C  226  0.98280921
   228  O    1.75463853    C  227  1.60007034    N  234  0.08723845
   229  C    3.78490092    C  230  1.00735289    C  226  0.99606423    H 2654  0.90115260    H 2653  0.89436294
   230  C    3.80207278    C  229  1.00735289    C  231  0.97757750    H 2655  0.90277314    H 2656  0.89177049
   231  C    3.92747401    O  232  1.60224745    O  233  1.36829426    C  230  0.97757750
   232  O    1.74045808    C  231  1.60224745    O  233  0.11507749
   233  O    1.52828742    C  231  1.36829426    O  232  0.11507749
   234  N    3.17332119    C  227  1.37774993    C  235  0.96487315    H 2657  0.84436721    O  228  0.08723845
   235  C    3.89041351    C  238  0.99262345    C  236  0.98791769    N  234  0.96487315    H 2658  0.89225584
   236  C    3.94420351    O  237  1.57475541    N  244  1.37217932    C  235  0.98791769
   237  O    1.67928348    C  236  1.57475541    N  244  0.07066635
   238  C    3.85433032    C  239  1.10390568    C  235  0.99262345    H 2660  0.88198066    H 2659  0.87541587
   239  C    3.94512322    C  241  1.60257776    N  240  1.18774371    C  238  1.10390568    C  242  0.05307292
   240  N    2.74773134    C  242  1.46949660    C  239  1.18774371    N  243  0.06234921
   241  C    3.75296197    C  239  1.60257776    N  243  1.17559916    H 2661  0.91400980
   242  C    3.86530830    N  240  1.46949660    N  243  1.36797011    H 2662  0.91473253    C  239  0.05307292
   243  N    3.44712734    C  242  1.36797011    C  241  1.17559916    H 4801  0.81042251    N  240  0.06234921
   244  N    3.29297646    C  236  1.37217932    C  245  0.98009489    C  250  0.94908486    O  237  0.07066635
   245  C    3.87346786    C  248  0.99665991    C  246  0.98089501    N  244  0.98009489    H 2663  0.86114059
   246  C    4.00559664    O  247  1.63297687    N  251  1.40454861    C  245  0.98089501
   247  O    1.78624038    C  246  1.63297687    N  251  0.08065636
   248  C    3.79251219    C  249  1.02999217    C  245  0.99665991    H 2665  0.88997599    H 2664  0.88129467
   249  C    3.80864746    C  250  1.04153177    C  248  1.02999217    H 2667  0.89474163    H 2666  0.88608400
   250  C    3.78594844    C  249  1.04153177    N  244  0.94908486    H 2669  0.89846462    H 2668  0.88828398
   251  N    3.20883843    C  246  1.40454861    C  252  0.99383886    H 2670  0.84527981    O  247  0.08065636
   252  C    3.93502871    C  253  1.00186383    C  255  0.99730773    N  251  0.99383886    H 2671  0.88851177
   253  C    3.97622971    O  254  1.60071722    N  260  1.37604728    C  252  1.00186383
   254  O    1.76186010    C  253  1.60071722    N  260  0.09503910
   255  C    3.79253316    C  252  0.99730773    C  256  0.99436849    H 2673  0.89999511    H 2672  0.88226778
   256  C    3.80054747    C  257  1.01424452    C  255  0.99436849    H 2675  0.89998463    H 2674  0.87998365
   257  C    3.98424900    O  258  1.58840425    N  259  1.38834547    C  256  1.01424452
   258  O    1.72703881    C  257  1.58840425    N  259  0.09667631
   259  N    3.15534676    C  257  1.38834547    H 2677  0.83402728    H 2676  0.82779993    O  258  0.09667631
   260  N    3.18047925    C  253  1.37604728    C  261  0.94395651    H 2678  0.87075800    O  254  0.09503910
   261  C    3.86993297    C  264  1.01371536    C  262  0.98424421    N  260  0.94395651    H 2679  0.91591945
   262  C    3.94241790    O  263  1.61492873    N  268  1.35318724    C  261  0.98424421
   263  O    1.72061450    C  262  1.61492873    N  268  0.08738852
   264  C    3.83904542    C  261  1.01371536    C  265  1.01223833    H 2681  0.90470447    H 2680  0.90128794
   265  C    3.89150062    C  266  1.02126608    C  267  1.01311378    C  264  1.01223833    H 2682  0.87798671
   266  C    3.73251866    C  265  1.02126608    H 2685  0.92148404    H 2684  0.92062288    H 2683  0.90530848
   267  C    3.73350662    C  265  1.01311378    H 2687  0.92417905    H 2688  0.90483687    H 2686  0.89865908
   268  N    3.17686609    C  262  1.35318724    C  269  0.97300919    H 2689  0.87266105    O  263  0.08738852
   269  C    3.94059215    C  270  1.03566339    C  272  0.99056093    N  268  0.97300919    H 2690  0.90960009
   270  C    3.98662390    O  271  1.57749880    N  275  1.39632669    C  269  1.03566339
   271  O    1.70587260    C  270  1.57749880    N  275  0.08870885
   272  C    3.90826479    C  273  1.05031938    C  274  1.02532757    C  269  0.99056093    H 2691  0.88503309
   273  C    3.74699314    C  272  1.05031938    H 2694  0.91908846    H 2693  0.91653939    H 2692  0.90375125
   274  C    3.72307561    C  272  1.02532757    H 2696  0.93048905    H 2697  0.91081739    H 2695  0.90227864
   275  N    3.23231727    C  270  1.39632669    C  276  1.01718217    H 2698  0.84947786    O  271  0.08870885
   276  C    3.94768893    N  275  1.01718217    C  279  1.01399394    C  277  1.00786732    H 2699  0.89932910
   277  C    3.98545937    O  278  1.59421843    N  281  1.39828566    C  276  1.00786732
   278  O    1.66731825    C  277  1.59421843    N  281  0.07755078
   279  C    3.79372993    C  276  1.01399394    O  280  0.99181063    H 2700  0.89665130    H 2701  0.89625562
   280  O    1.69808981    C  279  0.99181063    H 2702  0.72676083
   281  N    3.23305897    C  277  1.39828566    C  282  0.95110905    H 2703  0.84959948    O  278  0.07755078
   282  C    3.86652712    C  283  1.00814259    C  285  0.98005430    N  281  0.95110905    H 2704  0.91808162
   283  C    3.97833240    O  284  1.56535905    N  290  1.42511299    C  282  1.00814259
   284  O    1.68845404    C  283  1.56535905    N  290  0.08202833
   285  C    3.78841649    C  286  1.01887269    C  282  0.98005430    H 2705  0.91812061    H 2706  0.90001979
   286  C    3.79618526    C  285  1.01887269    C  287  1.00699488    H 2708  0.90927469    H 2707  0.88462315
   287  C    3.80954475    C  288  1.05847390    C  286  1.00699488    H 2709  0.89979965    H 2710  0.89622818
   288  C    3.76264081    C  287  1.05847390    N  289  0.94121490    H 2712  0.91829475    H 2711  0.91458980
   289  N    3.35474774    C  288  0.94121490    H 2714  0.82981958    H 2713  0.82717583    H 2715  0.81604914
   290  N    3.22159335    C  283  1.42511299    C  291  0.95672031    H 2716  0.85004664    O  284  0.08202833
   291  C    3.86608434    C  294  1.00067733    N  290  0.95672031    C  292  0.95236891    H 2717  0.92117681
   292  C    3.93123461    O  293  1.58111789    N  298  1.38718467    C  291  0.95236891
   293  O    1.65717370    C  292  1.58111789    N  298  0.07903165
   294  C    3.80332435    C  291  1.00067733    C  295  0.99415145    H 2718  0.89959038    H 2719  0.89259766
   295  C    3.87850559    C  297  1.02667350    C  296  0.99927512    C  294  0.99415145    H 2720  0.88498388
   296  C    3.71911370    C  295  0.99927512    H 2723  0.92463509    H 2721  0.91079410    H 2722  0.89625120
   297  C    3.76324585    C  295  1.02667350    H 2725  0.91977835    H 2726  0.91132731    H 2724  0.90551467
   298  N    3.23739368    C  292  1.38718467    C  299  0.93020291    H 2727  0.85542841    O  293  0.07903165
   299  C    3.87762197    C  302  1.02878115    C  300  0.98606140    N  298  0.93020291    H 2728  0.91190269
   300  C    3.96905889    O  301  1.58411795    N  307  1.42106201    C  299  0.98606140
   301  O    1.70309027    C  300  1.58411795    N  307  0.07800395
   302  C    3.84106958    C  303  1.03087993    C  299  1.02878115    H 2730  0.91097528    H 2729  0.90907533
   303  C    3.78525948    C  302  1.03087993    C  304  0.98967940    H 2732  0.89992287    H 2731  0.87353071
   304  C    3.95707412    O  305  1.59140812    N  306  1.39153823    C  303  0.98967940
   305  O    1.73091252    C  304  1.59140812    N  306  0.08762675
   306  N    3.13933622    C  304  1.39153823    H 2734  0.85177761    H 2733  0.84222144    O  305  0.08762675
   307  N    3.21831583    C  300  1.42106201    C  308  1.00568917    H 2735  0.84777067    O  301  0.07800395
   308  C    3.94017708    N  307  1.00568917    C  309  0.99199522    C  311  0.96781342    H 2736  0.89352427
   309  C    3.91671376    O  310  1.59918589    N  315  1.33364049    C  308  0.99199522
   310  O    1.75669110    C  309  1.59918589    N  315  0.08927157
   311  C    3.87980382    C  313  1.01859556    C  312  1.00973372    C  308  0.96781342    H 2737  0.88863612
   312  C    3.80713057    C  314  1.02293585    C  311  1.00973372    H 2739  0.91888404    H 2738  0.91195002
   313  C    3.73092868    C  311  1.01859556    H 2742  0.91960330    H 2741  0.91635279    H 2740  0.90260800
   314  C    3.71828632    C  312  1.02293585    H 2744  0.92302749    H 2745  0.92255751    H 2743  0.90441566
   315  N    3.15586696    C  309  1.33364049    C  316  0.97784938    H 2746  0.86974961    O  310  0.08927157
   316  C    3.80069010    C  317  0.99623549    N  315  0.97784938    H 2748  0.89831389    H 2747  0.89491724
   317  C    3.92727492    O  318  1.59966013    N  319  1.36569115    C  316  0.99623549
   318  O    1.68308732    C  317  1.59966013    N  319  0.08923438
   319  N    3.20375513    C  317  1.36569115    C  320  0.96636430    H 2749  0.84672761    O  318  0.08923438
   320  C    3.91311442    C  323  1.02859622    C  321  0.98687497    N  319  0.96636430    H 2750  0.90782794
   321  C    3.95259875    O  322  1.57296605    N  330  1.41179244    C  320  0.98687497
   322  O    1.68269449    C  321  1.57296605    N  330  0.08991836
   323  C    3.83659563    C  320  1.02859622    C  324  1.02611369    H 2752  0.90785463    H 2751  0.88978104
   324  C    3.78752216    C  323  1.02611369    C  325  1.00247105    H 2754  0.89896647    H 2753  0.89544035
   325  C    3.81690039    C  324  1.00247105    N  326  0.99857849    H 2755  0.93039850    H 2756  0.89306570
   326  N    3.17138493    C  327  1.35406056    C  325  0.99857849    H 2757  0.84408985
   327  C    4.08192171    N  328  1.37621045    N  326  1.35406056    N  329  1.33735205
   328  N    3.05477312    C  327  1.37621045    H 2759  0.83922648    H 2758  0.83613953
   329  N    3.03536414    C  327  1.33735205    H 2760  0.84018602    H 2761  0.83477393
   330  N    3.16524197    C  321  1.41179244    C  331  0.91261555    H 2762  0.85915360    O  322  0.08991836
   331  C    3.80947707    C  334  1.00712210    C  332  0.97016194    N  330  0.91261555    H 2763  0.89194996
   332  C    3.90571082    O  333  1.55492218    N  336  1.37312082    C  331  0.97016194
   333  O    1.69725769    C  332  1.55492218    N  336  0.08371749
   334  C    3.72070973    C  331  1.00712210    O  335  0.94109473    H 2764  0.90827018    H 2765  0.90432589
   335  O    1.59114363    C  334  0.94109473    H 2766  0.71493036
   336  N    3.19336418    C  332  1.37312082    C  337  0.98398459    H 2767  0.84629443    O  333  0.08371749
   337  C    3.88665057    C  338  0.98420927    N  336  0.98398459    C  340  0.96752128    H 2768  0.89892901
   338  C    3.94448487    O  339  1.55853393    N  348  1.40772219    C  337  0.98420927
   339  O    1.71132641    C  338  1.55853393    N  348  0.09092539
   340  C    3.78518699    C  341  1.00646260    C  337  0.96752128    H 2769  0.90086117    H 2770  0.88097860
   341  C    3.88071147    C  342  1.39201940    C  343  1.36947819    C  340  1.00646260
   342  C    3.84593797    C  344  1.41166782    C  341  1.39201940    H 2771  0.89619068    C  345  0.05600879
   343  C    3.83412841    C  345  1.42498527    C  341  1.36947819    H 2772  0.90444783    C  344  0.05655602
   344  C    3.83815352    C  342  1.41166782    C  346  1.37529586    H 2773  0.90838122    C  343  0.05655602
   345  C    3.83204429    C  343  1.42498527    C  346  1.36767715    H 2774  0.90595651    C  342  0.05600879
   346  C    3.87656184    C  344  1.37529586    C  345  1.36767715    O  347  1.01162262
   347  O    1.80510554    C  346  1.01162262    H 2775  0.71015565
   348  N    3.13922580    C  338  1.40772219    C  349  0.94054602    H 2776  0.84314145    O  339  0.09092539
   349  C    3.90463387    C  350  1.01405302    C  352  1.01219307    N  348  0.94054602    H 2777  0.88723285
   350  C    3.97229914    O  351  1.57299303    N  357  1.38638589    C  349  1.01405302
   351  O    1.72680057    C  350  1.57299303    N  357  0.08951941
   352  C    3.82209428    C  353  1.02766953    C  349  1.01219307    H 2779  0.90649434    H 2778  0.90068451
   353  C    3.80160204    C  352  1.02766953    C  354  0.96049025    H 2781  0.91235865    H 2780  0.88641180
   354  C    3.90117066    O  356  1.56136656    O  355  1.38679714    C  353  0.96049025
   355  O    1.52110426    C  354  1.38679714    O  356  0.11542149
   356  O    1.73861330    C  354  1.56136656    O  355  0.11542149
   357  N    3.18814569    C  350  1.38638589    C  358  0.96585425    H 2782  0.86023328    O  351  0.08951941
   358  C    3.80864440    C  359  1.02051562    N  357  0.96585425    H 2783  0.90165255    H 2784  0.88473185
   359  C    3.94289718    O  360  1.55807015    N  361  1.37888964    C  358  1.02051562
   360  O    1.71581949    C  359  1.55807015    N  361  0.08695572
   361  N    3.18714251    C  359  1.37888964    C  362  0.96061300    H 2785  0.85365860    O  360  0.08695572
   362  C    3.88599641    C  365  1.00082103    N  361  0.96061300    C  363  0.95924013    H 2786  0.91320757
   363  C    3.94156127    O  364  1.52660668    N  372  1.41554200    C  362  0.95924013
   364  O    1.63550114    C  363  1.52660668    N  372  0.07396764
   365  C    3.79053649    C  366  1.01809326    C  362  1.00082103    H 2788  0.89186514    H 2787  0.88974205
   366  C    3.81556274    C  365  1.01809326    C  367  1.01578050    H 2789  0.91375396    H 2790  0.91362206
   367  C    3.76732055    C  366  1.01578050    N  368  0.95437284    H 2792  0.91743121    H 2791  0.91623024
   368  N    3.15684720    C  369  1.36967636    C  367  0.95437284    H 2793  0.85461607
   369  C    4.08182641    N  370  1.37339078    N  368  1.36967636    N  371  1.34078813
   370  N    3.00038553    C  369  1.37339078    H 2794  0.86524608    H 2795  0.85755896
   371  N    3.05925690    C  369  1.34078813    H 2797  0.85306811    H 2796  0.84898423
   372  N    3.30424711    C  363  1.41554200    C  378  0.93408583    C  373  0.93144747    O  364  0.07396764
   373  C    3.85454191    C  376  0.99447139    C  374  0.98937292    N  372  0.93144747    H 2798  0.90310813
   374  C    3.98061628    O  375  1.59704853    N  379  1.40848508    C  373  0.98937292
   375  O    1.68782065    C  374  1.59704853    N  379  0.08516052
   376  C    3.77978575    C  377  1.02230876    C  373  0.99447139    H 2799  0.90137261    H 2800  0.89286781
   377  C    3.79994384    C  378  1.04338447    C  376  1.02230876    H 2801  0.89638281    H 2802  0.89363271
   378  C    3.78546202    C  377  1.04338447    N  372  0.93408583    H 2804  0.90269367    H 2803  0.89281869
   379  N    3.19640848    C  374  1.40848508    C  380  0.89904574    H 2805  0.87052536    O  375  0.08516052
   380  C    3.84430662    C  383  1.00893909    C  381  0.95813742    H 2806  0.91902076    N  379  0.89904574
   381  C    3.88535428    O  382  1.54801304    N  387  1.37717165    C  380  0.95813742
   382  O    1.63583451    C  381  1.54801304    N  387  0.09439804
   383  C    3.88854792    C  380  1.00893909    C  385  0.99813300    C  384  0.98173437    H 2807  0.91176492
   384  C    3.80341009    C  386  1.02479566    C  383  0.98173437    H 2808  0.92092261    H 2809  0.90685137
   385  C    3.71969126    C  383  0.99813300    H 2812  0.91999203    H 2811  0.91899073    H 2810  0.91366588
   386  C    3.73714235    C  384  1.02479566    H 2814  0.92824398    H 2815  0.92155545    H 2813  0.92069690
   387  N    3.22601321    C  381  1.37717165    C  388  0.95006001    H 2816  0.85121584    O  382  0.09439804
   388  C    3.86377787    C  391  0.98159498    C  389  0.96274887    N  387  0.95006001    H 2817  0.94228891
   389  C    3.91207299    O  390  1.60268361    N  399  1.35882372    C  388  0.96274887
   390  O    1.74355994    C  389  1.60268361    N  399  0.09663474
   391  C    3.81410552    C  392  0.98874228    C  388  0.98159498    H 2819  0.91813428    H 2818  0.89746472
   392  C    3.86545786    C  394  1.38857792    C  393  1.37846087    C  391  0.98874228
   393  C    3.83158402    C  395  1.41964268    C  392  1.37846087    H 2820  0.91009465    C  396  0.05772296
   394  C    3.83582205    C  396  1.40711401    C  392  1.38857792    H 2821  0.90868208    C  395  0.05635069
   395  C    3.83156833    C  393  1.41964268    C  397  1.37903722    H 2822  0.92079493    C  394  0.05635069
   396  C    3.82572579    C  394  1.40711401    C  397  1.40127123    H 2823  0.91763951    C  393  0.05772296
   397  C    3.86726129    C  396  1.40127123    C  395  1.37903722    O  398  0.98270204
   398  O    1.78922078    C  397  0.98270204    H 2824  0.70987645
   399  N    3.17381983    C  389  1.35882372    C  400  0.92437338    H 2825  0.88148217    O  390  0.09663474
   400  C    3.82837421    C  401  0.96878845    C  403  0.96737327    N  399  0.92437338    H 2826  0.92027171
   401  C    3.92545848    N  406  1.48217158    O  402  1.47707314    C  400  0.96878845
   402  O    1.53791136    C  401  1.47707314    N  406  0.07441525
   403  C    3.91104553    C  405  1.05024774    C  404  1.01281532    C  400  0.96737327    H 2827  0.91077916
   404  C    3.73192648    C  403  1.01281532    H 2829  0.92351276    H 2828  0.92339951    H 2830  0.91836928
   405  C    3.76341485    C  403  1.05024774    H 2833  0.92455118    H 2831  0.91833899    H 2832  0.91826702
   406  N    3.28357183    C  401  1.48217158    C  407  0.96372574    H 2834  0.85472910    O  402  0.07441525
   407  C    3.88893040    C  410  1.01363389    N  406  0.96372574    C  408  0.94707311    H 2835  0.94309666
   408  C    3.85989901    O  409  1.53002413    N  414  1.37216717    C  407  0.94707311
   409  O    1.62322665    C  408  1.53002413    N  414  0.08449343
   410  C    3.79022609    C  407  1.01363389    C  411  0.96412524    H 2837  0.91041627    H 2836  0.90958951
   411  C    3.83020795    C  412  1.00376230    C  413  0.99284144    C  410  0.96412524    H 2838  0.90030518
   412  C    3.73433207    C  411  1.00376230    H 2841  0.92649616    H 2839  0.91641935    H 2840  0.90987502
   413  C    3.72859524    C  411  0.99284144    H 2844  0.92976054    H 2843  0.92520760    H 2842  0.92295725
   414  N    3.22172228    C  408  1.37216717    C  415  0.94471602    H 2845  0.87411301    O  409  0.08449343
   415  C    3.86675811    C  418  1.00332111    C  416  0.97533820    N  414  0.94471602    H 2846  0.92109843
   416  C    3.92115438    O  417  1.54110645    N  423  1.40728419    C  415  0.97533820
   417  O    1.62475853    C  416  1.54110645    N  423  0.08560203
   418  C    3.80737321    C  415  1.00332111    C  419  0.99970483    H 2847  0.92914092    H 2848  0.89843998
   419  C    3.79895038    C  420  1.02911326    C  418  0.99970483    H 2850  0.90530869    H 2849  0.89946072
   420  C    3.83497731    C  421  1.04413032    C  419  1.02911326    H 2851  0.90966036    H 2852  0.90573303
   421  C    3.72900321    C  420  1.04413032    N  422  0.92716034    H 2854  0.91542497    H 2853  0.90618992
   422  N    3.39093767    C  421  0.92716034    H 2857  0.83492030    H 2855  0.82359303    H 2856  0.82179836
   423  N    3.21737880    C  416  1.40728419    C  424  0.95066270    H 2858  0.86339407    O  417  0.08560203
   424  C    3.87790862    C  427  0.99933478    C  425  0.95976900    N  423  0.95066270    H 2859  0.93165162
   425  C    3.88310889    O  426  1.58406983    N  434  1.33350246    C  424  0.95976900
   426  O    1.67634184    C  425  1.58406983    N  434  0.08343028
   427  C    3.83586084    C  428  1.00457937    C  424  0.99933478    H 2861  0.91026276    H 2860  0.90488166
   428  C    3.86873154    C  429  1.38449782    C  430  1.38016973    C  427  1.00457937    C  433  0.05052229
   429  C    3.81546951    C  431  1.40001962    C  428  1.38449782    H 2862  0.91619204    C  432  0.05740385
   430  C    3.83352623    C  432  1.41711862    C  428  1.38016973    H 2863  0.91648544    C  431  0.06107806
   431  C    3.80341390    C  433  1.40544935    C  429  1.40001962    H 2864  0.91688101    C  430  0.06107806
   432  C    3.83570208    C  430  1.41711862    C  433  1.41582812    H 2865  0.91926158    C  429  0.05740385
   433  C    3.82630856    C  432  1.41582812    C  431  1.40544935    H 2866  0.91938873    C  428  0.05052229
   434  N    3.16232534    C  425  1.33350246    C  435  0.92052068    H 2867  0.86926715    O  426  0.08343028
   435  C    3.83685219    C  438  1.00803072    C  436  0.96475711    N  434  0.92052068    H 2868  0.90646759
   436  C    3.93365958    O  437  1.58758511    N  440  1.40226614    C  435  0.96475711
   437  O    1.70463193    C  436  1.58758511    N  440  0.08830289
   438  C    3.76288602    C  435  1.00803072    O  439  0.95305766    H 2869  0.91392743    H 2870  0.90013875
   439  O    1.66461464    C  438  0.95305766    H 2871  0.72708918
   440  N    3.19170303    C  436  1.40226614    C  441  0.96206397    H 2872  0.83868541    O  437  0.08830289
   441  C    3.87033841    C  442  0.99465359    C  444  0.96707242    N  440  0.96206397    H 2873  0.88021643
   442  C    4.02923778    O  443  1.61531495    N  447  1.42077582    C  441  0.99465359
   443  O    1.74296094    C  442  1.61531495    N  447  0.07465150
   444  C    3.83748773    C  446  1.01454220    C  441  0.96707242    O  445  0.95940123    H 2874  0.89173347
   445  O    1.64743363    C  444  0.95940123    H 2875  0.72388826
   446  C    3.71210746    C  444  1.01454220    H 2878  0.91458918    H 2876  0.91056992    H 2877  0.90854853
   447  N    3.24457359    C  442  1.42077582    C  448  0.98411485    H 2879  0.85548228    O  443  0.07465150
   448  C    3.80248019    C  449  0.99345923    N  447  0.98411485    H 2880  0.91393285    H 2881  0.87764620
   449  C    3.93969730    O  450  1.59681152    N  451  1.36240812    C  448  0.99345923
   450  O    1.71358389    C  449  1.59681152    N  451  0.08168343
   451  N    3.26300361    C  449  1.36240812    C  452  1.02693519    H 2882  0.84610493    O  450  0.08168343
   452  C    3.83353219    N  451  1.02693519    C  453  1.00638372    H 2883  0.89081762    H 2884  0.88621125
   453  C    3.95027009    O  454  1.56888387    N  455  1.38813271    C  452  1.00638372
   454  O    1.71372236    C  453  1.56888387    N  455  0.09044809
   455  N    3.24698941    C  453  1.38813271    C  456  0.96772570    H 2885  0.83650967    O  454  0.09044809
   456  C    3.87535443    C  459  1.00394368    C  457  0.96889011    N  455  0.96772570    H 2886  0.90168322
   457  C    3.96137037    O  458  1.56358316    N  461  1.43736700    C  456  0.96889011
   458  O    1.71074801    C  457  1.56358316    N  461  0.09730183
   459  C    3.75513386    C  456  1.00394368    O  460  0.95809264    H 2887  0.89438449    H 2888  0.88477073
   460  O    1.69277507    C  459  0.95809264    H 2889  0.71899773
   461  N    3.25689166    C  457  1.43736700    C  462  0.95914089    H 2890  0.81915451    O  458  0.09730183
   462  C    3.90890324    C  465  1.02945076    C  463  1.00600296    N  461  0.95914089    H 2891  0.87146208
   463  C    3.94722063    O  464  1.59990279    N  469  1.33554249    C  462  1.00600296
   464  O    1.72017895    C  463  1.59990279    N  469  0.08581957
   465  C    3.80871768    C  462  1.02945076    C  466  0.98740662    H 2892  0.90166262    H 2893  0.89501644
   466  C    3.94170259    O  467  1.55229293    N  468  1.42567363    C  465  0.98740662
   467  O    1.71423328    C  466  1.55229293    N  468  0.09884790
   468  N    3.16100349    C  466  1.42567363    H 2895  0.84633150    H 2894  0.83902952    O  467  0.09884790
   469  N    3.18093410    C  463  1.33554249    C  470  1.00348820    H 2896  0.83625046    O  464  0.08581957
   470  C    3.93571988    C  473  1.01452962    N  469  1.00348820    C  471  0.96589548    H 2897  0.90443445
   471  C    3.96737818    O  472  1.63923381    N  480  1.35013301    C  470  0.96589548
   472  O    1.79341735    C  471  1.63923381    N  480  0.07423126
   473  C    3.79223652    C  474  1.02179092    C  470  1.01452962    H 2898  0.89531567    H 2899  0.89344835
   474  C    3.81474834    C  475  1.03384062    C  473  1.02179092    H 2901  0.90693206    H 2900  0.90635702
   475  C    3.79894456    C  474  1.03384062    N  476  0.97512551    H 2903  0.90812499    H 2902  0.90465127
   476  N    3.17396772    C  477  1.38113770    C  475  0.97512551    H 2904  0.86733113
   477  C    4.13283380    N  478  1.41919894    N  476  1.38113770    N  479  1.33800560
   478  N    3.05238884    C  477  1.41919894    H 2905  0.85120119    H 2906  0.83378723
   479  N    3.04627943    C  477  1.33800560    H 2908  0.84980434    H 2907  0.83709154
   480  N    3.26692384    C  471  1.35013301    C  486  0.95690007    C  481  0.94810815    O  472  0.07423126
   481  C    3.84514152    C  484  1.01177317    C  482  0.95111643    N  480  0.94810815    H 2909  0.90207868
   482  C    3.89513290    O  483  1.57465697    N  487  1.36685579    C  481  0.95111643
   483  O    1.66491305    C  482  1.57465697    N  487  0.08970259
   484  C    3.79082537    C  485  1.03145155    C  481  1.01177317    H 2911  0.91038226    H 2910  0.89026650
   485  C    3.81401244    C  486  1.05297160    C  484  1.03145155    H 2912  0.89910760    H 2913  0.88060810
   486  C    3.80751085    C  485  1.05297160    N  480  0.95690007    H 2914  0.90076346    H 2915  0.89993823
   487  N    3.19019112    C  482  1.36685579    C  488  0.93993391    H 2916  0.86136753    O  483  0.08970259
   488  C    3.85924526    C  491  1.02649943    C  489  0.96643995    N  487  0.93993391    H 2917  0.92401624
   489  C    3.91875988    O  490  1.52841940    N  492  1.40738764    C  488  0.96643995
   490  O    1.61412513    C  489  1.52841940    N  492  0.08541058
   491  C    3.73407558    C  488  1.02649943    H 2920  0.92968561    H 2919  0.92204597    H 2918  0.91637088
   492  N    3.23854330    C  489  1.40738764    C  493  0.95575260    H 2921  0.87024343    O  490  0.08541058
   493  C    3.83053213    C  496  0.96318512    N  492  0.95575260    C  494  0.94076406    H 2922  0.93311839
   494  C    3.87561179    O  495  1.53015161    N  500  1.40832063    C  493  0.94076406
   495  O    1.60280713    C  494  1.53015161    N  500  0.08740810
   496  C    3.85512737    C  498  1.00636617    C  497  0.97437304    C  493  0.96318512    H 2923  0.91296523
   497  C    3.84516089    C  499  1.09918612    C  496  0.97437304    H 2925  0.90478843    H 2924  0.89724055
   498  C    3.71832621    C  496  1.00636617    H 2928  0.93658716    H 2926  0.92691166    H 2927  0.91537629
   499  C    3.78999614    C  497  1.09918612    H 2930  0.92697328    H 2931  0.92427735    H 2929  0.92329316
   500  N    3.20075444    C  494  1.40832063    C  501  0.89732190    H 2932  0.87763730    O  495  0.08740810
   501  C    3.79513035    C  504  0.97288400    C  502  0.94801825    H 2933  0.93527081    N  500  0.89732190
   502  C    3.85612333    O  503  1.52592983    N  514  1.37872693    C  501  0.94801825
   503  O    1.62153481    C  502  1.52592983    N  514  0.08934341
   504  C    3.86274857    C  505  1.03486476    C  501  0.97288400    H 2934  0.92438577    H 2935  0.91332497
   505  C    3.87745853    C  506  1.51804188    C  507  1.25094697    C  504  1.03486476
   506  C    3.81064041    C  505  1.51804188    N  508  1.25157792    H 2936  0.92362820
   507  C    3.95412503    C  510  1.33119187    C  505  1.25094697    C  509  1.24623072
   508  N    3.36788105    C  506  1.25157792    C  509  1.18885902    H 2937  0.86260138
   509  C    3.92056805    C  511  1.36716927    C  507  1.24623072    N  508  1.18885902
   510  C    3.84330940    C  512  1.43556670    C  507  1.33119187    H 2938  0.92611174    C  511  0.06183686
   511  C    3.81958054    C  513  1.40959905    C  509  1.36716927    H 2939  0.92907034    C  510  0.06183686
   512  C    3.83698569    C  510  1.43556670    C  513  1.35717409    H 2940  0.92788356
   513  C    3.81756388    C  511  1.40959905    C  512  1.35717409    H 2941  0.92547682
   514  N    3.23405636    C  502  1.37872693    C  515  0.96718815    H 2942  0.88480350    O  503  0.08934341
   515  C    3.89721902    C  518  1.00137832    N  514  0.96718815    H 2943  0.94218374    C  516  0.93653286
   516  C    3.88445077    O  517  1.59039707    N  522  1.36184676    C  515  0.93653286
   517  O    1.67321559    C  516  1.59039707    N  522  0.08664409
   518  C    3.86077482    C  515  1.00137832    C  520  0.98120178    C  519  0.97789612    H 2944  0.92325686
   519  C    3.80226304    C  521  1.01358766    C  518  0.97789612    H 2945  0.92647382    H 2946  0.92039403
   520  C    3.72052287    C  518  0.98120178    H 2949  0.92738379    H 2947  0.92728652    H 2948  0.92589014
   521  C    3.74080116    C  519  1.01358766    H 2950  0.93400577    H 2952  0.93086712    H 2951  0.92621780
   522  N    3.21539954    C  516  1.36184676    C  523  0.97198638    H 2953  0.88435294    O  517  0.08664409
   523  C    3.90618575    C  526  0.99989325    N  522  0.97198638    C  524  0.96273565    H 2954  0.93752868
   524  C    3.91332495    O  525  1.61593019    N  530  1.35303274    C  523  0.96273565
   525  O    1.69841383    C  524  1.61593019    N  530  0.08516172
   526  C    3.82004526    C  523  0.99989325    C  527  0.98862496    H 2955  0.93439076    H 2956  0.91066554
   527  C    3.94223783    O  528  1.58909803    O  529  1.40504191    C  526  0.98862496
   528  O    1.73920587    C  527  1.58909803    O  529  0.11023492
   529  O    1.56098164    C  527  1.40504191    O  528  0.11023492
   530  N    3.17103107    C  524  1.35303274    C  531  0.94210089    H 2957  0.90557369    O  525  0.08516172
   531  C    3.84956716    C  532  0.99052033    C  534  0.97600827    N  530  0.94210089    H 2958  0.93202233
   532  C    3.94064186    O  533  1.57943985    N  538  1.39105839    C  531  0.99052033
   533  O    1.66260069    C  532  1.57943985    N  538  0.08182779
   534  C    3.78979065    C  535  0.98078719    C  531  0.97600827    H 2960  0.93076333    H 2959  0.91637270
   535  C    3.87000753    C  537  1.01898932    C  536  1.00246106    C  534  0.98078719    H 2961  0.92523553
   536  C    3.74337641    C  535  1.00246106    H 2964  0.93980855    H 2962  0.93525443    H 2963  0.92949715
   537  C    3.75891312    C  535  1.01898932    H 2966  0.94078896    H 2967  0.92950267    H 2965  0.92574061
   538  N    3.19741704    C  532  1.39105839    C  539  0.93274567    H 2968  0.87676842    O  533  0.08182779
   539  C    3.82121812    C  540  1.03316163    N  538  0.93274567    H 2969  0.92617301    H 2970  0.90493435
   540  C    3.89488409    O  541  1.57423436    N  542  1.30854477    C  539  1.03316163
   541  O    1.72845899    C  540  1.57423436    N  542  0.09067516
   542  N    3.12098721    C  540  1.30854477    C  543  0.95246842    H 2971  0.87757478    O  541  0.09067516
   543  C    3.87330960    C  546  0.97084856    C  544  0.96279764    N  542  0.95246842    H 2972  0.92778383
   544  C    3.93678523    O  545  1.59553420    N  550  1.39885059    C  543  0.96279764
   545  O    1.72394340    C  544  1.59553420    N  550  0.08315147
   546  C    3.84345088    C  548  1.00541831    C  547  0.98036395    C  543  0.97084856    H 2973  0.90673603
   547  C    3.81108428    C  549  1.01325567    C  546  0.98036395    H 2975  0.93873238    H 2974  0.92537599
   548  C    3.74508822    C  546  1.00541831    H 2978  0.94008087    H 2976  0.93833125    H 2977  0.93207748
   549  C    3.75051624    C  547  1.01325567    H 2981  0.93745560    H 2979  0.93083970    H 2980  0.92869657
   550  N    3.19319809    C  544  1.39885059    C  551  0.92066721    H 2982  0.89816203    O  545  0.08315147
   551  C    3.81052557    C  554  0.97372515    H 2983  0.95736969    C  552  0.93504514    N  550  0.92066721
   552  C    3.85517580    O  553  1.57860252    N  560  1.34954162    C  551  0.93504514
   553  O    1.71680391    C  552  1.57860252    N  560  0.08652864
   554  C    3.82388115    C  555  1.01539500    C  551  0.97372515    H 2985  0.93161123    H 2984  0.90062394
   555  C    3.81610550    C  557  1.58978170    N  556  1.15264250    C  554  1.01539500
   556  N    3.07790759    C  558  1.39330549    C  555  1.15264250    Zn2437  0.49724291
   557  C    3.72776705    C  555  1.58978170    N  559  1.15364244    H 2986  0.93202857
   558  C    3.79012471    N  556  1.39330549    N  559  1.38925008    H 2987  0.92530481
   559  N    3.40962753    C  558  1.38925008    C  557  1.15364244    H 4798  0.85780355
   560  N    3.20299789    C  552  1.34954162    C  561  0.97011285    H 2988  0.88355713    O  553  0.08652864
   561  C    3.90343852    C  562  1.00165947    C  564  0.99507574    N  560  0.97011285    H 2989  0.90308162
   562  C    3.91771597    O  563  1.62678136    N  566  1.30862465    C  561  1.00165947
   563  O    1.75544672    C  562  1.62678136    N  566  0.08929700
   564  C    3.72080149    C  561  0.99507574    O  565  0.93383149    H 2991  0.92930813    H 2990  0.91839913
   565  O    1.68645374    C  564  0.93383149    H 2992  0.78934949
   566  N    3.10712654    C  562  1.30862465    C  567  0.96077361    H 2993  0.88348712    O  563  0.08929700
   567  C    3.88622746    C  570  0.98634759    C  568  0.98361992    N  566  0.96077361    H 2994  0.90897518
   568  C    3.92120687    O  569  1.57042315    N  577  1.37872927    C  567  0.98361992
   569  O    1.70344932    C  568  1.57042315    N  577  0.09021083
   570  C    3.80599758    C  571  1.01486573    C  567  0.98634759    H 2995  0.91768305    H 2996  0.91535947
   571  C    3.76648843    C  570  1.01486573    C  572  1.01001173    H 2997  0.91537741    H 2998  0.91314074
   572  C    3.83294178    C  571  1.01001173    N  573  0.99147913    H 2999  0.95143978    H 3000  0.92723092
   573  N    3.15332713    C  574  1.36059049    C  572  0.99147913    H 3001  0.86551098
   574  C    4.05093411    N  576  1.37913102    N  573  1.36059049    N  575  1.31027321
   575  N    3.00119067    C  574  1.31027321    H 3003  0.87580725    H 3002  0.86749418
   576  N    3.06056242    C  574  1.37913102    H 3005  0.86246453    H 3004  0.86026530
   577  N    3.15663356    C  568  1.37872927    C  578  0.91722820    H 3006  0.88331439    O  569  0.09021083
   578  C    3.80910650    C  581  0.97866574    C  579  0.94321319    H 3007  0.92444408    N  577  0.91722820
   579  C    3.89311030    O  580  1.61486391    N  586  1.33696479    C  578  0.94321319
   580  O    1.71567980    C  579  1.61486391    N  586  0.07000470
   581  C    3.75556661    C  582  0.98110458    C  578  0.97866574    H 3009  0.92317916    H 3008  0.91678135
   582  C    3.76303650    C  581  0.98110458    C  583  0.96486462    H 3010  0.92618376    H 3011  0.91304608
   583  C    3.79819765    O  585  1.52154940    O  584  1.27538129    C  582  0.96486462    Zn2437  0.07230316
   584  O    1.64476033    C  583  1.27538129    Zn2437  0.24963206    O  585  0.12110709
   585  O    1.82245039    C  583  1.52154940    Zn2437  0.16931843    O  584  0.12110709
   586  N    3.18167392    C  579  1.33696479    C  587  1.00262026    H 3012  0.89255094    O  580  0.07000470
   587  C    3.90666975    N  586  1.00262026    C  588  0.99200391    C  590  0.98052132    H 3013  0.91631801
   588  C    3.94976434    O  589  1.59713071    N  600  1.37352050    C  587  0.99200391
   589  O    1.73325371    C  588  1.59713071    N  600  0.08778181
   590  C    3.83900303    C  591  1.00964599    C  587  0.98052132    H 3015  0.91507826    H 3014  0.91068457
   591  C    3.83335264    C  592  1.56342576    C  593  1.18902721    C  590  1.00964599
   592  C    3.77531386    C  591  1.56342576    N  594  1.18110596    H 3016  0.92880786
   593  C    3.93775735    C  596  1.31971319    C  595  1.28147891    C  591  1.18902721
   594  N    3.26497743    C  592  1.18110596    C  595  1.15578392    H 3017  0.84779917
   595  C    3.90617358    C  597  1.33319108    C  593  1.28147891    N  594  1.15578392
   596  C    3.84141721    C  598  1.45690319    C  593  1.31971319    H 3018  0.91240617    C  597  0.06037506
   597  C    3.84854609    C  599  1.47532114    C  595  1.33319108    H 3019  0.91447456    C  596  0.06037506
   598  C    3.86268147    C  596  1.45690319    C  599  1.35574205    H 3020  0.91785452
   599  C    3.87620541    C  597  1.47532114    C  598  1.35574205    H 3021  0.91725064
   600  N    3.17511217    C  588  1.37352050    C  601  0.95900891    H 3022  0.86802550    O  589  0.08778181
   601  C    3.87629959    C  602  0.97593752    C  604  0.96758203    N  600  0.95900891    H 3023  0.92606138
   602  C    3.92267593    O  603  1.56821937    N  608  1.39383925    C  601  0.97593752
   603  O    1.65389036    C  602  1.56821937    N  608  0.08528606
   604  C    3.85436094    C  606  1.00235746    C  605  0.98707967    C  601  0.96758203    H 3024  0.90490679
   605  C    3.79467096    C  607  1.01535096    C  604  0.98707967    H 3025  0.92111366    H 3026  0.92074556
   606  C    3.72177849    C  604  1.00235746    H 3029  0.92826920    H 3028  0.92667597    H 3027  0.92361253
   607  C    3.72909824    C  605  1.01535096    H 3032  0.93455381    H 3031  0.93296677    H 3030  0.92699648
   608  N    3.15117101    C  602  1.39383925    C  609  0.92402129    H 3033  0.89008558    O  603  0.08528606
   609  C    3.80951040    C  610  0.96350486    C  612  0.93918391    N  608  0.92402129    H 3034  0.91957957
   610  C    3.88691461    O  611  1.55465493    N  615  1.38217189    C  609  0.96350486
   611  O    1.66428976    C  610  1.55465493    N  615  0.08184166
   612  C    3.77311469    C  614  0.97244355    O  613  0.96837013    C  609  0.93918391    H 3035  0.91530705
   613  O    1.72907070    C  612  0.96837013    H 3036  0.77440568
   614  C    3.72657980    C  612  0.97244355    H 3039  0.94832116    H 3038  0.93565723    H 3037  0.93347049
   615  N    3.14970919    C  610  1.38217189    C  616  0.92007357    H 3040  0.88559299    O  611  0.08184166
   616  C    3.82883322    C  617  0.99560599    C  619  0.96969853    N  615  0.92007357    H 3041  0.91245201
   617  C    3.94656860    O  618  1.61466518    N  624  1.33682355    C  616  0.99560599
   618  O    1.72902002    C  617  1.61466518    N  624  0.08155087
   619  C    3.78228131    C  620  0.98643129    C  616  0.96969853    H 3043  0.92854477    H 3042  0.91149119
   620  C    3.77151729    C  619  0.98643129    C  621  0.97225183    H 3045  0.92176097    H 3044  0.91066759
   621  C    3.89013656    O  622  1.57871404    N  623  1.37481738    C  620  0.97225183
   622  O    1.69924973    C  621  1.57871404    N  623  0.08978240
   623  N    3.15851379    C  621  1.37481738    H 3047  0.87046324    H 3046  0.86896432    O  622  0.08978240
   624  N    3.17390297    C  617  1.33682355    C  625  0.98499375    H 3048  0.88636279    O  618  0.08155087
   625  C    3.88541445    C  628  0.99389502    N  624  0.98499375    C  626  0.97858829    H 3049  0.91285983
   626  C    3.95863803    O  627  1.62376266    N  629  1.36794732    C  625  0.97858829
   627  O    1.76072467    C  626  1.62376266    N  629  0.08768898
   628  C    3.72406853    C  625  0.99389502    H 3052  0.92799834    H 3050  0.92681925    H 3051  0.92397562
   629  N    3.16906619    C  626  1.36794732    C  630  0.96577045    H 3053  0.88330002    O  627  0.08768898
   630  C    3.85631194    N  629  0.96577045    C  633  0.96000390    C  631  0.95015444    H 3054  0.92054887
   631  C    3.92564404    O  632  1.56347946    N  636  1.41840053    C  630  0.95015444
   632  O    1.68241720    C  631  1.56347946    N  636  0.08815685
   633  C    3.78723868    C  635  1.01826042    C  630  0.96000390    O  634  0.91968300    H 3055  0.91708059
   634  O    1.67146244    C  633  0.91968300    H 3056  0.74938732
   635  C    3.73906020    C  633  1.01826042    H 3059  0.93283005    H 3058  0.91789662    H 3057  0.91335218
   636  N    3.20554003    C  631  1.41840053    C  637  0.95647758    H 3060  0.88719238    O  632  0.08815685
   637  C    3.78602456    C  638  1.02268437    N  636  0.95647758    H 3062  0.91381721    H 3061  0.90366894
   638  C    3.92228660    O  639  1.52236822    N  640  1.41560828    C  637  1.02268437
   639  O    1.63955644    C  638  1.52236822    N  640  0.08282553
   640  N    3.16668433    C  638  1.41560828    C  641  0.92059488    H 3063  0.87824176    O  639  0.08282553
   641  C    3.86018643    C  642  1.00099950    C  644  0.96894696    N  640  0.92059488    H 3064  0.91214390
   642  C    3.96290833    O  643  1.59844444    N  647  1.37485656    C  641  1.00099950
   643  O    1.71688071    C  642  1.59844444    N  647  0.07909211
   644  C    3.86111743    C  646  1.01883721    C  645  0.99992062    C  641  0.96894696    H 3065  0.90424923
   645  C    3.74310620    C  644  0.99992062    H 3067  0.93429258    H 3068  0.93153160    H 3066  0.92959632
   646  C    3.75473049    C  644  1.01883721    H 3070  0.92685287    H 3071  0.92185055    H 3069  0.92056181
   647  N    3.20235700    C  642  1.37485656    C  648  0.98725246    H 3072  0.87205899    O  643  0.07909211
   648  C    3.88131987    C  651  0.99301015    N  647  0.98725246    C  649  0.94299927    H 3073  0.91856419
   649  C    3.90177024    O  650  1.58343821    N  661  1.38170567    C  648  0.94299927
   650  O    1.70592976    C  649  1.58343821    N  661  0.08726866
   651  C    3.83074067    C  652  1.00927522    C  648  0.99301015    H 3074  0.90978044    H 3075  0.89765143
   652  C    3.82224144    C  653  1.57375086    C  654  1.16856749    C  651  1.00927522
   653  C    3.78983491    C  652  1.57375086    N  655  1.16996991    H 3076  0.92647972
   654  C    3.92491378    C  657  1.36819818    C  656  1.25881079    C  652  1.16856749
   655  N    3.36131515    C  656  1.22005535    C  653  1.16996991    H 3077  0.84561255
   656  C    3.96459397    C  658  1.36585322    C  654  1.25881079    N  655  1.22005535
   657  C    3.83095234    C  659  1.42990091    C  654  1.36819818    H 3078  0.92142372    C  658  0.05923364
   658  C    3.87149323    C  660  1.46447519    C  656  1.36585322    H 3079  0.91585228    C  657  0.05923364
   659  C    3.83213577    C  657  1.42990091    C  660  1.39208142    H 3080  0.91780027
   660  C    3.87347780    C  658  1.46447519    C  659  1.39208142    H 3081  0.91529477
   661  N    3.14762138    C  649  1.38170567    C  662  0.94467259    H 3082  0.87944577    O  650  0.08726866
   662  C    3.85816045    C  665  1.01620047    C  663  0.95498374    N  661  0.94467259    H 3083  0.92610256
   663  C    3.92704631    O  664  1.57512486    N  672  1.39795875    C  662  0.95498374
   664  O    1.68568573    C  663  1.57512486    N  672  0.07531537
   665  C    3.83879282    C  662  1.01620047    C  666  0.99446812    H 3085  0.91181533    H 3084  0.90210512
   666  C    3.85968535    C  667  1.39992377    C  668  1.35473863    C  665  0.99446812    C  671  0.05544070
   667  C    3.83793593    C  666  1.39992377    C  669  1.39145635    H 3086  0.94956680    C  670  0.05378840
   668  C    3.81547750    C  670  1.40482437    C  666  1.35473863    H 3087  0.91697397    C  669  0.06212995
   669  C    3.81693368    C  671  1.40376088    C  667  1.39145635    H 3088  0.92895496    C  668  0.06212995
   670  C    3.82690666    C  668  1.40482437    C  671  1.39389705    H 3089  0.91522942    C  667  0.05378840
   671  C    3.82186252    C  669  1.40376088    C  670  1.39389705    H 3090  0.93133712    C  666  0.05544070
   672  N    3.16720927    C  663  1.39795875    C  673  0.93719978    H 3091  0.87661034    O  664  0.07531537
   673  C    3.84593417    C  676  1.00880017    C  674  0.98912304    N  672  0.93719978    H 3092  0.90920217
   674  C    3.95141319    O  675  1.58876966    N  677  1.38782443    C  673  0.98912304
   675  O    1.72172331    C  674  1.58876966    N  677  0.08222052
   676  C    3.71441587    C  673  1.00880017    H 3095  0.93486589    H 3093  0.92350596    H 3094  0.91612205
   677  N    3.20833489    C  674  1.38782443    C  678  0.99095084    H 3096  0.86281341    O  675  0.08222052
   678  C    3.89975356    C  681  1.00859129    N  677  0.99095084    C  679  0.96528538    H 3097  0.90509302
   679  C    3.88860338    O  680  1.50489702    N  686  1.41800872    C  678  0.96528538
   680  O    1.63115065    C  679  1.50489702    N  686  0.07415572
   681  C    3.79236721    C  678  1.00859129    C  682  1.00648206    H 3098  0.90326814    H 3099  0.90040578
   682  C    3.81068155    C  683  1.01032735    C  681  1.00648206    H 3100  0.90858530    H 3101  0.90220581
   683  C    3.78547183    C  684  1.01555042    C  682  1.01032735    H 3103  0.90949487    H 3102  0.90623068
   684  C    3.70891521    C  683  1.01555042    H 3104  0.92183251    N  685  0.92143949    H 3105  0.91377353
   685  N    3.32836774    C  684  0.92143949    H 3106  0.85627881    H 3108  0.83236865    H 3107  0.82225833
   686  N    3.21663618    C  679  1.41800872    C  687  0.98555969    H 3109  0.86732910    O  680  0.07415572
   687  C    3.92176368    C  690  1.02056157    N  686  0.98555969    C  688  0.97270969    H 3110  0.90607723
   688  C    3.88236244    O  689  1.47150300    N  695  1.43868653    C  687  0.97270969
   689  O    1.57372542    C  688  1.47150300    N  695  0.09287812
   690  C    3.79734697    C  687  1.02056157    C  691  1.00487968    H 3111  0.90601393    H 3112  0.90531628
   691  C    3.81009906    C  692  1.03076304    C  690  1.00487968    H 3113  0.90502289    H 3114  0.89703423
   692  C    3.83019917    C  693  1.04650190    C  691  1.03076304    H 3115  0.90896193    H 3116  0.90803390
   693  C    3.75747999    C  692  1.04650190    N  694  0.95261917    H 3117  0.92553117    H 3118  0.91875335
   694  N    3.40693641    C  693  0.95261917    H 3119  0.83439147    H 3120  0.83315765    H 3121  0.82498325
   695  N    3.20046413    C  688  1.43868653    C  696  0.94137034    H 3122  0.85672089    O  689  0.09287812
   696  C    3.85775268    C  699  0.99628655    C  697  0.98884421    N  695  0.94137034    H 3123  0.91114709
   697  C    3.96714363    O  698  1.58346406    N  706  1.40647759    C  696  0.98884421
   698  O    1.70190268    C  697  1.58346406    N  706  0.07981449
   699  C    3.81161018    C  696  0.99628655    C  700  0.97802643    H 3125  0.91662947    H 3124  0.89395495
   700  C    3.86425708    C  701  1.40719690    C  702  1.37318938    C  699  0.97802643    C  705  0.05543018
   701  C    3.85418035    C  700  1.40719690    C  703  1.40055571    H 3126  0.93119874    C  704  0.05379708
   702  C    3.82892610    C  704  1.40624270    C  700  1.37318938    H 3127  0.93519694    C  703  0.06077286
   703  C    3.81739945    C  705  1.40371869    C  701  1.40055571    H 3128  0.93916917    C  702  0.06077286
   704  C    3.81559956    C  702  1.40624270    C  705  1.39608162    H 3129  0.91959526    C  701  0.05379708
   705  C    3.81841297    C  703  1.40371869    C  704  1.39608162    H 3130  0.91346058    C  700  0.05543018
   706  N    3.16843570    C  697  1.40647759    C  707  0.96833172    H 3131  0.85768556    O  698  0.07981449
   707  C    3.88505147    C  708  1.00587472    N  706  0.96833172    C  710  0.96186359    H 3132  0.89122154
   708  C    3.96967681    O  709  1.58086431    N  713  1.38306084    C  707  1.00587472
   709  O    1.72840736    C  708  1.58086431    N  713  0.08129620
   710  C    3.82432572    C  712  1.03080925    C  707  0.96186359    O  711  0.93573042    H 3133  0.90362601
   711  O    1.66976342    C  710  0.93573042    H 3134  0.73396411
   712  C    3.72229590    C  710  1.03080925    H 3137  0.91757879    H 3135  0.91509866    H 3136  0.90325276
   713  N    3.20202002    C  708  1.38306084    C  714  1.01405541    H 3138  0.85613762    O  709  0.08129620
   714  C    3.95501539    N  713  1.01405541    C  717  1.00773516    C  715  0.99019662    H 3139  0.90328076
   715  C    3.99420941    O  716  1.58780769    N  722  1.42758434    C  714  0.99019662
   716  O    1.72807874    C  715  1.58780769    N  722  0.07824779
   717  C    3.81043496    C  718  1.00934291    C  714  1.00773516    H 3140  0.90371920    H 3141  0.90121529
   718  C    3.79563345    C  717  1.00934291    C  719  0.96439688    H 3143  0.90125245    H 3142  0.88744864
   719  C    3.95085952    O  721  1.62898303    O  720  1.37786952    C  718  0.96439688
   720  O    1.53352859    C  719  1.37786952    O  721  0.12262818
   721  O    1.79362676    C  719  1.62898303    O  720  0.12262818
   722  N    3.24288615    C  715  1.42758434    C  723  1.01000035    H 3144  0.86248119    O  716  0.07824779
   723  C    3.96355733    C  726  1.02688018    N  722  1.01000035    C  724  0.99965842    H 3145  0.90383391
   724  C    3.95532796    O  725  1.54541638    N  730  1.40501206    C  723  0.99965842
   725  O    1.65201243    C  724  1.54541638    N  730  0.08213394
   726  C    3.77204060    C  723  1.02688018    C  727  0.95447394    H 3146  0.88862064    H 3147  0.88849325
   727  C    3.95252679    O  728  1.61792492    O  729  1.42966231    C  726  0.95447394
   728  O    1.75651572    C  727  1.61792492    O  729  0.11245350
   729  O    1.55280654    C  727  1.42966231    O  728  0.11245350
   730  N    3.21103236    C  724  1.40501206    C  731  0.93803315    H 3148  0.84484501    O  725  0.08213394
   731  C    3.87822730    C  734  1.00468059    C  732  0.99369130    N  730  0.93803315    H 3149  0.91375168
   732  C    3.99567576    O  733  1.63432049    N  742  1.38503128    C  731  0.99369130
   733  O    1.77060806    C  732  1.63432049    N  742  0.08417074
   734  C    3.81670189    C  735  1.00905894    C  731  1.00468059    H 3150  0.90063376    H 3151  0.88132910
   735  C    3.89183887    C  737  1.38656690    C  736  1.38437943    C  734  1.00905894
   736  C    3.82205583    C  738  1.42207501    C  735  1.38437943    H 3152  0.90223975    C  739  0.05617240
   737  C    3.85732881    C  739  1.41736279    C  735  1.38656690    H 3153  0.90082219    C  738  0.05676578
   738  C    3.80288123    C  736  1.42207501    C  740  1.36711970    H 3154  0.90675807    C  737  0.05676578
   739  C    3.83777808    C  737  1.41736279    C  740  1.36809605    H 3155  0.90566624    C  736  0.05617240
   740  C    3.87255216    C  739  1.36809605    C  738  1.36711970    O  741  1.01334076
   741  O    1.80005468    C  740  1.01334076    H 3156  0.70449341
   742  N    3.23247737    C  732  1.38503128    C  743  1.02792240    H 3157  0.85140451    O  733  0.08417074
   743  C    3.84298551    N  742  1.02792240    C  744  1.01277948    H 3158  0.88498692    H 3159  0.87655657
   744  C    3.99197602    O  745  1.57839994    N  746  1.41699495    C  743  1.01277948
   745  O    1.72070428    C  744  1.57839994    N  746  0.08054675
   746  N    3.21767022    C  744  1.41699495    C  747  0.98345059    H 3160  0.85190997    O  745  0.08054675
   747  C    3.92217051    C  748  1.00546813    C  750  0.99268872    N  746  0.98345059    H 3161  0.90421498
   748  C    4.02084137    O  749  1.62886253    N  755  1.38278775    C  747  1.00546813
   749  O    1.77228042    C  748  1.62886253    N  755  0.08339160
   750  C    3.78779017    C  751  1.01259148    C  747  0.99268872    H 3162  0.91225379    H 3163  0.88662812
   751  C    3.79364824    C  750  1.01259148    C  752  1.00273115    H 3165  0.89147500    H 3164  0.86745126
   752  C    3.96039517    O  753  1.56414748    N  754  1.39488719    C  751  1.00273115
   753  O    1.72888362    C  752  1.56414748    N  754  0.09867226
   754  N    3.15786855    C  752  1.39488719    H 3167  0.84308005    H 3166  0.84018918    O  753  0.09867226
   755  N    3.23325639    C  748  1.38278775    C  756  0.98044883    H 3168  0.84902842    O  749  0.08339160
   756  C    3.91253718    C  759  0.99027518    C  757  0.98290971    N  755  0.98044883    H 3169  0.92102224
   757  C    3.97433991    O  758  1.53559518    N  763  1.42446917    C  756  0.98290971
   758  O    1.63021688    C  757  1.53559518    N  763  0.05871468
   759  C    3.76132356    C  756  0.99027518    C  760  0.98410172    H 3170  0.90192286    H 3171  0.87562155
   760  C    3.97881923    O  761  1.59721979    O  762  1.42178147    C  759  0.98410172
   761  O    1.74205137    C  760  1.59721979    O  762  0.11349099
   762  O    1.53866357    C  760  1.42178147    O  761  0.11349099
   763  N    3.34708774    C  757  1.42446917    C  764  0.96234170    C  769  0.95838387    O  758  0.05871468
   764  C    3.90349651    C  767  1.00636854    C  765  1.00294615    N  763  0.96234170    H 3172  0.87319883
   765  C    3.95289777    O  766  1.56344132    N  770  1.38134618    C  764  1.00294615
   766  O    1.69107668    C  765  1.56344132    N  770  0.09500357
   767  C    3.80517948    C  768  1.03726262    C  764  1.00636854    H 3174  0.88734249    H 3173  0.88052891
   768  C    3.81979922    C  769  1.03888784    C  767  1.03726262    H 3175  0.89225054    H 3176  0.88474711
   769  C    3.78746186    C  768  1.03888784    N  763  0.95838387    H 3178  0.89480303    H 3177  0.88370891
   770  N    3.19018723    C  765  1.38134618    C  771  0.95229902    H 3179  0.83334877    O  766  0.09500357
   771  C    3.88118975    C  774  1.01524164    C  772  0.97436982    N  770  0.95229902    H 3180  0.89973443
   772  C    3.96431595    O  773  1.60616288    N  776  1.39170816    C  771  0.97436982
   773  O    1.72661798    C  772  1.60616288    N  776  0.08737556
   774  C    3.76438618    C  771  1.01524164    O  775  0.96677246    H 3182  0.89924405    H 3181  0.89696525
   775  O    1.64596688    C  774  0.96677246    H 3183  0.70709995
   776  N    3.23312186    C  772  1.39170816    C  777  0.99623351    H 3184  0.85514194    O  773  0.08737556
   777  C    3.88893194    C  780  1.00085063    N  776  0.99623351    C  778  0.95429269    H 3185  0.90249663
   778  C    3.91152241    O  779  1.59257623    N  787  1.37619666    C  777  0.95429269
   779  O    1.71356558    C  778  1.59257623    N  787  0.08554934
   780  C    3.82232960    C  781  1.00665227    C  777  1.00085063    H 3186  0.91370877    H 3187  0.88357908
   781  C    3.88365976    C  782  1.39294772    C  783  1.37740636    C  780  1.00665227    C  786  0.05626072
   782  C    3.83290767    C  784  1.40830587    C  781  1.39294772    H 3188  0.91291865    C  785  0.05584738
   783  C    3.84577092    C  785  1.42041693    C  781  1.37740636    H 3189  0.92275285    C  784  0.05713099
   784  C    3.80839690    C  782  1.40830587    C  786  1.39632243    H 3190  0.91437026    C  783  0.05713099
   785  C    3.83073291    C  783  1.42041693    C  786  1.40213801    H 3191  0.92258265    C  782  0.05584738
   786  C    3.81102961    C  785  1.40213801    C  784  1.39632243    H 3192  0.91610878    C  781  0.05626072
   787  N    3.16249341    C  778  1.37619666    C  788  0.95568951    H 3193  0.86872327    O  779  0.08554934
   788  C    3.88058648    C  789  0.99256379    C  791  0.98153824    N  787  0.95568951    H 3194  0.89487961
   789  C    3.95025062    O  790  1.60263989    N  794  1.35336354    C  788  0.99256379
   790  O    1.72378535    C  789  1.60263989    N  794  0.09046307
   791  C    3.81518444    C  793  1.01434808    C  788  0.98153824    O  792  0.91998162    H 3195  0.90416774
   792  O    1.61199732    C  791  0.91998162    H 3196  0.70960499
   793  C    3.72335723    C  791  1.01434808    H 3197  0.91162283    H 3199  0.90854394    H 3198  0.90372563
   794  N    3.14731124    C  789  1.35336354    C  795  0.95925583    H 3200  0.85945955    O  790  0.09046307
   795  C    3.92048183    C  798  1.04650121    C  796  0.98678164    N  794  0.95925583    H 3201  0.89513441
   796  C    3.97545261    O  797  1.62426323    N  799  1.37302350    C  795  0.98678164
   797  O    1.77095164    C  796  1.62426323    N  799  0.08888022
   798  C    3.74732541    C  795  1.04650121    H 3203  0.90622130    H 3204  0.90413070    H 3202  0.90250074
   799  N    3.18979756    C  796  1.37302350    C  800  0.99071989    H 3205  0.85513388    O  797  0.08888022
   800  C    3.91189930    N  799  0.99071989    C  801  0.98743488    C  803  0.98032302    H 3206  0.90376924
   801  C    3.99636171    O  802  1.60655660    N  807  1.42185672    C  800  0.98743488
   802  O    1.69555793    C  801  1.60655660    N  807  0.07648588
   803  C    3.85672028    C  805  1.01240981    C  804  0.98324697    C  800  0.98032302    H 3207  0.90005535
   804  C    3.81188347    C  806  1.04222805    C  803  0.98324697    H 3208  0.91374300    H 3209  0.90459883
   805  C    3.72117366    C  803  1.01240981    H 3212  0.91748068    H 3211  0.90902483    H 3210  0.90148375
   806  C    3.72856209    C  804  1.04222805    H 3214  0.92489693    H 3213  0.91721321    H 3215  0.91249540
   807  N    3.20284948    C  801  1.42185672    C  808  0.97006010    H 3216  0.85904763    O  802  0.07648588
   808  C    3.87843019    C  811  1.01227505    N  807  0.97006010    C  809  0.96732566    H 3217  0.90120192
   809  C    3.88773704    O  810  1.56983500    N  815  1.35142662    C  808  0.96732566
   810  O    1.69958782    C  809  1.56983500    N  815  0.08786945
   811  C    3.81706111    C  808  1.01227505    C  812  1.00351864    H 3218  0.91101597    H 3219  0.89960435
   812  C    3.88041138    C  813  1.01920371    C  811  1.00351864    C  814  0.99643277    H 3220  0.90622356
   813  C    3.72421944    C  812  1.01920371    H 3222  0.92336235    H 3223  0.91847224    H 3221  0.90984226
   814  C    3.71709072    C  812  0.99643277    H 3225  0.92303344    H 3226  0.92072431    H 3224  0.90966692
   815  N    3.13523893    C  809  1.35142662    C  816  0.95352588    H 3227  0.86867608    O  810  0.08786945
   816  C    3.89303617    C  817  1.00790216    C  819  0.99423183    N  815  0.95352588    H 3228  0.89841483
   817  C    4.00753499    O  818  1.60977728    N  823  1.38981153    C  816  1.00790216
   818  O    1.74323564    C  817  1.60977728    N  823  0.08116028
   819  C    3.78106382    C  816  0.99423183    C  820  0.96447613    H 3230  0.89763641    H 3229  0.88232626
   820  C    3.90304800    O  821  1.49469318    O  822  1.44971917    C  819  0.96447613
   821  O    1.63867671    C  820  1.49469318    O  822  0.11981670
   822  O    1.61061358    C  820  1.44971917    O  821  0.11981670
   823  N    3.16415289    C  817  1.38981153    C  824  0.96088296    H 3231  0.85625333    O  818  0.08116028
   824  C    3.86212170    C  827  0.97987746    C  825  0.96673883    N  823  0.96088296    H 3232  0.89947565
   825  C    3.97736114    O  826  1.58678980    N  829  1.42291983    C  824  0.96673883
   826  O    1.71523860    C  825  1.58678980    N  829  0.07896571
   827  C    3.74801931    C  824  0.97987746    O  828  0.96327169    H 3234  0.89896850    H 3233  0.89409456
   828  O    1.69946921    C  827  0.96327169    H 3235  0.72265571
   829  N    3.20914838    C  825  1.42291983    C  830  0.94391732    H 3236  0.86335641    O  826  0.07896571
   830  C    3.86065191    C  833  1.00109591    C  831  0.96125202    N  829  0.94391732    H 3237  0.91772165
   831  C    3.89636214    O  832  1.59800939    N  837  1.33873758    C  830  0.96125202
   832  O    1.72026123    C  831  1.59800939    N  837  0.09613804
   833  C    3.81540791    C  834  1.00641106    C  830  1.00109591    H 3239  0.90486759    H 3238  0.90385224
   834  C    3.86157456    S  835  1.06686006    C  833  1.00641106    H 3240  0.90353194    H 3241  0.89543056
   835  S    2.17245233    C  836  1.11881728    C  834  1.06686006
   836  C    3.79290932    S  835  1.11881728    H 3244  0.92338036    H 3243  0.90074015    H 3242  0.89898602
   837  N    3.16512059    C  831  1.33873758    C  838  0.94453957    H 3245  0.86874845    O  832  0.09613804
   838  C    3.87946486    C  841  1.00910133    C  839  0.97363777    N  837  0.94453957    H 3246  0.92175404
   839  C    3.92872436    O  840  1.58635131    N  845  1.37419539    C  838  0.97363777
   840  O    1.67096816    C  839  1.58635131    N  845  0.08638814
   841  C    3.77367925    C  838  1.00910133    C  842  0.95841966    H 3248  0.91065198    H 3247  0.88367426
   842  C    3.94997098    O  843  1.59545491    O  844  1.44326335    C  841  0.95841966
   843  O    1.72686668    C  842  1.59545491    O  844  0.11225159
   844  O    1.59034070    C  842  1.44326335    O  843  0.11225159
   845  N    3.19722743    C  839  1.37419539    C  846  0.94502036    H 3249  0.86853453    O  840  0.08638814
   846  C    3.88283038    C  849  0.99217291    C  847  0.96168571    N  845  0.94502036    H 3250  0.93267162
   847  C    3.88845909    O  848  1.48630850    N  853  1.43258823    C  846  0.96168571
   848  O    1.56770619    C  847  1.48630850    N  853  0.08536402
   849  C    3.88319048    C  851  1.00879917    C  846  0.99217291    C  850  0.99053135    H 3251  0.91181562
   850  C    3.81370298    C  852  1.02663085    C  849  0.99053135    H 3252  0.91666170    H 3253  0.91183018
   851  C    3.72761788    C  849  1.00879917    H 3256  0.91966675    H 3255  0.91913202    H 3254  0.91486880
   852  C    3.73702081    C  850  1.02663085    H 3258  0.92914824    H 3259  0.92617299    H 3257  0.92163991
   853  N    3.21037848    C  847  1.43258823    C  854  0.91361354    H 3260  0.87434375    O  848  0.08536402
   854  C    3.83327950    C  857  0.99403839    C  855  0.94819999    H 3261  0.94218919    N  853  0.91361354
   855  C    3.92921744    O  856  1.57025972    N  864  1.41140127    C  854  0.94819999
   856  O    1.65972410    C  855  1.57025972    N  864  0.08410006
   857  C    3.81609554    C  854  0.99403839    C  858  0.99075072    H 3263  0.91430863    H 3262  0.90624258
   858  C    3.84985929    C  859  1.38134833    C  860  1.37027602    C  857  0.99075072    C  863  0.05335915
   859  C    3.81216183    C  861  1.39781898    C  858  1.38134833    H 3264  0.92521815    C  862  0.05857634
   860  C    3.82128169    C  862  1.41440970    C  858  1.37027602    H 3265  0.91403642    C  861  0.05922814
   861  C    3.82732528    C  863  1.40990508    C  859  1.39781898    H 3266  0.92482898    C  860  0.05922814
   862  C    3.83753216    C  863  1.41496311    C  860  1.41440970    H 3267  0.92867318    C  859  0.05857634
   863  C    3.84934662    C  862  1.41496311    C  861  1.40990508    H 3268  0.92226302    C  858  0.05335915
   864  N    3.23300806    C  855  1.41140127    C  865  0.91797470    H 3269  0.88479364    O  856  0.08410006
   865  C    3.83851721    C  868  0.99342543    C  866  0.97362170    H 3270  0.93892143    N  864  0.91797470
   866  C    3.88993737    O  867  1.52556976    N  872  1.38801478    C  865  0.97362170
   867  O    1.61983128    C  866  1.52556976    N  872  0.09300468
   868  C    3.81549258    C  865  0.99342543    C  869  0.98805499    H 3271  0.92975242    H 3272  0.91430133
   869  C    3.82978056    C  870  0.99649936    C  868  0.98805499    C  871  0.97857580    H 3273  0.91208503
   870  C    3.72884479    C  869  0.99649936    H 3275  0.93201187    H 3276  0.93046050    H 3274  0.92542244
   871  C    3.72537761    C  869  0.97857580    H 3278  0.93531732    H 3279  0.93184014    H 3277  0.92404644
   872  N    3.21264184    C  866  1.38801478    C  873  0.91165414    H 3280  0.87499544    O  867  0.09300468
   873  C    3.85053987    C  876  1.01335978    C  874  0.95325374    H 3281  0.94486421    N  872  0.91165414
   874  C    3.86823217    O  875  1.57911309    N  881  1.35629028    C  873  0.95325374
   875  O    1.67753331    C  874  1.57911309    N  881  0.08663052
   876  C    3.79863070    C  873  1.01335978    C  877  0.98926095    H 3283  0.92200004    H 3282  0.92020993
   877  C    3.78445175    C  876  0.98926095    C  878  0.98314182    H 3284  0.91108095    H 3285  0.90356507
   878  C    3.78620232    O  879  1.42780022    O  880  1.37758509    C  877  0.98314182
   879  O    1.54861616    C  878  1.42780022    O  880  0.10868725
   880  O    2.09489606    C  878  1.37758509    H 4802  0.64808710    O  879  0.10868725
   881  N    3.19995038    C  874  1.35629028    C  882  0.96887887    H 3286  0.87549951    O  875  0.08663052
   882  C    3.88794898    C  883  0.98598890    N  881  0.96887887    C  885  0.96297649    H 3287  0.91947212
   883  C    3.93524766    O  884  1.61508800    N  889  1.34870171    C  882  0.98598890
   884  O    1.74857117    C  883  1.61508800    N  889  0.09474214
   885  C    3.82753085    C  887  0.99247901    C  886  0.97025130    C  882  0.96297649    H 3288  0.91775032
   886  C    3.79081427    C  888  1.02338940    C  885  0.97025130    H 3289  0.92486850    H 3290  0.91582881
   887  C    3.73030678    C  885  0.99247901    H 3291  0.92959281    H 3292  0.92781117    H 3293  0.92768199
   888  C    3.75020104    C  886  1.02338940    H 3295  0.93275792    H 3296  0.93162535    H 3294  0.91774178
   889  N    3.20551919    C  883  1.34870171    C  890  0.95732117    H 3297  0.86983054    O  884  0.09474214
   890  C    3.87007695    C  893  0.98046081    C  891  0.96676883    N  889  0.95732117    H 3298  0.92909207
   891  C    3.94010572    O  892  1.60333868    N  896  1.40830831    C  890  0.96676883
   892  O    1.73735789    C  891  1.60333868    N  896  0.08320552
   893  C    3.87807265    C  895  1.03344346    C  894  0.98887759    C  890  0.98046081    H 3299  0.91325896
   894  C    3.72784235    C  893  0.98887759    H 3301  0.93211156    H 3300  0.92710778    H 3302  0.92202560
   895  C    3.76040293    C  893  1.03344346    H 3305  0.92162567    H 3304  0.92002905    H 3303  0.91716736
   896  N    3.25618789    C  891  1.40830831    C  897  1.01826416    H 3306  0.87176707    O  892  0.08320552
   897  C    3.91280567    N  896  1.01826416    C  898  1.00634122    C  900  0.92203455    H 3307  0.92110142
   898  C    3.96979695    O  899  1.59719012    N  903  1.37923971    C  897  1.00634122
   899  O    1.73004484    C  898  1.59719012    N  903  0.08352147
   900  C    3.76589817    C  902  0.99452112    O  901  0.94430508    H 3308  0.92828897    C  897  0.92203455
   901  O    1.70297100    C  900  0.94430508    H 3309  0.76800297
   902  C    3.73898225    C  900  0.99452112    H 3312  0.94075485    H 3311  0.92898580    H 3310  0.92091393
   903  N    3.18730895    C  898  1.37923971    C  904  0.92246675    H 3313  0.87297941    O  899  0.08352147
   904  C    3.81998279    C  907  0.97647353    C  905  0.96853199    H 3314  0.93289615    N  903  0.92246675
   905  C    3.96588401    O  906  1.61436448    N  911  1.38215273    C  904  0.96853199
   906  O    1.73882476    C  905  1.61436448    N  911  0.06975804
   907  C    3.76548289    C  908  0.98470697    C  904  0.97647353    H 3315  0.92372458    H 3316  0.90299662
   908  C    3.87014924    O  909  1.52602541    N  910  1.37904230    C  907  0.98470697
   909  O    1.65535018    C  908  1.52602541    N  910  0.09359130
   910  N    3.15710352    C  908  1.37904230    H 3317  0.88172317    H 3318  0.86797285    O  909  0.09359130
   911  N    3.28931251    C  905  1.38215273    C  912  0.98062136    C  917  0.92759803    O  906  0.06975804
   912  C    3.86459734    C  913  0.98413923    N  911  0.98062136    C  915  0.96495185    H 3319  0.90562657
   913  C    3.91445233    O  914  1.57239318    N  918  1.35986607    C  912  0.98413923
   914  O    1.69238355    C  913  1.57239318    N  918  0.09274610
   915  C    3.79241576    C  916  1.04421063    C  912  0.96495185    H 3321  0.92090337    H 3320  0.90076614
   916  C    3.79351438    C  915  1.04421063    C  917  1.00943122    H 3323  0.91956660    H 3322  0.89930701
   917  C    3.75080500    C  916  1.00943122    N  911  0.92759803    H 3325  0.91434249    H 3324  0.91189463
   918  N    3.12970840    C  913  1.35986607    C  919  0.90943631    H 3326  0.85705948    O  914  0.09274610
   919  C    3.85539464    C  922  1.01184832    C  920  0.98545810    H 3327  0.92065783    N  918  0.90943631
   920  C    3.96859470    O  921  1.58801411    N  926  1.40715379    C  919  0.98545810
   921  O    1.71056888    C  920  1.58801411    N  926  0.08424545
   922  C    3.78026772    C  919  1.01184832    C  923  0.96170544    H 3329  0.90434505    H 3328  0.89311146
   923  C    3.87624368    O  925  1.60671184    O  924  1.33761050    C  922  0.96170544
   924  O    1.49505785    C  923  1.33761050    O  925  0.10122597    H 2766  0.07132486
   925  O    1.74131238    C  923  1.60671184    O  924  0.10122597
   926  N    3.19315164    C  920  1.40715379    C  927  0.96271172    H 3330  0.86248398    O  921  0.08424545
   927  C    3.80479451    C  928  1.02949817    N  926  0.96271172    H 3332  0.91669676    H 3331  0.88839824
   928  C    3.91419199    O  929  1.56340671    N  930  1.35072152    C  927  1.02949817
   929  O    1.67558655    C  928  1.56340671    N  930  0.08616188
   930  N    3.14489988    C  928  1.35072152    C  931  0.96361172    H 3333  0.87185241    O  929  0.08616188
   931  C    3.86697492    C  934  0.99022497    C  932  0.98064567    N  930  0.96361172    H 3334  0.92024708
   932  C    3.98444497    O  933  1.61043418    N  941  1.41247099    C  931  0.98064567
   933  O    1.72418113    C  932  1.61043418    N  941  0.07521440
   934  C    3.83065757    C  935  1.01803606    C  931  0.99022497    H 3335  0.92333691    H 3336  0.88545616
   935  C    3.86894563    C  937  1.37251128    C  936  1.36931840    C  934  1.01803606    C  940  0.05598531
   936  C    3.82111696    C  938  1.41016782    C  935  1.36931840    H 3337  0.92260585    C  939  0.05738894
   937  C    3.83218327    C  939  1.40274495    C  935  1.37251128    H 3338  0.92274851    C  938  0.05756859
   938  C    3.82331404    C  936  1.41016782    C  940  1.39432050    H 3339  0.92105931    C  937  0.05756859
   939  C    3.83430030    C  940  1.40918763    C  937  1.40274495    H 3340  0.93287498    C  936  0.05738894
   940  C    3.82690170    C  939  1.40918763    C  938  1.39432050    H 3341  0.92332925    C  935  0.05598531
   941  N    3.17284000    C  932  1.41247099    C  942  0.93947778    H 3342  0.86680849    O  933  0.07521440
   942  C    3.84652402    C  945  1.00830582    C  943  0.96728702    N  941  0.93947778    H 3343  0.89927819
   943  C    3.96091456    O  944  1.58181420    N  946  1.41502707    C  942  0.96728702
   944  O    1.69234818    C  943  1.58181420    N  946  0.08001436
   945  C    3.72703574    C  942  1.00830582    H 3344  0.91749310    H 3346  0.91746725    H 3345  0.90306034
   946  N    3.20538384    C  943  1.41502707    C  947  0.96636660    H 3347  0.85636451    O  944  0.08001436
   947  C    3.87985008    C  948  0.98610156    C  950  0.97863977    N  946  0.96636660    H 3348  0.90920025
   948  C    3.94829007    O  949  1.55835656    N  957  1.40232271    C  947  0.98610156
   949  O    1.65894352    C  948  1.55835656    N  957  0.07771622
   950  C    3.80143041    C  951  1.01315524    C  947  0.97863977    H 3349  0.90057139    H 3350  0.88957950
   951  C    3.88063470    C  953  1.38187782    C  952  1.38020803    C  950  1.01315524    C  956  0.05326075
   952  C    3.84457784    C  954  1.42372939    C  951  1.38020803    H 3351  0.90299529    C  955  0.05983059
   953  C    3.81881323    C  955  1.40934902    C  951  1.38187782    H 3352  0.90870157    C  954  0.05827948
   954  C    3.86059941    C  956  1.42847073    C  952  1.42372939    H 3353  0.90917749    C  953  0.05827948
   955  C    3.82702292    C  956  1.41153193    C  953  1.40934902    H 3354  0.91038953    C  952  0.05983059
   956  C    3.86978437    C  954  1.42847073    C  955  1.41153193    H 3355  0.90824729    C  951  0.05326075
   957  N    3.17698772    C  948  1.40232271    C  958  0.96396670    H 3356  0.86155640    O  949  0.07771622
   958  C    3.84310167    C  959  0.98921055    N  957  0.96396670    C  961  0.92697994    H 3357  0.90822414
   959  C    3.94751870    O  960  1.55784023    N  964  1.40608580    C  958  0.98921055
   960  O    1.69637843    C  959  1.55784023    N  964  0.08708371
   961  C    3.78706930    C  963  1.01987552    O  962  0.94558600    C  958  0.92697994    H 3358  0.91001435
   962  O    1.68022189    C  961  0.94558600    H 3359  0.75279021
   963  C    3.73264107    C  961  1.01987552    H 3362  0.92719860    H 3361  0.91955294    H 3360  0.91415233
   964  N    3.20017240    C  959  1.40608580    C  965  0.97362004    H 3363  0.85817647    O  960  0.08708371
   965  C    3.87685045    C  968  0.98520386    N  964  0.97362004    C  966  0.95503798    H 3364  0.90222743
   966  C    3.99758666    O  967  1.62256547    N  974  1.41612126    C  965  0.95503798
   967  O    1.77548715    C  966  1.62256547    N  974  0.07409101
   968  C    3.86855987    C  969  1.06052330    C  965  0.98520386    H 3365  0.89648893    H 3366  0.89250286
   969  C    3.88064748    C  971  1.59620654    N  970  1.16275144    C  968  1.06052330    C  972  0.05391138
   970  N    2.69790577    C  972  1.44150954    C  969  1.16275144    N  973  0.05988203
   971  C    3.76151448    C  969  1.59620654    N  973  1.17154929    H 3367  0.91078162
   972  C    3.81557723    N  970  1.44150954    N  973  1.36395325    H 3368  0.91775594    C  969  0.05391138
   973  N    3.42736769    C  972  1.36395325    C  971  1.17154929    H 4803  0.83730100    N  970  0.05988203
   974  N    3.24309047    C  966  1.41612126    C  975  0.98466753    H 3369  0.85943994    O  967  0.07409101
   975  C    3.93076539    C  976  1.02274764    C  978  0.99715913    N  974  0.98466753    H 3370  0.89304648
   976  C    4.01798840    O  977  1.60897332    N  980  1.38652626    C  975  1.02274764
   977  O    1.75611026    C  976  1.60897332    N  980  0.09028335
   978  C    3.72751400    C  975  0.99715913    O  979  0.94492236    H 3371  0.90306061    H 3372  0.88936796
   979  O    1.68893081    C  978  0.94492236    H 3373  0.75730767
   980  N    3.19397351    C  976  1.38652626    C  981  0.98030091    H 3374  0.84542385    O  977  0.09028335
   981  C    3.93150485    C  984  1.01426183    C  982  0.99521566    N  980  0.98030091    H 3375  0.90099594
   982  C    3.96391251    O  983  1.56517410    N  989  1.39331530    C  981  0.99521566
   983  O    1.71686939    C  982  1.56517410    N  989  0.08922061
   984  C    3.81277865    C  985  1.02954826    C  981  1.01426183    H 3376  0.91319018    H 3377  0.88785749
   985  C    3.79875519    C  984  1.02954826    C  986  1.01490370    H 3379  0.91309647    H 3378  0.86653214
   986  C    3.97507073    O  987  1.57444182    N  988  1.39533475    C  985  1.01490370
   987  O    1.72323012    C  986  1.57444182    N  988  0.09464692
   988  N    3.13856277    C  986  1.39533475    H 3381  0.84846830    H 3380  0.83961550    O  987  0.09464692
   989  N    3.20385944    C  982  1.39331530    C  990  0.94225799    H 3382  0.83537098    O  983  0.08922061
   990  C    3.89567218    C  993  1.03453342    C  991  0.97497647    N  989  0.94225799    H 3383  0.91882821
   991  C    4.03828198    O  992  1.63699547    N  997  1.45814806    C  990  0.97497647
   992  O    1.73171993    C  991  1.63699547    N  997  0.07385008
   993  C    3.79227365    C  990  1.03453342    C  994  0.99035446    H 3384  0.89171820    H 3385  0.89034742
   994  C    3.94912226    O  995  1.57257449    N  996  1.39838760    C  993  0.99035446
   995  O    1.69363491    C  994  1.57257449    N  996  0.09553768
   996  N    3.16353232    C  994  1.39838760    H 3387  0.84128734    H 3386  0.83592017    O  995  0.09553768
   997  N    3.27383605    C  991  1.45814806    C  998  0.96013405    H 3388  0.85878800    O  992  0.07385008
   998  C    3.86385227    C  999  0.99355309    C 1001  0.98980147    N  997  0.96013405    H 3389  0.89097032
   999  C    3.94322417    O 1000  1.57433221    N 1008  1.38660584    C  998  0.99355309
  1000  O    1.67672959    C  999  1.57433221    N 1008  0.08801002
  1001  C    3.81064676    C 1002  1.01626060    C  998  0.98980147    H 3390  0.90649771    H 3391  0.90022186
  1002  C    3.82611992    C 1003  1.04475018    C 1001  1.01626060    H 3393  0.90619654    H 3392  0.90446793
  1003  C    3.83717359    C 1002  1.04475018    N 1004  0.98991368    H 3395  0.92268428    H 3394  0.90997374
  1004  N    3.09106646    C 1005  1.25940643    C 1003  0.98991368    H 3396  0.86132701
  1005  C    3.98136521    N 1006  1.37213732    N 1007  1.35538169    N 1004  1.25940643
  1006  N    3.02175314    C 1005  1.37213732    H 3398  0.87371315    H 3397  0.84949309
  1007  N    3.03192850    C 1005  1.35538169    H 3400  0.85920090    H 3399  0.85360337
  1008  N    3.19780455    C  999  1.38660584    C 1009  0.97574013    H 3401  0.87022825    O 1000  0.08801002
  1009  C    3.87499572    C 1012  1.01869283    N 1008  0.97574013    C 1010  0.94837079    H 3402  0.90296534
  1010  C    3.92399395    O 1011  1.56687757    N 1016  1.41318947    C 1009  0.94837079
  1011  O    1.69229280    C 1010  1.56687757    N 1016  0.08079800
  1012  C    3.84559041    C 1013  1.03057141    C 1009  1.01869283    H 3404  0.89915011    H 3403  0.89385754
  1013  C    3.96088874    C 1015  1.04230823    C 1012  1.03057141    C 1014  1.02236815    H 3405  0.88901463
  1014  C    3.75673996    C 1013  1.02236815    H 3407  0.91064413    H 3406  0.90711697    H 3408  0.90458115
  1015  C    3.71968118    C 1013  1.04230823    H 3409  0.91086086    H 3411  0.90760185    H 3410  0.90401956
  1016  N    3.22324217    C 1010  1.41318947    C 1017  0.92705545    H 3412  0.87257373    O 1011  0.08079800
  1017  C    3.82932643    C 1020  1.00061947    C 1018  0.93163217    N 1016  0.92705545    H 3413  0.91961471
  1018  C    3.88255883    O 1019  1.54168096    N 1030  1.41256862    C 1017  0.93163217
  1019  O    1.63337601    C 1018  1.54168096    N 1030  0.08553121
  1020  C    3.84956669    C 1021  1.02140826    C 1017  1.00061947    H 3415  0.90948701    H 3414  0.90543796
  1021  C    3.83593908    C 1022  1.50286831    C 1023  1.23676935    C 1020  1.02140826
  1022  C    3.76711995    C 1021  1.50286831    N 1024  1.22293564    H 3416  0.90935010
  1023  C    3.95222788    C 1026  1.33224312    C 1025  1.24825534    C 1021  1.23676935
  1024  N    3.32652537    C 1022  1.22293564    C 1025  1.19759382    H 3417  0.84257309
  1025  C    3.96773059    C 1027  1.41319199    C 1023  1.24825534    N 1024  1.19759382
  1026  C    3.85487009    C 1028  1.44917557    C 1023  1.33224312    H 3418  0.91591874    C 1027  0.05473183
  1027  C    3.86169390    C 1029  1.44758355    C 1025  1.41319199    H 3419  0.90329498    C 1026  0.05473183
  1028  C    3.86405103    C 1026  1.44917557    C 1029  1.36271699    H 3420  0.91551332
  1029  C    3.85374341    C 1027  1.44758355    C 1028  1.36271699    H 3421  0.91307366
  1030  N    3.24821137    C 1018  1.41256862    C 1031  0.96153579    H 3422  0.87449582    O 1019  0.08553121
  1031  C    3.84973955    C 1034  0.98339942    N 1030  0.96153579    C 1032  0.94506628    H 3423  0.91609464
  1032  C    3.89357926    O 1033  1.60247404    N 1041  1.36265721    C 1031  0.94506628
  1033  O    1.74287408    C 1032  1.60247404    N 1041  0.08106075
  1034  C    3.80440693    C 1035  1.04200761    C 1031  0.98339942    H 3424  0.91752156    H 3425  0.89542662
  1035  C    3.82474224    C 1034  1.04200761    C 1036  1.02186925    H 3427  0.92463014    H 3426  0.91118644
  1036  C    3.84206718    C 1035  1.02186925    N 1037  0.98209533    H 3428  0.94477094    H 3429  0.92683960
  1037  N    3.11678326    C 1038  1.31424962    C 1036  0.98209533    H 3430  0.88080523
  1038  C    4.02506376    N 1040  1.36778021    N 1039  1.34788921    N 1037  1.31424962
  1039  N    3.02324072    C 1038  1.34788921    H 3432  0.89151723    H 3431  0.87691020
  1040  N    3.08197745    C 1038  1.36778021    H 3433  0.85947607    H 3434  0.85834541
  1041  N    3.19812881    C 1032  1.36265721    C 1042  0.96989152    H 3435  0.89132317    O 1033  0.08106075
  1042  C    3.89331372    C 1045  1.02210081    C 1043  0.97584481    N 1041  0.96989152    H 3436  0.89465042
  1043  C    3.89177822    O 1044  1.59517264    N 1050  1.32604877    C 1042  0.97584481
  1044  O    1.70451561    C 1043  1.59517264    N 1050  0.08573128
  1045  C    3.82806675    C 1042  1.02210081    C 1046  1.01803536    H 3438  0.92462184    H 3437  0.92089646
  1046  C    3.79862024    C 1045  1.01803536    C 1047  0.99942438    H 3439  0.91750389    H 3440  0.90171888
  1047  C    3.77799385    C 1046  0.99942438    C 1048  0.99890123    H 3442  0.91891466    H 3441  0.91020655
  1048  C    3.72654393    C 1047  0.99890123    N 1049  0.95642237    H 3443  0.92327715    H 3444  0.92077826
  1049  N    3.38287001    C 1048  0.95642237    H 3445  0.84279857    H 3447  0.83364941    H 3446  0.82839646
  1050  N    3.12318488    C 1043  1.32604877    C 1051  0.96246997    H 3448  0.88607694    O 1044  0.08573128
  1051  C    3.84487854    C 1054  0.98353005    N 1050  0.96246997    C 1052  0.94915835    H 3449  0.89403605
  1052  C    3.90250940    O 1053  1.57447794    N 1057  1.38936726    C 1051  0.94915835
  1053  O    1.66782510    C 1052  1.57447794    N 1057  0.08419004
  1054  C    3.81763118    C 1056  1.00593384    C 1051  0.98353005    O 1055  0.93713700    H 3450  0.91308035
  1055  O    1.62669817    C 1054  0.93713700    H 3451  0.73287524
  1056  C    3.73380966    C 1054  1.00593384    H 3454  0.93140136    H 3452  0.91708350    H 3453  0.90985848
  1057  N    3.17559792    C 1052  1.38936726    C 1058  0.93694411    H 3455  0.85490748    O 1053  0.08419004
  1058  C    3.86018621    C 1061  1.01488517    C 1059  0.97426756    N 1057  0.93694411    H 3456  0.91054235
  1059  C    3.88068020    O 1060  1.58405130    N 1068  1.32499584    C 1058  0.97426756
  1060  O    1.72697798    C 1059  1.58405130    N 1068  0.08322641
  1061  C    3.83600389    C 1062  1.04222381    C 1058  1.01488517    H 3457  0.90866267    H 3458  0.90063148
  1062  C    3.77858230    C 1061  1.04222381    C 1063  0.99442387    H 3459  0.90572976    H 3460  0.89396775
  1063  C    3.76429805    C 1062  0.99442387    N 1064  0.96415139    H 3462  0.92987886    H 3461  0.90479429
  1064  N    3.15058447    C 1065  1.36926235    C 1063  0.96415139    H 3463  0.86447274
  1065  C    4.05704778    N 1064  1.36926235    N 1066  1.36132153    N 1067  1.33336231
  1066  N    3.01965345    C 1065  1.36132153    H 3464  0.84950661    H 3465  0.84409852
  1067  N    3.03573307    C 1065  1.33336231    H 3466  0.85154415    H 3467  0.84787886
  1068  N    3.20501799    C 1059  1.32499584    C 1069  1.02397495    H 3468  0.85585212    O 1060  0.08322641
  1069  C    3.90453506    N 1068  1.02397495    C 1072  0.98903387    C 1070  0.96433863    H 3469  0.91023900
  1070  C    3.94027522    O 1071  1.56898685    N 1074  1.40698193    C 1069  0.96433863
  1071  O    1.62599284    C 1070  1.56898685    N 1074  0.07293938
  1072  C    3.72803909    C 1069  0.98903387    O 1073  0.95545174    H 3471  0.90416179    H 3470  0.89431287
  1073  O    1.64697004    C 1072  0.95545174    H 3472  0.72497057
  1074  N    3.20177534    C 1070  1.40698193    C 1075  0.94866363    H 3473  0.84822111    O 1071  0.07293938
  1075  C    3.84546881    C 1076  0.99116200    C 1078  0.96050040    N 1074  0.94866363    H 3474  0.87476885
  1076  C    3.96002158    O 1077  1.65068686    N 1081  1.32254200    C 1075  0.99116200
  1077  O    1.75893263    C 1076  1.65068686    N 1081  0.08171280
  1078  C    3.91733166    C 1080  1.06875024    C 1079  1.01905506    C 1075  0.96050040    H 3475  0.88820252
  1079  C    3.72525736    C 1078  1.01905506    H 3476  0.90876230    H 3478  0.90438812    H 3477  0.89778919
  1080  C    3.77857578    C 1078  1.06875024    H 3481  0.91713414    H 3480  0.90502406    H 3479  0.90431463
  1081  N    3.14790590    C 1076  1.32254200    C 1082  0.99446806    H 3482  0.82939803    O 1077  0.08171280
  1082  C    3.90759314    C 1085  1.00311423    N 1081  0.99446806    C 1083  0.99045250    H 3483  0.85697506
  1083  C    3.95627843    O 1084  1.63615719    N 1088  1.35197673    C 1082  0.99045250
  1084  O    1.79713620    C 1083  1.63615719    N 1088  0.09536200
  1085  C    3.83573402    C 1087  1.02569864    C 1082  1.00311423    O 1086  0.98990793    H 3484  0.67449642    H 3489  0.08644283
  1086  O    1.67893412    C 1085  0.98990793    H 3485  0.68590386
  1087  C    3.71233041    C 1085  1.02569864    H 3488  0.88699952    H 3487  0.88690882    H 3486  0.88580386
  1088  N    3.13768638    C 1083  1.35197673    C 1089  0.98234535    H 3489  0.67329502    O 1084  0.09536200
  1089  C    3.94042728    C 1092  1.03522493    C 1090  1.01135657    N 1088  0.98234535    H 3490  0.87113614
  1090  C    4.01768888    O 1091  1.69649111    N 1094  1.32530183    C 1089  1.01135657
  1091  O    1.83357848    C 1090  1.69649111    N 1094  0.09338555
  1092  C    3.79288016    C 1089  1.03522493    O 1093  0.97504493    H 3491  0.87995761    H 3492  0.87879676
  1093  O    1.69003905    C 1092  0.97504493    H 3493  0.71291505
  1094  N    3.17038663    C 1090  1.32530183    C 1095  0.98134927    H 3494  0.81108489    O 1091  0.09338555
  1095  C    3.91685147    C 1096  1.03298748    C 1098  0.98740581    N 1094  0.98134927    H 3495  0.86771124
  1096  C    3.99279469    O 1097  1.62600472    N 1100  1.31991243    C 1095  1.03298748
  1097  O    1.78412127    C 1096  1.62600472    N 1100  0.08451839
  1098  C    3.75854980    O 1099  0.99105494    C 1095  0.98740581    H 3497  0.89009890    H 3496  0.88236478
  1099  O    1.73591294    C 1098  0.99105494    H 3498  0.71565640
  1100  N    3.18656233    C 1096  1.31991243    C 1101  0.99997852    H 3499  0.84802616    O 1097  0.08451839
  1101  C    3.91560598    N 1100  0.99997852    C 1102  0.99974523    C 1104  0.98192116    H 3500  0.89978022
  1102  C    3.98656766    O 1103  1.63179919    N 1106  1.36837029    C 1101  0.99974523
  1103  O    1.78113958    C 1102  1.63179919    N 1106  0.08659059
  1104  C    3.71959498    C 1101  0.98192116    O 1105  0.95991137    H 3502  0.89033046    H 3501  0.88527802
  1105  O    1.65755538    C 1104  0.95991137    H 3503  0.71502916
  1106  N    3.13061902    C 1102  1.36837029    C 1107  0.99231727    H 3504  0.85372071    O 1103  0.08659059
  1107  C    3.86862568    C 1110  1.00013756    N 1106  0.99231727    C 1108  0.96922700    H 3505  0.86425065
  1108  C    3.98561708    O 1109  1.62518531    N 1114  1.39994006    C 1107  0.96922700
  1109  O    1.77122019    C 1108  1.62518531    N 1114  0.07764130
  1110  C    3.82009230    C 1111  1.02743311    C 1107  1.00013756    H 3507  0.87931261    H 3506  0.87293721
  1111  C    3.93757824    C 1112  1.03416243    C 1110  1.02743311    C 1113  1.02049523    H 3508  0.87310637
  1112  C    3.73461363    C 1111  1.03416243    H 3511  0.90900017    H 3509  0.89584843    H 3510  0.89434049
  1113  C    3.68985257    C 1111  1.02049523    H 3512  0.89047591    H 3514  0.88113340    H 3513  0.87432520
  1114  N    3.21690505    C 1108  1.39994006    C 1115  0.98429654    H 3515  0.87004402    O 1109  0.07764130
  1115  C    3.91164028    C 1118  1.00369054    N 1114  0.98429654    C 1116  0.95773369    H 3516  0.91112998
  1116  C    3.94966996    O 1117  1.63423577    N 1120  1.36071010    C 1115  0.95773369
  1117  O    1.78363240    C 1116  1.63423577    N 1120  0.09295325
  1118  C    3.81159670    S 1119  1.00838133    C 1115  1.00369054    H 3518  0.89278189    H 3517  0.87511852    S 1277  0.07004999
  1119  S    2.41229693    S 1277  1.33334864    C 1118  1.00838133    C 1276  0.07443650
  1120  N    3.20906664    C 1116  1.36071010    C 1121  0.96078695    H 3519  0.84116641    O 1117  0.09295325
  1121  C    3.87422728    C 1122  0.97742647    C 1124  0.96807360    N 1120  0.96078695    H 3520  0.91263757
  1122  C    3.94795369    O 1123  1.61913614    N 1127  1.36086880    C 1121  0.97742647
  1123  O    1.72844420    C 1122  1.61913614    N 1127  0.09190861
  1124  C    3.86321095    C 1125  1.00998983    C 1126  1.00297480    C 1121  0.96807360    H 3521  0.90092132
  1125  C    3.71371956    C 1124  1.00998983    H 3524  0.91795869    H 3522  0.91382370    H 3523  0.91313955
  1126  C    3.73923980    C 1124  1.00297480    H 3526  0.91484643    H 3527  0.91474191    H 3525  0.90630869
  1127  N    3.20647494    C 1122  1.36086880    C 1128  0.97901215    H 3528  0.86805590    O 1123  0.09190861
  1128  C    3.82388204    C 1129  1.04207541    N 1127  0.97901215    H 3530  0.90879206    H 3529  0.89237758
  1129  C    3.91816685    O 1130  1.55516750    N 1131  1.34697159    C 1128  1.04207541
  1130  O    1.66702272    C 1129  1.55516750    N 1131  0.09554445
  1131  N    3.13015646    C 1129  1.34697159    C 1132  0.92300852    H 3531  0.86944790    O 1130  0.09554445
  1132  C    3.83952042    C 1133  0.98247582    C 1135  0.95950784    H 3532  0.92609896    N 1131  0.92300852
  1133  C    3.92062286    O 1134  1.60906339    N 1138  1.34165147    C 1132  0.98247582
  1134  O    1.70535633    C 1133  1.60906339    N 1138  0.08776937
  1135  C    3.85428504    C 1137  1.01865495    C 1136  0.99915511    C 1132  0.95950784    H 3533  0.91052987
  1136  C    3.72929941    C 1135  0.99915511    H 3536  0.93575789    H 3535  0.92225702    H 3534  0.91714295
  1137  C    3.76055374    C 1135  1.01865495    H 3538  0.93248553    H 3539  0.92405103    H 3537  0.91733225
  1138  N    3.19673120    C 1133  1.34165147    C 1139  0.95335746    H 3540  0.87900420    O 1134  0.08776937
  1139  C    3.84772236    C 1142  0.99199268    C 1140  0.95422444    N 1138  0.95335746    H 3541  0.92676242
  1140  C    3.92170768    O 1141  1.59214269    N 1146  1.37734348    C 1139  0.95422444
  1141  O    1.70062384    C 1140  1.59214269    N 1146  0.08800696
  1142  C    3.80105695    C 1143  0.99434952    C 1139  0.99199268    H 3543  0.91596600    H 3542  0.90873845
  1143  C    3.84337701    O 1144  1.48787077    O 1145  1.38350558    C 1142  0.99434952
  1144  O    1.63793105    C 1143  1.48787077    O 1145  0.11068081
  1145  O    1.50114673    C 1143  1.38350558    O 1144  0.11068081
  1146  N    3.19464418    C 1140  1.37734348    C 1147  0.95158407    H 3544  0.85303194    O 1141  0.08800696
  1147  C    3.86054501    C 1150  1.01217039    C 1148  0.95244555    N 1146  0.95158407    H 3545  0.91462079
  1148  C    3.94032577    O 1149  1.65277516    N 1151  1.35462502    C 1147  0.95244555
  1149  O    1.75895314    C 1148  1.65277516    N 1151  0.08073182
  1150  C    3.73551378    C 1147  1.01217039    H 3548  0.93396057    H 3547  0.92506748    H 3546  0.92206805
  1151  N    3.18958187    C 1148  1.35462502    C 1152  0.98984415    H 3549  0.89026592    O 1149  0.08073182
  1152  C    3.90787780    C 1155  0.99745381    C 1153  0.99304581    N 1151  0.98984415    H 3550  0.91154235
  1153  C    3.95772697    O 1154  1.59565025    N 1159  1.40202624    C 1152  0.99304581
  1154  O    1.73231368    C 1153  1.59565025    N 1159  0.08326041
  1155  C    3.76729088    C 1152  0.99745381    C 1156  0.97497950    H 3551  0.93088417    H 3552  0.89655749
  1156  C    3.93266141    O 1157  1.53929799    N 1158  1.44205961    C 1155  0.97497950
  1157  O    1.64535383    C 1156  1.53929799    N 1158  0.08479149
  1158  N    3.22926960    C 1156  1.44205961    H 3554  0.87408228    H 3553  0.85566245    O 1157  0.08479149
  1159  N    3.20154658    C 1153  1.40202624    C 1160  0.97120659    H 3555  0.90172017    O 1154  0.08326041
  1160  C    3.87589225    C 1163  0.97870864    C 1161  0.97743923    N 1159  0.97120659    H 3556  0.91472082
  1161  C    3.88372611    O 1162  1.57536310    N 1170  1.33409984    C 1160  0.97743923
  1162  O    1.70979752    C 1161  1.57536310    N 1170  0.09073448
  1163  C    3.79667072    C 1164  1.00963025    C 1160  0.97870864    H 3557  0.91887521    H 3558  0.91837554
  1164  C    3.81247474    C 1165  1.03736356    C 1163  1.00963025    H 3560  0.92093807    H 3559  0.91386921
  1165  C    3.83325245    C 1164  1.03736356    N 1166  0.98185038    H 3562  0.93648270    H 3561  0.92638573
  1166  N    3.15757432    C 1167  1.37077412    C 1165  0.98185038    H 3563  0.88218105
  1167  C    4.05614644    N 1166  1.37077412    N 1168  1.34562162    N 1169  1.34183546
  1168  N    3.01469367    C 1167  1.34562162    H 3565  0.86867391    H 3564  0.84985341
  1169  N    3.06911884    C 1167  1.34183546    H 3567  0.86164399    H 3566  0.85316549
  1170  N    3.15509933    C 1161  1.33409984    C 1171  0.96949785    H 3568  0.88064330    O 1162  0.09073448
  1171  C    3.86453769    C 1174  0.98694516    N 1170  0.96949785    C 1172  0.95195173    H 3569  0.92846478
  1172  C    3.88698431    O 1173  1.52896432    N 1178  1.39391708    C 1171  0.95195173
  1173  O    1.62879835    C 1172  1.52896432    N 1178  0.07745441
  1174  C    3.75719664    C 1171  0.98694516    C 1175  0.97913035    H 3570  0.92039411    H 3571  0.89390352
  1175  C    3.88963046    O 1176  1.54972273    N 1177  1.38096165    C 1174  0.97913035
  1176  O    1.67505665    C 1175  1.54972273    N 1177  0.09238035
  1177  N    3.12225181    C 1175  1.38096165    H 3573  0.87719733    H 3572  0.87069925    O 1176  0.09238035
  1178  N    3.17827060    C 1172  1.39391708    C 1179  0.94421104    H 3574  0.88380795    O 1173  0.07745441
  1179  C    3.87141959    C 1180  0.98256908    C 1182  0.98081366    N 1178  0.94421104    H 3575  0.92251488
  1180  C    3.90901072    O 1181  1.60985918    N 1192  1.31835239    C 1179  0.98256908
  1181  O    1.72220165    C 1180  1.60985918    N 1192  0.09442954
  1182  C    3.87558121    C 1183  1.05131791    C 1179  0.98081366    H 3576  0.90964283    H 3577  0.90601243
  1183  C    3.84579514    C 1184  1.54422838    C 1185  1.17688777    C 1182  1.05131791
  1184  C    3.80530829    C 1183  1.54422838    N 1186  1.21706794    H 3578  0.94365885
  1185  C    3.93377727    C 1188  1.35766688    C 1187  1.27057975    C 1183  1.17688777
  1186  N    3.30719406    C 1184  1.21706794    C 1187  1.15561579    H 3579  0.85546226
  1187  C    3.87148555    C 1189  1.32805521    C 1185  1.27057975    N 1186  1.15561579
  1188  C    3.87046184    C 1190  1.44589301    C 1185  1.35766688    H 3580  0.92430881    C 1189  0.06390516
  1189  C    3.79802967    C 1191  1.42532474    C 1187  1.32805521    H 3581  0.91272426    C 1188  0.06390516
  1190  C    3.84664788    C 1188  1.44589301    C 1191  1.36882582    H 3582  0.92351283
  1191  C    3.82657573    C 1189  1.42532474    C 1190  1.36882582    H 3583  0.93061338
  1192  N    3.17087291    C 1180  1.31835239    C 1193  0.96058765    H 3584  0.84719672    O 1181  0.09442954
  1193  C    3.91321979    C 1196  1.03669226    C 1194  0.97496505    N 1192  0.96058765    H 3585  0.91747256
  1194  C    3.97899758    O 1195  1.63617297    N 1200  1.38256617    C 1193  0.97496505
  1195  O    1.76559318    C 1194  1.63617297    N 1200  0.08078012
  1196  C    3.79769404    C 1193  1.03669226    C 1197  0.97991247    H 3586  0.89741696    H 3587  0.89016842
  1197  C    3.97243412    O 1198  1.60906284    O 1199  1.40357887    C 1196  0.97991247
  1198  O    1.75721001    C 1197  1.60906284    O 1199  0.11544693
  1199  O    1.56354975    C 1197  1.40357887    O 1198  0.11544693
  1200  N    3.23594329    C 1194  1.38256617    C 1201  0.96530879    H 3588  0.86260106    O 1195  0.08078012
  1201  C    3.91292337    C 1204  1.03449529    C 1202  0.99579343    N 1200  0.96530879    H 3589  0.91853290
  1202  C    3.94727279    O 1203  1.61450779    N 1205  1.36251985    C 1201  0.99579343
  1203  O    1.70992349    C 1202  1.61450779    N 1205  0.08848089
  1204  C    3.72256698    C 1201  1.03449529    H 3591  0.91656324    H 3590  0.91390401    H 3592  0.91177999
  1205  N    3.18741736    C 1202  1.36251985    C 1206  0.95654344    H 3593  0.85338097    O 1203  0.08848089
  1206  C    3.77350722    C 1207  0.98441176    N 1205  0.95654344    H 3594  0.90268262    H 3595  0.89625178
  1207  C    3.89391297    O 1208  1.60261629    N 1209  1.31277736    C 1206  0.98441176
  1208  O    1.71862979    C 1207  1.60261629    N 1209  0.08481061
  1209  N    3.15446559    C 1207  1.31277736    C 1210  0.96228909    H 3596  0.86464875    O 1208  0.08481061
  1210  C    3.88127639    C 1211  1.01201300    C 1213  0.97859085    N 1209  0.96228909    H 3597  0.89956982
  1211  C    3.98946311    O 1212  1.56812382    N 1220  1.41778473    C 1210  1.01201300
  1212  O    1.70153078    C 1211  1.56812382    N 1220  0.08829445
  1213  C    3.80472656    C 1214  1.00306821    C 1210  0.97859085    H 3598  0.90933854    H 3599  0.88965407
  1214  C    3.89804693    C 1216  1.40506699    C 1215  1.38342790    C 1213  1.00306821    C 1219  0.05563028
  1215  C    3.81280804    C 1217  1.41169209    C 1214  1.38342790    H 3600  0.89987043    C 1218  0.05954060
  1216  C    3.87511899    C 1218  1.41909660    C 1214  1.40506699    H 3601  0.91203813    C 1217  0.05611414
  1217  C    3.81024031    C 1215  1.41169209    C 1219  1.39736034    H 3602  0.91154319    C 1216  0.05611414
  1218  C    3.85907344    C 1216  1.41909660    C 1219  1.41900187    H 3603  0.91154032    C 1215  0.05954060
  1219  C    3.83205270    C 1218  1.41900187    C 1217  1.39736034    H 3604  0.91875678    C 1214  0.05563028
  1220  N    3.21294332    C 1211  1.41778473    C 1221  0.96245786    H 3605  0.82740823    O 1212  0.08829445
  1221  C    3.78575205    C 1222  1.00004375    N 1220  0.96245786    H 3606  0.89477716    H 3607  0.88958692
  1222  C    3.93207672    O 1223  1.60024752    N 1224  1.34410403    C 1221  1.00004375
  1223  O    1.75853045    C 1222  1.60024752    N 1224  0.08624689
  1224  N    3.15348422    C 1222  1.34410403    C 1225  0.98874422    H 3608  0.85161491    O 1223  0.08624689
  1225  C    3.96174899    C 1228  1.03260390    C 1226  0.99861037    N 1224  0.98874422    H 3609  0.89295811
  1226  C    3.93208860    O 1227  1.56709382    N 1233  1.35438554    C 1225  0.99861037
  1227  O    1.69438830    C 1226  1.56709382    N 1233  0.08212566
  1228  C    3.83128487    C 1229  1.05236778    C 1225  1.03260390    H 3610  0.89848113    H 3611  0.87789901
  1229  C    3.84512917    C 1228  1.05236778    C 1230  1.02779215    H 3613  0.93155220    H 3612  0.89423888
  1230  C    3.80933628    C 1231  1.04576803    C 1229  1.02779215    H 3614  0.89694190    H 3615  0.87517573
  1231  C    3.75969132    C 1230  1.04576803    N 1232  0.95824520    H 3616  0.90312970    H 3617  0.89499012
  1232  N    3.35895248    C 1231  0.95824520    H 3620  0.82501767    H 3618  0.81868627    H 3619  0.81718420
  1233  N    3.20119351    C 1226  1.35438554    C 1234  0.96425126    H 3621  0.85366938    O 1227  0.08212566
  1234  C    3.89357530    C 1237  1.01583914    C 1235  0.97756526    N 1233  0.96425126    H 3622  0.90534978
  1235  C    3.95645869    O 1236  1.57648654    N 1238  1.39895070    C 1234  0.97756526
  1236  O    1.70355380    C 1235  1.57648654    N 1238  0.09498530
  1237  C    3.72676962    C 1234  1.01583914    H 3625  0.91245776    H 3624  0.91184709    H 3623  0.90046105
  1238  N    3.24035502    C 1235  1.39895070    C 1239  0.96552750    H 3626  0.86262869    O 1236  0.09498530
  1239  C    3.77817816    C 1240  1.00096634    N 1238  0.96552750    H 3627  0.90436296    H 3628  0.88275782
  1240  C    3.97346613    O 1241  1.60485970    N 1242  1.38137682    C 1239  1.00096634
  1241  O    1.72130812    C 1240  1.60485970    N 1242  0.07625516
  1242  N    3.19419357    C 1240  1.38137682    C 1243  0.93227539    H 3629  0.88639647    O 1241  0.07625516
  1243  C    3.84435645    C 1246  1.02584192    C 1244  0.98205969    N 1242  0.93227539    H 3630  0.90752881
  1244  C    3.94810796    O 1245  1.56689486    N 1247  1.41142019    C 1243  0.98205969
  1245  O    1.67835527    C 1244  1.56689486    N 1247  0.07853245
  1246  C    3.72093028    C 1243  1.02584192    H 3633  0.93424695    H 3631  0.91845968    H 3632  0.90241495
  1247  N    3.24439945    C 1244  1.41142019    C 1248  0.98273977    H 3634  0.84071429    O 1245  0.07853245
  1248  C    3.89841150    C 1249  0.98662073    N 1247  0.98273977    C 1251  0.98196195    H 3635  0.91915003
  1249  C    3.94887908    O 1250  1.59869645    N 1253  1.36340815    C 1248  0.98662073
  1250  O    1.67630258    C 1249  1.59869645    N 1253  0.08771275
  1251  C    3.68399686    C 1248  0.98196195    O 1252  0.91625690    H 3636  0.90050066    H 3637  0.89463498
  1252  O    1.63138188    C 1251  0.91625690    H 3638  0.73265250
  1253  N    3.17881841    C 1249  1.36340815    C 1254  0.95294617    H 3639  0.85192805    O 1250  0.08771275
  1254  C    3.83550752    C 1257  0.99985747    C 1255  0.96654500    N 1253  0.95294617    H 3640  0.87563926
  1255  C    3.92845960    O 1256  1.61966970    N 1259  1.33935555    C 1254  0.96654500
  1256  O    1.75409461    C 1255  1.61966970    N 1259  0.08579207
  1257  C    3.69852781    C 1254  0.99985747    O 1258  0.91216831    H 3642  0.89197951    H 3641  0.89140589
  1258  O    1.63699048    C 1257  0.91216831    H 3643  0.73571042
  1259  N    3.17040546    C 1255  1.33935555    C 1260  0.96721907    H 3644  0.85856818    O 1256  0.08579207
  1260  C    3.91131114    C 1263  1.01817175    C 1261  0.98580345    N 1259  0.96721907    H 3645  0.91015189
  1261  C    3.97980293    O 1262  1.61784899    N 1265  1.35881621    C 1260  0.98580345
  1262  O    1.73138582    C 1261  1.61784899    N 1265  0.07043134
  1263  C    3.73552759    C 1260  1.01817175    O 1264  0.94563509    H 3646  0.90021918    H 3647  0.89302353
  1264  O    1.68690769    C 1263  0.94563509    H 3648  0.72645614
  1265  N    3.29916779    C 1261  1.35881621    C 1266  0.98690287    C 1271  0.95685258    O 1262  0.07043134
  1266  C    3.89828913    C 1267  0.99912699    C 1269  0.99861855    N 1265  0.98690287    H 3649  0.88313366
  1267  C    3.96488287    O 1268  1.64999099    N 1272  1.32445290    C 1266  0.99912699
  1268  O    1.78265707    C 1267  1.64999099    N 1272  0.08456870
  1269  C    3.78940410    C 1270  1.04000034    C 1266  0.99861855    H 3651  0.89939803    H 3650  0.86866496
  1270  C    3.80367332    C 1269  1.04000034    C 1271  1.02832526    H 3653  0.89485732    H 3652  0.88659697
  1271  C    3.78441521    C 1270  1.02832526    N 1265  0.95685258    H 3654  0.89707805    H 3655  0.88861052
  1272  N    3.12835890    C 1267  1.32445290    C 1273  0.97846857    H 3656  0.86150484    O 1268  0.08456870
  1273  C    3.92215086    C 1274  0.99492597    N 1272  0.97846857    C 1276  0.97534251    H 3657  0.90243147
  1274  C    3.96381778    O 1275  1.61592918    N 1278  1.35798310    C 1273  0.99492597
  1275  O    1.78507769    C 1274  1.61592918    N 1278  0.09109073
  1276  C    3.83087558    S 1277  1.03406679    C 1273  0.97534251    H 3659  0.87639261    H 3658  0.86946804    S 1119  0.07443650
  1277  S    2.48484443    S 1119  1.33334864    C 1276  1.03406679    C 1118  0.07004999
  1278  N    3.16345007    C 1274  1.35798310    C 1279  0.94487884    H 3660  0.86131236    O 1275  0.09109073
  1279  C    3.88705751    C 1280  1.01612266    C 1282  0.99415889    N 1278  0.94487884    H 3661  0.90199192
  1280  C    3.99354706    O 1281  1.57431755    N 1284  1.41296285    C 1279  1.01612266
  1281  O    1.65923560    C 1280  1.57431755    N 1284  0.07797651
  1282  C    3.74827129    C 1279  0.99415889    O 1283  0.98131137    H 3663  0.90809831    H 3662  0.90373376
  1283  O    1.68839926    C 1282  0.98131137    H 3664  0.72318824
  1284  N    3.22768385    C 1280  1.41296285    C 1285  0.95761714    H 3665  0.85456104    O 1281  0.07797651
  1285  C    3.83775197    C 1288  0.98718172    N 1284  0.95761714    C 1286  0.95628375    H 3666  0.89261899
  1286  C    3.97831414    O 1287  1.61370236    N 1293  1.42752200    C 1285  0.95628375
  1287  O    1.70610220    C 1286  1.61370236    N 1293  0.08322433
  1288  C    3.79604343    C 1289  1.00286438    C 1285  0.98718172    H 3668  0.90835024    H 3667  0.89584976
  1289  C    3.81599030    C 1288  1.00286438    C 1290  0.95601304    H 3670  0.90731930    H 3669  0.90630906
  1290  C    3.93974612    O 1292  1.60543963    O 1291  1.40538531    C 1289  0.95601304
  1291  O    1.56218733    C 1290  1.40538531    O 1292  0.12537930
  1292  O    1.76772261    C 1290  1.60543963    O 1291  0.12537930
  1293  N    3.20501697    C 1286  1.42752200    C 1294  0.95174907    H 3671  0.87828868    O 1287  0.08322433
  1294  C    3.83116145    C 1295  0.98998755    C 1297  0.96187409    N 1293  0.95174907    H 3672  0.88721411
  1295  C    3.88359400    O 1296  1.53508143    N 1300  1.36511533    C 1294  0.98998755
  1296  O    1.65170678    C 1295  1.53508143    N 1300  0.08863935
  1297  C    3.81576563    C 1299  1.01616054    C 1294  0.96187409    O 1298  0.95263338    H 3673  0.90329574
  1298  O    1.67967651    C 1297  0.95263338    H 3674  0.71845885
  1299  C    3.74262906    C 1297  1.01616054    H 3677  0.92591384    H 3675  0.91668218    H 3676  0.90216473
  1300  N    3.16580609    C 1295  1.36511533    C 1301  0.92984931    H 3678  0.85985434    O 1296  0.08863935
  1301  C    3.86086654    C 1304  1.01182390    C 1302  0.96130942    N 1300  0.92984931    H 3679  0.92905239
  1302  C    3.95478331    O 1303  1.61592600    N 1312  1.38867115    C 1301  0.96130942
  1303  O    1.70004505    C 1302  1.61592600    N 1312  0.07975506
  1304  C    3.84880360    C 1305  1.02239386    C 1301  1.01182390    H 3680  0.90335577    H 3681  0.89141289
  1305  C    3.87540111    C 1306  1.39052979    C 1307  1.36809150    C 1304  1.02239386
  1306  C    3.84045632    C 1308  1.41603864    C 1305  1.39052979    H 3682  0.91579964    C 1309  0.05748985
  1307  C    3.82105057    C 1309  1.42637214    C 1305  1.36809150    H 3683  0.91007702    C 1308  0.05493360
  1308  C    3.82306063    C 1306  1.41603864    C 1310  1.37637480    H 3684  0.91566700    C 1307  0.05493360
  1309  C    3.80637185    C 1307  1.42637214    C 1310  1.36090084    H 3685  0.90269686    C 1306  0.05748985
  1310  C    3.87213027    C 1308  1.37637480    C 1309  1.36090084    O 1311  1.01902812
  1311  O    1.83326091    C 1310  1.01902812    H 3686  0.70893208
  1312  N    3.19906405    C 1302  1.38867115    C 1313  0.95034479    H 3687  0.87796145    O 1303  0.07975506
  1313  C    3.83360684    C 1316  0.97664652    C 1314  0.96313114    N 1312  0.95034479    H 3688  0.88935552
  1314  C    3.89160263    O 1315  1.59952536    N 1322  1.33414505    C 1313  0.96313114
  1315  O    1.69457550    C 1314  1.59952536    N 1322  0.08288655
  1316  C    3.83041489    C 1317  1.05910588    C 1313  0.97664652    H 3689  0.89966900    H 3690  0.88273769
  1317  C    3.83120092    C 1319  1.58060921    N 1318  1.15555699    C 1316  1.05910588
  1318  N    3.37672506    C 1320  1.35800429    C 1317  1.15555699    H 3691  0.84551242    N 1321  0.05933363
  1319  C    3.78829125    C 1317  1.58060921    N 1321  1.19092790    H 3692  0.91814404    C 1320  0.05856706
  1320  C    3.87037162    N 1321  1.49173529    N 1318  1.35800429    H 3693  0.91420546    C 1319  0.05856706
  1321  N    2.80453375    C 1320  1.49173529    C 1319  1.19092790    N 1318  0.05933363
  1322  N    3.20162713    C 1314  1.33414505    C 1323  1.01683419    H 3694  0.87370051    O 1315  0.08288655
  1323  C    3.80807470    N 1322  1.01683419    C 1324  0.99200532    H 3696  0.90477217    H 3695  0.89532210
  1324  C    3.91296095    O 1325  1.60708565    N 1326  1.34305235    C 1323  0.99200532
  1325  O    1.72274612    C 1324  1.60708565    N 1326  0.07705521
  1326  N    3.17658774    C 1324  1.34305235    C 1327  1.00636421    H 3697  0.85054702    O 1325  0.07705521
  1327  C    3.98289451    C 1328  1.03414473    C 1330  1.01524716    N 1326  1.00636421    H 3698  0.87946082
  1328  C    3.97133544    O 1329  1.56049046    N 1335  1.38220246    C 1327  1.03414473
  1329  O    1.71444844    C 1328  1.56049046    N 1335  0.09330302
  1330  C    3.83383530    C 1331  1.04104417    C 1327  1.01524716    H 3700  0.89137528    H 3699  0.89034431
  1331  C    3.81451729    C 1330  1.04104417    C 1332  1.03240419    H 3702  0.90945527    H 3701  0.89229055
  1332  C    3.83890010    C 1333  1.05502941    C 1331  1.03240419    H 3704  0.90973239    H 3703  0.89765176
  1333  C    3.72425139    C 1332  1.05502941    N 1334  0.93515166    H 3706  0.90017225    H 3705  0.89710735
  1334  N    3.36354284    C 1333  0.93515166    H 3708  0.83151021    H 3707  0.81296421    H 3709  0.81280361
  1335  N    3.16036319    C 1328  1.38220246    C 1336  0.94527625    H 3710  0.84450782    O 1329  0.09330302
  1336  C    3.86630780    C 1337  1.00801224    C 1339  0.97216948    N 1335  0.94527625    H 3711  0.89710959
  1337  C    3.94652416    O 1338  1.59903608    N 1347  1.35462709    C 1336  1.00801224
  1338  O    1.70156902    C 1337  1.59903608    N 1347  0.09538506
  1339  C    3.84175025    C 1340  1.02856050    C 1336  0.97216948    H 3712  0.89341099    H 3713  0.88930959
  1340  C    3.91365046    C 1342  1.39843155    C 1341  1.37701393    C 1339  1.02856050
  1341  C    3.84711547    C 1343  1.43567905    C 1340  1.37701393    H 3714  0.90252340    C 1344  0.05555955
  1342  C    3.86880689    C 1344  1.42516255    C 1340  1.39843155    H 3715  0.90061310    C 1343  0.05417529
  1343  C    3.81755434    C 1341  1.43567905    C 1345  1.35842767    H 3716  0.90425061    C 1342  0.05417529
  1344  C    3.83188077    C 1342  1.42516255    C 1345  1.37158059    H 3717  0.90442295    C 1341  0.05555955
  1345  C    3.88853998    C 1344  1.37158059    C 1343  1.35842767    O 1346  1.03056912
  1346  O    1.82879312    C 1345  1.03056912    H 3718  0.68973836
  1347  N    3.17934504    C 1337  1.35462709    C 1348  0.94789327    H 3719  0.85171099    O 1338  0.09538506
  1348  C    3.87237884    C 1351  1.02531280    C 1349  0.98596519    N 1347  0.94789327    H 3720  0.90564308
  1349  C    3.95644385    O 1350  1.58010812    N 1352  1.39263978    C 1348  0.98596519
  1350  O    1.69265681    C 1349  1.58010812    N 1352  0.08215392
  1351  C    3.72774831    C 1348  1.02531280    H 3723  0.92697671    H 3722  0.90913491    H 3721  0.90392104
  1352  N    3.20069442    C 1349  1.39263978    C 1353  1.00712214    H 3724  0.84405709    O 1350  0.08215392
  1353  C    3.93147102    C 1354  1.01458497    N 1352  1.00712214    C 1356  1.00115146    H 3725  0.87156577
  1354  C    3.94714608    O 1355  1.52588757    N 1360  1.41770460    C 1353  1.01458497
  1355  O    1.67218495    C 1354  1.52588757    N 1360  0.08740013
  1356  C    3.78996994    C 1357  1.00499312    C 1353  1.00115146    H 3727  0.91065338    H 3726  0.88405657
  1357  C    3.99283170    O 1358  1.52829774    N 1359  1.50015202    C 1356  1.00499312
  1358  O    1.66843809    C 1357  1.52829774    N 1359  0.08262577
  1359  N    3.18344826    C 1357  1.50015202    H 3729  0.85701804    H 3728  0.83809084    O 1358  0.08262577
  1360  N    3.20364834    C 1354  1.41770460    C 1361  0.95711653    H 3730  0.86145983    O 1355  0.08740013
  1361  C    3.88149638    C 1364  0.99983648    C 1362  0.97541654    N 1360  0.95711653    H 3731  0.90387511
  1362  C    3.92309816    O 1363  1.56000377    N 1366  1.38664182    C 1361  0.97541654
  1363  O    1.72131925    C 1362  1.56000377    N 1366  0.08859638
  1364  C    3.75466308    C 1361  0.99983648    O 1365  0.97380240    H 3732  0.91275282    H 3733  0.90539198
  1365  O    1.66839716    C 1364  0.97380240    H 3734  0.73409452
  1366  N    3.21081495    C 1362  1.38664182    C 1367  0.98126790    H 3735  0.86113098    O 1363  0.08859638
  1367  C    3.92052765    C 1370  1.00866064    C 1368  0.98852904    N 1366  0.98126790    H 3736  0.92629771
  1368  C    3.98937993    O 1369  1.60219002    N 1375  1.41708636    C 1367  0.98852904
  1369  O    1.68057275    C 1368  1.60219002    N 1375  0.07789462
  1370  C    3.79339495    C 1367  1.00866064    C 1371  0.99458142    H 3738  0.90016954    H 3737  0.89902793
  1371  C    3.77308799    C 1370  0.99458142    C 1372  0.95653329    H 3740  0.92761001    H 3739  0.89456056
  1372  C    3.84661611    O 1373  1.50421051    O 1374  1.42293963    C 1371  0.95653329
  1373  O    1.67331461    C 1372  1.50421051    O 1374  0.11215773    H 3472  0.05388154
  1374  O    1.55270595    C 1372  1.42293963    O 1373  0.11215773
  1375  N    3.20419677    C 1368  1.41708636    C 1376  0.92908702    H 3741  0.85947399    O 1369  0.07789462
  1376  C    3.86089838    C 1377  0.99962250    C 1379  0.96215192    N 1375  0.92908702    H 3742  0.89607920
  1377  C    3.93622211    O 1378  1.53356320    N 1382  1.39896646    C 1376  0.99962250
  1378  O    1.62817509    C 1377  1.53356320    N 1382  0.08107166
  1379  C    3.85011954    C 1380  1.00618868    C 1381  0.98777274    C 1376  0.96215192    H 3743  0.90094139
  1380  C    3.72773758    C 1379  1.00618868    H 3744  0.92162569    H 3745  0.91584730    H 3746  0.91455903
  1381  C    3.73227610    C 1379  0.98777274    H 3747  0.91595629    H 3749  0.91529326    H 3748  0.91399845
  1382  N    3.17600339    C 1377  1.39896646    C 1383  0.96191811    H 3750  0.86771316    O 1378  0.08107166
  1383  C    3.88218434    C 1386  0.99404872    C 1384  0.96933442    N 1382  0.96191811    H 3751  0.91033434
  1384  C    3.92844193    O 1385  1.60128760    N 1391  1.36756963    C 1383  0.96933442
  1385  O    1.74888649    C 1384  1.60128760    N 1391  0.08695505
  1386  C    3.77859657    C 1383  0.99404872    C 1387  0.98306463    H 3753  0.91543211    H 3752  0.89658975
  1387  C    3.78103690    C 1386  0.98306463    C 1388  0.96790586    H 3754  0.90995491    H 3755  0.89905778
  1388  C    3.90451769    O 1389  1.58481595    O 1390  1.38444820    C 1387  0.96790586
  1389  O    1.72120849    C 1388  1.58481595    O 1390  0.10988724
  1390  O    1.51326828    C 1388  1.38444820    O 1389  0.10988724
  1391  N    3.17169392    C 1384  1.36756963    C 1392  0.94016351    H 3756  0.88795076    O 1385  0.08695505
  1392  C    3.83038272    C 1395  0.97842880    C 1393  0.95111932    N 1391  0.94016351    H 3757  0.90471966
  1393  C    3.93978830    O 1394  1.59251153    N 1398  1.41018752    C 1392  0.95111932
  1394  O    1.69197414    C 1393  1.59251153    N 1398  0.08272012
  1395  C    3.86729579    C 1397  1.01253941    C 1396  0.99938621    C 1392  0.97842880    H 3758  0.91944571
  1396  C    3.72979342    C 1395  0.99938621    H 3760  0.94026353    H 3761  0.92768019    H 3759  0.92276578
  1397  C    3.73593127    C 1395  1.01253941    H 3764  0.92701788    H 3763  0.92149082    H 3762  0.92073502
  1398  N    3.16517471    C 1393  1.41018752    C 1399  0.93443351    H 3765  0.86777786    O 1394  0.08272012
  1399  C    3.88858682    C 1402  1.01971539    C 1400  1.00374533    N 1398  0.93443351    H 3766  0.90989174
  1400  C    3.95135516    O 1401  1.51854112    N 1407  1.42990464    C 1399  1.00374533
  1401  O    1.62034118    C 1400  1.51854112    N 1407  0.08639519
  1402  C    3.81008552    C 1399  1.01971539    C 1403  1.00845962    H 3767  0.90522796    H 3768  0.89954570
  1403  C    3.81884783    C 1404  1.01761781    C 1402  1.00845962    H 3769  0.90918032    H 3770  0.90603997
  1404  C    3.78597038    C 1405  1.02688095    C 1403  1.01761781    H 3772  0.90556586    H 3771  0.89687662
  1405  C    3.73802039    C 1404  1.02688095    N 1406  0.94053377    H 3773  0.91187718    H 3774  0.90018222
  1406  N    3.36696024    C 1405  0.94053377    H 3776  0.83004331    H 3777  0.82657205    H 3775  0.82385605
  1407  N    3.18757469    C 1400  1.42990464    C 1408  0.92743719    H 3778  0.85995345    O 1401  0.08639519
  1408  C    3.84103556    C 1409  0.98453767    C 1411  0.96496071    N 1407  0.92743719    H 3779  0.90685022
  1409  C    3.95035472    O 1410  1.58500672    N 1413  1.38345309    C 1408  0.98453767
  1410  O    1.72346387    C 1409  1.58500672    N 1413  0.09122184
  1411  C    3.67223956    C 1408  0.96496071    O 1412  0.91095102    H 3780  0.90687132    H 3781  0.90418136
  1412  O    1.66502194    C 1411  0.91095102    H 3782  0.76383499
  1413  N    3.17984438    C 1409  1.38345309    C 1414  0.95448050    H 3783  0.86505333    O 1410  0.09122184
  1414  C    3.90754260    C 1417  1.02958132    C 1415  0.95551436    N 1413  0.95448050    H 3784  0.90537021
  1415  C    3.87737910    O 1416  1.54487836    N 1421  1.37487631    C 1414  0.95551436
  1416  O    1.65186759    C 1415  1.54487836    N 1421  0.08814251
  1417  C    3.88642636    C 1414  1.02958132    C 1419  0.99539850    C 1418  0.97281617    H 3785  0.91152881
  1418  C    3.78795705    C 1420  1.01237250    C 1417  0.97281617    H 3787  0.92326013    H 3786  0.91980662
  1419  C    3.71909035    C 1417  0.99539850    H 3788  0.92729708    H 3790  0.92399509    H 3789  0.92128410
  1420  C    3.73297616    C 1418  1.01237250    H 3793  0.93781374    H 3791  0.93259353    H 3792  0.92866226
  1421  N    3.17722245    C 1415  1.37487631    C 1422  0.96582066    H 3794  0.87049056    O 1416  0.08814251
  1422  C    3.85457851    C 1425  0.98863465    N 1421  0.96582066    C 1423  0.93270303    H 3795  0.90244289
  1423  C    3.86569095    O 1424  1.54627241    N 1428  1.38242734    C 1422  0.93270303
  1424  O    1.66568344    C 1423  1.54627241    N 1428  0.08547253
  1425  C    3.90659179    C 1427  1.03356749    C 1426  1.02942841    C 1422  0.98863465    H 3796  0.90910402
  1426  C    3.75459074    C 1425  1.02942841    H 3799  0.92005664    H 3798  0.91692482    H 3797  0.90770522
  1427  C    3.73671025    C 1425  1.03356749    H 3800  0.92184269    H 3801  0.91873749    H 3802  0.90843841
  1428  N    3.18346156    C 1423  1.38242734    C 1429  0.98052851    H 3803  0.86046615    O 1424  0.08547253
  1429  C    3.94228543    C 1432  1.01516789    C 1430  1.00471927    N 1428  0.98052851    H 3804  0.89759519
  1430  C    3.95910158    O 1431  1.55787040    N 1436  1.37390837    C 1429  1.00471927
  1431  O    1.66821969    C 1430  1.55787040    N 1436  0.07447359
  1432  C    3.79137479    C 1429  1.01516789    C 1433  0.95575968    H 3806  0.89702948    H 3805  0.88595926
  1433  C    3.90198839    O 1434  1.60771337    O 1435  1.37191016    C 1432  0.95575968
  1434  O    1.75771349    C 1433  1.60771337    O 1435  0.12479624
  1435  O    1.53853551    C 1433  1.37191016    O 1434  0.12479624
  1436  N    3.18077650    C 1430  1.37390837    C 1437  0.96852953    H 3807  0.85114874    O 1431  0.07447359
  1437  C    3.90686811    C 1440  1.00950612    C 1438  0.97223405    N 1436  0.96852953    H 3808  0.90521143
  1438  C    3.95320395    O 1439  1.61337686    N 1447  1.37323748    C 1437  0.97223405
  1439  O    1.73540368    C 1438  1.61337686    N 1447  0.08193190
  1440  C    3.81904124    C 1437  1.00950612    C 1441  0.99103147    H 3809  0.90261175    H 3810  0.89742246
  1441  C    3.88044165    C 1442  1.39215928    C 1443  1.38186526    C 1440  0.99103147    C 1446  0.05355354
  1442  C    3.85489778    C 1444  1.41076940    C 1441  1.39215928    H 3811  0.91411452    C 1445  0.05833273
  1443  C    3.82119814    C 1445  1.40375435    C 1441  1.38186526    H 3812  0.90543427    C 1444  0.05909683
  1444  C    3.85862640    C 1442  1.41076940    C 1446  1.40999628    H 3813  0.91465062    C 1443  0.05909683
  1445  C    3.82236698    C 1443  1.40375435    C 1446  1.40077362    H 3814  0.91080125    C 1442  0.05833273
  1446  C    3.83944253    C 1444  1.40999628    C 1445  1.40077362    H 3815  0.91949423    C 1441  0.05355354
  1447  N    3.18822607    C 1438  1.37323748    C 1448  0.98927175    H 3816  0.87066087    O 1439  0.08193190
  1448  C    3.87971639    N 1447  0.98927175    C 1449  0.96921528    C 1451  0.96582628    H 3817  0.90365980
  1449  C    3.91737597    O 1450  1.57740797    N 1454  1.37809236    C 1448  0.96921528
  1450  O    1.69689043    C 1449  1.57740797    N 1454  0.08572412
  1451  C    3.85576240    C 1453  1.00969393    C 1452  1.00918131    C 1448  0.96582628    H 3818  0.90805042
  1452  C    3.73238068    C 1451  1.00918131    H 3820  0.91978377    H 3821  0.91911257    H 3819  0.90534714
  1453  C    3.72523840    C 1451  1.00969393    H 3823  0.92061056    H 3824  0.91555957    H 3822  0.90946533
  1454  N    3.16621635    C 1449  1.37809236    C 1455  0.95484554    H 3825  0.85809980    O 1450  0.08572412
  1455  C    3.89341347    C 1458  1.00651115    C 1456  1.00062456    N 1454  0.95484554    H 3826  0.89657733
  1456  C    3.96215383    O 1457  1.58193250    N 1463  1.38352302    C 1455  1.00062456
  1457  O    1.73764346    C 1456  1.58193250    N 1463  0.08761996
  1458  C    3.80924413    C 1459  1.01499016    C 1455  1.00651115    H 3827  0.89741257    H 3828  0.89688238
  1459  C    3.82579598    C 1460  1.03481497    C 1458  1.01499016    H 3830  0.90873747    H 3829  0.89220604
  1460  C    3.82082821    C 1461  1.04921807    C 1459  1.03481497    H 3831  0.89979616    H 3832  0.89190052
  1461  C    3.75915052    C 1460  1.04921807    N 1462  0.94736377    H 3834  0.91838301    H 3833  0.90495227
  1462  N    3.38626236    C 1461  0.94736377    H 3837  0.82548563    H 3836  0.81799738    H 3835  0.80713783
  1463  N    3.19231334    C 1456  1.38352302    C 1464  1.00155050    H 3838  0.84382730    O 1457  0.08761996
  1464  C    3.96537056    C 1467  1.02259038    N 1463  1.00155050    C 1465  0.99304263    H 3839  0.89467303
  1465  C    4.01779698    O 1466  1.55220148    N 1471  1.47182255    C 1464  0.99304263
  1466  O    1.69311765    C 1465  1.55220148    N 1471  0.07266749
  1467  C    3.80390964    C 1464  1.02259038    C 1468  0.97018585    H 3841  0.88373681    H 3840  0.88258045
  1468  C    3.94993601    O 1469  1.59888011    O 1470  1.39427049    C 1467  0.97018585
  1469  O    1.76394563    C 1468  1.59888011    O 1470  0.12413788
  1470  O    1.57089055    C 1468  1.39427049    O 1469  0.12413788
  1471  N    3.21943551    C 1465  1.47182255    C 1472  0.93084204    H 3842  0.84747965    O 1466  0.07266749
  1472  C    3.86219613    C 1473  1.00042223    C 1475  0.98630195    N 1471  0.93084204    H 3843  0.89453992
  1473  C    4.00499950    O 1474  1.59694723    N 1481  1.41669742    C 1472  1.00042223
  1474  O    1.73291231    C 1473  1.59694723    N 1481  0.08800294
  1475  C    3.84081000    C 1476  1.06863028    C 1472  0.98630195    H 3844  0.89197458    H 3845  0.88909940
  1476  C    3.89801095    C 1478  1.59682509    N 1477  1.17642956    C 1475  1.06863028    C 1479  0.05039258
  1477  N    2.73537215    C 1479  1.45584528    C 1476  1.17642956    N 1480  0.05615833
  1478  C    3.76868135    C 1476  1.59682509    N 1480  1.22383332    H 3846  0.85174990
  1479  C    3.81117080    N 1477  1.45584528    N 1480  1.34157377    H 3847  0.91587093    C 1476  0.05039258
  1480  N    3.45602553    C 1479  1.34157377    C 1478  1.22383332    H 4804  0.83822515    N 1477  0.05615833
  1481  N    3.23713016    C 1473  1.41669742    C 1482  0.99441605    H 3848  0.84970348    O 1474  0.08800294
  1482  C    3.80016684    N 1481  0.99441605    C 1483  0.96721915    H 3849  0.89670927    H 3850  0.88073106
  1483  C    3.93229776    O 1484  1.56036426    N 1485  1.40589320    C 1482  0.96721915
  1484  O    1.71502758    C 1483  1.56036426    N 1485  0.07059173
  1485  N    3.16959215    C 1483  1.40589320    C 1486  0.97054013    H 3851  0.79796043    O 1484  0.07059173
  1486  C    3.89007699    C 1489  1.01181486    C 1487  0.97439381    N 1485  0.97054013    H 3852  0.89967979
  1487  C    3.93442848    O 1488  1.59989879    N 1493  1.37249287    C 1486  0.97439381
  1488  O    1.70242083    C 1487  1.59989879    N 1493  0.09157514
  1489  C    3.77681792    C 1486  1.01181486    C 1490  0.99306497    H 3853  0.91182563    H 3854  0.89040565
  1490  C    3.95688751    O 1491  1.56608876    N 1492  1.42449361    C 1489  0.99306497
  1491  O    1.67060868    C 1490  1.56608876    N 1492  0.08628613
  1492  N    3.15087071    C 1490  1.42449361    H 3856  0.85060020    H 3855  0.84142968    O 1491  0.08628613
  1493  N    3.18075224    C 1487  1.37249287    C 1494  0.92228163    H 3857  0.85941190    O 1488  0.09157514
  1494  C    3.82870285    C 1495  0.98578756    C 1497  0.95478528    H 3858  0.92632401    N 1493  0.92228163
  1495  C    3.93321997    O 1496  1.59463391    N 1504  1.36266282    C 1494  0.98578756
  1496  O    1.71719992    C 1495  1.59463391    N 1504  0.08672340
  1497  C    3.77914724    C 1498  0.98606480    C 1494  0.95478528    H 3860  0.91636953    H 3859  0.89412457
  1498  C    3.84415074    C 1500  1.37941363    C 1499  1.36403539    C 1497  0.98606480    C 1503  0.05594718
  1499  C    3.80100009    C 1501  1.40569674    C 1498  1.36403539    H 3861  0.91866089    C 1502  0.05655966
  1500  C    3.84930261    C 1502  1.42730508    C 1498  1.37941363    H 3862  0.92079727    C 1501  0.05905782
  1501  C    3.79368441    C 1499  1.40569674    C 1503  1.38874390    H 3863  0.91952955    C 1500  0.05905782
  1502  C    3.84352649    C 1500  1.42730508    C 1503  1.40122408    H 3864  0.92842430    C 1499  0.05655966
  1503  C    3.81923655    C 1502  1.40122408    C 1501  1.38874390    H 3865  0.92424874    C 1498  0.05594718
  1504  N    3.17038284    C 1495  1.36266282    C 1505  0.99224970    H 3866  0.86677145    O 1496  0.08672340
  1505  C    3.92712188    C 1506  1.00049105    C 1508  0.99954905    N 1504  0.99224970    H 3867  0.91868536
  1506  C    3.94676236    O 1507  1.58344671    N 1513  1.37472290    C 1505  1.00049105
  1507  O    1.71686825    C 1506  1.58344671    N 1513  0.09664269
  1508  C    3.78933927    C 1505  0.99954905    C 1509  0.99869593    H 3868  0.89906840    H 3869  0.89724356
  1509  C    3.80177407    C 1510  1.01161020    C 1508  0.99869593    H 3871  0.90262212    H 3870  0.89678007
  1510  C    3.80750426    C 1511  1.03801234    C 1509  1.01161020    H 3872  0.92337825    H 3873  0.91054737
  1511  C    3.74268141    C 1510  1.03801234    N 1512  0.93544744    H 3874  0.91499980    H 3875  0.90596776
  1512  N    3.39250917    C 1511  0.93544744    H 3878  0.83613473    H 3876  0.81991790    H 3877  0.81991393
  1513  N    3.15133828    C 1506  1.37472290    C 1514  0.90062204    H 3879  0.87442385    O 1507  0.09664269
  1514  C    3.83201942    C 1517  1.04299438    C 1515  0.94677044    H 3880  0.93126822    N 1513  0.90062204
  1515  C    3.91212233    O 1516  1.57937030    N 1518  1.39570514    C 1514  0.94677044
  1516  O    1.68631700    C 1515  1.57937030    N 1518  0.09004520
  1517  C    3.75461597    C 1514  1.04299438    H 3883  0.93743028    H 3882  0.91804831    H 3881  0.90200369
  1518  N    3.23380099    C 1515  1.39570514    C 1519  0.93550983    H 3884  0.87537716    O 1516  0.09004520
  1519  C    3.86664139    C 1522  1.01585084    C 1520  0.95901292    H 3885  0.93796572    N 1518  0.93550983
  1520  C    3.87545174    O 1521  1.58496410    N 1529  1.35805251    C 1519  0.95901292
  1521  O    1.67517936    C 1520  1.58496410    N 1529  0.09085995
  1522  C    3.85071172    C 1519  1.01585084    C 1523  0.98982597    H 3887  0.92311747    H 3886  0.91661343
  1523  C    3.86066054    C 1524  1.39765847    C 1525  1.37410287    C 1522  0.98982597    C 1528  0.05519319
  1524  C    3.82464507    C 1523  1.39765847    C 1526  1.38276181    H 3888  0.92869440    C 1527  0.05525763
  1525  C    3.84128519    C 1527  1.41983120    C 1523  1.37410287    H 3889  0.92148988    C 1526  0.05990723
  1526  C    3.80690554    C 1528  1.39691843    C 1524  1.38276181    H 3890  0.92925664    C 1525  0.05990723
  1527  C    3.84680717    C 1525  1.41983120    C 1528  1.39822891    H 3891  0.92724928    C 1524  0.05525763
  1528  C    3.82075056    C 1527  1.39822891    C 1526  1.39691843    H 3892  0.92320790    C 1523  0.05519319
  1529  N    3.20182784    C 1520  1.35805251    C 1530  0.96961759    H 3893  0.88255979    O 1521  0.09085995
  1530  C    3.90505849    C 1533  1.00482829    C 1531  0.97724580    N 1529  0.96961759    H 3894  0.94420379
  1531  C    3.92784559    O 1532  1.53970475    N 1537  1.41860044    C 1530  0.97724580
  1532  O    1.61853370    C 1531  1.53970475    N 1537  0.08380216
  1533  C    3.82096534    C 1530  1.00482829    C 1534  0.99652692    H 3896  0.91933092    H 3895  0.90515668
  1534  C    3.90274375    C 1536  1.03428643    C 1535  1.01115433    C 1533  0.99652692    H 3897  0.90229498
  1535  C    3.74418720    C 1534  1.01115433    H 3900  0.92862659    H 3898  0.91830128    H 3899  0.91676592
  1536  C    3.76009702    C 1534  1.03428643    H 3903  0.93350966    H 3902  0.93070480    H 3901  0.92473057
  1537  N    3.25133059    C 1531  1.41860044    C 1538  0.92558636    H 3904  0.88006299    O 1532  0.08380216
  1538  C    3.85097272    C 1541  0.98802048    C 1539  0.97752256    H 3905  0.95071953    N 1537  0.92558636
  1539  C    3.94387534    O 1540  1.58560611    N 1543  1.40387449    C 1538  0.97752256
  1540  O    1.65653994    C 1539  1.58560611    N 1543  0.08106480
  1541  C    3.78277428    C 1538  0.98802048    O 1542  0.97580865    H 3907  0.93371191    H 3906  0.91194383
  1542  O    1.73295725    C 1541  0.97580865    H 3908  0.76021127
  1543  N    3.20555918    C 1539  1.40387449    C 1544  0.92431977    H 3909  0.88775914    O 1540  0.08106480
  1544  C    3.84999723    C 1547  0.99412887    H 3910  0.95106267    C 1545  0.94329273    N 1543  0.92431977
  1545  C    3.86646221    O 1546  1.57100657    N 1551  1.37508017    C 1544  0.94329273
  1546  O    1.71536816    C 1545  1.57100657    N 1551  0.09796654
  1547  C    3.86815099    C 1549  0.99880583    C 1544  0.99412887    C 1548  0.97743983    H 3911  0.91792090
  1548  C    3.82299290    C 1550  1.04960445    C 1547  0.97743983    H 3913  0.91940295    H 3912  0.91745877
  1549  C    3.73301755    C 1547  0.99880583    H 3916  0.94153009    H 3915  0.93390801    H 3914  0.92964932
  1550  C    3.76945664    C 1548  1.04960445    H 3918  0.93649848    H 3919  0.93396811    H 3917  0.92042026
  1551  N    3.18263676    C 1545  1.37508017    C 1552  0.92670376    H 3920  0.90013561    O 1546  0.09796654
  1552  C    3.77549091    C 1553  0.95623704    H 3921  0.93872508    C 1555  0.92697135    N 1551  0.92670376
  1553  C    3.81379191    O 1554  1.50815709    N 1561  1.33460833    C 1552  0.95623704
  1554  O    1.61908683    C 1553  1.50815709    N 1561  0.08370305
  1555  C    3.84660051    C 1556  1.05992654    C 1552  0.92697135    H 3922  0.92510690    H 3923  0.91928661
  1556  C    3.83842598    C 1558  1.54622055    N 1557  1.17353177    C 1555  1.05992654
  1557  N    3.03574350    C 1559  1.38001193    C 1556  1.17353177    Zn2437  0.43301251
  1558  C    3.73666182    C 1556  1.54622055    N 1560  1.19296515    H 3924  0.94954859
  1559  C    3.75157383    N 1557  1.38001193    N 1560  1.35093608    H 3925  0.93603730
  1560  N    3.44936493    C 1559  1.35093608    C 1558  1.19296515    H 4799  0.84993674
  1561  N    3.14983976    C 1553  1.33460833    C 1562  0.97522788    H 3926  0.88656689    O 1554  0.08370305
  1562  C    3.88633162    C 1565  0.98348143    C 1563  0.98290198    N 1561  0.97522788    H 3927  0.92832480
  1563  C    3.89075745    O 1564  1.64063743    N 1567  1.28967018    C 1562  0.98290198
  1564  O    1.76391323    C 1563  1.64063743    N 1567  0.07940542
  1565  C    3.70429370    C 1562  0.98348143    H 3929  0.92369071    H 3928  0.92193065    O 1566  0.91910866
  1566  O    1.68286280    C 1565  0.91910866    H 3930  0.78682523
  1567  N    3.15212365    C 1563  1.28967018    C 1568  0.97386953    H 3931  0.89054989    O 1564  0.07940542
  1568  C    3.83314788    N 1567  0.97386953    C 1571  0.97098801    C 1569  0.94177710    H 3932  0.92354161
  1569  C    3.89177477    O 1570  1.56914698    N 1579  1.38906690    C 1568  0.94177710
  1570  O    1.69911434    C 1569  1.56914698    N 1579  0.07963246
  1571  C    3.83083354    C 1572  1.02051854    C 1568  0.97098801    H 3934  0.91727660    H 3933  0.89678017
  1572  C    3.87219389    C 1574  1.38822893    C 1573  1.36932984    C 1571  1.02051854
  1573  C    3.82305274    C 1575  1.43011758    C 1572  1.36932984    H 3935  0.91595514    C 1576  0.05527667
  1574  C    3.84730078    C 1576  1.40591643    C 1572  1.38822893    H 3936  0.91905206    C 1575  0.05470664
  1575  C    3.82288503    C 1573  1.43011758    C 1577  1.35851148    H 3937  0.92135060    C 1574  0.05470664
  1576  C    3.83602382    C 1574  1.40591643    C 1577  1.38455110    H 3938  0.91891398    C 1573  0.05527667
  1577  C    3.87615131    C 1576  1.38455110    C 1575  1.35851148    O 1578  1.00063536
  1578  O    1.81913918    C 1577  1.00063536    H 3939  0.71547432
  1579  N    3.20641361    C 1569  1.38906690    C 1580  0.97984206    H 3940  0.88681003    O 1570  0.07963246
  1580  C    3.89612779    C 1583  0.99192390    C 1581  0.98884162    N 1579  0.97984206    H 3941  0.90027039
  1581  C    3.94918665    O 1582  1.59425356    N 1585  1.38186741    C 1580  0.98884162
  1582  O    1.73786847    C 1581  1.59425356    N 1585  0.09215202
  1583  C    3.75677895    C 1580  0.99192390    O 1584  0.96061178    H 3942  0.92042470    H 3943  0.90546381
  1584  O    1.69466254    C 1583  0.96061178    H 3944  0.72944243
  1585  N    3.15108476    C 1581  1.38186741    C 1586  0.94397557    H 3945  0.85869861    O 1582  0.09215202
  1586  C    3.86411742    C 1589  0.99826201    C 1587  0.98032273    N 1585  0.94397557    H 3946  0.90496838
  1587  C    3.89449716    O 1588  1.54628426    N 1594  1.37522898    C 1586  0.98032273
  1588  O    1.66393270    C 1587  1.54628426    N 1594  0.09495350
  1589  C    3.78368043    C 1590  1.00090725    C 1586  0.99826201    H 3948  0.92918211    H 3947  0.91612409
  1590  C    3.77527409    C 1591  1.01511668    C 1589  1.00090725    H 3949  0.90546778    H 3950  0.88636548
  1591  C    3.91618216    O 1592  1.58749438    N 1593  1.33965866    C 1590  1.01511668
  1592  O    1.71525031    C 1591  1.58749438    N 1593  0.09432431
  1593  N    3.08776027    C 1591  1.33965866    H 3952  0.86591134    H 3951  0.85255190    O 1592  0.09432431
  1594  N    3.17130456    C 1587  1.37522898    C 1595  0.94780311    H 3953  0.86312682    O 1588  0.09495350
  1595  C    3.89767014    C 1598  1.02590805    C 1596  0.97130156    N 1594  0.94780311    H 3954  0.93516784
  1596  C    3.90717632    O 1597  1.58068076    N 1602  1.35452953    C 1595  0.97130156
  1597  O    1.66816660    C 1596  1.58068076    N 1602  0.08352445
  1598  C    3.81641875    C 1595  1.02590805    C 1599  0.98860286    H 3956  0.90659012    H 3955  0.90594878
  1599  C    3.88074858    C 1600  1.01918641    C 1601  1.00627319    C 1598  0.98860286    H 3957  0.91456397
  1600  C    3.74201832    C 1599  1.01918641    H 3958  0.91963552    H 3960  0.91828886    H 3959  0.90331129
  1601  C    3.73084196    C 1599  1.00627319    H 3963  0.92626629    H 3962  0.92041484    H 3961  0.91902283
  1602  N    3.18312966    C 1596  1.35452953    C 1603  0.91326212    H 3964  0.88407917    O 1597  0.08352445
  1603  C    3.85893645    C 1606  1.02390981    C 1604  0.97859879    H 3965  0.93084334    N 1602  0.91326212
  1604  C    3.87693573    O 1605  1.55542307    N 1610  1.35774944    C 1603  0.97859879
  1605  O    1.64676818    C 1604  1.55542307    N 1610  0.09092433
  1606  C    3.80780468    C 1603  1.02390981    C 1607  0.96465456    H 3966  0.91862943    H 3967  0.90217667
  1607  C    3.85949274    C 1608  1.01802879    C 1609  1.00637776    C 1606  0.96465456    H 3968  0.90464991
  1608  C    3.74035927    C 1607  1.01802879    H 3971  0.93351047    H 3970  0.92683391    H 3969  0.92463482
  1609  C    3.74187424    C 1607  1.00637776    H 3974  0.93195732    H 3973  0.92490748    H 3972  0.92062527
  1610  N    3.19762508    C 1604  1.35774944    C 1611  0.97928614    H 3975  0.86977084    O 1605  0.09092433
  1611  C    3.89149191    C 1614  0.98232607    N 1610  0.97928614    C 1612  0.97416687    H 3976  0.94232419
  1612  C    3.93413678    O 1613  1.60815975    N 1618  1.36131208    C 1611  0.97416687
  1613  O    1.69695557    C 1612  1.60815975    N 1618  0.08428283
  1614  C    3.79579024    C 1615  0.99550229    C 1611  0.98232607    H 3977  0.91204907    H 3978  0.90617049
  1615  C    3.89407315    C 1616  1.02328385    C 1617  1.02288610    C 1614  0.99550229    H 3979  0.90052190
  1616  C    3.74829491    C 1615  1.02328385    H 3982  0.93012950    H 3980  0.92252171    H 3981  0.90680715
  1617  C    3.74858140    C 1615  1.02288610    H 3984  0.92896305    H 3983  0.92601113    H 3985  0.91805436
  1618  N    3.17989269    C 1612  1.36131208    C 1619  0.93676769    H 3986  0.88418997    O 1613  0.08428283
  1619  C    3.83484746    C 1622  0.98981079    C 1620  0.96997814    N 1618  0.93676769    H 3987  0.90703019
  1620  C    3.94480588    O 1621  1.56694091    N 1630  1.40856439    C 1619  0.96997814
  1621  O    1.65837650    C 1620  1.56694091    N 1630  0.06847156
  1622  C    3.80531647    C 1619  0.98981079    C 1623  0.98656363    H 3989  0.91489380    H 3988  0.90089338
  1623  C    3.83704254    C 1624  1.38015199    C 1625  1.36805337    C 1622  0.98656363
  1624  C    3.83726450    C 1626  1.40939412    C 1623  1.38015199    H 3990  0.91666596    C 1627  0.05874038
  1625  C    3.82106871    C 1627  1.41012539    C 1623  1.36805337    H 3991  0.90398493    C 1626  0.05562719
  1626  C    3.83591001    C 1624  1.40939412    C 1628  1.38671064    H 3992  0.92760693    C 1625  0.05562719
  1627  C    3.80949936    C 1625  1.41012539    C 1628  1.36512739    H 3993  0.92180846    C 1624  0.05874038
  1628  C    3.82492961    C 1626  1.38671064    C 1627  1.36512739    O 1629  0.95526176
  1629  O    1.72000972    C 1628  0.95526176    H 3994  0.71223657
  1630  N    3.26506141    C 1620  1.40856439    C 1636  0.92764459    C 1631  0.92559508    O 1621  0.06847156
  1631  C    3.82827406    C 1634  0.99669075    C 1632  0.97009497    N 1630  0.92559508    H 3995  0.90814990
  1632  C    3.91436884    O 1633  1.60498237    N 1637  1.34398122    C 1631  0.97009497
  1633  O    1.74195861    C 1632  1.60498237    N 1637  0.07626367
  1634  C    3.77552746    C 1635  1.00616670    C 1631  0.99669075    H 3997  0.92127169    H 3996  0.90244963
  1635  C    3.76001368    C 1636  1.01156423    C 1634  1.00616670    H 3999  0.90794973    H 3998  0.90612525
  1636  C    3.74543491    C 1635  1.01156423    N 1630  0.92764459    H 4000  0.92255644    H 4001  0.91725908
  1637  N    3.20971261    C 1632  1.34398122    C 1638  0.97844484    H 4002  0.85862111    O 1633  0.07626367
  1638  C    3.85287973    C 1641  0.98410389    N 1637  0.97844484    C 1639  0.95930802    H 4003  0.92919730
  1639  C    3.93597702    O 1640  1.61953234    N 1649  1.36557629    C 1638  0.95930802
  1640  O    1.70532526    C 1639  1.61953234    N 1649  0.08384554
  1641  C    3.84200973    C 1642  1.01007849    C 1638  0.98410389    H 4005  0.92372145    H 4004  0.90198395
  1642  C    3.86265446    C 1644  1.38168089    C 1643  1.35847701    C 1641  1.01007849
  1643  C    3.81642706    C 1645  1.43136350    C 1642  1.35847701    H 4006  0.91150558    C 1646  0.05405228
  1644  C    3.84143223    C 1646  1.40923513    C 1642  1.38168089    H 4007  0.91889789    C 1645  0.05810804
  1645  C    3.79819138    C 1643  1.43136350    C 1647  1.33829584    H 4008  0.90732712    C 1644  0.05810804
  1646  C    3.83180982    C 1644  1.40923513    C 1647  1.38093084    H 4009  0.92083180    C 1643  0.05405228
  1647  C    3.86686966    C 1646  1.38093084    C 1645  1.33829584    O 1648  1.02486068
  1648  O    1.80588248    C 1647  1.02486068    H 4010  0.69920043
  1649  N    3.15772459    C 1639  1.36557629    C 1650  0.96438777    H 4011  0.86714318    O 1640  0.08384554
  1650  C    3.77797115    C 1651  0.99556095    N 1649  0.96438777    H 4013  0.92672919    H 4012  0.88589582
  1651  C    3.88768050    O 1652  1.60356223    N 1653  1.31272448    C 1650  0.99556095
  1652  O    1.70965232    C 1651  1.60356223    N 1653  0.07963521
  1653  N    3.12362063    C 1651  1.31272448    C 1654  0.97877447    H 4014  0.87138473    O 1652  0.07963521
  1654  C    3.89447385    C 1655  0.98686168    C 1657  0.98441772    N 1653  0.97877447    H 4015  0.89330678
  1655  C    3.97371596    O 1656  1.60906159    N 1665  1.38361387    C 1654  0.98686168
  1656  O    1.75377207    C 1655  1.60906159    N 1665  0.08506379
  1657  C    3.80340638    C 1658  0.99972390    C 1654  0.98441772    H 4017  0.89627652    H 4016  0.89429288
  1658  C    3.87362542    C 1660  1.39529799    C 1659  1.38390182    C 1657  0.99972390
  1659  C    3.82677608    C 1661  1.41055470    C 1658  1.38390182    H 4018  0.91010756    C 1662  0.05459238
  1660  C    3.86930765    C 1662  1.43410757    C 1658  1.39529799    H 4019  0.90950801    C 1661  0.05711647
  1661  C    3.79274654    C 1659  1.41055470    C 1663  1.36443324    H 4020  0.90957861    C 1660  0.05711647
  1662  C    3.83705575    C 1660  1.43410757    C 1663  1.35875288    H 4021  0.91523991    C 1659  0.05459238
  1663  C    3.86453868    C 1661  1.36443324    C 1662  1.35875288    O 1664  1.01556528
  1664  O    1.83054432    C 1663  1.01556528    H 4022  0.72636579
  1665  N    3.21237752    C 1655  1.38361387    C 1666  0.97707232    H 4023  0.85134531    O 1656  0.08506379
  1666  C    3.86882828    C 1667  0.97808156    N 1665  0.97707232    C 1669  0.94719772    H 4024  0.90379505
  1667  C    3.89922165    O 1668  1.61752681    N 1672  1.32664630    C 1666  0.97808156
  1668  O    1.74609730    C 1667  1.61752681    N 1672  0.09170475
  1669  C    3.77226724    C 1671  1.03646040    C 1666  0.94719772    H 4025  0.89673200    O 1670  0.89488074
  1670  O    1.62628653    C 1669  0.89488074    H 4026  0.72155096
  1671  C    3.71570119    C 1669  1.03646040    H 4029  0.91589711    H 4027  0.90632426    H 4028  0.90138706
  1672  N    3.15936625    C 1667  1.32664630    C 1673  0.98257709    H 4030  0.85046300    O 1668  0.09170475
  1673  C    3.86257668    C 1674  0.98805897    N 1672  0.98257709    C 1676  0.96288969    H 4031  0.86908333
  1674  C    3.93750320    O 1675  1.58301797    N 1679  1.35999490    C 1673  0.98805897
  1675  O    1.74671795    C 1674  1.58301797    N 1679  0.08330128
  1676  C    3.81565329    C 1678  1.02853935    C 1673  0.96288969    O 1677  0.93061216    H 4032  0.88583764
  1677  O    1.64193518    C 1676  0.93061216    H 4033  0.70374310
  1678  C    3.73493084    C 1676  1.02853935    H 4034  0.90529398    H 4036  0.90146695    H 4035  0.88777937
  1679  N    3.18161084    C 1674  1.35999490    C 1680  0.97294920    H 4037  0.85068804    O 1675  0.08330128
  1680  C    3.92828282    C 1683  1.01804388    C 1681  0.98469753    N 1679  0.97294920    H 4038  0.90134987
  1681  C    3.96352215    O 1682  1.66373102    N 1688  1.32210798    C 1680  0.98469753
  1682  O    1.78380444    C 1681  1.66373102    N 1688  0.08218002
  1683  C    3.79567410    C 1680  1.01804388    C 1684  0.99984232    H 4039  0.89037148    H 4040  0.88921905
  1684  C    3.79694412    C 1685  1.01370198    C 1683  0.99984232    H 4042  0.91322717    H 4041  0.88391235
  1685  C    3.98280407    O 1686  1.57060209    N 1687  1.41195938    C 1684  1.01370198
  1686  O    1.71928117    C 1685  1.57060209    N 1687  0.09664609
  1687  N    3.15563118    C 1685  1.41195938    H 4043  0.82989853    H 4044  0.82835575    O 1686  0.09664609
  1688  N    3.15554618    C 1681  1.32210798    C 1689  0.95231902    H 4045  0.86505923    O 1682  0.08218002
  1689  C    3.85974600    C 1692  0.99078441    C 1690  0.98717925    N 1688  0.95231902    H 4046  0.88851320
  1690  C    3.94265076    O 1691  1.55973859    N 1694  1.39614473    C 1689  0.98717925
  1691  O    1.68312459    C 1690  1.55973859    N 1694  0.07936268
  1692  C    3.75852247    O 1693  0.99383895    C 1689  0.99078441    H 4047  0.91987812    H 4048  0.90182861
  1693  O    1.68919509    C 1692  0.99383895    H 4049  0.71013400
  1694  N    3.19876938    C 1690  1.39614473    C 1695  0.97649209    H 4050  0.83684291    O 1691  0.07936268
  1695  C    3.88964490    C 1698  0.97764539    N 1694  0.97649209    C 1696  0.95265653    H 4051  0.89684107
  1696  C    3.92770230    O 1697  1.58993093    N 1702  1.37309347    C 1695  0.95265653
  1697  O    1.71410975    C 1696  1.58993093    N 1702  0.06753038
  1698  C    3.90597163    C 1700  1.03661332    C 1699  1.01721936    C 1695  0.97764539    H 4052  0.89398152
  1699  C    3.82653904    C 1701  1.03830830    C 1698  1.01721936    H 4054  0.91690342    H 4053  0.91677387
  1700  C    3.72231217    C 1698  1.03661332    H 4057  0.91595988    H 4056  0.91176096    H 4055  0.90830828
  1701  C    3.70907460    C 1699  1.03830830    H 4060  0.91585585    H 4059  0.91463898    H 4058  0.90705081
  1702  N    3.29955099    C 1696  1.37309347    C 1708  0.98331476    C 1703  0.94566192    O 1697  0.06753038
  1703  C    3.88656106    C 1706  1.00884258    C 1704  0.99132726    N 1702  0.94566192    H 4061  0.87584942
  1704  C    3.96594160    O 1705  1.58663202    N 1709  1.38676078    C 1703  0.99132726
  1705  O    1.73753336    C 1704  1.58663202    N 1709  0.08866783
  1706  C    3.82070409    C 1707  1.04183867    C 1703  1.00884258    H 4063  0.88688016    H 4062  0.88346580
  1707  C    3.81326067    C 1706  1.04183867    C 1708  1.03609355    H 4064  0.89458819    H 4065  0.87769020
  1708  C    3.79762294    C 1707  1.03609355    N 1702  0.98331476    H 4067  0.88950680    H 4066  0.88437973
  1709  N    3.16394480    C 1704  1.38676078    C 1710  0.97047320    H 4068  0.83685346    O 1705  0.08866783
  1710  C    3.91411722    C 1713  1.01607669    C 1711  0.98177434    N 1709  0.97047320    H 4069  0.88643304
  1711  C    3.96143081    O 1712  1.56963095    N 1717  1.41630092    C 1710  0.98177434
  1712  O    1.67402996    C 1711  1.56963095    N 1717  0.08450952
  1713  C    3.77814833    C 1710  1.01607669    C 1714  0.98245990    H 4071  0.89823398    H 4070  0.87379708
  1714  C    3.94245292    O 1716  1.58272039    O 1715  1.40337193    C 1713  0.98245990
  1715  O    1.54595579    C 1714  1.40337193    O 1716  0.10921755
  1716  O    1.76000513    C 1714  1.58272039    O 1715  0.10921755
  1717  N    3.23418256    C 1711  1.41630092    C 1718  0.97521381    H 4072  0.84826057    O 1712  0.08450952
  1718  C    3.89433475    C 1721  1.02410312    C 1719  0.98610590    N 1717  0.97521381    H 4073  0.87684144
  1719  C    3.96740632    O 1720  1.61012756    N 1726  1.38048122    C 1718  0.98610590
  1720  O    1.71403407    C 1719  1.61012756    N 1726  0.07095276
  1721  C    3.82011528    C 1722  1.04413639    C 1718  1.02410312    H 4074  0.90956238    H 4075  0.89262832
  1722  C    3.81998340    C 1721  1.04413639    C 1723  1.02842970    H 4077  0.89832398    H 4076  0.89149585
  1723  C    3.82834629    C 1724  1.05212381    C 1722  1.02842970    H 4079  0.90192551    H 4078  0.87740621
  1724  C    3.75322144    C 1723  1.05212381    N 1725  0.95746189    H 4081  0.90435158    H 4080  0.89416454
  1725  N    3.30360657    C 1724  0.95746189    H 4082  0.85444116    H 4084  0.83883974    H 4083  0.79808389
  1726  N    3.17981541    C 1719  1.38048122    C 1727  0.96284921    H 4085  0.84283725    O 1720  0.07095276
  1727  C    3.84743468    C 1728  0.97145519    C 1730  0.96377973    N 1726  0.96284921    H 4086  0.88211760
  1728  C    3.97739895    O 1729  1.61329091    N 1733  1.38956286    C 1727  0.97145519
  1729  O    1.73766179    C 1728  1.61329091    N 1733  0.08573996
  1730  C    3.84569306    C 1732  1.02800375    C 1727  0.96377973    O 1731  0.96080192    H 4087  0.89729903
  1731  O    1.67694469    C 1730  0.96080192    H 4088  0.70423164
  1732  C    3.73876538    C 1730  1.02800375    H 4089  0.90532719    H 4091  0.90318788    H 4090  0.89061573
  1733  N    3.21492723    C 1728  1.38956286    C 1734  0.98889544    H 4092  0.83784584    O 1729  0.08573996
  1734  C    3.93544854    C 1737  1.02628813    N 1733  0.98889544    C 1735  0.96690820    H 4093  0.89358865
  1735  C    3.86908831    O 1736  1.53852948    N 1742  1.36399678    C 1734  0.96690820
  1736  O    1.64462197    C 1735  1.53852948    N 1742  0.09779444
  1737  C    3.81836996    C 1734  1.02628813    C 1738  1.00752941    H 4095  0.90122441    H 4094  0.89938531
  1738  C    3.76737155    C 1737  1.00752941    C 1739  0.94663169    H 4096  0.89345203    H 4097  0.88606228
  1739  C    3.83256802    O 1740  1.54360904    O 1741  1.29832756    C 1738  0.94663169
  1740  O    1.69316273    C 1739  1.54360904    O 1741  0.10378521
  1741  O    1.48589895    C 1739  1.29832756    H 4455  0.11191639    O 1740  0.10378521
  1742  N    3.13290655    C 1735  1.36399678    C 1743  0.94160125    H 4098  0.85615128    O 1736  0.09779444
  1743  C    3.85688332    C 1746  1.01426991    C 1744  0.95834126    N 1742  0.94160125    H 4099  0.90506462
  1744  C    3.94712435    O 1745  1.61759358    N 1750  1.37457447    C 1743  0.95834126
  1745  O    1.72875562    C 1744  1.61759358    N 1750  0.07780139
  1746  C    3.79253001    C 1743  1.01426991    C 1747  0.98884427    H 4101  0.90315688    H 4100  0.89226421
  1747  C    3.89909103    C 1749  1.03957334    C 1748  1.00808143    C 1746  0.98884427    H 4102  0.90616154
  1748  C    3.72063196    C 1747  1.00808143    H 4104  0.91831056    H 4103  0.91294502    H 4105  0.91136116
  1749  C    3.73977381    C 1747  1.03957334    H 4108  0.92307896    H 4107  0.91597965    H 4106  0.91185229
  1750  N    3.21685116    C 1744  1.37457447    C 1751  1.00388713    H 4109  0.87017856    O 1745  0.07780139
  1751  C    3.91180613    N 1750  1.00388713    C 1752  0.99680272    C 1754  0.98411047    H 4110  0.89463595
  1752  C    3.95621562    O 1753  1.58650389    N 1758  1.37748714    C 1751  0.99680272
  1753  O    1.69524689    C 1752  1.58650389    N 1758  0.07563222
  1754  C    3.78091002    C 1755  1.00705876    C 1751  0.98411047    H 4111  0.90967115    H 4112  0.89243188
  1755  C    3.91258829    O 1756  1.51600198    N 1757  1.40338469    C 1754  1.00705876
  1756  O    1.67414884    C 1755  1.51600198    N 1757  0.10089976
  1757  N    3.13187366    C 1755  1.40338469    H 4114  0.85029416    H 4113  0.84147281    O 1756  0.10089976
  1758  N    3.21591353    C 1752  1.37748714    C 1759  1.00636402    H 4115  0.86035727    O 1753  0.07563222
  1759  C    3.90678139    N 1758  1.00636402    C 1760  0.99937902    C 1762  0.97839589    H 4116  0.89554909
  1760  C    4.02596731    O 1761  1.62346524    N 1767  1.42222014    C 1759  0.99937902
  1761  O    1.73141496    C 1760  1.62346524    N 1767  0.07636873
  1762  C    3.76961173    C 1763  0.98886053    C 1759  0.97839589    H 4118  0.89667622    H 4117  0.89174918
  1763  C    3.77490174    C 1762  0.98886053    C 1764  0.97699528    H 4119  0.90428298    H 4120  0.88568393
  1764  C    3.89340874    O 1765  1.54279683    N 1766  1.37865333    C 1763  0.97699528
  1765  O    1.69634873    C 1764  1.54279683    N 1766  0.09555187
  1766  N    3.14347263    C 1764  1.37865333    H 4122  0.84209064    H 4121  0.83635098    O 1765  0.09555187
  1767  N    3.18938107    C 1760  1.42222014    C 1768  0.96427222    H 4123  0.86385995    O 1761  0.07636873
  1768  C    3.89027214    C 1771  0.99720911    N 1767  0.96427222    C 1769  0.95952824    H 4124  0.90267399
  1769  C    3.95326768    O 1770  1.60726627    N 1774  1.39737264    C 1768  0.95952824
  1770  O    1.71338104    C 1769  1.60726627    N 1774  0.08327568
  1771  C    3.85778740    C 1773  1.01938795    C 1768  0.99720911    C 1772  0.98332406    H 4125  0.89856714
  1772  C    3.69710833    C 1771  0.98332406    H 4128  0.91845536    H 4127  0.91431247    H 4126  0.90144362
  1773  C    3.74908293    C 1771  1.01938795    H 4130  0.92643285    H 4131  0.92512655    H 4129  0.90339767
  1774  N    3.16296036    C 1769  1.39737264    C 1775  0.93257912    H 4132  0.87303004    O 1770  0.08327568
  1775  C    3.85576486    C 1778  1.02128141    C 1776  1.00064708    N 1774  0.93257912    H 4133  0.89600935
  1776  C    3.93748114    O 1777  1.58763764    N 1779  1.35152952    C 1775  1.00064708
  1777  O    1.69284083    C 1776  1.58763764    N 1779  0.08150630
  1778  C    3.71768975    C 1775  1.02128141    H 4136  0.93159817    H 4134  0.90908997    H 4135  0.90567141
  1779  N    3.14332455    C 1776  1.35152952    C 1780  0.96011888    H 4137  0.86798331    O 1777  0.08150630
  1780  C    3.87395164    C 1783  1.00318679    C 1781  0.97764317    N 1779  0.96011888    H 4138  0.89153475
  1781  C    3.94355350    O 1782  1.58401493    N 1788  1.38736425    C 1780  0.97764317
  1782  O    1.69804485    C 1781  1.58401493    N 1788  0.07955939
  1783  C    3.80441938    C 1784  1.03130807    C 1780  1.00318679    H 4139  0.90283404    H 4140  0.89477572
  1784  C    3.81827026    C 1783  1.03130807    C 1785  1.01318635    H 4142  0.89539410    H 4141  0.89404210
  1785  C    3.82756612    C 1786  1.06909761    C 1784  1.01318635    H 4144  0.89683339    H 4143  0.89100421
  1786  C    3.77060544    C 1785  1.06909761    N 1787  0.95407737    H 4145  0.90007243    H 4146  0.89764833
  1787  N    3.38745731    C 1786  0.95407737    H 4149  0.81563288    H 4148  0.81526916    H 4147  0.81463603
  1788  N    3.19672060    C 1781  1.38736425    C 1789  1.00345849    H 4150  0.85488030    O 1782  0.07955939
  1789  C    3.91809649    N 1788  1.00345849    C 1792  0.99283586    C 1790  0.99278199    H 4151  0.89828058
  1790  C    4.00925860    O 1791  1.59131345    N 1794  1.43734447    C 1789  0.99278199
  1791  O    1.71375869    C 1790  1.59131345    N 1794  0.09242361
  1792  C    3.68395736    C 1789  0.99283586    O 1793  0.91248311    H 4153  0.89970490    H 4152  0.89429821
  1793  O    1.62998153    C 1792  0.91248311    H 4154  0.73792534
  1794  N    3.18107386    C 1790  1.43734447    C 1795  0.92584378    H 4155  0.86022404    O 1791  0.09242361
  1795  C    3.83564310    C 1798  1.01725578    C 1796  0.97148704    N 1794  0.92584378    H 4156  0.91491121
  1796  C    3.96319439    O 1797  1.61207877    N 1799  1.39824807    C 1795  0.97148704
  1797  O    1.72339483    C 1796  1.61207877    N 1799  0.08101990
  1798  C    3.70994622    C 1795  1.01725578    H 4159  0.92620382    H 4158  0.90783996    H 4157  0.90183227
  1799  N    3.16991755    C 1796  1.39824807    C 1800  0.95483037    H 4160  0.87887434    O 1797  0.08101990
  1800  C    3.89508199    C 1803  1.00715786    C 1801  0.98792891    N 1799  0.95483037    H 4161  0.88712306
  1801  C    3.89297239    O 1802  1.56805201    N 1806  1.33548182    C 1800  0.98792891
  1802  O    1.69596442    C 1801  1.56805201    N 1806  0.09145003
  1803  C    3.92465080    C 1804  1.04246751    C 1805  1.02540659    C 1800  1.00715786    H 4162  0.90448608
  1804  C    3.76341398    C 1803  1.04246751    H 4164  0.91140381    H 4165  0.91102281    H 4163  0.90713975
  1805  C    3.72246434    C 1803  1.02540659    H 4167  0.91760849    H 4166  0.91275517    H 4168  0.90906309
  1806  N    3.15163521    C 1801  1.33548182    C 1807  0.96983474    H 4169  0.86298487    O 1802  0.09145003
  1807  C    3.89019643    C 1810  1.02800918    N 1806  0.96983474    C 1808  0.96024363    H 4170  0.89685355
  1808  C    3.94441407    O 1809  1.60202805    N 1811  1.38329362    C 1807  0.96024363
  1809  O    1.74348925    C 1808  1.60202805    N 1811  0.08178161
  1810  C    3.73686493    C 1807  1.02800918    H 4171  0.91063289    H 4173  0.90833543    H 4172  0.90149735
  1811  N    3.19488255    C 1808  1.38329362    C 1812  0.97103247    H 4174  0.85548463    O 1809  0.08178161
  1812  C    3.89410077    C 1815  1.00852851    C 1813  0.98681927    N 1811  0.97103247    H 4175  0.90376804
  1813  C    4.00244064    O 1814  1.55620030    N 1816  1.45624888    C 1812  0.98681927
  1814  O    1.67677293    C 1813  1.55620030    N 1816  0.06686637
  1815  C    3.70523108    C 1812  1.00852851    H 4177  0.91272636    H 4176  0.90960261    H 4178  0.90771990
  1816  N    3.26780200    C 1813  1.45624888    C 1817  0.99169800    H 4179  0.85224308    O 1814  0.06686637
  1817  C    3.84703546    N 1816  0.99169800    C 1820  0.97271937    C 1818  0.95541012    H 4180  0.89406830
  1818  C    3.97059053    O 1819  1.61710473    N 1824  1.42316146    C 1817  0.95541012
  1819  O    1.74359129    C 1818  1.61710473    N 1824  0.07738779
  1820  C    3.77280013    C 1821  0.98852103    C 1817  0.97271937    H 4181  0.92183321    H 4182  0.90017432
  1821  C    3.86520083    C 1822  1.01235501    C 1823  1.00698430    C 1820  0.98852103    H 4183  0.90819007
  1822  C    3.73350698    C 1821  1.01235501    H 4186  0.92355883    H 4185  0.91542252    H 4184  0.90959964
  1823  C    3.74058091    C 1821  1.00698430    H 4189  0.93039902    H 4188  0.92842785    H 4187  0.91765289
  1824  N    3.19273841    C 1818  1.42316146    C 1825  0.96767927    H 4190  0.85771002    O 1819  0.07738779
  1825  C    3.87782798    C 1826  1.01328953    C 1828  0.98470690    N 1824  0.96767927    H 4191  0.87900268
  1826  C    3.98108347    O 1827  1.56691567    N 1833  1.40850462    C 1825  1.01328953
  1827  O    1.66254880    C 1826  1.56691567    N 1833  0.07790351
  1828  C    3.79165436    C 1829  1.02905105    C 1825  0.98470690    H 4192  0.90664466    H 4193  0.88238510
  1829  C    3.82937849    C 1828  1.02905105    C 1830  1.02669624    H 4195  0.90285383    H 4194  0.89732896
  1830  C    3.81876319    C 1831  1.04848974    C 1829  1.02669624    H 4197  0.88897266    H 4196  0.88483666
  1831  C    3.76971739    C 1830  1.04848974    N 1832  0.95768903    H 4198  0.90680680    H 4199  0.90321093
  1832  N    3.36596692    C 1831  0.95768903    H 4201  0.82276956    H 4200  0.81188537    H 4202  0.80335766
  1833  N    3.19498538    C 1826  1.40850462    C 1834  0.99669579    H 4203  0.84986461    O 1827  0.07790351
  1834  C    3.91951365    C 1835  1.00461726    N 1833  0.99669579    C 1837  0.97285831    H 4204  0.88390215
  1835  C    3.97139264    O 1836  1.55511139    N 1839  1.39955991    C 1834  1.00461726
  1836  O    1.71343596    C 1835  1.55511139    N 1839  0.08930515
  1837  C    3.71693726    C 1834  0.97285831    O 1838  0.95195050    H 4206  0.89671907    H 4205  0.88969734
  1838  O    1.64932623    C 1837  0.95195050    H 4207  0.71511221
  1839  N    3.19512740    C 1835  1.39955991    C 1840  0.95079110    H 4208  0.82780723    O 1836  0.08930515
  1840  C    3.87117151    C 1843  0.99644833    C 1841  0.98308028    N 1839  0.95079110    H 4209  0.92306986
  1841  C    3.99922215    O 1842  1.61843722    N 1847  1.39363952    C 1840  0.98308028
  1842  O    1.76415630    C 1841  1.61843722    N 1847  0.08298815
  1843  C    3.84833942    C 1844  1.06240902    C 1840  0.99644833    H 4210  0.89648546    H 4211  0.88027965
  1844  C    3.94972203    C 1843  1.06240902    C 1846  1.03109017    C 1845  1.00772388    H 4212  0.88965377
  1845  C    3.70353606    C 1844  1.00772388    H 4215  0.91446085    H 4213  0.90465209    H 4214  0.89739241
  1846  C    3.75618861    C 1844  1.03109017    H 4218  0.92071526    H 4217  0.90874863    H 4216  0.90488767
  1847  N    3.17856794    C 1841  1.39363952    C 1848  0.97804827    H 4219  0.83750158    O 1842  0.08298815
  1848  C    3.91586579    C 1849  1.01437929    C 1851  0.98862648    N 1847  0.97804827    H 4220  0.88853530
  1849  C    4.01245600    O 1850  1.59386072    N 1859  1.41220789    C 1848  1.01437929
  1850  O    1.74059225    C 1849  1.59386072    N 1859  0.08666477
  1851  C    3.82202394    C 1852  1.01708868    C 1848  0.98862648    H 4222  0.88956601    H 4221  0.88074446
  1852  C    3.91516149    C 1854  1.40216818    C 1853  1.38551294    C 1851  1.01708868
  1853  C    3.88294165    C 1855  1.44196905    C 1852  1.38551294    H 4223  0.90371066    C 1856  0.05568953
  1854  C    3.83271475    C 1856  1.41083248    C 1852  1.40216818    H 4224  0.89704299    C 1855  0.05280084
  1855  C    3.84405915    C 1853  1.44196905    C 1857  1.34370554    H 4225  0.90619813    C 1854  0.05280084
  1856  C    3.79638031    C 1854  1.41083248    C 1857  1.38976279    H 4226  0.90183931    C 1853  0.05568953
  1857  C    3.85696895    C 1856  1.38976279    C 1855  1.34370554    O 1858  0.99791357
  1858  O    1.77580080    C 1857  0.99791357    H 4227  0.70863647
  1859  N    3.19002213    C 1849  1.41220789    C 1860  0.95588592    H 4228  0.85658509    O 1850  0.08666477
  1860  C    3.79407639    C 1861  0.99948950    N 1859  0.95588592    H 4229  0.89997964    H 4230  0.88424351
  1861  C    3.96504221    O 1862  1.58754705    N 1863  1.39135495    C 1860  0.99948950
  1862  O    1.73790062    C 1861  1.58754705    N 1863  0.08510749
  1863  N    3.19696443    C 1861  1.39135495    C 1864  0.93773702    H 4231  0.84764436    O 1862  0.08510749
  1864  C    3.85918803    C 1865  0.97925412    C 1867  0.97685544    N 1863  0.93773702    H 4232  0.91789012
  1865  C    3.96831025    O 1866  1.61039339    N 1870  1.39373467    C 1864  0.97925412
  1866  O    1.73926099    C 1865  1.61039339    N 1870  0.08688242
  1867  C    3.82112888    C 1869  1.00493357    C 1864  0.97685544    O 1868  0.96384241    H 4233  0.90267604
  1868  O    1.64883322    C 1867  0.96384241    H 4234  0.68444226
  1869  C    3.71181158    C 1867  1.00493357    H 4237  0.92603218    H 4236  0.91154888    H 4235  0.89960838
  1870  N    3.25979730    C 1865  1.39373467    C 1871  0.98951937    H 4238  0.85106147    O 1866  0.08688242
  1871  C    3.90751359    C 1872  0.98952458    N 1870  0.98951937    C 1874  0.98620660    H 4239  0.91200953
  1872  C    3.94501091    O 1873  1.57846666    N 1876  1.38114935    C 1871  0.98952458
  1873  O    1.68965327    C 1872  1.57846666    N 1876  0.09495753
  1874  C    3.75135264    C 1871  0.98620660    O 1875  0.97092282    H 4241  0.90435097    H 4240  0.89455764
  1875  O    1.69986867    C 1874  0.97092282    H 4242  0.72736798
  1876  N    3.22883104    C 1872  1.38114935    C 1877  0.96830334    H 4243  0.84432181    O 1873  0.09495753
  1877  C    3.88461838    C 1880  0.99578704    C 1878  0.97994484    N 1876  0.96830334    H 4244  0.91491979
  1878  C    3.96837401    O 1879  1.56765145    N 1888  1.42576919    C 1877  0.97994484
  1879  O    1.68857647    C 1878  1.56765145    N 1888  0.07697419
  1880  C    3.83891589    C 1881  1.00442410    C 1877  0.99578704    H 4246  0.90775403    H 4245  0.90401441
  1881  C    3.87153318    C 1882  1.38594350    C 1883  1.37388400    C 1880  1.00442410
  1882  C    3.85120799    C 1884  1.42281247    C 1881  1.38594350    H 4247  0.92506387    C 1885  0.05599030
  1883  C    3.84313086    C 1885  1.42585499    C 1881  1.37388400    H 4248  0.92519927    C 1884  0.05118192
  1884  C    3.80876776    C 1882  1.42281247    C 1886  1.35849473    H 4249  0.91970843    C 1883  0.05118192
  1885  C    3.79110774    C 1883  1.42585499    C 1886  1.34576699    H 4250  0.91516825    C 1882  0.05599030
  1886  C    3.86051795    C 1884  1.35849473    C 1885  1.34576699    O 1887  1.05877567
  1887  O    1.85702352    C 1886  1.05877567    H 4251  0.73379092
  1888  N    3.23130849    C 1878  1.42576919    C 1889  0.96503246    H 4252  0.84653480    O 1879  0.07697419
  1889  C    3.88282624    C 1892  1.01403019    N 1888  0.96503246    C 1890  0.95669841    H 4253  0.90351382
  1890  C    3.87995421    O 1891  1.57057084    N 1897  1.34902813    C 1889  0.95669841
  1891  O    1.65155989    C 1890  1.57057084    N 1897  0.09220002
  1892  C    3.81006760    C 1893  1.03979757    C 1889  1.01403019    H 4255  0.91062842    H 4254  0.90366672
  1893  C    3.84690087    C 1892  1.03979757    C 1894  1.02946568    H 4257  0.91139239    H 4256  0.89585587
  1894  C    3.81871023    C 1895  1.04349972    C 1893  1.02946568    H 4259  0.89080085    H 4258  0.88048798
  1895  C    3.75736165    C 1894  1.04349972    N 1896  0.95401928    H 4261  0.91142523    H 4260  0.89522713
  1896  N    3.32923621    C 1895  0.95401928    H 4263  0.83096790    H 4262  0.82821209    H 4264  0.80730166
  1897  N    3.17921077    C 1890  1.34902813    C 1898  0.94104655    H 4265  0.86211245    O 1891  0.09220002
  1898  C    3.87152613    C 1901  1.02091881    C 1899  0.97145771    N 1897  0.94104655    H 4266  0.90192104
  1899  C    3.94133975    O 1900  1.54213714    N 1909  1.44584639    C 1898  0.97145771
  1900  O    1.68009083    C 1899  1.54213714    N 1909  0.08959525
  1901  C    3.83469387    C 1898  1.02091881    C 1902  1.00759837    H 4268  0.89437303    H 4267  0.89182800
  1902  C    3.87571338    C 1903  1.39166467    C 1904  1.37711049    C 1901  1.00759837
  1903  C    3.83702533    C 1905  1.40554895    C 1902  1.39166467    H 4269  0.91069893    C 1906  0.05668815
  1904  C    3.82767176    C 1906  1.40707054    C 1902  1.37711049    H 4270  0.90548774    C 1905  0.05977872
  1905  C    3.81688454    C 1903  1.40554895    C 1907  1.36193870    H 4271  0.90608413    C 1904  0.05977872
  1906  C    3.82012984    C 1904  1.40707054    C 1907  1.37730596    H 4272  0.91791971    C 1903  0.05668815
  1907  C    3.87061787    C 1906  1.37730596    C 1905  1.36193870    O 1908  1.01201861
  1908  O    1.81062649    C 1907  1.01201861    H 4273  0.70805935
  1909  N    3.25119574    C 1899  1.44584639    C 1910  0.96648908    H 4274  0.84775139    O 1900  0.08959525
  1910  C    3.80179574    C 1911  1.01114381    N 1909  0.96648908    H 4275  0.90964234    H 4276  0.89836711
  1911  C    3.94717653    O 1912  1.59331910    N 1913  1.38581571    C 1910  1.01114381
  1912  O    1.67848058    C 1911  1.59331910    N 1913  0.08444252
  1913  N    3.20773134    C 1911  1.38581571    C 1914  0.94596137    H 4277  0.86587742    O 1912  0.08444252
  1914  C    3.82800190    C 1917  0.98878651    C 1915  0.96056497    N 1913  0.94596137    H 4278  0.90438959
  1915  C    3.92031936    O 1916  1.52816803    N 1919  1.42722159    C 1914  0.96056497
  1916  O    1.62816473    C 1915  1.52816803    N 1919  0.07539111
  1917  C    3.72497400    C 1914  0.98878651    O 1918  0.94311099    H 4279  0.90616978    H 4280  0.89701463
  1918  O    1.68148328    C 1917  0.94311099    H 4281  0.76974822
  1919  N    3.20135152    C 1915  1.42722159    C 1920  0.93781646    H 4282  0.85365201    O 1916  0.07539111
  1920  C    3.87142536    C 1921  0.99501267    C 1923  0.97924271    N 1919  0.93781646    H 4283  0.90117198
  1921  C    3.94830683    O 1922  1.56326465    N 1927  1.39310708    C 1920  0.99501267
  1922  O    1.66463215    C 1921  1.56326465    N 1927  0.08130326
  1923  C    3.86089768    C 1924  1.00295543    C 1925  0.98222863    C 1920  0.97924271    H 4284  0.92023413
  1924  C    3.78842157    C 1923  1.00295543    C 1926  0.98938563    H 4285  0.91890745    H 4286  0.91737473
  1925  C    3.71461484    C 1923  0.98222863    H 4288  0.92064275    H 4289  0.92043852    H 4287  0.91638219
  1926  C    3.72035044    C 1924  0.98938563    H 4292  0.93057002    H 4291  0.92492856    H 4290  0.92025194
  1927  N    3.18716441    C 1921  1.39310708    C 1928  0.99197981    H 4293  0.85420525    O 1922  0.08130326
  1928  C    3.93682310    C 1929  1.01428253    C 1931  0.99313248    N 1927  0.99197981    H 4294  0.88614995
  1929  C    3.98853837    O 1930  1.61393872    N 1935  1.37953000    C 1928  1.01428253
  1930  O    1.75336312    C 1929  1.61393872    N 1935  0.08112664
  1931  C    3.88330948    C 1932  1.01808487    C 1933  1.00061022    C 1928  0.99313248    H 4295  0.88686093
  1932  C    3.82931477    C 1934  1.03016764    C 1931  1.01808487    H 4297  0.90731408    H 4296  0.89864997
  1933  C    3.71326903    C 1931  1.00061022    H 4300  0.93006174    H 4298  0.91818520    H 4299  0.90809746
  1934  C    3.72789914    C 1932  1.03016764    H 4303  0.92186783    H 4301  0.91353954    H 4302  0.90471830
  1935  N    3.12372684    C 1929  1.37953000    C 1936  0.95853236    H 4304  0.84465761    O 1930  0.08112664
  1936  C    3.87185218    C 1937  0.98465180    N 1935  0.95853236    C 1939  0.95470077    H 4305  0.88997074
  1937  C    3.99775187    O 1938  1.59763052    N 1942  1.41647436    C 1936  0.98465180
  1938  O    1.75161117    C 1937  1.59763052    N 1942  0.08091182
  1939  C    3.86160126    C 1941  1.02480023    O 1940  0.97395850    C 1936  0.95470077    H 4306  0.89521950
  1940  O    1.64666052    C 1939  0.97395850    H 4307  0.69083150
  1941  C    3.73773181    C 1939  1.02480023    H 4310  0.91122125    H 4308  0.90449577    H 4309  0.90196599
  1942  N    3.24603979    C 1937  1.41647436    C 1943  1.00737300    H 4311  0.85551485    O 1938  0.08091182
  1943  C    3.92428713    N 1942  1.00737300    C 1944  0.99799695    C 1946  0.96206084    H 4312  0.90275855
  1944  C    4.01605480    O 1945  1.60639150    N 1949  1.41804038    C 1943  0.99799695
  1945  O    1.75942417    C 1944  1.60639150    N 1949  0.08350233
  1946  C    3.81046460    C 1948  1.04315334    C 1943  0.96206084    O 1947  0.93655056    H 4313  0.89579766
  1947  O    1.65047993    C 1946  0.93655056    H 4314  0.71754136
  1948  C    3.73055585    C 1946  1.04315334    H 4317  0.91905672    H 4316  0.89780906    H 4315  0.89577134
  1949  N    3.22822996    C 1944  1.41804038    C 1950  0.94635841    H 4318  0.86322838    O 1945  0.08350233
  1950  C    3.88646633    C 1953  1.00398782    C 1951  0.96977632    N 1949  0.94635841    H 4319  0.89917926
  1951  C    3.92173069    O 1952  1.57279758    N 1957  1.37988227    C 1950  0.96977632
  1952  O    1.74207901    C 1951  1.57279758    N 1957  0.09441776
  1953  C    3.93985969    C 1955  1.04049529    C 1954  1.02925560    C 1950  1.00398782    H 4320  0.90066837
  1954  C    3.83185759    C 1953  1.02925560    C 1956  1.01828653    H 4322  0.90410473    H 4321  0.89923203
  1955  C    3.75145179    C 1953  1.04049529    H 4324  0.92103368    H 4325  0.91449688    H 4323  0.90488893
  1956  C    3.71921073    C 1954  1.01828653    H 4328  0.93089401    H 4327  0.91364733    H 4326  0.91313728
  1957  N    3.19058547    C 1951  1.37988227    C 1958  0.97622107    H 4329  0.85852434    O 1952  0.09441776
  1958  C    3.87402005    C 1959  0.98978681    N 1957  0.97622107    C 1961  0.97521772    H 4330  0.89794164
  1959  C    4.00169397    O 1960  1.61947964    N 1969  1.42963316    C 1958  0.98978681
  1960  O    1.73747463    C 1959  1.61947964    N 1969  0.08605622
  1961  C    3.83532772    C 1962  1.02443192    C 1958  0.97521772    H 4331  0.89262959    H 4332  0.88656809
  1962  C    3.89709011    C 1963  1.37452085    C 1964  1.37332624    C 1961  1.02443192
  1963  C    3.84800248    C 1965  1.42320508    C 1962  1.37452085    H 4333  0.89368945    C 1966  0.05684628
  1964  C    3.83923659    C 1966  1.43060096    C 1962  1.37332624    H 4334  0.89436800    C 1965  0.05428072
  1965  C    3.85675224    C 1963  1.42320508    C 1967  1.36726478    H 4335  0.90755185    C 1964  0.05428072
  1966  C    3.84199401    C 1964  1.43060096    C 1967  1.36750781    H 4336  0.89381965    C 1963  0.05684628
  1967  C    3.85331273    C 1966  1.36750781    C 1965  1.36726478    O 1968  0.97231545
  1968  O    1.80370269    C 1967  0.97231545    H 4337  0.72155181
  1969  N    3.28739325    C 1959  1.42963316    C 1970  1.01063322    H 4338  0.84646621    O 1960  0.08605622
  1970  C    3.94405143    C 1971  1.01661315    N 1969  1.01063322    C 1973  1.00994576    H 4339  0.89651995
  1971  C    4.02472495    O 1972  1.63593276    N 1978  1.39126260    C 1970  1.01661315
  1972  O    1.74459491    C 1971  1.63593276    N 1978  0.08037284
  1973  C    3.80963647    C 1974  1.04150323    C 1970  1.00994576    H 4341  0.90848612    H 4340  0.90699020
  1974  C    3.80347200    C 1973  1.04150323    C 1975  1.01668497    H 4343  0.88763187    H 4342  0.88293808
  1975  C    3.96401188    O 1976  1.57681174    N 1977  1.38776624    C 1974  1.01668497
  1976  O    1.73103967    C 1975  1.57681174    N 1977  0.09602070
  1977  N    3.14659532    C 1975  1.38776624    H 4345  0.85510034    H 4344  0.84392132    O 1976  0.09602070
  1978  N    3.18726998    C 1971  1.39126260    C 1979  0.93225422    H 4346  0.86540912    O 1972  0.08037284
  1979  C    3.86587624    C 1982  1.02566051    C 1980  0.97163655    N 1978  0.93225422    H 4347  0.92996249
  1980  C    3.96926156    O 1981  1.63440679    N 1983  1.38861827    C 1979  0.97163655
  1981  O    1.74530428    C 1980  1.63440679    N 1983  0.07661436
  1982  C    3.74357681    C 1979  1.02566051    H 4350  0.91833057    H 4349  0.90718957    H 4348  0.89917974
  1983  N    3.24943627    C 1980  1.38861827    C 1984  0.98298235    H 4351  0.86759952    O 1981  0.07661436
  1984  C    3.88621686    C 1987  0.99594177    C 1985  0.99095027    N 1983  0.98298235    H 4352  0.91364992
  1985  C    3.95030500    O 1986  1.65390003    N 1989  1.31975016    C 1984  0.99095027
  1986  O    1.77612056    C 1985  1.65390003    N 1989  0.09071346
  1987  C    3.75358135    C 1984  0.99594177    O 1988  0.95949202    H 4354  0.91369359    H 4353  0.91237967
  1988  O    1.67493072    C 1987  0.95949202    H 4355  0.75688383
  1989  N    3.13105398    C 1985  1.31975016    C 1990  0.93312477    H 4356  0.88376314    O 1986  0.09071346
  1990  C    3.78402070    C 1991  1.00438866    N 1989  0.93312477    H 4357  0.91779129    H 4358  0.90875909
  1991  C    3.96042326    O 1992  1.59510953    N 1993  1.38551274    C 1990  1.00438866
  1992  O    1.71708865    C 1991  1.59510953    N 1993  0.08070909
  1993  N    3.26047227    C 1991  1.38551274    C 1994  0.97790842    H 4359  0.88058887    O 1992  0.08070909
  1994  C    3.80833168    C 1995  0.99977352    N 1993  0.97790842    H 4361  0.93237025    H 4360  0.89534442
  1995  C    3.94664684    O 1996  1.57134173    N 1997  1.40928931    C 1994  0.99977352
  1996  O    1.68682054    C 1995  1.57134173    N 1997  0.08287495
  1997  N    3.22728663    C 1995  1.40928931    C 1998  0.95255401    H 4362  0.86859431    O 1996  0.08287495
  1998  C    3.87881388    C 1999  0.99713173    C 2001  0.97818144    N 1997  0.95255401    H 4363  0.91904004
  1999  C    3.92691871    O 2000  1.56814113    N 2003  1.36558267    C 1998  0.99713173
  2000  O    1.68840951    C 1999  1.56814113    N 2003  0.08956222
  2001  C    3.75736488    O 2002  0.97891090    C 1998  0.97818144    H 4364  0.92482009    H 4365  0.91838261
  2002  O    1.71738055    C 2001  0.97891090    H 4366  0.74498780
  2003  N    3.19199683    C 1999  1.36558267    C 2004  0.98097044    H 4367  0.86789314    O 2000  0.08956222
  2004  C    3.91302332    C 2007  0.98327992    C 2005  0.98262710    N 2003  0.98097044    H 4368  0.90714313
  2005  C    3.88212099    O 2006  1.54913696    N 2011  1.36679318    C 2004  0.98262710
  2006  O    1.67198928    C 2005  1.54913696    N 2011  0.08935657
  2007  C    3.87715114    C 2008  1.00524313    C 2009  1.00352530    C 2004  0.98327992    H 4369  0.91246269
  2008  C    3.81433247    C 2010  1.01755273    C 2007  1.00524313    H 4370  0.92027757    H 4371  0.91593818
  2009  C    3.73445192    C 2007  1.00352530    H 4374  0.93346059    H 4372  0.92788052    H 4373  0.92225907
  2010  C    3.73994990    C 2008  1.01755273    H 4376  0.94040073    H 4377  0.93394292    H 4375  0.92814097
  2011  N    3.15841470    C 2005  1.36679318    C 2012  0.95614610    H 4378  0.86786387    O 2006  0.08935657
  2012  C    3.91735608    C 2015  1.05185648    C 2013  0.97012012    N 2011  0.95614610    H 4379  0.91027875
  2013  C    3.91607504    O 2014  1.55953807    N 2019  1.38685516    C 2012  0.97012012
  2014  O    1.68635162    C 2013  1.55953807    N 2019  0.07783956
  2015  C    3.80197171    C 2012  1.05185648    C 2016  0.94561399    H 4380  0.91454007    H 4381  0.90763717
  2016  C    3.94728620    O 2017  1.64604089    O 2018  1.41657070    C 2015  0.94561399
  2017  O    1.74546258    C 2016  1.64604089    O 2018  0.10119219
  2018  O    1.56360886    C 2016  1.41657070    O 2017  0.10119219
  2019  N    3.22175744    C 2013  1.38685516    C 2020  1.00355303    H 4382  0.86608429    O 2014  0.07783956
  2020  C    3.90488783    N 2019  1.00355303    C 2021  0.97487660    C 2023  0.97479354    H 4383  0.91620508
  2021  C    3.90195225    O 2022  1.53186292    N 2033  1.39957376    C 2020  0.97487660
  2022  O    1.64408067    C 2021  1.53186292    N 2033  0.08884607
  2023  C    3.80794278    C 2024  1.01971916    C 2020  0.97479354    H 4384  0.90514797    H 4385  0.90067815
  2024  C    3.86257826    C 2025  1.58058975    C 2026  1.20020828    C 2023  1.01971916
  2025  C    3.80119684    C 2024  1.58058975    N 2027  1.17787990    H 4386  0.92424742
  2026  C    3.95575943    C 2029  1.39578013    C 2028  1.24296891    C 2024  1.20020828
  2027  N    3.34538987    C 2028  1.21364233    C 2025  1.17787990    H 4387  0.84014909
  2028  C    3.96309774    C 2030  1.39390510    C 2026  1.24296891    N 2027  1.21364233
  2029  C    3.85762591    C 2031  1.43406216    C 2026  1.39578013    H 4388  0.90438018    C 2030  0.05620997
  2030  C    3.85400882    C 2032  1.44473539    C 2028  1.39390510    H 4389  0.92818046    C 2029  0.05620997
  2031  C    3.82471005    C 2029  1.43406216    C 2032  1.38244069    H 4390  0.90514585
  2032  C    3.85038646    C 2030  1.44473539    C 2031  1.38244069    H 4391  0.91077651
  2033  N    3.19686033    C 2021  1.39957376    C 2034  0.97552934    H 4392  0.86428474    O 2022  0.08884607
  2034  C    3.88189579    C 2037  1.00387125    N 2033  0.97552934    C 2035  0.96723700    H 4393  0.90613027
  2035  C    3.97796172    O 2036  1.58129175    N 2039  1.45231116    C 2034  0.96723700
  2036  O    1.69265885    C 2035  1.58129175    N 2039  0.07492719
  2037  C    3.74324364    C 2034  1.00387125    O 2038  0.97320983    H 4395  0.91253641    H 4394  0.90404028
  2038  O    1.69229431    C 2037  0.97320983    H 4396  0.76548736
  2039  N    3.26319845    C 2035  1.45231116    C 2040  0.99998817    H 4397  0.85586428    O 2036  0.07492719
  2040  C    3.90511616    N 2039  0.99998817    C 2041  0.98586046    C 2043  0.98533859    H 4398  0.90581327
  2041  C    3.95004769    O 2042  1.56748086    N 2051  1.39506824    C 2040  0.98586046
  2042  O    1.69998435    C 2041  1.56748086    N 2051  0.07772662
  2043  C    3.80485078    C 2044  0.99445004    C 2040  0.98533859    H 4399  0.91539714    H 4400  0.89804839
  2044  C    3.85849521    C 2046  1.39010326    C 2045  1.36645130    C 2043  0.99445004
  2045  C    3.81415845    C 2047  1.41032090    C 2044  1.36645130    H 4401  0.90207542    C 2048  0.05706163
  2046  C    3.84790372    C 2048  1.41058438    C 2044  1.39010326    H 4402  0.91277074    C 2047  0.05715031
  2047  C    3.81231211    C 2045  1.41032090    C 2049  1.36271187    H 4403  0.91172891    C 2046  0.05715031
  2048  C    3.84310344    C 2046  1.41058438    C 2049  1.38719375    H 4404  0.91617510    C 2045  0.05706163
  2049  C    3.83975305    C 2048  1.38719375    C 2047  1.36271187    O 2050  0.97087429
  2050  O    1.74754282    C 2049  0.97087429    H 4405  0.72397113
  2051  N    3.15646075    C 2041  1.39506824    C 2052  0.96191386    H 4406  0.86050539    O 2042  0.07772662
  2052  C    3.91332826    C 2055  1.01416631    C 2053  0.99838956    N 2051  0.96191386    H 4407  0.89334734
  2053  C    4.00576487    O 2054  1.57112675    N 2059  1.44868421    C 2052  0.99838956
  2054  O    1.71419448    C 2053  1.57112675    N 2059  0.08373528
  2055  C    3.78313767    C 2052  1.01416631    C 2056  0.98158731    H 4409  0.89740076    H 4408  0.89047893
  2056  C    3.89480802    O 2057  1.49450663    N 2058  1.40630113    C 2055  0.98158731
  2057  O    1.63571258    C 2056  1.49450663    N 2058  0.09404999
  2058  N    3.17123609    C 2056  1.40630113    H 4410  0.85222015    H 4411  0.83886666    O 2057  0.09404999
  2059  N    3.20173780    C 2053  1.44868421    C 2060  0.95142549    H 4412  0.85606860    O 2054  0.08373528
  2060  C    3.86334191    C 2063  0.99767198    C 2061  0.96788729    N 2059  0.95142549    H 4413  0.89905931
  2061  C    3.97336889    O 2062  1.57885657    N 2068  1.43015242    C 2060  0.96788729
  2062  O    1.72182932    C 2061  1.57885657    N 2068  0.08182379
  2063  C    3.79901875    C 2064  1.00681090    C 2060  0.99767198    H 4414  0.89662424    H 4415  0.88932861
  2064  C    3.81800189    C 2065  1.04642291    C 2063  1.00681090    H 4417  0.91719021    H 4416  0.87998642
  2065  C    3.95719465    O 2066  1.55740619    N 2067  1.37320006    C 2064  1.04642291
  2066  O    1.71035376    C 2065  1.55740619    N 2067  0.10826953
  2067  N    3.13817361    C 2065  1.37320006    H 4418  0.85321250    H 4419  0.83799639    O 2066  0.10826953
  2068  N    3.22900858    C 2061  1.43015242    C 2069  0.97241813    H 4420  0.86566056    O 2062  0.08182379
  2069  C    3.82544864    C 2070  1.00642846    N 2068  0.97241813    H 4421  0.90428289    H 4422  0.88640742
  2070  C    3.94727758    O 2071  1.58542731    N 2072  1.35883122    C 2069  1.00642846
  2071  O    1.75012475    C 2070  1.58542731    N 2072  0.08986237
  2072  N    3.16151376    C 2070  1.35883122    C 2073  0.91317155    H 4423  0.86592201    O 2071  0.08986237
  2073  C    3.86697590    C 2074  0.99056425    C 2076  0.98944678    H 4424  0.92380950    N 2072  0.91317155
  2074  C    3.99521299    O 2075  1.62968503    N 2080  1.39612870    C 2073  0.99056425
  2075  O    1.72082766    C 2074  1.62968503    N 2080  0.07806548
  2076  C    3.91349311    C 2077  1.02952022    C 2078  1.02663356    C 2073  0.98944678    H 4425  0.89585318
  2077  C    3.86052123    C 2076  1.02952022    C 2079  1.02856763    H 4426  0.91802208    H 4427  0.91210924
  2078  C    3.72966755    C 2076  1.02663356    H 4430  0.92937906    H 4428  0.91672700    H 4429  0.90996467
  2079  C    3.72702293    C 2077  1.02856763    H 4431  0.91778620    H 4433  0.91735672    H 4432  0.91707457
  2080  N    3.27681005    C 2074  1.39612870    C 2081  1.00846534    H 4434  0.85849207    O 2075  0.07806548
  2081  C    3.92685293    N 2080  1.00846534    C 2082  1.00525576    C 2084  0.98395287    H 4435  0.89872358
  2082  C    3.98109464    O 2083  1.60249367    N 2089  1.39547606    C 2081  1.00525576
  2083  O    1.70942834    C 2082  1.60249367    N 2089  0.08798264
  2084  C    3.80381843    C 2085  1.03931414    C 2081  0.98395287    H 4436  0.90841313    H 4437  0.90181569
  2085  C    3.82727553    C 2084  1.03931414    C 2086  1.01947567    H 4438  0.90360050    H 4439  0.90032901
  2086  C    3.81354387    C 2087  1.04826697    C 2085  1.01947567    H 4441  0.90923766    H 4440  0.89584827
  2087  C    3.75871024    C 2086  1.04826697    N 2088  0.94912373    H 4443  0.91487351    H 4442  0.91164260
  2088  N    3.37297516    C 2087  0.94912373    H 4445  0.83019918    H 4444  0.82611423    H 4446  0.81868530
  2089  N    3.21516750    C 2082  1.39547606    C 2090  0.94535481    H 4447  0.86092274    O 2083  0.08798264
  2090  C    3.87153401    C 2093  1.00683564    C 2091  0.95882974    N 2089  0.94535481    H 4448  0.92214092
  2091  C    3.90903697    O 2092  1.56481238    N 2101  1.38928428    C 2090  0.95882974
  2092  O    1.68392576    C 2091  1.56481238    N 2101  0.09574383
  2093  C    3.81102405    C 2090  1.00683564    C 2094  0.99423294    H 4450  0.91716857    H 4449  0.88789984
  2094  C    3.87562255    C 2095  1.39110795    C 2096  1.38496399    C 2093  0.99423294
  2095  C    3.84065061    C 2097  1.41321842    C 2094  1.39110795    H 4451  0.90609000    C 2098  0.05654964
  2096  C    3.83970739    C 2098  1.40868699    C 2094  1.38496399    H 4452  0.90776609    C 2097  0.05669790
  2097  C    3.81293960    C 2095  1.41321842    C 2099  1.38202648    H 4453  0.91818904    C 2096  0.05669790
  2098  C    3.82058773    C 2096  1.40868699    C 2099  1.36746382    H 4454  0.90833030    C 2095  0.05654964
  2099  C    3.85474174    C 2097  1.38202648    C 2098  1.36746382    O 2100  0.99855468
  2100  O    1.75138097    C 2099  0.99855468    H 4455  0.68346015
  2101  N    3.20785867    C 2091  1.38928428    C 2102  0.90659133    H 4456  0.87569752    O 2092  0.09574383
  2102  C    3.83026474    C 2103  0.98991395    C 2105  0.98021172    H 4457  0.93871010    N 2101  0.90659133
  2103  C    3.93469743    O 2104  1.54976638    N 2107  1.40589498    C 2102  0.98991395
  2104  O    1.66917744    C 2103  1.54976638    N 2107  0.09280871
  2105  C    3.68563440    C 2102  0.98021172    H 4459  0.92418389    H 4458  0.91540343    O 2106  0.90848133
  2106  O    1.64049081    C 2105  0.90848133    H 4460  0.77062733
  2107  N    3.23700226    C 2103  1.40589498    C 2108  0.95209325    H 4461  0.87035600    O 2104  0.09280871
  2108  C    3.85900812    C 2111  0.98727131    N 2107  0.95209325    C 2109  0.95183074    H 4462  0.93892166
  2109  C    3.95956515    O 2110  1.59829112    N 2118  1.42615663    C 2108  0.95183074
  2110  O    1.68158349    C 2109  1.59829112    N 2118  0.08524970
  2111  C    3.81534933    C 2108  0.98727131    C 2112  0.97532004    H 4464  0.92369336    H 4463  0.91485428
  2112  C    3.84896247    C 2114  1.39513454    C 2113  1.36982700    C 2111  0.97532004    C 2117  0.05367755
  2113  C    3.83330430    C 2115  1.41857383    C 2112  1.36982700    H 4465  0.91804159    C 2116  0.05694438
  2114  C    3.82797683    C 2112  1.39513454    C 2116  1.39301260    H 4466  0.91999163    C 2115  0.05935744
  2115  C    3.82706291    C 2113  1.41857383    C 2117  1.39083746    H 4467  0.92501416    C 2114  0.05935744
  2116  C    3.82768881    C 2117  1.41991899    C 2114  1.39301260    H 4468  0.92275810    C 2113  0.05694438
  2117  C    3.84334918    C 2116  1.41991899    C 2115  1.39083746    H 4469  0.93207017    C 2112  0.05367755
  2118  N    3.23055274    C 2109  1.42615663    C 2119  0.92348530    H 4470  0.88119150    O 2110  0.08524970
  2119  C    3.83443574    C 2120  0.96644045    C 2122  0.96449015    H 4471  0.93959929    N 2118  0.92348530
  2120  C    3.85970468    O 2121  1.53214964    N 2125  1.35742328    C 2119  0.96644045
  2121  O    1.61717212    C 2120  1.53214964    N 2125  0.07863278
  2122  C    3.82459512    C 2124  0.98845552    C 2119  0.96449015    O 2123  0.95689586    H 4472  0.91890208
  2123  O    1.72764114    C 2122  0.95689586    H 4473  0.74403408
  2124  C    3.73411018    C 2122  0.98845552    H 4476  0.94937413    H 4474  0.94864181    H 4475  0.93366296
  2125  N    3.20250517    C 2120  1.35742328    C 2126  0.96797410    H 4477  0.88142233    O 2121  0.07863278
  2126  C    3.87363424    C 2129  1.00105776    N 2125  0.96797410    H 4478  0.94032443    C 2127  0.93201811
  2127  C    3.85116078    O 2128  1.52487125    N 2136  1.38036783    C 2126  0.93201811
  2128  O    1.60767189    C 2127  1.52487125    N 2136  0.08343460
  2129  C    3.83288714    C 2126  1.00105776    C 2130  0.98487787    H 4479  0.92050614    H 4480  0.91884743
  2130  C    3.84612849    C 2132  1.37930700    C 2131  1.37509500    C 2129  0.98487787    C 2135  0.05440246
  2131  C    3.81495596    C 2133  1.38971822    C 2130  1.37509500    H 4481  0.92084680    C 2134  0.06083332
  2132  C    3.84353283    C 2134  1.41054559    C 2130  1.37930700    H 4482  0.92189597    C 2133  0.05582064
  2133  C    3.81988470    C 2135  1.41838254    C 2131  1.38971822    H 4483  0.92304768    C 2132  0.05582064
  2134  C    3.83318340    C 2132  1.41054559    C 2135  1.39552124    H 4484  0.92141685    C 2131  0.06083332
  2135  C    3.83648064    C 2133  1.41838254    C 2134  1.39552124    H 4485  0.92433670    C 2130  0.05440246
  2136  N    3.21358914    C 2127  1.38036783    C 2137  0.92305023    H 4486  0.89014993    O 2128  0.08343460
  2137  C    3.82059500    C 2140  1.00199674    H 4487  0.93874184    C 2138  0.93256811    N 2136  0.92305023
  2138  C    3.84423491    O 2139  1.55701398    N 2145  1.35195106    C 2137  0.93256811
  2139  O    1.65344802    C 2138  1.55701398    N 2145  0.07858376
  2140  C    3.82004045    C 2137  1.00199674    C 2141  1.00088475    H 4489  0.93884769    H 4488  0.92624202
  2141  C    3.79419332    C 2140  1.00088475    C 2142  0.94552015    H 4490  0.91301203    H 4491  0.90914130
  2142  C    3.87875060    O 2143  1.57881232    O 2144  1.40122315    C 2141  0.94552015
  2143  O    1.70355510    C 2142  1.57881232    O 2144  0.11987373
  2144  O    1.65865849    C 2142  1.40122315    O 2143  0.11987373    H 4789  0.11108177
  2145  N    3.20917912    C 2138  1.35195106    C 2146  1.00340055    H 4492  0.87630579    O 2139  0.07858376
  2146  C    3.87929893    N 2145  1.00340055    C 2149  0.99567342    H 4493  0.93009871    C 2147  0.92212666
  2147  C    3.80155904    O 2148  1.57417345    N 2153  1.29604368    C 2146  0.92212666
  2148  O    1.68577361    C 2147  1.57417345    N 2153  0.09055037
  2149  C    3.80961023    C 2150  1.00258843    C 2146  0.99567342    H 4494  0.92729704    H 4495  0.91435966
  2150  C    3.86030024    C 2152  1.00917196    C 2149  1.00258843    C 2151  0.99135063    H 4496  0.91111786
  2151  C    3.73287845    C 2150  0.99135063    H 4499  0.93319441    H 4497  0.92016292    H 4498  0.91904843
  2152  C    3.74613535    C 2150  1.00917196    H 4502  0.94248247    H 4501  0.93515114    H 4500  0.92351020
  2153  N    3.11981117    C 2147  1.29604368    C 2154  0.95107732    H 4503  0.87446362    O 2148  0.09055037
  2154  C    3.87398394    C 2157  0.98797116    C 2155  0.98551619    N 2153  0.95107732    H 4504  0.92840737
  2155  C    3.90595029    O 2156  1.59867958    N 2164  1.32738663    C 2154  0.98551619
  2156  O    1.74980558    C 2155  1.59867958    N 2164  0.08438496
  2157  C    3.80910498    C 2158  1.02388036    C 2154  0.98797116    H 4505  0.91717550    H 4506  0.90955206
  2158  C    3.80218794    C 2159  1.03368830    C 2157  1.02388036    H 4508  0.90635862    H 4507  0.90116405
  2159  C    3.83948673    C 2158  1.03368830    N 2160  0.98139673    H 4509  0.93003800    H 4510  0.92239698
  2160  N    3.16563068    C 2161  1.37677275    C 2159  0.98139673    H 4511  0.86238706
  2161  C    4.07732233    N 2160  1.37677275    N 2163  1.35791434    N 2162  1.34244924
  2162  N    2.99533226    C 2161  1.34244924    H 4513  0.88675965    H 4512  0.85617712
  2163  N    3.03903996    C 2161  1.35791434    H 4514  0.86217233    H 4515  0.85312934
  2164  N    3.16999807    C 2155  1.32738663    C 2165  0.96992841    H 4516  0.86137886    O 2156  0.08438496
  2165  C    3.91398327    C 2168  1.03519496    C 2166  0.99270521    N 2164  0.96992841    H 4517  0.90350557
  2166  C    3.86458735    O 2167  1.56386755    N 2172  1.31852939    C 2165  0.99270521
  2167  O    1.67434816    C 2166  1.56386755    N 2172  0.09436323
  2168  C    3.79726415    C 2165  1.03519496    C 2169  0.96361596    H 4519  0.90363587    H 4518  0.89125840
  2169  C    3.82354674    O 2171  1.46562494    O 2170  1.42126864    C 2168  0.96361596
  2170  O    1.55706999    C 2169  1.42126864    O 2171  0.11835106
  2171  O    1.68204017    C 2169  1.46562494    O 2170  0.11835106    H 4543  0.10044204
  2172  N    3.14664749    C 2166  1.31852939    C 2173  0.99910484    H 4520  0.86349935    O 2167  0.09436323
  2173  C    3.91044835    N 2172  0.99910484    C 2174  0.98643227    C 2176  0.98023707    H 4521  0.88038952
  2174  C    3.92380972    O 2175  1.55993514    N 2179  1.38378906    C 2173  0.98643227
  2175  O    1.70803359    C 2174  1.55993514    N 2179  0.09530730
  2176  C    3.84896456    C 2178  1.01877188    C 2173  0.98023707    O 2177  0.96139787    H 4522  0.89108034
  2177  O    1.66711713    C 2176  0.96139787    H 4523  0.70688016
  2178  C    3.71486206    C 2176  1.01877188    H 4526  0.91677804    H 4524  0.91171631    H 4525  0.88975175
  2179  N    3.18407538    C 2174  1.38378906    C 2180  0.95561425    H 4527  0.85709886    O 2175  0.09530730
  2180  C    3.77223758    C 2181  0.98423998    N 2179  0.95561425    H 4528  0.90253725    H 4529  0.88640401
  2181  C    3.93534187    O 2182  1.63363956    N 2183  1.32722783    C 2180  0.98423998
  2182  O    1.80805763    C 2181  1.63363956    N 2183  0.08794882
  2183  N    3.14375353    C 2181  1.32722783    C 2184  0.95090827    H 4530  0.84209699    O 2182  0.08794882
  2184  C    3.92659741    C 2187  1.03943993    C 2185  1.00048665    N 2183  0.95090827    H 4531  0.89799801
  2185  C    3.94094227    O 2186  1.53319907    N 2194  1.40210430    C 2184  1.00048665
  2186  O    1.68412862    C 2185  1.53319907    N 2194  0.10034474
  2187  C    3.83226739    C 2184  1.03943993    C 2188  1.03777710    H 4533  0.88880764    H 4532  0.88453470
  2188  C    3.83172119    C 2189  1.06060275    C 2187  1.03777710    H 4535  0.89837078    H 4534  0.88958028
  2189  C    3.83579436    C 2188  1.06060275    N 2190  0.97934540    H 4536  0.90761262    H 4537  0.90716850
  2190  N    3.14237402    C 2191  1.33075705    C 2189  0.97934540    H 4538  0.85022383
  2191  C    4.08433791    N 2193  1.37159418    N 2192  1.36152896    N 2190  1.33075705
  2192  N    3.03542871    C 2191  1.36152896    H 4539  0.83653905    H 4540  0.82289996
  2193  N    3.07099469    C 2191  1.37159418    H 4541  0.83535184    H 4542  0.83328673
  2194  N    3.16428528    C 2185  1.40210430    C 2195  0.96056812    H 4543  0.83380761    O 2186  0.10034474
  2195  C    3.91545891    C 2198  1.02495329    C 2196  0.96989607    N 2194  0.96056812    H 4544  0.90358739
  2196  C    3.94082566    O 2197  1.58387149    N 2206  1.38107452    C 2195  0.96989607
  2197  O    1.72344946    C 2196  1.58387149    N 2206  0.08578440
  2198  C    3.80835250    C 2195  1.02495329    C 2199  0.98499789    H 4546  0.89552113    H 4545  0.88417973
  2199  C    3.88234087    C 2201  1.40457452    C 2200  1.38379228    C 2198  0.98499789
  2200  C    3.85338449    C 2202  1.42894109    C 2199  1.38379228    H 4547  0.89095454    C 2203  0.06034850
  2201  C    3.84209593    C 2203  1.41911485    C 2199  1.40457452    H 4548  0.88923542    C 2202  0.05212223
  2202  C    3.85129881    C 2200  1.42894109    C 2204  1.37972658    H 4549  0.90535427    C 2201  0.05212223
  2203  C    3.81550281    C 2201  1.41911485    C 2204  1.37186607    H 4550  0.89705215    C 2200  0.06034850
  2204  C    3.89029041    C 2202  1.37972658    C 2203  1.37186607    O 2205  1.01394803
  2205  O    1.82787827    C 2204  1.01394803    H 4551  0.70489898
  2206  N    3.20521549    C 2196  1.38107452    C 2207  0.95547321    H 4552  0.86645633    O 2197  0.08578440
  2207  C    3.79249388    C 2208  1.00272954    N 2206  0.95547321    H 4553  0.92542694    H 4554  0.89535488
  2208  C    3.95899738    O 2209  1.62247903    N 2210  1.36754493    C 2207  1.00272954
  2209  O    1.77154040    C 2208  1.62247903    N 2210  0.09197636
  2210  N    3.18608776    C 2208  1.36754493    C 2211  0.95188769    H 4555  0.86382737    O 2209  0.09197636
  2211  C    3.86573193    C 2212  0.99214789    C 2214  0.98361578    N 2210  0.95188769    H 4556  0.89120115
  2212  C    3.94476225    O 2213  1.63122147    N 2221  1.32505337    C 2211  0.99214789
  2213  O    1.73995128    C 2212  1.63122147    N 2221  0.08772835
  2214  C    3.81495541    C 2215  0.99481072    C 2211  0.98361578    H 4558  0.92039822    H 4557  0.88300332
  2215  C    3.87092247    C 2217  1.39248801    C 2216  1.37792163    C 2214  0.99481072    C 2220  0.05372196
  2216  C    3.80451956    C 2218  1.40136397    C 2215  1.37792163    H 4559  0.91523633    C 2219  0.05933973
  2217  C    3.86275659    C 2219  1.41524484    C 2215  1.39248801    H 4560  0.91804362    C 2218  0.05884015
  2218  C    3.79304472    C 2216  1.40136397    C 2220  1.39613808    H 4561  0.91417986    C 2217  0.05884015
  2219  C    3.85118391    C 2217  1.41524484    C 2220  1.41220560    H 4562  0.91863502    C 2216  0.05933973
  2220  C    3.83369903    C 2219  1.41220560    C 2218  1.39613808    H 4563  0.91447549    C 2215  0.05372196
  2221  N    3.13985164    C 2212  1.32505337    C 2222  0.94721631    H 4564  0.87757231    O 2213  0.08772835
  2222  C    3.88071061    C 2223  1.02501395    C 2225  0.99612374    N 2221  0.94721631    H 4565  0.89324651
  2223  C    3.99314239    O 2224  1.57537438    N 2229  1.40511168    C 2222  1.02501395
  2224  O    1.69853755    C 2223  1.57537438    N 2229  0.08188218
  2225  C    3.82191686    C 2226  1.01787702    C 2222  0.99612374    H 4567  0.91608852    H 4566  0.89804847
  2226  C    3.93155597    C 2227  1.03253805    C 2225  1.01787702    C 2228  1.01470822    H 4568  0.88603275
  2227  C    3.72653904    C 2226  1.03253805    H 4571  0.91142114    H 4569  0.91097298    H 4570  0.90695082
  2228  C    3.75467667    C 2226  1.01470822    H 4574  0.91046901    H 4573  0.91008480    H 4572  0.90757219
  2229  N    3.19668327    C 2223  1.40511168    C 2230  0.94512557    H 4575  0.84310143    O 2224  0.08188218
  2230  C    3.87178074    C 2231  0.98291292    C 2233  0.98275005    N 2229  0.94512557    H 4576  0.92609507
  2231  C    3.89198472    O 2232  1.56935638    N 2237  1.31371004    C 2230  0.98291292
  2232  O    1.70449100    C 2231  1.56935638    N 2237  0.07949270
  2233  C    3.78210498    C 2234  1.00936125    C 2230  0.98275005    H 4577  0.90201234    H 4578  0.89917212
  2234  C    3.90253108    C 2236  1.01641347    C 2235  1.01531342    C 2233  1.00936125    H 4579  0.91052418
  2235  C    3.73110782    C 2234  1.01531342    H 4581  0.92170327    H 4580  0.91700116    H 4582  0.91585066
  2236  C    3.72033491    C 2234  1.01641347    H 4585  0.91571988    H 4583  0.91162936    H 4584  0.91059910
  2237  N    3.21943206    C 2231  1.31371004    C 2238  0.95965322    C 2243  0.92286040    O 2232  0.07949270
  2238  C    3.90074419    C 2241  1.00432037    C 2239  0.99207611    N 2237  0.95965322    H 4586  0.89743260
  2239  C    3.92803940    O 2240  1.57571974    N 2244  1.35565746    C 2238  0.99207611
  2240  O    1.70237302    C 2239  1.57571974    N 2244  0.08702334
  2241  C    3.80405791    C 2242  1.02864101    C 2238  1.00432037    H 4588  0.89311658    H 4587  0.88595835
  2242  C    3.80682044    C 2243  1.04247163    C 2241  1.02864101    H 4589  0.90068970    H 4590  0.88508412
  2243  C    3.75755257    C 2242  1.04247163    N 2237  0.92286040    H 4592  0.90451037    H 4591  0.89273147
  2244  N    3.19129113    C 2239  1.35565746    C 2245  0.96575272    H 4593  0.84634167    O 2240  0.08702334
  2245  C    3.89417812    C 2248  1.04023253    C 2246  0.99285590    N 2244  0.96575272    H 4594  0.88205185
  2246  C    3.98207370    O 2247  1.59784878    N 2249  1.40856938    C 2245  0.99285590
  2247  O    1.72403541    C 2246  1.59784878    N 2249  0.08004883
  2248  C    3.72839271    C 2245  1.04023253    H 4597  0.92488133    H 4595  0.90255450    H 4596  0.89616419
  2249  N    3.23181269    C 2246  1.40856938    C 2250  0.99408309    H 4598  0.85077627    O 2247  0.08004883
  2250  C    3.89626069    C 2253  0.99925642    N 2249  0.99408309    C 2251  0.98145196    H 4599  0.87077244
  2251  C    3.97128204    O 2252  1.56669821    N 2255  1.42343380    C 2250  0.98145196
  2252  O    1.70849403    C 2251  1.56669821    N 2255  0.08964136
  2253  C    3.74942579    C 2250  0.99925642    O 2254  0.96423998    H 4600  0.89413239    H 4601  0.89330699
  2254  O    1.65515634    C 2253  0.96423998    H 4602  0.71564486
  2255  N    3.17668164    C 2251  1.42343380    C 2256  0.93729656    H 4603  0.85731819    O 2252  0.08964136
  2256  C    3.84581306    C 2259  0.98900747    C 2257  0.96908078    N 2255  0.93729656    H 4604  0.90704967
  2257  C    3.95303233    O 2258  1.58753128    N 2264  1.40031948    C 2256  0.96908078
  2258  O    1.68137735    C 2257  1.58753128    N 2264  0.07563858
  2259  C    3.78735958    C 2260  1.02711171    C 2256  0.98900747    H 4605  0.90803459    H 4606  0.90287123
  2260  C    3.82330497    C 2259  1.02711171    C 2261  1.01809404    H 4607  0.90169443    H 4608  0.88560837
  2261  C    3.96969965    O 2262  1.51807754    N 2263  1.44834602    C 2260  1.01809404
  2262  O    1.66364278    C 2261  1.51807754    N 2263  0.08434987
  2263  N    3.11438427    C 2261  1.44834602    H 4610  0.87218106    H 4609  0.83312725    O 2262  0.08434987
  2264  N    3.23303094    C 2257  1.40031948    C 2265  0.97330235    H 4611  0.87496979    O 2258  0.07563858
  2265  C    3.87094287    C 2266  0.98464264    N 2264  0.97330235    C 2268  0.96126800    H 4612  0.90639528
  2266  C    3.92145288    O 2267  1.57499648    N 2272  1.36821603    C 2265  0.98464264
  2267  O    1.68541170    C 2266  1.57499648    N 2272  0.08594076
  2268  C    3.83436520    C 2269  0.98867989    C 2270  0.98500930    C 2265  0.96126800    H 4613  0.91296977
  2269  C    3.80605747    C 2271  1.03542444    C 2268  0.98867989    H 4614  0.91743721    H 4615  0.90495932
  2270  C    3.70758154    C 2268  0.98500930    H 4617  0.92508092    H 4616  0.91950780    H 4618  0.91452834
  2271  C    3.74066979    C 2269  1.03542444    H 4620  0.93011293    H 4619  0.92000388    H 4621  0.91911353
  2272  N    3.15769538    C 2266  1.36821603    C 2273  0.94712539    H 4622  0.85522148    O 2267  0.08594076
  2273  C    3.88582873    C 2276  1.00706984    C 2274  0.98700607    N 2272  0.94712539    H 4623  0.89074467
  2274  C    3.91074979    O 2275  1.56270570    N 2280  1.33492007    C 2273  0.98700607
  2275  O    1.67625411    C 2274  1.56270570    N 2280  0.07898797
  2276  C    3.93585167    C 2278  1.04241235    C 2277  1.00862199    C 2273  1.00706984    H 4624  0.90260349
  2277  C    3.86047076    C 2279  1.07530049    C 2276  1.00862199    H 4625  0.90424565    H 4626  0.90018827
  2278  C    3.75223681    C 2276  1.04241235    H 4627  0.91472654    H 4628  0.90902189    H 4629  0.90137708
  2279  C    3.74644265    C 2277  1.07530049    H 4630  0.92286115    H 4631  0.91484193    H 4632  0.91413301
  2280  N    3.22438733    C 2274  1.33492007    C 2286  0.97316895    C 2281  0.93141422    O 2275  0.07898797
  2281  C    3.86854112    C 2284  1.01180555    C 2282  0.98842432    N 2280  0.93141422    H 4633  0.89927943
  2282  C    3.96973093    O 2283  1.61901111    N 2287  1.37086082    C 2281  0.98842432
  2283  O    1.74040960    C 2282  1.61901111    N 2287  0.08546692
  2284  C    3.80536898    C 2285  1.04125963    C 2281  1.01180555    H 4635  0.90091613    H 4634  0.88946420
  2285  C    3.82864589    C 2286  1.04239862    C 2284  1.04125963    H 4636  0.90401688    H 4637  0.88810673
  2286  C    3.82307106    C 2285  1.04239862    N 2280  0.97316895    H 4639  0.90733832    H 4638  0.90049873
  2287  N    3.15905261    C 2282  1.37086082    C 2288  0.93875316    H 4640  0.87633101    O 2283  0.08546692
  2288  C    3.82415075    C 2289  0.96455089    C 2291  0.94500013    N 2287  0.93875316    H 4641  0.91432246
  2289  C    3.90887407    O 2290  1.54872940    N 2294  1.38365523    C 2288  0.96455089
  2290  O    1.65168745    C 2289  1.54872940    N 2294  0.08442554
  2291  C    3.72836252    C 2293  1.00831358    C 2288  0.94500013    H 4642  0.91782019    O 2292  0.88470696
  2292  O    1.63983348    C 2291  0.88470696    H 4643  0.76235770
  2293  C    3.71455450    C 2291  1.00831358    H 4646  0.92239649    H 4644  0.91782038    H 4645  0.91126656
  2294  N    3.20100995    C 2289  1.38365523    C 2295  0.96640216    H 4647  0.87993689    O 2290  0.08442554
  2295  C    3.87541506    C 2298  1.01776758    C 2296  0.97861478    N 2294  0.96640216    H 4648  0.90465789
  2296  C    3.92001962    O 2297  1.54342429    N 2299  1.40862172    C 2295  0.97861478
  2297  O    1.66317073    C 2296  1.54342429    N 2299  0.08423893
  2298  C    3.72690938    C 2295  1.01776758    H 4651  0.93388407    H 4649  0.91673670    H 4650  0.91105739
  2299  N    3.21551362    C 2296  1.40862172    C 2300  0.97358322    H 4652  0.87594927    O 2297  0.08423893
  2300  C    3.90260159    C 2303  1.01048386    C 2301  0.98296954    N 2299  0.97358322    H 4653  0.90279260
  2301  C    3.96643032    O 2302  1.61391217    N 2308  1.37825570    C 2300  0.98296954
  2302  O    1.74596788    C 2301  1.61391217    N 2308  0.08126610
  2303  C    3.80934436    C 2300  1.01048386    C 2304  1.00342892    H 4655  0.91287505    H 4654  0.91027003
  2304  C    3.77060106    C 2303  1.00342892    C 2305  0.99209551    H 4657  0.91280297    H 4656  0.88532457
  2305  C    3.90627686    O 2306  1.48039384    N 2307  1.41220307    C 2304  0.99209551
  2306  O    1.55009424    C 2305  1.48039384    N 2307  0.08252898
  2307  N    3.17946124    C 2305  1.41220307    H 4658  0.84624769    H 4659  0.83313346    O 2306  0.08252898
  2308  N    3.20145605    C 2301  1.37825570    C 2309  0.99333563    H 4660  0.86573786    O 2302  0.08126610
  2309  C    3.89503810    C 2312  1.00163840    N 2308  0.99333563    C 2310  0.94546183    H 4661  0.90966498
  2310  C    3.90938549    O 2311  1.61299780    N 2317  1.37336092    C 2309  0.94546183
  2311  O    1.73666312    C 2310  1.61299780    N 2317  0.08455596
  2312  C    3.80307815    C 2313  1.01137310    C 2309  1.00163840    H 4662  0.91404452    H 4663  0.90533179
  2313  C    3.77354704    C 2312  1.01137310    C 2314  0.96102670    H 4665  0.91103338    H 4664  0.90640836
  2314  C    3.85843984    O 2316  1.58603203    O 2315  1.32963772    C 2313  0.96102670
  2315  O    1.53571937    C 2314  1.32963772    O 2316  0.10850360    H 4234  0.08933407
  2316  O    1.73782415    C 2314  1.58603203    O 2315  0.10850360
  2317  N    3.18023885    C 2310  1.37336092    C 2318  0.97804743    H 4666  0.88387848    O 2311  0.08455596
  2318  C    3.85746298    N 2317  0.97804743    C 2321  0.96138252    C 2319  0.94542176    H 4667  0.91382122
  2319  C    3.92272961    O 2320  1.59078236    N 2324  1.39441721    C 2318  0.94542176
  2320  O    1.70663024    C 2319  1.59078236    N 2324  0.08396999
  2321  C    3.77812677    C 2323  1.00162959    C 2318  0.96138252    O 2322  0.92050136    H 4668  0.91352951
  2322  O    1.67272175    C 2321  0.92050136    H 4669  0.75184179
  2323  C    3.71998039    C 2321  1.00162959    H 4672  0.92725294    H 4671  0.92503758    H 4670  0.91207981
  2324  N    3.17905650    C 2319  1.39441721    C 2325  0.93647057    H 4673  0.88315429    O 2320  0.08396999
  2325  C    3.81250243    C 2328  0.97398912    C 2326  0.97308871    N 2324  0.93647057    H 4674  0.91647565
  2326  C    3.96681073    O 2327  1.60233308    N 2338  1.39347358    C 2325  0.97308871
  2327  O    1.70074944    C 2326  1.60233308    N 2338  0.07529466
  2328  C    3.84697235    C 2329  1.04727104    C 2325  0.97398912    H 4675  0.92017409    H 4676  0.89812611
  2329  C    3.89822579    C 2330  1.57031189    C 2331  1.21765359    C 2328  1.04727104
  2330  C    3.82930878    C 2329  1.57031189    N 2332  1.21748767    H 4677  0.91983575
  2331  C    3.94435232    C 2334  1.34703201    C 2333  1.25600640    C 2329  1.21765359
  2332  N    3.35645829    C 2330  1.21748767    C 2333  1.20209003    H 4678  0.84079717
  2333  C    3.94341626    C 2335  1.36742757    C 2331  1.25600640    N 2332  1.20209003
  2334  C    3.84130568    C 2336  1.44336890    C 2331  1.34703201    H 4679  0.91596321    C 2335  0.06029042
  2335  C    3.84243740    C 2337  1.43476586    C 2333  1.36742757    H 4680  0.91307004    C 2334  0.06029042
  2336  C    3.82045901    C 2334  1.44336890    C 2337  1.37107084    H 4681  0.92559567
  2337  C    3.84363161    C 2335  1.43476586    C 2336  1.37107084    H 4682  0.92069204
  2338  N    3.14821366    C 2326  1.39347358    C 2339  0.92950042    H 4683  0.86545397    O 2327  0.07529466
  2339  C    3.86471617    C 2342  1.00193547    C 2340  0.98918873    N 2338  0.92950042    H 4684  0.91137003
  2340  C    3.96756715    O 2341  1.59880306    N 2346  1.37399547    C 2339  0.98918873
  2341  O    1.70120186    C 2340  1.59880306    N 2346  0.08677558
  2342  C    3.81949192    C 2343  1.00722417    C 2339  1.00193547    H 4685  0.90702758    H 4686  0.90172289
  2343  C    3.89418341    C 2344  1.03063959    C 2345  1.02469911    C 2342  1.00722417    H 4687  0.89162519
  2344  C    3.75877743    C 2343  1.03063959    H 4688  0.91674299    H 4689  0.90958450    H 4690  0.90901091
  2345  C    3.74784100    C 2343  1.02469911    H 4691  0.91925475    H 4693  0.91509400    H 4692  0.90945792
  2346  N    3.18037310    C 2340  1.37399547    C 2347  0.96174138    H 4694  0.86160926    O 2341  0.08677558
  2347  C    3.77594060    C 2348  0.96997090    N 2346  0.96174138    H 4696  0.92026346    H 4695  0.89506644
  2348  C    3.91563950    O 2349  1.58095127    N 2350  1.40226927    C 2347  0.96997090
  2349  O    1.70144626    C 2348  1.58095127    N 2350  0.08220286
  2350  N    3.20206432    C 2348  1.40226927    C 2351  0.96048438    H 4697  0.88329041    O 2349  0.08220286
  2351  C    3.85200584    C 2352  0.97516753    N 2350  0.96048438    C 2354  0.95682080    H 4698  0.90988134
  2352  C    3.94951104    O 2353  1.61969918    N 2357  1.37158285    C 2351  0.97516753
  2353  O    1.72107321    C 2352  1.61969918    N 2357  0.08064045
  2354  C    3.82946879    C 2355  1.00190997    C 2356  0.99103797    C 2351  0.95682080    H 4699  0.91613702
  2355  C    3.73331264    C 2354  1.00190997    H 4701  0.92942748    H 4702  0.92549223    H 4700  0.91177691
  2356  C    3.72924107    C 2354  0.99103797    H 4704  0.93072341    H 4705  0.92531412    H 4703  0.91563421
  2357  N    3.16351990    C 2352  1.37158285    C 2358  0.96107325    H 4706  0.88137236    O 2353  0.08064045
  2358  C    3.86659586    C 2361  0.99872757    C 2359  0.97846566    N 2357  0.96107325    H 4707  0.90416178
  2359  C    3.92049392    O 2360  1.58273111    N 2365  1.37208127    C 2358  0.97846566
  2360  O    1.69305933    C 2359  1.58273111    N 2365  0.08293477
  2361  C    3.79558628    C 2358  0.99872757    C 2362  0.99519594    H 4708  0.91072088    H 4709  0.89862560
  2362  C    3.91139006    C 2363  1.02667608    C 2364  1.02106147    C 2361  0.99519594    H 4710  0.90349182
  2363  C    3.73317355    C 2362  1.02667608    H 4711  0.91576852    H 4713  0.91432669    H 4712  0.91363689
  2364  C    3.75893925    C 2362  1.02106147    H 4714  0.91376845    H 4716  0.91338094    H 4715  0.91210683
  2365  N    3.16787759    C 2359  1.37208127    C 2366  0.96692408    H 4717  0.87100218    O 2360  0.08293477
  2366  C    3.89965854    C 2367  0.99324055    C 2369  0.97569674    N 2365  0.96692408    H 4718  0.90569992
  2367  C    3.95849610    O 2368  1.55231418    N 2372  1.42219210    C 2366  0.99324055
  2368  O    1.67924934    C 2367  1.55231418    N 2372  0.08592821
  2369  C    3.79556511    C 2371  1.03422457    C 2366  0.97569674    H 4719  0.90903880    O 2370  0.90092667
  2370  O    1.64430305    C 2369  0.90092667    H 4720  0.73648252
  2371  C    3.73953252    C 2369  1.03422457    H 4723  0.92467910    H 4721  0.91930784    H 4722  0.89609586
  2372  N    3.17146035    C 2367  1.42219210    C 2373  0.93046280    H 4724  0.85936733    O 2368  0.08592821
  2373  C    3.83955836    C 2374  0.97482372    C 2376  0.96138735    N 2372  0.93046280    H 4725  0.90954176
  2374  C    3.97103248    O 2375  1.59031771    N 2380  1.42305138    C 2373  0.97482372
  2375  O    1.69100272    C 2374  1.59031771    N 2380  0.08029500
  2376  C    3.85931996    C 2378  1.01820541    C 2377  0.99173411    C 2373  0.96138735    H 4726  0.90355301
  2377  C    3.81926310    C 2379  1.02701361    C 2376  0.99173411    H 4728  0.92328474    H 4727  0.91940125
  2378  C    3.73688565    C 2376  1.01820541    H 4731  0.92087261    H 4729  0.91729192    H 4730  0.91540101
  2379  C    3.73018722    C 2377  1.02701361    H 4734  0.93309543    H 4733  0.92035523    H 4732  0.91683701
  2380  N    3.18029461    C 2374  1.42305138    C 2381  0.93995474    H 4735  0.86627096    O 2375  0.08029500
  2381  C    3.82850501    C 2384  0.98137153    C 2382  0.96160034    N 2380  0.93995474    H 4736  0.90291612
  2382  C    3.92808234    O 2383  1.58484524    N 2388  1.38720150    C 2381  0.96160034
  2383  O    1.69374564    C 2382  1.58484524    N 2388  0.08185227
  2384  C    3.78310295    C 2381  0.98137153    C 2385  0.97616505    H 4738  0.92464404    H 4737  0.91334476
  2385  C    3.81529922    S 2386  1.04618207    C 2384  0.97616505    H 4739  0.90165220    H 4740  0.89647975
  2386  S    2.17399751    C 2387  1.13754086    C 2385  1.04618207
  2387  C    3.82714043    S 2386  1.13754086    H 4742  0.91852450    H 4743  0.91392044    H 4741  0.89890803
  2388  N    3.14780426    C 2382  1.38720150    C 2389  0.94084209    H 4744  0.86667464    O 2383  0.08185227
  2389  C    3.88498049    C 2390  1.01534685    C 2392  1.00166549    N 2388  0.94084209    H 4745  0.89530891
  2390  C    3.99433027    O 2391  1.61512851    N 2397  1.36968459    C 2389  1.01534685
  2391  O    1.71823896    C 2390  1.61512851    N 2397  0.08156202
  2392  C    3.83049767    C 2393  1.03293119    C 2389  1.00166549    H 4747  0.90862878    H 4746  0.90456804
  2393  C    3.80994307    C 2392  1.03293119    C 2394  0.97476811    H 4749  0.89595774    H 4748  0.89527133
  2394  C    3.90162206    O 2395  1.62212805    O 2396  1.31500016    C 2393  0.97476811
  2395  O    1.78134801    C 2394  1.62212805    O 2396  0.11082447
  2396  O    1.52844008    C 2394  1.31500016    O 2395  0.11082447    H 3183  0.07406439
  2397  N    3.16143821    C 2390  1.36968459    C 2398  0.99155519    H 4750  0.84734964    O 2391  0.08156202
  2398  C    3.92492911    C 2399  0.99841630    C 2401  0.99161513    N 2397  0.99155519    H 4751  0.89496807
  2399  C    3.99035851    O 2400  1.54923593    N 2407  1.45343699    C 2398  0.99841630
  2400  O    1.69569760    C 2399  1.54923593    N 2407  0.06879348    H 4785  0.05185458
  2401  C    3.82959491    C 2402  1.06128944    C 2398  0.99161513    H 4753  0.88475428    H 4752  0.87835639
  2402  C    3.86492950    C 2404  1.60888090    N 2403  1.15742222    C 2401  1.06128944
  2403  N    3.37704618    C 2405  1.33929663    C 2402  1.15742222    H 4754  0.82103618    N 2406  0.06134693
  2404  C    3.78715953    C 2402  1.60888090    N 2406  1.17160944    H 4755  0.91071292    C 2405  0.05999070
  2405  C    3.87718510    N 2406  1.50911977    N 2403  1.33929663    H 4756  0.91613821    C 2404  0.05999070
  2406  N    2.76235212    C 2405  1.50911977    C 2404  1.17160944    N 2403  0.06134693
  2407  N    3.24405364    C 2399  1.45343699    C 2408  0.99216879    H 4757  0.85965518    O 2400  0.06879348
  2408  C    3.88361408    C 2409  0.99861347    N 2407  0.99216879    C 2411  0.93968043    H 4758  0.89623935
  2409  C    4.01167712    O 2410  1.59332137    N 2414  1.43781378    C 2408  0.99861347
  2410  O    1.73379542    C 2409  1.59332137    N 2414  0.08059528
  2411  C    3.79673381    C 2413  1.04358810    C 2408  0.93968043    O 2412  0.92642084    H 4759  0.91123782
  2412  O    1.67295740    C 2411  0.92642084    H 4760  0.73412723
  2413  C    3.73419714    C 2411  1.04358810    H 4762  0.91949515    H 4763  0.91748554    H 4761  0.90419608
  2414  N    3.20791213    C 2409  1.43781378    C 2415  0.96828156    H 4764  0.85331194    O 2410  0.08059528
  2415  C    3.88677548    C 2416  0.98663214    C 2418  0.97385526    N 2414  0.96828156    H 4765  0.89034957
  2416  C    3.97103650    O 2417  1.60043061    N 2421  1.39852167    C 2415  0.98663214
  2417  O    1.76180129    C 2416  1.60043061    N 2421  0.08876861
  2418  C    3.86957495    C 2419  1.03449960    C 2420  1.00465656    C 2415  0.97385526    H 4766  0.88552365
  2419  C    3.75234344    C 2418  1.03449960    H 4769  0.92524760    H 4768  0.91042541    H 4767  0.90549062
  2420  C    3.72469403    C 2418  1.00465656    H 4771  0.91997847    H 4772  0.91295716    H 4770  0.90312293
  2421  N    3.21017545    C 2416  1.39852167    C 2422  1.01082502    H 4773  0.85030569    O 2417  0.08876861
  2422  C    3.93934222    N 2421  1.01082502    C 2423  0.99910280    C 2425  0.99717045    H 4774  0.88486894
  2423  C    4.00102507    O 2424  1.59034009    N 2429  1.39945084    C 2422  0.99910280
  2424  O    1.73844600    C 2423  1.59034009    N 2429  0.08895542
  2425  C    3.78784920    C 2426  1.00617684    C 2422  0.99717045    H 4776  0.90400684    H 4775  0.87869446
  2426  C    3.93678518    O 2427  1.53213493    N 2428  1.41009915    C 2425  1.00617684
  2427  O    1.68284894    C 2426  1.53213493    N 2428  0.10100683
  2428  N    3.16850158    C 2426  1.41009915    H 4777  0.83391029    H 4778  0.82836335    O 2427  0.10100683
  2429  N    3.21590788    C 2423  1.39945084    C 2430  0.93285246    H 4779  0.83907103    O 2424  0.08895542
  2430  C    4.21927695    C 2431  1.26041014    C 2433  0.99357219    N 2429  0.93285246    H 4780  0.91972007    O 2432  0.06008720
  2431  C    3.65984591    O 2432  1.35207257    C 2430  1.26041014    H 4781  1.00680627
  2432  O    1.48953627    C 2431  1.35207257    C 2430  0.06008720
  2433  C    3.78593709    C 2434  1.00837605    C 2430  0.99357219    H 4783  0.89350285    H 4782  0.89088881
  2434  C    3.97463099    O 2435  1.55794487    N 2436  1.41897978    C 2433  1.00837605
  2435  O    1.71406333    C 2434  1.55794487    N 2436  0.09211974
  2436  N    3.12425924    C 2434  1.41897978    H 4784  0.84100770    H 4785  0.83704071    O 2435  0.09211974
  2437  Zn   2.04406565    N  556  0.49724291    N 1557  0.43301251    O 2439  0.34493325    O  584  0.24963206    O  585  0.16931843    C  583  0.07230316
  2438  O    1.48762921    H 4786  0.79293950    H 4787  0.77840097
  2439  O    1.57326731    H 4788  0.65401502    H 4789  0.60796470    Zn2437  0.34493325
  2440  O    1.47990704    H 4790  0.81214564    H 4791  0.77083849
  2441  O    1.47580207    H 4792  0.77856843    H 4793  0.75233744
  2442  O    1.49342109    H 4795  0.79072970    H 4794  0.77887526
  2443  O    1.49386887    H 4796  0.79347088    H 4797  0.79126215
  2444  H    0.74751136    N    1  0.80580260
  2445  H    0.73105410    N    1  0.78792276
  2446  H    0.76693375    N    1  0.82207523
  2447  H    0.83404706    C    2  0.88498767
  2448  H    0.86690458    C    5  0.89492224
  2449  H    0.86346430    C    5  0.89276294
  2450  H    0.88213434    C    5  0.90880785
  2451  H    0.81160668    N    6  0.85217031
  2452  H    0.83831146    C    7  0.88819493
  2453  H    0.85216619    C   10  0.88507627
  2454  H    0.85410644    C   10  0.88957675
  2455  H    0.85461204    C   11  0.88996863
  2456  H    0.84227251    C   11  0.88188599
  2457  H    0.83592548    C   12  0.91039054
  2458  H    0.85507377    C   12  0.88943313
  2459  H    0.81410134    N   13  0.83033703
  2460  H    0.83720501    N   15  0.83325075
  2461  H    0.81208295    N   15  0.83618183
  2462  H    0.83946460    N   16  0.83092162
  2463  H    0.82946362    N   16  0.82203325
  2464  H    0.82010602    N   17  0.85142075
  2465  H    0.85447483    C   18  0.88497033
  2466  H    0.85366173    C   21  0.90382805
  2467  H    0.86113112    C   21  0.89401792
  2468  H    0.70542233    O   22  0.69962958
  2469  H    0.88209574    N   23  0.84092044
  2470  H    0.83910566    C   24  0.86901352
  2471  H    0.84329763    C   27  0.88856004
  2472  H    0.75604009    O   28  0.72846051
  2473  H    0.84509501    C   29  0.90965851
  2474  H    0.85842455    C   29  0.89911370
  2475  H    0.85941047    C   29  0.93283169
  2476  H    0.86555171    N   30  0.85973901
  2477  H    0.82882897    C   31  0.89732819
  2478  H    0.86729049    C   34  0.87510921
  2479  H    0.86407204    C   34  0.89565490
  2480  H    0.81070378    N   37  0.85448039
  2481  H    0.80802795    N   37  0.83783519
  2482  H    0.83942851    N   38  0.84763447
  2483  H    0.84686546    C   39  0.87685780
  2484  H    0.86618791    C   42  0.88614004
  2485  H    0.70134017    O   43  0.73004390
  2486  H    0.87698456    C   44  0.90403025
  2487  H    0.87069228    C   44  0.89822714
  2488  H    0.86106636    C   44  0.90199445
  2489  H    0.81912667    N   45  0.84919872
  2490  H    0.86163365    C   46  0.91293274
  2491  H    0.85427163    C   49  0.90294777
  2492  H    0.85312888    C   49  0.89190054
  2493  H    0.92230560    C   51  0.90984392
  2494  H    0.92145419    C   52  0.91759784
  2495  H    0.91508220    C   53  0.90907005
  2496  H    0.90379556    C   54  0.91155189
  2497  H    0.90845192    C   55  0.90632727
  2498  H    0.82531345    N   56  0.83767548
  2499  H    0.87295079    C   57  0.91434235
  2500  H    0.85417859    C   60  0.88954250
  2501  H    0.87855797    C   60  0.90089160
  2502  H    0.85176450    N   63  0.83698282
  2503  H    0.84332832    N   63  0.84050872
  2504  H    0.81549123    N   64  0.85434223
  2505  H    0.86231521    C   65  0.88066481
  2506  H    0.84676479    C   68  0.90423597
  2507  H    0.87750808    C   68  0.92425909
  2508  H    0.90466694    C   70  0.90115689
  2509  H    0.91447857    C   71  0.92067327
  2510  H    0.90533679    C   72  0.91062349
  2511  H    0.92443388    C   73  0.91849723
  2512  H    0.73906324    O   75  0.72541050
  2513  H    0.86849099    N   76  0.87707186
  2514  H    0.85074620    C   77  0.87526181
  2515  H    0.87089220    C   80  0.90068388
  2516  H    0.86433763    C   80  0.90401195
  2517  H    0.88156459    C   80  0.92038382
  2518  H    0.82679107    N   81  0.84502816
  2519  H    0.85518837    C   82  0.90406573
  2520  H    0.88685187    C   85  0.89401025
  2521  H    0.71419622    O   86  0.70419502
  2522  H    0.87900057    C   87  0.91344390
  2523  H    0.85142251    C   87  0.91018677
  2524  H    0.85764792    C   87  0.91100641
  2525  H    0.84981792    N   88  0.86443718
  2526  H    0.85631557    C   89  0.90473108
  2527  H    0.86338913    C   92  0.88056837
  2528  H    0.87886510    C   92  0.91437254
  2529  H    0.90345670    C   94  0.90482096
  2530  H    0.92068071    C   95  0.91690660
  2531  H    0.90790399    C   96  0.91229459
  2532  H    0.92729118    C   97  0.92515007
  2533  H    0.75365821    O   99  0.73345247
  2534  H    0.80660265    N  100  0.82854061
  2535  H    0.88268700    C  101  0.91277247
  2536  H    0.84547209    C  104  0.89205153
  2537  H    0.84812785    C  104  0.88706319
  2538  H    0.85915562    N  106  0.83165813
  2539  H    0.91405127    C  107  0.89411744
  2540  H    0.92558548    C  108  0.90846996
  2541  H    0.85556401    N  110  0.87196461
  2542  H    0.87051134    C  111  0.89494993
  2543  H    0.87278347    C  114  0.89533835
  2544  H    0.72504193    O  115  0.73598634
  2545  H    0.88412432    C  116  0.91712594
  2546  H    0.86180557    C  116  0.90334811
  2547  H    0.86493703    C  116  0.91859818
  2548  H    0.82264995    N  117  0.84467411
  2549  H    0.85223833    C  118  0.89161750
  2550  H    0.88125867    C  121  0.91898915
  2551  H    0.85817355    C  121  0.89387872
  2552  H    0.86465810    C  122  0.88566596
  2553  H    0.85075986    C  123  0.91495660
  2554  H    0.85968602    C  123  0.90458739
  2555  H    0.87330934    C  123  0.93205695
  2556  H    0.87121121    C  124  0.92961581
  2557  H    0.88578184    C  124  0.92139444
  2558  H    0.88274273    C  124  0.92366214
  2559  H    0.84735240    N  125  0.85102789
  2560  H    0.86259662    C  126  0.89248180
  2561  H    0.87616165    C  129  0.87852838
  2562  H    0.87479383    C  129  0.90920378
  2563  H    0.83460680    N  133  0.85190481
  2564  H    0.87138020    C  134  0.90275563
  2565  H    0.86432557    C  137  0.89145757
  2566  H    0.85828241    C  137  0.90801637
  2567  H    0.86841007    C  138  0.89451930
  2568  H    0.87767532    C  138  0.90030394
  2569  H    0.85374252    N  142  0.86575392
  2570  H    0.86292332    C  143  0.90148837
  2571  H    0.88643638    C  146  0.89887601
  2572  H    0.87166514    C  147  0.91735203
  2573  H    0.86177748    C  147  0.91326125
  2574  H    0.84999072    C  148  0.91155835
  2575  H    0.85349470    C  148  0.92545316
  2576  H    0.86774636    C  148  0.91453258
  2577  H    0.87685048    C  149  0.90987347
  2578  H    0.86721121    C  149  0.92422055
  2579  H    0.85850243    C  149  0.92043973
  2580  H    0.87325803    N  150  0.86467249
  2581  H    0.85975612    C  151  0.90723329
  2582  H    0.87188959    C  154  0.89230419
  2583  H    0.87025610    C  154  0.90113202
  2584  H    0.89216295    C  156  0.92063924
  2585  H    0.92308808    C  157  0.90810722
  2586  H    0.90661450    C  158  0.89719557
  2587  H    0.91315185    C  159  0.91683250
  2588  H    0.71543582    O  161  0.74278018
  2589  H    0.85481286    N  162  0.87388660
  2590  H    0.88178461    C  163  0.89725200
  2591  H    0.87906916    C  166  0.88936151
  2592  H    0.86097683    C  166  0.90298589
  2593  H    0.85989743    N  170  0.86924621
  2594  H    0.87658633    C  171  0.90978296
  2595  H    0.85998028    C  174  0.90812473
  2596  H    0.86654829    C  174  0.90499933
  2597  H    0.91435049    C  176  0.91120858
  2598  H    0.92676934    C  177  0.91855962
  2599  H    0.91037339    C  178  0.90687390
  2600  H    0.92247278    C  179  0.92212690
  2601  H    0.91563057    C  180  0.91315888
  2602  H    0.85167217    N  181  0.86175454
  2603  H    0.86254634    C  182  0.88913836
  2604  H    0.86230141    C  185  0.90676845
  2605  H    0.88239712    C  185  0.91859564
  2606  H    0.86816226    C  186  0.90061652
  2607  H    0.86157905    C  186  0.88898697
  2608  H    0.86422222    C  188  0.89157840
  2609  H    0.84987800    C  188  0.90466082
  2610  H    0.85510332    C  188  0.90629195
  2611  H    0.83695517    N  189  0.84573928
  2612  H    0.85559682    C  190  0.89095181
  2613  H    0.87438879    C  193  0.87661004
  2614  H    0.87186614    C  193  0.90152912
  2615  H    0.84061439    N  197  0.84631049
  2616  H    0.86212840    C  198  0.90920681
  2617  H    0.85546408    C  201  0.89820209
  2618  H    0.84710859    C  201  0.89255869
  2619  H    0.85733954    C  202  0.89419257
  2620  H    0.86046910    C  203  0.91341057
  2621  H    0.84718973    C  203  0.89657434
  2622  H    0.86591718    C  203  0.91167021
  2623  H    0.87383795    C  204  0.90832851
  2624  H    0.87245034    C  204  0.90843111
  2625  H    0.86127030    C  204  0.91272257
  2626  H    0.85170656    N  205  0.85388457
  2627  H    0.85815369    C  206  0.90828331
  2628  H    0.86204579    C  209  0.89936581
  2629  H    0.86536045    C  209  0.89533275
  2630  H    0.87732013    C  210  0.90288531
  2631  H    0.84791559    C  211  0.91802115
  2632  H    0.85657473    C  211  0.92801661
  2633  H    0.86448815    C  211  0.91809459
  2634  H    0.86162247    C  212  0.91170826
  2635  H    0.86523369    C  212  0.92113809
  2636  H    0.86052226    C  212  0.91145824
  2637  H    0.83522753    N  213  0.86086623
  2638  H    0.85007763    C  214  0.88661053
  2639  H    0.87168175    C  217  0.89628037
  2640  H    0.86937009    C  218  0.90191045
  2641  H    0.87307774    C  218  0.91370234
  2642  H    0.85705787    C  218  0.90292955
  2643  H    0.85026613    C  219  0.91135379
  2644  H    0.84353317    C  219  0.92113359
  2645  H    0.84825251    C  219  0.90411359
  2646  H    0.82999734    N  220  0.84705966
  2647  H    0.86205023    C  221  0.88905329
  2648  H    0.87858022    C  224  0.90849873
  2649  H    0.86830058    C  224  0.89873844
  2650  H    0.85690210    C  224  0.90211370
  2651  H    0.82466243    N  225  0.84988142
  2652  H    0.86581711    C  226  0.89269771
  2653  H    0.87123388    C  229  0.89436294
  2654  H    0.84690575    C  229  0.90115260
  2655  H    0.85802411    C  230  0.90277314
  2656  H    0.88393794    C  230  0.89177049
  2657  H    0.82539787    N  234  0.84436721
  2658  H    0.86544009    C  235  0.89225584
  2659  H    0.84596448    C  238  0.87541587
  2660  H    0.83786850    C  238  0.88198066
  2661  H    0.90564917    C  241  0.91400980
  2662  H    0.93021499    C  242  0.91473253
  2663  H    0.83412820    C  245  0.86114059
  2664  H    0.85598871    C  248  0.88129467
  2665  H    0.86019698    C  248  0.88997599
  2666  H    0.85875388    C  249  0.88608400
  2667  H    0.86367182    C  249  0.89474163
  2668  H    0.84926055    C  250  0.88828398
  2669  H    0.83870796    C  250  0.89846462
  2670  H    0.82180376    N  251  0.84527981
  2671  H    0.84650616    C  252  0.88851177
  2672  H    0.85197121    C  255  0.88226778
  2673  H    0.86103140    C  255  0.89999511
  2674  H    0.86424989    C  256  0.87998365
  2675  H    0.87007636    C  256  0.89998463
  2676  H    0.83929316    N  259  0.82779993
  2677  H    0.83094439    N  259  0.83402728
  2678  H    0.86247989    N  260  0.87075800
  2679  H    0.84339761    C  261  0.91591945
  2680  H    0.84094426    C  264  0.90128794
  2681  H    0.86637129    C  264  0.90470447
  2682  H    0.86614952    C  265  0.87798671
  2683  H    0.84789985    C  266  0.90530848
  2684  H    0.83580910    C  266  0.92062288
  2685  H    0.87333459    C  266  0.92148404
  2686  H    0.85652290    C  267  0.89865908
  2687  H    0.86941668    C  267  0.92417905
  2688  H    0.85803627    C  267  0.90483687
  2689  H    0.85390750    N  268  0.87266105
  2690  H    0.84658098    C  269  0.90960009
  2691  H    0.85231019    C  272  0.88503309
  2692  H    0.85011728    C  273  0.90375125
  2693  H    0.85483811    C  273  0.91653939
  2694  H    0.87127967    C  273  0.91908846
  2695  H    0.85693276    C  274  0.90227864
  2696  H    0.85667694    C  274  0.93048905
  2697  H    0.85537755    C  274  0.91081739
  2698  H    0.83297551    N  275  0.84947786
  2699  H    0.84773865    C  276  0.89932910
  2700  H    0.87629882    C  279  0.89665130
  2701  H    0.87154694    C  279  0.89625562
  2702  H    0.68910377    O  280  0.72676083
  2703  H    0.83123745    N  281  0.84959948
  2704  H    0.85293028    C  282  0.91808162
  2705  H    0.87532833    C  285  0.91812061
  2706  H    0.85021666    C  285  0.90001979
  2707  H    0.85750125    C  286  0.88462315
  2708  H    0.86742555    C  286  0.90927469
  2709  H    0.86485728    C  287  0.89979965
  2710  H    0.86923644    C  287  0.89622818
  2711  H    0.86262418    C  288  0.91458980
  2712  H    0.87243566    C  288  0.91829475
  2713  H    0.86844482    N  289  0.82717583    O  195  0.07016035
  2714  H    0.78740845    N  289  0.82981958
  2715  H    0.76528535    N  289  0.81604914
  2716  H    0.83455391    N  290  0.85004664
  2717  H    0.87775944    C  291  0.92117681
  2718  H    0.86503868    C  294  0.89959038
  2719  H    0.84219800    C  294  0.89259766
  2720  H    0.86983750    C  295  0.88498388
  2721  H    0.86203913    C  296  0.91079410
  2722  H    0.85350305    C  296  0.89625120
  2723  H    0.86976637    C  296  0.92463509
  2724  H    0.87139992    C  297  0.90551467
  2725  H    0.87988577    C  297  0.91977835
  2726  H    0.85981888    C  297  0.91132731
  2727  H    0.84172757    N  298  0.85542841
  2728  H    0.84989237    C  299  0.91190269
  2729  H    0.88461772    C  302  0.90907533
  2730  H    0.84955080    C  302  0.91097528
  2731  H    0.85349810    C  303  0.87353071
  2732  H    0.86139307    C  303  0.89992287
  2733  H    0.85005646    N  306  0.84222144
  2734  H    0.81735471    N  306  0.85177761
  2735  H    0.80868884    N  307  0.84777067
  2736  H    0.87026262    C  308  0.89352427
  2737  H    0.87936674    C  311  0.88863612
  2738  H    0.87370460    C  312  0.91195002
  2739  H    0.85562643    C  312  0.91888404
  2740  H    0.85676605    C  313  0.90260800
  2741  H    0.87368703    C  313  0.91635279
  2742  H    0.85857819    C  313  0.91960330
  2743  H    0.86471097    C  314  0.90441566
  2744  H    0.87045893    C  314  0.92302749
  2745  H    0.85805796    C  314  0.92255751
  2746  H    0.86405832    N  315  0.86974961
  2747  H    0.85656880    C  316  0.89491724
  2748  H    0.88292907    C  316  0.89831389
  2749  H    0.83491588    N  319  0.84672761
  2750  H    0.85998730    C  320  0.90782794
  2751  H    0.85562928    C  323  0.88978104
  2752  H    0.86921603    C  323  0.90785463
  2753  H    0.85837782    C  324  0.89544035
  2754  H    0.86036827    C  324  0.89896647
  2755  H    0.84118686    C  325  0.93039850
  2756  H    0.87254787    C  325  0.89306570
  2757  H    0.82515894    N  326  0.84408985
  2758  H    0.84157839    N  328  0.83613953
  2759  H    0.81145773    N  328  0.83922648
  2760  H    0.84816378    N  329  0.84018602
  2761  H    0.83664826    N  329  0.83477393
  2762  H    0.88877184    N  330  0.85915360
  2763  H    0.86491202    C  331  0.89194996
  2764  H    0.85017066    C  334  0.90827018
  2765  H    0.85794345    C  334  0.90432589
  2766  H    0.81460330    O  335  0.71493036    O  924  0.07132486
  2767  H    0.82520641    N  336  0.84629443
  2768  H    0.87459750    C  337  0.89892901
  2769  H    0.86023452    C  340  0.90086117
  2770  H    0.85963884    C  340  0.88097860
  2771  H    0.90435197    C  342  0.89619068
  2772  H    0.89507564    C  343  0.90444783
  2773  H    0.92053625    C  344  0.90838122
  2774  H    0.91824982    C  345  0.90595651
  2775  H    0.71274278    O  347  0.71015565
  2776  H    0.89152168    N  348  0.84314145
  2777  H    0.86591676    C  349  0.88723285
  2778  H    0.87883735    C  352  0.90068451
  2779  H    0.85682882    C  352  0.90649434
  2780  H    0.85626351    C  353  0.88641180
  2781  H    0.87981293    C  353  0.91235865
  2782  H    0.89065495    N  357  0.86023328
  2783  H    0.86765801    C  358  0.90165255
  2784  H    0.85040078    C  358  0.88473185
  2785  H    0.84588009    N  361  0.85365860
  2786  H    0.87149006    C  362  0.91320757
  2787  H    0.85301339    C  365  0.88974205
  2788  H    0.85394660    C  365  0.89186514
  2789  H    0.86504196    C  366  0.91375396
  2790  H    0.88452206    C  366  0.91362206
  2791  H    0.83808770    C  367  0.91623024
  2792  H    0.84907643    C  367  0.91743121
  2793  H    0.84170799    N  368  0.85461607
  2794  H    0.88959585    N  370  0.86524608
  2795  H    0.85953464    N  370  0.85755896
  2796  H    0.85705585    N  371  0.84898423
  2797  H    0.85223117    N  371  0.85306811
  2798  H    0.86486325    C  373  0.90310813
  2799  H    0.86624207    C  376  0.90137261
  2800  H    0.85471397    C  376  0.89286781
  2801  H    0.87126978    C  377  0.89638281
  2802  H    0.84863667    C  377  0.89363271
  2803  H    0.84721156    C  378  0.89281869
  2804  H    0.87213483    C  378  0.90269367
  2805  H    0.86091572    N  379  0.87052536
  2806  H    0.87592733    C  380  0.91902076
  2807  H    0.89628032    C  383  0.91176492
  2808  H    0.88405134    C  384  0.92092261
  2809  H    0.86970574    C  384  0.90685137
  2810  H    0.86662610    C  385  0.91366588
  2811  H    0.87076371    C  385  0.91899073
  2812  H    0.86876216    C  385  0.91999203
  2813  H    0.86465903    C  386  0.92069690
  2814  H    0.87813288    C  386  0.92824398
  2815  H    0.85887643    C  386  0.92155545
  2816  H    0.84022154    N  387  0.85121584
  2817  H    0.88417283    C  388  0.94228891
  2818  H    0.87724024    C  391  0.89746472
  2819  H    0.86568568    C  391  0.91813428
  2820  H    0.90172205    C  393  0.91009465
  2821  H    0.91078987    C  394  0.90868208
  2822  H    0.91224649    C  395  0.92079493
  2823  H    0.90863134    C  396  0.91763951
  2824  H    0.70038342    O  398  0.70987645
  2825  H    0.88764103    N  399  0.88148217
  2826  H    0.88447818    C  400  0.92027171
  2827  H    0.88939797    C  403  0.91077916
  2828  H    0.86514590    C  404  0.92339951
  2829  H    0.88081928    C  404  0.92351276
  2830  H    0.87562325    C  404  0.91836928
  2831  H    0.86164056    C  405  0.91833899
  2832  H    0.85579862    C  405  0.91826702
  2833  H    0.87016234    C  405  0.92455118
  2834  H    0.86702088    N  406  0.85472910
  2835  H    0.87972247    C  407  0.94309666
  2836  H    0.87624823    C  410  0.90958951
  2837  H    0.86478641    C  410  0.91041627
  2838  H    0.90080937    C  411  0.90030518
  2839  H    0.86612246    C  412  0.91641935
  2840  H    0.85782780    C  412  0.90987502
  2841  H    0.86388508    C  412  0.92649616
  2842  H    0.86867048    C  413  0.92295725
  2843  H    0.87151054    C  413  0.92520760
  2844  H    0.85311212    C  413  0.92976054
  2845  H    0.88710419    N  414  0.87411301
  2846  H    0.88200904    C  415  0.92109843
  2847  H    0.85865712    C  418  0.92914092
  2848  H    0.86989707    C  418  0.89843998
  2849  H    0.86284491    C  419  0.89946072
  2850  H    0.87373974    C  419  0.90530869
  2851  H    0.86924822    C  420  0.90966036
  2852  H    0.85928756    C  420  0.90573303
  2853  H    0.85867188    C  421  0.90618992
  2854  H    0.86325116    C  421  0.91542497
  2855  H    0.78057582    N  422  0.82359303
  2856  H    0.77449975    N  422  0.82179836
  2857  H    0.78764987    N  422  0.83492030
  2858  H    0.89746329    N  423  0.86339407
  2859  H    0.88965849    C  424  0.93165162
  2860  H    0.86783275    C  427  0.90488166
  2861  H    0.86088377    C  427  0.91026276
  2862  H    0.92308976    C  429  0.91619204
  2863  H    0.92174892    C  430  0.91648544
  2864  H    0.90744644    C  431  0.91688101
  2865  H    0.91703801    C  432  0.91926158
  2866  H    0.91240025    C  433  0.91938873
  2867  H    0.87031499    N  434  0.86926715
  2868  H    0.87646499    C  435  0.90646759
  2869  H    0.88123321    C  438  0.91392743
  2870  H    0.85675394    C  438  0.90013875
  2871  H    0.75303945    O  439  0.72708918
  2872  H    0.81478927    N  440  0.83868541
  2873  H    0.86628148    C  441  0.88021643
  2874  H    0.87886547    C  444  0.89173347
  2875  H    0.70706358    O  445  0.72388826
  2876  H    0.85553184    C  446  0.91056992
  2877  H    0.86688139    C  446  0.90854853
  2878  H    0.84215898    C  446  0.91458918
  2879  H    0.84144791    N  447  0.85548228
  2880  H    0.86300435    C  448  0.91393285
  2881  H    0.86502131    C  448  0.87764620
  2882  H    0.82627266    N  451  0.84610493
  2883  H    0.82969729    C  452  0.89081762
  2884  H    0.86021807    C  452  0.88621125
  2885  H    0.81726070    N  455  0.83650967
  2886  H    0.83651699    C  456  0.90168322
  2887  H    0.87082707    C  459  0.89438449
  2888  H    0.85741435    C  459  0.88477073
  2889  H    0.71879664    O  460  0.71899773
  2890  H    0.78714130    N  461  0.81915451
  2891  H    0.82644580    C  462  0.87146208
  2892  H    0.86622670    C  465  0.90166262
  2893  H    0.87560590    C  465  0.89501644
  2894  H    0.84126673    N  468  0.83902952
  2895  H    0.82296398    N  468  0.84633150
  2896  H    0.82125397    N  469  0.83625046
  2897  H    0.85882331    C  470  0.90443445
  2898  H    0.82257134    C  473  0.89531567
  2899  H    0.85280013    C  473  0.89344835
  2900  H    0.86131491    C  474  0.90635702
  2901  H    0.87004124    C  474  0.90693206
  2902  H    0.85387293    C  475  0.90465127
  2903  H    0.84315975    C  475  0.90812499
  2904  H    0.84219106    N  476  0.86733113
  2905  H    0.84865816    N  478  0.85120119
  2906  H    0.81190841    N  478  0.83378723
  2907  H    0.84579444    N  479  0.83709154
  2908  H    0.85637550    N  479  0.84980434
  2909  H    0.86583729    C  481  0.90207868
  2910  H    0.84605102    C  484  0.89026650
  2911  H    0.81399704    C  484  0.91038226
  2912  H    0.87147868    C  485  0.89910760
  2913  H    0.85779413    C  485  0.88060810
  2914  H    0.83209203    C  486  0.90076346
  2915  H    0.85644634    C  486  0.89993823
  2916  H    0.85966992    N  487  0.86136753
  2917  H    0.88275017    C  488  0.92401624
  2918  H    0.85715000    C  491  0.91637088
  2919  H    0.87300530    C  491  0.92204597
  2920  H    0.87909254    C  491  0.92968561
  2921  H    0.85365710    N  492  0.87024343
  2922  H    0.89288649    C  493  0.93311839
  2923  H    0.87860914    C  496  0.91296523
  2924  H    0.87896985    C  497  0.89724055
  2925  H    0.88395661    C  497  0.90478843
  2926  H    0.84531640    C  498  0.92691166
  2927  H    0.86526368    C  498  0.91537629
  2928  H    0.85348852    C  498  0.93658716
  2929  H    0.87326840    C  499  0.92329316
  2930  H    0.84240744    C  499  0.92697328
  2931  H    0.86185146    C  499  0.92427735
  2932  H    0.89257303    N  500  0.87763730
  2933  H    0.91229641    C  501  0.93527081
  2934  H    0.87989817    C  504  0.92438577
  2935  H    0.88802260    C  504  0.91332497
  2936  H    0.94992932    C  506  0.92362820
  2937  H    0.92455808    N  508  0.86260138
  2938  H    0.93809627    C  510  0.92611174
  2939  H    0.92564575    C  511  0.92907034
  2940  H    0.94068514    C  512  0.92788356
  2941  H    0.93787137    C  513  0.92547682
  2942  H    0.88997403    N  514  0.88480350
  2943  H    0.90236444    C  515  0.94218374
  2944  H    0.89385001    C  518  0.92325686
  2945  H    0.89251982    C  519  0.92647382
  2946  H    0.88397248    C  519  0.92039403
  2947  H    0.87113302    C  520  0.92728652
  2948  H    0.87909574    C  520  0.92589014
  2949  H    0.87835936    C  520  0.92738379
  2950  H    0.86282740    C  521  0.93400577
  2951  H    0.87641013    C  521  0.92621780
  2952  H    0.86594610    C  521  0.93086712
  2953  H    0.89746955    N  522  0.88435294
  2954  H    0.90490667    C  523  0.93752868
  2955  H    0.89104378    C  526  0.93439076
  2956  H    0.89565016    C  526  0.91066554
  2957  H    0.90149505    N  530  0.90557369
  2958  H    0.90435359    C  531  0.93202233
  2959  H    0.89636420    C  534  0.91637270
  2960  H    0.89704677    C  534  0.93076333
  2961  H    0.90089821    C  535  0.92523553
  2962  H    0.86996021    C  536  0.93525443
  2963  H    0.88898435    C  536  0.92949715
  2964  H    0.87225685    C  536  0.93980855
  2965  H    0.87621042    C  537  0.92574061
  2966  H    0.88231492    C  537  0.94078896
  2967  H    0.87111450    C  537  0.92950267
  2968  H    0.87403336    N  538  0.87676842
  2969  H    0.89031752    C  539  0.92617301
  2970  H    0.88999525    C  539  0.90493435
  2971  H    0.88997203    N  542  0.87757478
  2972  H    0.89962327    C  543  0.92778383
  2973  H    0.90492360    C  546  0.90673603
  2974  H    0.88386395    C  547  0.92537599
  2975  H    0.88557864    C  547  0.93873238
  2976  H    0.87357952    C  548  0.93833125
  2977  H    0.88687135    C  548  0.93207748
  2978  H    0.89459627    C  548  0.94008087
  2979  H    0.88381860    C  549  0.93083970
  2980  H    0.88348279    C  549  0.92869657
  2981  H    0.87221253    C  549  0.93745560
  2982  H    0.90847683    N  550  0.89816203
  2983  H    0.90721496    C  551  0.95736969
  2984  H    0.89334136    C  554  0.90062394
  2985  H    0.88737957    C  554  0.93161123
  2986  H    0.94638263    C  557  0.93202857
  2987  H    0.92093948    C  558  0.92530481
  2988  H    0.88610046    N  560  0.88355713
  2989  H    0.88033423    C  561  0.90308162
  2990  H    0.88488443    C  564  0.91839913
  2991  H    0.87917777    C  564  0.92930813
  2992  H    0.80136387    O  565  0.78934949
  2993  H    0.87234036    N  566  0.88348712
  2994  H    0.88986677    C  567  0.90897518
  2995  H    0.88540776    C  570  0.91768305
  2996  H    0.88217453    C  570  0.91535947
  2997  H    0.88429227    C  571  0.91537741
  2998  H    0.87284644    C  571  0.91314074
  2999  H    0.86818541    C  572  0.95143978
  3000  H    0.87907651    C  572  0.92723092
  3001  H    0.86639920    N  573  0.86551098
  3002  H    0.86910309    N  575  0.86749418
  3003  H    0.86189493    N  575  0.87580725
  3004  H    0.86578599    N  576  0.86026530
  3005  H    0.83559326    N  576  0.86246453
  3006  H    0.90877061    N  577  0.88331439
  3007  H    0.90732948    C  578  0.92444408
  3008  H    0.89758525    C  581  0.91678135
  3009  H    0.89740716    C  581  0.92317916
  3010  H    0.88823427    C  582  0.92618376
  3011  H    0.88522974    C  582  0.91304608
  3012  H    0.89525644    N  586  0.89255094
  3013  H    0.87998150    C  587  0.91631801
  3014  H    0.88007964    C  590  0.91068457
  3015  H    0.88192667    C  590  0.91507826
  3016  H    0.92845989    C  592  0.92880786
  3017  H    0.87142122    N  594  0.84779917
  3018  H    0.92664782    C  596  0.91240617
  3019  H    0.92907427    C  597  0.91447456
  3020  H    0.93782712    C  598  0.91785452
  3021  H    0.93194032    C  599  0.91725064
  3022  H    0.86527446    N  600  0.86802550
  3023  H    0.87205021    C  601  0.92606138
  3024  H    0.89692778    C  604  0.90490679
  3025  H    0.87234761    C  605  0.92111366
  3026  H    0.87558221    C  605  0.92074556
  3027  H    0.87659501    C  606  0.92361253
  3028  H    0.87641369    C  606  0.92667597
  3029  H    0.87086489    C  606  0.92826920
  3030  H    0.86405154    C  607  0.92699648
  3031  H    0.85837410    C  607  0.93296677
  3032  H    0.87537605    C  607  0.93455381
  3033  H    0.92716307    N  608  0.89008558
  3034  H    0.89533060    C  609  0.91957957
  3035  H    0.89038327    C  612  0.91530705
  3036  H    0.78590993    O  613  0.77440568
  3037  H    0.87852988    C  614  0.93347049
  3038  H    0.88555933    C  614  0.93565723
  3039  H    0.88962145    C  614  0.94832116
  3040  H    0.92855981    N  615  0.88559299
  3041  H    0.89302845    C  616  0.91245201
  3042  H    0.88693206    C  619  0.91149119
  3043  H    0.90576291    C  619  0.92854477
  3044  H    0.88434270    C  620  0.91066759
  3045  H    0.89162314    C  620  0.92176097
  3046  H    0.87943640    N  623  0.86896432
  3047  H    0.86912792    N  623  0.87046324
  3048  H    0.88794199    N  624  0.88636279
  3049  H    0.89488760    C  625  0.91285983
  3050  H    0.87453293    C  628  0.92681925
  3051  H    0.87542752    C  628  0.92397562
  3052  H    0.87500437    C  628  0.92799834
  3053  H    0.89889344    N  629  0.88330002
  3054  H    0.89838094    C  630  0.92054887
  3055  H    0.89510665    C  633  0.91708059
  3056  H    0.75301056    O  634  0.74938732
  3057  H    0.87601679    C  635  0.91335218
  3058  H    0.88124716    C  635  0.91789662
  3059  H    0.88205431    C  635  0.93283005
  3060  H    0.90698554    N  636  0.88719238
  3061  H    0.86759666    C  637  0.90366894
  3062  H    0.87968206    C  637  0.91381721
  3063  H    0.88472936    N  640  0.87824176
  3064  H    0.87979879    C  641  0.91214390
  3065  H    0.89881969    C  644  0.90424923
  3066  H    0.86260290    C  645  0.92959632
  3067  H    0.86373071    C  645  0.93429258
  3068  H    0.87430698    C  645  0.93153160
  3069  H    0.87207487    C  646  0.92056181
  3070  H    0.85921999    C  646  0.92685287
  3071  H    0.85819686    C  646  0.92185055
  3072  H    0.86979639    N  647  0.87205899
  3073  H    0.89494802    C  648  0.91856419
  3074  H    0.86919503    C  651  0.90978044
  3075  H    0.87683086    C  651  0.89765143
  3076  H    0.92590946    C  653  0.92647972
  3077  H    0.85522010    N  655  0.84561255
  3078  H    0.89372566    C  657  0.92142372
  3079  H    0.92839414    C  658  0.91585228
  3080  H    0.90292170    C  659  0.91780027
  3081  H    0.91202515    C  660  0.91529477
  3082  H    0.90810709    N  661  0.87944577
  3083  H    0.88659896    C  662  0.92610256
  3084  H    0.87964820    C  665  0.90210512
  3085  H    0.87729458    C  665  0.91181533
  3086  H    0.90396157    C  667  0.94956680
  3087  H    0.92577142    C  668  0.91697397
  3088  H    0.93817888    C  669  0.92895496
  3089  H    0.92343893    C  670  0.91522942
  3090  H    0.92191359    C  671  0.93133712
  3091  H    0.87989731    N  672  0.87661034
  3092  H    0.88619862    C  673  0.90920217
  3093  H    0.86479323    C  676  0.92350596
  3094  H    0.85464809    C  676  0.91612205
  3095  H    0.87123800    C  676  0.93486589
  3096  H    0.85382021    N  677  0.86281341
  3097  H    0.87537861    C  678  0.90509302
  3098  H    0.86920432    C  681  0.90326814
  3099  H    0.86117151    C  681  0.90040578
  3100  H    0.87760532    C  682  0.90858530
  3101  H    0.87878654    C  682  0.90220581
  3102  H    0.86023221    C  683  0.90623068
  3103  H    0.86787697    C  683  0.90949487
  3104  H    0.86898625    C  684  0.92183251
  3105  H    0.87379701    C  684  0.91377353
  3106  H    0.75942731    N  685  0.85627881
  3107  H    0.77211128    N  685  0.82225833
  3108  H    0.79381468    N  685  0.83236865
  3109  H    0.87097033    N  686  0.86732910
  3110  H    0.87573958    C  687  0.90607723
  3111  H    0.86273073    C  690  0.90601393
  3112  H    0.87366141    C  690  0.90531628
  3113  H    0.87194522    C  691  0.90502289
  3114  H    0.86779165    C  691  0.89703423
  3115  H    0.87482487    C  692  0.90896193
  3116  H    0.88003748    C  692  0.90803390
  3117  H    0.85366282    C  693  0.92553117
  3118  H    0.85465494    C  693  0.91875335
  3119  H    0.78383328    N  694  0.83439147
  3120  H    0.78369410    N  694  0.83315765
  3121  H    0.78093467    N  694  0.82498325
  3122  H    0.87418248    N  695  0.85672089
  3123  H    0.87482106    C  696  0.91114709
  3124  H    0.87677627    C  699  0.89395495
  3125  H    0.87649911    C  699  0.91662947
  3126  H    0.92382943    C  701  0.93119874
  3127  H    0.92953795    C  702  0.93519694
  3128  H    0.90659591    C  703  0.93916917
  3129  H    0.91639444    C  704  0.91959526
  3130  H    0.92152814    C  705  0.91346058
  3131  H    0.84138648    N  706  0.85768556
  3132  H    0.86017094    C  707  0.89122154
  3133  H    0.87718015    C  710  0.90362601
  3134  H    0.75368034    O  711  0.73396411
  3135  H    0.85522565    C  712  0.91509866
  3136  H    0.86483396    C  712  0.90325276
  3137  H    0.84695481    C  712  0.91757879
  3138  H    0.84920681    N  713  0.85613762
  3139  H    0.86768281    C  714  0.90328076
  3140  H    0.87170273    C  717  0.90371920
  3141  H    0.85304736    C  717  0.90121529
  3142  H    0.87309550    C  718  0.88744864
  3143  H    0.88847893    C  718  0.90125245
  3144  H    0.85509627    N  722  0.86248119
  3145  H    0.85866121    C  723  0.90383391
  3146  H    0.85966401    C  726  0.88862064
  3147  H    0.86082499    C  726  0.88849325
  3148  H    0.83376901    N  730  0.84484501
  3149  H    0.85305614    C  731  0.91375168
  3150  H    0.86180960    C  734  0.90063376
  3151  H    0.84012371    C  734  0.88132910
  3152  H    0.88553157    C  736  0.90223975
  3153  H    0.90780090    C  737  0.90082219
  3154  H    0.90879017    C  738  0.90675807
  3155  H    0.92817289    C  739  0.90566624
  3156  H    0.75780273    O  741  0.70449341
  3157  H    0.82096818    N  742  0.85140451
  3158  H    0.85852612    C  743  0.88498692
  3159  H    0.85606349    C  743  0.87655657
  3160  H    0.85407510    N  746  0.85190997
  3161  H    0.86258210    C  747  0.90421498
  3162  H    0.84963731    C  750  0.91225379
  3163  H    0.84882362    C  750  0.88662812
  3164  H    0.85888417    C  751  0.86745126
  3165  H    0.85669054    C  751  0.89147500
  3166  H    0.85221707    N  754  0.84018918
  3167  H    0.81350219    N  754  0.84308005
  3168  H    0.81983911    N  755  0.84902842
  3169  H    0.84814807    C  756  0.92102224
  3170  H    0.84413178    C  759  0.90192286
  3171  H    0.87321684    C  759  0.87562155
  3172  H    0.84237665    C  764  0.87319883
  3173  H    0.85564912    C  767  0.88052891
  3174  H    0.85639391    C  767  0.88734249
  3175  H    0.86272642    C  768  0.89225054
  3176  H    0.85799911    C  768  0.88474711
  3177  H    0.84098461    C  769  0.88370891
  3178  H    0.83516138    C  769  0.89480303
  3179  H    0.83681517    N  770  0.83334877
  3180  H    0.86181024    C  771  0.89973443
  3181  H    0.86511630    C  774  0.89696525
  3182  H    0.88277211    C  774  0.89924405
  3183  H    0.80019333    O  775  0.70709995    O 2396  0.07406439
  3184  H    0.85001354    N  776  0.85514194
  3185  H    0.84643243    C  777  0.90249663
  3186  H    0.86349881    C  780  0.91370877
  3187  H    0.86156418    C  780  0.88357908
  3188  H    0.91272639    C  782  0.91291865
  3189  H    0.92153370    C  783  0.92275285
  3190  H    0.91427445    C  784  0.91437026
  3191  H    0.91584627    C  785  0.92258265
  3192  H    0.91482486    C  786  0.91610878
  3193  H    0.86164664    N  787  0.86872327
  3194  H    0.84754848    C  788  0.89487961
  3195  H    0.87639926    C  791  0.90416774
  3196  H    0.74886940    O  792  0.70960499
  3197  H    0.88100232    C  793  0.91162283
  3198  H    0.85923778    C  793  0.90372563
  3199  H    0.85585574    C  793  0.90854394
  3200  H    0.84979405    N  794  0.85945955
  3201  H    0.86936586    C  795  0.89513441
  3202  H    0.87346819    C  798  0.90250074
  3203  H    0.87666739    C  798  0.90622130
  3204  H    0.85739831    C  798  0.90413070
  3205  H    0.84077696    N  799  0.85513388
  3206  H    0.85570543    C  800  0.90376924
  3207  H    0.87960718    C  803  0.90005535
  3208  H    0.87336760    C  804  0.91374300
  3209  H    0.86141856    C  804  0.90459883
  3210  H    0.86159856    C  805  0.90148375
  3211  H    0.85887583    C  805  0.90902483
  3212  H    0.86877022    C  805  0.91748068
  3213  H    0.85729263    C  806  0.91721321
  3214  H    0.85260854    C  806  0.92489693
  3215  H    0.85500272    C  806  0.91249540
  3216  H    0.84112117    N  807  0.85904763
  3217  H    0.84312173    C  808  0.90120192
  3218  H    0.86220542    C  811  0.91101597
  3219  H    0.85545734    C  811  0.89960435
  3220  H    0.88098472    C  812  0.90622356
  3221  H    0.86162933    C  813  0.90984226
  3222  H    0.84812785    C  813  0.92336235
  3223  H    0.85501199    C  813  0.91847224
  3224  H    0.86076431    C  814  0.90966692
  3225  H    0.84619870    C  814  0.92303344
  3226  H    0.86722098    C  814  0.92072431
  3227  H    0.85747431    N  815  0.86867608
  3228  H    0.86778440    C  816  0.89841483
  3229  H    0.87890332    C  819  0.88232626
  3230  H    0.85996694    C  819  0.89763641
  3231  H    0.84479598    N  823  0.85625333
  3232  H    0.88192577    C  824  0.89947565
  3233  H    0.87033344    C  827  0.89409456
  3234  H    0.85678712    C  827  0.89896850
  3235  H    0.71412560    O  828  0.72265571
  3236  H    0.84630743    N  829  0.86335641
  3237  H    0.87603529    C  830  0.91772165
  3238  H    0.84933220    C  833  0.90385224
  3239  H    0.86897945    C  833  0.90486759
  3240  H    0.86673799    C  834  0.90353194
  3241  H    0.86781268    C  834  0.89543056
  3242  H    0.85093473    C  836  0.89898602
  3243  H    0.84648998    C  836  0.90074015
  3244  H    0.83679693    C  836  0.92338036
  3245  H    0.86392807    N  837  0.86874845
  3246  H    0.88667949    C  838  0.92175404
  3247  H    0.87736914    C  841  0.88367426
  3248  H    0.87454933    C  841  0.91065198
  3249  H    0.87851006    N  845  0.86853453
  3250  H    0.88506614    C  846  0.93267162
  3251  H    0.88458846    C  849  0.91181562
  3252  H    0.88656524    C  850  0.91666170
  3253  H    0.87139094    C  850  0.91183018
  3254  H    0.86595203    C  851  0.91486880
  3255  H    0.86800288    C  851  0.91913202
  3256  H    0.86581297    C  851  0.91966675
  3257  H    0.88009140    C  852  0.92163991
  3258  H    0.86660570    C  852  0.92914824
  3259  H    0.86620245    C  852  0.92617299
  3260  H    0.87765688    N  853  0.87434375
  3261  H    0.90273309    C  854  0.94218919
  3262  H    0.87489370    C  857  0.90624258
  3263  H    0.87383302    C  857  0.91430863
  3264  H    0.91367256    C  859  0.92521815
  3265  H    0.91156770    C  860  0.91403642
  3266  H    0.91490399    C  861  0.92482898
  3267  H    0.91338241    C  862  0.92867318
  3268  H    0.93266606    C  863  0.92226302
  3269  H    0.90155506    N  864  0.88479364
  3270  H    0.89820101    C  865  0.93892143
  3271  H    0.87750468    C  868  0.92975242
  3272  H    0.88114197    C  868  0.91430133
  3273  H    0.90295434    C  869  0.91208503
  3274  H    0.87026057    C  870  0.92542244
  3275  H    0.86412147    C  870  0.93201187
  3276  H    0.87657052    C  870  0.93046050
  3277  H    0.87870263    C  871  0.92404644
  3278  H    0.87295102    C  871  0.93531732
  3279  H    0.87476439    C  871  0.93184014
  3280  H    0.89367741    N  872  0.87499544
  3281  H    0.89626928    C  873  0.94486421
  3282  H    0.89372416    C  876  0.92020993
  3283  H    0.89509461    C  876  0.92200004
  3284  H    0.88248716    C  877  0.91108095
  3285  H    0.88623096    C  877  0.90356507
  3286  H    0.86056438    N  881  0.87549951
  3287  H    0.87879266    C  882  0.91947212
  3288  H    0.90673913    C  885  0.91775032
  3289  H    0.87622040    C  886  0.92486850
  3290  H    0.88133778    C  886  0.91582881
  3291  H    0.86991804    C  887  0.92959281
  3292  H    0.87336029    C  887  0.92781117
  3293  H    0.86955729    C  887  0.92768199
  3294  H    0.87234298    C  888  0.91774178
  3295  H    0.86794756    C  888  0.93275792
  3296  H    0.86836157    C  888  0.93162535
  3297  H    0.87486922    N  889  0.86983054
  3298  H    0.88933445    C  890  0.92909207
  3299  H    0.89587736    C  893  0.91325896
  3300  H    0.87956534    C  894  0.92710778
  3301  H    0.88039727    C  894  0.93211156
  3302  H    0.87591221    C  894  0.92202560
  3303  H    0.87842111    C  895  0.91716736
  3304  H    0.87225083    C  895  0.92002905
  3305  H    0.87210589    C  895  0.92162567
  3306  H    0.85294598    N  896  0.87176707
  3307  H    0.89514708    C  897  0.92110142
  3308  H    0.90695518    C  900  0.92828897
  3309  H    0.76689564    O  901  0.76800297
  3310  H    0.88384619    C  902  0.92091393
  3311  H    0.88052380    C  902  0.92898580
  3312  H    0.88665206    C  902  0.94075485
  3313  H    0.87411625    N  903  0.87297941
  3314  H    0.89615016    C  904  0.93289615
  3315  H    0.89101485    C  907  0.92372458
  3316  H    0.89233506    C  907  0.90299662
  3317  H    0.90299487    N  910  0.88172317
  3318  H    0.86918979    N  910  0.86797285
  3319  H    0.86317501    C  912  0.90562657
  3320  H    0.86550326    C  915  0.90076614
  3321  H    0.86518620    C  915  0.92090337
  3322  H    0.86536641    C  916  0.89930701
  3323  H    0.84937150    C  916  0.91956660
  3324  H    0.86461881    C  917  0.91189463
  3325  H    0.87322453    C  917  0.91434249
  3326  H    0.87259865    N  918  0.85705948
  3327  H    0.88888831    C  919  0.92065783
  3328  H    0.87370561    C  922  0.89311146
  3329  H    0.87650648    C  922  0.90434505
  3330  H    0.87349876    N  926  0.86248398
  3331  H    0.86326982    C  927  0.88839824
  3332  H    0.87406854    C  927  0.91669676
  3333  H    0.87740197    N  930  0.87185241
  3334  H    0.86520319    C  931  0.92024708
  3335  H    0.87475116    C  934  0.92333691
  3336  H    0.86721308    C  934  0.88545616
  3337  H    0.92377628    C  936  0.92260585
  3338  H    0.92303130    C  937  0.92274851
  3339  H    0.93219007    C  938  0.92105931
  3340  H    0.92212664    C  939  0.93287498
  3341  H    0.92714503    C  940  0.92332925
  3342  H    0.87170270    N  941  0.86680849
  3343  H    0.88061867    C  942  0.89927819
  3344  H    0.88648759    C  945  0.91749310
  3345  H    0.86777180    C  945  0.90306034
  3346  H    0.87532034    C  945  0.91746725
  3347  H    0.84438522    N  946  0.85636451
  3348  H    0.87404772    C  947  0.90920025
  3349  H    0.85475663    C  950  0.90057139
  3350  H    0.85885979    C  950  0.88957950
  3351  H    0.91044649    C  952  0.90299529
  3352  H    0.89123646    C  953  0.90870157
  3353  H    0.91905996    C  954  0.90917749
  3354  H    0.90742479    C  955  0.91038953
  3355  H    0.92232718    C  956  0.90824729
  3356  H    0.85757364    N  957  0.86155640
  3357  H    0.88311127    C  958  0.90822414
  3358  H    0.87167624    C  961  0.91001435
  3359  H    0.75975047    O  962  0.75279021
  3360  H    0.85977347    C  963  0.91415233
  3361  H    0.87080166    C  963  0.91955294
  3362  H    0.86829889    C  963  0.92719860
  3363  H    0.85345780    N  964  0.85817647
  3364  H    0.87115452    C  965  0.90222743
  3365  H    0.87540445    C  968  0.89648893
  3366  H    0.86119451    C  968  0.89250286
  3367  H    0.93322633    C  971  0.91078162
  3368  H    0.93596155    C  972  0.91775594
  3369  H    0.83007378    N  974  0.85943994
  3370  H    0.86409617    C  975  0.89304648
  3371  H    0.84198037    C  978  0.90306061
  3372  H    0.86377004    C  978  0.88936796
  3373  H    0.70810247    O  979  0.75730767
  3374  H    0.85079663    N  980  0.84542385
  3375  H    0.85977090    C  981  0.90099594
  3376  H    0.83536537    C  984  0.91319018
  3377  H    0.85058184    C  984  0.88785749
  3378  H    0.85213913    C  985  0.86653214
  3379  H    0.82015875    C  985  0.91309647
  3380  H    0.84902430    N  988  0.83961550
  3381  H    0.80990009    N  988  0.84846830
  3382  H    0.83590272    N  989  0.83537098
  3383  H    0.86596999    C  990  0.91882821
  3384  H    0.84631939    C  993  0.89171820
  3385  H    0.87384332    C  993  0.89034742
  3386  H    0.84961854    N  996  0.83592017
  3387  H    0.83288368    N  996  0.84128734
  3388  H    0.81450095    N  997  0.85878800
  3389  H    0.85219273    C  998  0.89097032
  3390  H    0.87005075    C 1001  0.90649771
  3391  H    0.87142134    C 1001  0.90022186
  3392  H    0.85449544    C 1002  0.90446793
  3393  H    0.87674288    C 1002  0.90619654
  3394  H    0.87393725    C 1003  0.90997374
  3395  H    0.84537975    C 1003  0.92268428
  3396  H    0.86727032    N 1004  0.86132701
  3397  H    0.87801975    N 1006  0.84949309
  3398  H    0.86473972    N 1006  0.87371315
  3399  H    0.84139924    N 1007  0.85360337
  3400  H    0.86055134    N 1007  0.85920090
  3401  H    0.86065248    N 1008  0.87022825
  3402  H    0.83345677    C 1009  0.90296534
  3403  H    0.84725172    C 1012  0.89385754
  3404  H    0.87047307    C 1012  0.89915011
  3405  H    0.87637150    C 1013  0.88901463
  3406  H    0.87561153    C 1014  0.90711697
  3407  H    0.87776835    C 1014  0.91064413
  3408  H    0.85966658    C 1014  0.90458115
  3409  H    0.85079567    C 1015  0.91086086
  3410  H    0.84549172    C 1015  0.90401956
  3411  H    0.82998228    C 1015  0.90760185
  3412  H    0.86355618    N 1016  0.87257373
  3413  H    0.89674511    C 1017  0.91961471
  3414  H    0.86196252    C 1020  0.90543796
  3415  H    0.87308613    C 1020  0.90948701
  3416  H    0.92377943    C 1022  0.90935010
  3417  H    0.85259691    N 1024  0.84257309
  3418  H    0.91784294    C 1026  0.91591874
  3419  H    0.90176765    C 1027  0.90329498
  3420  H    0.93672048    C 1028  0.91551332
  3421  H    0.92107177    C 1029  0.91307366
  3422  H    0.84954926    N 1030  0.87449582
  3423  H    0.88667622    C 1031  0.91609464
  3424  H    0.88805570    C 1034  0.91752156
  3425  H    0.87322602    C 1034  0.89542662
  3426  H    0.88399795    C 1035  0.91118644
  3427  H    0.87918631    C 1035  0.92463014
  3428  H    0.86511216    C 1036  0.94477094
  3429  H    0.88203505    C 1036  0.92683960
  3430  H    0.86988984    N 1037  0.88080523
  3431  H    0.89682623    N 1039  0.87691020
  3432  H    0.87312350    N 1039  0.89151723
  3433  H    0.86286526    N 1040  0.85947607
  3434  H    0.86398822    N 1040  0.85834541
  3435  H    0.87211060    N 1041  0.89132317
  3436  H    0.87510925    C 1042  0.89465042
  3437  H    0.87308019    C 1045  0.92089646
  3438  H    0.88230735    C 1045  0.92462184
  3439  H    0.87286696    C 1046  0.91750389
  3440  H    0.86051319    C 1046  0.90171888
  3441  H    0.87255252    C 1047  0.91020655
  3442  H    0.87589479    C 1047  0.91891466
  3443  H    0.86835293    C 1048  0.92327715
  3444  H    0.88268666    C 1048  0.92077826
  3445  H    0.79339157    N 1049  0.84279857
  3446  H    0.78134684    N 1049  0.82839646
  3447  H    0.77942984    N 1049  0.83364941
  3448  H    0.89264813    N 1050  0.88607694
  3449  H    0.88556127    C 1051  0.89403605
  3450  H    0.88109010    C 1054  0.91308035
  3451  H    0.75373041    O 1055  0.73287524
  3452  H    0.87827014    C 1056  0.91708350
  3453  H    0.87573516    C 1056  0.90985848
  3454  H    0.86986865    C 1056  0.93140136
  3455  H    0.82606752    N 1057  0.85490748
  3456  H    0.86667230    C 1058  0.91054235
  3457  H    0.87592449    C 1061  0.90866267
  3458  H    0.86241071    C 1061  0.90063148
  3459  H    0.87025171    C 1062  0.90572976
  3460  H    0.86262727    C 1062  0.89396775
  3461  H    0.87182318    C 1063  0.90479429
  3462  H    0.86429668    C 1063  0.92987886
  3463  H    0.84622410    N 1064  0.86447274
  3464  H    0.85340430    N 1066  0.84950661
  3465  H    0.84294838    N 1066  0.84409852
  3466  H    0.85463126    N 1067  0.85154415
  3467  H    0.84550955    N 1067  0.84787886
  3468  H    0.84060961    N 1068  0.85585212
  3469  H    0.87386120    C 1069  0.91023900
  3470  H    0.86952512    C 1072  0.89431287
  3471  H    0.88506016    C 1072  0.90416179
  3472  H    0.79329237    O 1073  0.72497057    O 1373  0.05388154
  3473  H    0.82794296    N 1074  0.84822111
  3474  H    0.85872134    C 1075  0.87476885
  3475  H    0.85787305    C 1078  0.88820252
  3476  H    0.87278966    C 1079  0.90876230
  3477  H    0.84548222    C 1079  0.89778919
  3478  H    0.84986792    C 1079  0.90438812
  3479  H    0.86721587    C 1080  0.90431463
  3480  H    0.84571937    C 1080  0.90502406
  3481  H    0.85198883    C 1080  0.91713414
  3482  H    0.79636119    N 1081  0.82939803
  3483  H    0.83351514    C 1082  0.85697506
  3484  H    1.04777876    C 1085  0.67449642    H 3489  0.40963642
  3485  H    0.67805046    O 1086  0.68590386
  3486  H    0.85880897    C 1087  0.88580386
  3487  H    0.86185357    C 1087  0.88690882
  3488  H    0.84187156    C 1087  0.88699952
  3489  H    1.16705891    N 1088  0.67329502    H 3484  0.40963642    C 1085  0.08644283
  3490  H    0.80570343    C 1089  0.87113614
  3491  H    0.85584483    C 1092  0.87995761
  3492  H    0.85873098    C 1092  0.87879676
  3493  H    0.69242014    O 1093  0.71291505
  3494  H    0.80636607    N 1094  0.81108489
  3495  H    0.82610528    C 1095  0.86771124
  3496  H    0.85536402    C 1098  0.88236478
  3497  H    0.86032497    C 1098  0.89009890
  3498  H    0.72153846    O 1099  0.71565640
  3499  H    0.81805983    N 1100  0.84802616
  3500  H    0.85006452    C 1101  0.89978022
  3501  H    0.84580934    C 1104  0.88527802
  3502  H    0.84366894    C 1104  0.89033046
  3503  H    0.71452554    O 1105  0.71502916
  3504  H    0.85707391    N 1106  0.85372071
  3505  H    0.84161939    C 1107  0.86425065
  3506  H    0.84387419    C 1110  0.87293721
  3507  H    0.83851265    C 1110  0.87931261
  3508  H    0.86462167    C 1111  0.87310637
  3509  H    0.86709345    C 1112  0.89584843
  3510  H    0.86255454    C 1112  0.89434049
  3511  H    0.84121013    C 1112  0.90900017
  3512  H    0.86572544    C 1113  0.89047591
  3513  H    0.81011892    C 1113  0.87432520
  3514  H    0.85700670    C 1113  0.88113340
  3515  H    0.85897842    N 1114  0.87004402
  3516  H    0.86954641    C 1115  0.91112998
  3517  H    0.84369416    C 1118  0.87511852
  3518  H    0.86728531    C 1118  0.89278189
  3519  H    0.82400326    N 1120  0.84116641
  3520  H    0.87100534    C 1121  0.91263757
  3521  H    0.87252744    C 1124  0.90092132
  3522  H    0.86194215    C 1125  0.91382370
  3523  H    0.84131544    C 1125  0.91313955
  3524  H    0.86254912    C 1125  0.91795869
  3525  H    0.86908955    C 1126  0.90630869
  3526  H    0.86000004    C 1126  0.91484643
  3527  H    0.87633957    C 1126  0.91474191
  3528  H    0.86413728    N 1127  0.86805590
  3529  H    0.85483912    C 1128  0.89237758
  3530  H    0.85561068    C 1128  0.90879206
  3531  H    0.87271689    N 1131  0.86944790
  3532  H    0.89119430    C 1132  0.92609896
  3533  H    0.88134378    C 1135  0.91052987
  3534  H    0.87233681    C 1136  0.91714295
  3535  H    0.86810577    C 1136  0.92225702
  3536  H    0.87953432    C 1136  0.93575789
  3537  H    0.87024268    C 1137  0.91733225
  3538  H    0.86414427    C 1137  0.93248553
  3539  H    0.87532493    C 1137  0.92405103
  3540  H    0.88163673    N 1138  0.87900420
  3541  H    0.89191817    C 1139  0.92676242
  3542  H    0.89114276    C 1142  0.90873845
  3543  H    0.88575259    C 1142  0.91596600
  3544  H    0.85264830    N 1146  0.85303194
  3545  H    0.88880344    C 1147  0.91462079
  3546  H    0.87083143    C 1150  0.92206805
  3547  H    0.87526549    C 1150  0.92506748
  3548  H    0.86576824    C 1150  0.93396057
  3549  H    0.90847885    N 1151  0.89026592
  3550  H    0.89583068    C 1152  0.91154235
  3551  H    0.89961465    C 1155  0.93088417
  3552  H    0.88586472    C 1155  0.89655749
  3553  H    0.87021560    N 1158  0.85566245
  3554  H    0.87316212    N 1158  0.87408228
  3555  H    0.90736973    N 1159  0.90172017
  3556  H    0.89307262    C 1160  0.91472082
  3557  H    0.88740270    C 1163  0.91887521
  3558  H    0.88114056    C 1163  0.91837554
  3559  H    0.87905678    C 1164  0.91386921
  3560  H    0.87592521    C 1164  0.92093807
  3561  H    0.86233724    C 1165  0.92638573
  3562  H    0.86413162    C 1165  0.93648270
  3563  H    0.90244668    N 1166  0.88218105
  3564  H    0.85036534    N 1168  0.84985341
  3565  H    0.86376026    N 1168  0.86867391
  3566  H    0.85752044    N 1169  0.85316549
  3567  H    0.86704145    N 1169  0.86164399
  3568  H    0.86745681    N 1170  0.88064330
  3569  H    0.89344131    C 1171  0.92846478
  3570  H    0.87123464    C 1174  0.92039411
  3571  H    0.87498696    C 1174  0.89390352
  3572  H    0.86890598    N 1177  0.87069925
  3573  H    0.86854888    N 1177  0.87719733
  3574  H    0.90503482    N 1178  0.88380795
  3575  H    0.88835237    C 1179  0.92251488
  3576  H    0.86776787    C 1182  0.90964283
  3577  H    0.88257644    C 1182  0.90601243
  3578  H    0.93164391    C 1184  0.94365885
  3579  H    0.85924002    N 1186  0.85546226
  3580  H    0.93615978    C 1188  0.92430881
  3581  H    0.92913088    C 1189  0.91272426
  3582  H    0.93461769    C 1190  0.92351283
  3583  H    0.91106958    C 1191  0.93061338
  3584  H    0.83428642    N 1192  0.84719672
  3585  H    0.87237204    C 1193  0.91747256
  3586  H    0.86582561    C 1196  0.89741696
  3587  H    0.85797242    C 1196  0.89016842
  3588  H    0.85048089    N 1200  0.86260106
  3589  H    0.88193845    C 1201  0.91853290
  3590  H    0.85971938    C 1204  0.91390401
  3591  H    0.85984336    C 1204  0.91656324
  3592  H    0.87091061    C 1204  0.91177999
  3593  H    0.84339012    N 1205  0.85338097
  3594  H    0.85680932    C 1206  0.90268262
  3595  H    0.87488082    C 1206  0.89625178
  3596  H    0.85463020    N 1209  0.86464875
  3597  H    0.85736376    C 1210  0.89956982
  3598  H    0.88013033    C 1213  0.90933854
  3599  H    0.84313801    C 1213  0.88965407
  3600  H    0.90288394    C 1215  0.89987043
  3601  H    0.91936248    C 1216  0.91203813
  3602  H    0.89788847    C 1217  0.91154319
  3603  H    0.92546234    C 1218  0.91154032
  3604  H    0.91646854    C 1219  0.91875678
  3605  H    0.80926774    N 1220  0.82740823
  3606  H    0.87148009    C 1221  0.89477716
  3607  H    0.85090414    C 1221  0.88958692
  3608  H    0.85701518    N 1224  0.85161491
  3609  H    0.86031149    C 1225  0.89295811
  3610  H    0.84039165    C 1228  0.89848113
  3611  H    0.83942040    C 1228  0.87789901
  3612  H    0.84141181    C 1229  0.89423888
  3613  H    0.83781562    C 1229  0.93155220
  3614  H    0.85368435    C 1230  0.89694190
  3615  H    0.83399316    C 1230  0.87517573
  3616  H    0.86942742    C 1231  0.90312970
  3617  H    0.85839320    C 1231  0.89499012
  3618  H    0.73620065    N 1232  0.81868627
  3619  H    0.76986196    N 1232  0.81718420
  3620  H    0.76295705    N 1232  0.82501767
  3621  H    0.82738138    N 1233  0.85366938
  3622  H    0.86800854    C 1234  0.90534978
  3623  H    0.87185511    C 1237  0.90046105
  3624  H    0.88175732    C 1237  0.91184709
  3625  H    0.85932214    C 1237  0.91245776
  3626  H    0.82906852    N 1238  0.86262869
  3627  H    0.84979553    C 1239  0.90436296
  3628  H    0.86836060    C 1239  0.88275782
  3629  H    0.86309691    N 1242  0.88639647
  3630  H    0.85928920    C 1243  0.90752881
  3631  H    0.84713596    C 1246  0.91845968
  3632  H    0.86391333    C 1246  0.90241495
  3633  H    0.87055293    C 1246  0.93424695
  3634  H    0.84102940    N 1247  0.84071429
  3635  H    0.87989520    C 1248  0.91915003
  3636  H    0.84911443    C 1251  0.90050066
  3637  H    0.86716421    C 1251  0.89463498
  3638  H    0.73173701    O 1252  0.73265250
  3639  H    0.83970590    N 1253  0.85192805
  3640  H    0.85600384    C 1254  0.87563926
  3641  H    0.87606927    C 1257  0.89140589
  3642  H    0.86645265    C 1257  0.89197951
  3643  H    0.74396792    O 1258  0.73571042
  3644  H    0.85768814    N 1259  0.85856818
  3645  H    0.85342544    C 1260  0.91015189
  3646  H    0.83879303    C 1263  0.90021918
  3647  H    0.86824745    C 1263  0.89302353
  3648  H    0.72515187    O 1264  0.72645614
  3649  H    0.84243789    C 1266  0.88313366
  3650  H    0.84497941    C 1269  0.86866496
  3651  H    0.84848007    C 1269  0.89939803
  3652  H    0.85594403    C 1270  0.88659697
  3653  H    0.85219364    C 1270  0.89485732
  3654  H    0.86020116    C 1271  0.89707805
  3655  H    0.84559001    C 1271  0.88861052
  3656  H    0.85546709    N 1272  0.86150484
  3657  H    0.85082057    C 1273  0.90243147
  3658  H    0.86450627    C 1276  0.86946804
  3659  H    0.87580996    C 1276  0.87639261
  3660  H    0.86919501    N 1278  0.86131236
  3661  H    0.87617409    C 1279  0.90199192
  3662  H    0.84460752    C 1282  0.90373376
  3663  H    0.85416945    C 1282  0.90809831
  3664  H    0.72405174    O 1283  0.72318824
  3665  H    0.83203456    N 1284  0.85456104
  3666  H    0.87198030    C 1285  0.89261899
  3667  H    0.85023617    C 1288  0.89584976
  3668  H    0.87786313    C 1288  0.90835024
  3669  H    0.88448687    C 1289  0.90630906
  3670  H    0.88413704    C 1289  0.90731930
  3671  H    0.87449703    N 1293  0.87828868
  3672  H    0.85836012    C 1294  0.88721411
  3673  H    0.87060188    C 1297  0.90329574
  3674  H    0.72929851    O 1298  0.71845885
  3675  H    0.88457938    C 1299  0.91668218
  3676  H    0.85410480    C 1299  0.90216473
  3677  H    0.88315660    C 1299  0.92591384
  3678  H    0.85840006    N 1300  0.85985434
  3679  H    0.88494576    C 1301  0.92905239
  3680  H    0.85192903    C 1304  0.90335577
  3681  H    0.86155994    C 1304  0.89141289
  3682  H    0.90919703    C 1306  0.91579964
  3683  H    0.89227197    C 1307  0.91007702
  3684  H    0.91803858    C 1308  0.91566700
  3685  H    0.91885086    C 1309  0.90269686
  3686  H    0.70899606    O 1311  0.70893208
  3687  H    0.87018066    N 1312  0.87796145
  3688  H    0.86707457    C 1313  0.88935552
  3689  H    0.83814199    C 1316  0.89966900
  3690  H    0.85976195    C 1316  0.88273769
  3691  H    0.87188727    N 1318  0.84551242
  3692  H    0.92397131    C 1319  0.91814404
  3693  H    0.93558017    C 1320  0.91420546
  3694  H    0.87123555    N 1322  0.87370051
  3695  H    0.86019492    C 1323  0.89532210
  3696  H    0.85404035    C 1323  0.90477217
  3697  H    0.80135805    N 1326  0.85054702
  3698  H    0.84268143    C 1327  0.87946082
  3699  H    0.85399057    C 1330  0.89034431
  3700  H    0.85561602    C 1330  0.89137528
  3701  H    0.84290723    C 1331  0.89229055
  3702  H    0.82153487    C 1331  0.90945527
  3703  H    0.85410412    C 1332  0.89765176
  3704  H    0.85344789    C 1332  0.90973239
  3705  H    0.84285727    C 1333  0.89710735
  3706  H    0.85888465    C 1333  0.90017225
  3707  H    0.75857909    N 1334  0.81296421
  3708  H    0.78157652    N 1334  0.83151021
  3709  H    0.76699181    N 1334  0.81280361
  3710  H    0.83206940    N 1335  0.84450782
  3711  H    0.85795046    C 1336  0.89710959
  3712  H    0.86681838    C 1339  0.89341099
  3713  H    0.85651176    C 1339  0.88930959
  3714  H    0.89588832    C 1341  0.90252340
  3715  H    0.90171397    C 1342  0.90061310
  3716  H    0.89792372    C 1343  0.90425061
  3717  H    0.91277973    C 1344  0.90442295
  3718  H    0.68900832    O 1346  0.68973836
  3719  H    0.84631709    N 1347  0.85171099
  3720  H    0.86661380    C 1348  0.90564308
  3721  H    0.85440730    C 1351  0.90392104
  3722  H    0.86680669    C 1351  0.90913491
  3723  H    0.88903261    C 1351  0.92697671
  3724  H    0.86834349    N 1352  0.84405709
  3725  H    0.83812447    C 1353  0.87156577
  3726  H    0.85737919    C 1356  0.88405657
  3727  H    0.88072365    C 1356  0.91065338
  3728  H    0.82126851    N 1359  0.83809084
  3729  H    0.79605834    N 1359  0.85701804
  3730  H    0.85655913    N 1360  0.86145983
  3731  H    0.86901086    C 1361  0.90387511
  3732  H    0.86138192    C 1364  0.91275282
  3733  H    0.86777089    C 1364  0.90539198
  3734  H    0.73082479    O 1365  0.73409452
  3735  H    0.87931216    N 1366  0.86113098
  3736  H    0.87506440    C 1367  0.92629771
  3737  H    0.86591289    C 1370  0.89902793
  3738  H    0.86598210    C 1370  0.90016954
  3739  H    0.87351317    C 1371  0.89456056
  3740  H    0.88026215    C 1371  0.92761001
  3741  H    0.82865022    N 1375  0.85947399
  3742  H    0.86926908    C 1376  0.89607920
  3743  H    0.89893509    C 1379  0.90094139
  3744  H    0.87590399    C 1380  0.92162569
  3745  H    0.86734716    C 1380  0.91584730
  3746  H    0.86372504    C 1380  0.91455903
  3747  H    0.87911608    C 1381  0.91595629
  3748  H    0.85303318    C 1381  0.91399845
  3749  H    0.88429400    C 1381  0.91529326
  3750  H    0.90630786    N 1382  0.86771316
  3751  H    0.87518657    C 1383  0.91033434
  3752  H    0.87173239    C 1386  0.89658975
  3753  H    0.88735195    C 1386  0.91543211
  3754  H    0.88167949    C 1387  0.90995491
  3755  H    0.87078222    C 1387  0.89905778
  3756  H    0.88174572    N 1391  0.88795076
  3757  H    0.88593788    C 1392  0.90471966
  3758  H    0.89666925    C 1395  0.91944571
  3759  H    0.87733835    C 1396  0.92276578
  3760  H    0.87043840    C 1396  0.94026353
  3761  H    0.87772362    C 1396  0.92768019
  3762  H    0.86783238    C 1397  0.92073502
  3763  H    0.87135778    C 1397  0.92149082
  3764  H    0.86740675    C 1397  0.92701788
  3765  H    0.85653332    N 1398  0.86777786
  3766  H    0.84812279    C 1399  0.90989174
  3767  H    0.86262134    C 1402  0.90522796
  3768  H    0.85167721    C 1402  0.89954570
  3769  H    0.87250895    C 1403  0.90918032
  3770  H    0.87726657    C 1403  0.90603997
  3771  H    0.84236911    C 1404  0.89687662
  3772  H    0.85992591    C 1404  0.90556586
  3773  H    0.87546875    C 1405  0.91187718
  3774  H    0.86921614    C 1405  0.90018222
  3775  H    0.81374763    N 1406  0.82385605
  3776  H    0.78522444    N 1406  0.83004331
  3777  H    0.77178246    N 1406  0.82657205
  3778  H    0.86499587    N 1407  0.85995345
  3779  H    0.89489971    C 1408  0.90685022
  3780  H    0.87148499    C 1411  0.90687132
  3781  H    0.87241016    C 1411  0.90418136
  3782  H    0.77418185    O 1412  0.76383499
  3783  H    0.86012107    N 1413  0.86505333
  3784  H    0.87550901    C 1414  0.90537021
  3785  H    0.88935682    C 1417  0.91152881
  3786  H    0.88214486    C 1418  0.91980662
  3787  H    0.88289485    C 1418  0.92326013
  3788  H    0.84435083    C 1419  0.92729708
  3789  H    0.87518215    C 1419  0.92128410
  3790  H    0.87955856    C 1419  0.92399509
  3791  H    0.85972777    C 1420  0.93259353
  3792  H    0.87694217    C 1420  0.92866226
  3793  H    0.85527404    C 1420  0.93781374
  3794  H    0.87482336    N 1421  0.87049056
  3795  H    0.86982617    C 1422  0.90244289
  3796  H    0.87033873    C 1425  0.90910402
  3797  H    0.87069048    C 1426  0.90770522
  3798  H    0.86389862    C 1426  0.91692482
  3799  H    0.85014700    C 1426  0.92005664
  3800  H    0.85753990    C 1427  0.92184269
  3801  H    0.86584804    C 1427  0.91873749
  3802  H    0.85646756    C 1427  0.90843841
  3803  H    0.86528471    N 1428  0.86046615
  3804  H    0.87566491    C 1429  0.89759519
  3805  H    0.88022197    C 1432  0.88595926
  3806  H    0.86313486    C 1432  0.89702948
  3807  H    0.84024588    N 1436  0.85114874
  3808  H    0.88113516    C 1437  0.90521143
  3809  H    0.85601352    C 1440  0.90261175
  3810  H    0.86423247    C 1440  0.89742246
  3811  H    0.92535967    C 1442  0.91411452
  3812  H    0.90844746    C 1443  0.90543427
  3813  H    0.92842514    C 1444  0.91465062
  3814  H    0.90655933    C 1445  0.91080125
  3815  H    0.91445674    C 1446  0.91949423
  3816  H    0.85790322    N 1447  0.87066087
  3817  H    0.86524633    C 1448  0.90365980
  3818  H    0.88119776    C 1451  0.90805042
  3819  H    0.85939643    C 1452  0.90534714
  3820  H    0.87797175    C 1452  0.91978377
  3821  H    0.87019814    C 1452  0.91911257
  3822  H    0.85729674    C 1453  0.90946533
  3823  H    0.87306608    C 1453  0.92061056
  3824  H    0.86553078    C 1453  0.91555957
  3825  H    0.85449534    N 1454  0.85809980
  3826  H    0.85470391    C 1455  0.89657733
  3827  H    0.87228814    C 1458  0.89741257
  3828  H    0.85534702    C 1458  0.89688238
  3829  H    0.83764618    C 1459  0.89220604
  3830  H    0.86543449    C 1459  0.90873747
  3831  H    0.84634133    C 1460  0.89979616
  3832  H    0.82516574    C 1460  0.89190052
  3833  H    0.86542654    C 1461  0.90495227
  3834  H    0.86800101    C 1461  0.91838301
  3835  H    0.76303396    N 1462  0.80713783
  3836  H    0.77322198    N 1462  0.81799738
  3837  H    0.78192452    N 1462  0.82548563
  3838  H    0.85730147    N 1463  0.84382730
  3839  H    0.86411866    C 1464  0.89467303
  3840  H    0.86785081    C 1467  0.88258045
  3841  H    0.85125783    C 1467  0.88373681
  3842  H    0.82929067    N 1471  0.84747965
  3843  H    0.87313395    C 1472  0.89453992
  3844  H    0.84195638    C 1475  0.89197458
  3845  H    0.85882643    C 1475  0.88909940
  3846  H    1.00304313    C 1478  0.85174990    H 3851  0.17692950
  3847  H    0.92524729    C 1479  0.91587093
  3848  H    0.82871195    N 1481  0.84970348
  3849  H    0.87271723    C 1482  0.89670927
  3850  H    0.85607316    C 1482  0.88073106
  3851  H    0.98543465    N 1485  0.79796043    H 3846  0.17692950
  3852  H    0.87157466    C 1486  0.89967979
  3853  H    0.83975921    C 1489  0.91182563
  3854  H    0.87062034    C 1489  0.89040565
  3855  H    0.85214928    N 1492  0.84142968
  3856  H    0.83765168    N 1492  0.85060020
  3857  H    0.84952570    N 1493  0.85941190
  3858  H    0.88010720    C 1494  0.92632401
  3859  H    0.87153983    C 1497  0.89412457
  3860  H    0.87854975    C 1497  0.91636953
  3861  H    0.92680400    C 1499  0.91866089
  3862  H    0.92980402    C 1500  0.92079727
  3863  H    0.92221757    C 1501  0.91952955
  3864  H    0.91762712    C 1502  0.92842430
  3865  H    0.92289341    C 1503  0.92424874
  3866  H    0.88781056    N 1504  0.86677145
  3867  H    0.85209371    C 1505  0.91868536
  3868  H    0.86308435    C 1508  0.89906840
  3869  H    0.85914623    C 1508  0.89724356
  3870  H    0.87788131    C 1509  0.89678007
  3871  H    0.86150732    C 1509  0.90262212
  3872  H    0.82794313    C 1510  0.92337825
  3873  H    0.88094011    C 1510  0.91054737
  3874  H    0.87595022    C 1511  0.91499980
  3875  H    0.85433868    C 1511  0.90596776
  3876  H    0.77273558    N 1512  0.81991790
  3877  H    0.76973694    N 1512  0.81991393
  3878  H    0.78756797    N 1512  0.83613473
  3879  H    0.86127458    N 1513  0.87442385
  3880  H    0.89199563    C 1514  0.93126822
  3881  H    0.87135935    C 1517  0.90200369
  3882  H    0.88093050    C 1517  0.91804831
  3883  H    0.85566600    C 1517  0.93743028
  3884  H    0.88535121    N 1518  0.87537716
  3885  H    0.89599010    C 1519  0.93796572
  3886  H    0.88386040    C 1522  0.91661343
  3887  H    0.87089904    C 1522  0.92311747
  3888  H    0.92528587    C 1524  0.92869440
  3889  H    0.93297645    C 1525  0.92148988
  3890  H    0.92855692    C 1526  0.92925664
  3891  H    0.92804088    C 1527  0.92724928
  3892  H    0.93449166    C 1528  0.92320790
  3893  H    0.90435641    N 1529  0.88255979
  3894  H    0.90105313    C 1530  0.94420379
  3895  H    0.87714210    C 1533  0.90515668
  3896  H    0.87371186    C 1533  0.91933092
  3897  H    0.89447734    C 1534  0.90229498
  3898  H    0.88097592    C 1535  0.91830128
  3899  H    0.87207699    C 1535  0.91676592
  3900  H    0.86396167    C 1535  0.92862659
  3901  H    0.86975449    C 1536  0.92473057
  3902  H    0.86553954    C 1536  0.93070480
  3903  H    0.87641601    C 1536  0.93350966
  3904  H    0.88325915    N 1537  0.88006299
  3905  H    0.91187941    C 1538  0.95071953
  3906  H    0.88989005    C 1541  0.91194383
  3907  H    0.88745542    C 1541  0.93371191
  3908  H    0.76246114    O 1542  0.76021127
  3909  H    0.90026125    N 1543  0.88775914
  3910  H    0.90885011    C 1544  0.95106267
  3911  H    0.89592458    C 1547  0.91792090
  3912  H    0.88352553    C 1548  0.91745877
  3913  H    0.88904071    C 1548  0.91940295
  3914  H    0.87569270    C 1549  0.92964932
  3915  H    0.87457643    C 1549  0.93390801
  3916  H    0.87528559    C 1549  0.94153009
  3917  H    0.88329709    C 1550  0.92042026
  3918  H    0.88007940    C 1550  0.93649848
  3919  H    0.88011655    C 1550  0.93396811
  3920  H    0.92486286    N 1551  0.90013561
  3921  H    0.90622955    C 1552  0.93872508
  3922  H    0.89518594    C 1555  0.92510690
  3923  H    0.90006598    C 1555  0.91928661
  3924  H    0.96093886    C 1558  0.94954859
  3925  H    0.94175367    C 1559  0.93603730
  3926  H    0.92084468    N 1561  0.88656689
  3927  H    0.90209485    C 1562  0.92832480
  3928  H    0.88493082    C 1565  0.92193065
  3929  H    0.88737066    C 1565  0.92369071
  3930  H    0.77934769    O 1566  0.78682523
  3931  H    0.89469803    N 1567  0.89054989
  3932  H    0.88175811    C 1568  0.92354161
  3933  H    0.87749550    C 1571  0.89678017
  3934  H    0.87735079    C 1571  0.91727660
  3935  H    0.91255894    C 1573  0.91595514
  3936  H    0.91544048    C 1574  0.91905206
  3937  H    0.92362585    C 1575  0.92135060
  3938  H    0.93367092    C 1576  0.91891398
  3939  H    0.72225759    O 1578  0.71547432
  3940  H    0.84923953    N 1579  0.88681003
  3941  H    0.88226223    C 1580  0.90027039
  3942  H    0.86580999    C 1583  0.92042470
  3943  H    0.86827142    C 1583  0.90546381
  3944  H    0.77047706    O 1584  0.72944243
  3945  H    0.85183146    N 1585  0.85869861
  3946  H    0.87149755    C 1586  0.90496838
  3947  H    0.88273498    C 1589  0.91612409
  3948  H    0.89470343    C 1589  0.92918211
  3949  H    0.87568557    C 1590  0.90546778
  3950  H    0.87180780    C 1590  0.88636548
  3951  H    0.86304083    N 1593  0.85255190
  3952  H    0.84433762    N 1593  0.86591134
  3953  H    0.87399945    N 1594  0.86312682
  3954  H    0.88603630    C 1595  0.93516784
  3955  H    0.86406811    C 1598  0.90594878
  3956  H    0.85322673    C 1598  0.90659012
  3957  H    0.88234176    C 1599  0.91456397
  3958  H    0.87988274    C 1600  0.91963552
  3959  H    0.85010610    C 1600  0.90331129
  3960  H    0.86358135    C 1600  0.91828886
  3961  H    0.88038590    C 1601  0.91902283
  3962  H    0.86999778    C 1601  0.92041484
  3963  H    0.84701138    C 1601  0.92626629
  3964  H    0.88350504    N 1602  0.88407917
  3965  H    0.87581691    C 1603  0.93084334
  3966  H    0.88265307    C 1606  0.91862943
  3967  H    0.88006579    C 1606  0.90217667
  3968  H    0.90139447    C 1607  0.90464991
  3969  H    0.86825715    C 1608  0.92463482
  3970  H    0.87070476    C 1608  0.92683391
  3971  H    0.87636509    C 1608  0.93351047
  3972  H    0.86704648    C 1609  0.92062527
  3973  H    0.87137856    C 1609  0.92490748
  3974  H    0.87202262    C 1609  0.93195732
  3975  H    0.88028448    N 1610  0.86977084
  3976  H    0.88867982    C 1611  0.94232419
  3977  H    0.87782229    C 1614  0.91204907
  3978  H    0.86847780    C 1614  0.90617049
  3979  H    0.88804276    C 1615  0.90052190
  3980  H    0.85879519    C 1616  0.92252171
  3981  H    0.86045632    C 1616  0.90680715
  3982  H    0.86085832    C 1616  0.93012950
  3983  H    0.86057536    C 1617  0.92601113
  3984  H    0.86677083    C 1617  0.92896305
  3985  H    0.87202273    C 1617  0.91805436
  3986  H    0.88618433    N 1618  0.88418997
  3987  H    0.87201107    C 1619  0.90703019
  3988  H    0.86856910    C 1622  0.90089338
  3989  H    0.85323861    C 1622  0.91489380
  3990  H    0.91870188    C 1624  0.91666596
  3991  H    0.91390141    C 1625  0.90398493
  3992  H    0.91554543    C 1626  0.92760693
  3993  H    0.91722982    C 1627  0.92180846
  3994  H    0.72143756    O 1629  0.71223657
  3995  H    0.86613088    C 1631  0.90814990
  3996  H    0.85953742    C 1634  0.90244963
  3997  H    0.88211644    C 1634  0.92127169
  3998  H    0.87277336    C 1635  0.90612525
  3999  H    0.86984148    C 1635  0.90794973
  4000  H    0.87096929    C 1636  0.92255644
  4001  H    0.85015449    C 1636  0.91725908
  4002  H    0.85606310    N 1637  0.85862111
  4003  H    0.86072346    C 1638  0.92919730
  4004  H    0.85911046    C 1641  0.90198395
  4005  H    0.86534312    C 1641  0.92372145
  4006  H    0.90555380    C 1643  0.91150558
  4007  H    0.90625537    C 1644  0.91889789
  4008  H    0.91732544    C 1645  0.90732712
  4009  H    0.92487447    C 1646  0.92083180
  4010  H    0.78082609    O 1648  0.69920043
  4011  H    0.90808113    N 1649  0.86714318
  4012  H    0.86359762    C 1650  0.88589582
  4013  H    0.86953710    C 1650  0.92672919
  4014  H    0.85302200    N 1653  0.87138473
  4015  H    0.86872299    C 1654  0.89330678
  4016  H    0.84583561    C 1657  0.89429288
  4017  H    0.86534829    C 1657  0.89627652
  4018  H    0.91008733    C 1659  0.91010756
  4019  H    0.91030088    C 1660  0.90950801
  4020  H    0.90800177    C 1661  0.90957861
  4021  H    0.92912186    C 1662  0.91523991
  4022  H    0.73029780    O 1664  0.72636579
  4023  H    0.82894743    N 1665  0.85134531
  4024  H    0.87392784    C 1666  0.90379505
  4025  H    0.86898680    C 1669  0.89673200
  4026  H    0.72995483    O 1670  0.72155096
  4027  H    0.87291116    C 1671  0.90632426
  4028  H    0.85072880    C 1671  0.90138706
  4029  H    0.85726921    C 1671  0.91589711
  4030  H    0.83241403    N 1672  0.85046300
  4031  H    0.83950349    C 1673  0.86908333
  4032  H    0.86632104    C 1676  0.88583764
  4033  H    0.71174873    O 1677  0.70374310
  4034  H    0.87881205    C 1678  0.90529398
  4035  H    0.85813002    C 1678  0.88777937
  4036  H    0.86016178    C 1678  0.90146695
  4037  H    0.83855019    N 1679  0.85068804
  4038  H    0.86847989    C 1680  0.90134987
  4039  H    0.84822041    C 1683  0.89037148
  4040  H    0.86843258    C 1683  0.88921905
  4041  H    0.87800227    C 1684  0.88391235
  4042  H    0.84869169    C 1684  0.91322717
  4043  H    0.83978829    N 1687  0.82989853
  4044  H    0.80982399    N 1687  0.82835575
  4045  H    0.83784023    N 1688  0.86505923
  4046  H    0.85952758    C 1689  0.88851320
  4047  H    0.80952887    C 1692  0.91987812
  4048  H    0.87325431    C 1692  0.90182861
  4049  H    0.70328029    O 1693  0.71013400
  4050  H    0.78735589    N 1694  0.83684291
  4051  H    0.84625228    C 1695  0.89684107
  4052  H    0.85793947    C 1698  0.89398152
  4053  H    0.86530930    C 1699  0.91677387
  4054  H    0.84465066    C 1699  0.91690342
  4055  H    0.83535984    C 1700  0.90830828
  4056  H    0.85711515    C 1700  0.91176096
  4057  H    0.86066601    C 1700  0.91595988
  4058  H    0.85810450    C 1701  0.90705081
  4059  H    0.86278299    C 1701  0.91463898
  4060  H    0.84223267    C 1701  0.91585585
  4061  H    0.86332834    C 1703  0.87584942
  4062  H    0.86233284    C 1706  0.88346580
  4063  H    0.84963869    C 1706  0.88688016
  4064  H    0.86737272    C 1707  0.89458819
  4065  H    0.85359889    C 1707  0.87769020
  4066  H    0.82742242    C 1708  0.88437973
  4067  H    0.83979870    C 1708  0.88950680
  4068  H    0.82656477    N 1709  0.83685346
  4069  H    0.86592674    C 1710  0.88643304
  4070  H    0.85174339    C 1713  0.87379708
  4071  H    0.85156414    C 1713  0.89823398
  4072  H    0.82863547    N 1717  0.84826057
  4073  H    0.82991854    C 1718  0.87684144
  4074  H    0.86756394    C 1721  0.90956238
  4075  H    0.83045327    C 1721  0.89262832
  4076  H    0.82855959    C 1722  0.89149585
  4077  H    0.83917986    C 1722  0.89832398
  4078  H    0.85607468    C 1723  0.87740621
  4079  H    0.86939287    C 1723  0.90192551
  4080  H    0.85855457    C 1724  0.89416454
  4081  H    0.87472001    C 1724  0.90435158
  4082  H    0.74934433    N 1725  0.85444116
  4083  H    0.73287054    N 1725  0.79808389
  4084  H    0.73838499    N 1725  0.83883974
  4085  H    0.82970109    N 1726  0.84283725
  4086  H    0.86646788    C 1727  0.88211760
  4087  H    0.86442134    C 1730  0.89729903
  4088  H    0.71667096    O 1731  0.70423164
  4089  H    0.87972359    C 1732  0.90532719
  4090  H    0.85188750    C 1732  0.89061573
  4091  H    0.87266511    C 1732  0.90318788
  4092  H    0.82107643    N 1733  0.83784584
  4093  H    0.86396503    C 1734  0.89358865
  4094  H    0.85567868    C 1737  0.89938531
  4095  H    0.87962664    C 1737  0.90122441
  4096  H    0.88239087    C 1738  0.89345203
  4097  H    0.85721993    C 1738  0.88606228
  4098  H    0.85091232    N 1742  0.85615128
  4099  H    0.85073220    C 1743  0.90506462
  4100  H    0.85635995    C 1746  0.89226421
  4101  H    0.87461985    C 1746  0.90315688
  4102  H    0.88183814    C 1747  0.90616154
  4103  H    0.86015861    C 1748  0.91294502
  4104  H    0.85960218    C 1748  0.91831056
  4105  H    0.86024928    C 1748  0.91136116
  4106  H    0.85703469    C 1749  0.91185229
  4107  H    0.84503124    C 1749  0.91597965
  4108  H    0.86034668    C 1749  0.92307896
  4109  H    0.85119521    N 1750  0.87017856
  4110  H    0.85605765    C 1751  0.89463595
  4111  H    0.86954550    C 1754  0.90967115
  4112  H    0.85690856    C 1754  0.89243188
  4113  H    0.84755695    N 1757  0.84147281
  4114  H    0.83839496    N 1757  0.85029416
  4115  H    0.84359706    N 1758  0.86035727
  4116  H    0.86400574    C 1759  0.89554909
  4117  H    0.86583948    C 1762  0.89174918
  4118  H    0.87871292    C 1762  0.89667622
  4119  H    0.85925304    C 1763  0.90428298
  4120  H    0.87808088    C 1763  0.88568393
  4121  H    0.84882533    N 1766  0.83635098
  4122  H    0.82323731    N 1766  0.84209064
  4123  H    0.85465485    N 1767  0.86385995
  4124  H    0.86805969    C 1768  0.90267399
  4125  H    0.87452232    C 1771  0.89856714
  4126  H    0.86524589    C 1772  0.90144362
  4127  H    0.85711771    C 1772  0.91431247
  4128  H    0.87385404    C 1772  0.91845536
  4129  H    0.86363445    C 1773  0.90339767
  4130  H    0.86693465    C 1773  0.92643285
  4131  H    0.86041814    C 1773  0.92512655
  4132  H    0.88434323    N 1774  0.87303004
  4133  H    0.86307218    C 1775  0.89600935
  4134  H    0.85864542    C 1778  0.90908997
  4135  H    0.85549019    C 1778  0.90567141
  4136  H    0.87232628    C 1778  0.93159817
  4137  H    0.86937912    N 1779  0.86798331
  4138  H    0.86494830    C 1780  0.89153475
  4139  H    0.86012111    C 1783  0.90283404
  4140  H    0.85118535    C 1783  0.89477572
  4141  H    0.85774503    C 1784  0.89404210
  4142  H    0.86001750    C 1784  0.89539410
  4143  H    0.85539950    C 1785  0.89100421
  4144  H    0.85426357    C 1785  0.89683339
  4145  H    0.85759457    C 1786  0.90007243
  4146  H    0.86330980    C 1786  0.89764833
  4147  H    0.76272065    N 1787  0.81463603
  4148  H    0.76947693    N 1787  0.81526916
  4149  H    0.77191655    N 1787  0.81563288
  4150  H    0.84128333    N 1788  0.85488030
  4151  H    0.87428770    C 1789  0.89828058
  4152  H    0.87618599    C 1792  0.89429821
  4153  H    0.85970613    C 1792  0.89970490
  4154  H    0.72898286    O 1793  0.73792534
  4155  H    0.86780839    N 1794  0.86022404
  4156  H    0.86144512    C 1795  0.91491121
  4157  H    0.86532848    C 1798  0.90183227
  4158  H    0.86639173    C 1798  0.90783996
  4159  H    0.86582899    C 1798  0.92620382
  4160  H    0.85798751    N 1799  0.87887434
  4161  H    0.85535373    C 1800  0.88712306
  4162  H    0.83815183    C 1803  0.90448608
  4163  H    0.85572896    C 1804  0.90713975
  4164  H    0.86954567    C 1804  0.91140381
  4165  H    0.87478981    C 1804  0.91102281
  4166  H    0.85733839    C 1805  0.91275517
  4167  H    0.85163290    C 1805  0.91760849
  4168  H    0.84477407    C 1805  0.90906309
  4169  H    0.85753092    N 1806  0.86298487
  4170  H    0.87116925    C 1807  0.89685355
  4171  H    0.88279154    C 1810  0.91063289
  4172  H    0.87329803    C 1810  0.90149735
  4173  H    0.86515135    C 1810  0.90833543
  4174  H    0.84239421    N 1811  0.85548463
  4175  H    0.88015028    C 1812  0.90376804
  4176  H    0.86076566    C 1815  0.90960261
  4177  H    0.87901291    C 1815  0.91272636
  4178  H    0.85466962    C 1815  0.90771990
  4179  H    0.83383573    N 1816  0.85224308
  4180  H    0.86777771    C 1817  0.89406830
  4181  H    0.86915286    C 1820  0.92183321
  4182  H    0.85745019    C 1820  0.90017432
  4183  H    0.88671565    C 1821  0.90819007
  4184  H    0.87078283    C 1822  0.90959964
  4185  H    0.85729097    C 1822  0.91542252
  4186  H    0.87650041    C 1822  0.92355883
  4187  H    0.86330082    C 1823  0.91765289
  4188  H    0.86873004    C 1823  0.92842785
  4189  H    0.87356090    C 1823  0.93039902
  4190  H    0.84127858    N 1824  0.85771002
  4191  H    0.85717392    C 1825  0.87900268
  4192  H    0.86016474    C 1828  0.90664466
  4193  H    0.84984865    C 1828  0.88238510
  4194  H    0.85299560    C 1829  0.89732896
  4195  H    0.86395080    C 1829  0.90285383
  4196  H    0.85878566    C 1830  0.88483666
  4197  H    0.85410333    C 1830  0.88897266
  4198  H    0.86774047    C 1831  0.90680680
  4199  H    0.87065752    C 1831  0.90321093
  4200  H    0.75528044    N 1832  0.81188537
  4201  H    0.77691910    N 1832  0.82276956
  4202  H    0.74976639    N 1832  0.80335766
  4203  H    0.84157039    N 1833  0.84986461
  4204  H    0.86360945    C 1834  0.88390215
  4205  H    0.85882792    C 1837  0.88969734
  4206  H    0.87835308    C 1837  0.89671907
  4207  H    0.74286513    O 1838  0.71511221
  4208  H    0.81518876    N 1839  0.82780723
  4209  H    0.83618584    C 1840  0.92306986
  4210  H    0.84147663    C 1843  0.89648546
  4211  H    0.83728416    C 1843  0.88027965
  4212  H    0.84269795    C 1844  0.88965377
  4213  H    0.86310034    C 1845  0.90465209
  4214  H    0.84050555    C 1845  0.89739241
  4215  H    0.86103773    C 1845  0.91446085
  4216  H    0.87213655    C 1846  0.90488767
  4217  H    0.87391111    C 1846  0.90874863
  4218  H    0.84169114    C 1846  0.92071526
  4219  H    0.80273057    N 1847  0.83750158
  4220  H    0.86231648    C 1848  0.88853530
  4221  H    0.86253367    C 1851  0.88074446
  4222  H    0.84591980    C 1851  0.88956601
  4223  H    0.91277811    C 1853  0.90371066
  4224  H    0.88126151    C 1854  0.89704299
  4225  H    0.92685918    C 1855  0.90619813
  4226  H    0.88865359    C 1856  0.90183931
  4227  H    0.74034726    O 1858  0.70863647
  4228  H    0.82608135    N 1859  0.85658509
  4229  H    0.86484864    C 1860  0.89997964
  4230  H    0.84991619    C 1860  0.88424351
  4231  H    0.83397943    N 1863  0.84764436
  4232  H    0.87377985    C 1864  0.91789012
  4233  H    0.86588105    C 1867  0.90267604
  4234  H    0.79650750    O 1868  0.68444226    O 2315  0.08933407
  4235  H    0.85413323    C 1869  0.89960838
  4236  H    0.86405352    C 1869  0.91154888
  4237  H    0.87931565    C 1869  0.92603218
  4238  H    0.81418827    N 1870  0.85106147
  4239  H    0.86217206    C 1871  0.91200953
  4240  H    0.86803522    C 1874  0.89455764
  4241  H    0.86837847    C 1874  0.90435097
  4242  H    0.71266754    O 1875  0.72736798
  4243  H    0.82447472    N 1876  0.84432181
  4244  H    0.87546383    C 1877  0.91491979
  4245  H    0.85681855    C 1880  0.90401441
  4246  H    0.86773024    C 1880  0.90775403
  4247  H    0.92794832    C 1882  0.92506387
  4248  H    0.91581580    C 1883  0.92519927
  4249  H    0.92226142    C 1884  0.91970843
  4250  H    0.91816810    C 1885  0.91516825
  4251  H    0.68010070    O 1887  0.73379092
  4252  H    0.82122713    N 1888  0.84653480
  4253  H    0.87864740    C 1889  0.90351382
  4254  H    0.82325904    C 1892  0.90366672
  4255  H    0.82965867    C 1892  0.91062842
  4256  H    0.85465766    C 1893  0.89585587
  4257  H    0.86343898    C 1893  0.91139239
  4258  H    0.84500815    C 1894  0.88048798
  4259  H    0.86880138    C 1894  0.89080085
  4260  H    0.85376719    C 1895  0.89522713
  4261  H    0.87337841    C 1895  0.91142523
  4262  H    0.73624856    N 1896  0.82821209
  4263  H    0.76932375    N 1896  0.83096790
  4264  H    0.75540211    N 1896  0.80730166
  4265  H    0.85875031    N 1897  0.86211245
  4266  H    0.86589482    C 1898  0.90192104
  4267  H    0.85173700    C 1901  0.89182800
  4268  H    0.84942893    C 1901  0.89437303
  4269  H    0.90035374    C 1903  0.91069893
  4270  H    0.90585295    C 1904  0.90548774
  4271  H    0.92948492    C 1905  0.90608413
  4272  H    0.91736827    C 1906  0.91791971
  4273  H    0.70306461    O 1908  0.70805935
  4274  H    0.83825583    N 1909  0.84775139
  4275  H    0.87195561    C 1910  0.90964234
  4276  H    0.87482448    C 1910  0.89836711
  4277  H    0.85275325    N 1913  0.86587742
  4278  H    0.88590189    C 1914  0.90438959
  4279  H    0.87794836    C 1917  0.90616978
  4280  H    0.86546005    C 1917  0.89701463
  4281  H    0.74424990    O 1918  0.76974822
  4282  H    0.83687107    N 1919  0.85365201
  4283  H    0.86576488    C 1920  0.90117198
  4284  H    0.88236005    C 1923  0.92023413
  4285  H    0.87165812    C 1924  0.91890745
  4286  H    0.87078365    C 1924  0.91737473
  4287  H    0.85554161    C 1925  0.91638219
  4288  H    0.87257010    C 1925  0.92064275
  4289  H    0.87069434    C 1925  0.92043852
  4290  H    0.86388315    C 1926  0.92025194
  4291  H    0.88146430    C 1926  0.92492856
  4292  H    0.87682430    C 1926  0.93057002
  4293  H    0.83169081    N 1927  0.85420525
  4294  H    0.84529872    C 1928  0.88614995
  4295  H    0.84685656    C 1931  0.88686093
  4296  H    0.85304042    C 1932  0.89864997
  4297  H    0.88102147    C 1932  0.90731408
  4298  H    0.85372522    C 1933  0.91818520
  4299  H    0.84548417    C 1933  0.90809746
  4300  H    0.86460039    C 1933  0.93006174
  4301  H    0.87735798    C 1934  0.91353954
  4302  H    0.85392661    C 1934  0.90471830
  4303  H    0.85522514    C 1934  0.92186783
  4304  H    0.83442027    N 1935  0.84465761
  4305  H    0.86742763    C 1936  0.88997074
  4306  H    0.87423949    C 1939  0.89521950
  4307  H    0.69596855    O 1940  0.69083150
  4308  H    0.87857279    C 1941  0.90449577
  4309  H    0.87031755    C 1941  0.90196599
  4310  H    0.84255119    C 1941  0.91122125
  4311  H    0.83211079    N 1942  0.85551485
  4312  H    0.86458887    C 1943  0.90275855
  4313  H    0.86078787    C 1946  0.89579766
  4314  H    0.72707663    O 1947  0.71754136
  4315  H    0.84842082    C 1948  0.89577134
  4316  H    0.85937258    C 1948  0.89780906
  4317  H    0.87511979    C 1948  0.91905672
  4318  H    0.83829029    N 1949  0.86322838
  4319  H    0.87163564    C 1950  0.89917926
  4320  H    0.84409466    C 1953  0.90066837
  4321  H    0.86554699    C 1954  0.89923203
  4322  H    0.87697213    C 1954  0.90410473
  4323  H    0.84065200    C 1955  0.90488893
  4324  H    0.85468551    C 1955  0.92103368
  4325  H    0.87846664    C 1955  0.91449688
  4326  H    0.85389142    C 1956  0.91313728
  4327  H    0.85991794    C 1956  0.91364733
  4328  H    0.85724064    C 1956  0.93089401
  4329  H    0.81180705    N 1957  0.85852434
  4330  H    0.87465693    C 1958  0.89794164
  4331  H    0.84781407    C 1961  0.89262959
  4332  H    0.85964367    C 1961  0.88656809
  4333  H    0.90623173    C 1963  0.89368945
  4334  H    0.88545152    C 1964  0.89436800
  4335  H    0.92162873    C 1965  0.90755185
  4336  H    0.91205677    C 1966  0.89381965
  4337  H    0.72653215    O 1968  0.72155181
  4338  H    0.82160779    N 1969  0.84646621
  4339  H    0.84248765    C 1970  0.89651995
  4340  H    0.87077646    C 1973  0.90699020
  4341  H    0.85329384    C 1973  0.90848612
  4342  H    0.84238909    C 1974  0.88293808
  4343  H    0.84759393    C 1974  0.88763187
  4344  H    0.84853935    N 1977  0.84392132
  4345  H    0.82232536    N 1977  0.85510034
  4346  H    0.85942229    N 1978  0.86540912
  4347  H    0.87950085    C 1979  0.92996249
  4348  H    0.87457201    C 1982  0.89917974
  4349  H    0.88401101    C 1982  0.90718957
  4350  H    0.87186211    C 1982  0.91833057
  4351  H    0.85491861    N 1983  0.86759952
  4352  H    0.86636599    C 1984  0.91364992
  4353  H    0.87409325    C 1987  0.91237967
  4354  H    0.87240882    C 1987  0.91369359
  4355  H    0.77524951    O 1988  0.75688383
  4356  H    0.86717406    N 1989  0.88376314
  4357  H    0.87952447    C 1990  0.91779129
  4358  H    0.87603047    C 1990  0.90875909
  4359  H    0.86972676    N 1993  0.88058887
  4360  H    0.87832538    C 1994  0.89534442
  4361  H    0.88037463    C 1994  0.93237025
  4362  H    0.86769461    N 1997  0.86859431
  4363  H    0.89598345    C 1998  0.91904004
  4364  H    0.88349450    C 2001  0.92482009
  4365  H    0.88809554    C 2001  0.91838261
  4366  H    0.74818423    O 2002  0.74498780
  4367  H    0.86542355    N 2003  0.86789314
  4368  H    0.87623940    C 2004  0.90714313
  4369  H    0.87305508    C 2007  0.91246269
  4370  H    0.89183932    C 2008  0.92027757
  4371  H    0.88653404    C 2008  0.91593818
  4372  H    0.87814183    C 2009  0.92788052
  4373  H    0.86727329    C 2009  0.92225907
  4374  H    0.87465543    C 2009  0.93346059
  4375  H    0.88079685    C 2010  0.92814097
  4376  H    0.86998475    C 2010  0.94040073
  4377  H    0.87116434    C 2010  0.93394292
  4378  H    0.86760236    N 2011  0.86786387
  4379  H    0.88684141    C 2012  0.91027875
  4380  H    0.87000406    C 2015  0.91454007
  4381  H    0.87640174    C 2015  0.90763717
  4382  H    0.85983370    N 2019  0.86608429
  4383  H    0.88282590    C 2020  0.91620508
  4384  H    0.86841315    C 2023  0.90514797
  4385  H    0.86552658    C 2023  0.90067815
  4386  H    0.92717432    C 2025  0.92424742
  4387  H    0.85001108    N 2027  0.84014909
  4388  H    0.90575874    C 2029  0.90438018
  4389  H    0.90472785    C 2030  0.92818046
  4390  H    0.90925528    C 2031  0.90514585
  4391  H    0.90892720    C 2032  0.91077651
  4392  H    0.88766213    N 2033  0.86428474
  4393  H    0.87863598    C 2034  0.90613027
  4394  H    0.87848519    C 2037  0.90404028
  4395  H    0.86253843    C 2037  0.91253641
  4396  H    0.75391826    O 2038  0.76548736
  4397  H    0.85975948    N 2039  0.85586428
  4398  H    0.87903249    C 2040  0.90581327
  4399  H    0.87072456    C 2043  0.91539714
  4400  H    0.85238301    C 2043  0.89804839
  4401  H    0.90905704    C 2045  0.90207542
  4402  H    0.91455222    C 2046  0.91277074
  4403  H    0.91824105    C 2047  0.91172891
  4404  H    0.92837718    C 2048  0.91617510
  4405  H    0.78738888    O 2050  0.72397113
  4406  H    0.85528622    N 2051  0.86050539
  4407  H    0.87478479    C 2052  0.89334734
  4408  H    0.87879308    C 2055  0.89047893
  4409  H    0.86002155    C 2055  0.89740076
  4410  H    0.85350575    N 2058  0.85222015
  4411  H    0.83821906    N 2058  0.83886666
  4412  H    0.85569497    N 2059  0.85606860
  4413  H    0.88113056    C 2060  0.89905931
  4414  H    0.87382843    C 2063  0.89662424
  4415  H    0.85699186    C 2063  0.88932861
  4416  H    0.86211109    C 2064  0.87998642
  4417  H    0.87056208    C 2064  0.91719021
  4418  H    0.86813940    N 2067  0.85321250
  4419  H    0.84366232    N 2067  0.83799639
  4420  H    0.88761519    N 2068  0.86566056
  4421  H    0.87110921    C 2069  0.90428289
  4422  H    0.86949579    C 2069  0.88640742
  4423  H    0.85763449    N 2072  0.86592201
  4424  H    0.87466736    C 2073  0.92380950
  4425  H    0.87833014    C 2076  0.89585318
  4426  H    0.87379909    C 2077  0.91802208
  4427  H    0.86924328    C 2077  0.91210924
  4428  H    0.83995601    C 2078  0.91672700
  4429  H    0.86808482    C 2078  0.90996467
  4430  H    0.86771892    C 2078  0.92937906
  4431  H    0.87522755    C 2079  0.91778620
  4432  H    0.85989285    C 2079  0.91707457
  4433  H    0.84774971    C 2079  0.91735672
  4434  H    0.82527561    N 2080  0.85849207
  4435  H    0.86776973    C 2081  0.89872358
  4436  H    0.86759703    C 2084  0.90841313
  4437  H    0.88026139    C 2084  0.90181569
  4438  H    0.86197864    C 2085  0.90360050
  4439  H    0.85030843    C 2085  0.90032901
  4440  H    0.86126385    C 2086  0.89584827
  4441  H    0.85374254    C 2086  0.90923766
  4442  H    0.87756397    C 2087  0.91164260
  4443  H    0.86242224    C 2087  0.91487351
  4444  H    0.83186418    N 2088  0.82611423
  4445  H    0.78529009    N 2088  0.83019918
  4446  H    0.77257930    N 2088  0.81868530
  4447  H    0.85487278    N 2089  0.86092274
  4448  H    0.88458651    C 2090  0.92214092
  4449  H    0.86461853    C 2093  0.88789984
  4450  H    0.86365846    C 2093  0.91716857
  4451  H    0.90034313    C 2095  0.90609000
  4452  H    0.90434746    C 2096  0.90776609
  4453  H    0.91690782    C 2097  0.91818904
  4454  H    0.93001814    C 2098  0.90833030
  4455  H    0.84680007    O 2100  0.68346015    O 1741  0.11191639
  4456  H    0.87536455    N 2101  0.87569752
  4457  H    0.89731584    C 2102  0.93871010
  4458  H    0.86706771    C 2105  0.91540343
  4459  H    0.89374721    C 2105  0.92418389
  4460  H    0.76918338    O 2106  0.77062733
  4461  H    0.86856595    N 2107  0.87035600
  4462  H    0.90683159    C 2108  0.93892166
  4463  H    0.87250863    C 2111  0.91485428
  4464  H    0.86902592    C 2111  0.92369336
  4465  H    0.92649764    C 2113  0.91804159
  4466  H    0.92636640    C 2114  0.91999163
  4467  H    0.92771891    C 2115  0.92501416
  4468  H    0.92179113    C 2116  0.92275810
  4469  H    0.92528811    C 2117  0.93207017
  4470  H    0.89815958    N 2118  0.88119150
  4471  H    0.90658998    C 2119  0.93959929
  4472  H    0.90060848    C 2122  0.91890208
  4473  H    0.73037283    O 2123  0.74403408
  4474  H    0.87317328    C 2124  0.94864181
  4475  H    0.89243065    C 2124  0.93366296
  4476  H    0.87195000    C 2124  0.94937413
  4477  H    0.88079845    N 2125  0.88142233
  4478  H    0.91448863    C 2126  0.94032443
  4479  H    0.87126458    C 2129  0.92050614
  4480  H    0.87151793    C 2129  0.91884743
  4481  H    0.92989503    C 2131  0.92084680
  4482  H    0.92857568    C 2132  0.92189597
  4483  H    0.92167155    C 2133  0.92304768
  4484  H    0.93195112    C 2134  0.92141685
  4485  H    0.93508152    C 2135  0.92433670
  4486  H    0.91570503    N 2136  0.89014993
  4487  H    0.91825855    C 2137  0.93874184
  4488  H    0.90062954    C 2140  0.92624202
  4489  H    0.88580946    C 2140  0.93884769
  4490  H    0.90105035    C 2141  0.91301203
  4491  H    0.89512756    C 2141  0.90914130
  4492  H    0.92309326    N 2145  0.87630579
  4493  H    0.87462394    C 2146  0.93009871
  4494  H    0.86863551    C 2149  0.92729704
  4495  H    0.88233291    C 2149  0.91435966
  4496  H    0.88950415    C 2150  0.91111786
  4497  H    0.86355860    C 2151  0.92016292
  4498  H    0.87386268    C 2151  0.91904843
  4499  H    0.87864994    C 2151  0.93319441
  4500  H    0.86651002    C 2152  0.92351020
  4501  H    0.88416085    C 2152  0.93515114
  4502  H    0.86397188    C 2152  0.94248247
  4503  H    0.84548664    N 2153  0.87446362
  4504  H    0.87935996    C 2154  0.92840737
  4505  H    0.86412097    C 2157  0.91717550
  4506  H    0.86452168    C 2157  0.90955206
  4507  H    0.86095479    C 2158  0.90116405
  4508  H    0.87257720    C 2158  0.90635862
  4509  H    0.87343358    C 2159  0.93003800
  4510  H    0.85505342    C 2159  0.92239698
  4511  H    0.89409971    N 2160  0.86238706
  4512  H    0.85934707    N 2162  0.85617712
  4513  H    0.83447515    N 2162  0.88675965
  4514  H    0.86142182    N 2163  0.86217233
  4515  H    0.88028811    N 2163  0.85312934
  4516  H    0.86259434    N 2164  0.86137886
  4517  H    0.85051166    C 2165  0.90350557
  4518  H    0.86575358    C 2168  0.89125840
  4519  H    0.85631671    C 2168  0.90363587
  4520  H    0.83348761    N 2172  0.86349935
  4521  H    0.85540462    C 2173  0.88038952
  4522  H    0.88341449    C 2176  0.89108034
  4523  H    0.71074154    O 2177  0.70688016
  4524  H    0.88397964    C 2178  0.91171631
  4525  H    0.85195451    C 2178  0.88975175
  4526  H    0.86413924    C 2178  0.91677804
  4527  H    0.87967571    N 2179  0.85709886
  4528  H    0.87130723    C 2180  0.90253725
  4529  H    0.85194806    C 2180  0.88640401
  4530  H    0.82917343    N 2183  0.84209699
  4531  H    0.85524181    C 2184  0.89799801
  4532  H    0.83432148    C 2187  0.88453470
  4533  H    0.85540738    C 2187  0.88880764
  4534  H    0.82401430    C 2188  0.88958028
  4535  H    0.85424235    C 2188  0.89837078
  4536  H    0.84103640    C 2189  0.90761262
  4537  H    0.83065228    C 2189  0.90716850
  4538  H    0.83320000    N 2190  0.85022383
  4539  H    0.84109472    N 2192  0.83653905
  4540  H    0.81021795    N 2192  0.82289996
  4541  H    0.84082594    N 2193  0.83535184
  4542  H    0.83572542    N 2193  0.83328673
  4543  H    0.95128678    N 2194  0.83380761    O 2171  0.10044204
  4544  H    0.86235131    C 2195  0.90358739
  4545  H    0.85021347    C 2198  0.88417973
  4546  H    0.84457834    C 2198  0.89552113
  4547  H    0.90223054    C 2200  0.89095454
  4548  H    0.88348510    C 2201  0.88923542
  4549  H    0.91185963    C 2202  0.90535427
  4550  H    0.90989780    C 2203  0.89705215
  4551  H    0.70845213    O 2205  0.70489898
  4552  H    0.87993803    N 2206  0.86645633
  4553  H    0.87558049    C 2207  0.92542694
  4554  H    0.86418553    C 2207  0.89535488
  4555  H    0.85120744    N 2210  0.86382737
  4556  H    0.86016018    C 2211  0.89120115
  4557  H    0.86344848    C 2214  0.88300332
  4558  H    0.88091147    C 2214  0.92039822
  4559  H    0.90137122    C 2216  0.91523633
  4560  H    0.92790461    C 2217  0.91804362
  4561  H    0.92099635    C 2218  0.91417986
  4562  H    0.93607915    C 2219  0.91863502
  4563  H    0.92143684    C 2220  0.91447549
  4564  H    0.86860254    N 2221  0.87757231
  4565  H    0.86233678    C 2222  0.89324651
  4566  H    0.86075129    C 2225  0.89804847
  4567  H    0.84499554    C 2225  0.91608852
  4568  H    0.87543878    C 2226  0.88603275
  4569  H    0.84911823    C 2227  0.91097298
  4570  H    0.84510809    C 2227  0.90695082
  4571  H    0.85182210    C 2227  0.91142114
  4572  H    0.87420277    C 2228  0.90757219
  4573  H    0.86173169    C 2228  0.91008480
  4574  H    0.87650358    C 2228  0.91046901
  4575  H    0.82124061    N 2229  0.84310143
  4576  H    0.85889842    C 2230  0.92609507
  4577  H    0.85517615    C 2233  0.90201234
  4578  H    0.85821271    C 2233  0.89917212
  4579  H    0.88206629    C 2234  0.91052418
  4580  H    0.86424527    C 2235  0.91700116
  4581  H    0.86261175    C 2235  0.92170327
  4582  H    0.86312725    C 2235  0.91585066
  4583  H    0.86548435    C 2236  0.91162936
  4584  H    0.86175013    C 2236  0.91059910
  4585  H    0.85349649    C 2236  0.91571988
  4586  H    0.87196560    C 2238  0.89743260
  4587  H    0.87030572    C 2241  0.88595835
  4588  H    0.85532530    C 2241  0.89311658
  4589  H    0.87266423    C 2242  0.90068970
  4590  H    0.86203389    C 2242  0.88508412
  4591  H    0.85007659    C 2243  0.89273147
  4592  H    0.84473587    C 2243  0.90451037
  4593  H    0.83270847    N 2244  0.84634167
  4594  H    0.83434308    C 2245  0.88205185
  4595  H    0.83738638    C 2248  0.90255450
  4596  H    0.85649645    C 2248  0.89616419
  4597  H    0.88731550    C 2248  0.92488133
  4598  H    0.83597078    N 2249  0.85077627
  4599  H    0.86046767    C 2250  0.87077244
  4600  H    0.88026342    C 2253  0.89413239
  4601  H    0.86295237    C 2253  0.89330699
  4602  H    0.72186275    O 2254  0.71564486
  4603  H    0.88509796    N 2255  0.85731819
  4604  H    0.85914837    C 2256  0.90704967
  4605  H    0.84037839    C 2259  0.90803459
  4606  H    0.85913153    C 2259  0.90287123
  4607  H    0.86674210    C 2260  0.90169443
  4608  H    0.86994693    C 2260  0.88560837
  4609  H    0.82694751    N 2263  0.83312725
  4610  H    0.77182310    N 2263  0.87218106
  4611  H    0.85528739    N 2264  0.87496979
  4612  H    0.85141318    C 2265  0.90639528
  4613  H    0.89154114    C 2268  0.91296977
  4614  H    0.86744349    C 2269  0.91743721
  4615  H    0.86470174    C 2269  0.90495932
  4616  H    0.86285671    C 2270  0.91950780
  4617  H    0.86203847    C 2270  0.92508092
  4618  H    0.86483123    C 2270  0.91452834
  4619  H    0.87184128    C 2271  0.92000388
  4620  H    0.87536421    C 2271  0.93011293
  4621  H    0.86735719    C 2271  0.91911353
  4622  H    0.84483007    N 2272  0.85522148
  4623  H    0.84437671    C 2273  0.89074467
  4624  H    0.84984164    C 2276  0.90260349
  4625  H    0.86114020    C 2277  0.90424565
  4626  H    0.85339324    C 2277  0.90018827
  4627  H    0.86939415    C 2278  0.91472654
  4628  H    0.85825344    C 2278  0.90902189
  4629  H    0.85671968    C 2278  0.90137708
  4630  H    0.84304033    C 2279  0.92286115
  4631  H    0.84643109    C 2279  0.91484193
  4632  H    0.84163288    C 2279  0.91413301
  4633  H    0.86646125    C 2281  0.89927943
  4634  H    0.86061667    C 2284  0.88946420
  4635  H    0.85596042    C 2284  0.90091613
  4636  H    0.87443992    C 2285  0.90401688
  4637  H    0.85220257    C 2285  0.88810673
  4638  H    0.85244239    C 2286  0.90049873
  4639  H    0.85521915    C 2286  0.90733832
  4640  H    0.88028177    N 2287  0.87633101
  4641  H    0.89257429    C 2288  0.91432246
  4642  H    0.89335247    C 2291  0.91782019
  4643  H    0.76609030    O 2292  0.76235770
  4644  H    0.85548033    C 2293  0.91782038
  4645  H    0.86409290    C 2293  0.91126656
  4646  H    0.87416086    C 2293  0.92239649
  4647  H    0.88888902    N 2294  0.87993689
  4648  H    0.86670895    C 2295  0.90465789
  4649  H    0.86693170    C 2298  0.91673670
  4650  H    0.86870554    C 2298  0.91105739
  4651  H    0.88881090    C 2298  0.93388407
  4652  H    0.89190340    N 2299  0.87594927
  4653  H    0.87081559    C 2300  0.90279260
  4654  H    0.86864821    C 2303  0.91027003
  4655  H    0.86915064    C 2303  0.91287505
  4656  H    0.86366281    C 2304  0.88532457
  4657  H    0.86809107    C 2304  0.91280297
  4658  H    0.86082118    N 2307  0.84624769
  4659  H    0.82836145    N 2307  0.83313346
  4660  H    0.85921834    N 2308  0.86573786
  4661  H    0.87286131    C 2309  0.90966498
  4662  H    0.87780043    C 2312  0.91404452
  4663  H    0.87223157    C 2312  0.90533179
  4664  H    0.87146079    C 2313  0.90640836
  4665  H    0.87532399    C 2313  0.91103338
  4666  H    0.88320388    N 2317  0.88387848
  4667  H    0.88606298    C 2318  0.91382122
  4668  H    0.89784109    C 2321  0.91352951
  4669  H    0.77631594    O 2322  0.75184179
  4670  H    0.87275894    C 2323  0.91207981
  4671  H    0.86126613    C 2323  0.92503758
  4672  H    0.88421451    C 2323  0.92725294
  4673  H    0.88690089    N 2324  0.88315429
  4674  H    0.86777427    C 2325  0.91647565
  4675  H    0.87536983    C 2328  0.92017409
  4676  H    0.85353599    C 2328  0.89812611
  4677  H    0.92836923    C 2330  0.91983575
  4678  H    0.83992311    N 2332  0.84079717
  4679  H    0.90353366    C 2334  0.91596321
  4680  H    0.93335368    C 2335  0.91307004
  4681  H    0.90267725    C 2336  0.92559567
  4682  H    0.91918517    C 2337  0.92069204
  4683  H    0.87139889    N 2338  0.86545397
  4684  H    0.87033756    C 2339  0.91137003
  4685  H    0.84145638    C 2342  0.90702758
  4686  H    0.85823413    C 2342  0.90172289
  4687  H    0.82878238    C 2343  0.89162519
  4688  H    0.87766639    C 2344  0.91674299
  4689  H    0.85364319    C 2344  0.90958450
  4690  H    0.85228373    C 2344  0.90901091
  4691  H    0.87268918    C 2345  0.91925475
  4692  H    0.85003899    C 2345  0.90945792
  4693  H    0.85356448    C 2345  0.91509400
  4694  H    0.86304755    N 2346  0.86160926
  4695  H    0.86663367    C 2347  0.89506644
  4696  H    0.87978002    C 2347  0.92026346
  4697  H    0.88530523    N 2350  0.88329041
  4698  H    0.88297991    C 2351  0.90988134
  4699  H    0.89793306    C 2354  0.91613702
  4700  H    0.87340555    C 2355  0.91177691
  4701  H    0.88449256    C 2355  0.92942748
  4702  H    0.87405180    C 2355  0.92549223
  4703  H    0.87222459    C 2356  0.91563421
  4704  H    0.87056568    C 2356  0.93072341
  4705  H    0.88126013    C 2356  0.92531412
  4706  H    0.89090144    N 2357  0.88137236
  4707  H    0.87586861    C 2358  0.90416178
  4708  H    0.87294022    C 2361  0.91072088
  4709  H    0.87489918    C 2361  0.89862560
  4710  H    0.88525742    C 2362  0.90349182
  4711  H    0.87119733    C 2363  0.91576852
  4712  H    0.85312853    C 2363  0.91363689
  4713  H    0.86351202    C 2363  0.91432669
  4714  H    0.87665566    C 2364  0.91376845
  4715  H    0.86886365    C 2364  0.91210683
  4716  H    0.87561464    C 2364  0.91338094
  4717  H    0.86536792    N 2365  0.87100218
  4718  H    0.88734771    C 2366  0.90569992
  4719  H    0.87037703    C 2369  0.90903880
  4720  H    0.73276700    O 2370  0.73648252
  4721  H    0.85254082    C 2371  0.91930784
  4722  H    0.86224208    C 2371  0.89609586
  4723  H    0.88986416    C 2371  0.92467910
  4724  H    0.85377823    N 2372  0.85936733
  4725  H    0.88415685    C 2373  0.90954176
  4726  H    0.88392920    C 2376  0.90355301
  4727  H    0.87296470    C 2377  0.91940125
  4728  H    0.87361369    C 2377  0.92328474
  4729  H    0.84423239    C 2378  0.91729192
  4730  H    0.86967898    C 2378  0.91540101
  4731  H    0.87649419    C 2378  0.92087261
  4732  H    0.87573947    C 2379  0.91683701
  4733  H    0.86455155    C 2379  0.92035523
  4734  H    0.85987772    C 2379  0.93309543
  4735  H    0.87715356    N 2380  0.86627096
  4736  H    0.87432668    C 2381  0.90291612
  4737  H    0.88319045    C 2384  0.91334476
  4738  H    0.88397391    C 2384  0.92464404
  4739  H    0.87880632    C 2385  0.90165220
  4740  H    0.87743171    C 2385  0.89647975
  4741  H    0.86508826    C 2387  0.89890803
  4742  H    0.84497201    C 2387  0.91852450
  4743  H    0.85348144    C 2387  0.91392044
  4744  H    0.86237067    N 2388  0.86667464
  4745  H    0.87172510    C 2389  0.89530891
  4746  H    0.87705372    C 2392  0.90456804
  4747  H    0.86114066    C 2392  0.90862878
  4748  H    0.85170734    C 2393  0.89527133
  4749  H    0.87906293    C 2393  0.89595774
  4750  H    0.83005921    N 2397  0.84734964
  4751  H    0.87599848    C 2398  0.89496807
  4752  H    0.84952357    C 2401  0.87835639
  4753  H    0.86109127    C 2401  0.88475428
  4754  H    0.82419986    N 2403  0.82103618
  4755  H    0.92207661    C 2404  0.91071292
  4756  H    0.93518364    C 2405  0.91613821
  4757  H    0.85215343    N 2407  0.85965518
  4758  H    0.87094230    C 2408  0.89623935
  4759  H    0.88018151    C 2411  0.91123782
  4760  H    0.73175324    O 2412  0.73412723
  4761  H    0.84647830    C 2413  0.90419608
  4762  H    0.86940912    C 2413  0.91949515
  4763  H    0.86759854    C 2413  0.91748554
  4764  H    0.83531847    N 2414  0.85331194
  4765  H    0.86887657    C 2415  0.89034957
  4766  H    0.85696304    C 2418  0.88552365
  4767  H    0.86614775    C 2419  0.90549062
  4768  H    0.85291220    C 2419  0.91042541
  4769  H    0.87062350    C 2419  0.92524760
  4770  H    0.85463930    C 2420  0.90312293
  4771  H    0.88338035    C 2420  0.91997847
  4772  H    0.85478771    C 2420  0.91295716
  4773  H    0.82196826    N 2421  0.85030569
  4774  H    0.85930374    C 2422  0.88486894
  4775  H    0.86969967    C 2425  0.87869446
  4776  H    0.85070791    C 2425  0.90400684
  4777  H    0.84708285    N 2428  0.83391029
  4778  H    0.81829335    N 2428  0.82836335
  4779  H    0.84347227    N 2429  0.83907103
  4780  H    0.89139111    C 2430  0.91972007
  4781  H    1.06773561    C 2431  1.00680627
  4782  H    0.86853105    C 2433  0.89088881
  4783  H    0.85509487    C 2433  0.89350285
  4784  H    0.84741796    N 2436  0.84100770
  4785  H    0.91078666    N 2436  0.83704071    O 2400  0.05185458
  4786  H    0.75802706    O 2438  0.79293950
  4787  H    0.77670962    O 2438  0.77840097
  4788  H    0.69537362    O 2439  0.65401502
  4789  H    0.77507101    O 2439  0.60796470    O 2144  0.11108177
  4790  H    0.72651739    O 2440  0.81214564
  4791  H    0.75485946    O 2440  0.77083849
  4792  H    0.78952790    O 2441  0.77856843
  4793  H    0.77189023    O 2441  0.75233744
  4794  H    0.78294779    O 2442  0.77887526
  4795  H    0.76802078    O 2442  0.79072970
  4796  H    0.77144674    O 2443  0.79347088
  4797  H    0.77357157    O 2443  0.79126215
  4798  H    0.93069052    N  559  0.85780355
  4799  H    0.85410315    N 1560  0.84993674
  4800  H    0.86967399    N  109  0.82552330
  4801  H    0.81269086    N  243  0.81042251
  4802  H    0.65988695    O  880  0.64808710
  4803  H    0.83262113    N  973  0.83730100
  4804  H    0.81202819    N 1480  0.83822515
dipole moment  X         Y          Z
      205.616441      205.966402      253.549488  total     (au/Debye)      :   385.9891   981.1072
second moment  X^2       Y^2        Z^2
    18312.622593    -8205.697501    22733.895828  average   (au)            : 10946.9403
cpu  time for all    4 d  9 h 32 m 52.4 s
wall time for all    0 d  1 h 48 m 20.0 s
