 
       ==============================================
       |                 P T B                      |
       |                S.Grimme                    |
       |          Universitaet Bonn, MCTC           |
       ==============================================
       Version 3.7, Do 28. Apr 14:28:45 CEST 2022
 
       Cite work conducted with this code as
       S. Grimme, M. Mueller, A. Hansen, unpublished.
 
 filter  0.000000000000000E+000
 ../../../../.atompara                                                                                                                                                                                                                                           
          =========================
          reading ... ../../../../systems/h2o_512.xyz
          =========================
 basis read done.
 ncao                  12288
 nsao                  11776
 npr                   32768
 basis setup done. Ndim                 11776
 coreat                    512
 cncao                     512
 cnsao                     512
 cnpr                     3072
 
 nalpha                   2048
 nbeta                    2048
 ntotal                   4096
 nopen                       0
cpu  time for startup and initial S    2.96 s
wall time for startup and initial S    3.00 s
               -----------------------
               |      PTB  model      |
               | SG, MM, AH 2020-2022 |
               -----------------------
 prop :                     1
 PA setup with Mull-Loew partitioning   0.333333 ...
 done.
EEQ done. sum q :    0.000
    atom   Zeff  qEEQ  mod   srCN   noHCN   CN(EEQ)
    1    8  6.0    -0.095   1.784   0.092   1.990
    2    8  6.0    -0.100   1.943   0.092   1.990
    3    8  6.0    -0.092   1.627   0.092   1.990
    4    8  6.0    -0.096   1.828   0.092   1.990
    5    8  6.0    -0.099   1.941   0.092   1.990
    6    8  6.0    -0.097   1.826   0.092   1.991
    7    8  6.0    -0.099   1.947   0.092   1.991
    8    8  6.0    -0.098   1.864   0.092   1.991
    9    8  6.0    -0.094   1.723   0.092   1.990
   10    8  6.0    -0.095   1.743   0.092   1.990
   11    8  6.0    -0.095   1.773   0.092   1.990
   12    8  6.0    -0.094   1.710   0.092   1.990
   13    8  6.0    -0.095   1.630   0.092   1.990
   14    8  6.0    -0.093   1.713   0.092   1.990
   15    8  6.0    -0.097   1.878   0.092   1.991
   16    8  6.0    -0.090   1.598   0.092   1.990
   17    8  6.0    -0.091   1.587   0.092   1.990
   18    8  6.0    -0.094   1.651   0.092   1.990
   19    8  6.0    -0.091   1.637   0.092   1.990
   20    8  6.0    -0.098   1.880   0.092   1.990
   21    8  6.0    -0.088   1.583   0.092   1.990
   22    8  6.0    -0.092   1.606   0.092   1.990
   23    8  6.0    -0.093   1.699   0.092   1.990
   24    8  6.0    -0.095   1.723   0.092   1.990
   25    8  6.0    -0.101   1.983   0.092   1.990
   26    8  6.0    -0.095   1.753   0.092   1.991
   27    8  6.0    -0.099   1.961   0.092   1.990
   28    8  6.0    -0.095   1.693   0.092   1.990
   29    8  6.0    -0.095   1.811   0.092   1.991
   30    8  6.0    -0.099   1.849   0.092   1.990
   31    8  6.0    -0.097   1.828   0.092   1.990
   32    8  6.0    -0.100   1.952   0.092   1.990
   33    8  6.0    -0.095   1.620   0.092   1.990
   34    8  6.0    -0.091   1.635   0.092   1.990
   35    8  6.0    -0.092   1.646   0.092   1.990
   36    8  6.0    -0.091   1.715   0.092   1.990
   37    8  6.0    -0.097   1.834   0.092   1.990
   38    8  6.0    -0.096   1.786   0.092   1.991
   39    8  6.0    -0.095   1.759   0.092   1.990
   40    8  6.0    -0.098   1.823   0.092   1.990
   41    8  6.0    -0.092   1.776   0.092   1.990
   42    8  6.0    -0.095   1.702   0.092   1.990
   43    8  6.0    -0.095   1.709   0.092   1.990
   44    8  6.0    -0.094   1.761   0.092   1.990
   45    8  6.0    -0.088   1.533   0.092   1.990
   46    8  6.0    -0.097   1.927   0.092   1.990
   47    8  6.0    -0.089   1.566   0.092   1.990
   48    8  6.0    -0.098   1.861   0.092   1.990
   49    8  6.0    -0.095   1.803   0.092   1.991
   50    8  6.0    -0.095   1.800   0.092   1.990
   51    8  6.0    -0.094   1.706   0.092   1.990
   52    8  6.0    -0.092   1.691   0.092   1.990
   53    8  6.0    -0.093   1.680   0.092   1.990
   54    8  6.0    -0.093   1.685   0.092   1.990
   55    8  6.0    -0.094   1.737   0.092   1.990
   56    8  6.0    -0.095   1.852   0.092   1.991
   57    8  6.0    -0.098   1.931   0.092   1.991
   58    8  6.0    -0.090   1.572   0.092   1.990
   59    8  6.0    -0.099   1.923   0.092   1.991
   60    8  6.0    -0.094   1.660   0.092   1.990
   61    8  6.0    -0.097   1.821   0.092   1.990
   62    8  6.0    -0.096   1.684   0.092   1.990
   63    8  6.0    -0.097   1.845   0.092   1.991
   64    8  6.0    -0.097   1.860   0.092   1.991
   65    8  6.0    -0.090   1.560   0.092   1.990
   66    8  6.0    -0.097   1.841   0.092   1.990
   67    8  6.0    -0.092   1.653   0.092   1.990
   68    8  6.0    -0.097   1.805   0.092   1.990
   69    8  6.0    -0.096   1.782   0.092   1.991
   70    8  6.0    -0.099   2.031   0.092   2.000
   71    8  6.0    -0.097   1.777   0.092   1.990
   72    8  6.0    -0.097   1.811   0.092   1.990
   73    8  6.0    -0.090   1.607   0.092   1.990
   74    8  6.0    -0.096   1.750   0.092   1.990
   75    8  6.0    -0.094   1.615   0.092   1.990
   76    8  6.0    -0.096   1.758   0.092   1.990
   77    8  6.0    -0.096   1.828   0.092   1.992
   78    8  6.0    -0.097   1.821   0.092   1.990
   79    8  6.0    -0.090   1.529   0.092   1.990
   80    8  6.0    -0.098   1.906   0.092   1.991
   81    8  6.0    -0.091   1.625   0.092   1.990
   82    8  6.0    -0.094   1.848   0.092   1.991
   83    8  6.0    -0.096   1.808   0.092   1.990
   84    8  6.0    -0.085   1.511   0.092   1.990
   85    8  6.0    -0.097   1.849   0.092   1.990
   86    8  6.0    -0.097   1.819   0.092   1.990
   87    8  6.0    -0.094   1.638   0.092   1.990
   88    8  6.0    -0.093   1.661   0.092   1.990
   89    8  6.0    -0.092   1.612   0.092   1.990
   90    8  6.0    -0.094   1.755   0.092   1.990
   91    8  6.0    -0.097   1.874   0.092   1.990
   92    8  6.0    -0.096   1.748   0.092   1.990
   93    8  6.0    -0.094   1.772   0.092   1.991
   94    8  6.0    -0.094   1.763   0.092   1.990
   95    8  6.0    -0.090   1.582   0.092   1.990
   96    8  6.0    -0.097   1.842   0.092   1.990
   97    8  6.0    -0.094   1.628   0.092   1.990
   98    8  6.0    -0.093   1.632   0.092   1.990
   99    8  6.0    -0.088   1.573   0.092   1.990
  100    8  6.0    -0.095   1.690   0.092   1.990
  101    8  6.0    -0.094   1.763   0.092   1.990
  102    8  6.0    -0.093   1.699   0.092   1.990
  103    8  6.0    -0.093   1.644   0.092   1.990
  104    8  6.0    -0.094   1.773   0.092   1.990
  105    8  6.0    -0.095   1.720   0.092   1.990
  106    8  6.0    -0.094   1.769   0.092   1.991
  107    8  6.0    -0.098   1.911   0.092   1.991
  108    8  6.0    -0.095   1.714   0.092   1.990
  109    8  6.0    -0.090   1.610   0.092   1.990
  110    8  6.0    -0.087   1.515   0.092   1.990
  111    8  6.0    -0.092   1.600   0.092   1.990
  112    8  6.0    -0.093   1.754   0.092   1.991
  113    8  6.0    -0.094   1.818   0.092   1.991
  114    8  6.0    -0.096   1.810   0.092   1.990
  115    8  6.0    -0.097   1.962   0.092   1.990
  116    8  6.0    -0.098   1.850   0.092   1.990
  117    8  6.0    -0.094   1.716   0.092   1.990
  118    8  6.0    -0.093   1.796   0.092   1.990
  119    8  6.0    -0.089   1.601   0.092   1.990
  120    8  6.0    -0.094   1.647   0.092   1.990
  121    8  6.0    -0.097   1.786   0.092   1.990
  122    8  6.0    -0.090   1.585   0.092   1.990
  123    8  6.0    -0.097   1.823   0.092   1.990
  124    8  6.0    -0.097   1.844   0.092   1.990
  125    8  6.0    -0.093   1.709   0.092   1.990
  126    8  6.0    -0.093   1.616   0.092   1.990
  127    8  6.0    -0.098   1.888   0.092   1.990
  128    8  6.0    -0.090   1.617   0.092   1.990
  129    8  6.0    -0.095   1.779   0.092   1.990
  130    8  6.0    -0.084   1.571   0.092   1.990
  131    8  6.0    -0.092   1.610   0.092   1.990
  132    8  6.0    -0.089   1.588   0.092   1.990
  133    8  6.0    -0.089   1.600   0.092   1.990
  134    8  6.0    -0.091   1.675   0.092   1.990
  135    8  6.0    -0.097   1.847   0.092   1.990
  136    8  6.0    -0.094   1.687   0.092   1.990
  137    8  6.0    -0.095   1.765   0.092   1.990
  138    8  6.0    -0.092   1.604   0.092   1.990
  139    8  6.0    -0.093   1.695   0.092   1.990
  140    8  6.0    -0.089   1.595   0.092   1.990
  141    8  6.0    -0.093   1.635   0.092   1.990
  142    8  6.0    -0.095   1.805   0.092   1.990
  143    8  6.0    -0.095   1.679   0.092   1.990
  144    8  6.0    -0.092   1.620   0.092   1.990
  145    8  6.0    -0.096   1.830   0.092   1.991
  146    8  6.0    -0.101   2.069   0.092   1.991
  147    8  6.0    -0.095   1.791   0.092   1.990
  148    8  6.0    -0.093   1.703   0.092   1.990
  149    8  6.0    -0.097   1.840   0.092   1.990
  150    8  6.0    -0.098   1.954   0.092   1.992
  151    8  6.0    -0.088   1.511   0.092   1.990
  152    8  6.0    -0.095   1.705   0.092   1.990
  153    8  6.0    -0.095   1.680   0.092   1.990
  154    8  6.0    -0.096   1.894   0.092   1.991
  155    8  6.0    -0.090   1.584   0.092   1.990
  156    8  6.0    -0.095   1.717   0.092   1.990
  157    8  6.0    -0.098   1.891   0.092   1.990
  158    8  6.0    -0.096   1.769   0.092   1.990
  159    8  6.0    -0.091   1.543   0.092   1.990
  160    8  6.0    -0.096   1.767   0.092   1.990
  161    8  6.0    -0.092   1.592   0.092   1.990
  162    8  6.0    -0.095   1.751   0.092   1.990
  163    8  6.0    -0.095   1.754   0.092   1.990
  164    8  6.0    -0.095   1.652   0.092   1.990
  165    8  6.0    -0.095   1.788   0.092   1.990
  166    8  6.0    -0.087   1.588   0.092   1.990
  167    8  6.0    -0.090   1.525   0.092   1.990
  168    8  6.0    -0.095   1.731   0.092   1.990
  169    8  6.0    -0.092   1.792   0.092   1.990
  170    8  6.0    -0.095   1.722   0.092   1.990
  171    8  6.0    -0.094   1.672   0.092   1.990
  172    8  6.0    -0.090   1.582   0.092   1.990
  173    8  6.0    -0.093   1.725   0.092   1.990
  174    8  6.0    -0.091   1.628   0.092   1.990
  175    8  6.0    -0.099   1.974   0.092   1.991
  176    8  6.0    -0.095   1.701   0.092   1.990
  177    8  6.0    -0.091   1.670   0.092   1.990
  178    8  6.0    -0.096   1.704   0.092   1.990
  179    8  6.0    -0.098   1.899   0.092   1.991
  180    8  6.0    -0.094   1.711   0.092   1.990
  181    8  6.0    -0.096   1.750   0.092   1.990
  182    8  6.0    -0.089   1.568   0.092   1.990
  183    8  6.0    -0.095   1.786   0.092   1.990
  184    8  6.0    -0.093   1.669   0.092   1.990
  185    8  6.0    -0.095   1.684   0.092   1.990
  186    8  6.0    -0.088   1.586   0.092   1.990
  187    8  6.0    -0.095   1.776   0.092   1.990
  188    8  6.0    -0.093   1.649   0.092   1.990
  189    8  6.0    -0.097   1.856   0.092   1.990
  190    8  6.0    -0.095   1.861   0.092   1.990
  191    8  6.0    -0.096   1.860   0.092   1.991
  192    8  6.0    -0.095   1.727   0.092   1.990
  193    8  6.0    -0.095   1.753   0.092   1.990
  194    8  6.0    -0.098   1.912   0.092   1.991
  195    8  6.0    -0.098   1.904   0.092   1.990
  196    8  6.0    -0.092   1.653   0.092   1.990
  197    8  6.0    -0.093   1.726   0.092   1.990
  198    8  6.0    -0.089   1.572   0.092   1.990
  199    8  6.0    -0.097   1.814   0.092   1.990
  200    8  6.0    -0.098   1.836   0.092   1.990
  201    8  6.0    -0.091   1.637   0.092   1.990
  202    8  6.0    -0.096   1.785   0.092   1.990
  203    8  6.0    -0.094   1.645   0.092   1.990
  204    8  6.0    -0.094   1.675   0.092   1.990
  205    8  6.0    -0.096   1.810   0.092   1.990
  206    8  6.0    -0.089   1.603   0.092   1.990
  207    8  6.0    -0.096   1.802   0.092   1.991
  208    8  6.0    -0.088   1.522   0.092   1.990
  209    8  6.0    -0.097   1.882   0.092   1.991
  210    8  6.0    -0.094   1.715   0.092   1.990
  211    8  6.0    -0.094   1.796   0.092   1.990
  212    8  6.0    -0.097   1.840   0.092   1.990
  213    8  6.0    -0.091   1.597   0.092   1.990
  214    8  6.0    -0.097   1.849   0.092   1.991
  215    8  6.0    -0.094   1.677   0.092   1.990
  216    8  6.0    -0.090   1.588   0.092   1.990
  217    8  6.0    -0.092   1.571   0.092   1.990
  218    8  6.0    -0.098   1.934   0.092   1.991
  219    8  6.0    -0.092   1.823   0.092   1.991
  220    8  6.0    -0.099   2.051   0.092   1.994
  221    8  6.0    -0.098   1.960   0.092   1.991
  222    8  6.0    -0.089   1.562   0.092   1.990
  223    8  6.0    -0.087   1.522   0.092   1.990
  224    8  6.0    -0.098   1.836   0.092   1.990
  225    8  6.0    -0.091   1.629   0.092   1.990
  226    8  6.0    -0.100   2.028   0.092   1.992
  227    8  6.0    -0.097   1.679   0.092   1.990
  228    8  6.0    -0.092   1.636   0.092   1.990
  229    8  6.0    -0.092   1.712   0.092   1.990
  230    8  6.0    -0.094   1.742   0.092   1.990
  231    8  6.0    -0.095   1.786   0.092   1.990
  232    8  6.0    -0.091   1.653   0.092   1.990
  233    8  6.0    -0.097   1.928   0.092   1.991
  234    8  6.0    -0.088   1.558   0.092   1.990
  235    8  6.0    -0.093   1.678   0.092   1.990
  236    8  6.0    -0.103   2.119   0.092   1.991
  237    8  6.0    -0.091   1.539   0.092   1.990
  238    8  6.0    -0.093   1.700   0.092   1.990
  239    8  6.0    -0.094   1.672   0.092   1.990
  240    8  6.0    -0.094   1.695   0.092   1.990
  241    8  6.0    -0.093   1.685   0.092   1.990
  242    8  6.0    -0.098   1.950   0.092   1.991
  243    8  6.0    -0.094   1.773   0.092   1.990
  244    8  6.0    -0.089   1.612   0.092   1.990
  245    8  6.0    -0.093   1.707   0.092   1.990
  246    8  6.0    -0.089   1.544   0.092   1.990
  247    8  6.0    -0.096   1.787   0.092   1.990
  248    8  6.0    -0.092   1.663   0.092   1.990
  249    8  6.0    -0.092   1.693   0.092   1.990
  250    8  6.0    -0.096   1.876   0.092   1.991
  251    8  6.0    -0.097   1.847   0.092   1.991
  252    8  6.0    -0.098   1.911   0.092   1.990
  253    8  6.0    -0.098   1.906   0.092   1.991
  254    8  6.0    -0.098   1.922   0.092   1.991
  255    8  6.0    -0.093   1.698   0.092   1.990
  256    8  6.0    -0.097   1.845   0.092   1.990
  257    8  6.0    -0.098   1.871   0.092   1.990
  258    8  6.0    -0.098   1.878   0.092   1.991
  259    8  6.0    -0.091   1.616   0.092   1.990
  260    8  6.0    -0.094   1.673   0.092   1.990
  261    8  6.0    -0.094   1.652   0.092   1.990
  262    8  6.0    -0.088   1.601   0.092   1.990
  263    8  6.0    -0.097   1.800   0.092   1.990
  264    8  6.0    -0.092   1.763   0.092   1.990
  265    8  6.0    -0.094   1.634   0.092   1.990
  266    8  6.0    -0.095   1.742   0.092   1.990
  267    8  6.0    -0.094   1.625   0.092   1.990
  268    8  6.0    -0.095   1.746   0.092   1.990
  269    8  6.0    -0.095   1.738   0.092   1.990
  270    8  6.0    -0.087   1.511   0.092   1.990
  271    8  6.0    -0.101   2.077   0.092   1.991
  272    8  6.0    -0.098   2.002   0.092   1.997
  273    8  6.0    -0.095   1.738   0.092   1.990
  274    8  6.0    -0.097   1.903   0.092   1.991
  275    8  6.0    -0.097   1.795   0.092   1.990
  276    8  6.0    -0.094   1.770   0.092   1.990
  277    8  6.0    -0.087   1.566   0.092   1.990
  278    8  6.0    -0.091   1.667   0.092   1.990
  279    8  6.0    -0.090   1.603   0.092   1.990
  280    8  6.0    -0.093   1.676   0.092   1.990
  281    8  6.0    -0.093   1.669   0.092   1.990
  282    8  6.0    -0.098   1.793   0.092   1.990
  283    8  6.0    -0.089   1.515   0.092   1.990
  284    8  6.0    -0.088   1.563   0.092   1.990
  285    8  6.0    -0.090   1.586   0.092   1.990
  286    8  6.0    -0.100   2.003   0.092   1.992
  287    8  6.0    -0.095   1.708   0.092   1.990
  288    8  6.0    -0.092   1.617   0.092   1.990
  289    8  6.0    -0.097   1.771   0.092   1.990
  290    8  6.0    -0.096   1.849   0.092   1.990
  291    8  6.0    -0.092   1.675   0.092   1.990
  292    8  6.0    -0.092   1.625   0.092   1.990
  293    8  6.0    -0.095   1.700   0.092   1.990
  294    8  6.0    -0.092   1.646   0.092   1.990
  295    8  6.0    -0.091   1.564   0.092   1.990
  296    8  6.0    -0.091   1.648   0.092   1.990
  297    8  6.0    -0.096   1.791   0.092   1.991
  298    8  6.0    -0.096   1.850   0.092   1.991
  299    8  6.0    -0.094   1.664   0.092   1.990
  300    8  6.0    -0.097   1.873   0.092   1.990
  301    8  6.0    -0.098   1.882   0.092   1.990
  302    8  6.0    -0.094   1.735   0.092   1.990
  303    8  6.0    -0.098   1.888   0.092   1.991
  304    8  6.0    -0.099   1.952   0.092   1.992
  305    8  6.0    -0.088   1.575   0.092   1.990
  306    8  6.0    -0.093   1.756   0.092   1.991
  307    8  6.0    -0.093   1.762   0.092   1.990
  308    8  6.0    -0.093   1.692   0.092   1.990
  309    8  6.0    -0.095   1.746   0.092   1.990
  310    8  6.0    -0.093   1.684   0.092   1.990
  311    8  6.0    -0.091   1.572   0.092   1.990
  312    8  6.0    -0.095   1.787   0.092   1.990
  313    8  6.0    -0.096   1.851   0.092   1.991
  314    8  6.0    -0.097   1.835   0.092   1.990
  315    8  6.0    -0.091   1.658   0.092   1.990
  316    8  6.0    -0.101   2.075   0.092   1.991
  317    8  6.0    -0.090   1.619   0.092   1.990
  318    8  6.0    -0.092   1.665   0.092   1.990
  319    8  6.0    -0.098   1.913   0.092   1.991
  320    8  6.0    -0.092   1.702   0.092   1.990
  321    8  6.0    -0.092   1.720   0.092   1.990
  322    8  6.0    -0.095   1.702   0.092   1.990
  323    8  6.0    -0.093   1.637   0.092   1.990
  324    8  6.0    -0.098   1.919   0.092   1.991
  325    8  6.0    -0.096   1.765   0.092   1.990
  326    8  6.0    -0.097   1.750   0.092   1.990
  327    8  6.0    -0.094   1.658   0.092   1.990
  328    8  6.0    -0.096   1.729   0.092   1.990
  329    8  6.0    -0.096   1.773   0.092   1.990
  330    8  6.0    -0.097   1.807   0.092   1.990
  331    8  6.0    -0.097   1.807   0.092   1.990
  332    8  6.0    -0.094   1.704   0.092   1.990
  333    8  6.0    -0.098   1.905   0.092   1.990
  334    8  6.0    -0.090   1.580   0.092   1.990
  335    8  6.0    -0.088   1.545   0.092   1.990
  336    8  6.0    -0.099   1.895   0.092   1.990
  337    8  6.0    -0.090   1.601   0.092   1.990
  338    8  6.0    -0.091   1.656   0.092   1.990
  339    8  6.0    -0.091   1.568   0.092   1.990
  340    8  6.0    -0.094   1.663   0.092   1.990
  341    8  6.0    -0.091   1.561   0.092   1.990
  342    8  6.0    -0.093   1.690   0.092   1.990
  343    8  6.0    -0.095   1.882   0.092   1.993
  344    8  6.0    -0.086   1.557   0.092   1.990
  345    8  6.0    -0.094   1.700   0.092   1.990
  346    8  6.0    -0.098   1.917   0.092   1.991
  347    8  6.0    -0.097   1.824   0.092   1.990
  348    8  6.0    -0.096   1.733   0.092   1.990
  349    8  6.0    -0.096   1.759   0.092   1.990
  350    8  6.0    -0.098   1.901   0.092   1.991
  351    8  6.0    -0.095   1.722   0.092   1.990
  352    8  6.0    -0.097   1.948   0.092   1.993
  353    8  6.0    -0.095   1.679   0.092   1.990
  354    8  6.0    -0.090   1.604   0.092   1.990
  355    8  6.0    -0.088   1.593   0.092   1.990
  356    8  6.0    -0.095   1.782   0.092   1.990
  357    8  6.0    -0.094   1.752   0.092   1.990
  358    8  6.0    -0.095   1.812   0.092   1.990
  359    8  6.0    -0.085   1.583   0.092   1.990
  360    8  6.0    -0.096   1.790   0.092   1.990
  361    8  6.0    -0.092   1.594   0.092   1.990
  362    8  6.0    -0.085   1.545   0.092   1.990
  363    8  6.0    -0.094   1.706   0.092   1.990
  364    8  6.0    -0.093   1.705   0.092   1.990
  365    8  6.0    -0.095   1.734   0.092   1.990
  366    8  6.0    -0.094   1.760   0.092   1.990
  367    8  6.0    -0.097   1.715   0.092   1.990
  368    8  6.0    -0.099   1.944   0.092   1.992
  369    8  6.0    -0.093   1.701   0.092   1.990
  370    8  6.0    -0.091   1.660   0.092   1.990
  371    8  6.0    -0.088   1.571   0.092   1.990
  372    8  6.0    -0.097   1.810   0.092   1.990
  373    8  6.0    -0.086   1.629   0.092   1.990
  374    8  6.0    -0.096   1.835   0.092   1.990
  375    8  6.0    -0.096   1.727   0.092   1.990
  376    8  6.0    -0.095   1.730   0.092   1.990
  377    8  6.0    -0.090   1.629   0.092   1.990
  378    8  6.0    -0.089   1.557   0.092   1.990
  379    8  6.0    -0.094   1.766   0.092   1.990
  380    8  6.0    -0.096   1.747   0.092   1.990
  381    8  6.0    -0.096   1.856   0.092   1.991
  382    8  6.0    -0.087   1.563   0.092   1.990
  383    8  6.0    -0.091   1.731   0.092   1.990
  384    8  6.0    -0.092   1.637   0.092   1.990
  385    8  6.0    -0.099   1.924   0.092   1.990
  386    8  6.0    -0.094   1.638   0.092   1.990
  387    8  6.0    -0.094   1.726   0.092   1.990
  388    8  6.0    -0.091   1.644   0.092   1.990
  389    8  6.0    -0.087   1.572   0.092   1.990
  390    8  6.0    -0.099   2.040   0.092   1.992
  391    8  6.0    -0.097   1.800   0.092   1.990
  392    8  6.0    -0.100   2.057   0.092   1.991
  393    8  6.0    -0.100   1.958   0.092   1.992
  394    8  6.0    -0.095   1.681   0.092   1.990
  395    8  6.0    -0.093   1.747   0.092   1.990
  396    8  6.0    -0.093   1.689   0.092   1.990
  397    8  6.0    -0.097   1.856   0.092   1.990
  398    8  6.0    -0.095   1.719   0.092   1.990
  399    8  6.0    -0.096   1.757   0.092   1.990
  400    8  6.0    -0.097   1.814   0.092   1.991
  401    8  6.0    -0.096   1.742   0.092   1.990
  402    8  6.0    -0.094   1.737   0.092   1.990
  403    8  6.0    -0.093   1.647   0.092   1.990
  404    8  6.0    -0.094   1.688   0.092   1.990
  405    8  6.0    -0.097   1.883   0.092   1.991
  406    8  6.0    -0.090   1.607   0.092   1.990
  407    8  6.0    -0.095   1.731   0.092   1.990
  408    8  6.0    -0.099   1.943   0.092   1.991
  409    8  6.0    -0.093   1.569   0.092   1.990
  410    8  6.0    -0.096   1.764   0.092   1.990
  411    8  6.0    -0.086   1.542   0.092   1.990
  412    8  6.0    -0.096   1.800   0.092   1.990
  413    8  6.0    -0.088   1.510   0.092   1.990
  414    8  6.0    -0.098   1.836   0.092   1.990
  415    8  6.0    -0.089   1.581   0.092   1.990
  416    8  6.0    -0.094   1.735   0.092   1.990
  417    8  6.0    -0.094   1.750   0.092   1.990
  418    8  6.0    -0.095   1.714   0.092   1.990
  419    8  6.0    -0.089   1.626   0.092   1.990
  420    8  6.0    -0.097   1.772   0.092   1.990
  421    8  6.0    -0.097   1.837   0.092   1.990
  422    8  6.0    -0.100   1.992   0.092   1.992
  423    8  6.0    -0.088   1.549   0.092   1.990
  424    8  6.0    -0.095   1.827   0.092   1.990
  425    8  6.0    -0.091   1.564   0.092   1.990
  426    8  6.0    -0.094   1.666   0.092   1.990
  427    8  6.0    -0.090   1.625   0.092   1.990
  428    8  6.0    -0.093   1.646   0.092   1.990
  429    8  6.0    -0.095   1.680   0.092   1.990
  430    8  6.0    -0.094   1.722   0.092   1.990
  431    8  6.0    -0.094   1.702   0.092   1.990
  432    8  6.0    -0.095   1.694   0.092   1.990
  433    8  6.0    -0.101   2.187   0.093   1.993
  434    8  6.0    -0.086   1.566   0.092   1.990
  435    8  6.0    -0.092   1.594   0.092   1.990
  436    8  6.0    -0.089   1.591   0.092   1.990
  437    8  6.0    -0.096   1.994   0.093   2.009
  438    8  6.0    -0.092   1.634   0.092   1.990
  439    8  6.0    -0.095   1.759   0.092   1.990
  440    8  6.0    -0.087   1.512   0.092   1.990
  441    8  6.0    -0.096   1.755   0.092   1.990
  442    8  6.0    -0.094   1.621   0.092   1.990
  443    8  6.0    -0.093   1.611   0.092   1.990
  444    8  6.0    -0.094   1.710   0.092   1.990
  445    8  6.0    -0.092   1.592   0.092   1.990
  446    8  6.0    -0.092   1.654   0.092   1.990
  447    8  6.0    -0.095   1.765   0.092   1.991
  448    8  6.0    -0.098   1.746   0.092   1.990
  449    8  6.0    -0.094   1.719   0.092   1.990
  450    8  6.0    -0.095   1.698   0.092   1.990
  451    8  6.0    -0.095   1.778   0.092   1.990
  452    8  6.0    -0.099   1.962   0.092   1.991
  453    8  6.0    -0.095   1.648   0.092   1.990
  454    8  6.0    -0.093   1.756   0.092   1.990
  455    8  6.0    -0.094   1.801   0.092   1.990
  456    8  6.0    -0.094   1.685   0.092   1.990
  457    8  6.0    -0.098   1.861   0.092   1.990
  458    8  6.0    -0.086   1.560   0.092   1.990
  459    8  6.0    -0.100   2.038   0.092   1.991
  460    8  6.0    -0.092   1.594   0.092   1.990
  461    8  6.0    -0.095   1.783   0.092   1.991
  462    8  6.0    -0.093   1.609   0.092   1.990
  463    8  6.0    -0.091   1.637   0.092   1.990
  464    8  6.0    -0.096   1.720   0.092   1.990
  465    8  6.0    -0.096   1.776   0.092   1.990
  466    8  6.0    -0.092   1.616   0.092   1.990
  467    8  6.0    -0.094   1.688   0.092   1.990
  468    8  6.0    -0.096   1.773   0.092   1.990
  469    8  6.0    -0.098   1.870   0.092   1.990
  470    8  6.0    -0.098   1.954   0.092   1.991
  471    8  6.0    -0.092   1.637   0.092   1.990
  472    8  6.0    -0.094   1.774   0.092   1.991
  473    8  6.0    -0.095   1.679   0.092   1.990
  474    8  6.0    -0.093   1.611   0.092   1.990
  475    8  6.0    -0.095   1.772   0.092   1.990
  476    8  6.0    -0.098   1.839   0.092   1.990
  477    8  6.0    -0.100   2.015   0.092   1.991
  478    8  6.0    -0.092   1.790   0.092   1.990
  479    8  6.0    -0.091   1.620   0.092   1.990
  480    8  6.0    -0.092   1.668   0.092   1.990
  481    8  6.0    -0.095   1.686   0.092   1.990
  482    8  6.0    -0.098   1.879   0.092   1.991
  483    8  6.0    -0.100   1.997   0.092   1.991
  484    8  6.0    -0.090   1.554   0.092   1.990
  485    8  6.0    -0.094   1.684   0.092   1.990
  486    8  6.0    -0.098   1.852   0.092   1.991
  487    8  6.0    -0.094   1.693   0.092   1.990
  488    8  6.0    -0.092   1.576   0.092   1.990
  489    8  6.0    -0.094   1.701   0.092   1.990
  490    8  6.0    -0.092   1.703   0.092   1.990
  491    8  6.0    -0.088   1.616   0.092   1.990
  492    8  6.0    -0.097   1.898   0.092   1.990
  493    8  6.0    -0.096   1.824   0.092   1.991
  494    8  6.0    -0.086   1.559   0.092   1.990
  495    8  6.0    -0.096   1.883   0.092   1.990
  496    8  6.0    -0.094   1.725   0.092   1.990
  497    8  6.0    -0.096   1.876   0.092   1.991
  498    8  6.0    -0.098   1.870   0.092   1.991
  499    8  6.0    -0.088   1.595   0.092   1.990
  500    8  6.0    -0.098   1.857   0.092   1.991
  501    8  6.0    -0.086   1.545   0.092   1.990
  502    8  6.0    -0.086   1.545   0.092   1.990
  503    8  6.0    -0.094   1.640   0.092   1.990
  504    8  6.0    -0.096   1.798   0.092   1.990
  505    8  6.0    -0.092   1.638   0.092   1.990
  506    8  6.0    -0.092   1.713   0.092   1.990
  507    8  6.0    -0.092   1.659   0.092   1.990
  508    8  6.0    -0.096   1.721   0.092   1.990
  509    8  6.0    -0.092   1.743   0.092   1.990
  510    8  6.0    -0.094   1.671   0.092   1.990
  511    8  6.0    -0.093   1.701   0.092   1.990
  512    8  6.0    -0.088   1.617   0.092   1.990
  513    1  1.0     0.049   0.903   0.046   0.995
  514    1  1.0     0.045   0.787   0.046   0.995
  515    1  1.0     0.050   0.883   0.046   0.995
  516    1  1.0     0.049   0.905   0.046   0.995
  517    1  1.0     0.048   0.834   0.046   0.995
  518    1  1.0     0.049   0.853   0.046   0.995
  519    1  1.0     0.050   0.920   0.046   0.995
  520    1  1.0     0.047   0.801   0.046   0.995
  521    1  1.0     0.050   0.901   0.046   0.995
  522    1  1.0     0.051   0.909   0.046   0.995
  523    1  1.0     0.041   0.770   0.046   0.995
  524    1  1.0     0.042   0.770   0.046   0.995
  525    1  1.0     0.042   0.770   0.046   0.995
  526    1  1.0     0.047   0.861   0.046   0.995
  527    1  1.0     0.047   0.795   0.046   0.995
  528    1  1.0     0.049   0.894   0.046   0.995
  529    1  1.0     0.048   0.836   0.046   0.995
  530    1  1.0     0.051   0.929   0.046   0.995
  531    1  1.0     0.045   0.770   0.046   0.995
  532    1  1.0     0.049   0.898   0.046   0.995
  533    1  1.0     0.045   0.770   0.046   0.995
  534    1  1.0     0.048   0.821   0.046   0.995
  535    1  1.0     0.052   0.900   0.046   0.995
  536    1  1.0     0.047   0.792   0.046   0.995
  537    1  1.0     0.041   0.770   0.046   0.995
  538    1  1.0     0.040   0.770   0.046   0.995
  539    1  1.0     0.048   0.826   0.046   0.995
  540    1  1.0     0.050   0.875   0.046   0.995
  541    1  1.0     0.040   0.770   0.046   0.995
  542    1  1.0     0.047   0.874   0.046   0.995
  543    1  1.0     0.043   0.770   0.046   0.995
  544    1  1.0     0.044   0.778   0.046   0.995
  545    1  1.0     0.041   0.770   0.046   0.995
  546    1  1.0     0.043   0.770   0.046   0.995
  547    1  1.0     0.046   0.786   0.046   0.995
  548    1  1.0     0.045   0.787   0.046   0.995
  549    1  1.0     0.045   0.770   0.046   0.995
  550    1  1.0     0.049   0.866   0.046   0.995
  551    1  1.0     0.050   0.896   0.046   0.995
  552    1  1.0     0.047   0.817   0.046   0.995
  553    1  1.0     0.052   0.957   0.046   0.996
  554    1  1.0     0.048   0.787   0.046   0.995
  555    1  1.0     0.047   0.802   0.046   0.995
  556    1  1.0     0.047   0.841   0.046   0.995
  557    1  1.0     0.050   0.852   0.046   0.995
  558    1  1.0     0.048   0.889   0.046   0.995
  559    1  1.0     0.047   0.807   0.046   0.995
  560    1  1.0     0.047   0.771   0.046   0.995
  561    1  1.0     0.050   0.873   0.046   0.995
  562    1  1.0     0.052   0.941   0.046   0.995
  563    1  1.0     0.043   0.770   0.046   0.995
  564    1  1.0     0.046   0.830   0.046   0.995
  565    1  1.0     0.051   0.954   0.046   0.996
  566    1  1.0     0.048   0.816   0.046   0.995
  567    1  1.0     0.045   0.773   0.046   0.995
  568    1  1.0     0.048   0.808   0.046   0.995
  569    1  1.0     0.049   0.889   0.046   0.995
  570    1  1.0     0.050   0.828   0.046   0.995
  571    1  1.0     0.052   0.981   0.046   0.997
  572    1  1.0     0.048   0.874   0.046   0.995
  573    1  1.0     0.050   0.909   0.046   0.995
  574    1  1.0     0.045   0.776   0.046   0.995
  575    1  1.0     0.047   0.812   0.046   0.995
  576    1  1.0     0.050   0.883   0.046   0.995
  577    1  1.0     0.042   0.770   0.046   0.995
  578    1  1.0     0.048   0.909   0.046   0.995
  579    1  1.0     0.042   0.770   0.046   0.995
  580    1  1.0     0.042   0.770   0.046   0.995
  581    1  1.0     0.049   0.852   0.046   0.995
  582    1  1.0     0.049   0.930   0.046   0.995
  583    1  1.0     0.051   0.902   0.046   0.995
  584    1  1.0     0.044   0.770   0.046   0.995
  585    1  1.0     0.051   0.908   0.046   0.995
  586    1  1.0     0.049   0.822   0.046   0.995
  587    1  1.0     0.041   0.770   0.046   0.995
  588    1  1.0     0.042   0.770   0.046   0.995
  589    1  1.0     0.045   0.780   0.046   0.995
  590    1  1.0     0.046   0.798   0.046   0.995
  591    1  1.0     0.049   0.846   0.046   0.995
  592    1  1.0     0.050   0.798   0.046   0.995
  593    1  1.0     0.048   0.821   0.046   0.995
  594    1  1.0     0.046   0.794   0.046   0.995
  595    1  1.0     0.049   0.891   0.046   0.995
  596    1  1.0     0.048   0.827   0.046   0.995
  597    1  1.0     0.050   0.990   0.046   0.997
  598    1  1.0     0.046   0.790   0.046   0.995
  599    1  1.0     0.047   0.813   0.046   0.995
  600    1  1.0     0.047   0.775   0.046   0.995
  601    1  1.0     0.048   0.832   0.046   0.995
  602    1  1.0     0.043   0.770   0.046   0.995
  603    1  1.0     0.045   0.806   0.046   0.995
  604    1  1.0     0.047   0.856   0.046   0.995
  605    1  1.0     0.042   0.770   0.046   0.995
  606    1  1.0     0.042   0.775   0.046   0.995
  607    1  1.0     0.040   0.770   0.046   0.995
  608    1  1.0     0.045   0.802   0.046   0.995
  609    1  1.0     0.042   0.770   0.046   0.995
  610    1  1.0     0.044   0.771   0.046   0.995
  611    1  1.0     0.049   0.802   0.046   0.995
  612    1  1.0     0.049   0.865   0.046   0.995
  613    1  1.0     0.044   0.770   0.046   0.995
  614    1  1.0     0.049   0.871   0.046   0.995
  615    1  1.0     0.043   0.770   0.046   0.995
  616    1  1.0     0.042   0.770   0.046   0.995
  617    1  1.0     0.050   0.871   0.046   0.995
  618    1  1.0     0.050   0.867   0.046   0.995
  619    1  1.0     0.046   0.795   0.046   0.995
  620    1  1.0     0.048   0.904   0.046   0.995
  621    1  1.0     0.048   0.798   0.046   0.995
  622    1  1.0     0.045   0.782   0.046   0.995
  623    1  1.0     0.042   0.775   0.046   0.995
  624    1  1.0     0.049   0.967   0.046   0.996
  625    1  1.0     0.049   0.894   0.046   0.995
  626    1  1.0     0.043   0.770   0.046   0.995
  627    1  1.0     0.044   0.770   0.046   0.995
  628    1  1.0     0.047   0.828   0.046   0.995
  629    1  1.0     0.050   0.899   0.046   0.995
  630    1  1.0     0.046   0.773   0.046   0.995
  631    1  1.0     0.051   0.934   0.046   0.995
  632    1  1.0     0.048   0.852   0.046   0.995
  633    1  1.0     0.048   0.858   0.046   0.995
  634    1  1.0     0.049   0.844   0.046   0.995
  635    1  1.0     0.046   0.806   0.046   0.995
  636    1  1.0     0.048   0.855   0.046   0.995
  637    1  1.0     0.047   0.804   0.046   0.995
  638    1  1.0     0.048   0.784   0.046   0.995
  639    1  1.0     0.050   0.883   0.046   0.995
  640    1  1.0     0.049   0.811   0.046   0.995
  641    1  1.0     0.045   0.770   0.046   0.995
  642    1  1.0     0.050   0.905   0.046   0.995
  643    1  1.0     0.050   0.853   0.046   0.995
  644    1  1.0     0.043   0.770   0.046   0.995
  645    1  1.0     0.046   0.787   0.046   0.995
  646    1  1.0     0.041   0.770   0.046   0.995
  647    1  1.0     0.050   0.909   0.046   0.995
  648    1  1.0     0.049   0.837   0.046   0.995
  649    1  1.0     0.041   0.770   0.046   0.995
  650    1  1.0     0.048   0.873   0.046   0.995
  651    1  1.0     0.047   0.800   0.046   0.995
  652    1  1.0     0.047   0.856   0.046   0.995
  653    1  1.0     0.050   0.952   0.046   0.996
  654    1  1.0     0.046   0.784   0.046   0.995
  655    1  1.0     0.044   0.770   0.046   0.995
  656    1  1.0     0.048   0.877   0.046   0.995
  657    1  1.0     0.050   0.830   0.046   0.995
  658    1  1.0     0.044   0.770   0.046   0.995
  659    1  1.0     0.045   0.814   0.046   0.995
  660    1  1.0     0.048   0.780   0.046   0.995
  661    1  1.0     0.049   0.872   0.046   0.995
  662    1  1.0     0.040   0.770   0.046   0.995
  663    1  1.0     0.049   0.924   0.046   0.995
  664    1  1.0     0.047   0.883   0.046   0.995
  665    1  1.0     0.048   0.819   0.046   0.995
  666    1  1.0     0.047   0.818   0.046   0.995
  667    1  1.0     0.046   0.791   0.046   0.995
  668    1  1.0     0.051   0.873   0.046   0.995
  669    1  1.0     0.043   0.770   0.046   0.995
  670    1  1.0     0.044   0.770   0.046   0.995
  671    1  1.0     0.048   0.835   0.046   0.995
  672    1  1.0     0.050   0.868   0.046   0.995
  673    1  1.0     0.045   0.770   0.046   0.995
  674    1  1.0     0.048   0.789   0.046   0.995
  675    1  1.0     0.050   0.894   0.046   0.995
  676    1  1.0     0.049   0.826   0.046   0.995
  677    1  1.0     0.045   0.770   0.046   0.995
  678    1  1.0     0.048   0.905   0.046   0.995
  679    1  1.0     0.043   0.770   0.046   0.995
  680    1  1.0     0.043   0.770   0.046   0.995
  681    1  1.0     0.050   0.898   0.046   0.995
  682    1  1.0     0.046   0.867   0.046   0.995
  683    1  1.0     0.048   0.907   0.046   0.995
  684    1  1.0     0.048   0.902   0.046   0.995
  685    1  1.0     0.044   0.770   0.046   0.995
  686    1  1.0     0.043   0.770   0.046   0.995
  687    1  1.0     0.048   0.831   0.046   0.995
  688    1  1.0     0.048   0.805   0.046   0.995
  689    1  1.0     0.044   0.770   0.046   0.995
  690    1  1.0     0.041   0.770   0.046   0.995
  691    1  1.0     0.047   0.855   0.046   0.995
  692    1  1.0     0.046   0.808   0.046   0.995
  693    1  1.0     0.050   0.991   0.046   0.997
  694    1  1.0     0.049   0.838   0.046   0.995
  695    1  1.0     0.047   0.797   0.046   0.995
  696    1  1.0     0.048   0.853   0.046   0.995
  697    1  1.0     0.046   0.793   0.046   0.995
  698    1  1.0     0.047   0.774   0.046   0.995
  699    1  1.0     0.046   0.848   0.046   0.995
  700    1  1.0     0.047   0.809   0.046   0.995
  701    1  1.0     0.045   0.773   0.046   0.995
  702    1  1.0     0.048   0.840   0.046   0.995
  703    1  1.0     0.047   0.851   0.046   0.995
  704    1  1.0     0.048   0.843   0.046   0.995
  705    1  1.0     0.050   0.921   0.046   0.995
  706    1  1.0     0.048   0.814   0.046   0.995
  707    1  1.0     0.045   0.784   0.046   0.995
  708    1  1.0     0.044   0.778   0.046   0.995
  709    1  1.0     0.048   0.840   0.046   0.995
  710    1  1.0     0.049   0.876   0.046   0.995
  711    1  1.0     0.049   0.887   0.046   0.995
  712    1  1.0     0.042   0.776   0.046   0.995
  713    1  1.0     0.049   0.855   0.046   0.995
  714    1  1.0     0.047   0.820   0.046   0.995
  715    1  1.0     0.047   0.803   0.046   0.995
  716    1  1.0     0.048   0.823   0.046   0.995
  717    1  1.0     0.050   0.865   0.046   0.995
  718    1  1.0     0.046   0.778   0.046   0.995
  719    1  1.0     0.044   0.802   0.046   0.995
  720    1  1.0     0.042   0.770   0.046   0.995
  721    1  1.0     0.048   0.900   0.046   0.995
  722    1  1.0     0.046   0.823   0.046   0.995
  723    1  1.0     0.046   0.774   0.046   0.995
  724    1  1.0     0.047   0.804   0.046   0.995
  725    1  1.0     0.047   0.813   0.046   0.995
  726    1  1.0     0.048   0.804   0.046   0.995
  727    1  1.0     0.048   0.800   0.046   0.995
  728    1  1.0     0.051   0.932   0.046   0.995
  729    1  1.0     0.050   0.857   0.046   0.995
  730    1  1.0     0.049   0.822   0.046   0.995
  731    1  1.0     0.045   0.770   0.046   0.995
  732    1  1.0     0.043   0.770   0.046   0.995
  733    1  1.0     0.042   0.770   0.046   0.995
  734    1  1.0     0.044   0.771   0.046   0.995
  735    1  1.0     0.042   0.770   0.046   0.995
  736    1  1.0     0.047   0.778   0.046   0.995
  737    1  1.0     0.050   0.890   0.046   0.995
  738    1  1.0     0.050   0.909   0.046   0.995
  739    1  1.0     0.041   0.770   0.046   0.995
  740    1  1.0     0.048   0.887   0.046   0.995
  741    1  1.0     0.048   0.806   0.046   0.995
  742    1  1.0     0.050   0.846   0.046   0.995
  743    1  1.0     0.049   0.853   0.046   0.995
  744    1  1.0     0.047   0.838   0.046   0.995
  745    1  1.0     0.041   0.770   0.046   0.995
  746    1  1.0     0.049   0.916   0.046   0.995
  747    1  1.0     0.048   0.896   0.046   0.995
  748    1  1.0     0.048   0.837   0.046   0.995
  749    1  1.0     0.049   0.801   0.046   0.995
  750    1  1.0     0.051   0.965   0.046   0.996
  751    1  1.0     0.046   0.775   0.046   0.995
  752    1  1.0     0.050   0.867   0.046   0.995
  753    1  1.0     0.048   0.876   0.046   0.995
  754    1  1.0     0.042   0.770   0.046   0.995
  755    1  1.0     0.042   0.770   0.046   0.995
  756    1  1.0     0.048   0.859   0.046   0.995
  757    1  1.0     0.046   0.776   0.046   0.995
  758    1  1.0     0.048   0.868   0.046   0.995
  759    1  1.0     0.048   0.848   0.046   0.995
  760    1  1.0     0.044   0.770   0.046   0.995
  761    1  1.0     0.041   0.770   0.046   0.995
  762    1  1.0     0.042   0.771   0.046   0.995
  763    1  1.0     0.043   0.772   0.046   0.995
  764    1  1.0     0.050   0.876   0.046   0.995
  765    1  1.0     0.050   0.912   0.046   0.995
  766    1  1.0     0.048   0.869   0.046   0.995
  767    1  1.0     0.043   0.770   0.046   0.995
  768    1  1.0     0.043   0.774   0.046   0.995
  769    1  1.0     0.049   0.853   0.046   0.995
  770    1  1.0     0.042   0.770   0.046   0.995
  771    1  1.0     0.051   0.807   0.046   0.995
  772    1  1.0     0.052   0.895   0.046   0.995
  773    1  1.0     0.044   0.770   0.046   0.995
  774    1  1.0     0.048   0.915   0.046   0.995
  775    1  1.0     0.050   0.940   0.046   0.995
  776    1  1.0     0.044   0.770   0.046   0.995
  777    1  1.0     0.047   0.824   0.046   0.995
  778    1  1.0     0.049   0.875   0.046   0.995
  779    1  1.0     0.042   0.770   0.046   0.995
  780    1  1.0     0.042   0.770   0.046   0.995
  781    1  1.0     0.050   0.878   0.046   0.995
  782    1  1.0     0.047   0.781   0.046   0.995
  783    1  1.0     0.044   0.770   0.046   0.995
  784    1  1.0     0.049   0.896   0.046   0.995
  785    1  1.0     0.050   0.919   0.046   0.995
  786    1  1.0     0.043   0.772   0.046   0.995
  787    1  1.0     0.048   0.839   0.046   0.995
  788    1  1.0     0.050   0.881   0.046   0.995
  789    1  1.0     0.043   0.770   0.046   0.995
  790    1  1.0     0.049   0.882   0.046   0.995
  791    1  1.0     0.047   0.840   0.046   0.995
  792    1  1.0     0.045   0.785   0.046   0.995
  793    1  1.0     0.050   0.874   0.046   0.995
  794    1  1.0     0.044   0.770   0.046   0.995
  795    1  1.0     0.049   0.846   0.046   0.995
  796    1  1.0     0.049   0.924   0.046   0.995
  797    1  1.0     0.051   0.927   0.046   0.995
  798    1  1.0     0.048   0.843   0.046   0.995
  799    1  1.0     0.045   0.779   0.046   0.995
  800    1  1.0     0.043   0.775   0.046   0.995
  801    1  1.0     0.043   0.771   0.046   0.995
  802    1  1.0     0.045   0.784   0.046   0.995
  803    1  1.0     0.049   0.934   0.046   0.995
  804    1  1.0     0.052   1.008   0.046   0.999
  805    1  1.0     0.048   0.810   0.046   0.995
  806    1  1.0     0.048   0.906   0.046   0.995
  807    1  1.0     0.045   0.770   0.046   0.995
  808    1  1.0     0.046   0.779   0.046   0.995
  809    1  1.0     0.042   0.770   0.046   0.995
  810    1  1.0     0.045   0.789   0.046   0.995
  811    1  1.0     0.048   0.779   0.046   0.995
  812    1  1.0     0.048   0.779   0.046   0.995
  813    1  1.0     0.042   0.770   0.046   0.995
  814    1  1.0     0.042   0.770   0.046   0.995
  815    1  1.0     0.048   0.807   0.046   0.995
  816    1  1.0     0.048   0.868   0.046   0.995
  817    1  1.0     0.047   0.854   0.046   0.995
  818    1  1.0     0.040   0.770   0.046   0.995
  819    1  1.0     0.049   0.806   0.046   0.995
  820    1  1.0     0.048   0.818   0.046   0.995
  821    1  1.0     0.045   0.777   0.046   0.995
  822    1  1.0     0.043   0.772   0.046   0.995
  823    1  1.0     0.047   0.777   0.046   0.995
  824    1  1.0     0.047   0.794   0.046   0.995
  825    1  1.0     0.051   0.930   0.046   0.995
  826    1  1.0     0.052   0.930   0.046   0.995
  827    1  1.0     0.048   0.794   0.046   0.995
  828    1  1.0     0.049   0.853   0.046   0.995
  829    1  1.0     0.047   0.807   0.046   0.995
  830    1  1.0     0.041   0.770   0.046   0.995
  831    1  1.0     0.049   0.917   0.046   0.995
  832    1  1.0     0.043   0.782   0.046   0.995
  833    1  1.0     0.045   0.787   0.046   0.995
  834    1  1.0     0.049   0.877   0.046   0.995
  835    1  1.0     0.051   0.926   0.046   0.995
  836    1  1.0     0.043   0.770   0.046   0.995
  837    1  1.0     0.051   0.953   0.046   0.996
  838    1  1.0     0.044   0.774   0.046   0.995
  839    1  1.0     0.049   0.863   0.046   0.995
  840    1  1.0     0.047   0.806   0.046   0.995
  841    1  1.0     0.044   0.771   0.046   0.995
  842    1  1.0     0.047   0.787   0.046   0.995
  843    1  1.0     0.049   0.849   0.046   0.995
  844    1  1.0     0.047   0.876   0.046   0.995
  845    1  1.0     0.040   0.770   0.046   0.995
  846    1  1.0     0.041   0.770   0.046   0.995
  847    1  1.0     0.046   0.771   0.046   0.995
  848    1  1.0     0.047   0.811   0.046   0.995
  849    1  1.0     0.047   0.810   0.046   0.995
  850    1  1.0     0.048   0.847   0.046   0.995
  851    1  1.0     0.051   0.848   0.046   0.995
  852    1  1.0     0.049   0.916   0.046   0.995
  853    1  1.0     0.050   0.844   0.046   0.995
  854    1  1.0     0.049   0.905   0.046   0.995
  855    1  1.0     0.043   0.770   0.046   0.995
  856    1  1.0     0.042   0.770   0.046   0.995
  857    1  1.0     0.048   0.858   0.046   0.995
  858    1  1.0     0.048   0.857   0.046   0.995
  859    1  1.0     0.049   0.968   0.046   0.996
  860    1  1.0     0.046   0.778   0.046   0.995
  861    1  1.0     0.047   0.826   0.046   0.995
  862    1  1.0     0.051   0.967   0.046   0.996
  863    1  1.0     0.043   0.770   0.046   0.995
  864    1  1.0     0.048   0.853   0.046   0.995
  865    1  1.0     0.049   0.818   0.046   0.995
  866    1  1.0     0.043   0.770   0.046   0.995
  867    1  1.0     0.045   0.774   0.046   0.995
  868    1  1.0     0.046   0.778   0.046   0.995
  869    1  1.0     0.042   0.770   0.046   0.995
  870    1  1.0     0.050   0.957   0.046   0.996
  871    1  1.0     0.044   0.770   0.046   0.995
  872    1  1.0     0.048   0.825   0.046   0.995
  873    1  1.0     0.049   0.874   0.046   0.995
  874    1  1.0     0.041   0.770   0.046   0.995
  875    1  1.0     0.047   0.818   0.046   0.995
  876    1  1.0     0.050   0.850   0.046   0.995
  877    1  1.0     0.046   0.771   0.046   0.995
  878    1  1.0     0.049   0.885   0.046   0.995
  879    1  1.0     0.051   0.939   0.046   0.995
  880    1  1.0     0.044   0.770   0.046   0.995
  881    1  1.0     0.052   0.923   0.046   0.995
  882    1  1.0     0.045   0.781   0.046   0.995
  883    1  1.0     0.049   0.842   0.046   0.995
  884    1  1.0     0.049   0.889   0.046   0.995
  885    1  1.0     0.048   0.795   0.046   0.995
  886    1  1.0     0.045   0.786   0.046   0.995
  887    1  1.0     0.041   0.770   0.046   0.995
  888    1  1.0     0.045   0.773   0.046   0.995
  889    1  1.0     0.051   0.899   0.046   0.995
  890    1  1.0     0.047   0.777   0.046   0.995
  891    1  1.0     0.047   0.843   0.046   0.995
  892    1  1.0     0.047   0.785   0.046   0.995
  893    1  1.0     0.047   0.791   0.046   0.995
  894    1  1.0     0.050   0.883   0.046   0.995
  895    1  1.0     0.051   0.966   0.046   0.996
  896    1  1.0     0.049   0.776   0.046   0.995
  897    1  1.0     0.051   0.901   0.046   0.995
  898    1  1.0     0.050   0.950   0.046   0.996
  899    1  1.0     0.050   0.950   0.046   0.996
  900    1  1.0     0.052   0.986   0.046   0.997
  901    1  1.0     0.050   0.899   0.046   0.995
  902    1  1.0     0.050   0.885   0.046   0.995
  903    1  1.0     0.041   0.770   0.046   0.995
  904    1  1.0     0.042   0.770   0.046   0.995
  905    1  1.0     0.047   0.825   0.046   0.995
  906    1  1.0     0.050   0.826   0.046   0.995
  907    1  1.0     0.046   0.770   0.046   0.995
  908    1  1.0     0.043   0.770   0.046   0.995
  909    1  1.0     0.049   0.860   0.046   0.995
  910    1  1.0     0.048   0.851   0.046   0.995
  911    1  1.0     0.047   0.829   0.046   0.995
  912    1  1.0     0.049   0.873   0.046   0.995
  913    1  1.0     0.049   0.830   0.046   0.995
  914    1  1.0     0.048   0.824   0.046   0.995
  915    1  1.0     0.047   0.818   0.046   0.995
  916    1  1.0     0.051   0.884   0.046   0.995
  917    1  1.0     0.048   0.846   0.046   0.995
  918    1  1.0     0.049   0.885   0.046   0.995
  919    1  1.0     0.050   0.860   0.046   0.995
  920    1  1.0     0.046   0.863   0.046   0.995
  921    1  1.0     0.047   0.839   0.046   0.995
  922    1  1.0     0.044   0.780   0.046   0.995
  923    1  1.0     0.049   0.810   0.046   0.995
  924    1  1.0     0.045   0.778   0.046   0.995
  925    1  1.0     0.050   0.949   0.046   0.996
  926    1  1.0     0.046   0.770   0.046   0.995
  927    1  1.0     0.042   0.770   0.046   0.995
  928    1  1.0     0.046   0.800   0.046   0.995
  929    1  1.0     0.046   0.789   0.046   0.995
  930    1  1.0     0.050   0.880   0.046   0.995
  931    1  1.0     0.048   0.846   0.046   0.995
  932    1  1.0     0.048   0.792   0.046   0.995
  933    1  1.0     0.048   0.803   0.046   0.995
  934    1  1.0     0.052   0.965   0.046   0.996
  935    1  1.0     0.041   0.770   0.046   0.995
  936    1  1.0     0.049   0.922   0.046   0.995
  937    1  1.0     0.043   0.770   0.046   0.995
  938    1  1.0     0.048   0.864   0.046   0.995
  939    1  1.0     0.049   0.808   0.046   0.995
  940    1  1.0     0.050   0.950   0.046   0.996
  941    1  1.0     0.048   0.801   0.046   0.995
  942    1  1.0     0.048   0.924   0.046   0.995
  943    1  1.0     0.042   0.770   0.046   0.995
  944    1  1.0     0.047   0.880   0.046   0.995
  945    1  1.0     0.047   0.811   0.046   0.995
  946    1  1.0     0.041   0.770   0.046   0.995
  947    1  1.0     0.052   0.913   0.046   0.995
  948    1  1.0     0.048   0.808   0.046   0.995
  949    1  1.0     0.050   0.928   0.046   0.995
  950    1  1.0     0.044   0.772   0.046   0.995
  951    1  1.0     0.044   0.770   0.046   0.995
  952    1  1.0     0.046   0.805   0.046   0.995
  953    1  1.0     0.051   0.918   0.046   0.995
  954    1  1.0     0.047   0.824   0.046   0.995
  955    1  1.0     0.040   0.770   0.046   0.995
  956    1  1.0     0.041   0.770   0.046   0.995
  957    1  1.0     0.045   0.777   0.046   0.995
  958    1  1.0     0.045   0.770   0.046   0.995
  959    1  1.0     0.046   0.811   0.046   0.995
  960    1  1.0     0.043   0.770   0.046   0.995
  961    1  1.0     0.052   0.909   0.046   0.995
  962    1  1.0     0.051   0.856   0.046   0.995
  963    1  1.0     0.049   0.858   0.046   0.995
  964    1  1.0     0.053   0.946   0.046   0.995
  965    1  1.0     0.047   0.845   0.046   0.995
  966    1  1.0     0.050   0.906   0.046   0.995
  967    1  1.0     0.049   0.855   0.046   0.995
  968    1  1.0     0.047   0.783   0.046   0.995
  969    1  1.0     0.045   0.770   0.046   0.995
  970    1  1.0     0.049   0.817   0.046   0.995
  971    1  1.0     0.049   0.846   0.046   0.995
  972    1  1.0     0.049   0.848   0.046   0.995
  973    1  1.0     0.046   0.785   0.046   0.995
  974    1  1.0     0.050   0.892   0.046   0.995
  975    1  1.0     0.051   0.941   0.046   0.995
  976    1  1.0     0.049   0.834   0.046   0.995
  977    1  1.0     0.050   0.870   0.046   0.995
  978    1  1.0     0.047   0.772   0.046   0.995
  979    1  1.0     0.046   0.774   0.046   0.995
  980    1  1.0     0.048   0.848   0.046   0.995
  981    1  1.0     0.047   0.832   0.046   0.995
  982    1  1.0     0.043   0.770   0.046   0.995
  983    1  1.0     0.050   0.949   0.046   0.995
  984    1  1.0     0.049   0.872   0.046   0.995
  985    1  1.0     0.043   0.770   0.046   0.995
  986    1  1.0     0.049   0.809   0.046   0.995
  987    1  1.0     0.049   0.957   0.046   0.996
  988    1  1.0     0.049   0.898   0.046   0.995
  989    1  1.0     0.048   0.866   0.046   0.995
  990    1  1.0     0.051   0.941   0.046   0.995
  991    1  1.0     0.048   0.948   0.046   0.995
  992    1  1.0     0.051   0.979   0.046   0.996
  993    1  1.0     0.042   0.770   0.046   0.995
  994    1  1.0     0.048   0.832   0.046   0.995
  995    1  1.0     0.047   0.805   0.046   0.995
  996    1  1.0     0.053   0.969   0.046   0.996
  997    1  1.0     0.050   0.924   0.046   0.995
  998    1  1.0     0.044   0.772   0.046   0.995
  999    1  1.0     0.045   0.782   0.046   0.995
 1000    1  1.0     0.043   0.770   0.046   0.995
 1001    1  1.0     0.048   0.802   0.046   0.995
 1002    1  1.0     0.044   0.770   0.046   0.995
 1003    1  1.0     0.043   0.770   0.046   0.995
 1004    1  1.0     0.042   0.770   0.046   0.995
 1005    1  1.0     0.048   0.831   0.046   0.995
 1006    1  1.0     0.045   0.771   0.046   0.995
 1007    1  1.0     0.050   0.940   0.046   0.995
 1008    1  1.0     0.051   0.917   0.046   0.995
 1009    1  1.0     0.051   0.975   0.046   0.996
 1010    1  1.0     0.047   0.821   0.046   0.995
 1011    1  1.0     0.046   0.801   0.046   0.995
 1012    1  1.0     0.043   0.771   0.046   0.995
 1013    1  1.0     0.048   0.813   0.046   0.995
 1014    1  1.0     0.046   0.797   0.046   0.995
 1015    1  1.0     0.049   0.864   0.046   0.995
 1016    1  1.0     0.048   0.808   0.046   0.995
 1017    1  1.0     0.048   0.894   0.046   0.995
 1018    1  1.0     0.042   0.770   0.046   0.995
 1019    1  1.0     0.049   0.888   0.046   0.995
 1020    1  1.0     0.045   0.771   0.046   0.995
 1021    1  1.0     0.049   0.854   0.046   0.995
 1022    1  1.0     0.050   0.874   0.046   0.995
 1023    1  1.0     0.041   0.770   0.046   0.995
 1024    1  1.0     0.047   0.874   0.046   0.995
 1025    1  1.0     0.049   0.895   0.046   0.995
 1026    1  1.0     0.051   0.937   0.046   0.995
 1027    1  1.0     0.050   0.884   0.046   0.995
 1028    1  1.0     0.050   0.916   0.046   0.995
 1029    1  1.0     0.046   0.774   0.046   0.995
 1030    1  1.0     0.048   0.803   0.046   0.995
 1031    1  1.0     0.044   0.771   0.046   0.995
 1032    1  1.0     0.048   0.804   0.046   0.995
 1033    1  1.0     0.044   0.771   0.046   0.995
 1034    1  1.0     0.044   0.774   0.046   0.995
 1035    1  1.0     0.050   0.945   0.046   0.995
 1036    1  1.0     0.049   0.849   0.046   0.995
 1037    1  1.0     0.044   0.770   0.046   0.995
 1038    1  1.0     0.049   0.903   0.046   0.995
 1039    1  1.0     0.048   0.787   0.046   0.995
 1040    1  1.0     0.049   0.821   0.046   0.995
 1041    1  1.0     0.047   0.821   0.046   0.995
 1042    1  1.0     0.045   0.774   0.046   0.995
 1043    1  1.0     0.047   0.826   0.046   0.995
 1044    1  1.0     0.043   0.770   0.046   0.995
 1045    1  1.0     0.046   0.790   0.046   0.995
 1046    1  1.0     0.045   0.791   0.046   0.995
 1047    1  1.0     0.049   0.860   0.046   0.995
 1048    1  1.0     0.046   0.835   0.046   0.995
 1049    1  1.0     0.051   0.913   0.046   0.995
 1050    1  1.0     0.045   0.793   0.046   0.995
 1051    1  1.0     0.043   0.770   0.046   0.995
 1052    1  1.0     0.042   0.770   0.046   0.995
 1053    1  1.0     0.050   0.959   0.046   0.996
 1054    1  1.0     0.051   0.904   0.046   0.995
 1055    1  1.0     0.047   0.812   0.046   0.995
 1056    1  1.0     0.047   0.775   0.046   0.995
 1057    1  1.0     0.046   0.782   0.046   0.995
 1058    1  1.0     0.051   0.889   0.046   0.995
 1059    1  1.0     0.041   0.770   0.046   0.995
 1060    1  1.0     0.045   0.772   0.046   0.995
 1061    1  1.0     0.047   0.822   0.046   0.995
 1062    1  1.0     0.049   0.819   0.046   0.995
 1063    1  1.0     0.045   0.779   0.046   0.995
 1064    1  1.0     0.047   0.796   0.046   0.995
 1065    1  1.0     0.049   0.809   0.046   0.995
 1066    1  1.0     0.045   0.802   0.046   0.995
 1067    1  1.0     0.050   0.879   0.046   0.995
 1068    1  1.0     0.050   0.858   0.046   0.995
 1069    1  1.0     0.052   0.906   0.046   0.995
 1070    1  1.0     0.048   0.799   0.046   0.995
 1071    1  1.0     0.050   0.940   0.046   0.995
 1072    1  1.0     0.048   0.809   0.046   0.995
 1073    1  1.0     0.045   0.774   0.046   0.995
 1074    1  1.0     0.050   0.907   0.046   0.995
 1075    1  1.0     0.049   0.850   0.046   0.995
 1076    1  1.0     0.049   0.860   0.046   0.995
 1077    1  1.0     0.042   0.770   0.046   0.995
 1078    1  1.0     0.042   0.770   0.046   0.995
 1079    1  1.0     0.052   0.931   0.046   0.995
 1080    1  1.0     0.044   0.770   0.046   0.995
 1081    1  1.0     0.044   0.770   0.046   0.995
 1082    1  1.0     0.049   0.866   0.046   0.995
 1083    1  1.0     0.046   0.777   0.046   0.995
 1084    1  1.0     0.051   0.955   0.046   0.996
 1085    1  1.0     0.049   0.887   0.046   0.995
 1086    1  1.0     0.048   0.843   0.046   0.995
 1087    1  1.0     0.044   0.770   0.046   0.995
 1088    1  1.0     0.041   0.770   0.046   0.995
 1089    1  1.0     0.047   0.818   0.046   0.995
 1090    1  1.0     0.046   0.803   0.046   0.995
 1091    1  1.0     0.053   0.939   0.046   0.995
 1092    1  1.0     0.049   0.869   0.046   0.995
 1093    1  1.0     0.043   0.770   0.046   0.995
 1094    1  1.0     0.050   0.834   0.046   0.995
 1095    1  1.0     0.047   0.791   0.046   0.995
 1096    1  1.0     0.047   0.820   0.046   0.995
 1097    1  1.0     0.047   0.800   0.046   0.995
 1098    1  1.0     0.048   0.824   0.046   0.995
 1099    1  1.0     0.050   0.895   0.046   0.995
 1100    1  1.0     0.047   0.795   0.046   0.995
 1101    1  1.0     0.050   0.903   0.046   0.995
 1102    1  1.0     0.044   0.770   0.046   0.995
 1103    1  1.0     0.049   0.953   0.046   0.996
 1104    1  1.0     0.046   0.790   0.046   0.995
 1105    1  1.0     0.045   0.775   0.046   0.995
 1106    1  1.0     0.044   0.775   0.046   0.995
 1107    1  1.0     0.049   0.893   0.046   0.995
 1108    1  1.0     0.051   0.935   0.046   0.995
 1109    1  1.0     0.047   0.848   0.046   0.995
 1110    1  1.0     0.046   0.774   0.046   0.995
 1111    1  1.0     0.044   0.772   0.046   0.995
 1112    1  1.0     0.050   0.929   0.046   0.995
 1113    1  1.0     0.048   0.871   0.046   0.995
 1114    1  1.0     0.048   0.830   0.046   0.995
 1115    1  1.0     0.051   0.902   0.046   0.995
 1116    1  1.0     0.050   0.853   0.046   0.995
 1117    1  1.0     0.048   0.806   0.046   0.995
 1118    1  1.0     0.049   0.856   0.046   0.995
 1119    1  1.0     0.049   0.879   0.046   0.995
 1120    1  1.0     0.051   0.897   0.046   0.995
 1121    1  1.0     0.049   0.866   0.046   0.995
 1122    1  1.0     0.049   0.826   0.046   0.995
 1123    1  1.0     0.042   0.770   0.046   0.995
 1124    1  1.0     0.041   0.770   0.046   0.995
 1125    1  1.0     0.048   0.866   0.046   0.995
 1126    1  1.0     0.051   0.825   0.046   0.995
 1127    1  1.0     0.049   0.858   0.046   0.995
 1128    1  1.0     0.052   0.906   0.046   0.995
 1129    1  1.0     0.050   0.885   0.046   0.995
 1130    1  1.0     0.047   0.825   0.046   0.995
 1131    1  1.0     0.048   0.808   0.046   0.995
 1132    1  1.0     0.044   0.770   0.046   0.995
 1133    1  1.0     0.048   0.851   0.046   0.995
 1134    1  1.0     0.045   0.820   0.046   0.995
 1135    1  1.0     0.044   0.770   0.046   0.995
 1136    1  1.0     0.051   0.916   0.046   0.995
 1137    1  1.0     0.051   0.882   0.046   0.995
 1138    1  1.0     0.049   0.868   0.046   0.995
 1139    1  1.0     0.049   0.863   0.046   0.995
 1140    1  1.0     0.051   0.952   0.046   0.996
 1141    1  1.0     0.045   0.799   0.046   0.995
 1142    1  1.0     0.043   0.833   0.046   0.995
 1143    1  1.0     0.048   0.836   0.046   0.995
 1144    1  1.0     0.053   1.022   0.046   1.001
 1145    1  1.0     0.052   0.964   0.046   0.996
 1146    1  1.0     0.050   0.826   0.046   0.995
 1147    1  1.0     0.048   0.820   0.046   0.995
 1148    1  1.0     0.046   0.770   0.046   0.995
 1149    1  1.0     0.041   0.770   0.046   0.995
 1150    1  1.0     0.042   0.770   0.046   0.995
 1151    1  1.0     0.047   0.821   0.046   0.995
 1152    1  1.0     0.049   0.807   0.046   0.995
 1153    1  1.0     0.048   0.816   0.046   0.995
 1154    1  1.0     0.048   0.826   0.046   0.995
 1155    1  1.0     0.044   0.770   0.046   0.995
 1156    1  1.0     0.047   0.880   0.046   0.995
 1157    1  1.0     0.047   0.827   0.046   0.995
 1158    1  1.0     0.049   0.830   0.046   0.995
 1159    1  1.0     0.049   0.859   0.046   0.995
 1160    1  1.0     0.048   0.830   0.046   0.995
 1161    1  1.0     0.047   0.828   0.046   0.995
 1162    1  1.0     0.046   0.778   0.046   0.995
 1163    1  1.0     0.049   0.832   0.046   0.995
 1164    1  1.0     0.049   0.865   0.046   0.995
 1165    1  1.0     0.048   0.840   0.046   0.995
 1166    1  1.0     0.049   0.866   0.046   0.995
 1167    1  1.0     0.044   0.770   0.046   0.995
 1168    1  1.0     0.050   0.923   0.046   0.995
 1169    1  1.0     0.039   0.770   0.046   0.995
 1170    1  1.0     0.041   0.770   0.046   0.995
 1171    1  1.0     0.052   1.000   0.046   0.998
 1172    1  1.0     0.048   0.852   0.046   0.995
 1173    1  1.0     0.048   0.816   0.046   0.995
 1174    1  1.0     0.049   0.886   0.046   0.995
 1175    1  1.0     0.048   0.846   0.046   0.995
 1176    1  1.0     0.048   0.804   0.046   0.995
 1177    1  1.0     0.049   0.878   0.046   0.995
 1178    1  1.0     0.049   0.793   0.046   0.995
 1179    1  1.0     0.043   0.770   0.046   0.995
 1180    1  1.0     0.043   0.770   0.046   0.995
 1181    1  1.0     0.047   0.805   0.046   0.995
 1182    1  1.0     0.048   0.836   0.046   0.995
 1183    1  1.0     0.047   0.873   0.046   0.995
 1184    1  1.0     0.050   0.910   0.046   0.995
 1185    1  1.0     0.051   0.911   0.046   0.995
 1186    1  1.0     0.050   0.856   0.046   0.995
 1187    1  1.0     0.044   0.781   0.046   0.995
 1188    1  1.0     0.048   0.834   0.046   0.995
 1189    1  1.0     0.048   0.821   0.046   0.995
 1190    1  1.0     0.045   0.773   0.046   0.995
 1191    1  1.0     0.043   0.770   0.046   0.995
 1192    1  1.0     0.043   0.770   0.046   0.995
 1193    1  1.0     0.045   0.806   0.046   0.995
 1194    1  1.0     0.045   0.770   0.046   0.995
 1195    1  1.0     0.048   0.782   0.046   0.995
 1196    1  1.0     0.048   0.811   0.046   0.995
 1197    1  1.0     0.044   0.770   0.046   0.995
 1198    1  1.0     0.049   0.834   0.046   0.995
 1199    1  1.0     0.043   0.770   0.046   0.995
 1200    1  1.0     0.050   0.902   0.046   0.995
 1201    1  1.0     0.042   0.770   0.046   0.995
 1202    1  1.0     0.046   0.871   0.046   0.995
 1203    1  1.0     0.050   0.887   0.046   0.995
 1204    1  1.0     0.046   0.790   0.046   0.995
 1205    1  1.0     0.050   0.933   0.046   0.995
 1206    1  1.0     0.051   0.921   0.046   0.995
 1207    1  1.0     0.053   1.036   0.046   1.005
 1208    1  1.0     0.048   0.828   0.046   0.995
 1209    1  1.0     0.047   0.849   0.046   0.995
 1210    1  1.0     0.042   0.770   0.046   0.995
 1211    1  1.0     0.049   0.831   0.046   0.995
 1212    1  1.0     0.050   0.879   0.046   0.995
 1213    1  1.0     0.045   0.776   0.046   0.995
 1214    1  1.0     0.049   0.871   0.046   0.995
 1215    1  1.0     0.051   0.939   0.046   0.995
 1216    1  1.0     0.046   0.794   0.046   0.995
 1217    1  1.0     0.050   0.865   0.046   0.995
 1218    1  1.0     0.047   0.779   0.046   0.995
 1219    1  1.0     0.046   0.772   0.046   0.995
 1220    1  1.0     0.049   0.786   0.046   0.995
 1221    1  1.0     0.048   0.816   0.046   0.995
 1222    1  1.0     0.045   0.772   0.046   0.995
 1223    1  1.0     0.041   0.771   0.046   0.995
 1224    1  1.0     0.048   0.850   0.046   0.995
 1225    1  1.0     0.046   0.907   0.046   0.995
 1226    1  1.0     0.051   0.921   0.046   0.995
 1227    1  1.0     0.050   0.947   0.046   0.995
 1228    1  1.0     0.048   0.854   0.046   0.995
 1229    1  1.0     0.049   0.841   0.046   0.995
 1230    1  1.0     0.049   0.790   0.046   0.995
 1231    1  1.0     0.048   0.860   0.046   0.995
 1232    1  1.0     0.050   0.879   0.046   0.995
 1233    1  1.0     0.041   0.770   0.046   0.995
 1234    1  1.0     0.050   0.983   0.046   0.997
 1235    1  1.0     0.048   0.785   0.046   0.995
 1236    1  1.0     0.045   0.775   0.046   0.995
 1237    1  1.0     0.047   0.828   0.046   0.995
 1238    1  1.0     0.042   0.770   0.046   0.995
 1239    1  1.0     0.048   0.811   0.046   0.995
 1240    1  1.0     0.047   0.819   0.046   0.995
 1241    1  1.0     0.050   0.835   0.046   0.995
 1242    1  1.0     0.048   0.857   0.046   0.995
 1243    1  1.0     0.050   0.897   0.046   0.995
 1244    1  1.0     0.043   0.770   0.046   0.995
 1245    1  1.0     0.043   0.770   0.046   0.995
 1246    1  1.0     0.048   0.826   0.046   0.995
 1247    1  1.0     0.044   0.770   0.046   0.995
 1248    1  1.0     0.042   0.770   0.046   0.995
 1249    1  1.0     0.048   0.824   0.046   0.995
 1250    1  1.0     0.045   0.793   0.046   0.995
 1251    1  1.0     0.044   0.771   0.046   0.995
 1252    1  1.0     0.050   0.904   0.046   0.995
 1253    1  1.0     0.047   0.780   0.046   0.995
 1254    1  1.0     0.050   0.879   0.046   0.995
 1255    1  1.0     0.050   0.882   0.046   0.995
 1256    1  1.0     0.046   0.776   0.046   0.995
 1257    1  1.0     0.050   0.809   0.046   0.995
 1258    1  1.0     0.054   1.003   0.046   0.998
 1259    1  1.0     0.053   0.972   0.046   0.996
 1260    1  1.0     0.049   0.792   0.046   0.995
 1261    1  1.0     0.048   0.812   0.046   0.995
 1262    1  1.0     0.044   0.770   0.046   0.995
 1263    1  1.0     0.045   0.777   0.046   0.995
 1264    1  1.0     0.050   0.892   0.046   0.995
 1265    1  1.0     0.048   0.845   0.046   0.995
 1266    1  1.0     0.043   0.773   0.046   0.995
 1267    1  1.0     0.045   0.810   0.046   0.995
 1268    1  1.0     0.041   0.770   0.046   0.995
 1269    1  1.0     0.045   0.771   0.046   0.995
 1270    1  1.0     0.050   0.916   0.046   0.995
 1271    1  1.0     0.049   0.850   0.046   0.995
 1272    1  1.0     0.049   0.871   0.046   0.995
 1273    1  1.0     0.044   0.771   0.046   0.995
 1274    1  1.0     0.049   0.928   0.046   0.995
 1275    1  1.0     0.044   0.770   0.046   0.995
 1276    1  1.0     0.051   0.919   0.046   0.995
 1277    1  1.0     0.045   0.770   0.046   0.995
 1278    1  1.0     0.049   0.792   0.046   0.995
 1279    1  1.0     0.045   0.789   0.046   0.995
 1280    1  1.0     0.043   0.770   0.046   0.995
 1281    1  1.0     0.045   0.784   0.046   0.995
 1282    1  1.0     0.048   0.864   0.046   0.995
 1283    1  1.0     0.048   0.811   0.046   0.995
 1284    1  1.0     0.050   0.911   0.046   0.995
 1285    1  1.0     0.047   0.796   0.046   0.995
 1286    1  1.0     0.049   0.895   0.046   0.995
 1287    1  1.0     0.045   0.770   0.046   0.995
 1288    1  1.0     0.049   0.817   0.046   0.995
 1289    1  1.0     0.050   0.903   0.046   0.995
 1290    1  1.0     0.050   0.805   0.046   0.995
 1291    1  1.0     0.049   0.807   0.046   0.995
 1292    1  1.0     0.046   0.776   0.046   0.995
 1293    1  1.0     0.041   0.770   0.046   0.995
 1294    1  1.0     0.040   0.770   0.046   0.995
 1295    1  1.0     0.048   0.859   0.046   0.995
 1296    1  1.0     0.051   0.933   0.046   0.995
 1297    1  1.0     0.047   0.842   0.046   0.995
 1298    1  1.0     0.048   0.800   0.046   0.995
 1299    1  1.0     0.048   0.887   0.046   0.995
 1300    1  1.0     0.047   0.794   0.046   0.995
 1301    1  1.0     0.044   0.785   0.046   0.995
 1302    1  1.0     0.040   0.770   0.046   0.995
 1303    1  1.0     0.054   1.058   0.046   1.013
 1304    1  1.0     0.045   0.776   0.046   0.995
 1305    1  1.0     0.051   0.852   0.046   0.995
 1306    1  1.0     0.052   0.988   0.046   0.997
 1307    1  1.0     0.051   0.949   0.046   0.996
 1308    1  1.0     0.051   0.942   0.046   0.995
 1309    1  1.0     0.051   0.910   0.046   0.995
 1310    1  1.0     0.051   0.914   0.046   0.995
 1311    1  1.0     0.048   0.863   0.046   0.995
 1312    1  1.0     0.048   0.841   0.046   0.995
 1313    1  1.0     0.045   0.772   0.046   0.995
 1314    1  1.0     0.048   0.815   0.046   0.995
 1315    1  1.0     0.046   0.777   0.046   0.995
 1316    1  1.0     0.048   0.796   0.046   0.995
 1317    1  1.0     0.047   0.818   0.046   0.995
 1318    1  1.0     0.051   0.905   0.046   0.995
 1319    1  1.0     0.043   0.770   0.046   0.995
 1320    1  1.0     0.049   0.864   0.046   0.995
 1321    1  1.0     0.051   0.919   0.046   0.995
 1322    1  1.0     0.048   0.841   0.046   0.995
 1323    1  1.0     0.050   0.911   0.046   0.995
 1324    1  1.0     0.043   0.770   0.046   0.995
 1325    1  1.0     0.046   0.786   0.046   0.995
 1326    1  1.0     0.050   0.901   0.046   0.995
 1327    1  1.0     0.049   0.856   0.046   0.995
 1328    1  1.0     0.050   0.872   0.046   0.995
 1329    1  1.0     0.046   0.777   0.046   0.995
 1330    1  1.0     0.043   0.770   0.046   0.995
 1331    1  1.0     0.052   0.975   0.046   0.996
 1332    1  1.0     0.048   0.853   0.046   0.995
 1333    1  1.0     0.050   0.840   0.046   0.995
 1334    1  1.0     0.046   0.776   0.046   0.995
 1335    1  1.0     0.049   0.876   0.046   0.995
 1336    1  1.0     0.052   0.969   0.046   0.996
 1337    1  1.0     0.042   0.770   0.046   0.995
 1338    1  1.0     0.043   0.770   0.046   0.995
 1339    1  1.0     0.043   0.770   0.046   0.995
 1340    1  1.0     0.050   0.882   0.046   0.995
 1341    1  1.0     0.043   0.770   0.046   0.995
 1342    1  1.0     0.045   0.770   0.046   0.995
 1343    1  1.0     0.046   0.792   0.046   0.995
 1344    1  1.0     0.048   0.779   0.046   0.995
 1345    1  1.0     0.050   0.881   0.046   0.995
 1346    1  1.0     0.047   0.781   0.046   0.995
 1347    1  1.0     0.043   0.770   0.046   0.995
 1348    1  1.0     0.048   0.814   0.046   0.995
 1349    1  1.0     0.045   0.770   0.046   0.995
 1350    1  1.0     0.046   0.772   0.046   0.995
 1351    1  1.0     0.050   0.860   0.046   0.995
 1352    1  1.0     0.047   0.817   0.046   0.995
 1353    1  1.0     0.048   0.827   0.046   0.995
 1354    1  1.0     0.045   0.784   0.046   0.995
 1355    1  1.0     0.050   0.944   0.046   0.995
 1356    1  1.0     0.048   0.831   0.046   0.995
 1357    1  1.0     0.045   0.770   0.046   0.995
 1358    1  1.0     0.043   0.809   0.046   0.995
 1359    1  1.0     0.046   0.771   0.046   0.995
 1360    1  1.0     0.046   0.796   0.046   0.995
 1361    1  1.0     0.046   0.857   0.046   0.995
 1362    1  1.0     0.041   0.770   0.046   0.995
 1363    1  1.0     0.049   0.848   0.046   0.995
 1364    1  1.0     0.049   0.897   0.046   0.995
 1365    1  1.0     0.049   0.796   0.046   0.995
 1366    1  1.0     0.050   0.867   0.046   0.995
 1367    1  1.0     0.051   0.989   0.046   0.997
 1368    1  1.0     0.049   0.874   0.046   0.995
 1369    1  1.0     0.046   0.805   0.046   0.995
 1370    1  1.0     0.040   0.770   0.046   0.995
 1371    1  1.0     0.050   0.870   0.046   0.995
 1372    1  1.0     0.047   0.832   0.046   0.995
 1373    1  1.0     0.048   0.831   0.046   0.995
 1374    1  1.0     0.050   0.897   0.046   0.995
 1375    1  1.0     0.041   0.770   0.046   0.995
 1376    1  1.0     0.047   0.819   0.046   0.995
 1377    1  1.0     0.052   0.933   0.046   0.995
 1378    1  1.0     0.053   0.915   0.046   0.995
 1379    1  1.0     0.049   0.820   0.046   0.995
 1380    1  1.0     0.049   0.845   0.046   0.995
 1381    1  1.0     0.046   0.808   0.046   0.995
 1382    1  1.0     0.045   0.782   0.046   0.995
 1383    1  1.0     0.049   0.820   0.046   0.995
 1384    1  1.0     0.049   0.888   0.046   0.995
 1385    1  1.0     0.050   0.961   0.046   0.996
 1386    1  1.0     0.049   0.859   0.046   0.995
 1387    1  1.0     0.043   0.770   0.046   0.995
 1388    1  1.0     0.042   0.770   0.046   0.995
 1389    1  1.0     0.041   0.770   0.046   0.995
 1390    1  1.0     0.040   0.770   0.046   0.995
 1391    1  1.0     0.041   0.770   0.046   0.995
 1392    1  1.0     0.040   0.770   0.046   0.995
 1393    1  1.0     0.048   0.866   0.046   0.995
 1394    1  1.0     0.051   0.874   0.046   0.995
 1395    1  1.0     0.042   0.770   0.046   0.995
 1396    1  1.0     0.041   0.770   0.046   0.995
 1397    1  1.0     0.048   0.850   0.046   0.995
 1398    1  1.0     0.049   0.836   0.046   0.995
 1399    1  1.0     0.044   0.773   0.046   0.995
 1400    1  1.0     0.047   0.793   0.046   0.995
 1401    1  1.0     0.047   0.786   0.046   0.995
 1402    1  1.0     0.048   0.856   0.046   0.995
 1403    1  1.0     0.050   0.926   0.046   0.995
 1404    1  1.0     0.043   0.772   0.046   0.995
 1405    1  1.0     0.045   0.784   0.046   0.995
 1406    1  1.0     0.042   0.775   0.046   0.995
 1407    1  1.0     0.039   0.770   0.046   0.995
 1408    1  1.0     0.041   0.770   0.046   0.995
 1409    1  1.0     0.047   0.796   0.046   0.995
 1410    1  1.0     0.048   0.918   0.046   0.995
 1411    1  1.0     0.052   0.926   0.046   0.995
 1412    1  1.0     0.048   0.842   0.046   0.995
 1413    1  1.0     0.048   0.882   0.046   0.995
 1414    1  1.0     0.047   0.809   0.046   0.995
 1415    1  1.0     0.047   0.799   0.046   0.995
 1416    1  1.0     0.046   0.775   0.046   0.995
 1417    1  1.0     0.048   0.903   0.046   0.995
 1418    1  1.0     0.050   0.860   0.046   0.995
 1419    1  1.0     0.050   0.881   0.046   0.995
 1420    1  1.0     0.049   0.889   0.046   0.995
 1421    1  1.0     0.043   0.830   0.046   0.995
 1422    1  1.0     0.048   0.786   0.046   0.995
 1423    1  1.0     0.039   0.770   0.046   0.995
 1424    1  1.0     0.041   0.770   0.046   0.995
 1425    1  1.0     0.051   0.927   0.046   0.995
 1426    1  1.0     0.047   0.830   0.046   0.995
 1427    1  1.0     0.050   0.875   0.046   0.995
 1428    1  1.0     0.047   0.786   0.046   0.995
 1429    1  1.0     0.050   0.886   0.046   0.995
 1430    1  1.0     0.047   0.789   0.046   0.995
 1431    1  1.0     0.049   0.851   0.046   0.995
 1432    1  1.0     0.043   0.770   0.046   0.995
 1433    1  1.0     0.040   0.770   0.046   0.995
 1434    1  1.0     0.047   0.829   0.046   0.995
 1435    1  1.0     0.045   0.794   0.046   0.995
 1436    1  1.0     0.047   0.798   0.046   0.995
 1437    1  1.0     0.042   0.770   0.046   0.995
 1438    1  1.0     0.041   0.770   0.046   0.995
 1439    1  1.0     0.047   0.824   0.046   0.995
 1440    1  1.0     0.047   0.859   0.046   0.995
 1441    1  1.0     0.046   0.794   0.046   0.995
 1442    1  1.0     0.048   0.787   0.046   0.995
 1443    1  1.0     0.043   0.770   0.046   0.995
 1444    1  1.0     0.045   0.772   0.046   0.995
 1445    1  1.0     0.048   0.825   0.046   0.995
 1446    1  1.0     0.049   0.859   0.046   0.995
 1447    1  1.0     0.050   0.900   0.046   0.995
 1448    1  1.0     0.046   0.803   0.046   0.995
 1449    1  1.0     0.047   0.828   0.046   0.995
 1450    1  1.0     0.051   0.958   0.046   0.996
 1451    1  1.0     0.048   0.862   0.046   0.995
 1452    1  1.0     0.050   0.906   0.046   0.995
 1453    1  1.0     0.049   0.849   0.046   0.995
 1454    1  1.0     0.047   0.811   0.046   0.995
 1455    1  1.0     0.047   0.827   0.046   0.995
 1456    1  1.0     0.047   0.803   0.046   0.995
 1457    1  1.0     0.043   0.772   0.046   0.995
 1458    1  1.0     0.048   0.860   0.046   0.995
 1459    1  1.0     0.043   0.770   0.046   0.995
 1460    1  1.0     0.048   0.842   0.046   0.995
 1461    1  1.0     0.042   0.770   0.046   0.995
 1462    1  1.0     0.046   0.774   0.046   0.995
 1463    1  1.0     0.051   0.949   0.046   0.996
 1464    1  1.0     0.048   0.859   0.046   0.995
 1465    1  1.0     0.046   0.791   0.046   0.995
 1466    1  1.0     0.052   0.951   0.046   0.996
 1467    1  1.0     0.051   0.835   0.046   0.995
 1468    1  1.0     0.052   0.918   0.046   0.995
 1469    1  1.0     0.045   0.770   0.046   0.995
 1470    1  1.0     0.046   0.807   0.046   0.995
 1471    1  1.0     0.042   0.770   0.046   0.995
 1472    1  1.0     0.050   0.881   0.046   0.995
 1473    1  1.0     0.049   0.826   0.046   0.995
 1474    1  1.0     0.048   0.800   0.046   0.995
 1475    1  1.0     0.048   0.825   0.046   0.995
 1476    1  1.0     0.046   0.774   0.046   0.995
 1477    1  1.0     0.051   0.970   0.046   0.996
 1478    1  1.0     0.047   0.864   0.046   0.995
 1479    1  1.0     0.043   0.770   0.046   0.995
 1480    1  1.0     0.043   0.770   0.046   0.995
 1481    1  1.0     0.046   0.813   0.046   0.995
 1482    1  1.0     0.042   0.770   0.046   0.995
 1483    1  1.0     0.052   0.986   0.046   0.997
 1484    1  1.0     0.046   0.796   0.046   0.995
 1485    1  1.0     0.045   0.787   0.046   0.995
 1486    1  1.0     0.049   0.880   0.046   0.995
 1487    1  1.0     0.043   0.770   0.046   0.995
 1488    1  1.0     0.043   0.770   0.046   0.995
 1489    1  1.0     0.047   0.776   0.046   0.995
 1490    1  1.0     0.045   0.776   0.046   0.995
 1491    1  1.0     0.045   0.777   0.046   0.995
 1492    1  1.0     0.045   0.783   0.046   0.995
 1493    1  1.0     0.050   0.930   0.046   0.995
 1494    1  1.0     0.045   0.790   0.046   0.995
 1495    1  1.0     0.050   0.872   0.046   0.995
 1496    1  1.0     0.046   0.788   0.046   0.995
 1497    1  1.0     0.046   0.844   0.046   0.995
 1498    1  1.0     0.051   0.977   0.046   0.996
 1499    1  1.0     0.049   0.770   0.046   0.995
 1500    1  1.0     0.051   0.903   0.046   0.995
 1501    1  1.0     0.048   0.792   0.046   0.995
 1502    1  1.0     0.048   0.802   0.046   0.995
 1503    1  1.0     0.047   0.785   0.046   0.995
 1504    1  1.0     0.050   0.824   0.046   0.995
 1505    1  1.0     0.049   0.787   0.046   0.995
 1506    1  1.0     0.050   0.926   0.046   0.995
 1507    1  1.0     0.047   0.795   0.046   0.995
 1508    1  1.0     0.049   0.894   0.046   0.995
 1509    1  1.0     0.045   0.770   0.046   0.995
 1510    1  1.0     0.051   0.835   0.046   0.995
 1511    1  1.0     0.049   0.880   0.046   0.995
 1512    1  1.0     0.049   0.814   0.046   0.995
 1513    1  1.0     0.048   0.783   0.046   0.995
 1514    1  1.0     0.050   0.815   0.046   0.995
 1515    1  1.0     0.043   0.770   0.046   0.995
 1516    1  1.0     0.049   0.856   0.046   0.995
 1517    1  1.0     0.046   0.817   0.046   0.995
 1518    1  1.0     0.047   0.794   0.046   0.995
 1519    1  1.0     0.045   0.770   0.046   0.995
 1520    1  1.0     0.047   0.835   0.046   0.995
 1521    1  1.0     0.048   0.847   0.046   0.995
 1522    1  1.0     0.041   0.770   0.046   0.995
 1523    1  1.0     0.048   0.833   0.046   0.995
 1524    1  1.0     0.048   0.828   0.046   0.995
 1525    1  1.0     0.039   0.770   0.046   0.995
 1526    1  1.0     0.045   0.780   0.046   0.995
 1527    1  1.0     0.051   0.973   0.046   0.996
 1528    1  1.0     0.049   0.834   0.046   0.995
 1529    1  1.0     0.045   0.770   0.046   0.995
 1530    1  1.0     0.051   0.964   0.046   0.996
 1531    1  1.0     0.042   0.770   0.046   0.995
 1532    1  1.0     0.042   0.770   0.046   0.995
 1533    1  1.0     0.050   0.920   0.046   0.995
 1534    1  1.0     0.047   0.776   0.046   0.995
 1535    1  1.0     0.050   0.885   0.046   0.995
 1536    1  1.0     0.050   0.870   0.046   0.995
 computing Vecp ...
 WARNING: RUNNING ONLY THE FIRST ITERATION!!!
 PTB H matrix iteration                      1  done. Now solving ...

Total solve2                                  52.513140917 sec
* sygvd solver                                49.574427843 sec

nel: 4096, nel_calc:      4096.00000000
 nel in P=   4096.00000000004      required nel=                  4096
 idempotency deviation  1.618089581593984E-011  9.999999747378752E-005
 Stupid simple implementation of the submatrix method:                     3                     2
 number of submatrices=                     1
 average sm dim=                 11776
 effort for full matrix ops=   15048544348.3198     
 sums of efforts for submatrices=   15048544348.3198     
 ratio   1.00000000000000     
 sm                     1                 11776   49.3949248790741     
 muiter                     1 mu  0.000000000000000E+000   11720.0698869094      of                  4096
 muiter                     2 mu  -5.00000000000000       0.000000000000000E+000 of                  4096
 muiter                     3 mu  -2.50000000000000        1024.00000003078      of                  4096
 muiter                     4 mu  -1.25000000000000        4311.83569507774      of                  4096
 muiter                     5 mu  -1.87500000000000        4096.00000000001      of                  4096
 iteration of chemical potential converged
 final iteration to get density matrix

Submatrix                                     57.022111893 sec
* alloc and filter                             0.864238977 sec
* submatrix combination                        0.000069141 sec
* submatrix stats                              0.000365019 sec
* mu iter                                     56.054911852 sec
* submatrix construction                       0.078252077 sec
* submatrix matrix function                   52.882384062 sec
* submatrix eigendecomp                       49.644657850 sec
* submatrix fe                                 3.237643003 sec
* submatrix occ                                0.000879765 sec
* submatrix Nel                                0.000066519 sec
* submatrix final iter                         2.979981899 sec
* submatrix dealloc                            0.102402925 sec
*                                              0.000000000 sec
*                                              0.000000000 sec
*                                              0.000000000 sec
*                                              0.000000000 sec
*                                              0.000000000 sec
*                                              0.000000000 sec
*                                              0.000000000 sec
*                                              0.000000000 sec

 first elements Pref   1.40963547022196       0.547416790967855       0.248625612847224       0.141003726859664       0.162041258074964        1.02044197716240      -6.548946095124888E-003  4.961793697118518E-003  0.212478910923893       0.941115766455543     
 first elements P      1.40963547022196       0.547416790967855       0.248625612847224       0.141003726859664       0.162041258074964        1.02044197716240      -6.548946095124888E-003  4.961793697118518E-003  0.212478910923893       0.941115766455543     
 Sparsity of Pref:
   dimension                                   11776
   nonzero elements                         69560450
   sparsity                     0.501610696428440     
   average elements per column                  5906
 Sparsity of P:
   dimension                                   11776
   nonzero elements                         69560450
   sparsity                     0.501610696428440     
   average elements per column                  5906
 maximal deviation in density matrix  0.000000000000000E+000                     1   1.40963547022196        1.40963547022196     
 MSE of density matrix  0.000000000000000E+000
 Inf-norm of density matrix  0.000000000000000E+000
 Tr(H Pref)=  -10395.0784910412     
 Tr(H P)=  -10395.0784910412     
 energy deviation abs(Tr(H P)-Tr(H Pref))=  0.000000000000000E+000
 energy deviation per atom abs(Tr(H P)-Tr(H Pref))/n=  0.000000000000000E+000
nel: 4096, nel_calc:      4096.00000000
 nel in P=   4096.00000000004      required nel=                  4096
 idempotency deviation  1.618089581593984E-011  9.999999747378752E-005
 D4 dispersion energy      :     -0.059658

     ------  PTB results ------
  # element  Z   pop.                shell populations
    1     O   6.0 -0.19241275       1.09123838  0.40523103  3.56606185  1.08399251  0.04588898
    2     O   6.0 -0.15655771       1.09632647  0.39674276  3.56540823  1.05139565  0.04668459
    3     O   6.0 -0.24373487       1.08831048  0.41176775  3.59196258  1.10690492  0.04478914
    4     O   6.0 -0.17303571       1.09087634  0.39800563  3.56934679  1.06913644  0.04567051
    5     O   6.0 -0.17628733       1.09685516  0.39824376  3.57620072  1.05827317  0.04671453
    6     O   6.0 -0.17819193       1.09841049  0.41826877  3.54913402  1.06811446  0.04426420
    7     O   6.0 -0.15181395       1.09979713  0.40726918  3.54141843  1.05654788  0.04678132
    8     O   6.0 -0.17944596       1.09761167  0.39961907  3.56926799  1.06744489  0.04550234
    9     O   6.0 -0.22148489       1.08760536  0.40722060  3.59518063  1.08534807  0.04613023
   10     O   6.0 -0.20479045       1.09323788  0.40336683  3.57322013  1.08905420  0.04591141
   11     O   6.0 -0.19423688       1.09667206  0.40502492  3.56553781  1.08189490  0.04510719
   12     O   6.0 -0.23051952       1.09540761  0.40854681  3.58269417  1.09836808  0.04550286
   13     O   6.0 -0.22970550       1.09513497  0.41881111  3.57836640  1.09353709  0.04385592
   14     O   6.0 -0.22365535       1.09351504  0.40836930  3.57517254  1.10039079  0.04620767
   15     O   6.0 -0.16261974       1.09608746  0.40632603  3.55223608  1.06214529  0.04582489
   16     O   6.0 -0.24038107       1.09064281  0.41937715  3.57352853  1.11216941  0.04466317
   17     O   6.0 -0.23805511       1.09080684  0.41335535  3.57757521  1.11226723  0.04405048
   18     O   6.0 -0.21512553       1.09321308  0.40739715  3.57023501  1.09956709  0.04471320
   19     O   6.0 -0.26196272       1.09364629  0.41322431  3.59343696  1.11570868  0.04594649
   20     O   6.0 -0.17850190       1.09859538  0.39907959  3.57043743  1.06463215  0.04575735
   21     O   6.0 -0.29479758       1.09203243  0.42256370  3.60830581  1.12637487  0.04552077
   22     O   6.0 -0.24578830       1.09127617  0.41284513  3.58766615  1.10921788  0.04478296
   23     O   6.0 -0.22976696       1.08912730  0.40875921  3.59169519  1.09463152  0.04555374
   24     O   6.0 -0.19389737       1.09671044  0.40542826  3.56368601  1.08362517  0.04444749
   25     O   6.0 -0.16417752       1.09588540  0.39847171  3.57308388  1.04979670  0.04693984
   26     O   6.0 -0.19461313       1.09566522  0.40656298  3.56072080  1.08622333  0.04544079
   27     O   6.0 -0.14774298       1.09568548  0.39683783  3.55837035  1.05040088  0.04644843
   28     O   6.0 -0.20881692       1.09763098  0.40632457  3.56914175  1.09159616  0.04412348
   29     O   6.0 -0.19791636       1.09471059  0.40506929  3.56567407  1.08533657  0.04712585
   30     O   6.0 -0.17843089       1.08911252  0.40103596  3.58395433  1.05857369  0.04575438
   31     O   6.0 -0.18159325       1.09620512  0.40196735  3.56574929  1.07169548  0.04597602
   32     O   6.0 -0.15953728       1.09823787  0.39825654  3.55636013  1.05904144  0.04764130
   33     O   6.0 -0.24362448       1.08708823  0.41548130  3.59579468  1.10004982  0.04521045
   34     O   6.0 -0.24194947       1.09123600  0.42044425  3.57643259  1.10921249  0.04462415
   35     O   6.0 -0.26236709       1.08591413  0.41613635  3.60755289  1.10659361  0.04617011
   36     O   6.0 -0.22731689       1.09446180  0.41547799  3.57524681  1.09667140  0.04545888
   37     O   6.0 -0.18847464       1.09313643  0.40364936  3.57367480  1.07172576  0.04628830
   38     O   6.0 -0.19419625       1.09767485  0.41468760  3.55555856  1.08103091  0.04524433
   39     O   6.0 -0.18017422       1.09630859  0.40457049  3.55212569  1.08242193  0.04474752
   40     O   6.0 -0.17488680       1.09707201  0.40357897  3.55576813  1.07302839  0.04543931
   41     O   6.0 -0.23047738       1.09569836  0.40706965  3.58645439  1.09439278  0.04686221
   42     O   6.0 -0.21351391       1.08848751  0.40947968  3.57735455  1.09250775  0.04568443
   43     O   6.0 -0.21858153       1.08627355  0.40793782  3.58940959  1.08870628  0.04625428
   44     O   6.0 -0.21157466       1.10042238  0.40572998  3.57698655  1.08343351  0.04500224
   45     O   6.0 -0.29399910       1.09434819  0.42544410  3.59332335  1.13624427  0.04463920
   46     O   6.0 -0.13874355       1.09503376  0.40170610  3.53272104  1.06224686  0.04703578
   47     O   6.0 -0.27465861       1.09291053  0.42590126  3.58517420  1.12603369  0.04463892
   48     O   6.0 -0.17363041       1.10209131  0.40897012  3.55466461  1.06315958  0.04474479
   49     O   6.0 -0.19263619       1.09764922  0.41444963  3.55374789  1.08122417  0.04556528
   50     O   6.0 -0.19623777       1.09278405  0.40772572  3.57600355  1.07477123  0.04495323
   51     O   6.0 -0.21170102       1.09444737  0.40594950  3.57886255  1.08748591  0.04495568
   52     O   6.0 -0.23443252       1.09842169  0.42117086  3.56859386  1.10180208  0.04444403
   53     O   6.0 -0.22431194       1.08725035  0.41177836  3.58236527  1.09713978  0.04577818
   54     O   6.0 -0.24061905       1.08896577  0.40783352  3.59015012  1.10709277  0.04657688
   55     O   6.0 -0.20837238       1.09690976  0.41234034  3.56369269  1.09052855  0.04490104
   56     O   6.0 -0.21058288       1.09806097  0.39892280  3.59045076  1.07671779  0.04643055
   57     O   6.0 -0.15086312       1.09931064  0.40134233  3.54532015  1.05869848  0.04619152
   58     O   6.0 -0.28180462       1.09302926  0.42279020  3.59270751  1.12823880  0.04503885
   59     O   6.0 -0.14532483       1.09888625  0.39820984  3.54548168  1.05742541  0.04532165
   60     O   6.0 -0.23714970       1.08508646  0.41149008  3.59585130  1.09862819  0.04609366
   61     O   6.0 -0.21217414       1.09441340  0.40244398  3.57961023  1.08756211  0.04814443
   62     O   6.0 -0.21175421       1.08542740  0.40957880  3.57752740  1.09311458  0.04610601
   63     O   6.0 -0.15850911       1.09810042  0.39816102  3.54508281  1.07080394  0.04636091
   64     O   6.0 -0.17892503       1.09644735  0.39855617  3.56421351  1.07374635  0.04596164
   65     O   6.0 -0.27793037       1.08947563  0.42103505  3.59477448  1.12727991  0.04536530
   66     O   6.0 -0.18374018       1.09649253  0.40834707  3.56144631  1.07083055  0.04662372
   67     O   6.0 -0.23359710       1.09006095  0.40964985  3.58013642  1.10856786  0.04518202
   68     O   6.0 -0.20938134       1.08924198  0.40532118  3.59706306  1.07110482  0.04665029
   69     O   6.0 -0.19774463       1.09509516  0.41095811  3.56627607  1.07982558  0.04558971
   70     O   6.0 -0.11991389       1.10010874  0.38915169  3.53700137  1.04619741  0.04745467
   71     O   6.0 -0.20149553       1.09136713  0.41035694  3.58049452  1.07350612  0.04577082
   72     O   6.0 -0.17026755       1.09625649  0.40334401  3.55463409  1.07059082  0.04544214
   73     O   6.0 -0.26703043       1.09293878  0.42220989  3.59243178  1.11507022  0.04437975
   74     O   6.0 -0.20349714       1.09784865  0.40428740  3.57073939  1.08582440  0.04479730
   75     O   6.0 -0.24249080       1.08741713  0.42421243  3.58401752  1.10190511  0.04493863
   76     O   6.0 -0.21871509       1.08677161  0.40305594  3.59877372  1.08313429  0.04697953
   77     O   6.0 -0.16220875       1.09274805  0.40124652  3.53820443  1.08336601  0.04664375
   78     O   6.0 -0.20259661       1.09430516  0.40231004  3.58267248  1.07702076  0.04628817
   79     O   6.0 -0.28178535       1.09349251  0.42773414  3.58684242  1.12951139  0.04420490
   80     O   6.0 -0.16323803       1.09624553  0.39672399  3.55858481  1.06446773  0.04721598
   81     O   6.0 -0.25305484       1.09843159  0.41000265  3.58496481  1.11496499  0.04469080
   82     O   6.0 -0.19636008       1.09717548  0.40771300  3.56369460  1.08091685  0.04686015
   83     O   6.0 -0.19476121       1.09641957  0.40385759  3.57535148  1.07334095  0.04579162
   84     O   6.0 -0.29334546       1.09079254  0.43365365  3.58448911  1.14008301  0.04432715
   85     O   6.0 -0.17103302       1.08784115  0.40455520  3.56709874  1.06487638  0.04666155
   86     O   6.0 -0.20568551       1.08205664  0.40907937  3.58971846  1.07661468  0.04821636
   87     O   6.0 -0.21181294       1.09336317  0.40574598  3.56707823  1.10134298  0.04428258
   88     O   6.0 -0.22294734       1.09110773  0.40903658  3.57782543  1.09964505  0.04533256
   89     O   6.0 -0.25783220       1.09221828  0.42642936  3.58896744  1.10630316  0.04391396
   90     O   6.0 -0.19170385       1.08795190  0.40123987  3.56424618  1.09202898  0.04623693
   91     O   6.0 -0.17394609       1.08924186  0.40230140  3.57424784  1.06110102  0.04705397
   92     O   6.0 -0.20861481       1.09254932  0.40428036  3.57692432  1.08886069  0.04600010
   93     O   6.0 -0.18879333       1.09805822  0.39980036  3.55281448  1.09203714  0.04608312
   94     O   6.0 -0.22725339       1.09564006  0.40654236  3.59038663  1.08857125  0.04611309
   95     O   6.0 -0.26571359       1.09095442  0.41909999  3.59100938  1.11977124  0.04487856
   96     O   6.0 -0.16597867       1.09368002  0.40299535  3.55856597  1.06533676  0.04540056
   97     O   6.0 -0.25511576       1.08824480  0.41463387  3.59915376  1.10752571  0.04555763
   98     O   6.0 -0.21783804       1.09399199  0.40701628  3.57153010  1.10069346  0.04460620
   99     O   6.0 -0.27500015       1.08983791  0.41624933  3.59895372  1.12431142  0.04564777
  100     O   6.0 -0.20300626       1.08898354  0.40770873  3.57466793  1.08647594  0.04517012
  101     O   6.0 -0.21730075       1.09286118  0.40762788  3.58615160  1.08551240  0.04514769
  102     O   6.0 -0.22671996       1.09426260  0.41371784  3.57182086  1.10151085  0.04540782
  103     O   6.0 -0.21578295       1.08885765  0.40714279  3.56923163  1.10519245  0.04535843
  104     O   6.0 -0.20550790       1.09553444  0.41653609  3.56555188  1.08235073  0.04553476
  105     O   6.0 -0.19719215       1.08771741  0.40244588  3.57359219  1.08757579  0.04586087
  106     O   6.0 -0.20680901       1.10092998  0.41526714  3.55183959  1.09312350  0.04564881
  107     O   6.0 -0.14721045       1.09671152  0.39591113  3.54195499  1.06646305  0.04616976
  108     O   6.0 -0.22996094       1.09039009  0.40599024  3.60143590  1.08672279  0.04542192
  109     O   6.0 -0.26992521       1.09167361  0.41809881  3.60112250  1.11391810  0.04511220
  110     O   6.0 -0.29711626       1.09470916  0.43060145  3.58930826  1.13829976  0.04419763
  111     O   6.0 -0.26537439       1.09504259  0.42390621  3.58169365  1.11969656  0.04503539
  112     O   6.0 -0.21243769       1.09918320  0.41439402  3.55741978  1.09595495  0.04548573
  113     O   6.0 -0.21738982       1.09596348  0.40294176  3.58812726  1.08347705  0.04688027
  114     O   6.0 -0.18324255       1.09294987  0.41126558  3.56081057  1.07269791  0.04551863
  115     O   6.0 -0.15620109       1.10104537  0.39736161  3.55190504  1.05968010  0.04620897
  116     O   6.0 -0.16222613       1.09290743  0.40584719  3.55441344  1.06375033  0.04530774
  117     O   6.0 -0.23249224       1.09269607  0.41783941  3.58684444  1.08995286  0.04515946
  118     O   6.0 -0.20310661       1.09266675  0.41140252  3.56715417  1.08544400  0.04643917
  119     O   6.0 -0.29022126       1.09176350  0.41684711  3.61613667  1.11966315  0.04581083
  120     O   6.0 -0.22749082       1.08470917  0.41372681  3.58086920  1.10310268  0.04508296
  121     O   6.0 -0.19679022       1.09592879  0.40908065  3.57208681  1.07462531  0.04506866
  122     O   6.0 -0.25523175       1.08786893  0.41529804  3.59053266  1.11660695  0.04492516
  123     O   6.0 -0.18584350       1.09383345  0.39988643  3.56396711  1.08011088  0.04804564
  124     O   6.0 -0.18482150       1.09656847  0.40688863  3.56575227  1.06941271  0.04619942
  125     O   6.0 -0.24512154       1.09294069  0.42222527  3.59384465  1.09167337  0.04443755
  126     O   6.0 -0.23158469       1.08984578  0.40876868  3.58268976  1.10539746  0.04488300
  127     O   6.0 -0.19206386       1.09259737  0.40186319  3.57923365  1.06937498  0.04899469
  128     O   6.0 -0.23950882       1.09717739  0.41617742  3.56991684  1.11168894  0.04454823
  129     O   6.0 -0.19764199       1.09455502  0.40340948  3.57564521  1.07827270  0.04575958
  130     O   6.0 -0.29289133       1.09364700  0.42263922  3.60249233  1.12875333  0.04535944
  131     O   6.0 -0.25003838       1.08764577  0.41155851  3.60320449  1.10240740  0.04522222
  132     O   6.0 -0.28254894       1.08703613  0.42425388  3.60561574  1.12025571  0.04538748
  133     O   6.0 -0.27589484       1.09242177  0.41586587  3.60407257  1.11855268  0.04498195
  134     O   6.0 -0.25350821       1.09595370  0.42621925  3.57365775  1.11208680  0.04559070
  135     O   6.0 -0.19100130       1.09646213  0.40604317  3.57056797  1.07230389  0.04562414
  136     O   6.0 -0.24323783       1.09110272  0.41702881  3.59533036  1.09454036  0.04523558
  137     O   6.0 -0.20150113       1.09012914  0.40028629  3.57687509  1.08698097  0.04722964
  138     O   6.0 -0.24334897       1.08360076  0.41189909  3.59257233  1.10960343  0.04567336
  139     O   6.0 -0.23626645       1.09650886  0.40946698  3.58975005  1.09522608  0.04531447
  140     O   6.0 -0.26654112       1.09324229  0.41930461  3.59685993  1.11239636  0.04473793
  141     O   6.0 -0.25115605       1.09370744  0.41403028  3.58750296  1.11036235  0.04555302
  142     O   6.0 -0.20427748       1.09084284  0.40806997  3.59089220  1.06885812  0.04561436
  143     O   6.0 -0.22587371       1.08566487  0.40821823  3.59904790  1.08735645  0.04558626
  144     O   6.0 -0.23628916       1.09718513  0.41005927  3.57602668  1.10881531  0.04420276
  145     O   6.0 -0.20058925       1.09900510  0.40796009  3.57403719  1.07399601  0.04559086
  146     O   6.0 -0.15720612       1.09440804  0.38804743  3.59304905  1.03326392  0.04843768
  147     O   6.0 -0.20118640       1.09339142  0.40304264  3.57838833  1.08011946  0.04624455
  148     O   6.0 -0.22922691       1.10161150  0.41288188  3.56924391  1.10073227  0.04475736
  149     O   6.0 -0.18480299       1.09945142  0.41331005  3.56004119  1.06751582  0.04448451
  150     O   6.0 -0.13304701       1.10473406  0.39532322  3.52554941  1.06165048  0.04578983
  151     O   6.0 -0.30407441       1.09606028  0.43150786  3.58977211  1.14258823  0.04414595
  152     O   6.0 -0.20903502       1.09100175  0.40880653  3.57358301  1.09032044  0.04532329
  153     O   6.0 -0.22985087       1.09023774  0.41217476  3.58684528  1.09472689  0.04586620
  154     O   6.0 -0.16982398       1.09940231  0.40280798  3.55423725  1.06673446  0.04664198
  155     O   6.0 -0.27465300       1.09805858  0.41927534  3.59073329  1.12231407  0.04427172
  156     O   6.0 -0.21190827       1.09381437  0.40377849  3.57208717  1.09716669  0.04506155
  157     O   6.0 -0.18940413       1.09089136  0.40291664  3.58773541  1.06095251  0.04690820
  158     O   6.0 -0.18682479       1.09292805  0.40869835  3.56402040  1.07643315  0.04474484
  159     O   6.0 -0.27606226       1.09315372  0.42072484  3.59167659  1.12607318  0.04443393
  160     O   6.0 -0.17758466       1.08894515  0.40102398  3.56019843  1.08156711  0.04584999
  161     O   6.0 -0.25102450       1.08626938  0.41317728  3.58689845  1.11955655  0.04512285
  162     O   6.0 -0.20240989       1.09497118  0.40420654  3.57079577  1.08679283  0.04564356
  163     O   6.0 -0.19997164       1.09120309  0.40822256  3.56874120  1.08596471  0.04584008
  164     O   6.0 -0.22190507       1.08776259  0.41184118  3.58053863  1.09635699  0.04540568
  165     O   6.0 -0.20904966       1.10015607  0.41386172  3.57349133  1.07691216  0.04462837
  166     O   6.0 -0.27587138       1.08827150  0.41759819  3.60133398  1.12288728  0.04578043
  167     O   6.0 -0.27537766       1.09135818  0.42552906  3.58074617  1.13326958  0.04447466
  168     O   6.0 -0.19426789       1.09809828  0.40331489  3.56216168  1.08614922  0.04454382
  169     O   6.0 -0.21628689       1.09943140  0.40579432  3.57375407  1.09177229  0.04553481
  170     O   6.0 -0.23579739       1.08881021  0.40873280  3.60193527  1.08963013  0.04668899
  171     O   6.0 -0.24252251       1.08792233  0.41214740  3.59800112  1.09876341  0.04568824
  172     O   6.0 -0.26521082       1.09395111  0.42207536  3.58724523  1.11774945  0.04418968
  173     O   6.0 -0.23346935       1.09127378  0.40986630  3.59490252  1.09211564  0.04531110
  174     O   6.0 -0.26523561       1.09063554  0.41699475  3.60388637  1.10797396  0.04574499
  175     O   6.0 -0.14135449       1.09501505  0.39876127  3.55341804  1.04770836  0.04645177
  176     O   6.0 -0.21639477       1.09192109  0.41512766  3.57308757  1.09142768  0.04483075
  177     O   6.0 -0.24029157       1.09723461  0.41600066  3.57887995  1.10362822  0.04454813
  178     O   6.0 -0.19019842       1.09614682  0.40755737  3.55513525  1.08676174  0.04459724
  179     O   6.0 -0.18552982       1.09432495  0.40824708  3.57946360  1.05702329  0.04647091
  180     O   6.0 -0.20067980       1.09633076  0.40614289  3.56099844  1.09229669  0.04491101
  181     O   6.0 -0.22080085       1.09639382  0.41061968  3.58917093  1.07957083  0.04504559
  182     O   6.0 -0.27059345       1.08999527  0.41791579  3.59188426  1.12551579  0.04528235
  183     O   6.0 -0.18653513       1.09126210  0.40268320  3.56976509  1.07712004  0.04570470
  184     O   6.0 -0.23822112       1.09256864  0.41206509  3.59527183  1.09312472  0.04519085
  185     O   6.0 -0.22348663       1.08771968  0.40885475  3.58844864  1.09282702  0.04563653
  186     O   6.0 -0.27077425       1.08641672  0.41736284  3.60102940  1.12032482  0.04564047
  187     O   6.0 -0.18702681       1.09617138  0.40666476  3.55540365  1.08272094  0.04606609
  188     O   6.0 -0.24617165       1.09704852  0.41950721  3.57429022  1.11025715  0.04506856
  189     O   6.0 -0.17892199       1.09701598  0.40314189  3.56578195  1.06735972  0.04562246
  190     O   6.0 -0.17114980       1.09997463  0.40064430  3.55734551  1.06801933  0.04516602
  191     O   6.0 -0.17117405       1.09621847  0.40228692  3.55866623  1.06828153  0.04572090
  192     O   6.0 -0.20998625       1.09065950  0.40594438  3.58820713  1.07976085  0.04541440
  193     O   6.0 -0.21456004       1.08377278  0.40642908  3.60036004  1.07769990  0.04629825
  194     O   6.0 -0.19672471       1.09075928  0.40026239  3.59986413  1.05761379  0.04822513
  195     O   6.0 -0.18373966       1.09601724  0.40098375  3.58434904  1.05629709  0.04609254
  196     O   6.0 -0.24004032       1.09572327  0.42632821  3.56803536  1.10574380  0.04420968
  197     O   6.0 -0.22510795       1.09508574  0.41064623  3.57365930  1.10012445  0.04559223
  198     O   6.0 -0.26458560       1.09627354  0.41954657  3.58383870  1.12078908  0.04413770
  199     O   6.0 -0.17911114       1.09128034  0.40607747  3.56430626  1.07166523  0.04578184
  200     O   6.0 -0.16799481       1.09272230  0.40168375  3.56196636  1.06578064  0.04584176
  201     O   6.0 -0.24521703       1.09195912  0.41645974  3.58185959  1.10978580  0.04515279
  202     O   6.0 -0.17604774       1.08914447  0.40063831  3.56345415  1.07704315  0.04576766
  203     O   6.0 -0.23921028       1.08836150  0.41060135  3.59732950  1.09743160  0.04548633
  204     O   6.0 -0.24830469       1.09159207  0.40782091  3.60621691  1.09736875  0.04530606
  205     O   6.0 -0.18187126       1.09637487  0.40106943  3.55775046  1.08036131  0.04631519
  206     O   6.0 -0.25281324       1.09201980  0.41373023  3.58355665  1.11865726  0.04484930
  207     O   6.0 -0.19574141       1.09467959  0.40051377  3.57561851  1.07918450  0.04574504
  208     O   6.0 -0.28498008       1.09445536  0.42273068  3.58797932  1.13531727  0.04449745
  209     O   6.0 -0.17386322       1.09928417  0.39982456  3.56471610  1.06434077  0.04569762
  210     O   6.0 -0.20654678       1.09396505  0.40496579  3.57122123  1.09113193  0.04526278
  211     O   6.0 -0.22089813       1.09553814  0.40346009  3.59250832  1.08306852  0.04632307
  212     O   6.0 -0.19346004       1.09671998  0.40846819  3.57855928  1.06434730  0.04536530
  213     O   6.0 -0.25626963       1.08885908  0.42126316  3.58908081  1.11227742  0.04478917
  214     O   6.0 -0.20029346       1.09271407  0.40081799  3.58445024  1.07595173  0.04635943
  215     O   6.0 -0.21610938       1.08743179  0.40347493  3.58762360  1.09215522  0.04542385
  216     O   6.0 -0.27933016       1.08832896  0.42362636  3.60344660  1.11895975  0.04496848
  217     O   6.0 -0.25158932       1.08992708  0.42016640  3.58240771  1.11456472  0.04452341
  218     O   6.0 -0.15625907       1.09643602  0.39796656  3.55772376  1.05777240  0.04636033
  219     O   6.0 -0.21138161       1.09587860  0.40927193  3.57287681  1.08664545  0.04670882
  220     O   6.0 -0.10618465       1.10242128  0.39756840  3.51228726  1.04726931  0.04663839
  221     O   6.0 -0.13599085       1.09516633  0.39307562  3.54939485  1.05133983  0.04701423
  222     O   6.0 -0.28268179       1.09147298  0.43297261  3.58802301  1.12573215  0.04448103
  223     O   6.0 -0.27909708       1.09598303  0.41930896  3.58602643  1.13337025  0.04440841
  224     O   6.0 -0.16218974       1.09743941  0.40660304  3.54695642  1.06628931  0.04490157
  225     O   6.0 -0.25586772       1.08720493  0.41448525  3.59923983  1.10892937  0.04600835
  226     O   6.0 -0.13395058       1.09554541  0.39298180  3.55022609  1.04621306  0.04898421
  227     O   6.0 -0.22227147       1.08209825  0.40703022  3.59301400  1.09429651  0.04583249
  228     O   6.0 -0.23737531       1.09175682  0.41255641  3.58192205  1.10636386  0.04477616
  229     O   6.0 -0.23280969       1.09685457  0.41750312  3.57033634  1.10250840  0.04560727
  230     O   6.0 -0.19575143       1.09199071  0.40407965  3.56959820  1.08480361  0.04527926
  231     O   6.0 -0.19010298       1.09321165  0.40387964  3.56825697  1.07915512  0.04559959
  232     O   6.0 -0.25180567       1.09021246  0.41136611  3.60236239  1.10231417  0.04555053
  233     O   6.0 -0.15221059       1.10004902  0.39673564  3.54637444  1.06269139  0.04636011
  234     O   6.0 -0.27585878       1.09303772  0.41882443  3.59040403  1.12875509  0.04483749
  235     O   6.0 -0.23452880       1.09434688  0.41667524  3.57855177  1.10016224  0.04479267
  236     O   6.0 -0.13294449       1.09548056  0.39204824  3.56153822  1.03406671  0.04981076
  237     O   6.0 -0.26560047       1.08701921  0.42415935  3.58554339  1.12447146  0.04440707
  238     O   6.0 -0.24199189       1.08446074  0.40971935  3.61372590  1.08789679  0.04618911
  239     O   6.0 -0.26080971       1.08923876  0.41186810  3.61233675  1.10109180  0.04627429
  240     O   6.0 -0.25486541       1.08246589  0.40732121  3.63404083  1.08426294  0.04677454
  241     O   6.0 -0.24033919       1.09734774  0.41072288  3.58728552  1.09969121  0.04529185
  242     O   6.0 -0.15801835       1.09492779  0.40028870  3.56335628  1.05275652  0.04668907
  243     O   6.0 -0.21503400       1.09301376  0.40735152  3.58984017  1.07904807  0.04578047
  244     O   6.0 -0.23712472       1.08987844  0.41959441  3.57181120  1.11108345  0.04475722
  245     O   6.0 -0.22735772       1.09690583  0.42071471  3.56469023  1.09998417  0.04506278
  246     O   6.0 -0.28084527       1.09018433  0.42946973  3.58543599  1.13160256  0.04415266
  247     O   6.0 -0.19602958       1.09716368  0.40189281  3.57035756  1.08141774  0.04519779
  248     O   6.0 -0.27212811       1.08595419  0.41545117  3.61836147  1.10602307  0.04633820
  249     O   6.0 -0.25891747       1.09169841  0.41352069  3.60897970  1.09864485  0.04607381
  250     O   6.0 -0.16551388       1.09646535  0.41289657  3.53892410  1.07059577  0.04663209
  251     O   6.0 -0.16601316       1.09556401  0.40189976  3.54400373  1.07782620  0.04671947
  252     O   6.0 -0.16090524       1.09976709  0.39843726  3.55531085  1.06098241  0.04640764
  253     O   6.0 -0.14963055       1.09604383  0.39950511  3.55184078  1.05617729  0.04606354
  254     O   6.0 -0.13458836       1.09965360  0.39799947  3.53446567  1.05660060  0.04586902
  255     O   6.0 -0.23614707       1.09140527  0.40762448  3.59443390  1.09670436  0.04597905
  256     O   6.0 -0.18103380       1.09722245  0.41024607  3.56573117  1.06286129  0.04497282
  257     O   6.0 -0.17062633       1.08998704  0.40058485  3.57431364  1.05939984  0.04634096
  258     O   6.0 -0.17245961       1.09215355  0.40007269  3.57405937  1.05981135  0.04636264
  259     O   6.0 -0.21860851       1.08807743  0.40981409  3.56827188  1.10768762  0.04475750
  260     O   6.0 -0.23206837       1.09667993  0.40949160  3.57462406  1.10583723  0.04543556
  261     O   6.0 -0.20974228       1.09437788  0.40629968  3.56370234  1.10085908  0.04450331
  262     O   6.0 -0.27377999       1.08636558  0.41637462  3.60719228  1.11765459  0.04619291
  263     O   6.0 -0.19133719       1.09591186  0.40760359  3.57227933  1.07053456  0.04500785
  264     O   6.0 -0.22395894       1.10012829  0.41085884  3.57558072  1.09219369  0.04519740
  265     O   6.0 -0.23201527       1.09134400  0.40802181  3.58364034  1.10402793  0.04498120
  266     O   6.0 -0.20679451       1.09166765  0.41439238  3.57259464  1.08332247  0.04481737
  267     O   6.0 -0.24293587       1.09492087  0.41157922  3.58612370  1.10541213  0.04489995
  268     O   6.0 -0.19486985       1.08596647  0.41326648  3.57039881  1.07946351  0.04577459
  269     O   6.0 -0.21707123       1.09353125  0.40425751  3.58676791  1.08690649  0.04560807
  270     O   6.0 -0.30236375       1.09326982  0.43428159  3.58855164  1.14210939  0.04415130
  271     O   6.0 -0.13056541       1.09783554  0.39017186  3.55764759  1.03679925  0.04811118
  272     O   6.0 -0.11352783       1.10143483  0.39426550  3.51760125  1.05297682  0.04724943
  273     O   6.0 -0.18460300       1.08827984  0.40950215  3.56164539  1.08023795  0.04493767
  274     O   6.0 -0.16373224       1.10511947  0.39776993  3.54389024  1.07025123  0.04670138
  275     O   6.0 -0.17993257       1.09615076  0.40329537  3.56355917  1.07211390  0.04481337
  276     O   6.0 -0.20791012       1.09698462  0.41468087  3.57194602  1.07965755  0.04464105
  277     O   6.0 -0.28348629       1.09583068  0.41876176  3.59106922  1.13301757  0.04480706
  278     O   6.0 -0.24165981       1.08943903  0.41248658  3.59303141  1.10134065  0.04536214
  279     O   6.0 -0.26550077       1.08881319  0.42214400  3.59735417  1.11167234  0.04551708
  280     O   6.0 -0.25770945       1.09021628  0.41362137  3.60731065  1.10113442  0.04542674
  281     O   6.0 -0.23626189       1.09228778  0.40783939  3.59021401  1.10024992  0.04567079
  282     O   6.0 -0.17586202       1.09180927  0.40351358  3.56268442  1.07257515  0.04527960
  283     O   6.0 -0.29330990       1.09212708  0.43188781  3.59165478  1.13355756  0.04408267
  284     O   6.0 -0.29645676       1.09341323  0.42216459  3.60514557  1.13061538  0.04511798
  285     O   6.0 -0.24980273       1.08879519  0.41283143  3.58912277  1.11422765  0.04482569
  286     O   6.0 -0.12303387       1.09796858  0.39476648  3.53754723  1.04566804  0.04708355
  287     O   6.0 -0.21887935       1.08828509  0.40660664  3.58783090  1.09026554  0.04589117
  288     O   6.0 -0.25748217       1.09003973  0.42344373  3.59136343  1.10812318  0.04451209
  289     O   6.0 -0.18684661       1.09232867  0.40305641  3.56157029  1.08397648  0.04591476
  290     O   6.0 -0.20841805       1.09445155  0.40488502  3.59228754  1.07021174  0.04658220
  291     O   6.0 -0.22625549       1.08942974  0.41354108  3.57593417  1.10189548  0.04545503
  292     O   6.0 -0.22944039       1.08835232  0.41032076  3.58072889  1.10503945  0.04499897
  293     O   6.0 -0.20699055       1.09255934  0.40633810  3.56570190  1.09690100  0.04549021
  294     O   6.0 -0.25174734       1.08973706  0.41938195  3.59272599  1.10460469  0.04529765
  295     O   6.0 -0.26268699       1.08944821  0.41687000  3.59105527  1.12015340  0.04516011
  296     O   6.0 -0.26236698       1.08838594  0.41839305  3.60512626  1.10457119  0.04589054
  297     O   6.0 -0.17245055       1.09708357  0.40049183  3.54881644  1.08068243  0.04537628
  298     O   6.0 -0.19900475       1.09175229  0.40171966  3.58002484  1.07777661  0.04773136
  299     O   6.0 -0.22226888       1.09123158  0.40819865  3.57575834  1.10174701  0.04533330
  300     O   6.0 -0.18656766       1.10017145  0.39683610  3.58123207  1.06314859  0.04517945
  301     O   6.0 -0.14872698       1.09335876  0.40237600  3.54503667  1.06178597  0.04616959
  302     O   6.0 -0.20219843       1.08666277  0.40422833  3.57492495  1.09042963  0.04595275
  303     O   6.0 -0.15487247       1.09590185  0.40046695  3.54265273  1.06972808  0.04612287
  304     O   6.0 -0.16586657       1.09413493  0.40126359  3.56382704  1.05807909  0.04856191
  305     O   6.0 -0.28846556       1.09153152  0.42099667  3.60069221  1.12981844  0.04542673
  306     O   6.0 -0.21028275       1.10001624  0.41131997  3.55825639  1.09600312  0.04468704
  307     O   6.0 -0.21368079       1.09391069  0.40564510  3.57765996  1.09082904  0.04563599
  308     O   6.0 -0.24423790       1.09145796  0.40747517  3.61002433  1.09009901  0.04518143
  309     O   6.0 -0.20464146       1.08901083  0.40345860  3.58230710  1.08437914  0.04548579
  310     O   6.0 -0.22359291       1.09845603  0.40838164  3.57280791  1.09934270  0.04460463
  311     O   6.0 -0.26272340       1.08865690  0.41535553  3.59089649  1.12240472  0.04540975
  312     O   6.0 -0.19937978       1.09442627  0.40693000  3.57678449  1.07590958  0.04532943
  313     O   6.0 -0.18374846       1.09344840  0.40383062  3.56252241  1.07717660  0.04677043
  314     O   6.0 -0.20616618       1.09073365  0.40134913  3.59691894  1.07070115  0.04646332
  315     O   6.0 -0.22083574       1.08416295  0.41077459  3.58897197  1.09155980  0.04536643
  316     O   6.0 -0.12053623       1.09662330  0.39178872  3.55011940  1.03379935  0.04820546
  317     O   6.0 -0.27353725       1.08802509  0.41666758  3.61250091  1.11049104  0.04585263
  318     O   6.0 -0.23932199       1.09395683  0.41608009  3.57576406  1.10781735  0.04570366
  319     O   6.0 -0.18300913       1.09926081  0.41023493  3.55887985  1.06756508  0.04706846
  320     O   6.0 -0.22825278       1.09381843  0.40994111  3.57721591  1.10211417  0.04516316
  321     O   6.0 -0.21718517       1.09614241  0.41234684  3.56604505  1.09742132  0.04522955
  322     O   6.0 -0.22884029       1.09436345  0.40698633  3.58908367  1.09329394  0.04511291
  323     O   6.0 -0.23897274       1.08796096  0.41108444  3.59151697  1.10351330  0.04489707
  324     O   6.0 -0.16204323       1.09848893  0.39763999  3.56128824  1.05872360  0.04590248
  325     O   6.0 -0.18953330       1.09631586  0.40531293  3.56075346  1.08236298  0.04478807
  326     O   6.0 -0.20674316       1.09196305  0.40742505  3.58320713  1.07880625  0.04534168
  327     O   6.0 -0.23777978       1.08541083  0.41443998  3.59706914  1.09585810  0.04500173
  328     O   6.0 -0.22983987       1.09153616  0.41610259  3.58324122  1.09336981  0.04559008
  329     O   6.0 -0.20526193       1.10116291  0.41712919  3.56379843  1.07873365  0.04443775
  330     O   6.0 -0.21478152       1.08897340  0.40233341  3.60760570  1.06925529  0.04661372
  331     O   6.0 -0.18480925       1.09362686  0.40294486  3.56618214  1.07638937  0.04566602
  332     O   6.0 -0.21137997       1.08918595  0.40664557  3.57364643  1.09608355  0.04581848
  333     O   6.0 -0.14523474       1.09444082  0.39969599  3.54246283  1.06287244  0.04576267
  334     O   6.0 -0.26907878       1.09502256  0.42782182  3.58540702  1.11684871  0.04397868
  335     O   6.0 -0.27084249       1.09058201  0.41851953  3.58758736  1.12875381  0.04539979
  336     O   6.0 -0.16255340       1.09307861  0.39944479  3.56231904  1.06093174  0.04677922
  337     O   6.0 -0.28111815       1.08809721  0.41793254  3.61136627  1.11815390  0.04556822
  338     O   6.0 -0.23260677       1.09611070  0.41343817  3.57166088  1.10634097  0.04505605
  339     O   6.0 -0.25030700       1.08969259  0.41801974  3.58720148  1.11087239  0.04452080
  340     O   6.0 -0.22349406       1.09264755  0.42295042  3.57417345  1.08985537  0.04386726
  341     O   6.0 -0.24523317       1.08842206  0.41370505  3.58205438  1.11630198  0.04474970
  342     O   6.0 -0.21592278       1.09486210  0.41404843  3.56440771  1.09785566  0.04474888
  343     O   6.0 -0.17141840       1.09978926  0.40272874  3.54928172  1.07311648  0.04650221
  344     O   6.0 -0.30022793       1.09234476  0.42784095  3.60460114  1.13038698  0.04505410
  345     O   6.0 -0.22950914       1.09276915  0.41309240  3.58780026  1.09106985  0.04477748
  346     O   6.0 -0.16478621       1.09931719  0.39984661  3.55857241  1.06028834  0.04676165
  347     O   6.0 -0.21222690       1.08674848  0.40055367  3.61486554  1.06413552  0.04592368
  348     O   6.0 -0.25273943       1.08669508  0.40659675  3.62989008  1.08403748  0.04552004
  349     O   6.0 -0.19808969       1.09167123  0.40901089  3.57123494  1.08109570  0.04507694
  350     O   6.0 -0.17251278       1.09496474  0.40050983  3.56822097  1.06194270  0.04687453
  351     O   6.0 -0.20692075       1.09087038  0.40838763  3.57282889  1.08983770  0.04499615
  352     O   6.0 -0.15748797       1.09500229  0.39973494  3.55873978  1.05643174  0.04757921
  353     O   6.0 -0.20787265       1.09138072  0.40780994  3.57104707  1.09283155  0.04480337
  354     O   6.0 -0.26618496       1.09876764  0.41767374  3.58498216  1.12026328  0.04449815
  355     O   6.0 -0.28269716       1.09432745  0.42305633  3.59222901  1.12821579  0.04486858
  356     O   6.0 -0.22638342       1.09344435  0.41103926  3.58751011  1.08753118  0.04685852
  357     O   6.0 -0.23110503       1.08832598  0.40469843  3.60245812  1.08897689  0.04664562
  358     O   6.0 -0.20395458       1.08777380  0.40185875  3.58911717  1.07877114  0.04643372
  359     O   6.0 -0.27204688       1.09439230  0.41233304  3.58928025  1.13091502  0.04512627
  360     O   6.0 -0.21598870       1.09306061  0.40558574  3.59046781  1.08040479  0.04646975
  361     O   6.0 -0.27318894       1.08518565  0.41865703  3.61147881  1.11221081  0.04565664
  362     O   6.0 -0.28926807       1.09855330  0.42120051  3.58791065  1.13696793  0.04463567
  363     O   6.0 -0.19403640       1.09315693  0.40411085  3.56588340  1.08624196  0.04464325
  364     O   6.0 -0.20540153       1.09124768  0.40610605  3.57161164  1.09152666  0.04490950
  365     O   6.0 -0.19609820       1.09169018  0.40632045  3.57100570  1.08177388  0.04530798
  366     O   6.0 -0.22538583       1.09506667  0.41247979  3.57841635  1.09285185  0.04657118
  367     O   6.0 -0.21352303       1.09495461  0.40741485  3.57416630  1.09175605  0.04523122
  368     O   6.0 -0.15189227       1.10221601  0.40712473  3.53738916  1.05859244  0.04656993
  369     O   6.0 -0.21244046       1.09227622  0.40543059  3.56274390  1.10494095  0.04704881
  370     O   6.0 -0.25864818       1.09251976  0.42057082  3.59562898  1.10491928  0.04500934
  371     O   6.0 -0.29139330       1.09523940  0.42060372  3.60079777  1.12970522  0.04504718
  372     O   6.0 -0.16896517       1.09481990  0.40031222  3.55647850  1.07198480  0.04536975
  373     O   6.0 -0.29629259       1.08897948  0.41916755  3.62444687  1.11774686  0.04595183
  374     O   6.0 -0.19287097       1.09338164  0.40880439  3.57894194  1.06583372  0.04590928
  375     O   6.0 -0.21907473       1.09243655  0.41891813  3.57920301  1.08348361  0.04503343
  376     O   6.0 -0.20093295       1.09288728  0.40639958  3.57145822  1.08487913  0.04530874
  377     O   6.0 -0.25178104       1.09479773  0.42035007  3.58295715  1.10908780  0.04458829
  378     O   6.0 -0.25279193       1.08724320  0.42012161  3.58189774  1.11877888  0.04475050
  379     O   6.0 -0.20604261       1.09627676  0.40332320  3.57141805  1.08911923  0.04590538
  380     O   6.0 -0.20285451       1.08928478  0.40502679  3.57551050  1.08668688  0.04634556
  381     O   6.0 -0.19250170       1.09384000  0.39740977  3.57434881  1.07920909  0.04769404
  382     O   6.0 -0.30197612       1.09380579  0.42521027  3.60655510  1.13140735  0.04499761
  383     O   6.0 -0.24627906       1.10191405  0.41714567  3.57829499  1.10342136  0.04550299
  384     O   6.0 -0.22434061       1.09587121  0.41129437  3.56427252  1.10838205  0.04452046
  385     O   6.0 -0.14269974       1.09729671  0.39600003  3.54096234  1.06148851  0.04695215
  386     O   6.0 -0.23072128       1.08428490  0.40931809  3.59160960  1.09997919  0.04552950
  387     O   6.0 -0.22174376       1.09134018  0.40690339  3.59336948  1.08485466  0.04527604
  388     O   6.0 -0.25290567       1.08994842  0.42111105  3.58491385  1.11135477  0.04557759
  389     O   6.0 -0.28889811       1.09049547  0.42237768  3.60175180  1.12882519  0.04544798
  390     O   6.0 -0.11061084       1.10395873  0.38900894  3.51828849  1.05175209  0.04760259
  391     O   6.0 -0.17445543       1.09566796  0.41537198  3.54393506  1.07493231  0.04454812
  392     O   6.0 -0.14611924       1.10143232  0.39210021  3.56479633  1.04053783  0.04725254
  393     O   6.0 -0.13259489       1.09940410  0.39511803  3.53421962  1.05694431  0.04690883
  394     O   6.0 -0.23244488       1.09019911  0.41471061  3.58835638  1.09390271  0.04527607
  395     O   6.0 -0.22026609       1.09536767  0.41368943  3.57440746  1.09148937  0.04531215
  396     O   6.0 -0.25173390       1.08457363  0.40745065  3.61858928  1.09513974  0.04598060
  397     O   6.0 -0.19335035       1.09375978  0.40036681  3.58672607  1.06605086  0.04644683
  398     O   6.0 -0.24836090       1.08478355  0.40586984  3.61387038  1.09672239  0.04711473
  399     O   6.0 -0.21568672       1.08767629  0.40622753  3.59756100  1.07816571  0.04605620
  400     O   6.0 -0.18187467       1.09341335  0.40342492  3.56009519  1.07856342  0.04637778
  401     O   6.0 -0.18304933       1.09573257  0.40190434  3.55705190  1.08361885  0.04474167
  402     O   6.0 -0.18829334       1.09512556  0.40430024  3.54929960  1.09441841  0.04514954
  403     O   6.0 -0.22442809       1.08662677  0.40639964  3.58462846  1.10110545  0.04566777
  404     O   6.0 -0.22029349       1.09485269  0.40346268  3.57309222  1.10274589  0.04614001
  405     O   6.0 -0.18838042       1.09445918  0.39843094  3.57897568  1.06829047  0.04822415
  406     O   6.0 -0.26946417       1.09199369  0.41937739  3.59947681  1.11343202  0.04518426
  407     O   6.0 -0.22646168       1.09110713  0.40837649  3.59673536  1.08516157  0.04508114
  408     O   6.0 -0.15934866       1.09798729  0.39606217  3.56489432  1.05457669  0.04582818
  409     O   6.0 -0.22626173       1.08927643  0.40910110  3.57003653  1.11338913  0.04445853
  410     O   6.0 -0.20440866       1.08778453  0.40311742  3.59083354  1.07665196  0.04602120
  411     O   6.0 -0.28523321       1.09442890  0.42103648  3.59181082  1.13299847  0.04495854
  412     O   6.0 -0.20884624       1.08944964  0.40245476  3.58693862  1.08284107  0.04716214
  413     O   6.0 -0.30618293       1.09481668  0.43387169  3.59138143  1.14201722  0.04409592
  414     O   6.0 -0.16715222       1.09557211  0.40351963  3.55472767  1.06791550  0.04541730
  415     O   6.0 -0.26331929       1.09367025  0.41887817  3.58846259  1.11814058  0.04416770
  416     O   6.0 -0.18896501       1.09460783  0.40359437  3.55171597  1.09385154  0.04519530
  417     O   6.0 -0.20369136       1.09431994  0.40795094  3.56862271  1.08730394  0.04549384
  418     O   6.0 -0.20229201       1.09655643  0.40518329  3.56885457  1.08714697  0.04455076
  419     O   6.0 -0.24953230       1.09441781  0.41933393  3.57719409  1.11385322  0.04473325
  420     O   6.0 -0.20383101       1.09388924  0.40934440  3.57380664  1.08080694  0.04598379
  421     O   6.0 -0.17385454       1.09972751  0.39960888  3.55430174  1.07489359  0.04532281
  422     O   6.0 -0.15296183       1.09809339  0.39208797  3.56214154  1.05258036  0.04805858
  423     O   6.0 -0.25655790       1.09057009  0.41273895  3.58699870  1.12148690  0.04476325
  424     O   6.0 -0.19714493       1.09961772  0.40508988  3.57173812  1.07590356  0.04479563
  425     O   6.0 -0.27224769       1.08781314  0.42343095  3.59243190  1.12357327  0.04499843
  426     O   6.0 -0.22076870       1.08123994  0.40649465  3.58908820  1.09820339  0.04574252
  427     O   6.0 -0.25528520       1.09265375  0.41967347  3.59014940  1.10790393  0.04490465
  428     O   6.0 -0.24880177       1.08002317  0.40860748  3.61015129  1.10381138  0.04620844
  429     O   6.0 -0.23033673       1.09354734  0.41930857  3.57616639  1.09641308  0.04490135
  430     O   6.0 -0.22003300       1.09134007  0.40935999  3.58669269  1.08738819  0.04525206
  431     O   6.0 -0.21779868       1.08870661  0.40668586  3.58661962  1.09080136  0.04498523
  432     O   6.0 -0.22018918       1.09477818  0.41422641  3.57659924  1.08991373  0.04467162
  433     O   6.0 -0.09914847       1.10111022  0.38388726  3.53967452  1.02506909  0.04940738
  434     O   6.0 -0.27625917       1.08887088  0.42130172  3.59194946  1.12870210  0.04543500
  435     O   6.0 -0.26235839       1.09298813  0.41437387  3.59039283  1.11978605  0.04481750
  436     O   6.0 -0.26198959       1.08709025  0.41288710  3.59372008  1.12254760  0.04574456
  437     O   6.0 -0.13777839       1.09160829  0.38964576  3.54896772  1.05782849  0.04972814
  438     O   6.0 -0.25464677       1.10023475  0.41928762  3.57766283  1.11288840  0.04457318
  439     O   6.0 -0.19915871       1.09623384  0.41295135  3.56445563  1.08103266  0.04448522
  440     O   6.0 -0.29313536       1.09636748  0.42715314  3.58538997  1.13981286  0.04441192
  441     O   6.0 -0.19428050       1.09021199  0.40292835  3.57900882  1.07660103  0.04553031
  442     O   6.0 -0.22948106       1.09255302  0.41987953  3.57089245  1.10198244  0.04417361
  443     O   6.0 -0.26972851       1.09113967  0.41730198  3.59883654  1.11717105  0.04527926
  444     O   6.0 -0.20353051       1.09502757  0.40937692  3.55870235  1.09551302  0.04491065
  445     O   6.0 -0.25114449       1.08869636  0.41381255  3.59102082  1.11268100  0.04493376
  446     O   6.0 -0.26307693       1.09212494  0.41861433  3.60386372  1.10359219  0.04488176
  447     O   6.0 -0.19211537       1.09758174  0.41039723  3.54684794  1.09153005  0.04575840
  448     O   6.0 -0.19714732       1.09448957  0.41927320  3.56105995  1.07823002  0.04409457
  449     O   6.0 -0.23318399       1.09227610  0.40862015  3.59463513  1.09176496  0.04588766
  450     O   6.0 -0.21908627       1.08684480  0.40831172  3.58969378  1.08858821  0.04564775
  451     O   6.0 -0.20370879       1.09570229  0.40080911  3.58246040  1.07940108  0.04533591
  452     O   6.0 -0.15054994       1.10514486  0.39297721  3.54337335  1.06197792  0.04707661
  453     O   6.0 -0.22190413       1.08158576  0.40705690  3.59272408  1.09492871  0.04560867
  454     O   6.0 -0.22160036       1.08801377  0.40776825  3.59004509  1.08907902  0.04669422
  455     O   6.0 -0.17266974       1.09371030  0.40512565  3.55870962  1.07028183  0.04484233
  456     O   6.0 -0.22536184       1.09450924  0.42393202  3.56484365  1.09768879  0.04438813
  457     O   6.0 -0.15833072       1.09053516  0.40162313  3.55629206  1.06378105  0.04609931
  458     O   6.0 -0.27895980       1.09155166  0.42034775  3.59280241  1.12884432  0.04541366
  459     O   6.0 -0.12926787       1.10307741  0.39150667  3.53861618  1.04848215  0.04758546
  460     O   6.0 -0.25229313       1.08858705  0.42077833  3.58362448  1.11461401  0.04468926
  461     O   6.0 -0.19679192       1.09595227  0.41094884  3.55720699  1.08726519  0.04541862
  462     O   6.0 -0.22900588       1.09028637  0.40936539  3.57637548  1.10781845  0.04516018
  463     O   6.0 -0.25406937       1.09570539  0.42701146  3.57600212  1.11085224  0.04449815
  464     O   6.0 -0.21210088       1.08724809  0.40378422  3.58131641  1.09361434  0.04613783
  465     O   6.0 -0.17977320       1.09847486  0.39848009  3.55730224  1.08017746  0.04533856
  466     O   6.0 -0.23543257       1.09272814  0.40995911  3.57843971  1.10998887  0.04431675
  467     O   6.0 -0.20968206       1.08598542  0.40673876  3.57551014  1.09537736  0.04607038
  468     O   6.0 -0.20251230       1.08895457  0.40451649  3.57547224  1.08620790  0.04736111
  469     O   6.0 -0.17732387       1.09340107  0.40194157  3.57385135  1.06164011  0.04648977
  470     O   6.0 -0.14458073       1.09370613  0.39609152  3.54992533  1.05749750  0.04736025
  471     O   6.0 -0.22031672       1.08814490  0.40785667  3.57516038  1.10377753  0.04537724
  472     O   6.0 -0.18815493       1.09253967  0.40507486  3.55924928  1.08531827  0.04597285
  473     O   6.0 -0.20294489       1.08858061  0.40473691  3.56779474  1.09639183  0.04544081
  474     O   6.0 -0.23750801       1.09530604  0.40908432  3.57774234  1.11048663  0.04488869
  475     O   6.0 -0.18744785       1.09791446  0.41080454  3.55903089  1.07545370  0.04424426
  476     O   6.0 -0.20798213       1.08938742  0.40217194  3.59262931  1.07608879  0.04770468
  477     O   6.0 -0.12073199       1.09755898  0.39035812  3.53965294  1.04582381  0.04733813
  478     O   6.0 -0.20317872       1.09392154  0.40544230  3.57217276  1.08543324  0.04620887
  479     O   6.0 -0.26997290       1.09547460  0.42093498  3.59477055  1.11451226  0.04428051
  480     O   6.0 -0.24086383       1.09315073  0.41337913  3.58160949  1.10686511  0.04585936
  481     O   6.0 -0.22390663       1.09268951  0.40843323  3.57987928  1.09780651  0.04509809
  482     O   6.0 -0.14465944       1.10039520  0.39794561  3.53445888  1.06611913  0.04574061
  483     O   6.0 -0.13712549       1.09456766  0.39286903  3.55659378  1.04537052  0.04772451
  484     O   6.0 -0.27458453       1.09392905  0.42854792  3.58648312  1.12175074  0.04387370
  485     O   6.0 -0.21330181       1.09238291  0.41741800  3.57103419  1.08827671  0.04418999
  486     O   6.0 -0.18353637       1.09390640  0.39928824  3.57618415  1.06770593  0.04645165
  487     O   6.0 -0.23238565       1.09247363  0.41149709  3.59492517  1.08871222  0.04477756
  488     O   6.0 -0.25246787       1.09139144  0.42174014  3.57992470  1.11513752  0.04427406
  489     O   6.0 -0.21203541       1.09888291  0.40605450  3.56983364  1.09269994  0.04456442
  490     O   6.0 -0.22215417       1.09939182  0.41516641  3.56093025  1.10173154  0.04493415
  491     O   6.0 -0.28093822       1.08990705  0.41853788  3.60586298  1.12116820  0.04546211
  492     O   6.0 -0.16150321       1.10017431  0.39989245  3.55019963  1.06521568  0.04602115
  493     O   6.0 -0.21303416       1.09202290  0.40429151  3.59067535  1.07856655  0.04747785
  494     O   6.0 -0.29243793       1.09428799  0.42110771  3.60178697  1.13031235  0.04494290
  495     O   6.0 -0.15183733       1.09909022  0.39683640  3.54057980  1.07000721  0.04532371
  496     O   6.0 -0.21199157       1.09248245  0.40561354  3.57541835  1.09331930  0.04515793
  497     O   6.0 -0.19625058       1.09716129  0.39951709  3.58291411  1.07021818  0.04643991
  498     O   6.0 -0.15311353       1.09504128  0.39666098  3.54919350  1.06581640  0.04640137
  499     O   6.0 -0.26433681       1.09599721  0.42044368  3.58889747  1.11462229  0.04437615
  500     O   6.0 -0.16383406       1.09536862  0.39652771  3.55983114  1.06604123  0.04606536
  501     O   6.0 -0.28455952       1.09463179  0.42052802  3.58815002  1.13653138  0.04471830
  502     O   6.0 -0.30132566       1.09365928  0.42917502  3.59845889  1.13525221  0.04478026
  503     O   6.0 -0.22367902       1.09262824  0.40639672  3.57521629  1.10420594  0.04523183
  504     O   6.0 -0.19139693       1.09697104  0.41204005  3.56451404  1.07326755  0.04460425
  505     O   6.0 -0.25608862       1.09355509  0.42056215  3.58518803  1.11175758  0.04502577
  506     O   6.0 -0.24827330       1.09400594  0.41015962  3.59376562  1.10393745  0.04640468
  507     O   6.0 -0.25702031       1.09786224  0.41881102  3.57828331  1.11560839  0.04645534
  508     O   6.0 -0.22732452       1.08795416  0.40671539  3.60308456  1.08351958  0.04605083
  509     O   6.0 -0.23765834       1.09673703  0.40943307  3.59545577  1.09007484  0.04595765
  510     O   6.0 -0.23632366       1.09498048  0.42250761  3.57286537  1.10204232  0.04392788
  511     O   6.0 -0.21707141       1.08829188  0.40839264  3.58719981  1.08805561  0.04513147
  512     O   6.0 -0.27089977       1.08876812  0.42107093  3.60441649  1.11118224  0.04546198
  513     H   1.0  0.06876310       0.52819633  0.09994598  0.30309458
  514     H   1.0  0.12894207       0.52830607  0.10211099  0.24064087
  515     H   1.0  0.08306537       0.52278948  0.09879185  0.29535330
  516     H   1.0  0.07524223       0.52471447  0.10039914  0.29964416
  517     H   1.0  0.09697863       0.53141224  0.10061588  0.27099325
  518     H   1.0  0.09570387       0.52756125  0.10100456  0.27573032
  519     H   1.0  0.05871858       0.52660507  0.10344106  0.31123529
  520     H   1.0  0.11309797       0.53020394  0.11003423  0.24666385
  521     H   1.0  0.08008078       0.52447766  0.09777450  0.29766706
  522     H   1.0  0.08622792       0.52057254  0.09469376  0.29850578
  523     H   1.0  0.16162506       0.52307659  0.08935717  0.22594117
  524     H   1.0  0.15766336       0.52690554  0.08769731  0.22773379
  525     H   1.0  0.16225374       0.52302867  0.09037033  0.22434725
  526     H   1.0  0.10841911       0.52542335  0.09123468  0.27492286
  527     H   1.0  0.12631899       0.52553123  0.10243170  0.24571808
  528     H   1.0  0.07687598       0.52415955  0.09875308  0.30021138
  529     H   1.0  0.09351124       0.52877325  0.10103900  0.27667651
  530     H   1.0  0.05089705       0.52753186  0.09946288  0.32210820
  531     H   1.0  0.13861575       0.52976912  0.10073483  0.23088030
  532     H   1.0  0.07107498       0.52620590  0.10079507  0.30192405
  533     H   1.0  0.14390323       0.52690125  0.09700670  0.23218882
  534     H   1.0  0.11391828       0.52632344  0.10376059  0.25599770
  535     H   1.0  0.06813448       0.52702343  0.09758289  0.30725920
  536     H   1.0  0.12321420       0.53173906  0.09919405  0.24585269
  537     H   1.0  0.14170236       0.52999300  0.09371314  0.23459150
  538     H   1.0  0.14530824       0.52853733  0.09248637  0.23366806
  539     H   1.0  0.11260851       0.53107077  0.09765263  0.25866809
  540     H   1.0  0.07994907       0.53022975  0.09745267  0.29236852
  541     H   1.0  0.15538528       0.52506810  0.09288283  0.22666378
  542     H   1.0  0.08658610       0.52704293  0.09644537  0.28992561
  543     H   1.0  0.13858875       0.53138906  0.09395724  0.23606496
  544     H   1.0  0.12761915       0.53490067  0.09697026  0.24050993
  545     H   1.0  0.13198578       0.53310686  0.09810518  0.23680218
  546     H   1.0  0.13368632       0.52990967  0.10268482  0.23371919
  547     H   1.0  0.12104358       0.53201753  0.10220665  0.24473225
  548     H   1.0  0.12436096       0.53109998  0.10117340  0.24336566
  549     H   1.0  0.13903101       0.53002602  0.09616884  0.23477413
  550     H   1.0  0.08952486       0.52912009  0.09985696  0.28149810
  551     H   1.0  0.07821476       0.52315557  0.09904522  0.29958445
  552     H   1.0  0.11821149       0.52487808  0.09997691  0.25693351
  553     H   1.0  0.04693340       0.52708924  0.08927529  0.33670208
  554     H   1.0  0.13695679       0.53093964  0.08742522  0.24467836
  555     H   1.0  0.11310719       0.53094232  0.09916562  0.25678487
  556     H   1.0  0.09676008       0.53156728  0.09798983  0.27368282
  557     H   1.0  0.09166382       0.52938902  0.09572430  0.28322286
  558     H   1.0  0.08810943       0.52556521  0.10070838  0.28561698
  559     H   1.0  0.11396431       0.53052932  0.10159773  0.25390864
  560     H   1.0  0.12888759       0.53089339  0.10523707  0.23498195
  561     H   1.0  0.09567820       0.52310592  0.09616476  0.28505112
  562     H   1.0  0.07025218       0.51954222  0.09494684  0.31525876
  563     H   1.0  0.15145297       0.52394426  0.09679996  0.22780281
  564     H   1.0  0.10092039       0.53191543  0.09627843  0.27088576
  565     H   1.0  0.05803652       0.52224207  0.10083964  0.31888177
  566     H   1.0  0.11804806       0.52371043  0.10142702  0.25681449
  567     H   1.0  0.13475444       0.52874523  0.10379004  0.23271029
  568     H   1.0  0.11367994       0.53058124  0.10009734  0.25564148
  569     H   1.0  0.07822631       0.52799982  0.09383294  0.29994093
  570     H   1.0  0.11070323       0.52687299  0.09624145  0.26618233
  571     H   1.0  0.02861264       0.52338600  0.10045216  0.34754920
  572     H   1.0  0.09305292       0.52472764  0.10475736  0.27746207
  573     H   1.0  0.06437694       0.52665287  0.09793320  0.31103699
  574     H   1.0  0.13852144       0.52821493  0.10207520  0.23118842
  575     H   1.0  0.12254453       0.52434641  0.10042376  0.25268530
  576     H   1.0  0.09381566       0.52072513  0.09950145  0.28595776
  577     H   1.0  0.13984404       0.52998817  0.09321650  0.23695129
  578     H   1.0  0.06075078       0.53094715  0.09878420  0.30951788
  579     H   1.0  0.14183068       0.53197491  0.09210256  0.23409185
  580     H   1.0  0.14301120       0.53266019  0.09031618  0.23401243
  581     H   1.0  0.08729966       0.53327501  0.09322973  0.28619560
  582     H   1.0  0.05169658       0.52758569  0.09728280  0.32343493
  583     H   1.0  0.07055046       0.52652609  0.09577572  0.30714773
  584     H   1.0  0.15251219       0.52724552  0.09035429  0.22988800
  585     H   1.0  0.06480333       0.52573299  0.10245786  0.30700582
  586     H   1.0  0.11260091       0.52625406  0.10173956  0.25940548
  587     H   1.0  0.15324296       0.52687526  0.09107359  0.22880818
  588     H   1.0  0.15909814       0.52484196  0.08844598  0.22761391
  589     H   1.0  0.13135050       0.52871835  0.10441911  0.23551204
  590     H   1.0  0.12243615       0.52949995  0.10481120  0.24325270
  591     H   1.0  0.09957913       0.52735358  0.10022743  0.27283986
  592     H   1.0  0.12160457       0.52875721  0.10185214  0.24778608
  593     H   1.0  0.12024405       0.53065532  0.09605832  0.25304230
  594     H   1.0  0.13196452       0.52519178  0.10283998  0.24000371
  595     H   1.0  0.07239807       0.52919996  0.09572026  0.30268171
  596     H   1.0  0.10022833       0.53218251  0.09799744  0.26959171
  597     H   1.0  0.02496522       0.52696300  0.10073489  0.34733690
  598     H   1.0  0.11718003       0.53166831  0.10109860  0.25005307
  599     H   1.0  0.11875571       0.52710503  0.10537840  0.24876086
  600     H   1.0  0.13777117       0.52949083  0.09795023  0.23478777
  601     H   1.0  0.10289788       0.53211194  0.09078272  0.27420746
  602     H   1.0  0.14966463       0.53120005  0.08329090  0.23584441
  603     H   1.0  0.12986093       0.52887458  0.10273386  0.23853064
  604     H   1.0  0.10621216       0.52411592  0.10016543  0.26950648
  605     H   1.0  0.14461149       0.53343886  0.08570085  0.23624880
  606     H   1.0  0.14030211       0.53267193  0.09192634  0.23509962
  607     H   1.0  0.15902420       0.52362400  0.08978477  0.22756703
  608     H   1.0  0.13507078       0.52522284  0.09433576  0.24537063
  609     H   1.0  0.15597858       0.52633810  0.08783197  0.22985136
  610     H   1.0  0.15182510       0.52801085  0.09277774  0.22738631
  611     H   1.0  0.12128681       0.52933121  0.09893689  0.25044510
  612     H   1.0  0.10042472       0.52897465  0.09761717  0.27298346
  613     H   1.0  0.13322190       0.53007257  0.10209811  0.23460742
  614     H   1.0  0.07943595       0.52927732  0.10163936  0.28964736
  615     H   1.0  0.15436392       0.52889574  0.08471300  0.23202734
  616     H   1.0  0.15514347       0.52680314  0.08823284  0.22982056
  617     H   1.0  0.08129909       0.53106481  0.09726183  0.29037427
  618     H   1.0  0.08884439       0.52796394  0.09850042  0.28469126
  619     H   1.0  0.11295225       0.53322512  0.10530878  0.24851385
  620     H   1.0  0.06563893       0.53130585  0.10130693  0.30174829
  621     H   1.0  0.12928942       0.53035706  0.09559783  0.24475569
  622     H   1.0  0.14135605       0.52638668  0.10146112  0.23079615
  623     H   1.0  0.14722198       0.52184492  0.10088971  0.23004339
  624     H   1.0  0.04531692       0.52097476  0.09543005  0.33827827
  625     H   1.0  0.08745392       0.52299058  0.09712841  0.29242709
  626     H   1.0  0.14987954       0.52349955  0.09877644  0.22784446
  627     H   1.0  0.14805336       0.53056121  0.08639272  0.23499272
  628     H   1.0  0.11240703       0.53070664  0.09298312  0.26390320
  629     H   1.0  0.07921042       0.52484643  0.09818639  0.29775676
  630     H   1.0  0.14809627       0.52210784  0.10081866  0.22897723
  631     H   1.0  0.04665468       0.52884781  0.09735756  0.32713994
  632     H   1.0  0.08638740       0.53241426  0.09818222  0.28301613
  633     H   1.0  0.09847295       0.52590984  0.10155609  0.27406111
  634     H   1.0  0.10056728       0.52736408  0.10251135  0.26955729
  635     H   1.0  0.11871414       0.53263938  0.10255287  0.24609361
  636     H   1.0  0.08051226       0.53214800  0.10347295  0.28386679
  637     H   1.0  0.12404179       0.52912211  0.10000780  0.24682830
  638     H   1.0  0.13515700       0.52827567  0.10077627  0.23579106
  639     H   1.0  0.08388083       0.52465135  0.10216964  0.28929818
  640     H   1.0  0.11341254       0.52618158  0.10525317  0.25515271
  641     H   1.0  0.13846704       0.53419220  0.08938283  0.23795793
  642     H   1.0  0.06207597       0.53108698  0.09444888  0.31238817
  643     H   1.0  0.10364368       0.52581984  0.09825805  0.27227844
  644     H   1.0  0.15335426       0.52563429  0.09335242  0.22765903
  645     H   1.0  0.11531560       0.53375459  0.10917149  0.24175831
  646     H   1.0  0.13443585       0.53221661  0.09915345  0.23419409
  647     H   1.0  0.05934190       0.52527606  0.10346068  0.31192136
  648     H   1.0  0.10163260       0.52830851  0.10365570  0.26640319
  649     H   1.0  0.15375810       0.52491450  0.09091469  0.23041271
  650     H   1.0  0.08793033       0.52795339  0.09500796  0.28910832
  651     H   1.0  0.13050097       0.52244061  0.10632136  0.24073705
  652     H   1.0  0.11598320       0.51865447  0.10265613  0.26270620
  653     H   1.0  0.04234045       0.52844173  0.09251899  0.33669884
  654     H   1.0  0.13873018       0.52936518  0.09558870  0.23631594
  655     H   1.0  0.14027759       0.52922666  0.09980948  0.23068627
  656     H   1.0  0.08906499       0.52668369  0.09951370  0.28473762
  657     H   1.0  0.10407253       0.53034562  0.09702595  0.26855591
  658     H   1.0  0.14339596       0.53078586  0.09019171  0.23562647
  659     H   1.0  0.11524005       0.53128642  0.10071450  0.25275903
  660     H   1.0  0.13535649       0.52466661  0.10480092  0.23517598
  661     H   1.0  0.09509916       0.53178740  0.09071563  0.28239781
  662     H   1.0  0.14588549       0.53045088  0.08934652  0.23431711
  663     H   1.0  0.05295609       0.52804160  0.10140630  0.31759601
  664     H   1.0  0.06617172       0.53086007  0.10159440  0.30137381
  665     H   1.0  0.11604402       0.52754277  0.10088135  0.25553185
  666     H   1.0  0.11450956       0.53042483  0.09793348  0.25713213
  667     H   1.0  0.12508779       0.52994353  0.10596284  0.23900585
  668     H   1.0  0.08335407       0.52538943  0.10410600  0.28715049
  669     H   1.0  0.14251122       0.53212667  0.09018996  0.23517215
  670     H   1.0  0.14451756       0.53179896  0.08817445  0.23550904
  671     H   1.0  0.11392992       0.52600485  0.10311282  0.25695240
  672     H   1.0  0.09081466       0.52276701  0.09963094  0.28678738
  673     H   1.0  0.13854273       0.52862835  0.10049063  0.23233829
  674     H   1.0  0.12580927       0.53238475  0.09374455  0.24806143
  675     H   1.0  0.08534759       0.52534521  0.09161656  0.29769065
  676     H   1.0  0.11847286       0.52628726  0.09603164  0.25920825
  677     H   1.0  0.14363174       0.52592009  0.09934743  0.23110074
  678     H   1.0  0.06888624       0.52885109  0.09608414  0.30617853
  679     H   1.0  0.14645264       0.53492808  0.08217228  0.23644699
  680     H   1.0  0.14820887       0.53167903  0.08540826  0.23470384
  681     H   1.0  0.06963333       0.52701908  0.10138538  0.30196220
  682     H   1.0  0.10497551       0.52845275  0.09829229  0.26827945
  683     H   1.0  0.07071777       0.52582067  0.10128789  0.30217366
  684     H   1.0  0.06675103       0.52957094  0.10227031  0.30140772
  685     H   1.0  0.13137161       0.53113014  0.10253181  0.23496645
  686     H   1.0  0.12956146       0.53072453  0.10571477  0.23399924
  687     H   1.0  0.10309732       0.52775872  0.10051335  0.26863061
  688     H   1.0  0.10997891       0.53381431  0.10112596  0.25508082
  689     H   1.0  0.14477312       0.53002822  0.09137060  0.23382806
  690     H   1.0  0.14625437       0.53216177  0.08664618  0.23493768
  691     H   1.0  0.09011451       0.53148156  0.10231364  0.27609029
  692     H   1.0  0.11152869       0.53184670  0.10383868  0.25278592
  693     H   1.0  0.03641751       0.52300203  0.09936260  0.34121786
  694     H   1.0  0.10453401       0.52574599  0.10166921  0.26805080
  695     H   1.0  0.11729892       0.53027773  0.10550867  0.24691468
  696     H   1.0  0.08442816       0.52830535  0.10268693  0.28457956
  697     H   1.0  0.12911226       0.52861339  0.10215783  0.24011652
  698     H   1.0  0.13531057       0.52809185  0.10136053  0.23523705
  699     H   1.0  0.11035260       0.52761179  0.09727392  0.26476169
  700     H   1.0  0.12118198       0.52845556  0.10596348  0.24439899
  701     H   1.0  0.14132781       0.53278041  0.09175677  0.23413501
  702     H   1.0  0.10736807       0.53166276  0.09348190  0.26748727
  703     H   1.0  0.09919330       0.52642858  0.10235690  0.27202122
  704     H   1.0  0.10002327       0.52653199  0.10063800  0.27280673
  705     H   1.0  0.06247439       0.53059852  0.09392105  0.31300604
  706     H   1.0  0.11430454       0.52806437  0.09850319  0.25912791
  707     H   1.0  0.11859417       0.53426427  0.10350835  0.24363322
  708     H   1.0  0.12713385       0.53314543  0.10293891  0.23678182
  709     H   1.0  0.09411646       0.53191209  0.09418129  0.27979016
  710     H   1.0  0.08140913       0.52943808  0.09602208  0.29313071
  711     H   1.0  0.07141512       0.52774137  0.10005938  0.30078413
  712     H   1.0  0.12320428       0.53481632  0.10246992  0.23950947
  713     H   1.0  0.10143045       0.52913600  0.10083675  0.26859681
  714     H   1.0  0.11520217       0.53031951  0.09974290  0.25473543
  715     H   1.0  0.11989586       0.52910268  0.09595662  0.25504484
  716     H   1.0  0.11025878       0.53161126  0.09499390  0.26313605
  717     H   1.0  0.09045859       0.53015488  0.10026768  0.27911884
  718     H   1.0  0.12067577       0.53466243  0.10782947  0.23683234
  719     H   1.0  0.12967256       0.52839512  0.09698774  0.24494458
  720     H   1.0  0.14722595       0.52826130  0.09138131  0.23313144
  721     H   1.0  0.07843598       0.52953160  0.10250404  0.28952839
  722     H   1.0  0.10842720       0.53013885  0.10329751  0.25813644
  723     H   1.0  0.15275137       0.52655613  0.09123156  0.22946093
  724     H   1.0  0.13102286       0.52856261  0.09046341  0.24995112
  725     H   1.0  0.11405590       0.52571762  0.10569526  0.25453123
  726     H   1.0  0.11762837       0.52558798  0.11022637  0.24655728
  727     H   1.0  0.11567768       0.53057927  0.10458193  0.24916112
  728     H   1.0  0.05849263       0.52480662  0.10132041  0.31538034
  729     H   1.0  0.08677295       0.53233135  0.09226468  0.28863102
  730     H   1.0  0.11018427       0.52906728  0.09361709  0.26713136
  731     H   1.0  0.14886505       0.53194320  0.08513501  0.23405673
  732     H   1.0  0.14759741       0.53157383  0.08685412  0.23397464
  733     H   1.0  0.14506710       0.53340667  0.08551336  0.23601286
  734     H   1.0  0.14441799       0.53254628  0.09028568  0.23275004
  735     H   1.0  0.15248607       0.52739424  0.08961394  0.23050575
  736     H   1.0  0.14398991       0.52791691  0.09204983  0.23604335
  737     H   1.0  0.07863841       0.52574211  0.09804142  0.29757805
  738     H   1.0  0.06598612       0.52596837  0.09701853  0.31102698
  739     H   1.0  0.15281015       0.52612108  0.09436592  0.22670285
  740     H   1.0  0.08836703       0.52696699  0.09764564  0.28702034
  741     H   1.0  0.13332158       0.52052653  0.10294609  0.24320581
  742     H   1.0  0.10731065       0.52479446  0.10424366  0.26365123
  743     H   1.0  0.10626092       0.52405131  0.10025800  0.26942977
  744     H   1.0  0.10443307       0.52723950  0.09990375  0.26842368
  745     H   1.0  0.15095217       0.52820265  0.08760460  0.23324058
  746     H   1.0  0.06652362       0.52759898  0.09041433  0.31546307
  747     H   1.0  0.07446516       0.53005153  0.09312987  0.30235344
  748     H   1.0  0.11298786       0.52685624  0.09517081  0.26498508
  749     H   1.0  0.11987957       0.53036356  0.09663563  0.25312123
  750     H   1.0  0.03423928       0.52741784  0.09260009  0.34574279
  751     H   1.0  0.12647843       0.53220403  0.10273320  0.23858433
  752     H   1.0  0.08601077       0.53201878  0.09958136  0.28238909
  753     H   1.0  0.08737425       0.52591693  0.09703525  0.28967357
  754     H   1.0  0.14771077       0.52577668  0.09431150  0.23220104
  755     H   1.0  0.13553347       0.53275353  0.09452807  0.23718493
  756     H   1.0  0.08090416       0.53342783  0.09966049  0.28600752
  757     H   1.0  0.12742309       0.52736229  0.10803703  0.23717760
  758     H   1.0  0.08918343       0.52740282  0.10374105  0.27967270
  759     H   1.0  0.10795704       0.52598274  0.09940505  0.26665517
  760     H   1.0  0.14617054       0.52633321  0.09467472  0.23282152
  761     H   1.0  0.15112532       0.52955818  0.08918685  0.23012965
  762     H   1.0  0.14154079       0.53042501  0.09336367  0.23467053
  763     H   1.0  0.12471581       0.53519642  0.10334839  0.23673937
  764     H   1.0  0.07325323       0.53024000  0.09829183  0.29821494
  765     H   1.0  0.06234456       0.52602649  0.09798475  0.31364420
  766     H   1.0  0.09752337       0.52572054  0.09854794  0.27820816
  767     H   1.0  0.13823723       0.53366542  0.09415538  0.23394198
  768     H   1.0  0.13703246       0.53358090  0.09551949  0.23386715
  769     H   1.0  0.08789128       0.52856171  0.10421258  0.27933443
  770     H   1.0  0.13990338       0.52886218  0.10080042  0.23043402
  771     H   1.0  0.11916186       0.53129226  0.08967353  0.25987235
  772     H   1.0  0.07846340       0.52970403  0.08698545  0.30484712
  773     H   1.0  0.13030805       0.53115410  0.10217866  0.23635920
  774     H   1.0  0.05081633       0.52949369  0.10095735  0.31873263
  775     H   1.0  0.04897705       0.53041935  0.08993571  0.33066789
  776     H   1.0  0.14126350       0.53214192  0.08926369  0.23733089
  777     H   1.0  0.10736809       0.52851498  0.09727221  0.26684472
  778     H   1.0  0.08388627       0.52968711  0.09275199  0.29367464
  779     H   1.0  0.15854723       0.52805161  0.08703855  0.22636260
  780     H   1.0  0.15186449       0.52990752  0.08529155  0.23293644
  781     H   1.0  0.08265042       0.52790087  0.10576796  0.28368074
  782     H   1.0  0.14230005       0.52536613  0.09995715  0.23237667
  783     H   1.0  0.14926940       0.52845871  0.08969640  0.23257549
  784     H   1.0  0.06603900       0.53082615  0.09419152  0.30894333
  785     H   1.0  0.06903302       0.52588284  0.10370905  0.30137509
  786     H   1.0  0.13325103       0.52985561  0.10735976  0.22953360
  787     H   1.0  0.08805973       0.53352630  0.10247979  0.27593417
  788     H   1.0  0.06575210       0.53292459  0.10040246  0.30092085
  789     H   1.0  0.14283738       0.52771330  0.09332553  0.23612379
  790     H   1.0  0.07762200       0.52752614  0.09888986  0.29596201
  791     H   1.0  0.09672728       0.52981186  0.09611226  0.27734860
  792     H   1.0  0.13701143       0.53043473  0.09100118  0.24155266
  793     H   1.0  0.07767189       0.53155714  0.09494268  0.29582829
  794     H   1.0  0.14429753       0.52868253  0.09335833  0.23366161
  795     H   1.0  0.10141322       0.52640045  0.09871060  0.27347573
  796     H   1.0  0.05596131       0.52569163  0.10371000  0.31463706
  797     H   1.0  0.04670438       0.52861857  0.10206802  0.32260902
  798     H   1.0  0.09105133       0.53040045  0.10094260  0.27760562
  799     H   1.0  0.12856549       0.53030431  0.10293460  0.23819560
  800     H   1.0  0.13839896       0.53219181  0.09437297  0.23503626
  801     H   1.0  0.14657575       0.52789479  0.09326055  0.23226891
  802     H   1.0  0.14402857       0.52610964  0.09939728  0.23046452
  803     H   1.0  0.06424312       0.51750904  0.10283162  0.31541622
  804     H   1.0  0.02638966       0.51756650  0.09991047  0.35613337
  805     H   1.0  0.10817718       0.53027421  0.10044844  0.26110017
  806     H   1.0  0.06759508       0.52534890  0.09963265  0.30742336
  807     H   1.0  0.14709191       0.52808118  0.09483439  0.22999251
  808     H   1.0  0.13975422       0.52798343  0.09486632  0.23739603
  809     H   1.0  0.15742037       0.52536476  0.09002074  0.22719414
  810     H   1.0  0.14416087       0.52300388  0.09611915  0.23671610
  811     H   1.0  0.14716992       0.52289647  0.10291731  0.22701631
  812     H   1.0  0.14437898       0.52166331  0.10232404  0.23163368
  813     H   1.0  0.15182960       0.53122437  0.08362155  0.23332448
  814     H   1.0  0.15151681       0.53284281  0.08033716  0.23530321
  815     H   1.0  0.11241442       0.53082836  0.10248628  0.25427095
  816     H   1.0  0.08189130       0.52967435  0.09977479  0.28865957
  817     H   1.0  0.08812475       0.53042775  0.10048015  0.28096734
  818     H   1.0  0.14164631       0.52923846  0.09616889  0.23294634
  819     H   1.0  0.12321150       0.52805084  0.09811691  0.25062075
  820     H   1.0  0.11834434       0.52573067  0.09890679  0.25701820
  821     H   1.0  0.13446595       0.53198397  0.09595213  0.23759795
  822     H   1.0  0.14109069       0.53256142  0.09207561  0.23427228
  823     H   1.0  0.12888522       0.52976459  0.10554953  0.23580066
  824     H   1.0  0.12059818       0.53046340  0.10258870  0.24634972
  825     H   1.0  0.06139880       0.52540904  0.09521182  0.31798034
  826     H   1.0  0.05815452       0.52181524  0.09766936  0.32236089
  827     H   1.0  0.12697803       0.52913541  0.10003009  0.24385647
  828     H   1.0  0.09229848       0.52788579  0.10193471  0.27788102
  829     H   1.0  0.11581453       0.52913421  0.09751200  0.25753926
  830     H   1.0  0.14023360       0.53211778  0.09238314  0.23526547
  831     H   1.0  0.05383016       0.52895617  0.10253769  0.31467597
  832     H   1.0  0.12591085       0.53257662  0.10732272  0.23418982
  833     H   1.0  0.12491725       0.53487164  0.09733338  0.24287774
  834     H   1.0  0.07464609       0.53191620  0.09986908  0.29356863
  835     H   1.0  0.05923269       0.52501196  0.09834442  0.31741093
  836     H   1.0  0.14055181       0.52874511  0.09939378  0.23130930
  837     H   1.0  0.04715078       0.52690774  0.09531073  0.33063074
  838     H   1.0  0.13916534       0.52937436  0.09726866  0.23419164
  839     H   1.0  0.07729074       0.53239983  0.09961537  0.29069405
  840     H   1.0  0.10607633       0.53388381  0.09874252  0.26129734
  841     H   1.0  0.15101615       0.52528906  0.09366533  0.23002946
  842     H   1.0  0.13951586       0.52677238  0.09202234  0.24168941
  843     H   1.0  0.09983185       0.53106844  0.09312212  0.27597759
  844     H   1.0  0.08208273       0.53067470  0.09475306  0.29248951
  845     H   1.0  0.13898721       0.53657067  0.08837813  0.23606399
  846     H   1.0  0.14255210       0.53304708  0.08983686  0.23456396
  847     H   1.0  0.13603413       0.52892697  0.10390696  0.23113194
  848     H   1.0  0.10848663       0.53056908  0.10526161  0.25568268
  849     H   1.0  0.12183455       0.52565253  0.10207665  0.25043627
  850     H   1.0  0.11028875       0.52718353  0.09510058  0.26742713
  851     H   1.0  0.09186735       0.52947497  0.09714615  0.28151153
  852     H   1.0  0.06148534       0.52827084  0.09717548  0.31306834
  853     H   1.0  0.09472103       0.53050125  0.09765155  0.27712617
  854     H   1.0  0.07121148       0.52876472  0.09635046  0.30367333
  855     H   1.0  0.14182812       0.53120935  0.09207983  0.23488269
  856     H   1.0  0.14147589       0.53328264  0.08867095  0.23657051
  857     H   1.0  0.08943832       0.52858096  0.09548185  0.28649887
  858     H   1.0  0.09242038       0.52770764  0.10183810  0.27803388
  859     H   1.0  0.03193011       0.53048551  0.09124322  0.34634116
  860     H   1.0  0.13635449       0.53218573  0.09095794  0.24050184
  861     H   1.0  0.12128458       0.52300036  0.09782057  0.25789449
  862     H   1.0  0.04892878       0.52018970  0.09763900  0.33324251
  863     H   1.0  0.14645466       0.52841985  0.09096451  0.23416097
  864     H   1.0  0.09617630       0.52909398  0.09515841  0.27957130
  865     H   1.0  0.11872784       0.52770776  0.09651290  0.25705151
  866     H   1.0  0.15016993       0.52757472  0.08965832  0.23259703
  867     H   1.0  0.13610488       0.53160816  0.09965394  0.23263302
  868     H   1.0  0.12915767       0.53104174  0.09893072  0.24086987
  869     H   1.0  0.14944458       0.52467906  0.09359623  0.23228012
  870     H   1.0  0.05534896       0.52418119  0.09262845  0.32784140
  871     H   1.0  0.14149873       0.52808779  0.10067183  0.22974164
  872     H   1.0  0.09865242       0.53191745  0.10055688  0.26887325
  873     H   1.0  0.09452043       0.52385235  0.10138488  0.28024234
  874     H   1.0  0.14493009       0.52618051  0.09385987  0.23502954
  875     H   1.0  0.10841782       0.53442866  0.09362208  0.26353145
  876     H   1.0  0.09843384       0.52926743  0.09610485  0.27619388
  877     H   1.0  0.13597819       0.52691764  0.10616079  0.23094338
  878     H   1.0  0.07101518       0.52860278  0.10401682  0.29636522
  879     H   1.0  0.04663397       0.52539897  0.09905029  0.32891677
  880     H   1.0  0.13905547       0.53097266  0.09528712  0.23468475
  881     H   1.0  0.05063704       0.52920330  0.10057913  0.31958054
  882     H   1.0  0.12346856       0.53278017  0.10533015  0.23842113
  883     H   1.0  0.09176050       0.53252292  0.09367958  0.28203700
  884     H   1.0  0.06651517       0.53152823  0.09503745  0.30691915
  885     H   1.0  0.12884966       0.52880085  0.10152665  0.24082284
  886     H   1.0  0.12908199       0.53141552  0.09828889  0.24121360
  887     H   1.0  0.14645402       0.53052264  0.08826731  0.23475603
  888     H   1.0  0.14544216       0.53125548  0.08846863  0.23483373
  889     H   1.0  0.07733507       0.52507764  0.09765159  0.29993570
  890     H   1.0  0.13831919       0.52817607  0.09854531  0.23495943
  891     H   1.0  0.10843457       0.52640057  0.10202093  0.26314393
  892     H   1.0  0.12445311       0.52868688  0.10665206  0.24020795
  893     H   1.0  0.13533436       0.52612609  0.10148178  0.23705778
  894     H   1.0  0.08451336       0.52475202  0.10286596  0.28786866
  895     H   1.0  0.03489843       0.52636665  0.10003828  0.33869664
  896     H   1.0  0.12427230       0.53073490  0.10552774  0.23946506
  897     H   1.0  0.06398650       0.52698195  0.10141628  0.30761527
  898     H   1.0  0.03726634       0.52689487  0.10323301  0.33260578
  899     H   1.0  0.04962604       0.52388698  0.09710477  0.32938221
  900     H   1.0  0.03050854       0.52070475  0.10029022  0.34849650
  901     H   1.0  0.07657573       0.52487653  0.09373758  0.30481015
  902     H   1.0  0.08648184       0.52410179  0.09728388  0.29213249
  903     H   1.0  0.15215947       0.53025067  0.08564100  0.23194887
  904     H   1.0  0.15482914       0.52850080  0.08601528  0.23065479
  905     H   1.0  0.11683024       0.52892619  0.10142943  0.25281414
  906     H   1.0  0.11917914       0.52581531  0.09540980  0.25959574
  907     H   1.0  0.13822705       0.53006506  0.09903944  0.23266845
  908     H   1.0  0.14427660       0.53217119  0.08694824  0.23660397
  909     H   1.0  0.08881122       0.52773750  0.10013767  0.28331361
  910     H   1.0  0.09363473       0.52704912  0.10009988  0.27921626
  911     H   1.0  0.10564011       0.52584982  0.10287277  0.26563729
  912     H   1.0  0.08156817       0.52809608  0.10126775  0.28906800
  913     H   1.0  0.10284903       0.53038692  0.09540087  0.27136318
  914     H   1.0  0.10550268       0.53163528  0.09610783  0.26675420
  915     H   1.0  0.10645979       0.53043514  0.10417612  0.25892895
  916     H   1.0  0.07467832       0.52741170  0.10726103  0.29064894
  917     H   1.0  0.08975883       0.53185666  0.09936012  0.27902439
  918     H   1.0  0.06831423       0.52936310  0.10039464  0.30192804
  919     H   1.0  0.09108135       0.52747017  0.10003513  0.28141334
  920     H   1.0  0.09094054       0.52818722  0.09962504  0.28124721
  921     H   1.0  0.10305897       0.52878153  0.10127702  0.26688248
  922     H   1.0  0.12942693       0.53078455  0.10275323  0.23703530
  923     H   1.0  0.10637046       0.53179467  0.10424864  0.25758623
  924     H   1.0  0.12405298       0.53509450  0.10022665  0.24062587
  925     H   1.0  0.04616589       0.52616447  0.09736814  0.33030150
  926     H   1.0  0.14912569       0.52221197  0.09972860  0.22893374
  927     H   1.0  0.14527492       0.53061926  0.08816665  0.23593916
  928     H   1.0  0.11808779       0.53182536  0.09454096  0.25554589
  929     H   1.0  0.13629773       0.52488488  0.10330702  0.23551037
  930     H   1.0  0.08495115       0.52625239  0.09937534  0.28942111
  931     H   1.0  0.09787863       0.53019726  0.10207143  0.26985268
  932     H   1.0  0.11578740       0.53251886  0.10512158  0.24657216
  933     H   1.0  0.12526996       0.52487296  0.09727650  0.25258058
  934     H   1.0  0.03742148       0.52392101  0.09738012  0.34127738
  935     H   1.0  0.15070409       0.52602172  0.09227040  0.23100380
  936     H   1.0  0.06085876       0.52530760  0.09825651  0.31557713
  937     H   1.0  0.14254725       0.53117704  0.08985610  0.23641961
  938     H   1.0  0.08827146       0.53168631  0.09465250  0.28538974
  939     H   1.0  0.12326827       0.52575415  0.09844612  0.25253146
  940     H   1.0  0.04408243       0.52359134  0.09818541  0.33414082
  941     H   1.0  0.11098979       0.53197891  0.10369120  0.25334011
  942     H   1.0  0.05580070       0.52667749  0.10399085  0.31353097
  943     H   1.0  0.14488953       0.53204906  0.08837309  0.23468832
  944     H   1.0  0.07709397       0.53160465  0.09250047  0.29880091
  945     H   1.0  0.10679930       0.53482109  0.09545153  0.26292808
  946     H   1.0  0.13959681       0.53258127  0.09211787  0.23570405
  947     H   1.0  0.07054960       0.52399033  0.10340783  0.30205224
  948     H   1.0  0.11834972       0.52601743  0.10427291  0.25135994
  949     H   1.0  0.07430252       0.52262533  0.09720629  0.30586585
  950     H   1.0  0.15539802       0.52490449  0.09600376  0.22369373
  951     H   1.0  0.16005638       0.51992202  0.09669051  0.22333109
  952     H   1.0  0.13903957       0.52101433  0.09753073  0.24241536
  953     H   1.0  0.06807612       0.52259398  0.09955301  0.30977689
  954     H   1.0  0.12274851       0.52391905  0.10229927  0.25103317
  955     H   1.0  0.14937716       0.53188759  0.08372908  0.23500616
  956     H   1.0  0.15332648       0.52972823  0.08623032  0.23071496
  957     H   1.0  0.13141576       0.53214586  0.09868082  0.23775756
  958     H   1.0  0.14372195       0.53133649  0.08833612  0.23660545
  959     H   1.0  0.11939616       0.52674389  0.10156067  0.25229928
  960     H   1.0  0.14884309       0.52523065  0.09538475  0.23054151
  961     H   1.0  0.05979113       0.52991742  0.09447025  0.31582120
  962     H   1.0  0.09234244       0.53222060  0.09385006  0.28158690
  963     H   1.0  0.10677180       0.52219957  0.10111635  0.26991228
  964     H   1.0  0.06008522       0.51947552  0.10046550  0.31997376
  965     H   1.0  0.08452454       0.53209305  0.10563812  0.27774430
  966     H   1.0  0.05323900       0.53192312  0.10254081  0.31229707
  967     H   1.0  0.08922490       0.53389037  0.09857772  0.27830701
  968     H   1.0  0.12857435       0.52921230  0.09919440  0.24301895
  969     H   1.0  0.15253234       0.52625686  0.08959680  0.23161400
  970     H   1.0  0.11875030       0.53010076  0.09444930  0.25669964
  971     H   1.0  0.09212369       0.52975148  0.10504297  0.27308186
  972     H   1.0  0.10061025       0.52724677  0.10523090  0.26691208
  973     H   1.0  0.12926267       0.52807069  0.10743922  0.23522742
  974     H   1.0  0.06595927       0.52940625  0.10172623  0.30290824
  975     H   1.0  0.04726666       0.52647877  0.09705561  0.32919896
  976     H   1.0  0.09736090       0.52898347  0.09828976  0.27536587
  977     H   1.0  0.09876038       0.52088451  0.10069250  0.27966261
  978     H   1.0  0.14633050       0.52489519  0.10202957  0.22674474
  979     H   1.0  0.13940370       0.53033209  0.09280211  0.23746209
  980     H   1.0  0.09987267       0.53097576  0.09775222  0.27139935
  981     H   1.0  0.10512801       0.52981257  0.09371164  0.27134778
  982     H   1.0  0.14817555       0.52892125  0.08876336  0.23413984
  983     H   1.0  0.06143916       0.51899242  0.10148180  0.31808661
  984     H   1.0  0.10354247       0.51667076  0.10300151  0.27678526
  985     H   1.0  0.14064311       0.53208762  0.09142581  0.23584345
  986     H   1.0  0.11326592       0.53453404  0.09236265  0.25983740
  987     H   1.0  0.03096759       0.53004777  0.09829812  0.34068652
  988     H   1.0  0.06989339       0.52584171  0.10052235  0.30374254
  989     H   1.0  0.09020189       0.52969432  0.09506780  0.28503599
  990     H   1.0  0.04666401       0.52777028  0.09493378  0.33063193
  991     H   1.0  0.03297278       0.52921689  0.10086735  0.33694299
  992     H   1.0  0.02069730       0.52658957  0.09946667  0.35324646
  993     H   1.0  0.14218324       0.52957314  0.09469356  0.23355005
  994     H   1.0  0.11160595       0.52937663  0.10187748  0.25713994
  995     H   1.0  0.13275856       0.52297050  0.10339504  0.24087590
  996     H   1.0  0.04356231       0.52345031  0.09570390  0.33728348
  997     H   1.0  0.05797552       0.52628940  0.09796713  0.31776795
  998     H   1.0  0.13994321       0.52784139  0.10189042  0.23032498
  999     H   1.0  0.12693585       0.53353542  0.10033073  0.23919800
 1000     H   1.0  0.14389834       0.53186464  0.09051416  0.23372286
 1001     H   1.0  0.12674391       0.53074461  0.09096085  0.25155063
 1002     H   1.0  0.15730463       0.52593207  0.08835180  0.22841150
 1003     H   1.0  0.14570476       0.53248060  0.08750957  0.23430508
 1004     H   1.0  0.14530669       0.53357446  0.08606937  0.23504948
 1005     H   1.0  0.10747718       0.52695471  0.10334665  0.26222146
 1006     H   1.0  0.13559778       0.52774268  0.10418613  0.23247341
 1007     H   1.0  0.05197295       0.52598447  0.09517945  0.32686314
 1008     H   1.0  0.06022324       0.52834040  0.09180342  0.31963294
 1009     H   1.0  0.03412437       0.52638221  0.09682275  0.34267067
 1010     H   1.0  0.11454009       0.52934033  0.09352851  0.26259108
 1011     H   1.0  0.13920959       0.52472752  0.09626219  0.23980070
 1012     H   1.0  0.15938552       0.52507877  0.09244252  0.22309319
 1013     H   1.0  0.11995763       0.52638990  0.10085620  0.25279627
 1014     H   1.0  0.12977231       0.52834386  0.10180635  0.24007748
 1015     H   1.0  0.09573963       0.52455270  0.10082769  0.27887998
 1016     H   1.0  0.12655663       0.52687931  0.09952012  0.24704393
 1017     H   1.0  0.08274031       0.52533090  0.10232548  0.28960331
 1018     H   1.0  0.14895924       0.52403516  0.09992722  0.22707839
 1019     H   1.0  0.08529014       0.52470523  0.10215622  0.28784841
 1020     H   1.0  0.14616208       0.52463037  0.10210390  0.22710365
 1021     H   1.0  0.09955672       0.52634019  0.09864635  0.27545674
 1022     H   1.0  0.07278094       0.53063899  0.09859914  0.29798093
 1023     H   1.0  0.15437364       0.52571595  0.09061495  0.22929546
 1024     H   1.0  0.08538795       0.52773619  0.09479393  0.29208193
 1025     H   1.0  0.06919405       0.52637726  0.10296702  0.30146167
 1026     H   1.0  0.05029896       0.52527708  0.09984188  0.32458209
 1027     H   1.0  0.08352479       0.52419740  0.09940133  0.29287648
 1028     H   1.0  0.06161770       0.52735150  0.09869252  0.31233828
 1029     H   1.0  0.12193950       0.53328264  0.10588370  0.23889417
 1030     H   1.0  0.10468588       0.53479916  0.10728858  0.25322639
 1031     H   1.0  0.13871909       0.53307587  0.09637950  0.23182555
 1032     H   1.0  0.11356436       0.53050381  0.10531467  0.25061716
 1033     H   1.0  0.12632525       0.53550768  0.10477769  0.23338938
 1034     H   1.0  0.12977357       0.53057665  0.10315188  0.23649791
 1035     H   1.0  0.04181772       0.53033775  0.09203877  0.33580577
 1036     H   1.0  0.09577826       0.53212839  0.09245860  0.27963474
 1037     H   1.0  0.14551058       0.52552933  0.09646838  0.23249172
 1038     H   1.0  0.07248738       0.52582866  0.09661139  0.30507258
 1039     H   1.0  0.13492069       0.52719557  0.09778626  0.24009748
 1040     H   1.0  0.11520160       0.52875459  0.09446062  0.26158318
 1041     H   1.0  0.10415796       0.53119612  0.10286004  0.26178588
 1042     H   1.0  0.12598892       0.53279358  0.10356259  0.23765492
 1043     H   1.0  0.10606328       0.52980161  0.09623621  0.26789890
 1044     H   1.0  0.14449301       0.52824163  0.09375980  0.23350555
 1045     H   1.0  0.12952835       0.52695197  0.09909987  0.24441981
 1046     H   1.0  0.12711381       0.53319305  0.09515863  0.24453451
 1047     H   1.0  0.09011958       0.53109950  0.09742726  0.28135366
 1048     H   1.0  0.09879497       0.53152639  0.09895467  0.27072397
 1049     H   1.0  0.06255820       0.52562213  0.09929316  0.31252651
 1050     H   1.0  0.12296095       0.53103298  0.10281386  0.24319220
 1051     H   1.0  0.15267963       0.53064615  0.08292511  0.23374911
 1052     H   1.0  0.14991755       0.53411776  0.08008859  0.23587611
 1053     H   1.0  0.06326441       0.51918322  0.10063688  0.31691550
 1054     H   1.0  0.09359444       0.51517701  0.09916295  0.29206560
 1055     H   1.0  0.12877981       0.52320331  0.10337235  0.24464452
 1056     H   1.0  0.14975096       0.52118456  0.10393859  0.22512589
 1057     H   1.0  0.12758300       0.53118265  0.10317618  0.23805817
 1058     H   1.0  0.08059321       0.52859581  0.10083566  0.28997532
 1059     H   1.0  0.15627335       0.52372342  0.09597272  0.22403051
 1060     H   1.0  0.14114287       0.52382994  0.10240772  0.23261947
 1061     H   1.0  0.11636031       0.52517152  0.10131165  0.25715651
 1062     H   1.0  0.10199045       0.53044337  0.10387128  0.26369490
 1063     H   1.0  0.13267329       0.53072751  0.09539814  0.24120107
 1064     H   1.0  0.13149265       0.52885032  0.09629606  0.24336097
 1065     H   1.0  0.11534721       0.53086627  0.09572408  0.25806244
 1066     H   1.0  0.12681083       0.53154093  0.09313904  0.24850919
 1067     H   1.0  0.08483989       0.52609080  0.09825696  0.29081235
 1068     H   1.0  0.09035951       0.52986866  0.10049292  0.27927891
 1069     H   1.0  0.06641822       0.53079963  0.08844033  0.31434182
 1070     H   1.0  0.13057809       0.53301811  0.08839381  0.24800999
 1071     H   1.0  0.04320307       0.52806413  0.09775401  0.33097879
 1072     H   1.0  0.12057185       0.52840662  0.09638138  0.25464015
 1073     H   1.0  0.13008435       0.53167009  0.10356898  0.23467658
 1074     H   1.0  0.05806834       0.53191239  0.10259469  0.30742458
 1075     H   1.0  0.09383424       0.52702194  0.10103246  0.27811135
 1076     H   1.0  0.08523433       0.52730989  0.10236555  0.28509023
 1077     H   1.0  0.14899329       0.53066194  0.08541665  0.23492812
 1078     H   1.0  0.14909808       0.53088701  0.08553505  0.23447986
 1079     H   1.0  0.06185059       0.52782029  0.08516962  0.32515950
 1080     H   1.0  0.14683006       0.53012675  0.08724674  0.23579646
 1081     H   1.0  0.13245985       0.53023928  0.10246351  0.23483736
 1082     H   1.0  0.07963931       0.53248799  0.09709015  0.29078255
 1083     H   1.0  0.14368995       0.52341408  0.10124121  0.23165477
 1084     H   1.0  0.04777213       0.52215606  0.09872974  0.33134207
 1085     H   1.0  0.06590175       0.53017092  0.10316548  0.30076185
 1086     H   1.0  0.09399030       0.52869076  0.10423172  0.27308723
 1087     H   1.0  0.13900947       0.53239572  0.09293669  0.23565812
 1088     H   1.0  0.14167564       0.53272814  0.09172360  0.23387262
 1089     H   1.0  0.11129972       0.52641535  0.10129751  0.26098742
 1090     H   1.0  0.11389598       0.53228217  0.10286862  0.25095323
 1091     H   1.0  0.05930966       0.52149367  0.09989692  0.31929975
 1092     H   1.0  0.09942974       0.52526653  0.09342512  0.28187861
 1093     H   1.0  0.13853115       0.53091830  0.09763058  0.23291997
 1094     H   1.0  0.10665007       0.52857900  0.09817195  0.26659898
 1095     H   1.0  0.12373665       0.53466791  0.09789118  0.24370426
 1096     H   1.0  0.10489281       0.53090608  0.10515293  0.25904817
 1097     H   1.0  0.12300777       0.53146422  0.09827591  0.24725210
 1098     H   1.0  0.10144081       0.53097457  0.10162714  0.26595748
 1099     H   1.0  0.06622027       0.53184241  0.09128171  0.31065561
 1100     H   1.0  0.12530475       0.53102762  0.09301620  0.25065143
 1101     H   1.0  0.06346461       0.53333956  0.09148815  0.31170769
 1102     H   1.0  0.13914640       0.53098500  0.09563177  0.23423684
 1103     H   1.0  0.04366580       0.52992833  0.09157164  0.33483423
 1104     H   1.0  0.12793705       0.52972484  0.09444342  0.24789470
 1105     H   1.0  0.12877249       0.52983427  0.10797562  0.23341762
 1106     H   1.0  0.14210598       0.52631873  0.10535995  0.22621534
 1107     H   1.0  0.07708574       0.52311814  0.09818266  0.30161346
 1108     H   1.0  0.06267442       0.52450359  0.09344382  0.31937817
 1109     H   1.0  0.08950923       0.53206724  0.10553264  0.27289090
 1110     H   1.0  0.13363479       0.53065211  0.10300105  0.23271205
 1111     H   1.0  0.14301656       0.52400804  0.10095219  0.23202321
 1112     H   1.0  0.06101813       0.52318817  0.10592502  0.30986867
 1113     H   1.0  0.08759984       0.52660489  0.10069921  0.28509606
 1114     H   1.0  0.10304143       0.52870321  0.10033984  0.26791552
 1115     H   1.0  0.06132837       0.52886724  0.10256400  0.30724039
 1116     H   1.0  0.08385716       0.52948529  0.10488421  0.28177334
 1117     H   1.0  0.12957022       0.52535826  0.10443828  0.24063324
 1118     H   1.0  0.09480446       0.52684408  0.10438896  0.27396250
 1119     H   1.0  0.09122780       0.52658635  0.09312075  0.28906510
 1120     H   1.0  0.07864355       0.52228558  0.09465418  0.30441669
 1121     H   1.0  0.07938094       0.53310770  0.09261203  0.29489934
 1122     H   1.0  0.11309384       0.52929294  0.09176581  0.26584740
 1123     H   1.0  0.15387252       0.52569276  0.09231339  0.22812134
 1124     H   1.0  0.15189912       0.53052497  0.08891156  0.22866435
 1125     H   1.0  0.08952517       0.52712327  0.09701170  0.28633986
 1126     H   1.0  0.10911854       0.52755147  0.10076256  0.26256742
 1127     H   1.0  0.08629899       0.52782351  0.10344723  0.28243027
 1128     H   1.0  0.06251359       0.52890128  0.09706285  0.31152228
 1129     H   1.0  0.07011732       0.52822095  0.10437154  0.29729019
 1130     H   1.0  0.10759963       0.53261530  0.10403325  0.25575181
 1131     H   1.0  0.11608476       0.53112650  0.09677617  0.25601257
 1132     H   1.0  0.14749952       0.52549773  0.09611768  0.23088507
 1133     H   1.0  0.09137607       0.53158343  0.09490499  0.28213551
 1134     H   1.0  0.09875897       0.53553784  0.09565540  0.27004779
 1135     H   1.0  0.14609502       0.52697474  0.09692710  0.23000314
 1136     H   1.0  0.06942520       0.52702147  0.09702928  0.30652405
 1137     H   1.0  0.08380518       0.52622944  0.09496568  0.29499970
 1138     H   1.0  0.10021312       0.52504033  0.09774075  0.27700581
 1139     H   1.0  0.08256493       0.52746713  0.10502452  0.28494341
 1140     H   1.0  0.04720948       0.52314585  0.10137555  0.32826911
 1141     H   1.0  0.11682350       0.53265643  0.10441154  0.24610852
 1142     H   1.0  0.10613135       0.53047311  0.09957011  0.26382543
 1143     H   1.0  0.11616670       0.52211314  0.10040972  0.26131044
 1144     H   1.0  0.02218513       0.51791155  0.09655949  0.36334382
 1145     H   1.0  0.03364289       0.52754682  0.09337030  0.34543999
 1146     H   1.0  0.10265239       0.53185064  0.09446637  0.27103060
 1147     H   1.0  0.10783458       0.53404385  0.09211809  0.26600348
 1148     H   1.0  0.14136679       0.53009927  0.09420621  0.23432773
 1149     H   1.0  0.16442209       0.52384478  0.08832684  0.22340629
 1150     H   1.0  0.15555312       0.52183944  0.09096991  0.23163754
 1151     H   1.0  0.11115722       0.53073895  0.09924552  0.25885831
 1152     H   1.0  0.10689073       0.53175855  0.10735203  0.25399870
 1153     H   1.0  0.11508941       0.52939737  0.09667945  0.25883377
 1154     H   1.0  0.11184616       0.52788925  0.09560759  0.26465699
 1155     H   1.0  0.14805099       0.52421129  0.10159352  0.22614420
 1156     H   1.0  0.08783586       0.52991307  0.10138588  0.28086520
 1157     H   1.0  0.09463632       0.53209907  0.10101560  0.27224901
 1158     H   1.0  0.10870740       0.52999371  0.09687009  0.26442880
 1159     H   1.0  0.09689928       0.52649230  0.09933867  0.27726975
 1160     H   1.0  0.12662126       0.51964313  0.09910145  0.25463415
 1161     H   1.0  0.11713205       0.52802885  0.09570222  0.25913688
 1162     H   1.0  0.13482831       0.52996272  0.09871857  0.23649040
 1163     H   1.0  0.09648013       0.53052497  0.09994332  0.27305159
 1164     H   1.0  0.09089734       0.52555716  0.10105588  0.28248962
 1165     H   1.0  0.09051267       0.53351063  0.09670569  0.27927101
 1166     H   1.0  0.08972958       0.52879524  0.09729845  0.28417672
 1167     H   1.0  0.14812370       0.52797121  0.09076807  0.23313702
 1168     H   1.0  0.06576364       0.52711797  0.09236860  0.31474979
 1169     H   1.0  0.15656744       0.52697134  0.08949634  0.22696488
 1170     H   1.0  0.15725961       0.52616674  0.08626245  0.23031121
 1171     H   1.0  0.01385757       0.52471429  0.10087218  0.36055595
 1172     H   1.0  0.09508561       0.52659440  0.10480981  0.27351018
 1173     H   1.0  0.11625155       0.52674925  0.10341744  0.25358175
 1174     H   1.0  0.08109961       0.52660632  0.10116447  0.29112960
 1175     H   1.0  0.08996409       0.53170067  0.10258655  0.27574869
 1176     H   1.0  0.11098818       0.53102934  0.10337296  0.25460951
 1177     H   1.0  0.08689404       0.52643251  0.10252846  0.28414498
 1178     H   1.0  0.12231676       0.52748209  0.10667308  0.24352808
 1179     H   1.0  0.14807466       0.53125423  0.08563478  0.23503632
 1180     H   1.0  0.14944692       0.53045446  0.08703858  0.23306004
 1181     H   1.0  0.11182603       0.53432047  0.09359090  0.26026259
 1182     H   1.0  0.10186552       0.53260124  0.09174040  0.27379284
 1183     H   1.0  0.08568455       0.52738547  0.10037266  0.28655732
 1184     H   1.0  0.06453440       0.52407390  0.10016435  0.31122736
 1185     H   1.0  0.06510553       0.52719730  0.09382531  0.31387186
 1186     H   1.0  0.08618949       0.53158933  0.09226535  0.28995584
 1187     H   1.0  0.13846587       0.53075618  0.09491523  0.23586272
 1188     H   1.0  0.10492582       0.53275222  0.09050668  0.27181529
 1189     H   1.0  0.10633563       0.53148001  0.09646697  0.26571739
 1190     H   1.0  0.13358729       0.53190506  0.09852830  0.23597936
 1191     H   1.0  0.14762437       0.52948654  0.09120685  0.23168225
 1192     H   1.0  0.14771736       0.52894878  0.09079654  0.23253732
 1193     H   1.0  0.11342551       0.53376311  0.10156383  0.25124754
 1194     H   1.0  0.12994442       0.53188568  0.10193066  0.23623924
 1195     H   1.0  0.13006101       0.53068221  0.09757789  0.24167889
 1196     H   1.0  0.12237898       0.52754784  0.09835785  0.25171533
 1197     H   1.0  0.15426142       0.52649564  0.09169310  0.22754985
 1198     H   1.0  0.11829741       0.52167892  0.09983879  0.26018488
 1199     H   1.0  0.15352238       0.52793086  0.08434832  0.23419844
 1200     H   1.0  0.07220705       0.53098434  0.08464489  0.31216372
 1201     H   1.0  0.14479012       0.52908599  0.09416107  0.23196281
 1202     H   1.0  0.08393943       0.52806205  0.10201238  0.28598615
 1203     H   1.0  0.08692376       0.52461481  0.09650603  0.29195540
 1204     H   1.0  0.14206029       0.52191919  0.09799479  0.23802573
 1205     H   1.0  0.04355441       0.52752405  0.10431391  0.32460763
 1206     H   1.0  0.05096528       0.52486032  0.10698659  0.31718781
 1207     H   1.0  0.00181206       0.52105260  0.09843812  0.37869722
 1208     H   1.0  0.09704729       0.52959728  0.10203604  0.27131938
 1209     H   1.0  0.09390960       0.52980417  0.09920381  0.27708242
 1210     H   1.0  0.14008019       0.52998739  0.09779211  0.23214030
 1211     H   1.0  0.10989995       0.52383953  0.09984822  0.26641230
 1212     H   1.0  0.08632970       0.52490222  0.09811135  0.29065673
 1213     H   1.0  0.13714843       0.53003597  0.10005102  0.23276458
 1214     H   1.0  0.08581945       0.52794266  0.10235655  0.28388134
 1215     H   1.0  0.05652734       0.52440131  0.09543503  0.32363632
 1216     H   1.0  0.13814453       0.52372658  0.10025948  0.23786941
 1217     H   1.0  0.08937943       0.52960730  0.10278387  0.27822940
 1218     H   1.0  0.12210216       0.53275734  0.10386235  0.24127815
 1219     H   1.0  0.14481748       0.52851367  0.09500793  0.23166092
 1220     H   1.0  0.13141663       0.53410500  0.09331072  0.24116764
 1221     H   1.0  0.11833198       0.53223854  0.09315737  0.25627211
 1222     H   1.0  0.14701999       0.53119868  0.08879931  0.23298202
 1223     H   1.0  0.14782038       0.52716178  0.09565860  0.22935924
 1224     H   1.0  0.09314185       0.52782941  0.09968986  0.27933887
 1225     H   1.0  0.06220951       0.52460051  0.10083390  0.31235608
 1226     H   1.0  0.06114222       0.52639443  0.09849856  0.31396479
 1227     H   1.0  0.04322279       0.52683127  0.10177417  0.32817177
 1228     H   1.0  0.09318590       0.52733046  0.10251989  0.27696375
 1229     H   1.0  0.09759645       0.53176856  0.09824584  0.27238915
 1230     H   1.0  0.12422746       0.53332686  0.10002147  0.24242421
 1231     H   1.0  0.08826875       0.52770424  0.09860617  0.28542084
 1232     H   1.0  0.07911988       0.53022170  0.09553809  0.29512034
 1233     H   1.0  0.14142428       0.53058809  0.09019911  0.23778853
 1234     H   1.0  0.02419242       0.52809632  0.09544133  0.35226993
 1235     H   1.0  0.12799080       0.53217846  0.09449971  0.24533102
 1236     H   1.0  0.13696549       0.53248167  0.09332686  0.23722598
 1237     H   1.0  0.09523131       0.53393650  0.10733026  0.26350193
 1238     H   1.0  0.13792858       0.52850765  0.10238150  0.23118227
 1239     H   1.0  0.10591771       0.53008151  0.10484440  0.25915638
 1240     H   1.0  0.10344720       0.53240484  0.10828418  0.25586377
 1241     H   1.0  0.09126339       0.53240961  0.10272458  0.27360242
 1242     H   1.0  0.09087842       0.52700806  0.10064561  0.28146791
 1243     H   1.0  0.07347538       0.52779990  0.09245045  0.30627427
 1244     H   1.0  0.15228221       0.52705038  0.09059567  0.23007175
 1245     H   1.0  0.13874288       0.53041381  0.09918850  0.23165482
 1246     H   1.0  0.10999597       0.52837121  0.09981866  0.26181415
 1247     H   1.0  0.16413724       0.52030015  0.09368914  0.22187347
 1248     H   1.0  0.16142852       0.52414697  0.08849532  0.22592919
 1249     H   1.0  0.10129869       0.53075463  0.09896601  0.26898067
 1250     H   1.0  0.12020926       0.53344429  0.10168863  0.24465782
 1251     H   1.0  0.14328570       0.53055555  0.09342450  0.23273426
 1252     H   1.0  0.08090328       0.52933705  0.08816924  0.30159044
 1253     H   1.0  0.13736907       0.52931845  0.09524289  0.23806959
 1254     H   1.0  0.08424599       0.53147429  0.08692472  0.29735500
 1255     H   1.0  0.07533308       0.52752054  0.10183479  0.29531159
 1256     H   1.0  0.13173349       0.52788717  0.10647382  0.23390553
 1257     H   1.0  0.12673088       0.52587038  0.09336808  0.25403066
 1258     H   1.0  0.01693378       0.52650082  0.09232982  0.36423559
 1259     H   1.0  0.04713744       0.52099890  0.09719298  0.33467069
 1260     H   1.0  0.13484218       0.52715796  0.09522658  0.24277328
 1261     H   1.0  0.11902650       0.53072441  0.09177222  0.25847687
 1262     H   1.0  0.14749254       0.52904314  0.09112947  0.23233486
 1263     H   1.0  0.13067131       0.53018308  0.10300753  0.23613808
 1264     H   1.0  0.06820894       0.52930564  0.10214309  0.30034234
 1265     H   1.0  0.10593473       0.53004080  0.09232706  0.27169741
 1266     H   1.0  0.14060749       0.53099757  0.09158891  0.23680603
 1267     H   1.0  0.11054169       0.53465641  0.09840955  0.25639236
 1268     H   1.0  0.13842221       0.53310639  0.09119511  0.23727629
 1269     H   1.0  0.13690686       0.52837723  0.10139561  0.23332030
 1270     H   1.0  0.06561397       0.52472258  0.09732375  0.31233970
 1271     H   1.0  0.09370185       0.53057009  0.10058159  0.27514648
 1272     H   1.0  0.08614483       0.52804834  0.09981380  0.28599303
 1273     H   1.0  0.14434940       0.52371836  0.09830456  0.23362768
 1274     H   1.0  0.06647860       0.52325970  0.09745891  0.31280279
 1275     H   1.0  0.15003615       0.52941620  0.08551852  0.23502912
 1276     H   1.0  0.06581933       0.52797937  0.08757649  0.31862481
 1277     H   1.0  0.15206528       0.52730531  0.08781666  0.23281276
 1278     H   1.0  0.14320525       0.52614999  0.09476431  0.23588045
 1279     H   1.0  0.12709503       0.53560603  0.09587418  0.24142477
 1280     H   1.0  0.13858140       0.52890712  0.10124326  0.23126822
 1281     H   1.0  0.13452713       0.52591181  0.10461289  0.23494817
 1282     H   1.0  0.09219112       0.52563459  0.10168271  0.28049158
 1283     H   1.0  0.10142670       0.53248030  0.10603032  0.26006269
 1284     H   1.0  0.05037180       0.53186899  0.10286973  0.31488948
 1285     H   1.0  0.11930993       0.52746129  0.10138596  0.25184282
 1286     H   1.0  0.07024878       0.52788585  0.09864537  0.30322000
 1287     H   1.0  0.14395647       0.52970850  0.09297463  0.23336039
 1288     H   1.0  0.10935712       0.53477955  0.09063486  0.26522847
 1289     H   1.0  0.07213434       0.52956772  0.09042148  0.30787646
 1290     H   1.0  0.12130727       0.53185099  0.09033395  0.25650779
 1291     H   1.0  0.12819067       0.52133250  0.10473798  0.24573885
 1292     H   1.0  0.14530873       0.52477622  0.10727606  0.22263899
 1293     H   1.0  0.15582013       0.52811521  0.08977801  0.22628665
 1294     H   1.0  0.15081181       0.52813685  0.09430892  0.22674242
 1295     H   1.0  0.10122532       0.52304602  0.10163325  0.27409541
 1296     H   1.0  0.07086139       0.51847708  0.09906897  0.31159256
 1297     H   1.0  0.10059974       0.52748579  0.10345928  0.26845519
 1298     H   1.0  0.13574900       0.52374023  0.09907573  0.24143504
 1299     H   1.0  0.08294021       0.53074348  0.09456127  0.29175504
 1300     H   1.0  0.12523856       0.53022885  0.09693836  0.24759422
 1301     H   1.0  0.13652127       0.52984083  0.09526701  0.23837090
 1302     H   1.0  0.14378170       0.53016758  0.09211874  0.23393198
 1303     H   1.0 -0.01303707       0.52354383  0.09734653  0.39214671
 1304     H   1.0  0.13022766       0.53053892  0.10324365  0.23598978
 1305     H   1.0  0.09088272       0.52617699  0.10135818  0.28158211
 1306     H   1.0  0.03084100       0.52264822  0.10056414  0.34594664
 1307     H   1.0  0.04754975       0.52666289  0.09868795  0.32709942
 1308     H   1.0  0.05591306       0.52791601  0.09711067  0.31906025
 1309     H   1.0  0.05638426       0.52950507  0.09870176  0.31540891
 1310     H   1.0  0.06304982       0.52698767  0.09837461  0.31158791
 1311     H   1.0  0.09460079       0.52555805  0.10018171  0.27965944
 1312     H   1.0  0.10255641       0.52668899  0.09986305  0.27089154
 1313     H   1.0  0.13037760       0.52986044  0.10736904  0.23239292
 1314     H   1.0  0.10684626       0.52943486  0.10585434  0.25786454
 1315     H   1.0  0.13010099       0.53138536  0.10162524  0.23688841
 1316     H   1.0  0.12169677       0.53269130  0.10517960  0.24043233
 1317     H   1.0  0.10298713       0.53333956  0.10538542  0.25828789
 1318     H   1.0  0.05333815       0.53152841  0.10210845  0.31302499
 1319     H   1.0  0.13839653       0.52836090  0.10198274  0.23125983
 1320     H   1.0  0.08196718       0.53113776  0.09936759  0.28752747
 1321     H   1.0  0.05780049       0.52348977  0.10025401  0.31845573
 1322     H   1.0  0.10669240       0.52469462  0.10103901  0.26757397
 1323     H   1.0  0.06078785       0.52948833  0.09255633  0.31716750
 1324     H   1.0  0.14313304       0.53082806  0.09052415  0.23551475
 1325     H   1.0  0.13123515       0.52766842  0.10047076  0.24062567
 1326     H   1.0  0.06834745       0.52867955  0.09700882  0.30596419
 1327     H   1.0  0.09554573       0.52403408  0.10167459  0.27874560
 1328     H   1.0  0.09084833       0.52308005  0.09910159  0.28697003
 1329     H   1.0  0.11994269       0.53462768  0.10563967  0.23978997
 1330     H   1.0  0.12572521       0.53595406  0.10399821  0.23432253
 1331     H   1.0  0.03264548       0.52491748  0.09843664  0.34400040
 1332     H   1.0  0.09447643       0.52964306  0.09922149  0.27665902
 1333     H   1.0  0.09872138       0.53245968  0.08940857  0.27941038
 1334     H   1.0  0.13780947       0.53050965  0.09254225  0.23913863
 1335     H   1.0  0.07903586       0.52672213  0.09894107  0.29530094
 1336     H   1.0  0.03644692       0.52459276  0.09857425  0.34038607
 1337     H   1.0  0.15140295       0.53215832  0.08117024  0.23526850
 1338     H   1.0  0.15472054       0.53001887  0.08171849  0.23354210
 1339     H   1.0  0.14717378       0.52333832  0.09979066  0.22969725
 1340     H   1.0  0.08150593       0.52588403  0.10154780  0.29106224
 1341     H   1.0  0.14104360       0.53235012  0.09153211  0.23507417
 1342     H   1.0  0.13937506       0.53063023  0.09732215  0.23267256
 1343     H   1.0  0.11975748       0.53028512  0.10356216  0.24639524
 1344     H   1.0  0.12582176       0.52908289  0.10653553  0.23855981
 1345     H   1.0  0.09218742       0.52409875  0.09726764  0.28644618
 1346     H   1.0  0.13152814       0.53078794  0.09696390  0.24072001
 1347     H   1.0  0.13705841       0.52724361  0.10535070  0.23034728
 1348     H   1.0  0.10582063       0.53096849  0.10406782  0.25914305
 1349     H   1.0  0.14103427       0.52800632  0.09926731  0.23169211
 1350     H   1.0  0.14293391       0.53133500  0.09300850  0.23272259
 1351     H   1.0  0.09218316       0.52896190  0.09421728  0.28463767
 1352     H   1.0  0.11685161       0.52812278  0.09520981  0.25981580
 1353     H   1.0  0.10962138       0.52586842  0.10443922  0.26007099
 1354     H   1.0  0.13032198       0.52781343  0.10441596  0.23744862
 1355     H   1.0  0.05857635       0.52200687  0.09629972  0.32311705
 1356     H   1.0  0.10619365       0.52447134  0.10278974  0.26654526
 1357     H   1.0  0.13824399       0.52845812  0.09873608  0.23456180
 1358     H   1.0  0.10429467       0.53462011  0.09997787  0.26110735
 1359     H   1.0  0.14677477       0.52288085  0.10287225  0.22747213
 1360     H   1.0  0.12383743       0.53087127  0.10511809  0.24017321
 1361     H   1.0  0.09132153       0.53238600  0.09466367  0.28162879
 1362     H   1.0  0.14006026       0.53307998  0.08933129  0.23752847
 1363     H   1.0  0.08343039       0.53164113  0.10613821  0.27879027
 1364     H   1.0  0.06688028       0.53034532  0.10615539  0.29661901
 1365     H   1.0  0.12986881       0.52943408  0.09180963  0.24888747
 1366     H   1.0  0.09637556       0.52824289  0.09282275  0.28255881
 1367     H   1.0  0.01357117       0.52937418  0.10183274  0.35522190
 1368     H   1.0  0.08312581       0.52963924  0.10128402  0.28595092
 1369     H   1.0  0.11721255       0.53246480  0.09512309  0.25519956
 1370     H   1.0  0.14719144       0.53033179  0.09116694  0.23130983
 1371     H   1.0  0.07855651       0.53042513  0.10433190  0.28668646
 1372     H   1.0  0.10778026       0.52783900  0.10156721  0.26281353
 1373     H   1.0  0.10058804       0.53096670  0.10329743  0.26514783
 1374     H   1.0  0.06618755       0.52913922  0.09985410  0.30481914
 1375     H   1.0  0.14241460       0.52914679  0.09495197  0.23348664
 1376     H   1.0  0.11167300       0.53095955  0.09603839  0.26132906
 1377     H   1.0  0.07722453       0.51729852  0.09757368  0.30790327
 1378     H   1.0  0.08162070       0.51614857  0.10023823  0.30199249
 1379     H   1.0  0.11060290       0.53135461  0.09456807  0.26347443
 1380     H   1.0  0.09654760       0.53572458  0.08954135  0.27818647
 1381     H   1.0  0.11773585       0.53236377  0.09463475  0.25526563
 1382     H   1.0  0.13305302       0.53123772  0.10038324  0.23532602
 1383     H   1.0  0.10445461       0.53184438  0.10024855  0.26345246
 1384     H   1.0  0.06882896       0.53183204  0.09802467  0.30131433
 1385     H   1.0  0.04643404       0.52286011  0.09847447  0.33223138
 1386     H   1.0  0.09703706       0.52329963  0.10458464  0.27507866
 1387     H   1.0  0.15223792       0.52858430  0.08557956  0.23359822
 1388     H   1.0  0.15130147       0.52838850  0.09201740  0.22829262
 1389     H   1.0  0.14370453       0.52939337  0.09629514  0.23060696
 1390     H   1.0  0.14644490       0.52876985  0.09565278  0.22913247
 1391     H   1.0  0.14784384       0.53003621  0.08880020  0.23331975
 1392     H   1.0  0.14480980       0.53582299  0.08324885  0.23611836
 1393     H   1.0  0.08919021       0.52773184  0.10122661  0.28185135
 1394     H   1.0  0.07467086       0.53083771  0.10443396  0.29005747
 1395     H   1.0  0.14186534       0.53162801  0.09384146  0.23266519
 1396     H   1.0  0.13901829       0.53525543  0.09124663  0.23447965
 1397     H   1.0  0.10170721       0.52940387  0.09416758  0.27472135
 1398     H   1.0  0.10106774       0.53268725  0.09455863  0.27168638
 1399     H   1.0  0.13795836       0.52943850  0.10196784  0.23063530
 1400     H   1.0  0.11891122       0.53250885  0.09838514  0.25019479
 1401     H   1.0  0.12164630       0.53083289  0.10469805  0.24282276
 1402     H   1.0  0.09252369       0.53218222  0.09731861  0.27797548
 1403     H   1.0  0.05431650       0.52918983  0.09137148  0.32512219
 1404     H   1.0  0.14264003       0.52818584  0.09435503  0.23481909
 1405     H   1.0  0.13952751       0.52894455  0.09397483  0.23755310
 1406     H   1.0  0.14746946       0.52855819  0.09733722  0.22663512
 1407     H   1.0  0.15119673       0.52878106  0.09021058  0.22981164
 1408     H   1.0  0.15353356       0.52628434  0.09295256  0.22722954
 1409     H   1.0  0.12073632       0.52682900  0.10239695  0.25003773
 1410     H   1.0  0.05644663       0.53001273  0.09558439  0.31795625
 1411     H   1.0  0.04906578       0.52969432  0.09939604  0.32184386
 1412     H   1.0  0.09186155       0.53015536  0.10031499  0.27766810
 1413     H   1.0  0.09055613       0.52594149  0.09964398  0.28385840
 1414     H   1.0  0.11854142       0.52608955  0.10001359  0.25535544
 1415     H   1.0  0.13547991       0.52218705  0.10037562  0.24195741
 1416     H   1.0  0.14585444       0.52293062  0.10403239  0.22718255
 1417     H   1.0  0.04852454       0.53274506  0.10598362  0.31274678
 1418     H   1.0  0.08236949       0.53081489  0.10464935  0.28216627
 1419     H   1.0  0.06997722       0.53042924  0.10315128  0.29644226
 1420     H   1.0  0.08002866       0.52862602  0.10365979  0.28768552
 1421     H   1.0  0.12158545       0.52362168  0.09934840  0.25544446
 1422     H   1.0  0.13031201       0.52744097  0.10190506  0.24034196
 1423     H   1.0  0.15122521       0.53027940  0.08717557  0.23131982
 1424     H   1.0  0.15326992       0.52898663  0.08828053  0.22946292
 1425     H   1.0  0.05661915       0.52549136  0.10131511  0.31657438
 1426     H   1.0  0.10746022       0.52892041  0.10147232  0.26214705
 1427     H   1.0  0.07855935       0.52901679  0.09465346  0.29777040
 1428     H   1.0  0.12783006       0.53473794  0.09223562  0.24519638
 1429     H   1.0  0.08740493       0.52078366  0.09865002  0.29316138
 1430     H   1.0  0.13900626       0.52060205  0.10221701  0.23817468
 1431     H   1.0  0.09783950       0.53245634  0.09413973  0.27556443
 1432     H   1.0  0.13867266       0.53193283  0.09267383  0.23672068
 1433     H   1.0  0.15201719       0.52720487  0.09270854  0.22806940
 1434     H   1.0  0.11639857       0.52851623  0.09429018  0.26079502
 1435     H   1.0  0.10911990       0.53620499  0.10317892  0.25149619
 1436     H   1.0  0.11637013       0.53266639  0.10163741  0.24932608
 1437     H   1.0  0.15184437       0.53017026  0.08457011  0.23341526
 1438     H   1.0  0.15301524       0.52999395  0.08727186  0.22971894
 1439     H   1.0  0.09939039       0.53436291  0.10456242  0.26168427
 1440     H   1.0  0.08781574       0.52797139  0.10190754  0.28230534
 1441     H   1.0  0.11759321       0.52916425  0.10822374  0.24501880
 1442     H   1.0  0.11761013       0.53129852  0.10769147  0.24339988
 1443     H   1.0  0.13184876       0.53155452  0.10082483  0.23577189
 1444     H   1.0  0.12911798       0.53049439  0.10881624  0.23157138
 1445     H   1.0  0.09467582       0.53238428  0.10387366  0.26906624
 1446     H   1.0  0.08262660       0.53048432  0.10221050  0.28467858
 1447     H   1.0  0.06046084       0.52817225  0.10410438  0.30726252
 1448     H   1.0  0.11908317       0.52845347  0.10344256  0.24902080
 1449     H   1.0  0.10668784       0.52858824  0.10220464  0.26251929
 1450     H   1.0  0.04775969       0.52167982  0.10145434  0.32910615
 1451     H   1.0  0.10074225       0.52402914  0.10258796  0.27264065
 1452     H   1.0  0.07115663       0.52302897  0.10190262  0.30391178
 1453     H   1.0  0.08543190       0.53029728  0.10269549  0.28157533
 1454     H   1.0  0.10308009       0.53432244  0.10488901  0.25770845
 1455     H   1.0  0.10767829       0.52907211  0.09947471  0.26377490
 1456     H   1.0  0.11237151       0.52969599  0.10347852  0.25445398
 1457     H   1.0  0.13207961       0.53234881  0.10319879  0.23237279
 1458     H   1.0  0.07752901       0.53232342  0.10425028  0.28589729
 1459     H   1.0  0.13894049       0.52897114  0.09980076  0.23228762
 1460     H   1.0  0.08701548       0.53338349  0.10094472  0.27865631
 1461     H   1.0  0.14694450       0.52894646  0.09327591  0.23083313
 1462     H   1.0  0.14255239       0.52698946  0.09819966  0.23225849
 1463     H   1.0  0.04815291       0.52322739  0.10115449  0.32746521
 1464     H   1.0  0.09896880       0.52820110  0.10360186  0.26922824
 1465     H   1.0  0.13475426       0.52665204  0.10248890  0.23610480
 1466     H   1.0  0.05316209       0.51960218  0.10192643  0.32530930
 1467     H   1.0  0.10927260       0.52849823  0.09862618  0.26360299
 1468     H   1.0  0.06270245       0.52672714  0.09518809  0.31538232
 1469     H   1.0  0.14637225       0.52981371  0.08870687  0.23510718
 1470     H   1.0  0.12169542       0.52927667  0.09473318  0.25429473
 1471     H   1.0  0.14486356       0.52970928  0.09578060  0.22964655
 1472     H   1.0  0.08084924       0.52971476  0.09122249  0.29821351
 1473     H   1.0  0.10884522       0.52773225  0.10008269  0.26333984
 1474     H   1.0  0.11890889       0.53013241  0.09933648  0.25162221
 1475     H   1.0  0.10981339       0.52685857  0.10319791  0.26013013
 1476     H   1.0  0.13981981       0.52569616  0.10400289  0.23048114
 1477     H   1.0  0.04617032       0.52021533  0.10137355  0.33224080
 1478     H   1.0  0.09257338       0.52575690  0.10099241  0.28067731
 1479     H   1.0  0.14692761       0.53204817  0.08598073  0.23504350
 1480     H   1.0  0.15072953       0.52880889  0.08714130  0.23332028
 1481     H   1.0  0.11640591       0.53082877  0.09752422  0.25524110
 1482     H   1.0  0.14316498       0.52994442  0.09252395  0.23436665
 1483     H   1.0  0.02669467       0.52282917  0.09943547  0.35104068
 1484     H   1.0  0.12471243       0.52872020  0.10095587  0.24561150
 1485     H   1.0  0.12826500       0.52928048  0.10102282  0.24143169
 1486     H   1.0  0.07480367       0.52970600  0.09784360  0.29764672
 1487     H   1.0  0.14128797       0.53190160  0.09112784  0.23568259
 1488     H   1.0  0.13928153       0.53304905  0.09299214  0.23467728
 1489     H   1.0  0.13581984       0.52760464  0.10281099  0.23376452
 1490     H   1.0  0.13309331       0.53251845  0.09895153  0.23543671
 1491     H   1.0  0.14337585       0.53001314  0.09376592  0.23284508
 1492     H   1.0  0.14592185       0.52735358  0.09389781  0.23282675
 1493     H   1.0  0.06141677       0.52797794  0.09059615  0.32000913
 1494     H   1.0  0.12641864       0.53161967  0.09731851  0.24464319
 1495     H   1.0  0.09031320       0.52687079  0.10404932  0.27876669
 1496     H   1.0  0.13504365       0.52647716  0.10485455  0.23362464
 1497     H   1.0  0.10289951       0.52618504  0.09855349  0.27236196
 1498     H   1.0  0.03548039       0.52321595  0.09293497  0.34836870
 1499     H   1.0  0.14655955       0.52989089  0.08794718  0.23560237
 1500     H   1.0  0.06967107       0.52831316  0.09347240  0.30854337
 1501     H   1.0  0.12524734       0.52775121  0.11015747  0.23684397
 1502     H   1.0  0.11524938       0.52743679  0.11021069  0.24710314
 1503     H   1.0  0.12104571       0.53268045  0.10905366  0.23722018
 1504     H   1.0  0.09781232       0.53151870  0.10752644  0.26314255
 1505     H   1.0  0.13618464       0.52700418  0.10144473  0.23536645
 1506     H   1.0  0.06684563       0.52125597  0.10084423  0.31105417
 1507     H   1.0  0.13068573       0.52445167  0.10177188  0.24309071
 1508     H   1.0  0.07462306       0.52586675  0.10149211  0.29801808
 1509     H   1.0  0.14281957       0.53108621  0.09324626  0.23284796
 1510     H   1.0  0.11585533       0.52968371  0.08801466  0.26644630
 1511     H   1.0  0.08066564       0.52426809  0.10229015  0.29277612
 1512     H   1.0  0.11735671       0.52587712  0.10192874  0.25483743
 1513     H   1.0  0.13468719       0.53193474  0.09357959  0.23979849
 1514     H   1.0  0.11031137       0.53383869  0.09116248  0.26468746
 1515     H   1.0  0.15236975       0.53133500  0.08066173  0.23563352
 1516     H   1.0  0.09638993       0.53168887  0.08647040  0.28545081
 1517     H   1.0  0.10078872       0.53322440  0.10553710  0.26044977
 1518     H   1.0  0.11967529       0.53367841  0.10050481  0.24614149
 1519     H   1.0  0.15342088       0.52551830  0.09056309  0.23049773
 1520     H   1.0  0.10796947       0.52976006  0.09512930  0.26714117
 1521     H   1.0  0.09713526       0.53003275  0.09348262  0.27934936
 1522     H   1.0  0.14772488       0.53049695  0.08881465  0.23296352
 1523     H   1.0  0.10709862       0.52898884  0.09972628  0.26418626
 1524     H   1.0  0.10516221       0.52804458  0.10314377  0.26364944
 1525     H   1.0  0.15030348       0.53003681  0.08760224  0.23205747
 1526     H   1.0  0.13840681       0.53060406  0.09150480  0.23948433
 1527     H   1.0  0.02421968       0.52671862  0.09871431  0.35034739
 1528     H   1.0  0.09859240       0.52831388  0.10093854  0.27215518
 1529     H   1.0  0.15091667       0.52449012  0.09107985  0.23351336
 1530     H   1.0  0.04259801       0.52266061  0.09547751  0.33926386
 1531     H   1.0  0.15420852       0.52692604  0.08934197  0.22952347
 1532     H   1.0  0.15125158       0.52921402  0.08888935  0.23064505
 1533     H   1.0  0.05492866       0.52795810  0.10293950  0.31417374
 1534     H   1.0  0.12470032       0.53047085  0.10711050  0.23771834
 1535     H   1.0  0.08019102       0.52858627  0.09226924  0.29895347
 1536     H   1.0  0.08708002       0.53005111  0.09012873  0.29274014
 largest Wiberg (=(PS)*(SP)) bond orders for each atom
           total WBO             WBO to atom > 0.05 ...
     1  O    1.46979674    H  514  0.76227317    H  513  0.74829660
     2  O    1.40980824    H  516  0.74886427    H  515  0.72131247
     3  O    1.44872493    H  517  0.76831544    H  518  0.75152815
     4  O    1.45788622    H  520  0.77115105    H  519  0.77071900
     5  O    1.39379089    H  521  0.74258333    H  522  0.73597758
     6  O    1.46777172    H  524  0.74983243    H  523  0.72304344
     7  O    1.44593244    H  526  0.73294300    H  525  0.72752938    H  859  0.05469780
     8  O    1.40323059    H  527  0.74119325    H  528  0.73664738
     9  O    1.40261773    H  530  0.76709805    H  529  0.74643785
    10  O    1.43420420    H  531  0.76495062    H  532  0.74169707
    11  O    1.40457951    H  533  0.73768996    H  534  0.73444712
    12  O    1.42385009    H  536  0.75502782    H  535  0.74775095
    13  O    1.43168667    H  537  0.74445651    H  538  0.74363580
    14  O    1.45654564    H  539  0.77555992    H  540  0.74885982
    15  O    1.45111181    H  541  0.73775589    H  542  0.73612555
    16  O    1.48239095    H  544  0.76878578    H  543  0.76319194
    17  O    1.45922581    H  545  0.76504714    H  546  0.74441578
    18  O    1.44267216    H  547  0.75942934    H  548  0.74972665
    19  O    1.41352434    H  550  0.76192696    H  549  0.74063343
    20  O    1.37854642    H  552  0.73581878    H  551  0.72815332
    21  O    1.44714150    H  554  0.75626586    H  553  0.73637412
    22  O    1.42615512    H  556  0.75656203    H  555  0.74581044
    23  O    1.41117215    H  557  0.75621530    H  558  0.75097424
    24  O    1.45202167    H  559  0.76325955    H  560  0.76091549
    25  O    1.37694041    H  561  0.74254470    H  562  0.73087912
    26  O    1.44212975    H  564  0.75947957    H  563  0.72665995
    27  O    1.43989489    H  565  0.75614474    H  566  0.73609247
    28  O    1.43438923    H  568  0.76102504    H  567  0.74874680
    29  O    1.42614619    H  569  0.75397216    H  570  0.73231078
    30  O    1.41882890    H  572  0.76016548    H  571  0.75208515
    31  O    1.41853716    H  573  0.74648392    H  574  0.74549059
    32  O    1.39837374    H  575  0.73934832    H  576  0.72606161
    33  O    1.43472652    H  577  0.76448875    H  578  0.75605898
    34  O    1.46054958    H  580  0.76573549    H  579  0.75003167
    35  O    1.43460517    H  581  0.77540966    H  582  0.75104735
    36  O    1.46892597    H  584  0.75000225    H  583  0.72892135
    37  O    1.43138280    H  586  0.76434963    H  585  0.74023493
    38  O    1.44949787    H  588  0.73197475    H  587  0.72641804
    39  O    1.46628246    H  589  0.75871269    H  590  0.75677458
    40  O    1.43327526    H  591  0.75578172    H  592  0.74951181
    41  O    1.40073622    H  593  0.75714614    H  594  0.74275394
    42  O    1.44829212    H  596  0.77014215    H  595  0.75823054
    43  O    1.46470921    H  598  0.77365358    H  597  0.76128649
    44  O    1.40840473    H  600  0.74795256    H  599  0.73971357
    45  O    1.46383268    H  602  0.75188682    H  601  0.73245848
    46  O    1.49266496    H  603  0.75721204    H  604  0.75377494
    47  O    1.47190221    H  605  0.76130393    H  606  0.75061353
    48  O    1.41275605    H  607  0.73232551    H  608  0.71968345
    49  O    1.48379939    H  610  0.74075634    H  609  0.73957575
    50  O    1.43053701    H  611  0.76297002    H  612  0.76110038
    51  O    1.43849246    H  614  0.75903981    H  613  0.75662015
    52  O    1.44618470    H  615  0.74664105    H  616  0.71984078
    53  O    1.45591386    H  617  0.77870172    H  618  0.75084416
    54  O    1.45573680    H  620  0.78411301    H  619  0.78357864
    55  O    1.45463906    H  621  0.76085667    H  622  0.73299614
    56  O    1.36683048    H  624  0.73391502    H  623  0.72558290
    57  O    1.44966832    H  625  0.74087350    H  626  0.72641909
    58  O    1.43680816    H  627  0.74889071    H  628  0.74635903
    59  O    1.42615216    H  629  0.74446220    H  630  0.72764815
    60  O    1.45484548    H  632  0.77966850    H  631  0.75645551
    61  O    1.41103029    H  633  0.77172403    H  634  0.76015727
    62  O    1.46305642    H  635  0.79789752    H  636  0.77343696
    63  O    1.41925441    H  637  0.75680158    H  638  0.74485605
    64  O    1.41946606    H  639  0.75203644    H  640  0.74437756
    65  O    1.47280750    H  641  0.76510293    H  642  0.74637678
    66  O    1.43309067    H  644  0.76282995    H  643  0.72890349
    67  O    1.45737841    H  646  0.78052464    H  645  0.76444444
    68  O    1.40090306    H  648  0.76947613    H  647  0.74750861
    69  O    1.44853447    H  650  0.73993301    H  649  0.73413685
    70  O    1.41429940    H  651  0.72396778    H  652  0.71624986    H 1207  0.05045918
    71  O    1.44687800    H  654  0.76048069    H  653  0.74450068
    72  O    1.44323533    H  656  0.74953619    H  655  0.74828568
    73  O    1.45199344    H  658  0.75510869    H  657  0.75098878
    74  O    1.42119281    H  659  0.76651751    H  660  0.72597437
    75  O    1.47639232    H  661  0.77208015    H  662  0.76266852
    76  O    1.41495636    H  664  0.76004689    H  663  0.75630167
    77  O    1.47561439    H  666  0.76306192    H  665  0.75226767
    78  O    1.41503185    H  667  0.78254121    H  668  0.75038292
    79  O    1.47266551    H  670  0.75365377    H  669  0.74801756
    80  O    1.39019040    H  671  0.75720366    H  672  0.72101154
    81  O    1.40879323    H  674  0.75633085    H  673  0.72212288
    82  O    1.45724074    H  675  0.74378329    H  676  0.73412953
    83  O    1.40849817    H  678  0.75021492    H  677  0.73096862
    84  O    1.51267167    H  679  0.76669788    H  680  0.74778158
    85  O    1.46956748    H  682  0.78483019    H  681  0.76317845
    86  O    1.46248043    H  683  0.78188304    H  684  0.77686732
    87  O    1.45719153    H  685  0.76151448    H  686  0.75897671
    88  O    1.43755213    H  688  0.76586867    H  687  0.74445403
    89  O    1.45590014    H  690  0.76320618    H  689  0.74591691
    90  O    1.44518038    H  691  0.78395187    H  692  0.76692936
    91  O    1.43824661    H  694  0.75376585    H  693  0.74903403
    92  O    1.42692876    H  695  0.76908934    H  696  0.74726339
    93  O    1.42017429    H  697  0.74755132    H  698  0.74533446
    94  O    1.41206313    H  699  0.76483602    H  700  0.75401034
    95  O    1.44020696    H  701  0.75872299    H  702  0.75464907
    96  O    1.45790768    H  703  0.75328440    H  704  0.74207990
    97  O    1.43644597    H  705  0.76967940    H  706  0.75297244
    98  O    1.44675387    H  707  0.76938088    H  708  0.75630229
    99  O    1.44283132    H  709  0.74953858    H  710  0.73921605
   100  O    1.45100356    H  712  0.77544871    H  711  0.75213224
   101  O    1.43792548    H  713  0.77191273    H  714  0.76541000
   102  O    1.46338663    H  716  0.76304178    H  715  0.74098938
   103  O    1.46396584    H  718  0.78278915    H  717  0.76463994
   104  O    1.47260103    H  719  0.76304643    H  720  0.75535054
   105  O    1.43210768    H  721  0.77676168    H  722  0.75758775
   106  O    1.46742818    H  724  0.73945515    H  723  0.72825893
   107  O    1.43967012    H  725  0.74894535    H  726  0.74299802
   108  O    1.40406949    H  727  0.75857633    H  728  0.75224216
   109  O    1.43115141    H  729  0.75572750    H  730  0.74370826
   110  O    1.47182160    H  732  0.74553404    H  731  0.74466939
   111  O    1.46544105    H  733  0.76336737    H  734  0.75688893
   112  O    1.45380810    H  735  0.75311918    H  736  0.73081451
   113  O    1.40700723    H  737  0.74339244    H  738  0.72800498
   114  O    1.48061344    H  739  0.76031684    H  740  0.74631311
   115  O    1.42120405    H  742  0.74953179    H  741  0.71718264
   116  O    1.46998502    H  744  0.75732840    H  743  0.74492915
   117  O    1.44025184    H  745  0.75279313    H  746  0.74001606
   118  O    1.48509797    H  747  0.75564156    H  748  0.74993027
   119  O    1.42786430    H  749  0.74347753    H  750  0.73220262
   120  O    1.47515269    H  752  0.78748815    H  751  0.76742483
   121  O    1.41668139    H  754  0.74722594    H  753  0.73306622
   122  O    1.47735127    H  755  0.76816124    H  756  0.75716551
   123  O    1.42902427    H  758  0.78484581    H  757  0.74075032
   124  O    1.42369562    H  759  0.75451142    H  760  0.73655889
   125  O    1.45725951    H  761  0.77076589    H  762  0.75292177
   126  O    1.44964500    H  763  0.77030668    H  764  0.75283889
   127  O    1.41448709    H  766  0.77587998    H  765  0.73014158
   128  O    1.46795411    H  768  0.75910070    H  767  0.75625898
   129  O    1.41608979    H  770  0.76425385    H  769  0.74292247
   130  O    1.44373175    H  772  0.74512194    H  771  0.74177151
   131  O    1.43185286    H  773  0.75539801    H  774  0.74360732
   132  O    1.47780584    H  776  0.76819400    H  775  0.75565233
   133  O    1.42915315    H  778  0.75027722    H  777  0.73642900
   134  O    1.48599589    H  779  0.75620151    H  780  0.74821597
   135  O    1.45013859    H  781  0.75611216    H  782  0.75255666
   136  O    1.43544776    H  783  0.76531088    H  784  0.74317192
   137  O    1.41728326    H  786  0.77759848    H  785  0.75594976
   138  O    1.48029954    H  787  0.78194839    H  788  0.77856915
   139  O    1.39795486    H  789  0.74241611    H  790  0.73139416
   140  O    1.43293021    H  792  0.75342593    H  791  0.75325752
   141  O    1.42533747    H  793  0.76392231    H  794  0.73906271
   142  O    1.43170152    H  795  0.76224143    H  796  0.73486529
   143  O    1.42646002    H  797  0.76989755    H  798  0.76413892
   144  O    1.42689929    H  800  0.74347135    H  799  0.73403442
   145  O    1.41735795    H  801  0.74653420    H  802  0.73954864
   146  O    1.33556548    H  804  0.71740047    H  803  0.70042398
   147  O    1.40718917    H  805  0.75231851    H  806  0.73917885
   148  O    1.42611593    H  807  0.73609916    H  808  0.73517886
   149  O    1.43635526    H  809  0.75237866    H  810  0.71925808
   150  O    1.42934999    H  811  0.73110124    H  812  0.70963842    H  900  0.05462938
   151  O    1.47783273    H  814  0.75117803    H  813  0.73183399
   152  O    1.45594993    H  815  0.76754735    H  816  0.76595481
   153  O    1.42067319    H  818  0.76511470    H  817  0.74730365
   154  O    1.43100641    H  819  0.74651498    H  820  0.74343732
   155  O    1.44927370    H  822  0.75012383    H  821  0.74610169
   156  O    1.41440988    H  824  0.76454022    H  823  0.75475859
   157  O    1.40995855    H  825  0.76646502    H  826  0.72367085
   158  O    1.46337788    H  827  0.77113863    H  828  0.75128954
   159  O    1.44395563    H  830  0.75354225    H  829  0.73682326
   160  O    1.47574317    H  832  0.78017175    H  831  0.75875368
   161  O    1.46344774    H  833  0.77196909    H  834  0.76515484
   162  O    1.43990403    H  836  0.73995796    H  835  0.73489047
   163  O    1.47439352    H  837  0.75839539    H  838  0.74892260
   164  O    1.46101317    H  840  0.77873858    H  839  0.77615090
   165  O    1.40424986    H  842  0.74263389    H  841  0.72124579
   166  O    1.45499801    H  843  0.76374206    H  844  0.74583449
   167  O    1.50224150    H  845  0.76930593    H  846  0.75679587
   168  O    1.45345540    H  848  0.76315193    H  847  0.75452365
   169  O    1.43010958    H  850  0.75249894    H  849  0.72777781
   170  O    1.40260141    H  851  0.75612293    H  852  0.74798526
   171  O    1.43025089    H  854  0.77094142    H  853  0.75774838
   172  O    1.47048895    H  856  0.76267916    H  855  0.74669094
   173  O    1.42114636    H  857  0.74965462    H  858  0.74785662
   174  O    1.44016888    H  860  0.75505487    H  859  0.74585126
   175  O    1.44442421    H  861  0.73164343    H  862  0.72732013
   176  O    1.45449033    H  863  0.75601399    H  864  0.74137950
   177  O    1.42320747    H  866  0.74537902    H  865  0.73293104
   178  O    1.45105729    H  868  0.75667459    H  867  0.75542205
   179  O    1.42602007    H  870  0.75698320    H  869  0.74209428
   180  O    1.45446750    H  872  0.75621214    H  871  0.74141550
   181  O    1.39089563    H  874  0.74074214    H  873  0.73747607
   182  O    1.46168429    H  875  0.76494933    H  876  0.74938145
   183  O    1.44044066    H  878  0.76515889    H  877  0.75115372
   184  O    1.41710467    H  880  0.75973383    H  879  0.72853170
   185  O    1.45231207    H  882  0.78343692    H  881  0.76790077
   186  O    1.46284764    H  883  0.76278140    H  884  0.75480589
   187  O    1.44262922    H  886  0.77406612    H  885  0.74525289
   188  O    1.43378662    H  888  0.75258270    H  887  0.74291849
   189  O    1.41475526    H  890  0.75339981    H  889  0.73673034
   190  O    1.44036737    H  891  0.75721703    H  892  0.75105995
   191  O    1.45074805    H  893  0.75532270    H  894  0.74366598
   192  O    1.43046487    H  896  0.76240462    H  895  0.74810331
   193  O    1.44426882    H  897  0.76707128    H  898  0.75372712
   194  O    1.41781247    H  899  0.73427080    H  900  0.71728815
   195  O    1.38112332    H  902  0.74239325    H  901  0.73025530
   196  O    1.48592808    H  903  0.75142407    H  904  0.74274181
   197  O    1.43766073    H  905  0.74888758    H  906  0.74740443
   198  O    1.44572193    H  908  0.76184908    H  907  0.72720822
   199  O    1.45472044    H  909  0.75597767    H  910  0.75217586
   200  O    1.43527325    H  912  0.76262151    H  911  0.73405728
   201  O    1.46025853    H  914  0.77133859    H  913  0.75052413
   202  O    1.45990219    H  915  0.77692980    H  916  0.75469697
   203  O    1.42759776    H  917  0.77321910    H  918  0.74754361
   204  O    1.39167932    H  919  0.75162124    H  920  0.74953838
   205  O    1.43351878    H  921  0.76577424    H  922  0.76105608
   206  O    1.47433986    H  924  0.76942920    H  923  0.75872203
   207  O    1.40739850    H  925  0.74067681    H  926  0.71445416
   208  O    1.46269404    H  927  0.74836112    H  928  0.73582786
   209  O    1.41494110    H  930  0.74311174    H  929  0.73281943
   210  O    1.44856593    H  931  0.77316460    H  932  0.76638776
   211  O    1.38114947    H  933  0.72857789    H  934  0.71164794
   212  O    1.42610604    H  935  0.75589610    H  936  0.72347769
   213  O    1.47309096    H  937  0.76923914    H  938  0.75515881
   214  O    1.38415192    H  939  0.73970731    H  940  0.71961858
   215  O    1.41619765    H  941  0.77113812    H  942  0.76726794
   216  O    1.45769313    H  943  0.76065886    H  944  0.75288485
   217  O    1.47951194    H  946  0.76834915    H  945  0.76140757
   218  O    1.44216875    H  948  0.75062197    H  947  0.74409235
   219  O    1.46564796    H  950  0.74324636    H  949  0.73154047
   220  O    1.46397321    H  951  0.72314505    H  952  0.72029436    H  804  0.05909777
   221  O    1.40794938    H  953  0.74590588    H  954  0.74270913
   222  O    1.48332767    H  955  0.75702508    H  956  0.74597569
   223  O    1.44577896    H  958  0.74562621    H  957  0.72572762
   224  O    1.45187184    H  960  0.74380839    H  959  0.74105683
   225  O    1.44776707    H  962  0.77581462    H  961  0.76029838
   226  O    1.42196614    H  963  0.76156996    H  964  0.72932700
   227  O    1.44222583    H  966  0.78092503    H  965  0.78078839
   228  O    1.46107803    H  967  0.76967261    H  968  0.75193759
   229  O    1.45312224    H  970  0.76077455    H  969  0.72958982
   230  O    1.45782176    H  971  0.76794740    H  972  0.76082040
   231  O    1.46024526    H  974  0.76933850    H  973  0.75944052
   232  O    1.41312140    H  975  0.74687066    H  976  0.74357163
   233  O    1.41762388    H  978  0.73101305    H  977  0.71364007    H  934  0.05926974
   234  O    1.45982288    H  979  0.74909927    H  980  0.74863149
   235  O    1.43967478    H  982  0.75777463    H  981  0.73255683
   236  O    1.38768298    H  983  0.74432921    H  984  0.72628000
   237  O    1.47278249    H  986  0.76022466    H  985  0.75824946
   238  O    1.40970186    H  987  0.76013199    H  988  0.74754654
   239  O    1.41168588    H  989  0.76634418    H  990  0.73393776
   240  O    1.40274520    H  991  0.76454117    H  992  0.75483273
   241  O    1.39509124    H  994  0.75221319    H  993  0.74463836
   242  O    1.45302540    H  996  0.73840521    H  995  0.73659251
   243  O    1.43709138    H  998  0.75155223    H  997  0.74264491
   244  O    1.49820860    H 1000  0.77897948    H  999  0.75278632
   245  O    1.48258983    H 1001  0.74933914    H 1002  0.73655375
   246  O    1.48577485    H 1004  0.76934210    H 1003  0.75626964
   247  O    1.41607934    H 1005  0.76072682    H 1006  0.74556717
   248  O    1.42481911    H 1007  0.75130835    H 1008  0.75073695
   249  O    1.42943612    H 1010  0.76174693    H 1009  0.72684939
   250  O    1.51012403    H 1012  0.75569284    H 1011  0.73650168    H 1103  0.05741851
   251  O    1.48460548    H 1014  0.75355260    H 1013  0.73728360    H 1009  0.05535325
   252  O    1.42003649    H 1016  0.74407829    H 1015  0.74134887
   253  O    1.44789500    H 1017  0.75341660    H 1018  0.73209804
   254  O    1.46212346    H 1019  0.74617798    H 1020  0.73675410
   255  O    1.39989141    H 1022  0.75774355    H 1021  0.74785648
   256  O    1.43941144    H 1023  0.75217623    H 1024  0.73392980
   257  O    1.43180214    H 1025  0.75644542    H 1026  0.75610245
   258  O    1.41455659    H 1028  0.75883971    H 1027  0.74766752
   259  O    1.49877170    H 1030  0.78788345    H 1029  0.77306909
   260  O    1.43917033    H 1031  0.77626153    H 1032  0.74601570
   261  O    1.46160401    H 1033  0.77961333    H 1034  0.75921288
   262  O    1.46040949    H 1036  0.76440761    H 1035  0.74876746
   263  O    1.41632284    H 1038  0.74161214    H 1037  0.74045341
   264  O    1.44067132    H 1040  0.75307997    H 1039  0.73326682
   265  O    1.43336755    H 1042  0.77027276    H 1041  0.75911885
   266  O    1.44820374    H 1043  0.75139475    H 1044  0.75035228
   267  O    1.39839889    H 1046  0.74548178    H 1045  0.73605414
   268  O    1.49101735    H 1047  0.77667866    H 1048  0.77504673
   269  O    1.40787691    H 1050  0.76449515    H 1049  0.73551082
   270  O    1.49417516    H 1052  0.76014673    H 1051  0.73672700
   271  O    1.37576243    H 1053  0.72807962    H 1054  0.70980218
   272  O    1.46483554    H 1055  0.74273291    H 1056  0.71216531    H 1144  0.05462581
   273  O    1.49470252    H 1058  0.78032899    H 1057  0.77504393
   274  O    1.39030951    H 1059  0.73538643    H 1060  0.69675902
   275  O    1.42627618    H 1062  0.75881417    H 1061  0.74805876
   276  O    1.47047877    H 1064  0.76966063    H 1063  0.75726783
   277  O    1.45834556    H 1066  0.75367575    H 1065  0.75188817
   278  O    1.43562094    H 1068  0.75391219    H 1067  0.74240192
   279  O    1.45069434    H 1070  0.76158193    H 1069  0.75955153
   280  O    1.43064068    H 1072  0.76155531    H 1071  0.74081501
   281  O    1.44735713    H 1074  0.78004298    H 1073  0.75960874
   282  O    1.43410945    H 1076  0.75481525    H 1075  0.75151516
   283  O    1.47199360    H 1078  0.74203723    H 1077  0.74170770
   284  O    1.44451427    H 1079  0.73828682    H 1080  0.73802715
   285  O    1.45466201    H 1082  0.76844001    H 1081  0.74826839
   286  O    1.44116660    H 1083  0.74305522    H 1084  0.72090336
   287  O    1.43899891    H 1085  0.77956775    H 1086  0.76427013
   288  O    1.46751154    H 1088  0.77480568    H 1087  0.76345048
   289  O    1.42721370    H 1090  0.76942251    H 1089  0.74780390
   290  O    1.39214125    H 1092  0.74387435    H 1091  0.72814675
   291  O    1.44617037    H 1093  0.76980743    H 1094  0.74283322
   292  O    1.44223044    H 1095  0.77302861    H 1096  0.75541585
   293  O    1.43566663    H 1097  0.76415582    H 1098  0.75345016
   294  O    1.46092424    H 1100  0.76456568    H 1099  0.75630045
   295  O    1.46516535    H 1101  0.77269292    H 1102  0.74803904
   296  O    1.45203129    H 1104  0.75182043    H 1103  0.74855107
   297  O    1.45935353    H 1105  0.74558543    H 1106  0.74476695
   298  O    1.39909139    H 1108  0.75127969    H 1107  0.71691327
   299  O    1.47103589    H 1109  0.78529626    H 1110  0.75562240
   300  O    1.37560980    H 1111  0.73282305    H 1112  0.73123563
   301  O    1.47359776    H 1113  0.75951803    H 1114  0.75715114
   302  O    1.45487179    H 1115  0.76879376    H 1116  0.76307246
   303  O    1.48254322    H 1118  0.76126938    H 1117  0.75074489
   304  O    1.40971335    H 1119  0.76059650    H 1120  0.70175525
   305  O    1.46699132    H 1122  0.75629087    H 1121  0.75337865
   306  O    1.43337650    H 1124  0.73964753    H 1123  0.72270482
   307  O    1.43271967    H 1126  0.74932065    H 1125  0.74703270
   308  O    1.40055606    H 1128  0.75756300    H 1127  0.74253616
   309  O    1.44060710    H 1130  0.78469406    H 1129  0.76484205
   310  O    1.41598693    H 1131  0.74424903    H 1132  0.71947169
   311  O    1.46553872    H 1134  0.76678578    H 1133  0.75052966
   312  O    1.42737604    H 1135  0.75609900    H 1136  0.75176041
   313  O    1.46491829    H 1138  0.74540347    H 1137  0.74390176
   314  O    1.40991564    H 1139  0.75263058    H 1140  0.74326424
   315  O    1.44612968    H 1142  0.78075233    H 1141  0.77913694
   316  O    1.42699127    H 1143  0.74199378    H 1144  0.71314844
   317  O    1.44426661    H 1146  0.76987421    H 1145  0.73524191
   318  O    1.44791163    H 1147  0.77221194    H 1148  0.74435695
   319  O    1.40470023    H 1149  0.74475046    H 1150  0.70618905
   320  O    1.47164620    H 1151  0.77707045    H 1152  0.75651773
   321  O    1.46204951    H 1153  0.75221128    H 1154  0.73778053
   322  O    1.40443637    H 1156  0.75211899    H 1155  0.72870061
   323  O    1.42729288    H 1158  0.76365480    H 1157  0.75397878
   324  O    1.39464814    H 1159  0.73869787    H 1160  0.72437050
   325  O    1.42996230    H 1162  0.75147418    H 1161  0.74879527
   326  O    1.41516953    H 1163  0.76147810    H 1164  0.74607753
   327  O    1.43615222    H 1165  0.77636790    H 1166  0.76266535
   328  O    1.45209738    H 1168  0.75290846    H 1167  0.75006338
   329  O    1.42659541    H 1170  0.73417867    H 1169  0.72576771
   330  O    1.40092999    H 1172  0.74956894    H 1171  0.74569469
   331  O    1.43575534    H 1174  0.76314713    H 1173  0.74925731
   332  O    1.45168946    H 1175  0.78036783    H 1176  0.77174170
   333  O    1.46761472    H 1177  0.77389822    H 1178  0.75410403
   334  O    1.46104637    H 1179  0.75259132    H 1180  0.74489106
   335  O    1.45941056    H 1182  0.75139002    H 1181  0.75090798
   336  O    1.43316189    H 1183  0.76342695    H 1184  0.72821364
   337  O    1.43953674    H 1186  0.75334116    H 1185  0.74412364
   338  O    1.44152358    H 1188  0.75797091    H 1187  0.73512754
   339  O    1.45297436    H 1189  0.75739663    H 1190  0.75214927
   340  O    1.47022832    H 1191  0.75324587    H 1192  0.74856103
   341  O    1.47780212    H 1193  0.77266902    H 1194  0.76199989
   342  O    1.47318614    H 1195  0.76427421    H 1196  0.74803506
   343  O    1.43510546    H 1197  0.74002491    H 1198  0.71016477
   344  O    1.45410957    H 1200  0.74605236    H 1199  0.73276998
   345  O    1.44319081    H 1201  0.75821355    H 1202  0.74095037
   346  O    1.39358365    H 1203  0.74185470    H 1204  0.70231598
   347  O    1.39419017    H 1205  0.76002649    H 1206  0.75191074
   348  O    1.39389017    H 1208  0.76529487    H 1207  0.73071257
   349  O    1.45268889    H 1210  0.76706643    H 1209  0.75828717
   350  O    1.40966256    H 1212  0.75157584    H 1211  0.73162285
   351  O    1.46048374    H 1213  0.75968427    H 1214  0.75502809
   352  O    1.45563014    H 1216  0.74173914    H 1215  0.73315448
   353  O    1.46454141    H 1218  0.77568981    H 1217  0.77306331
   354  O    1.43850360    H 1220  0.75856516    H 1219  0.73565250
   355  O    1.47066873    H 1221  0.77183220    H 1222  0.75189748
   356  O    1.41415404    H 1223  0.77007995    H 1224  0.73317204
   357  O    1.41478094    H 1225  0.76951368    H 1226  0.76301730
   358  O    1.44097884    H 1227  0.75566283    H 1228  0.74837982
   359  O    1.45703291    H 1230  0.75634923    H 1229  0.74993507
   360  O    1.40371292    H 1232  0.76711772    H 1231  0.74056148
   361  O    1.45023804    H 1233  0.76204070    H 1234  0.73729387
   362  O    1.45771574    H 1236  0.74679205    H 1235  0.74189648
   363  O    1.46280732    H 1237  0.77776244    H 1238  0.75616036
   364  O    1.46497180    H 1240  0.78116690    H 1239  0.77348809
   365  O    1.44152741    H 1241  0.77207433    H 1242  0.74768770
   366  O    1.43230085    H 1244  0.75410842    H 1243  0.74049675
   367  O    1.41217889    H 1245  0.76555583    H 1246  0.73970090
   368  O    1.44098059    H 1248  0.74115842    H 1247  0.70910052
   369  O    1.44763696    H 1250  0.78022776    H 1249  0.75592797
   370  O    1.45356426    H 1252  0.76809015    H 1251  0.74505023
   371  O    1.44579623    H 1254  0.75734077    H 1253  0.72791152
   372  O    1.44192221    H 1255  0.75783917    H 1256  0.74559409
   373  O    1.43121990    H 1258  0.74417474    H 1257  0.74119070
   374  O    1.43768474    H 1260  0.76363526    H 1259  0.73785612
   375  O    1.43822387    H 1262  0.76362087    H 1261  0.76054494
   376  O    1.45463521    H 1264  0.76814611    H 1263  0.76753415
   377  O    1.45177152    H 1266  0.75273888    H 1265  0.74983537
   378  O    1.47580414    H 1268  0.77053418    H 1267  0.75592825
   379  O    1.42357858    H 1269  0.73951079    H 1270  0.73345613
   380  O    1.42754591    H 1271  0.76839853    H 1272  0.76025689
   381  O    1.36135585    H 1274  0.72798428    H 1273  0.72094426
   382  O    1.45118618    H 1275  0.74492877    H 1276  0.73639762
   383  O    1.43856526    H 1277  0.73898074    H 1278  0.73029352
   384  O    1.46241984    H 1279  0.77435197    H 1280  0.73600457
   385  O    1.43512878    H 1282  0.75105644    H 1281  0.74972668
   386  O    1.47012969    H 1283  0.78072952    H 1284  0.77999419
   387  O    1.41212925    H 1286  0.75453826    H 1285  0.73692761
   388  O    1.44418288    H 1288  0.77569880    H 1287  0.75306297
   389  O    1.46725454    H 1290  0.76356658    H 1289  0.74928863
   390  O    1.43455426    H 1292  0.74519884    H 1291  0.72641593
   391  O    1.48964637    H 1293  0.76276997    H 1294  0.74076473
   392  O    1.40332031    H 1295  0.74493447    H 1296  0.71594805
   393  O    1.43110313    H 1297  0.74695306    H 1298  0.73939598
   394  O    1.45291500    H 1299  0.77621954    H 1300  0.75124207
   395  O    1.42884247    H 1302  0.75000205    H 1301  0.74719970
   396  O    1.44341602    H 1304  0.76892465    H 1303  0.74507820
   397  O    1.40552704    H 1306  0.74152259    H 1305  0.73972348
   398  O    1.40218864    H 1308  0.76904471    H 1307  0.75627344
   399  O    1.42393949    H 1310  0.76841010    H 1309  0.76322190
   400  O    1.45915705    H 1312  0.74512780    H 1311  0.74116751
   401  O    1.44493695    H 1313  0.76398787    H 1314  0.75659082
   402  O    1.49062304    H 1316  0.77358929    H 1315  0.75992408
   403  O    1.46836106    H 1317  0.77631776    H 1318  0.77350639
   404  O    1.41968168    H 1320  0.76009444    H 1319  0.74563324
   405  O    1.38406837    H 1322  0.75615805    H 1321  0.71818916
   406  O    1.44412175    H 1324  0.75734790    H 1323  0.74848100
   407  O    1.40791718    H 1326  0.76636497    H 1325  0.73852177
   408  O    1.39417609    H 1328  0.73390860    H 1327  0.72834793
   409  O    1.48907824    H 1329  0.78430913    H 1330  0.77750161
   410  O    1.42349399    H 1332  0.77328403    H 1331  0.75396706
   411  O    1.45461610    H 1333  0.74771734    H 1334  0.73606661
   412  O    1.42352108    H 1336  0.74921974    H 1335  0.74480794
   413  O    1.48456938    H 1337  0.74965458    H 1338  0.73543232
   414  O    1.44114335    H 1340  0.75090031    H 1339  0.73955003
   415  O    1.45799307    H 1341  0.76265391    H 1342  0.74783014
   416  O    1.47089203    H 1343  0.76466682    H 1344  0.75163842
   417  O    1.44165647    H 1346  0.75689484    H 1345  0.74154623
   418  O    1.42812235    H 1348  0.76767417    H 1347  0.73325832
   419  O    1.47874844    H 1350  0.77235371    H 1349  0.73186438
   420  O    1.41964786    H 1351  0.75654855    H 1352  0.74614677
   421  O    1.43818914    H 1354  0.75237094    H 1353  0.74786793
   422  O    1.38840733    H 1356  0.73146420    H 1355  0.72074764
   423  O    1.44850113    H 1358  0.77336059    H 1357  0.73352514
   424  O    1.43287546    H 1360  0.76281692    H 1359  0.72832537
   425  O    1.49330674    H 1362  0.77200577    H 1361  0.75926147
   426  O    1.45425578    H 1364  0.78616834    H 1363  0.78354989
   427  O    1.43863131    H 1366  0.74854303    H 1365  0.74503294
   428  O    1.45606176    H 1367  0.77481912    H 1368  0.77217636
   429  O    1.46172673    H 1370  0.77316172    H 1369  0.76012359
   430  O    1.45176623    H 1371  0.77020932    H 1372  0.76571488
   431  O    1.43983672    H 1373  0.77052045    H 1374  0.75755685
   432  O    1.42701959    H 1376  0.76019698    H 1375  0.75086098
   433  O    1.38224246    H 1377  0.72330910    H 1378  0.69840374
   434  O    1.49253599    H 1380  0.77933761    H 1379  0.75514236
   435  O    1.42809060    H 1381  0.75891460    H 1382  0.75003366
   436  O    1.48073476    H 1384  0.76557293    H 1383  0.76292524
   437  O    1.44049750    H 1385  0.73872944    H 1386  0.72764014    H 1303  0.06434081
   438  O    1.43158509    H 1387  0.73873719    H 1388  0.72577025
   439  O    1.45273021    H 1389  0.75533534    H 1390  0.74522887
   440  O    1.47372892    H 1392  0.76185588    H 1391  0.72593224
   441  O    1.42223398    H 1394  0.76459251    H 1393  0.75640748
   442  O    1.47438523    H 1396  0.77228543    H 1395  0.75833203
   443  O    1.44841141    H 1398  0.76388479    H 1397  0.75665737
   444  O    1.47319618    H 1400  0.76242822    H 1399  0.76179965
   445  O    1.44793215    H 1402  0.77006961    H 1401  0.75557377
   446  O    1.42678753    H 1403  0.74892276    H 1404  0.73793942
   447  O    1.48385213    H 1405  0.75214449    H 1406  0.73972570
   448  O    1.46666567    H 1407  0.76285468    H 1408  0.73194281
   449  O    1.41648349    H 1410  0.76046476    H 1409  0.73219977
   450  O    1.44479329    H 1412  0.77145484    H 1411  0.76592345
   451  O    1.37374692    H 1413  0.73806595    H 1414  0.72849692
   452  O    1.37217386    H 1415  0.71605017    H 1416  0.70889316
   453  O    1.45068331    H 1418  0.78610815    H 1417  0.77761327
   454  O    1.47206268    H 1420  0.77286011    H 1419  0.76008373
   455  O    1.42851720    H 1421  0.75047268    H 1422  0.74893440
   456  O    1.48656923    H 1423  0.75016455    H 1424  0.74697720
   457  O    1.46806235    H 1426  0.77492292    H 1425  0.75128348
   458  O    1.47032135    H 1428  0.76988579    H 1427  0.73666699
   459  O    1.39394628    H 1429  0.72373565    H 1430  0.71184049
   460  O    1.47999277    H 1432  0.77549415    H 1431  0.76975026
   461  O    1.46081533    H 1434  0.74359215    H 1433  0.74017037
   462  O    1.44105278    H 1435  0.78099607    H 1436  0.76072385
   463  O    1.47958408    H 1437  0.75138725    H 1438  0.74595884
   464  O    1.41064646    H 1439  0.78267491    H 1440  0.75529481
   465  O    1.41742144    H 1442  0.76302033    H 1441  0.74768741
   466  O    1.44720581    H 1443  0.76973526    H 1444  0.74735925
   467  O    1.43920924    H 1446  0.77419245    H 1445  0.77394637
   468  O    1.43026126    H 1448  0.77466420    H 1447  0.74458296
   469  O    1.44811654    H 1449  0.76540882    H 1450  0.73171386
   470  O    1.44068582    H 1451  0.75912078    H 1452  0.72971744
   471  O    1.46794480    H 1454  0.77550231    H 1453  0.75095906
   472  O    1.45878488    H 1455  0.76233956    H 1456  0.75200155
   473  O    1.44824909    H 1458  0.77778026    H 1457  0.76993461
   474  O    1.43704974    H 1460  0.77107865    H 1459  0.73264556
   475  O    1.43771211    H 1461  0.76054009    H 1462  0.72786588
   476  O    1.40348690    H 1464  0.78323132    H 1463  0.73580835
   477  O    1.40899040    H 1465  0.74121492    H 1466  0.72249956
   478  O    1.43505447    H 1468  0.74766330    H 1467  0.74552054
   479  O    1.43721167    H 1469  0.74683934    H 1470  0.74593712
   480  O    1.44503683    H 1471  0.75325741    H 1472  0.74942461
   481  O    1.40616553    H 1474  0.76100064    H 1473  0.74253897
   482  O    1.44536440    H 1475  0.74571704    H 1476  0.74231747
   483  O    1.42933843    H 1478  0.74090702    H 1477  0.73471633    H 1527  0.05287573
   484  O    1.46727268    H 1479  0.75677108    H 1480  0.73648148
   485  O    1.47809912    H 1482  0.76364258    H 1481  0.75698863
   486  O    1.41439522    H 1484  0.76167194    H 1483  0.73630827
   487  O    1.43026845    H 1485  0.75629977    H 1486  0.74815329
   488  O    1.46033707    H 1487  0.75822249    H 1488  0.75582080
   489  O    1.41599094    H 1490  0.75172741    H 1489  0.74515250
   490  O    1.47387920    H 1491  0.74454365    H 1492  0.73432904
   491  O    1.45821307    H 1494  0.76233700    H 1493  0.75506596
   492  O    1.45691869    H 1495  0.76747137    H 1496  0.73558517
   493  O    1.39181573    H 1497  0.75011374    H 1498  0.72888544
   494  O    1.43880503    H 1499  0.74144703    H 1500  0.73117656
   495  O    1.46490152    H 1501  0.76558456    H 1502  0.74277854
   496  O    1.46307412    H 1504  0.78300464    H 1503  0.77932687
   497  O    1.38462641    H 1505  0.74500492    H 1506  0.71866798
   498  O    1.41846316    H 1508  0.75120056    H 1507  0.72754223
   499  O    1.43947984    H 1510  0.75177068    H 1509  0.74139065
   500  O    1.40326430    H 1512  0.74468393    H 1511  0.72251619
   501  O    1.47147702    H 1514  0.76086157    H 1513  0.74642350
   502  O    1.47025562    H 1515  0.75317687    H 1516  0.73808066
   503  O    1.44636728    H 1518  0.77051594    H 1517  0.76372431
   504  O    1.43411263    H 1519  0.74832725    H 1520  0.74726325
   505  O    1.44972932    H 1522  0.76289152    H 1521  0.74456627
   506  O    1.42300219    H 1523  0.75233715    H 1524  0.75155888
   507  O    1.42574069    H 1525  0.75952075    H 1526  0.73235776
   508  O    1.40753764    H 1528  0.76542249    H 1527  0.74403191
   509  O    1.39007027    H 1529  0.72413170    H 1530  0.71553348
   510  O    1.46909569    H 1532  0.74769089    H 1531  0.73348302
   511  O    1.45660563    H 1534  0.76733832    H 1533  0.76281770
   512  O    1.44485589    H 1536  0.75862201    H 1535  0.75131408
   513  H    0.78137454    O    1  0.74829660
   514  H    0.74498439    O    1  0.76227317
   515  H    0.77364257    O    2  0.72131247
   516  H    0.77137330    O    2  0.74886427
   517  H    0.77744065    O    3  0.76831544
   518  H    0.75305833    O    3  0.75152815
   519  H    0.79638500    O    4  0.77071900
   520  H    0.76099596    O    4  0.77115105
   521  H    0.76035879    O    5  0.74258333
   522  H    0.77645687    O    5  0.73597758
   523  H    0.74211978    O    6  0.72304344
   524  H    0.76420435    O    6  0.74983243
   525  H    0.74452769    O    7  0.72752938
   526  H    0.74286962    O    7  0.73294300
   527  H    0.75258014    O    8  0.74119325
   528  H    0.77681562    O    8  0.73664738
   529  H    0.76483823    O    9  0.74643785
   530  H    0.79467324    O    9  0.76709805
   531  H    0.76629525    O   10  0.76495062
   532  H    0.77720041    O   10  0.74169707
   533  H    0.75410672    O   11  0.73768996
   534  H    0.71504676    O   11  0.73444712
   535  H    0.77797715    O   12  0.74775095
   536  H    0.75321136    O   12  0.75502782
   537  H    0.75447513    O   13  0.74445651
   538  H    0.75419199    O   13  0.74363580
   539  H    0.75621321    O   14  0.77555992
   540  H    0.77654541    O   14  0.74885982
   541  H    0.74921302    O   15  0.73775589
   542  H    0.76029710    O   15  0.73612555
   543  H    0.77599735    O   16  0.76319194
   544  H    0.75490555    O   16  0.76878578
   545  H    0.76545475    O   17  0.76504714
   546  H    0.73852527    O   17  0.74441578
   547  H    0.74993006    O   18  0.75942934
   548  H    0.74236201    O   18  0.74972665
   549  H    0.74748183    O   19  0.74063343
   550  H    0.73205914    O   19  0.76192696
   551  H    0.76370521    O   20  0.72815332
   552  H    0.73786959    O   20  0.73581878
   553  H    0.78872351    O   21  0.73637412
   554  H    0.75637628    O   21  0.75626586
   555  H    0.74425147    O   22  0.74581044
   556  H    0.74236302    O   22  0.75656203
   557  H    0.76723724    O   23  0.75621530
   558  H    0.72769173    O   23  0.75097424
   559  H    0.76872187    O   24  0.76325955
   560  H    0.76660354    O   24  0.76091549
   561  H    0.74947894    O   25  0.74254470
   562  H    0.76899339    O   25  0.73087912
   563  H    0.73690469    O   26  0.72665995
   564  H    0.77521686    O   26  0.75947957
   565  H    0.78156513    O   27  0.75614474
   566  H    0.75469731    O   27  0.73609247
   567  H    0.74175645    O   28  0.74874680
   568  H    0.76137342    O   28  0.76102504
   569  H    0.79186026    O   29  0.75397216
   570  H    0.75414917    O   29  0.73231078
   571  H    0.81556503    O   30  0.75208515
   572  H    0.75700052    O   30  0.76016548
   573  H    0.79636298    O   31  0.74648392
   574  H    0.73634566    O   31  0.74549059
   575  H    0.74771318    O   32  0.73934832
   576  H    0.74324201    O   32  0.72606161
   577  H    0.77793153    O   33  0.76448875
   578  H    0.76272932    O   33  0.75605898
   579  H    0.75411531    O   34  0.75003167
   580  H    0.76552893    O   34  0.76573549
   581  H    0.78659711    O   35  0.77540966
   582  H    0.78286367    O   35  0.75104735
   583  H    0.77173322    O   36  0.72892135
   584  H    0.76023973    O   36  0.75000225
   585  H    0.79568788    O   37  0.74023493
   586  H    0.76847084    O   37  0.76434963
   587  H    0.73956165    O   38  0.72641804
   588  H    0.74665578    O   38  0.73197475
   589  H    0.75371148    O   39  0.75871269
   590  H    0.74172884    O   39  0.75677458
   591  H    0.76015504    O   40  0.75578172
   592  H    0.74889834    O   40  0.74951181
   593  H    0.72688183    O   41  0.75714614
   594  H    0.71767606    O   41  0.74275394
   595  H    0.79067787    O   42  0.75823054
   596  H    0.76942680    O   42  0.77014215
   597  H    0.81378974    O   43  0.76128649
   598  H    0.77626603    O   43  0.77365358
   599  H    0.71938616    O   44  0.73971357
   600  H    0.74049039    O   44  0.74795256
   601  H    0.74034468    O   45  0.73245848
   602  H    0.76700872    O   45  0.75188682
   603  H    0.72918038    O   46  0.75721204
   604  H    0.75326136    O   46  0.75377494
   605  H    0.77328129    O   47  0.76130393
   606  H    0.73089528    O   47  0.75061353
   607  H    0.75160368    O   48  0.73232551
   608  H    0.72195113    O   48  0.71968345
   609  H    0.76269607    O   49  0.73957575
   610  H    0.74062509    O   49  0.74075634
   611  H    0.75312852    O   50  0.76297002
   612  H    0.73901402    O   50  0.76110038
   613  H    0.76812140    O   51  0.75662015
   614  H    0.78841718    O   51  0.75903981
   615  H    0.76351604    O   52  0.74664105
   616  H    0.73171918    O   52  0.71984078
   617  H    0.78133329    O   53  0.77870172
   618  H    0.76401861    O   53  0.75084416
   619  H    0.77202319    O   54  0.78357864
   620  H    0.80674435    O   54  0.78411301
   621  H    0.75357583    O   55  0.76085667
   622  H    0.71510873    O   55  0.73299614
   623  H    0.70420206    O   56  0.72558290
   624  H    0.77395942    O   56  0.73391502
   625  H    0.76529352    O   57  0.74087350
   626  H    0.74913808    O   57  0.72641909
   627  H    0.76528807    O   58  0.74889071
   628  H    0.72491817    O   58  0.74635903
   629  H    0.77408996    O   59  0.74446220
   630  H    0.74520674    O   59  0.72764815
   631  H    0.80883661    O   60  0.75645551
   632  H    0.77953912    O   60  0.77966850
   633  H    0.76236926    O   61  0.77172403
   634  H    0.76417140    O   61  0.76015727
   635  H    0.76166141    O   62  0.79789752
   636  H    0.79197908    O   62  0.77343696
   637  H    0.74411442    O   63  0.75680158
   638  H    0.73571425    O   63  0.74485605
   639  H    0.77559349    O   64  0.75203644
   640  H    0.75866742    O   64  0.74437756
   641  H    0.77270521    O   65  0.76510293
   642  H    0.76590853    O   65  0.74637678
   643  H    0.74536032    O   66  0.72890349
   644  H    0.77055403    O   66  0.76282995
   645  H    0.73528430    O   67  0.76444444
   646  H    0.77397714    O   67  0.78052464
   647  H    0.78676846    O   68  0.74750861
   648  H    0.75804722    O   68  0.76947613
   649  H    0.75489203    O   69  0.73413685
   650  H    0.75559456    O   69  0.73993301
   651  H    0.72887413    O   70  0.72396778
   652  H    0.73469516    O   70  0.71624986
   653  H    0.80576232    O   71  0.74450068
   654  H    0.73583069    O   71  0.76048069
   655  H    0.74917161    O   72  0.74828568
   656  H    0.75599994    O   72  0.74953619
   657  H    0.75092699    O   73  0.75098878
   658  H    0.76619323    O   73  0.75510869
   659  H    0.75588083    O   74  0.76651751
   660  H    0.73299518    O   74  0.72597437
   661  H    0.75280485    O   75  0.77208015
   662  H    0.77027839    O   75  0.76266852
   663  H    0.78912271    O   76  0.75630167
   664  H    0.77316021    O   76  0.76004689
   665  H    0.75699785    O   77  0.75226767
   666  H    0.77224143    O   77  0.76306192
   667  H    0.74761289    O   78  0.78254121
   668  H    0.77294639    O   78  0.75038292
   669  H    0.75237131    O   79  0.74801756
   670  H    0.76345680    O   79  0.75365377
   671  H    0.74179995    O   80  0.75720366
   672  H    0.75812414    O   80  0.72101154
   673  H    0.71822471    O   81  0.72212288
   674  H    0.75305402    O   81  0.75633085
   675  H    0.78275402    O   82  0.74378329
   676  H    0.74115900    O   82  0.73412953
   677  H    0.74509692    O   83  0.73096862
   678  H    0.78895339    O   83  0.75021492
   679  H    0.77640494    O   84  0.76669788
   680  H    0.75717808    O   84  0.74778158
   681  H    0.79376341    O   85  0.76317845
   682  H    0.74972094    O   85  0.78483019
   683  H    0.76704420    O   86  0.78188304
   684  H    0.76841449    O   86  0.77686732
   685  H    0.76930044    O   87  0.76151448
   686  H    0.75836366    O   87  0.75897671
   687  H    0.76032376    O   88  0.74445403
   688  H    0.75503904    O   88  0.76586867
   689  H    0.74932007    O   89  0.74591691
   690  H    0.77084544    O   89  0.76320618
   691  H    0.76699408    O   90  0.78395187
   692  H    0.74775059    O   90  0.76692936
   693  H    0.80155076    O   91  0.74903403
   694  H    0.76353692    O   91  0.75376585
   695  H    0.76414186    O   92  0.76908934
   696  H    0.77603215    O   92  0.74726339
   697  H    0.74694447    O   93  0.74755132
   698  H    0.75834464    O   93  0.74533446
   699  H    0.76700774    O   94  0.76483602
   700  H    0.70908484    O   94  0.75401034
   701  H    0.75170712    O   95  0.75872299
   702  H    0.73410758    O   95  0.75464907
   703  H    0.76069146    O   96  0.75328440
   704  H    0.76838100    O   96  0.74207990
   705  H    0.79094078    O   97  0.76967940
   706  H    0.75403453    O   97  0.75297244
   707  H    0.75728645    O   98  0.76938088
   708  H    0.73650128    O   98  0.75630229
   709  H    0.76629355    O   99  0.74953858
   710  H    0.75563486    O   99  0.73921605
   711  H    0.77993858    O  100  0.75213224
   712  H    0.74104557    O  100  0.77544871
   713  H    0.74991157    O  101  0.77191273
   714  H    0.75622282    O  101  0.76541000
   715  H    0.73713667    O  102  0.74098938
   716  H    0.75612924    O  102  0.76304178
   717  H    0.75684874    O  103  0.76463994
   718  H    0.75635015    O  103  0.78278915
   719  H    0.73812201    O  104  0.76304643
   720  H    0.77575572    O  104  0.75535054
   721  H    0.76048737    O  105  0.77676168
   722  H    0.74649895    O  105  0.75758775
   723  H    0.73606258    O  106  0.72825893
   724  H    0.74163815    O  106  0.73945515
   725  H    0.75907699    O  107  0.74894535
   726  H    0.74496181    O  107  0.74299802
   727  H    0.75064552    O  108  0.75857633
   728  H    0.76934690    O  108  0.75224216
   729  H    0.77234220    O  109  0.75572750
   730  H    0.75167037    O  109  0.74370826
   731  H    0.74920870    O  110  0.74466939
   732  H    0.74814900    O  110  0.74553404
   733  H    0.77925732    O  111  0.76336737
   734  H    0.75126809    O  111  0.75688893
   735  H    0.77245096    O  112  0.75311918
   736  H    0.74057433    O  112  0.73081451
   737  H    0.77784496    O  113  0.74339244
   738  H    0.77725840    O  113  0.72800498
   739  H    0.76464818    O  114  0.76031684
   740  H    0.75221464    O  114  0.74631311
   741  H    0.72243397    O  115  0.71718264
   742  H    0.72576454    O  115  0.74953179
   743  H    0.75277956    O  116  0.74492915
   744  H    0.76771948    O  116  0.75732840
   745  H    0.76738394    O  117  0.75279313
   746  H    0.76970331    O  117  0.74001606
   747  H    0.78530092    O  118  0.75564156
   748  H    0.74792447    O  118  0.74993027
   749  H    0.73980317    O  119  0.74347753
   750  H    0.79723873    O  119  0.73220262
   751  H    0.75525439    O  120  0.76742483
   752  H    0.76400015    O  120  0.78748815
   753  H    0.75450459    O  121  0.73306622
   754  H    0.76805675    O  121  0.74722594
   755  H    0.77174171    O  122  0.76816124
   756  H    0.76136042    O  122  0.75716551
   757  H    0.75546820    O  123  0.74075032
   758  H    0.77702018    O  123  0.78484581
   759  H    0.73961119    O  124  0.75451142
   760  H    0.76013142    O  124  0.73655889
   761  H    0.76172249    O  125  0.77076589
   762  H    0.75030770    O  125  0.75292177
   763  H    0.75686976    O  126  0.77030668
   764  H    0.78405914    O  126  0.75283889
   765  H    0.79648541    O  127  0.73014158
   766  H    0.75646119    O  127  0.77587998
   767  H    0.75148214    O  128  0.75625898
   768  H    0.74518956    O  128  0.75910070
   769  H    0.74084973    O  129  0.74292247
   770  H    0.75678432    O  129  0.76425385
   771  H    0.74639939    O  130  0.74177151
   772  H    0.77226966    O  130  0.74512194
   773  H    0.75375650    O  131  0.75539801
   774  H    0.78829056    O  131  0.74360732
   775  H    0.81072965    O  132  0.75565233
   776  H    0.78094183    O  132  0.76819400
   777  H    0.73867321    O  133  0.73642900
   778  H    0.75504888    O  133  0.75027722
   779  H    0.74685313    O  134  0.75620151
   780  H    0.76716311    O  134  0.74821597
   781  H    0.75315900    O  135  0.75611216
   782  H    0.75652838    O  135  0.75255666
   783  H    0.77181898    O  136  0.76531088
   784  H    0.78153497    O  136  0.74317192
   785  H    0.77431928    O  137  0.75594976
   786  H    0.75311267    O  137  0.77759848
   787  H    0.78335610    O  138  0.78194839
   788  H    0.80665454    O  138  0.77856915
   789  H    0.76657171    O  139  0.74241611
   790  H    0.75900210    O  139  0.73139416
   791  H    0.72628776    O  140  0.75325752
   792  H    0.74769781    O  140  0.75342593
   793  H    0.78074220    O  141  0.76392231
   794  H    0.75523964    O  141  0.73906271
   795  H    0.76899027    O  142  0.76224143
   796  H    0.77413626    O  142  0.73486529
   797  H    0.80091532    O  143  0.76989755
   798  H    0.77260708    O  143  0.76413892
   799  H    0.71265008    O  144  0.73403442
   800  H    0.72865281    O  144  0.74347135
   801  H    0.75542557    O  145  0.74653420
   802  H    0.71636911    O  145  0.73954864
   803  H    0.77228086    O  146  0.70042398
   804  H    0.80853582    O  146  0.71740047    O  220  0.05909777
   805  H    0.75851398    O  147  0.75231851
   806  H    0.76936804    O  147  0.73917885
   807  H    0.73896222    O  148  0.73609916
   808  H    0.74440239    O  148  0.73517886
   809  H    0.76238625    O  149  0.75237866
   810  H    0.72734638    O  149  0.71925808
   811  H    0.73051989    O  150  0.73110124
   812  H    0.72938351    O  150  0.70963842
   813  H    0.73993816    O  151  0.73183399
   814  H    0.76259621    O  151  0.75117803
   815  H    0.76168875    O  152  0.76754735
   816  H    0.77982385    O  152  0.76595481
   817  H    0.74317388    O  153  0.74730365
   818  H    0.76046759    O  153  0.76511470
   819  H    0.74672209    O  154  0.74651498
   820  H    0.74435387    O  154  0.74343732
   821  H    0.73673886    O  155  0.74610169
   822  H    0.74061088    O  155  0.75012383
   823  H    0.74702099    O  156  0.75475859
   824  H    0.75261845    O  156  0.76454022
   825  H    0.79644834    O  157  0.76646502
   826  H    0.78813856    O  157  0.72367085
   827  H    0.76348788    O  158  0.77113863
   828  H    0.76784068    O  158  0.75128954
   829  H    0.73645130    O  159  0.73682326
   830  H    0.75469449    O  159  0.75354225
   831  H    0.81000724    O  160  0.75875368
   832  H    0.74545498    O  160  0.78017175
   833  H    0.73665632    O  161  0.77196909
   834  H    0.75355375    O  161  0.76515484
   835  H    0.77726736    O  162  0.73489047
   836  H    0.74542779    O  162  0.73995796
   837  H    0.79280436    O  163  0.75839539
   838  H    0.75372900    O  163  0.74892260
   839  H    0.79865187    O  164  0.77615090
   840  H    0.78652884    O  164  0.77873858
   841  H    0.72734486    O  165  0.72124579
   842  H    0.74536106    O  165  0.74263389
   843  H    0.76378343    O  166  0.76374206
   844  H    0.77377235    O  166  0.74583449
   845  H    0.76855178    O  167  0.76930593
   846  H    0.76198386    O  167  0.75679587
   847  H    0.76107973    O  168  0.75452365
   848  H    0.77188435    O  168  0.76315193
   849  H    0.72613082    O  169  0.72777781
   850  H    0.76538343    O  169  0.75249894
   851  H    0.77464412    O  170  0.75612293
   852  H    0.80050431    O  170  0.74798526
   853  H    0.76882561    O  171  0.75774838
   854  H    0.77826989    O  171  0.77094142
   855  H    0.75559877    O  172  0.74669094
   856  H    0.77290424    O  172  0.76267916
   857  H    0.77245342    O  173  0.74965462
   858  H    0.73889010    O  173  0.74785662
   859  H    0.81339875    O  174  0.74585126    O    7  0.05469780
   860  H    0.74936589    O  174  0.75505487
   861  H    0.74688445    O  175  0.73164343
   862  H    0.77904339    O  175  0.72732013
   863  H    0.77509917    O  176  0.75601399
   864  H    0.75433953    O  176  0.74137950
   865  H    0.72848665    O  177  0.73293104
   866  H    0.75988934    O  177  0.74537902
   867  H    0.74381133    O  178  0.75542205
   868  H    0.75833086    O  178  0.75667459
   869  H    0.76710123    O  179  0.74209428
   870  H    0.78973793    O  179  0.75698320
   871  H    0.74126235    O  180  0.74141550
   872  H    0.76764147    O  180  0.75621214
   873  H    0.73625865    O  181  0.73747607
   874  H    0.76174081    O  181  0.74074214
   875  H    0.76208909    O  182  0.76494933
   876  H    0.74346201    O  182  0.74938145
   877  H    0.75291448    O  183  0.75115372
   878  H    0.76843133    O  183  0.76515889
   879  H    0.77496982    O  184  0.72853170
   880  H    0.75841097    O  184  0.75973383
   881  H    0.80897517    O  185  0.76790077
   882  H    0.76362456    O  185  0.78343692
   883  H    0.77963535    O  186  0.76278140
   884  H    0.79015786    O  186  0.75480589
   885  H    0.73654190    O  187  0.74525289
   886  H    0.75732539    O  187  0.77406612
   887  H    0.76362764    O  188  0.74291849
   888  H    0.75562801    O  188  0.75258270
   889  H    0.76699268    O  189  0.73673034
   890  H    0.74510283    O  189  0.75339981
   891  H    0.74919789    O  190  0.75721703
   892  H    0.75404249    O  190  0.75105995
   893  H    0.73899037    O  191  0.75532270
   894  H    0.77409725    O  191  0.74366598
   895  H    0.79891892    O  192  0.74810331
   896  H    0.75836236    O  192  0.76240462
   897  H    0.79705090    O  193  0.76707128
   898  H    0.81321162    O  193  0.75372712
   899  H    0.79694915    O  194  0.73427080
   900  H    0.79745664    O  194  0.71728815    O  150  0.05462938
   901  H    0.78558422    O  195  0.73025530
   902  H    0.76428195    O  195  0.74239325
   903  H    0.76517381    O  196  0.75142407
   904  H    0.75552014    O  196  0.74274181
   905  H    0.72066855    O  197  0.74888758
   906  H    0.76400566    O  197  0.74740443
   907  H    0.72467985    O  198  0.72720822
   908  H    0.77688340    O  198  0.76184908
   909  H    0.77874775    O  199  0.75597767
   910  H    0.77707631    O  199  0.75217586
   911  H    0.75986275    O  200  0.73405728
   912  H    0.78390514    O  200  0.76262151
   913  H    0.76234964    O  201  0.75052413
   914  H    0.77591817    O  201  0.77133859
   915  H    0.77204206    O  202  0.77692980
   916  H    0.76887903    O  202  0.75469697
   917  H    0.78503140    O  203  0.77321910
   918  H    0.77956842    O  203  0.74754361
   919  H    0.75758191    O  204  0.75162124
   920  H    0.76054455    O  204  0.74953838
   921  H    0.75480283    O  205  0.76577424
   922  H    0.73598664    O  205  0.76105608
   923  H    0.74621072    O  206  0.75872203
   924  H    0.76123947    O  206  0.76942920
   925  H    0.78848488    O  207  0.74067681
   926  H    0.73336751    O  207  0.71445416
   927  H    0.76166467    O  208  0.74836112
   928  H    0.73335188    O  208  0.73582786
   929  H    0.71414743    O  209  0.73281943
   930  H    0.75581253    O  209  0.74311174
   931  H    0.76189895    O  210  0.77316460
   932  H    0.75649523    O  210  0.76638776
   933  H    0.74168452    O  211  0.72857789
   934  H    0.79195377    O  211  0.71164794    O  233  0.05926974
   935  H    0.77173355    O  212  0.75589610
   936  H    0.77736140    O  212  0.72347769
   937  H    0.78209388    O  213  0.76923914
   938  H    0.74962674    O  213  0.75515881
   939  H    0.73606724    O  214  0.73970731
   940  H    0.79370194    O  214  0.71961858
   941  H    0.75722800    O  215  0.77113812
   942  H    0.76083084    O  215  0.76726794
   943  H    0.76307820    O  216  0.76065886
   944  H    0.77109656    O  216  0.75288485
   945  H    0.76551855    O  217  0.76140757
   946  H    0.77173734    O  217  0.76834915
   947  H    0.76166959    O  218  0.74409235
   948  H    0.74523489    O  218  0.75062197
   949  H    0.75384754    O  219  0.73154047
   950  H    0.73266720    O  219  0.74324636
   951  H    0.75579302    O  220  0.72314505
   952  H    0.73602991    O  220  0.72029436
   953  H    0.78752250    O  221  0.74590588
   954  H    0.71385565    O  221  0.74270913
   955  H    0.76645926    O  222  0.75702508
   956  H    0.74197097    O  222  0.74597569
   957  H    0.70466622    O  223  0.72572762
   958  H    0.75801058    O  223  0.74562621
   959  H    0.73251867    O  224  0.74105683
   960  H    0.76584656    O  224  0.74380839
   961  H    0.79381834    O  225  0.76029838
   962  H    0.78185480    O  225  0.77581462
   963  H    0.76061479    O  226  0.76156996
   964  H    0.77594117    O  226  0.72932700
   965  H    0.77838427    O  227  0.78078839
   966  H    0.81276582    O  227  0.78092503
   967  H    0.77428877    O  228  0.76967261
   968  H    0.75252623    O  228  0.75193759
   969  H    0.75182635    O  229  0.72958982
   970  H    0.74275700    O  229  0.76077455
   971  H    0.76949215    O  230  0.76794740
   972  H    0.75118417    O  230  0.76082040
   973  H    0.74032704    O  231  0.75944052
   974  H    0.80091356    O  231  0.76933850
   975  H    0.78784338    O  232  0.74687066
   976  H    0.75787669    O  232  0.74357163
   977  H    0.73446945    O  233  0.71364007
   978  H    0.72852418    O  233  0.73101305
   979  H    0.75411526    O  234  0.74909927
   980  H    0.72951047    O  234  0.74863149
   981  H    0.75141113    O  235  0.73255683
   982  H    0.77321702    O  235  0.75777463
   983  H    0.77786163    O  236  0.74432921
   984  H    0.73084376    O  236  0.72628000
   985  H    0.75895655    O  237  0.75824946
   986  H    0.74447141    O  237  0.76022466
   987  H    0.79325858    O  238  0.76013199
   988  H    0.75306759    O  238  0.74754654
   989  H    0.77889354    O  239  0.76634418
   990  H    0.80725658    O  239  0.73393776
   991  H    0.80888653    O  240  0.76454117
   992  H    0.82498010    O  240  0.75483273
   993  H    0.74503301    O  241  0.74463836
   994  H    0.71630065    O  241  0.75221319
   995  H    0.71321262    O  242  0.73659251
   996  H    0.80680989    O  242  0.73840521
   997  H    0.79470807    O  243  0.74264491
   998  H    0.73769511    O  243  0.75155223
   999  H    0.73355655    O  244  0.75278632
  1000  H    0.77956101    O  244  0.77897948
  1001  H    0.74263681    O  245  0.74933914
  1002  H    0.74978028    O  245  0.73655375
  1003  H    0.76195010    O  246  0.75626964
  1004  H    0.77309735    O  246  0.76934210
  1005  H    0.76237665    O  247  0.76072682
  1006  H    0.75535723    O  247  0.74556717
  1007  H    0.77246005    O  248  0.75130835
  1008  H    0.78972101    O  248  0.75073695
  1009  H    0.79756821    O  249  0.72684939    O  251  0.05535325
  1010  H    0.75800317    O  249  0.76174693
  1011  H    0.71897851    O  250  0.73650168
  1012  H    0.75339990    O  250  0.75569284
  1013  H    0.74088135    O  251  0.73728360
  1014  H    0.72675956    O  251  0.75355260
  1015  H    0.76390526    O  252  0.74134887
  1016  H    0.74006503    O  252  0.74407829
  1017  H    0.74390659    O  253  0.75341660
  1018  H    0.73817680    O  253  0.73209804
  1019  H    0.75370210    O  254  0.74617798
  1020  H    0.74746605    O  254  0.73675410
  1021  H    0.75662470    O  255  0.74785648
  1022  H    0.79372046    O  255  0.75774355
  1023  H    0.76635123    O  256  0.75217623
  1024  H    0.76691777    O  256  0.73392980
  1025  H    0.79900467    O  257  0.75644542
  1026  H    0.81069938    O  257  0.75610245
  1027  H    0.77713441    O  258  0.74766752
  1028  H    0.78723528    O  258  0.75883971
  1029  H    0.76934617    O  259  0.77306909
  1030  H    0.77120955    O  259  0.78788345
  1031  H    0.76451378    O  260  0.77626153
  1032  H    0.72811625    O  260  0.74601570
  1033  H    0.76460702    O  261  0.77961333
  1034  H    0.75419379    O  261  0.75921288
  1035  H    0.80691925    O  262  0.74876746
  1036  H    0.76828589    O  262  0.76440761
  1037  H    0.76417063    O  263  0.74045341
  1038  H    0.77103934    O  263  0.74161214
  1039  H    0.73241502    O  264  0.73326682
  1040  H    0.76063947    O  264  0.75307997
  1041  H    0.76108466    O  265  0.75911885
  1042  H    0.76381872    O  265  0.77027276
  1043  H    0.75450165    O  266  0.75139475
  1044  H    0.76756091    O  266  0.75035228
  1045  H    0.72648812    O  267  0.73605414
  1046  H    0.72388715    O  267  0.74548178
  1047  H    0.77826584    O  268  0.77667866
  1048  H    0.76947113    O  268  0.77504673
  1049  H    0.77597284    O  269  0.73551082
  1050  H    0.74472435    O  269  0.76449515
  1051  H    0.74540128    O  270  0.73672700
  1052  H    0.77071428    O  270  0.76014673
  1053  H    0.74439597    O  271  0.72807962
  1054  H    0.73748104    O  271  0.70980218
  1055  H    0.74301361    O  272  0.74273291
  1056  H    0.72246616    O  272  0.71216531
  1057  H    0.76112252    O  273  0.77504393
  1058  H    0.77880680    O  273  0.78032899
  1059  H    0.73344607    O  274  0.73538643
  1060  H    0.71639254    O  274  0.69675902
  1061  H    0.74326092    O  275  0.74805876
  1062  H    0.76171615    O  275  0.75881417
  1063  H    0.76196175    O  276  0.75726783
  1064  H    0.75870331    O  276  0.76966063
  1065  H    0.74991011    O  277  0.75188817
  1066  H    0.73487039    O  277  0.75367575
  1067  H    0.74992870    O  278  0.74240192
  1068  H    0.75182259    O  278  0.75391219
  1069  H    0.78710270    O  279  0.75955153
  1070  H    0.74545721    O  279  0.76158193
  1071  H    0.79906183    O  280  0.74081501
  1072  H    0.75562346    O  280  0.76155531
  1073  H    0.75434486    O  281  0.75960874
  1074  H    0.78980813    O  281  0.78004298
  1075  H    0.77241082    O  282  0.75151516
  1076  H    0.78123013    O  282  0.75481525
  1077  H    0.75258623    O  283  0.74170770
  1078  H    0.74984028    O  283  0.74203723
  1079  H    0.77674932    O  284  0.73828682
  1080  H    0.74916040    O  284  0.73802715
  1081  H    0.74109647    O  285  0.74826839
  1082  H    0.76942783    O  285  0.76844001
  1083  H    0.75876205    O  286  0.74305522
  1084  H    0.80666859    O  286  0.72090336
  1085  H    0.79940616    O  287  0.77956775
  1086  H    0.77746196    O  287  0.76427013
  1087  H    0.77075510    O  288  0.76345048
  1088  H    0.76186652    O  288  0.77480568
  1089  H    0.75735802    O  289  0.74780390
  1090  H    0.75096788    O  289  0.76942251
  1091  H    0.76558970    O  290  0.72814675
  1092  H    0.75758435    O  290  0.74387435
  1093  H    0.76362196    O  291  0.76980743
  1094  H    0.73756573    O  291  0.74283322
  1095  H    0.74949332    O  292  0.77302861
  1096  H    0.72805324    O  292  0.75541585
  1097  H    0.75967899    O  293  0.76415582
  1098  H    0.75749216    O  293  0.75345016
  1099  H    0.80079840    O  294  0.75630045
  1100  H    0.76417503    O  294  0.76456568
  1101  H    0.78847088    O  295  0.77269292
  1102  H    0.75005420    O  295  0.74803904
  1103  H    0.81227518    O  296  0.74855107    O  250  0.05741851
  1104  H    0.74738089    O  296  0.75182043
  1105  H    0.73607395    O  297  0.74558543
  1106  H    0.71420453    O  297  0.74476695
  1107  H    0.76054910    O  298  0.71691327
  1108  H    0.78742048    O  298  0.75127969
  1109  H    0.77305265    O  299  0.78529626
  1110  H    0.74982821    O  299  0.75562240
  1111  H    0.73525127    O  300  0.73282305
  1112  H    0.76197275    O  300  0.73123563
  1113  H    0.78011573    O  301  0.75951803
  1114  H    0.77762287    O  301  0.75715114
  1115  H    0.80266593    O  302  0.76879376
  1116  H    0.78050943    O  302  0.76307246
  1117  H    0.74504113    O  303  0.75074489
  1118  H    0.76436254    O  303  0.76126938
  1119  H    0.76990344    O  304  0.76059650
  1120  H    0.76733856    O  304  0.70175525
  1121  H    0.79017599    O  305  0.75337865
  1122  H    0.77067185    O  305  0.75629087
  1123  H    0.72893928    O  306  0.72270482
  1124  H    0.73098291    O  306  0.73964753
  1125  H    0.78169483    O  307  0.74703270
  1126  H    0.75640892    O  307  0.74932065
  1127  H    0.75308605    O  308  0.74253616
  1128  H    0.79541925    O  308  0.75756300
  1129  H    0.79659648    O  309  0.76484205
  1130  H    0.76092470    O  309  0.78469406
  1131  H    0.74023384    O  310  0.74424903
  1132  H    0.73305214    O  310  0.71947169
  1133  H    0.76306428    O  311  0.75052966
  1134  H    0.76692234    O  311  0.76678578
  1135  H    0.76077814    O  312  0.75609900
  1136  H    0.77812800    O  312  0.75176041
  1137  H    0.77927222    O  313  0.74390176
  1138  H    0.75890062    O  313  0.74540347
  1139  H    0.77664492    O  314  0.75263058
  1140  H    0.79980360    O  314  0.74326424
  1141  H    0.73648417    O  315  0.77913694
  1142  H    0.70873541    O  315  0.78075233
  1143  H    0.75611015    O  316  0.74199378
  1144  H    0.81559232    O  316  0.71314844    O  272  0.05462581
  1145  H    0.80603480    O  317  0.73524191
  1146  H    0.77347229    O  317  0.76987421
  1147  H    0.78067171    O  318  0.77221194
  1148  H    0.76150919    O  318  0.74435695
  1149  H    0.74718218    O  319  0.74475046
  1150  H    0.74258295    O  319  0.70618905
  1151  H    0.76785413    O  320  0.77707045
  1152  H    0.73418754    O  320  0.75651773
  1153  H    0.75052447    O  321  0.75221128
  1154  H    0.74936239    O  321  0.73778053
  1155  H    0.71448012    O  322  0.72870061
  1156  H    0.73482102    O  322  0.75211899
  1157  H    0.76058132    O  323  0.75397878
  1158  H    0.74822923    O  323  0.76365480
  1159  H    0.75118004    O  324  0.73869787
  1160  H    0.73361427    O  324  0.72437050
  1161  H    0.75206671    O  325  0.74879527
  1162  H    0.74878532    O  325  0.75147418
  1163  H    0.78013076    O  326  0.76147810
  1164  H    0.75486977    O  326  0.74607753
  1165  H    0.77251489    O  327  0.77636790
  1166  H    0.74297575    O  327  0.76266535
  1167  H    0.76987871    O  328  0.75006338
  1168  H    0.77883225    O  328  0.75290846
  1169  H    0.72401246    O  329  0.72576771
  1170  H    0.75538495    O  329  0.73417867
  1171  H    0.82098415    O  330  0.74569469
  1172  H    0.75414126    O  330  0.74956894
  1173  H    0.75069755    O  331  0.74925731
  1174  H    0.77545396    O  331  0.76314713
  1175  H    0.77266864    O  332  0.78036783
  1176  H    0.77310593    O  332  0.77174170
  1177  H    0.78414119    O  333  0.77389822
  1178  H    0.75054946    O  333  0.75410403
  1179  H    0.76689376    O  334  0.75259132
  1180  H    0.75361711    O  334  0.74489106
  1181  H    0.75121974    O  335  0.75090798
  1182  H    0.75614460    O  335  0.75139002
  1183  H    0.78354235    O  336  0.76342695
  1184  H    0.78891241    O  336  0.72821364
  1185  H    0.78150307    O  337  0.74412364
  1186  H    0.78047686    O  337  0.75334116
  1187  H    0.71577150    O  338  0.73512754
  1188  H    0.75750280    O  338  0.75797091
  1189  H    0.74901615    O  339  0.75739663
  1190  H    0.74061088    O  339  0.75214927
  1191  H    0.75715585    O  340  0.75324587
  1192  H    0.75713736    O  340  0.74856103
  1193  H    0.74121125    O  341  0.77266902
  1194  H    0.76166238    O  341  0.76199989
  1195  H    0.76483025    O  342  0.76427421
  1196  H    0.73935427    O  342  0.74803506
  1197  H    0.75060253    O  343  0.74002491
  1198  H    0.71766605    O  343  0.71016477
  1199  H    0.74914535    O  344  0.73276998
  1200  H    0.78183479    O  344  0.74605236
  1201  H    0.76121962    O  345  0.75821355
  1202  H    0.75290875    O  345  0.74095037
  1203  H    0.75541973    O  346  0.74185470
  1204  H    0.70962623    O  346  0.70231598
  1205  H    0.81070127    O  347  0.76002649
  1206  H    0.79416849    O  347  0.75191074
  1207  H    0.81723369    O  348  0.73071257    O   70  0.05045918
  1208  H    0.76136709    O  348  0.76529487
  1209  H    0.75997173    O  349  0.75828717
  1210  H    0.76448124    O  349  0.76706643
  1211  H    0.74808579    O  350  0.73162285
  1212  H    0.77061509    O  350  0.75157584
  1213  H    0.74403344    O  351  0.75968427
  1214  H    0.75368078    O  351  0.75502809
  1215  H    0.78879525    O  352  0.73315448
  1216  H    0.73126749    O  352  0.74173914
  1217  H    0.77189688    O  353  0.77306331
  1218  H    0.77542540    O  353  0.77568981
  1219  H    0.73343310    O  354  0.73565250
  1220  H    0.74309912    O  354  0.75856516
  1221  H    0.75396485    O  355  0.77183220
  1222  H    0.75785913    O  355  0.75189748
  1223  H    0.75167316    O  356  0.77007995
  1224  H    0.74996555    O  356  0.73317204
  1225  H    0.75779160    O  357  0.76951368
  1226  H    0.78229367    O  357  0.76301730
  1227  H    0.78990231    O  358  0.75566283
  1228  H    0.74093158    O  358  0.74837982
  1229  H    0.74260808    O  359  0.74993507
  1230  H    0.72479306    O  359  0.75634923
  1231  H    0.76740959    O  360  0.74056148
  1232  H    0.79356335    O  360  0.76711772
  1233  H    0.77341873    O  361  0.76204070
  1234  H    0.78672398    O  361  0.73729387
  1235  H    0.73383198    O  362  0.74189648
  1236  H    0.74547593    O  362  0.74679205
  1237  H    0.76157516    O  363  0.77776244
  1238  H    0.75901979    O  363  0.75616036
  1239  H    0.78331163    O  364  0.77348809
  1240  H    0.75901891    O  364  0.78116690
  1241  H    0.77398363    O  365  0.77207433
  1242  H    0.76777391    O  365  0.74768770
  1243  H    0.77857869    O  366  0.74049675
  1244  H    0.76676603    O  366  0.75410842
  1245  H    0.76189311    O  367  0.76555583
  1246  H    0.74655617    O  367  0.73970090
  1247  H    0.72470838    O  368  0.70910052
  1248  H    0.76262486    O  368  0.74115842
  1249  H    0.77786785    O  369  0.75592797
  1250  H    0.75807407    O  369  0.78022776
  1251  H    0.73922132    O  370  0.74505023
  1252  H    0.78994524    O  370  0.76809015
  1253  H    0.72055724    O  371  0.72791152
  1254  H    0.78155439    O  371  0.75734077
  1255  H    0.78792811    O  372  0.75783917
  1256  H    0.74338074    O  372  0.74559409
  1257  H    0.74397893    O  373  0.74119070
  1258  H    0.81531806    O  373  0.74417474
  1259  H    0.76471644    O  374  0.73785612
  1260  H    0.75525826    O  374  0.76363526
  1261  H    0.75666918    O  375  0.76054494
  1262  H    0.77230889    O  375  0.76362087
  1263  H    0.76033866    O  376  0.76753415
  1264  H    0.79312261    O  376  0.76814611
  1265  H    0.73773053    O  377  0.74983537
  1266  H    0.75899461    O  377  0.75273888
  1267  H    0.73339743    O  378  0.75592825
  1268  H    0.77741506    O  378  0.77053418
  1269  H    0.74941260    O  379  0.73951079
  1270  H    0.78708564    O  379  0.73345613
  1271  H    0.76783165    O  380  0.76839853
  1272  H    0.76809125    O  380  0.76025689
  1273  H    0.73414732    O  381  0.72094426
  1274  H    0.75922842    O  381  0.72798428
  1275  H    0.76054406    O  382  0.74492877
  1276  H    0.77424851    O  382  0.73639762
  1277  H    0.76118749    O  383  0.73898074
  1278  H    0.71222608    O  383  0.73029352
  1279  H    0.74308652    O  384  0.77435197
  1280  H    0.73337795    O  384  0.73600457
  1281  H    0.74957593    O  385  0.74972668
  1282  H    0.76497421    O  385  0.75105644
  1283  H    0.77552208    O  386  0.78072952
  1284  H    0.81258252    O  386  0.77999419
  1285  H    0.74038735    O  387  0.73692761
  1286  H    0.78173524    O  387  0.75453826
  1287  H    0.75658197    O  388  0.75306297
  1288  H    0.77001019    O  388  0.77569880
  1289  H    0.78664054    O  389  0.74928863
  1290  H    0.76220184    O  389  0.76356658
  1291  H    0.75015559    O  390  0.72641593
  1292  H    0.73182827    O  390  0.74519884
  1293  H    0.76606702    O  391  0.76276997
  1294  H    0.73870482    O  391  0.74076473
  1295  H    0.76685915    O  392  0.74493447
  1296  H    0.78025162    O  392  0.71594805
  1297  H    0.74469059    O  393  0.74695306
  1298  H    0.73405433    O  393  0.73939598
  1299  H    0.77583767    O  394  0.77621954
  1300  H    0.74302735    O  394  0.75124207
  1301  H    0.73866713    O  395  0.74719970
  1302  H    0.75069614    O  395  0.75000205
  1303  H    0.84576950    O  396  0.74507820    O  437  0.06434081
  1304  H    0.74999405    O  396  0.76892465
  1305  H    0.76219592    O  397  0.73972348
  1306  H    0.80718240    O  397  0.74152259
  1307  H    0.79787146    O  398  0.75627344
  1308  H    0.78683914    O  398  0.76904471
  1309  H    0.80944742    O  399  0.76322190
  1310  H    0.79941259    O  399  0.76841010
  1311  H    0.75822524    O  400  0.74116751
  1312  H    0.75458114    O  400  0.74512780
  1313  H    0.76404298    O  401  0.76398787
  1314  H    0.77305032    O  401  0.75659082
  1315  H    0.76120427    O  402  0.75992408
  1316  H    0.74832053    O  402  0.77358929
  1317  H    0.76164711    O  403  0.77631776
  1318  H    0.79556099    O  403  0.77350639
  1319  H    0.74890880    O  404  0.74563324
  1320  H    0.77673928    O  404  0.76009444
  1321  H    0.79177212    O  405  0.71818916
  1322  H    0.75469068    O  405  0.75615805
  1323  H    0.79308829    O  406  0.74848100
  1324  H    0.76939353    O  406  0.75734790
  1325  H    0.70839388    O  407  0.73852177
  1326  H    0.77657559    O  407  0.76636497
  1327  H    0.76045633    O  408  0.72834793
  1328  H    0.76122473    O  408  0.73390860
  1329  H    0.76276110    O  409  0.78430913
  1330  H    0.76387897    O  409  0.77750161
  1331  H    0.80413999    O  410  0.75396706
  1332  H    0.76197556    O  410  0.77328403
  1333  H    0.75990437    O  411  0.74771734
  1334  H    0.74047397    O  411  0.73606661
  1335  H    0.77156392    O  412  0.74480794
  1336  H    0.80544238    O  412  0.74921974
  1337  H    0.76157348    O  413  0.74965458
  1338  H    0.74843687    O  413  0.73543232
  1339  H    0.76499355    O  414  0.73955003
  1340  H    0.77314041    O  414  0.75090031
  1341  H    0.76665632    O  415  0.76265391
  1342  H    0.73971523    O  415  0.74783014
  1343  H    0.76861734    O  416  0.76466682
  1344  H    0.75686931    O  416  0.75163842
  1345  H    0.75537181    O  417  0.74154623
  1346  H    0.75886762    O  417  0.75689484
  1347  H    0.73278003    O  418  0.73325832
  1348  H    0.75075476    O  418  0.76767417
  1349  H    0.73285393    O  419  0.73186438
  1350  H    0.76181738    O  419  0.77235371
  1351  H    0.77705041    O  420  0.75654855
  1352  H    0.74410811    O  420  0.74614677
  1353  H    0.75847182    O  421  0.74786793
  1354  H    0.75068282    O  421  0.75237094
  1355  H    0.79757619    O  422  0.72074764
  1356  H    0.75460838    O  422  0.73146420
  1357  H    0.73853366    O  423  0.73352514
  1358  H    0.72289107    O  423  0.77336059
  1359  H    0.72987298    O  424  0.72832537
  1360  H    0.73162530    O  424  0.76281692
  1361  H    0.77227005    O  425  0.75926147
  1362  H    0.78322533    O  425  0.77200577
  1363  H    0.77613364    O  426  0.78354989
  1364  H    0.77600876    O  426  0.78616834
  1365  H    0.74322017    O  427  0.74503294
  1366  H    0.74621751    O  427  0.74854303
  1367  H    0.81759547    O  428  0.77481912
  1368  H    0.76297216    O  428  0.77217636
  1369  H    0.76254331    O  429  0.76012359
  1370  H    0.77144504    O  429  0.77316172
  1371  H    0.76763562    O  430  0.77020932
  1372  H    0.77410409    O  430  0.76571488
  1373  H    0.75334183    O  431  0.77052045
  1374  H    0.78224178    O  431  0.75755685
  1375  H    0.76052628    O  432  0.75086098
  1376  H    0.74888041    O  432  0.76019698
  1377  H    0.75562403    O  433  0.72330910
  1378  H    0.75768157    O  433  0.69840374
  1379  H    0.75583413    O  434  0.75514236
  1380  H    0.78669419    O  434  0.77933761
  1381  H    0.74496317    O  435  0.75891460
  1382  H    0.72618565    O  435  0.75003366
  1383  H    0.75545849    O  436  0.76292524
  1384  H    0.80318860    O  436  0.76557293
  1385  H    0.80447874    O  437  0.73872944
  1386  H    0.76397248    O  437  0.72764014
  1387  H    0.75774515    O  438  0.73873719
  1388  H    0.71822296    O  438  0.72577025
  1389  H    0.75408522    O  439  0.75533534
  1390  H    0.74425447    O  439  0.74522887
  1391  H    0.73363347    O  440  0.72593224
  1392  H    0.76347684    O  440  0.76185588
  1393  H    0.76801918    O  441  0.75640748
  1394  H    0.78448697    O  441  0.76459251
  1395  H    0.75753305    O  442  0.75833203
  1396  H    0.76716383    O  442  0.77228543
  1397  H    0.76445431    O  443  0.75665737
  1398  H    0.75790032    O  443  0.76388479
  1399  H    0.74799788    O  444  0.76179965
  1400  H    0.76859719    O  444  0.76242822
  1401  H    0.73416857    O  445  0.75557377
  1402  H    0.76299134    O  445  0.77006961
  1403  H    0.78945619    O  446  0.74892276
  1404  H    0.74160247    O  446  0.73793942
  1405  H    0.74958702    O  447  0.75214449
  1406  H    0.70830788    O  447  0.73972570
  1407  H    0.76820660    O  448  0.76285468
  1408  H    0.73957785    O  448  0.73194281
  1409  H    0.73411509    O  449  0.73219977
  1410  H    0.79555953    O  449  0.76046476
  1411  H    0.80784050    O  450  0.76592345
  1412  H    0.78520026    O  450  0.77145484
  1413  H    0.73814531    O  451  0.73806595
  1414  H    0.72704433    O  451  0.72849692
  1415  H    0.71254049    O  452  0.71605017
  1416  H    0.70458752    O  452  0.70889316
  1417  H    0.80288346    O  453  0.77761327
  1418  H    0.77749537    O  453  0.78610815
  1419  H    0.79257488    O  454  0.76008373
  1420  H    0.78079350    O  454  0.77286011
  1421  H    0.68073854    O  455  0.75047268
  1422  H    0.73649800    O  455  0.74893440
  1423  H    0.75997872    O  456  0.75016455
  1424  H    0.75361560    O  456  0.74697720
  1425  H    0.78917490    O  457  0.75128348
  1426  H    0.76154738    O  457  0.77492292
  1427  H    0.77328551    O  458  0.73666699
  1428  H    0.76352722    O  458  0.76988579
  1429  H    0.77012947    O  459  0.72373565
  1430  H    0.72775944    O  459  0.71184049
  1431  H    0.75646235    O  460  0.76975026
  1432  H    0.78202372    O  460  0.77549415
  1433  H    0.74298193    O  461  0.74017037
  1434  H    0.74574900    O  461  0.74359215
  1435  H    0.75592544    O  462  0.78099607
  1436  H    0.73674862    O  462  0.76072385
  1437  H    0.76677967    O  463  0.75138725
  1438  H    0.74807679    O  463  0.74595884
  1439  H    0.74163493    O  464  0.78267491
  1440  H    0.75594827    O  464  0.75529481
  1441  H    0.74290236    O  465  0.74768741
  1442  H    0.74935341    O  465  0.76302033
  1443  H    0.76898677    O  466  0.76973526
  1444  H    0.73131414    O  466  0.74735925
  1445  H    0.77856355    O  467  0.77394637
  1446  H    0.78333708    O  467  0.77419245
  1447  H    0.79045787    O  468  0.74458296
  1448  H    0.75554209    O  468  0.77466420
  1449  H    0.76118379    O  469  0.76540882
  1450  H    0.78063800    O  469  0.73171386
  1451  H    0.75130175    O  470  0.75912078
  1452  H    0.78637279    O  470  0.72971744
  1453  H    0.77457007    O  471  0.75095906
  1454  H    0.76206264    O  471  0.77550231
  1455  H    0.76146888    O  472  0.76233956
  1456  H    0.76162413    O  472  0.75200155
  1457  H    0.75769831    O  473  0.76993461
  1458  H    0.77691415    O  473  0.77778026
  1459  H    0.73571534    O  474  0.73264556
  1460  H    0.76738247    O  474  0.77107865
  1461  H    0.76457015    O  475  0.76054009
  1462  H    0.73131757    O  475  0.72786588
  1463  H    0.78620512    O  476  0.73580835
  1464  H    0.74420109    O  476  0.78323132
  1465  H    0.73356492    O  477  0.74121492
  1466  H    0.78806776    O  477  0.72249956
  1467  H    0.73835540    O  478  0.74552054
  1468  H    0.78483934    O  478  0.74766330
  1469  H    0.76094752    O  479  0.74683934
  1470  H    0.73711294    O  479  0.74593712
  1471  H    0.74182938    O  480  0.75325741
  1472  H    0.77688290    O  480  0.74942461
  1473  H    0.73968348    O  481  0.74253897
  1474  H    0.75684169    O  481  0.76100064
  1475  H    0.75500701    O  482  0.74571704
  1476  H    0.75371851    O  482  0.74231747
  1477  H    0.79713016    O  483  0.73471633
  1478  H    0.77718610    O  483  0.74090702
  1479  H    0.76583583    O  484  0.75677108
  1480  H    0.74903024    O  484  0.73648148
  1481  H    0.74577396    O  485  0.75698863
  1482  H    0.77553160    O  485  0.76364258
  1483  H    0.82108366    O  486  0.73630827
  1484  H    0.76432125    O  486  0.76167194
  1485  H    0.73994701    O  487  0.75629977
  1486  H    0.77197666    O  487  0.74815329
  1487  H    0.76859871    O  488  0.75822249
  1488  H    0.75721648    O  488  0.75582080
  1489  H    0.74082253    O  489  0.74515250
  1490  H    0.73547057    O  489  0.75172741
  1491  H    0.73636578    O  490  0.74454365
  1492  H    0.72363580    O  490  0.73432904
  1493  H    0.78946552    O  491  0.75506596
  1494  H    0.74412975    O  491  0.76233700
  1495  H    0.75144353    O  492  0.76747137
  1496  H    0.73206845    O  492  0.73558517
  1497  H    0.73960048    O  493  0.75011374
  1498  H    0.80913076    O  493  0.72888544
  1499  H    0.75544766    O  494  0.74144703
  1500  H    0.74708115    O  494  0.73117656
  1501  H    0.74804080    O  495  0.76558456
  1502  H    0.73938837    O  495  0.74277854
  1503  H    0.76124689    O  496  0.77932687
  1504  H    0.77950903    O  496  0.78300464
  1505  H    0.73579066    O  497  0.74500492
  1506  H    0.77079869    O  497  0.71866798
  1507  H    0.73826660    O  498  0.72754223
  1508  H    0.77876060    O  498  0.75120056
  1509  H    0.73712909    O  499  0.74139065
  1510  H    0.74965338    O  499  0.75177068
  1511  H    0.77198388    O  500  0.72251619
  1512  H    0.75046061    O  500  0.74468393
  1513  H    0.73556651    O  501  0.74642350
  1514  H    0.76189567    O  501  0.76086157
  1515  H    0.76908250    O  502  0.75317687
  1516  H    0.75650530    O  502  0.73808066
  1517  H    0.75840920    O  503  0.76372431
  1518  H    0.75507554    O  503  0.77051594
  1519  H    0.76584241    O  504  0.74832725
  1520  H    0.74649480    O  504  0.74726325
  1521  H    0.76037742    O  505  0.74456627
  1522  H    0.76691622    O  505  0.76289152
  1523  H    0.76760515    O  506  0.75233715
  1524  H    0.74307700    O  506  0.75155888
  1525  H    0.76447317    O  507  0.75952075
  1526  H    0.73968904    O  507  0.73235776
  1527  H    0.82841117    O  508  0.74403191    O  483  0.05287573
  1528  H    0.77309971    O  508  0.76542249
  1529  H    0.75022359    O  509  0.72413170
  1530  H    0.77591881    O  509  0.71553348
  1531  H    0.74007060    O  510  0.73348302
  1532  H    0.75245054    O  510  0.74769089
  1533  H    0.78775849    O  511  0.76281770
  1534  H    0.75522781    O  511  0.76733832
  1535  H    0.77219068    O  512  0.75131408
  1536  H    0.76586567    O  512  0.75862201
dipole moment  X         Y          Z
      -49.277418      -66.340760      -23.187649  total     (au/Debye)      :    85.8314   218.1662
second moment  X^2       Y^2        Z^2
     4705.404141     5176.906176     3362.817670  average   (au)            :  4415.0427
cpu  time for all    3 h 32 m  3.6 s
wall time for all    0 h  3 m 52.0 s
